month,sector,FROM,TO,NET,OWN,hhi,top3,top1,n_firms,sector_share,hhi_lag,top3_lag,sector_share_lag,log_share_lag,hhi_lag_pp,top3_lag_pp,logvol
2018-11,Communication Services,77.56473643264964,81.06021116234618,3.495474729696547,22.43526356735037,0.1833486523722629,0.6186255930312976,0.3407752814974364,12.0,0.0976008478774695,0.1816896661594378,0.6191735269714196,0.0994965835033388,-2.3076319720569676,18.16896661594378,61.91735269714196,2.772571376243208
2018-11,Consumer Discretionary,78.96839500219946,91.45563038390243,12.487235381702963,21.031604997800535,0.1329123895729972,0.477621538189291,0.3358106551037719,57.0,0.1064325703346942,0.1265588077424929,0.4662712886594781,0.1057590697619491,-2.2465916986630083,12.65588077424929,46.62712886594781,2.7486969386767885
2018-11,Consumer Staples,62.3088618464145,57.53154958760876,-4.777312258805738,37.6911381535855,0.0761435634947637,0.3860290128683443,0.1500045694134501,30.0,0.0824526123601838,0.0761294018779463,0.381903522266575,0.0829021025642888,-2.490094854505231,7.61294018779463,38.190352226657495,2.3830519251155398
2018-11,Energy,67.56245580310319,49.186507264157974,-18.37594853894522,32.4375441968968,0.1476813171393768,0.562755776334559,0.2959433971768945,19.0,0.0491866391358904,0.1396239561303834,0.5428441117788512,0.0512385322952494,-2.971263446094339,13.962395613038339,54.28441117788512,2.9416800722287144
2018-11,Financials,71.4007243265186,60.490894359428225,-10.909829967090369,28.5992756734814,0.0621151516901758,0.3598591517637499,0.1630529049713431,62.0,0.1424876101305004,0.0607850771048158,0.3545155086583113,0.141466215004917,-1.9556943536234537,6.07850771048158,35.45155086583113,2.7287256171416523
2018-11,Health Care,78.7708374977134,95.3071609324299,16.53632343471649,21.229162502286595,0.0461436154077097,0.2792286654903131,0.1180515784188647,52.0,0.1443320624812305,0.0461875655060305,0.2812219124972613,0.1372401826368456,-1.9860227302084135,4.618756550603051,28.122191249726132,2.624889733497967
2018-11,Industrials,77.80272074910869,88.89580869006234,11.093087940953657,22.19727925089132,0.0314428689506576,0.1910916252900407,0.0866710704987685,66.0,0.0982590488732889,0.0324992657928435,0.1960878096030172,0.0968057592426861,-2.3350487901607,3.2499265792843497,19.60878096030172,2.7056937602682734
2018-11,Information Technology,78.4249426872934,86.41602182541149,7.991079138118109,21.57505731270662,0.0868325036238259,0.4378840220992711,0.1853134872337755,55.0,0.1986506904268977,0.0968116701992257,0.4617808949716598,0.2065176159697754,-1.5773695628598283,9.681167019922569,46.17808949716598,2.8959693145469516
2018-11,Materials,75.6493184070082,80.5507422997137,4.901423892705514,24.350681592991812,0.0787844982648966,0.3683010970774946,0.1874008478586652,21.0,0.0205260813568966,0.0801251895141341,0.3699346870607771,0.0202096364389934,-3.901595736892521,8.01251895141341,36.99346870607771,2.7229807038947254
2018-11,Real Estate,60.975409924662806,53.70493483462912,-7.2704750900336865,39.02459007533719,0.05191969112451,0.2761295004537776,0.1073778388354286,30.0,0.0291820808750319,0.0522846344974755,0.2794072160849636,0.0282596733541258,-3.5663194603868313,5.22846344974755,27.94072160849636,2.4372567524071678
2018-11,Utilities,45.89583363339756,30.7247749703793,-15.17105866301826,54.10416636660244,0.0540741415990536,0.2783164348838529,0.1215904872091103,27.0,0.0308897561479156,0.0535749470695455,0.2754057870490333,0.0301046292278302,-3.503076324108012,5.35749470695455,27.54057870490333,2.5388981562810153
2018-12,Communication Services,79.32118569609688,80.81419165839525,1.4930059622983638,20.67881430390312,0.1868842516330702,0.6261538599865498,0.3461961867650955,12.0,0.099002871127866,0.1833486523722629,0.6186255930312976,0.0976008478774695,-2.3268690983316698,18.33486523722629,61.86255930312976,3.2432468010228406
2018-12,Consumer Discretionary,81.53026665519873,96.91352060869605,15.383253953497308,18.469733344801263,0.1284109636981524,0.4742034893156183,0.326889915790598,57.0,0.1065154749872159,0.1329123895729972,0.477621538189291,0.1064325703346942,-2.240243636749185,13.29123895729972,47.7621538189291,3.2232849927196567
2018-12,Consumer Staples,69.17567079133427,66.11661743023723,-3.0590533610970385,30.824329208665734,0.0780266489748143,0.4011639491452561,0.1548315831326341,31.0,0.0828666800699608,0.0761435634947637,0.3860290128683443,0.0824526123601838,-2.495531546304007,7.61435634947637,38.60290128683443,2.930592166265214
2018-12,Energy,72.46184290514945,54.36239933645603,-18.099443568693424,27.538157094850547,0.1427843213686102,0.5597714851056662,0.2843429013744543,20.0,0.0481372535071961,0.1476813171393768,0.562755776334559,0.0491866391358904,-3.0121332546422375,14.768131713937679,56.275577633455896,3.3528834153320948
2018-12,Financials,75.67908865960085,68.71304348397237,-6.966045175628479,24.32091134039915,0.0636729352323813,0.3657144667510772,0.1719374957101884,62.0,0.1385781212434826,0.0621151516901758,0.3598591517637499,0.1424876101305004,-1.9485002295061224,6.21151516901758,35.98591517637499,3.2310576884785034
2018-12,Health Care,80.32342364338763,94.72144686074341,14.398023217355782,19.67657635661236,0.0452846776054801,0.2705030226707338,0.1117109029238052,52.0,0.1468891144527908,0.0461436154077097,0.2792286654903131,0.1443320624812305,-1.9356386446664482,4.61436154077097,27.922866549031312,3.1023747875306675
2018-12,Industrials,80.77874967630522,95.26451299222305,14.485763315917815,19.221250323694772,0.0321230862437911,0.1956870940460718,0.0905158694996921,66.0,0.0959261509917353,0.0314428689506576,0.1910916252900407,0.0982590488732889,-2.3201479319822664,3.14428689506576,19.10916252900407,3.218873728600394
2018-12,Information Technology,80.83155548024718,91.05112783425523,10.21957235400806,19.168444519752832,0.0855456310007592,0.4341938909969675,0.1861216339885185,55.0,0.1986372205367925,0.0868325036238259,0.4378840220992711,0.1986506904268977,-1.6162073211328158,8.68325036238259,43.788402209927106,3.2710056271712546
2018-12,Materials,78.89378693577858,83.67353383060295,4.779746894824363,21.10621306422141,0.0783276526778126,0.3660770825663555,0.1915703328015353,22.0,0.0215205596218451,0.0787844982648966,0.3683010970774946,0.0205260813568966,-3.8860589401643746,7.87844982648966,36.83010970774946,3.189341593524263
2018-12,Real Estate,63.34559243315966,51.88533699622393,-11.460255436935734,36.65440756684034,0.0525931254590045,0.2810625752241199,0.1121439708430019,30.0,0.0294583773393758,0.05191969112451,0.2761295004537776,0.0291820808750319,-3.5342004267428755,5.191969112451,27.612950045377758,2.986286110925556
2018-12,Utilities,47.58983735152808,26.415269195981057,-21.174568155547025,52.41016264847192,0.0539752974442735,0.2796428371121114,0.1213085529805263,27.0,0.0324681761217387,0.0540741415990536,0.2783164348838529,0.0308897561479156,-3.477330666290783,5.407414159905359,27.83164348838529,2.9407113993161955
2019-01,Communication Services,81.94508146934936,84.3317913645992,2.3867098952498393,18.054918530650635,0.1862123888031911,0.6297025303811448,0.337331471899307,12.0,0.1015749012692993,0.1868842516330702,0.6261538599865498,0.099002871127866,-2.3126064279765006,18.68842516330702,62.61538599865498,2.6789423914507866
2019-01,Consumer Discretionary,83.55536309036815,97.18451542443515,13.629152334067012,16.444636909631853,0.1347132987748142,0.4774937945157527,0.3384882312735099,57.0,0.109154826041042,0.1284109636981524,0.4742034893156183,0.1065154749872159,-2.239464999344132,12.841096369815242,47.420348931561826,2.619218612334751
2019-01,Consumer Staples,76.68897176450085,77.09377709231876,0.4048053278179213,23.311028235499162,0.076893356729405,0.3952903860757983,0.1518804311906273,31.0,0.080590194346019,0.0780266489748143,0.4011639491452561,0.0828666800699608,-2.490522226828346,7.8026648974814306,40.116394914525614,2.3903561780540974
2019-01,Energy,78.18186472524836,64.57302027439741,-13.608844450850949,21.818135274751643,0.1353749245219938,0.5404708276053185,0.2761346874265328,20.0,0.0493961817903308,0.1427843213686102,0.5597714851056662,0.0481372535071961,-3.0336989004525874,14.278432136861019,55.97714851056662,2.7817545501461645
2019-01,Financials,79.67938464249558,73.96660556318317,-5.712779079312423,20.32061535750441,0.0607003642037058,0.3581724429567329,0.1610356543226378,62.0,0.1381377119673091,0.0636729352323813,0.3657144667510772,0.1385781212434826,-1.9763210600729355,6.367293523238129,36.57144667510772,2.6803547054237407
2019-01,Health Care,82.75667104826618,97.19016594683292,14.43349489856674,17.243328951733808,0.0433203481682353,0.2662503238158899,0.1102123036911089,53.0,0.1423756674920662,0.0452846776054801,0.2705030226707338,0.1468891144527908,-1.9180773002988893,4.5284677605480095,27.050302267073377,2.4858320346215343
2019-01,Industrials,83.45035251195152,97.86156172235476,14.41120921040326,16.549647488048485,0.0330459225645522,0.2011190941112112,0.0972627630937882,66.0,0.0989853376689285,0.0321230862437911,0.1956870940460718,0.0959261509917353,-2.344176644049746,3.21230862437911,19.56870940460718,2.6874945020114547
2019-01,Information Technology,82.86871603142608,91.13355182633168,8.264835794905604,17.13128396857392,0.0822874443056681,0.4223865368728615,0.1795065728505686,55.0,0.1963644469042079,0.0855456310007592,0.4341938909969675,0.1986372205367925,-1.6162751303449194,8.554563100075919,43.41938909969675,2.649086545277492
2019-01,Materials,82.1181879651436,87.85108969249828,5.732901727354684,17.881812034856406,0.0768966485562554,0.3634168407939806,0.1880696182554112,22.0,0.0212995669076038,0.0783276526778126,0.3660770825663555,0.0215205596218451,-3.8387465392940916,7.83276526778126,36.607708256635554,2.7092731692317082
2019-01,Real Estate,69.66382281367957,56.53560235917656,-13.128220454503017,30.33617718632043,0.0520239925273712,0.2760496607512133,0.1108322785032839,30.0,0.0302001850677791,0.0525931254590045,0.2810625752241199,0.0294583773393758,-3.524776949594429,5.25931254590045,28.106257522411994,2.611564885120261
2019-01,Utilities,55.02264459190054,28.209379388201878,-26.81326520369866,44.977355408099456,0.0537121136219193,0.2791211383833332,0.1178158500583565,27.0,0.0319209805454137,0.0539752974442735,0.2796428371121114,0.0324681761217387,-3.4274948656264805,5.39752974442735,27.96428371121114,2.632333140125109
2019-02,Communication Services,80.62755707549098,81.44687076765388,0.819313692162889,19.372442924509016,0.1834515724481294,0.6218790894835751,0.3348238283861799,12.0,0.0997736268916981,0.1862123888031911,0.6297025303811448,0.1015749012692993,-2.286958809106857,18.621238880319112,62.97025303811448,2.3157762887684843
2019-02,Consumer Discretionary,83.09869245816537,98.30297478604986,15.204282327884476,16.90130754183462,0.1257114187880013,0.4643272107723674,0.3237328506737727,56.0,0.1065031704576754,0.1347132987748142,0.4774937945157527,0.109154826041042,-2.2149879822037377,13.47132987748142,47.749379451575265,2.1225653534293176
2019-02,Consumer Staples,75.73449514577375,76.26154643009954,0.5270512843258031,24.265504854226258,0.0769319935631672,0.3899587468778345,0.1540595307318429,31.0,0.0799055990993478,0.076893356729405,0.3952903860757983,0.080590194346019,-2.518378295108496,7.6893356729405005,39.52903860757983,2.0050661878451486
2019-02,Energy,78.27183866012413,66.56322120329796,-11.70861745682618,21.72816133987586,0.1432986451928941,0.5553649820826003,0.2910106075064068,20.0,0.0492528166049453,0.1353749245219938,0.5404708276053185,0.0493961817903308,-3.0078821494691255,13.537492452199379,54.04708276053185,2.562802030911554
2019-02,Financials,78.97187027509516,73.15186026850331,-5.820010006591846,21.02812972490484,0.058641700086989,0.3510337352381468,0.1554966896926544,62.0,0.1363105679648982,0.0607003642037058,0.3581724429567329,0.1381377119673091,-1.9795041786023269,6.07003642037058,35.81724429567329,2.303022851251114
2019-02,Health Care,82.04258568206838,96.33906819060847,14.296482508540084,17.957414317931615,0.0431875222040652,0.259116551005931,0.1113365868847213,53.0,0.1399018377845437,0.0433203481682353,0.2662503238158899,0.1423756674920662,-1.9492861689584149,4.33203481682353,26.62503238158899,2.0796405098309485
2019-02,Industrials,82.9490497436057,98.33212043493351,15.383070691327822,17.050950256394316,0.0340783815035256,0.2066785841496316,0.1049251685830932,67.0,0.101405124768763,0.0330459225645522,0.2011190941112112,0.0989853376689285,-2.3127835441703377,3.30459225645522,20.111909411121122,2.252860696341988
2019-02,Information Technology,82.27064234521634,90.99283282704351,8.722190481827184,17.729357654783662,0.0818143369435696,0.4220172728904822,0.1812390665310601,55.0,0.2029983228993994,0.0822874443056681,0.4223865368728615,0.1963644469042079,-1.6277829233579055,8.22874443056681,42.238653687286146,2.2221505774805177
2019-02,Materials,80.75275309642511,82.58647510347232,1.83372200704723,19.247246903574894,0.078852934269208,0.3706266899927152,0.1931877018009885,22.0,0.0214505235216231,0.0768966485562554,0.3634168407939806,0.0212995669076038,-3.849068539449823,7.68966485562554,36.341684079398064,2.2904877659053584
2019-02,Real Estate,68.22871154758221,54.427569918347814,-13.80114162923438,31.771288452417803,0.0520775128620341,0.2760419814355413,0.1119538621594443,30.0,0.0296665532793539,0.0520239925273712,0.2760496607512133,0.0302001850677791,-3.499907226547934,5.20239925273712,27.60496607512133,2.3967909842536357
2019-02,Utilities,53.305161491786095,27.848817591323016,-25.456343900463082,46.694838508213905,0.0526535202687801,0.2782066882776551,0.1170267304308438,28.0,0.0328318567277517,0.0537121136219193,0.2791211383833332,0.0319209805454137,-3.4444917880310615,5.37121136219193,27.91211383833332,2.296057430340594
2019-03,Communication Services,80.01695240189538,80.3210241139883,0.30407171209291206,19.98304759810462,0.1809883765050387,0.6159724006320737,0.333391187213677,13.0,0.102872101720615,0.1834515724481294,0.6218790894835751,0.0997736268916981,-2.3048513901896635,18.345157244812942,62.1879089483575,2.3521112929120247
2019-03,Consumer Discretionary,82.84729775324476,99.0541838678301,16.20688611458533,17.152702246755236,0.1350216245046969,0.4789857699787294,0.3387591083374204,56.0,0.1084390416029712,0.1257114187880013,0.4643272107723674,0.1065031704576754,-2.239580524720124,12.57114187880013,46.432721077236735,2.258814387614146
2019-03,Consumer Staples,75.00311507704107,75.50053681378884,0.4974217367477807,24.996884922958934,0.0761392035511006,0.3848012349735101,0.1465555450179057,31.0,0.081195814898719,0.0769319935631672,0.3899587468778345,0.0799055990993478,-2.5269093523278707,7.69319935631672,38.99587468778345,2.0758273239451013
2019-03,Energy,78.016805873372,66.7780952534755,-11.238710619896498,21.983194126628,0.1447371669836692,0.5574671218640619,0.2925915947844677,20.0,0.0491128500281686,0.1432986451928941,0.5553649820826003,0.0492528166049453,-3.010788723051194,14.329864519289409,55.536498208260035,2.50677006874263
2019-03,Financials,78.51089408399662,72.7851011210433,-5.725792962953326,21.48910591600338,0.0593136764574875,0.3524571111297593,0.1595501710306571,62.0,0.1300768543452822,0.058641700086989,0.3510337352381468,0.1363105679648982,-1.992819408693238,5.8641700086989,35.10337352381468,2.5127121825836016
2019-03,Health Care,81.31795823124828,93.44382607016126,12.125867838912974,18.682041768751713,0.0437374775277456,0.2600923598571529,0.1145361132952086,53.0,0.1364834441055391,0.0431875222040652,0.259116551005931,0.1399018377845437,-1.9668142609813744,4.3187522204065205,25.9116551005931,2.3667568964292043
2019-03,Industrials,82.43171731490763,97.1069552291595,14.675237914251868,17.568282685092374,0.0321878358764623,0.1958246530249485,0.0918420483498414,67.0,0.0984520332867235,0.0340783815035256,0.2066785841496316,0.101405124768763,-2.2886316489762955,3.40783815035256,20.66785841496316,2.4176261633398037
2019-03,Information Technology,81.98731391370582,91.71843117195726,9.731117258251443,18.01268608629417,0.0845374375786298,0.4312681499274695,0.1820403604295871,55.0,0.2087500610852084,0.0818143369435696,0.4220172728904822,0.2029983228993994,-1.5945575615537901,8.18143369435696,42.20172728904822,2.4315908127316694
2019-03,Materials,80.18754892870732,81.4276804634991,1.2401315347917925,19.8124510712927,0.0794459010389364,0.3768804061997943,0.1916723998382028,22.0,0.0210537949411414,0.078852934269208,0.3706266899927152,0.0214505235216231,-3.8420062273034716,7.8852934269208,37.06266899927152,2.4244220958035476
2019-03,Real Estate,67.0575301282821,53.56785770732172,-13.489672420960368,32.94246987171791,0.0532172777003064,0.2824479294352343,0.1198017585792826,30.0,0.0304733003837417,0.0520775128620341,0.2760419814355413,0.0296665532793539,-3.5177350199696615,5.20775128620341,27.604198143554132,2.2594959668548986
2019-03,Utilities,51.64805109632656,27.321492990502662,-24.326558105823903,48.35194890367344,0.0527471033946324,0.2782056428598361,0.117317823862869,28.0,0.0330907036018898,0.0526535202687801,0.2782066882776551,0.0328318567277517,-3.4163559932423397,5.26535202687801,27.82066882776551,2.2518656938683956
2019-04,Communication Services,78.90269434745281,78.87556476775035,-0.027129579702472165,21.097305652547192,0.1773588972397557,0.6127275291431798,0.3189360532804544,13.0,0.1052287617507745,0.1809883765050387,0.6159724006320737,0.102872101720615,-2.2742687932068923,18.09883765050387,61.59724006320737,1.923714595893218
2019-04,Consumer Discretionary,82.25247503323264,100.20545476017193,17.95297972693929,17.74752496676735,0.1406205978919968,0.485559933022512,0.3478562882410268,56.0,0.1100477180801799,0.1350216245046969,0.4789857699787294,0.1084390416029712,-2.2215670924304622,13.50216245046969,47.89857699787294,1.8072602998906828
2019-04,Consumer Staples,72.97288931316515,71.99700626563667,-0.9758830475284845,27.027110686834845,0.076376850184856,0.3881025259810238,0.1483769011766768,31.0,0.0802030668498826,0.0761392035511006,0.3848012349735101,0.081195814898719,-2.51089157379894,7.61392035511006,38.48012349735101,1.7947052493598203
2019-04,Energy,76.73854925750595,66.11184825365038,-10.62670100385556,23.261450742494056,0.1460104554779214,0.5573988751048699,0.29591692258884,20.0,0.0463265455526092,0.1447371669836692,0.5574671218640619,0.0491128500281686,-3.0136345670541123,14.47371669836692,55.746712186406185,2.4260844844659335
2019-04,Financials,77.25165697176998,70.50032559647933,-6.751331375290645,22.74834302823002,0.0598041380526406,0.3578652997715935,0.1588298976326675,61.0,0.1353781536866058,0.0593136764574875,0.3524571111297593,0.1300768543452822,-2.039629815937505,5.93136764574875,35.24571111297593,2.246020126678952
2019-04,Health Care,78.85349989632826,85.0080877487869,6.154587852458656,21.14650010367174,0.0442127512825125,0.2616505389363172,0.1194782602990204,53.0,0.127007325054324,0.0437374775277456,0.2600923598571529,0.1364834441055391,-1.9915519603172895,4.37374775277456,26.00923598571529,2.3664325351569206
2019-04,Industrials,81.48516733853037,95.5659143688714,14.080747030341032,18.514832661469615,0.0314674933743582,0.1951360988129147,0.087326928239097,67.0,0.0982108642730109,0.0321878358764623,0.1958246530249485,0.0984520332867235,-2.318185821121715,3.2187835876462296,19.58246530249485,2.0750709091470987
2019-04,Information Technology,81.33392422933534,92.66961623405491,11.33569200471958,18.666075770664662,0.0860446078573156,0.4360877229849171,0.1892280463478465,55.0,0.2134497431870851,0.0845374375786298,0.4312681499274695,0.2087500610852084,-1.5666176226274622,8.45374375786298,43.12681499274695,2.0029471082387933
2019-04,Materials,79.65305474256004,82.84694735851495,3.1938926159549172,20.346945257439966,0.0729456816723579,0.3467965555801657,0.1732586750887499,23.0,0.022881183561209,0.0794459010389364,0.3768804061997943,0.0210537949411414,-3.8606744528631403,7.944590103893639,37.68804061997943,2.1558965806306762
2019-04,Real Estate,65.103276930748,52.805357101687,-12.297919829061005,34.896723069252,0.053196259400047,0.2775941714228218,0.1195616933605633,30.0,0.0291373045933985,0.0532172777003064,0.2824479294352343,0.0304733003837417,-3.4909043760070766,5.321727770030639,28.24479294352343,2.447563067820854
2019-04,Utilities,48.7140639640526,26.675129569077296,-22.038934394975303,51.2859360359474,0.0530267285550207,0.27846725294618,0.1169795147985595,28.0,0.03212933341092,0.0527471033946324,0.2782056428598361,0.0330907036018898,-3.4085028939960487,5.27471033946324,27.82056428598361,2.2599216606861794
2019-05,Communication Services,77.73717681250803,75.616055772546,-2.121121039962023,22.262823187491975,0.1733193039054612,0.6046339516786023,0.3128849174725021,13.0,0.1059130831147649,0.1773588972397557,0.6127275291431798,0.1052287617507745,-2.2516186153729194,17.73588972397557,61.272752914317984,2.4837029427190385
2019-05,Consumer Discretionary,82.08373130213202,102.30314624362175,20.21941494148974,17.916268697867984,0.141044335218155,0.4916095099472312,0.3479711297349894,56.0,0.1086003723830393,0.1406205978919968,0.485559933022512,0.1100477180801799,-2.2068412065251466,14.06205978919968,48.555993302251196,2.431011662410457
2019-05,Consumer Staples,72.46624353220784,71.15026962268429,-1.3159739095235397,27.53375646779217,0.0780096309285934,0.3960433117605706,0.1518460960244758,31.0,0.0828232840799062,0.076376850184856,0.3881025259810238,0.0802030668498826,-2.5231935248173256,7.6376850184856,38.81025259810238,2.21390905710135
2019-05,Energy,74.80146282527247,61.792641930779226,-13.008820894493242,25.198537174727537,0.1507798261856074,0.5741211344418448,0.2949024683428519,20.0,0.0439060120485398,0.1460104554779214,0.5573988751048699,0.0463265455526092,-3.0720401441161114,14.601045547792141,55.73988751048699,2.596663211946719
2019-05,Financials,77.46484797572657,73.84801976350637,-3.616828212220207,22.53515202427343,0.0577066464956641,0.3483136733781093,0.1561743159837893,61.0,0.1342664310843436,0.0598041380526406,0.3578652997715935,0.1353781536866058,-1.9996832780017222,5.98041380526406,35.78652997715935,2.466078532866924
2019-05,Health Care,76.76029462296333,77.07655896452302,0.3162643415596817,23.239705377036667,0.0441875749025656,0.2639389001392204,0.1136731940561035,53.0,0.1324602333649402,0.0442127512825125,0.2616505389363172,0.127007325054324,-2.0635105165937317,4.42127512825125,26.16505389363172,2.5008018123189113
2019-05,Industrials,81.10229745573614,96.00805714015159,14.905759684415449,18.89770254426386,0.0312522029690676,0.1930003206497183,0.0858263128638215,67.0,0.0968353594175661,0.0314674933743582,0.1951360988129147,0.0982108642730109,-2.320638435596509,3.1467493374358204,19.51360988129147,2.4246889638470024
2019-05,Information Technology,81.02842849567554,94.05647794219149,13.028049446515952,18.97157150432446,0.0869064688352053,0.4404495924658763,0.1982273383420503,55.0,0.20674047643141,0.0860446078573156,0.4360877229849171,0.2134497431870851,-1.5443538689314544,8.604460785731561,43.60877229849171,2.6044219789414567
2019-05,Materials,79.55630445526357,85.50545830673202,5.949153851468444,20.443695544736425,0.0771556703133755,0.3700229552593692,0.1851220496364152,23.0,0.02289037814931,0.0729456816723579,0.3467965555801657,0.022881183561209,-3.7774403847346223,7.2945681672357905,34.67965555801657,2.4979508341025576
2019-05,Real Estate,64.33827455501165,52.164059292020355,-12.174215262991295,35.66172544498835,0.0542580343092968,0.2793356634090679,0.1263602736176534,30.0,0.0315793646284704,0.053196259400047,0.2775941714228218,0.0291373045933985,-3.535735981004019,5.3196259400047,27.759417142282178,2.4014530712130235
2019-05,Utilities,47.9863831497894,25.804700203530448,-22.181682946258952,52.0136168502106,0.0533542236919139,0.2768418130313352,0.1207857741530559,28.0,0.033985005297709,0.0530267285550207,0.27846725294618,0.03212933341092,-3.4379858526951677,5.3026728555020695,27.846725294618004,2.4058534430131937
2019-06,Communication Services,76.37287796213978,69.79218273828569,-6.580695223854098,23.627122037860218,0.1684572467258832,0.5994679278241245,0.2960483393720943,13.0,0.1023939540647499,0.1733193039054612,0.6046339516786023,0.1059130831147649,-2.245136491845283,17.33193039054612,60.463395167860234,2.4111060438381076
2019-06,Consumer Discretionary,82.05658845063753,103.10949145923871,21.052903008601174,17.943411549362462,0.1400742287328371,0.489925357255604,0.3461097376202867,55.0,0.1086832221152324,0.141044335218155,0.4916095099472312,0.1086003723830393,-2.2200804425467506,14.1044335218155,49.160950994723116,2.1425174148854937
2019-06,Consumer Staples,73.00574328236803,72.40791690656185,-0.5978263758061729,26.99425671763197,0.0789173941362725,0.400758641249815,0.1565043679077441,31.0,0.081317340899367,0.0780096309285934,0.3960433117605706,0.0828232840799062,-2.491046048428158,7.800963092859339,39.60433117605706,2.0314518200502834
2019-06,Energy,74.41784222366528,60.82933245797433,-13.588509765690947,25.582157776334725,0.1484176166037408,0.566117367637246,0.2912512867692892,20.0,0.0449165437834794,0.1507798261856074,0.5741211344418448,0.0439060120485398,-3.1257040195637398,15.077982618560739,57.41211344418448,2.4787036751816975
2019-06,Financials,78.05226355261556,77.53494419965156,-0.5173193529639917,21.947736447384443,0.0583659308571125,0.3505341757256337,0.1578268177632881,61.0,0.133667862134324,0.0577066464956641,0.3483136733781093,0.1342664310843436,-2.0079291613927044,5.7706646495664105,34.83136733781093,2.4128873239412068
2019-06,Health Care,77.14064928372109,79.76624547872669,2.625596195005607,22.859350716278918,0.043488888087354,0.2588340804546539,0.1136507880620924,53.0,0.1312845911710154,0.0441875749025656,0.2639389001392204,0.1324602333649402,-2.0214728041501666,4.41875749025656,26.39389001392204,2.166817480635141
2019-06,Industrials,81.27550846823469,98.13921651274711,16.863708044512418,18.724491531765317,0.02998973031409,0.1853565217267168,0.0832473797353362,67.0,0.0992633139147962,0.0312522029690676,0.1930003206497183,0.0968353594175661,-2.3347430681599666,3.1252202969067597,19.30003206497183,2.1981770361809714
2019-06,Information Technology,80.93919070727324,94.43620780969515,13.497017102421893,19.060809292726745,0.0877531811871012,0.4452238090158025,0.1963042248819727,55.0,0.2109877533334285,0.0869064688352053,0.4404495924658763,0.20674047643141,-1.5762910093489038,8.690646883520529,44.04495924658763,2.3690236953067165
2019-06,Materials,79.07458301972372,84.28335768757735,5.208774667853623,20.925416980276278,0.0690235644378638,0.3426824284133379,0.1731246157814454,25.0,0.02540040601341,0.0771556703133755,0.3700229552593692,0.02289037814931,-3.7770386248697165,7.71556703133755,37.002295525936916,2.1767182937715552
2019-06,Real Estate,61.15257257431547,46.831646977759796,-14.320925596555673,38.847427425684536,0.0536995491421151,0.2694161290569793,0.1242096565059543,30.0,0.0293561935178132,0.0542580343092968,0.2793356634090679,0.0315793646284704,-3.4552513897848294,5.42580343092968,27.93356634090679,2.320341143674738
2019-06,Utilities,49.68527161448547,26.04254891096163,-23.642722703523845,50.31472838551453,0.0531835677865968,0.276635830061083,0.1209557549486087,28.0,0.0327288190523836,0.0533542236919139,0.2768418130313352,0.033985005297709,-3.381835872299805,5.33542236919139,27.68418130313352,2.512397302571277
2019-07,Communication Services,75.74743680053253,71.57015024805268,-4.177286552479849,24.252563199467474,0.1712603252049526,0.6038283176930941,0.3139093398958149,14.0,0.1065024371372822,0.1684572467258832,0.5994679278241245,0.1023939540647499,-2.2789276104562237,16.845724672588318,59.94679278241245,2.2676127235287273
2019-07,Consumer Discretionary,81.4768781758201,104.1569481616484,22.680069985828307,18.523121824179896,0.1363122298019949,0.4850292280447792,0.3395460007267573,55.0,0.1077422129829649,0.1400742287328371,0.489925357255604,0.1086832221152324,-2.219317847134064,14.007422873283708,48.9925357255604,2.0222540469450423
2019-07,Consumer Staples,72.03130203627633,70.47993079290724,-1.5513712433690756,27.96869796372368,0.0797159970088581,0.4064110729806411,0.1531409101832457,31.0,0.0815174831915003,0.0789173941362725,0.400758641249815,0.081317340899367,-2.509395989977392,7.891739413627249,40.0758641249815,2.0417937272147175
2019-07,Energy,72.56867999794817,56.59698908766197,-15.971690910286211,27.431320002051827,0.1468934816613867,0.5628201152176824,0.2872220023339445,20.0,0.0434514909859778,0.1484176166037408,0.566117367637246,0.0449165437834794,-3.1029490936686805,14.84176166037408,56.61173676372459,2.4593021707871987
2019-07,Financials,77.18840207267493,77.12727628579127,-0.06112578688366002,22.811597927325078,0.0554218058736023,0.3417069711981232,0.1483210912653168,63.0,0.1347124131885633,0.0583659308571125,0.3505341757256337,0.133667862134324,-2.0123971967353627,5.83659308571125,35.053417572563376,2.193778933992998
2019-07,Health Care,76.17968924337289,79.81278101231113,3.6330917689382387,23.8203107566271,0.0420461727743705,0.2482009257271256,0.1071249612700595,53.0,0.1270991060248039,0.043488888087354,0.2588340804546539,0.1312845911710154,-2.0303878604549084,4.3488888087354,25.88340804546539,2.0876603640574296
2019-07,Industrials,80.20279696691311,94.77479995410748,14.572002987194367,19.79720303308689,0.0296887939120589,0.1808505919821212,0.0777179109837378,67.0,0.0978667547721232,0.02998973031409,0.1853565217267168,0.0992633139147962,-2.3099792231742637,2.998973031409,18.53565217267168,2.1872582108128213
2019-07,Information Technology,80.13672458209234,93.93694779119247,13.800223209100135,19.863275417907666,0.0875045417678103,0.4447195494253155,0.1918857367785721,55.0,0.2150351861139851,0.0877531811871012,0.4452238090158025,0.2109877533334285,-1.5559551882643174,8.77531811871012,44.52238090158025,2.1233672094900498
2019-07,Materials,77.99786593845782,81.9097884592435,3.9119225207856827,22.00213406154219,0.0675672528053699,0.3376204929916321,0.1654656008255834,25.0,0.0249567628609562,0.0690235644378638,0.3426824284133379,0.02540040601341,-3.67299012030548,6.902356443786379,34.26824284133379,2.2349395299151493
2019-07,Real Estate,60.94166902800509,47.69948712485468,-13.242181903150401,39.05833097199492,0.0543385153216386,0.2718158636911633,0.127245394161704,30.0,0.0291237711177737,0.0536995491421151,0.2694161290569793,0.0293561935178132,-3.52825173221677,5.36995491421151,26.94161290569793,2.3942567495482003
2019-07,Utilities,51.19257818734099,27.59892411166347,-23.593654075677524,48.80742181265901,0.0530987762583403,0.2748689530264793,0.1228697511440566,28.0,0.0319923816240691,0.0531835677865968,0.276635830061083,0.0327288190523836,-3.4194992726237103,5.31835677865968,27.6635830061083,2.3992582555198894
2019-08,Communication Services,78.74980752519407,76.54262743388041,-2.2071800913136688,21.250192474805925,0.1696275780005802,0.5981030804990913,0.3118784388277147,14.0,0.1065751165271432,0.1712603252049526,0.6038283176930941,0.1065024371372822,-2.2395874101763473,17.12603252049526,60.382831769309405,2.623140670851987
2019-08,Consumer Discretionary,82.97489343161186,102.6920092903797,19.71711585876786,17.02510656838815,0.1318185213132378,0.4853485428371232,0.3296833717855151,55.0,0.1074465251909706,0.1363122298019949,0.4850292280447792,0.1077422129829649,-2.228013821909461,13.631222980199489,48.50292280447792,2.546647103808704
2019-08,Consumer Staples,76.66009227350787,78.73049502542837,2.0704027519205117,23.33990772649213,0.080774007263972,0.4110725239820204,0.1554730966566824,31.0,0.084581377482186,0.0797159970088581,0.4064110729806411,0.0815174831915003,-2.506937764053829,7.97159970088581,40.641107298064114,2.5476747605766956
2019-08,Energy,76.02313084850877,61.92718888465026,-14.095941963858506,23.976869151491233,0.1510588416438254,0.5702017752384497,0.2892625821173076,20.0,0.0403829545813825,0.1468934816613867,0.5628201152176824,0.0434514909859778,-3.1361101128772537,14.689348166138668,56.28201152176824,2.851409423365512
2019-08,Financials,79.73983515199123,80.66305102065911,0.9232158686678731,20.260164848008774,0.0564517443738486,0.3431063753591001,0.154432924269037,63.0,0.1297773162729946,0.0554218058736023,0.3417069711981232,0.1347124131885633,-2.00461304547945,5.54218058736023,34.170697119812324,2.689098475693144
2019-08,Health Care,79.29566388136415,85.63458471411785,6.3389208327537085,20.70433611863585,0.0417925218142193,0.2456128109058474,0.1064113040126856,53.0,0.1283457790451618,0.0420461727743705,0.2482009257271256,0.1270991060248039,-2.0627881344479406,4.20461727743705,24.82009257271256,2.5131362635564973
2019-08,Industrials,81.80385416282924,93.7493709568651,11.945516794035884,18.196145837170768,0.0299291473881767,0.1858714838643327,0.0850948171725165,69.0,0.0970649765441371,0.0296887939120589,0.1808505919821212,0.0978667547721232,-2.324148370650177,2.9688793912058897,18.085059198212118,2.589971828322167
2019-08,Information Technology,81.92235770102518,94.33068929358346,12.408331592558282,18.077642298974833,0.0879360368126398,0.447918665916285,0.1963661923888676,55.0,0.216110658337068,0.0875045417678103,0.4447195494253155,0.2150351861139851,-1.536953607900596,8.75045417678103,44.471954942531546,2.724406551072399
2019-08,Materials,79.74588548765222,81.48613059450916,1.7402451068569462,20.254114512347783,0.0696585724676972,0.3470362906077636,0.1670558058458167,25.0,0.0244351066335774,0.0675672528053699,0.3376204929916321,0.0249567628609562,-3.690610436962449,6.75672528053699,33.76204929916321,2.6029468874430637
2019-08,Real Estate,66.52539384730211,52.239618834628004,-14.285775012674106,33.474606152697895,0.0558161673269884,0.2791801176568806,0.1321738079008938,30.0,0.031081940559157,0.0543385153216386,0.2718158636911633,0.0291237711177737,-3.5362005613675986,5.43385153216386,27.181586369116328,2.5432155017632847
2019-08,Utilities,52.95565716829029,28.40080543057551,-24.55485173771478,47.04434283170971,0.053447346019096,0.2765075014444731,0.1237761301145963,28.0,0.0341982488262216,0.0530987762583403,0.2748689530264793,0.0319923816240691,-3.442257478774424,5.30987762583403,27.48689530264793,2.496208447756778
2019-09,Communication Services,80.21278089654308,80.54181832805511,0.3290374315120445,19.787219103456927,0.1719402647349439,0.6038098379262233,0.3191223264024123,14.0,0.1050102747786812,0.1696275780005802,0.5981030804990913,0.1065751165271432,-2.2389052229498683,16.96275780005802,59.81030804990913,2.271048138288932
2019-09,Consumer Discretionary,83.15854575129251,100.04933269308599,16.890786941793486,16.841454248707507,0.125172707534491,0.4736224629095885,0.3194999611382935,56.0,0.1064039780048886,0.1318185213132378,0.4853485428371232,0.1074465251909706,-2.2307619952627777,13.18185213132378,48.53485428371232,2.2428985981262803
2019-09,Consumer Staples,77.37236934537692,80.22887156934954,2.8565022239726057,22.627630654623076,0.0816369305715649,0.4150429433355034,0.1589131617776774,31.0,0.0840984944435915,0.080774007263972,0.4110725239820204,0.084581377482186,-2.470041160924917,8.077400726397201,41.107252398202036,2.0514612653435917
2019-09,Energy,76.1360469982898,61.45056654104276,-14.685480457247039,23.863953001710204,0.147045349959412,0.5629743059590909,0.2861754558285077,20.0,0.0412516931679846,0.1510588416438254,0.5702017752384497,0.0403829545813825,-3.2093474993491724,15.105884164382541,57.02017752384497,2.5948287982052736
2019-09,Financials,80.6298937582028,82.83782998999223,2.207936231789424,19.370106241797203,0.0568436034278806,0.3451795470419757,0.1520100804012742,62.0,0.1327775304393709,0.0564517443738486,0.3431063753591001,0.1297773162729946,-2.041935249052131,5.645174437384861,34.31063753591001,2.324881102124012
2019-09,Health Care,80.22907770247483,86.51602536620922,6.286947663734389,19.77092229752517,0.041618420252602,0.2409625281131091,0.1078437318125355,53.0,0.1253538880388553,0.0417925218142193,0.2456128109058474,0.1283457790451618,-2.053027258491988,4.17925218142193,24.561281090584743,2.243807142944613
2019-09,Industrials,82.42150452224766,94.55286581723458,12.131361294986917,17.578495477752337,0.02999051576655,0.1881839719438363,0.0865168442658586,69.0,0.0979721355870575,0.0299291473881767,0.1858714838643327,0.0970649765441371,-2.3323746634559157,2.99291473881767,18.58714838643327,2.252411238255358
2019-09,Information Technology,82.40703609924788,94.10418163943123,11.697145540183353,17.592963900752117,0.0891391674884466,0.4492390954390395,0.1939301131437184,56.0,0.2167174118833635,0.0879360368126398,0.447918665916285,0.216110658337068,-1.5319646953664046,8.79360368126398,44.7918665916285,2.422647163887042
2019-09,Materials,80.3273271289622,81.87333776383892,1.5460106348767155,19.672672871037804,0.068714004299006,0.3403894106678709,0.1677975985489584,25.0,0.0247090298144516,0.0696585724676972,0.3470362906077636,0.0244351066335774,-3.71173438430075,6.96585724676972,34.70362906077636,2.323936465874104
2019-09,Real Estate,66.9871680232005,51.68716953969856,-15.299998483501943,33.0128319767995,0.0542215910933653,0.2705683656544643,0.1264439244575111,30.0,0.0306508616028547,0.0558161673269884,0.2791801176568806,0.031081940559157,-3.4711283178785193,5.58161673269884,27.91801176568806,2.347750875934847
2019-09,Utilities,52.52733635707786,28.567087334977902,-23.960249022099955,47.47266364292214,0.0543377817790407,0.2810248020403474,0.1286106267957516,28.0,0.0350547022389001,0.053447346019096,0.2765075014444731,0.0341982488262216,-3.375580840136192,5.3447346019096,27.65075014444731,2.198799213360817
2019-10,Communication Services,80.36685763962771,81.40318303717173,1.0363253975440188,19.633142360372297,0.1728307237033632,0.6093218351629771,0.3179226060888417,14.0,0.1062028798845693,0.1719402647349439,0.6038098379262233,0.1050102747786812,-2.253697078577046,17.19402647349439,60.38098379262233,2.320511104930618
2019-10,Consumer Discretionary,82.96520785444932,98.81164741346124,15.84643955901194,17.034792145550686,0.1244307208569584,0.4677471815250745,0.320104005355832,57.0,0.1061811699649238,0.125172707534491,0.4736224629095885,0.1064039780048886,-2.2405123155094886,12.5172707534491,47.36224629095885,2.1276993644183544
2019-10,Consumer Staples,77.12575127427108,80.50587945809593,3.3801281838248434,22.874248725728915,0.0820155107953161,0.4147716618566281,0.1571492977597687,31.0,0.0822785577778347,0.0816369305715649,0.4150429433355034,0.0840984944435915,-2.475766614142175,8.16369305715649,41.50429433355034,2.0780524580878947
2019-10,Energy,75.46309057390478,58.74491108358739,-16.718179490317397,24.53690942609522,0.1453298505827955,0.5584740639472446,0.2805991797779038,20.0,0.0392965316638515,0.147045349959412,0.5629743059590909,0.0412516931679846,-3.188063120547235,14.704534995941199,56.29743059590909,2.730202994965607
2019-10,Financials,81.08798021931732,85.60180657384751,4.513826354530188,18.91201978068268,0.0580744982829109,0.3520622385251513,0.1536074913246685,62.0,0.1318361015797931,0.0568436034278806,0.3451795470419757,0.1327775304393709,-2.0190802547541975,5.68436034278806,34.51795470419757,2.3637492408621106
2019-10,Health Care,80.26401330098413,86.11218361230571,5.848170311321585,19.73598669901587,0.0416403689389246,0.2445121818892967,0.1048526400782905,52.0,0.1291864807781028,0.041618420252602,0.2409625281131091,0.1253538880388553,-2.076614437396917,4.1618420252602,24.096252811310908,2.308765151252643
2019-10,Industrials,82.57707785940805,96.04413614236064,13.467058282952589,17.42292214059196,0.0288140385544867,0.1816111056223639,0.077066011922426,69.0,0.0962586056355811,0.02999051576655,0.1881839719438363,0.0979721355870575,-2.323072171485526,2.999051576655,18.81839719438363,2.3150115575229666
2019-10,Information Technology,82.29372320190825,93.89794828236016,11.604225080451904,17.706276798091753,0.0925821183317284,0.4595115341173256,0.1969274505315741,56.0,0.2200307893714209,0.0891391674884466,0.4492390954390395,0.2167174118833635,-1.5291610234906912,8.91391674884466,44.92390954390395,2.352876355912987
2019-10,Materials,80.45651293192972,82.57190301982799,2.115390087898269,19.543487068070284,0.0694755404056098,0.3430980476780362,0.1706595690749849,25.0,0.024367463294299,0.068714004299006,0.3403894106678709,0.0247090298144516,-3.7005865226236674,6.8714004299006,34.03894106678709,2.4354527590082986
2019-10,Real Estate,66.25637436186754,49.1256469508574,-17.130727411010156,33.74362563813244,0.0540366095387305,0.2729075625379172,0.1261056170063566,30.0,0.0301111777843963,0.0542215910933653,0.2705683656544643,0.0306508616028547,-3.485094505972032,5.42215910933653,27.056836565446428,2.2851297561405555
2019-10,Utilities,54.172877265967955,30.210220909760146,-23.962656356207805,45.827122734032045,0.055356916364042,0.2860076994067282,0.1329992270163348,28.0,0.0342502422652271,0.0543377817790407,0.2810248020403474,0.0350547022389001,-3.350845516471388,5.43377817790407,28.10248020403474,2.1828322079526012
2019-11,Communication Services,79.04445217270697,79.94253939697674,0.8980872242697686,20.955547827293028,0.1734987347131704,0.6059093449214092,0.3179387490848488,14.0,0.1061318156660845,0.1728307237033632,0.6093218351629771,0.1062028798845693,-2.2424040529848233,17.28307237033632,60.93218351629771,1.8591900206324639
2019-11,Consumer Discretionary,81.67386918161984,97.1788096119575,15.504940430337673,18.32613081838017,0.1252109515718792,0.4630647517162339,0.3228011808897142,57.0,0.1037334733462512,0.1244307208569584,0.4677471815250745,0.1061811699649238,-2.2426084931933654,12.44307208569584,46.77471815250745,1.8309741872119099
2019-11,Consumer Staples,74.12096480282645,75.17368065563383,1.052715852807377,25.879035197173557,0.0810467157639712,0.4096020438884072,0.1591246104817515,31.0,0.0798352997319173,0.0820155107953161,0.4147716618566281,0.0822785577778347,-2.4976447425737205,8.20155107953161,41.47716618566281,1.9214851152348857
2019-11,Energy,71.9623206100756,52.53075439295494,-19.431566217120658,28.0376793899244,0.145097914983098,0.5615483332004834,0.2806570906015865,20.0,0.0383533601768898,0.1453298505827955,0.5584740639472446,0.0392965316638515,-3.236619016829638,14.532985058279548,55.847406394724466,2.5324997566827925
2019-11,Financials,80.16845115038059,86.84920366030609,6.680752509925497,19.831548849619413,0.0580303809379632,0.3531203052769928,0.1519725503804211,62.0,0.1329372232397062,0.0580744982829109,0.3520622385251513,0.1318361015797931,-2.026195782586182,5.80744982829109,35.20622385251513,1.8562670264536938
2019-11,Health Care,78.10340640968727,80.50171722254322,2.3983108128559527,21.89659359031274,0.0412455415605201,0.2416953466165597,0.1030179378088528,52.0,0.1317368769983321,0.0416403689389246,0.2445121818892967,0.1291864807781028,-2.0464983310489475,4.16403689389246,24.45121818892967,2.028881825932942
2019-11,Industrials,81.61154967309713,96.64817906463819,15.036629391541055,18.38845032690287,0.029364710838356,0.1844744803259741,0.0800173680849465,69.0,0.0965922171589157,0.0288140385544867,0.1816111056223639,0.0962586056355811,-2.340716900610165,2.88140385544867,18.16111056223639,1.864633884505242
2019-11,Information Technology,80.99194203718179,91.89658986251845,10.90464782533666,19.00805796281821,0.0926187554039326,0.4592142935545238,0.1990655984436308,57.0,0.2256273627106807,0.0925821183317284,0.4595115341173256,0.2200307893714209,-1.5139877907338226,9.25821183317284,45.95115341173256,1.9311973276057794
2019-11,Materials,79.26088455077112,81.84465643842385,2.5837718876527243,20.739115449228873,0.0693578100144501,0.3378948389375559,0.1711648790481964,25.0,0.0242714845471823,0.0694755404056098,0.3430980476780362,0.024367463294299,-3.714506508092445,6.94755404056098,34.30980476780362,1.9646683027548248
2019-11,Real Estate,62.21681249586031,46.660509913341585,-15.556302582518725,37.78318750413969,0.0539902309403161,0.2749881776648244,0.1252076564657277,30.0,0.0283970564048258,0.0540366095387305,0.2729075625379172,0.0301111777843963,-3.5028588211991636,5.403660953873049,27.29075625379172,2.279723133630157
2019-11,Utilities,51.91663951777598,31.844652382688658,-20.07198713508733,48.08336048222402,0.0555397101576,0.2879299869396022,0.1325506704591892,28.0,0.0323838300192139,0.055356916364042,0.2860076994067282,0.0342502422652271,-3.374061640861632,5.5356916364041995,28.60076994067282,2.1441216061251427
2019-12,Communication Services,78.6080301409869,80.7149316185895,2.106901477602593,21.391969859013095,0.1725003070727834,0.6070586914156071,0.3183342589885706,15.0,0.1056297662442227,0.1734987347131704,0.6059093449214092,0.1061318156660845,-2.24307341341086,17.34987347131704,60.590934492140924,1.936419113595885
2019-12,Consumer Discretionary,81.08313186322677,96.32103985749393,15.237907994267164,18.91686813677323,0.1248408014668333,0.4622701335506702,0.3225631264229204,56.0,0.1034776458952262,0.1252109515718792,0.4630647517162339,0.1037334733462512,-2.2659304256079955,12.52109515718792,46.30647517162339,1.728410983452751
2019-12,Consumer Staples,72.49785335725102,72.10785541571838,-0.3899979415326359,27.502146642748986,0.080404299598872,0.4091972949002711,0.156348333271033,31.0,0.079050778417225,0.0810467157639712,0.4096020438884072,0.0798352997319173,-2.5277895198051197,8.10467157639712,40.96020438884072,1.7488556727443876
2019-12,Energy,70.52619291530448,50.11808399449526,-20.408108920809223,29.473807084695512,0.1399633381350375,0.5519456835249978,0.274126414816068,20.0,0.0392398548615413,0.145097914983098,0.5615483332004834,0.0383533601768898,-3.2609131363138197,14.509791498309799,56.15483332004834,2.365098359439822
2019-12,Financials,79.58363741761109,85.74028171680013,6.156644299189046,20.416362582388906,0.0598522919792256,0.3622860532477644,0.15271713448881,61.0,0.1320907362209563,0.0580303809379632,0.3531203052769928,0.1329372232397062,-2.0178782679066414,5.80303809379632,35.31203052769928,1.9021231325508476
2019-12,Health Care,77.13976966238519,78.09121433943417,0.9514446770489859,22.860230337614812,0.041694697362569,0.2455274896669494,0.1056772450826168,53.0,0.1331455259750605,0.0412455415605201,0.2416953466165597,0.1317368769983321,-2.026948701847358,4.12455415605201,24.16953466165597,1.8600677920302786
2019-12,Industrials,81.08583279876628,96.31391691109067,15.228084112324408,18.914167201233727,0.0281801665546514,0.1754266371590479,0.0710250998431869,70.0,0.094042909723984,0.029364710838356,0.1844744803259741,0.0965922171589157,-2.3372571087225054,2.9364710838356003,18.44744803259741,1.8706321160400008
2019-12,Information Technology,80.63459591734502,92.49853839670818,11.863942479363168,19.365404082654987,0.0953433745629382,0.465692105172876,0.2079148054120048,58.0,0.2290531056806516,0.0926187554039326,0.4592142935545238,0.2256273627106807,-1.4888704781019289,9.26187554039326,45.92142935545238,1.8946753979249984
2019-12,Materials,78.78233030643331,81.85951168747127,3.077181381037965,21.217669693566695,0.0690747914439699,0.3355695080456959,0.1714352037505327,25.0,0.0243044198197428,0.0693578100144501,0.3378948389375559,0.0242714845471823,-3.718453093121634,6.93578100144501,33.78948389375559,2.0120423185645597
2019-12,Real Estate,59.07015852076645,43.560972578740994,-15.509185942025454,40.92984147923356,0.0561839181281738,0.2866966774435345,0.1345669287872165,29.0,0.0275545469436882,0.0539902309403161,0.2749881776648244,0.0283970564048258,-3.561469786904174,5.399023094031611,27.498817766482443,2.2713361782292645
2019-12,Utilities,50.603128075352515,32.28831445888651,-18.314813616466008,49.39687192464747,0.0552857582766909,0.2850438132730791,0.1330505750307812,28.0,0.032410710217701,0.0555397101576,0.2879299869396022,0.0323838300192139,-3.430096054243527,5.55397101576,28.79299869396022,1.9840958430232405
2020-01,Communication Services,78.09584257026049,81.01446539956571,2.9186228293052188,21.904157429739502,0.1810859695269617,0.6164289567135832,0.3380822757409654,15.0,0.1066888768236938,0.1725003070727834,0.6070586914156071,0.1056297662442227,-2.247815070117207,17.25003070727834,60.70586914156071,2.219492535382897
2020-01,Consumer Discretionary,80.39330799921103,94.98858213181506,14.595274132604024,19.60669200078896,0.1418638323300349,0.4919116778543332,0.3484686590425345,56.0,0.104251549307187,0.1248408014668333,0.4622701335506702,0.1034776458952262,-2.268399671292753,12.484080146683329,46.22701335506702,2.095550624684231
2020-01,Consumer Staples,70.991638779918,71.19022805269971,0.1985892727817004,29.008361220081994,0.0798802687983561,0.4066318967537306,0.1491476310043828,31.0,0.079171264815425,0.080404299598872,0.4091972949002711,0.079050778417225,-2.537664868224917,8.0404299598872,40.91972949002711,1.932860686023318
2020-01,Energy,69.81867326992044,50.84547217323076,-18.97320109668969,30.18132673007956,0.1388974528376763,0.5504374000659737,0.2721272893071833,20.0,0.0347782970762515,0.1399633381350375,0.5519456835249978,0.0392398548615413,-3.2380623430292945,13.99633381350375,55.194568352499786,2.540841080786792
2020-01,Financials,78.97312315064133,85.88020391501584,6.907080764374505,21.02687684935867,0.0587183742032014,0.3584318069608886,0.1563016381627855,61.0,0.1280187285419297,0.0598522919792256,0.3622860532477644,0.1320907362209563,-2.0242661969306135,5.98522919792256,36.22860532477644,2.174180845799382
2020-01,Health Care,75.9073526541467,75.70959228897561,-0.1977603651710888,24.0926473458533,0.041695439098958,0.243634435249954,0.1100428191643752,53.0,0.1298771815849043,0.041694697362569,0.2455274896669494,0.1331455259750605,-2.016312568675691,4.1694697362569,24.55274896669494,2.133097999750976
2020-01,Industrials,79.97483874955334,92.13221862107498,12.157379871521641,20.025161250446658,0.028357741313639,0.1752785781461286,0.0702161560438463,70.0,0.0931123383084907,0.0281801665546514,0.1754266371590479,0.094042909723984,-2.364004114445003,2.81801665546514,17.54266371590479,2.2307613817135215
2020-01,Information Technology,80.06256745236273,92.38122005874614,12.318652606383406,19.937432547637265,0.0978927340018282,0.4736366601494221,0.2077268344380554,59.0,0.2382750655431431,0.0953433745629382,0.465692105172876,0.2290531056806516,-1.4738013997775374,9.534337456293821,46.5692105172876,2.3402373965580274
2020-01,Materials,77.09390421211758,78.15989879762125,1.0659945855036712,22.906095787882414,0.0709748228510499,0.3468408353019513,0.17442674447668,25.0,0.02310441776058,0.0690747914439699,0.3355695080456959,0.0243044198197428,-3.7170970595886885,6.90747914439699,33.55695080456959,2.2482626745218135
2020-01,Real Estate,56.16962482663374,41.32944738449264,-14.840177442141096,43.83037517336626,0.0563018661455203,0.2908655311676189,0.1331880090026874,29.0,0.0281127772237567,0.0561839181281738,0.2866966774435345,0.0275545469436882,-3.5915877136733,5.6183918128173795,28.66966774435345,2.2743287739216704
2020-01,Utilities,49.540669155271814,33.390213996799524,-16.150455158472298,50.459330844728186,0.0565851335119708,0.2907825759860203,0.1381644354818078,28.0,0.0346095030146376,0.0552857582766909,0.2850438132730791,0.032410710217701,-3.4292663485328028,5.52857582766909,28.50438132730791,2.1399631675380624
2020-02,Communication Services,78.26340020197037,80.68904110747228,2.425640905501897,21.73659979802963,0.1806607789020593,0.6184204596093947,0.3365295561566252,15.0,0.1092113496126374,0.1810859695269617,0.6164289567135832,0.1066888768236938,-2.237838373309167,18.10859695269617,61.642895671358325,2.5569929188334735
2020-02,Consumer Discretionary,79.41581984009811,88.11308592994443,8.697266089846313,20.584180159901884,0.1477519743578483,0.5010858595012654,0.3564929892190032,56.0,0.1049534503567001,0.1418638323300349,0.4919116778543332,0.104251549307187,-2.2609485569538292,14.186383233003491,49.19116778543332,2.4555849107044017
2020-02,Consumer Staples,71.79133196658681,71.8695317393026,0.07819977271578625,28.208668033413186,0.0809204514892874,0.4088225829168835,0.1534263951618903,31.0,0.0794479486599577,0.0798802687983561,0.4066318967537306,0.079171264815425,-2.536141863983185,7.988026879835609,40.66318967537306,2.197031197124762
2020-02,Energy,72.31181906708547,55.12662355195765,-17.185195515127816,27.688180932914538,0.1395878590495252,0.5508989362750497,0.2685788882103479,20.0,0.0323411214007043,0.1388974528376763,0.5504374000659737,0.0347782970762515,-3.358761733984688,13.88974528376763,55.043740006597375,2.8606229342615386
2020-02,Financials,79.84336514208707,88.11413265932197,8.270767517234898,20.156634857912934,0.0596884557928299,0.3600269923785206,0.1633245552821822,61.0,0.122856015524857,0.0587183742032014,0.3584318069608886,0.1280187285419297,-2.0555787090319435,5.87183742032014,35.84318069608886,2.437967705935058
2020-02,Health Care,77.02595386748597,79.84430715534755,2.8183532878615813,22.974046132514037,0.0405613263047,0.2385731435808529,0.1064988479230044,53.0,0.131720675878543,0.041695439098958,0.243634435249954,0.1298771815849043,-2.041166032129969,4.1695439098958005,24.3634435249954,2.3981837758118196
2020-02,Industrials,80.8263835458241,93.41468536926921,12.58830182344511,19.173616454175907,0.0278356494497654,0.1721193444673647,0.06786698717937,70.0,0.0918835981724223,0.028357741313639,0.1752785781461286,0.0931123383084907,-2.3739485759990036,2.8357741313639,17.52785781461286,2.4097588590443886
2020-02,Information Technology,80.5161825561938,93.73736881042014,13.221186254226328,19.48381744380619,0.0961128641327498,0.4683537262092566,0.2038544294458102,59.0,0.2411802079259934,0.0978927340018282,0.4736366601494221,0.2382750655431431,-1.434329535084965,9.78927340018282,47.363666014942204,2.8083105279586578
2020-02,Materials,78.19356534908533,81.33641543318625,3.142850084100925,21.806434650914667,0.0720357203967029,0.3499672487481867,0.1767844353363896,25.0,0.0231573848732814,0.0709748228510499,0.3468408353019513,0.02310441776058,-3.7677314346926387,7.097482285104991,34.68408353019513,2.4759050554774698
2020-02,Real Estate,57.44918501032558,41.64442379795469,-15.804761212370886,42.55081498967443,0.0583087837897315,0.3046102369844404,0.1376334555079049,29.0,0.0291463034635837,0.0563018661455203,0.2908655311676189,0.0281127772237567,-3.5715311005178743,5.630186614552031,29.086553116761888,2.504722123223764
2020-02,Utilities,50.222960869111084,31.97035186167695,-18.252609007434135,49.777039130888916,0.058092552976727,0.2997457610433047,0.1446001424801432,28.0,0.034101944131319,0.0565851335119708,0.2907825759860203,0.0346095030146376,-3.3636269810266115,5.65851335119708,29.07825759860203,2.3521694633598345
2020-03,Communication Services,87.49183950186881,88.16934798768388,0.6775084858150696,12.508160498131192,0.1782795086337305,0.6117099841365806,0.3325297127726225,15.0,0.1093757125910956,0.1806607789020593,0.6184204596093947,0.1092113496126374,-2.214470286890454,18.066077890205932,61.84204596093947,3.8828007085119736
2020-03,Consumer Discretionary,87.92519508579382,92.1361456175118,4.210950531717977,12.07480491420618,0.198719056136363,0.5673130152543515,0.4235616616340437,56.0,0.1043396977287383,0.1477519743578483,0.5010858595012654,0.1049534503567001,-2.254238357060573,14.775197435784829,50.10858595012654,3.8903866489801904
2020-03,Consumer Staples,86.91712264519195,85.27801751843835,-1.6391051267536036,13.082877354808046,0.0838837386070022,0.4157185925491909,0.1708128900323862,31.0,0.0858259053258475,0.0809204514892874,0.4088225829168835,0.0794479486599577,-2.5326532055906616,8.09204514892874,40.88225829168835,3.8006852221369796
2020-03,Energy,85.2357613918649,72.79241721257699,-12.443344179287896,14.764238608135111,0.1754482893276466,0.6240733515235345,0.3038617527456138,20.0,0.0240802001531989,0.1395878590495252,0.5508989362750497,0.0323411214007043,-3.431415750087899,13.95878590495252,55.08989362750497,4.201826227203814
2020-03,Financials,88.1596985392646,95.33218572083155,7.172487181566936,11.8403014607354,0.0642512734198337,0.3720434737891377,0.1829261609736797,61.0,0.1103937483243421,0.0596884557928299,0.3600269923785206,0.122856015524857,-2.0967422147924624,5.96884557928299,36.002699237852056,4.06395008571119
2020-03,Health Care,87.62768531137594,90.4365803636325,2.808895052256552,12.372314688624062,0.0420066594844219,0.24498743540109,0.1089068132612331,53.0,0.1444481098903628,0.0405613263047,0.2385731435808529,0.131720675878543,-2.0270716903108323,4.0561326304700005,23.85731435808529,3.7921061890284538
2020-03,Industrials,88.1488380259908,94.6021566530404,6.453318627049583,11.851161974009198,0.0270313297004597,0.1533580177234421,0.0520147468568481,71.0,0.085223650523953,0.0278356494497654,0.1721193444673647,0.0918835981724223,-2.387232740277816,2.78356494497654,17.21193444673647,3.9928591295854456
2020-03,Information Technology,88.03795224251657,93.14184491193863,5.103892669422068,11.96204775748343,0.1025747089923139,0.4830431687707015,0.2177508576000474,59.0,0.2500898073165995,0.0961128641327498,0.4683537262092566,0.2411802079259934,-1.4222108741875108,9.61128641327498,46.83537262092566,3.970598595278126
2020-03,Materials,87.91275172129293,93.15867124951939,5.245919528226452,12.087248278707062,0.0763920979115102,0.3643096944405827,0.1853717881030336,25.0,0.0226478743804924,0.0720357203967029,0.3499672487481867,0.0231573848732814,-3.7654415483142207,7.2035720396702905,34.99672487481867,3.9106472649319914
2020-03,Real Estate,85.97388993976674,80.13159236086521,-5.842297578901515,14.026110060233272,0.0682589775653037,0.3445136465163296,0.1539044558931298,29.0,0.0285588642243196,0.0583087837897315,0.3046102369844404,0.0291463034635837,-3.5354271850815735,5.83087837897315,30.46102369844404,4.044826624989285
2020-03,Utilities,85.08464658581526,73.33642139470363,-11.748225191111619,14.915353414184734,0.0602614115480036,0.3088559143268848,0.1529920615425078,28.0,0.03501642954105,0.058092552976727,0.2997457610433047,0.034101944131319,-3.3784008836691743,5.809255297672699,29.97457610433047,4.064610216435556
2020-04,Communication Services,88.12253150488833,86.53279401797009,-1.5897374869182366,11.877468495111676,0.1812804975817839,0.6194421204752256,0.3338229681964658,15.0,0.1112517245195327,0.1782795086337305,0.6117099841365806,0.1093757125910956,-2.2129664192069933,17.827950863373047,61.17099841365806,3.057640400840396
2020-04,Consumer Discretionary,88.6855408958128,90.96756783655121,2.2820269407383966,11.31445910418719,0.2153478032603505,0.5806761539191503,0.4449379385848052,55.0,0.111632017717652,0.198719056136363,0.5673130152543515,0.1043396977287383,-2.2601033783756184,19.8719056136363,56.73130152543515,3.1286616497399833
2020-04,Consumer Staples,87.46516732614988,82.2815516202748,-5.18361570587508,12.534832673850124,0.0828743940096237,0.4113703125595705,0.1700375283343311,31.0,0.0816937792998154,0.0838837386070022,0.4157185925491909,0.0858259053258475,-2.4554343911842875,8.38837386070022,41.57185925491909,2.9163672521419395
2020-04,Energy,85.54918376428667,69.04525344828187,-16.5039303160048,14.450816235713333,0.1648315032519222,0.6084820292464324,0.2891385920563838,20.0,0.0274205433434027,0.1754482893276466,0.6240733515235345,0.0240802001531989,-3.72636534656614,17.544828932764663,62.40733515235345,3.8901262105357777
2020-04,Financials,88.897592377897,96.89637678643854,7.998784408541545,11.10240762210301,0.0607500295449837,0.3624650534957827,0.1727201698789728,61.0,0.106365086878023,0.0642512734198337,0.3720434737891377,0.1103937483243421,-2.2037017742394407,6.425127341983369,37.20434737891377,3.3171840954758087
2020-04,Health Care,88.37632097790325,90.66678711666542,2.290466138762166,11.62367902209675,0.0425806487906363,0.2482899420623452,0.1108377120822741,53.0,0.1438397360958657,0.0420066594844219,0.24498743540109,0.1444481098903628,-1.9348349370266475,4.20066594844219,24.498743540109,2.994902648682048
2020-04,Industrials,88.85620532080665,95.87753615224767,7.021330831441024,11.143794679193347,0.0255833761686742,0.1534157181059504,0.0525436252104544,73.0,0.083477332945609,0.0270313297004597,0.1533580177234421,0.085223650523953,-2.4624762953580657,2.70313297004597,15.33580177234421,3.157461934754651
2020-04,Information Technology,88.73635751690419,92.49664044307252,3.760282926168327,11.263642483095808,0.1034452333637059,0.4846302156450227,0.2176448292204909,59.0,0.2518286143925593,0.1025747089923139,0.4830431687707015,0.2500898073165995,-1.3859351963608773,10.25747089923139,48.30431687707015,3.1514480462191132
2020-04,Materials,88.84367909707836,95.35307832272325,6.509399225644883,11.156320902921642,0.0743472120157206,0.3567175422779259,0.1704501101620198,25.0,0.0228630506736208,0.0763920979115102,0.3643096944405827,0.0226478743804924,-3.7876892777928135,7.63920979115102,36.43096944405827,3.214192647302551
2020-04,Real Estate,88.10378043471127,88.42938197068221,0.32560153597094654,11.896219565288728,0.0679156186808161,0.3473560526208332,0.1540077617996827,29.0,0.0276084750988236,0.0682589775653037,0.3445136465163296,0.0285588642243196,-3.55578791035756,6.82589775653037,34.45136465163296,3.303206304931718
2020-04,Utilities,87.10204962803698,80.1914411295678,-6.910608498469176,12.89795037196302,0.0583099491952668,0.3021556715796291,0.1424751933449767,28.0,0.0320196390350954,0.0602614115480036,0.3088559143268848,0.03501642954105,-3.3519379121751216,6.02614115480036,30.885591432688482,3.3940861596781557
2020-05,Communication Services,87.44720045628847,84.69223789516386,-2.754962561124599,12.552799543711531,0.1825399270942367,0.6211400828638531,0.3336325665878664,15.0,0.1126850412933438,0.1812804975817839,0.6194421204752256,0.1112517245195327,-2.195959856756761,18.128049758178392,61.94421204752256,2.8622167395173004
2020-05,Consumer Discretionary,88.33511547103527,92.08603649338843,3.7509210223531717,11.664884528964729,0.195145725433229,0.5643436767745625,0.4194600936053543,55.0,0.1116947565749211,0.2153478032603505,0.5806761539191503,0.111632017717652,-2.192547373070456,21.53478032603505,58.06761539191503,2.828174956187115
2020-05,Consumer Staples,86.93060850806926,81.81237029316254,-5.118238214906717,13.06939149193074,0.0814803520033713,0.4071511304783465,0.1705483100149624,31.0,0.0792368085275787,0.0828743940096237,0.4113703125595705,0.0816937792998154,-2.504777420776168,8.28743940096237,41.137031255957055,2.5724334421039474
2020-05,Energy,84.9296841684761,68.11195706667073,-16.81772710180539,15.070315831523896,0.1594447845663169,0.5956711801506462,0.2802697080684287,19.0,0.0263960987533838,0.1648315032519222,0.6084820292464324,0.0274205433434027,-3.596462789457034,16.48315032519222,60.84820292464323,3.4505992739181464
2020-05,Financials,88.4945160590292,97.05957953629499,8.565063477265806,11.505483940970809,0.0585728515425105,0.3548705031335317,0.1672994082868404,61.0,0.103644818209822,0.0607500295449837,0.3624650534957827,0.106365086878023,-2.2408778867669468,6.07500295449837,36.246505349578264,3.067175657931712
2020-05,Health Care,87.6396850769051,88.07852778802973,0.43884271112464573,12.36031492309491,0.0403245948769618,0.2378912979661017,0.1043750242886446,55.0,0.1444042074945661,0.0425806487906363,0.2482899420623452,0.1438397360958657,-1.9390555429666716,4.25806487906363,24.82899420623452,2.7332081257687455
2020-05,Industrials,88.50486770284269,96.43439024186179,7.929522539019118,11.495132297157319,0.024978815501051,0.150513567307454,0.0531815540324876,73.0,0.0833546638046061,0.0255833761686742,0.1534157181059504,0.083477332945609,-2.4831801457069655,2.55833761686742,15.34157181059504,2.9574559325747383
2020-05,Information Technology,88.19586546506042,91.31009978506628,3.1142343200058678,11.804134534939575,0.1006797160532256,0.4779609050784248,0.2079442819972378,59.0,0.2566000089445073,0.1034452333637059,0.4846302156450227,0.2518286143925593,-1.3790065244615577,10.344523336370589,48.46302156450227,2.8744414287521356
2020-05,Materials,88.47034358550266,95.79100807658048,7.320664491077818,11.529656414497342,0.0758354223968326,0.3657761810094375,0.1756430464030842,25.0,0.023268560418235,0.0743472120157206,0.3567175422779259,0.0228630506736208,-3.7782331792295465,7.43472120157206,35.67175422779259,2.8723362422094274
2020-05,Real Estate,87.66787892854241,88.46396961716528,0.7960906886228791,12.332121071457602,0.0716810185635396,0.3624033576909823,0.1634369823238851,29.0,0.0269318066265726,0.0679156186808161,0.3473560526208332,0.0276084750988236,-3.5896324845970504,6.79156186808161,34.73560526208332,2.9627481948861627
2020-05,Utilities,86.52307872461408,79.29866735298148,-7.224411371632613,13.476921275385916,0.0604889139535039,0.3139227656024747,0.1513594718162411,28.0,0.031783229352463,0.0583099491952668,0.3021556715796291,0.0320196390350954,-3.4414058445846867,5.83099491952668,30.21556715796291,2.95798630124363
2020-06,Communication Services,87.23151890014402,84.99104742306207,-2.2404714770819525,12.768481099855974,0.1826009075226688,0.6202221056554641,0.3322123899784062,15.0,0.1097996570667948,0.1825399270942367,0.6211400828638531,0.1126850412933438,-2.183158597062236,18.25399270942367,62.114008286385314,2.868195101516905
2020-06,Consumer Discretionary,88.20335857739086,93.25924149488915,5.0558829174983,11.796641422609149,0.2200545239172194,0.5884042937275424,0.4502730607626189,54.0,0.1152692771939725,0.195145725433229,0.5643436767745625,0.1116947565749211,-2.191985516041729,19.5145725433229,56.43436767745625,2.845111644344574
2020-06,Consumer Staples,86.77121603566981,82.71950918568552,-4.051706849984286,13.228783964330189,0.0810561185840405,0.4053742555207991,0.166248637165691,31.0,0.0769613084589649,0.0814803520033713,0.4071511304783465,0.0792368085275787,-2.535314333990416,8.14803520033713,40.71511304783465,2.5850493661438403
2020-06,Energy,84.84176383835512,68.97008431365265,-15.871679524702472,15.158236161644872,0.1580498953864476,0.5941793562032034,0.2804138906065436,19.0,0.0254476352165747,0.1594447845663169,0.5956711801506462,0.0263960987533838,-3.6345390542426306,15.944478456631689,59.56711801506462,3.49017261353672
2020-06,Financials,88.1655352129458,95.21465518282201,7.049119969876211,11.834464787054202,0.0564079648108981,0.3458214822807404,0.1619125632364272,61.0,0.1009843096019473,0.0585728515425105,0.3548705031335317,0.103644818209822,-2.2667854345017893,5.857285154251049,35.487050313353166,3.206401347096238
2020-06,Health Care,87.15304524492761,85.97729827643899,-1.175746968488631,12.846954755072385,0.0395291881438351,0.2306057626402456,0.1010083967882972,56.0,0.1383547849493444,0.0403245948769618,0.2378912979661017,0.1444042074945661,-1.9351389151739045,4.03245948769618,23.78912979661017,2.767668701179999
2020-06,Industrials,88.2606173452135,95.68120195947743,7.420584614263915,11.739382654786493,0.0248829534117233,0.1448202375919245,0.0518918813326801,73.0,0.0833913816039157,0.024978815501051,0.150513567307454,0.0833546638046061,-2.4846507168863465,2.4978815501051,15.051356730745399,3.0499429105107922
2020-06,Information Technology,87.85611497776182,90.42564456356155,2.5695295857997307,12.143885022238178,0.1080411959627381,0.4938487274140631,0.2197134593996919,61.0,0.2703821683728205,0.1006797160532256,0.4779609050784248,0.2566000089445073,-1.360236791942818,10.06797160532256,47.79609050784248,2.9314833003666263
2020-06,Materials,88.33596967605537,96.33791209693891,8.00194242088355,11.664030323944637,0.0762227696669459,0.3608029897501988,0.1814537547225505,25.0,0.0231562447705444,0.0758354223968326,0.3657761810094375,0.023268560418235,-3.7606521678602953,7.5835422396832595,36.577618100943745,2.9490675117634835
2020-06,Real Estate,87.53382365366662,88.95689626784407,1.4230726141774652,12.466176346333382,0.0704865608712949,0.3588734262305566,0.162389870175152,29.0,0.0266215327487102,0.0716810185635396,0.3624033576909823,0.0269318066265726,-3.614447288386791,7.16810185635396,36.24033576909823,3.0550616872516874
2020-06,Utilities,86.11540295320077,77.93487565095894,-8.180527302241815,13.884597046799236,0.0595570461558441,0.3111779163789154,0.1496342956672962,28.0,0.02963170001641,0.0604889139535039,0.3139227656024747,0.031783229352463,-3.4488165071625105,6.04889139535039,31.392276560247467,3.104236192917067
2020-07,Communication Services,86.67416345570268,83.85710280467633,-2.8170606510263543,13.325836544297317,0.1827217468530816,0.6236761160679987,0.3269775691356019,15.0,0.1106769602327583,0.1826009075226688,0.6202221056554641,0.1097996570667948,-2.209097873164819,18.26009075226688,62.02221056554641,2.7766141662661865
2020-07,Consumer Discretionary,87.86508227788264,93.60017134504879,5.735089067166168,12.134917722117367,0.2403028659547081,0.6049673654891803,0.4736082202635189,54.0,0.119010968953177,0.2200545239172194,0.5884042937275424,0.1152692771939725,-2.1604843469365247,22.005452391721942,58.840429372754244,2.709743038405126
2020-07,Consumer Staples,86.3441593173348,82.65573822989958,-3.6884210874352235,13.655840682665193,0.0820227666250883,0.4093352416935359,0.1677925702928926,31.0,0.0779862455449955,0.0810561185840405,0.4053742555207991,0.0769613084589649,-2.564452470963538,8.105611858404052,40.53742555207991,2.400209217639037
2020-07,Energy,84.44785950097597,69.07360801728636,-15.374251483689601,15.552140499024036,0.1566688904303664,0.5884313226422838,0.2794400372388479,19.0,0.022747963251567,0.1580498953864476,0.5941793562032034,0.0254476352165747,-3.671132459101461,15.80498953864476,59.417935620320335,3.2778259580225466
2020-07,Financials,87.7546860659693,94.82384714654455,7.069161080575253,12.245313934030714,0.0587810195776063,0.3545691123451414,0.171099705674023,61.0,0.0992768465438721,0.0564079648108981,0.3458214822807404,0.1009843096019473,-2.2927901246847817,5.64079648108981,34.58214822807404,2.761415989241047
2020-07,Health Care,86.84163686986186,86.60306238074332,-0.23857448911853527,13.158363130138154,0.0390660035181482,0.2292559362791062,0.0994810092283219,56.0,0.1378421638349272,0.0395291881438351,0.2306057626402456,0.1383547849493444,-1.9779339875189847,3.9529188143835103,23.06057626402456,2.5081314986625527
2020-07,Industrials,87.96877689613602,96.11532762938144,8.14655073324541,12.031223103863976,0.0245546316750903,0.151205596656587,0.0536806835234105,73.0,0.0818758498330478,0.0248829534117233,0.1448202375919245,0.0833913816039157,-2.4842103130397293,2.48829534117233,14.48202375919245,2.6649708298598256
2020-07,Information Technology,87.30238807788436,88.62540546867551,1.323017390791152,12.697611922115641,0.1131003037426886,0.5019784244287787,0.2421187203643434,61.0,0.270639751964108,0.1080411959627381,0.4938487274140631,0.2703821683728205,-1.3079188823546075,10.80411959627381,49.38487274140631,2.803847211943928
2020-07,Materials,88.03003835589521,96.67619562541213,8.646157269516927,11.969961644104785,0.0812369546754727,0.3807678099604477,0.1952530384418276,25.0,0.0235421665165409,0.0762227696669459,0.3608029897501988,0.0231562447705444,-3.7654907823192425,7.6222769666945895,36.08029897501988,2.66187338209718
2020-07,Real Estate,87.18888606465246,89.1202074808988,1.9313214162463352,12.811113935347542,0.0715709152120919,0.3611985735152931,0.1581240793437953,29.0,0.0261676948680208,0.0704865608712949,0.3588734262305566,0.0266215327487102,-3.6260348888331673,7.0486560871294905,35.88734262305566,2.8151786086827046
2020-07,Utilities,85.21190145043512,74.47891220416359,-10.732989246271542,14.78809854956487,0.061988228284838,0.3162840067208352,0.1623343709313287,28.0,0.0302333884569849,0.0595570461558441,0.3111779163789154,0.02963170001641,-3.5189105442058843,5.95570461558441,31.11779163789154,2.8695411442997547
2020-08,Communication Services,85.90523153590621,82.12902779748345,-3.77620373842276,14.094768464093791,0.1868176860852841,0.6317197565822346,0.3271985793208891,15.0,0.1130038432939068,0.1827217468530816,0.6236761160679987,0.1106769602327583,-2.2011395889078758,18.27217468530816,62.36761160679987,2.4857573494848775
2020-08,Consumer Discretionary,87.40442998364676,93.97171639209094,6.567286408444177,12.59557001635324,0.2387170250750064,0.6034477923516615,0.4720033886909172,54.0,0.1219668101050114,0.2403028659547081,0.6049673654891803,0.119010968953177,-2.1285396140414434,24.03028659547081,60.49673654891803,2.211604044021168
2020-08,Consumer Staples,85.8768664833926,83.27462692178354,-2.602239561609078,14.123133516607389,0.0831260492002411,0.4140213126082362,0.1713917428821643,31.0,0.076409274580963,0.0820227666250883,0.4093352416935359,0.0779862455449955,-2.5512228070088487,8.20227666250883,40.93352416935359,2.166722312901456
2020-08,Energy,83.76464472461417,68.55387209992506,-15.210772624689122,16.23535527538583,0.155317597686676,0.5882046911475647,0.2712271220565037,19.0,0.020736622442769,0.1566688904303664,0.5884313226422838,0.022747963251567,-3.7832796649966434,15.666889043036639,58.84313226422838,3.016582057143045
2020-08,Financials,87.16210754843428,94.05839235004876,6.896284801614489,12.837892451565725,0.0615599143545966,0.3627207112298883,0.1800781490286704,61.0,0.0963444449456226,0.0587810195776063,0.3545691123451414,0.0992768465438721,-2.3098429018469755,5.87810195776063,35.45691123451414,2.5636628025499797
2020-08,Health Care,86.31037121660013,86.83089976276216,0.5205285461620264,13.689628783399868,0.0397503963887746,0.2311719055192102,0.1018665497573726,56.0,0.1320528398907409,0.0390660035181482,0.2292559362791062,0.1378421638349272,-1.9816459887216673,3.90660035181482,22.92559362791062,2.189125864570506
2020-08,Industrials,87.49971387203327,96.34933764884647,8.849623776813202,12.500286127966728,0.024852815449686,0.1560316064167442,0.0567970305793927,73.0,0.0828351571074209,0.0245546316750903,0.151205596656587,0.0818758498330478,-2.5025512054403105,2.45546316750903,15.1205596656587,2.4263924996785566
2020-08,Information Technology,86.40609085603631,84.89138449861098,-1.514706357425344,13.59390914396368,0.1211491179268195,0.5170785944323,0.2605917092974796,61.0,0.2820511215998201,0.1131003037426886,0.5019784244287787,0.270639751964108,-1.306966670989161,11.31003037426886,50.19784244287787,2.479258293714383
2020-08,Materials,87.57751612575842,97.01502170265664,9.437505576898221,12.422483874241575,0.079250313147818,0.3742942242874303,0.1911879122384362,25.0,0.022855419042654,0.0812369546754727,0.3807678099604477,0.0235421665165409,-3.74896214584802,8.12369546754727,38.07678099604477,2.425355180841649
2020-08,Real Estate,86.57297574271223,88.34649266058595,1.773516917873717,13.42702425728777,0.0689199724436412,0.3490012282535366,0.1508370182775303,29.0,0.0244017286632692,0.0715709152120919,0.3611985735152931,0.0261676948680208,-3.6432296493146192,7.15709152120919,36.11985735152931,2.643040237349876
2020-08,Utilities,84.44915760574638,73.50833386008684,-10.940823745659529,15.550842394253628,0.0627430993129601,0.3187372923200734,0.1665003861076491,28.0,0.0273427383278216,0.061988228284838,0.3162840067208352,0.0302333884569849,-3.498808387256786,6.1988228284838,31.62840067208352,2.5867765325143153
2020-09,Communication Services,85.28281968630617,80.04782220244701,-5.234997483859159,14.717180313693834,0.1760923084574459,0.6134595225599454,0.3143089719019366,16.0,0.1099164147667144,0.1868176860852841,0.6317197565822346,0.1130038432939068,-2.1803334493976703,18.681768608528408,63.17197565822346,2.97985941325704
2020-09,Consumer Discretionary,87.17298711200417,94.67498379560865,7.501996683604486,12.827012887995837,0.2182584715719134,0.5883655325476743,0.448049395243578,53.0,0.122041448217122,0.2387170250750064,0.6034477923516615,0.1219668101050114,-2.104006319580316,23.87170250750064,60.34477923516614,2.901432946564959
2020-09,Consumer Staples,85.7655035175278,85.43412169059427,-0.3313818269335466,14.234496482472196,0.0856352021454391,0.4229588787077963,0.1756534991467359,30.0,0.0781201495771915,0.0831260492002411,0.4140213126082362,0.076409274580963,-2.571651195138661,8.312604920024109,41.40213126082362,2.6556857809972905
2020-09,Energy,82.94620975285856,66.56201624887228,-16.384193503986282,17.05379024714144,0.157216295381374,0.5923401611622078,0.2722471840441559,19.0,0.0184534942553632,0.155317597686676,0.5882046911475647,0.020736622442769,-3.875853941768142,15.5317597686676,58.82046911475647,3.244855785064614
2020-09,Financials,86.62612452986109,92.69780021725349,6.071675687392395,13.373875470138907,0.0618866364148233,0.362568652772944,0.1824558386096758,61.0,0.0964971150102786,0.0615599143545966,0.3627207112298883,0.0963444449456226,-2.3398255407333,6.1559914354596605,36.272071122988834,2.9607887041243495
2020-09,Health Care,85.98710444608405,87.41736251048175,1.4302580643977127,14.012895553915953,0.0399149106572747,0.2313762783397071,0.1010413238902799,56.0,0.1342666340115434,0.0397503963887746,0.2311719055192102,0.1320528398907409,-2.024553134292735,3.9750396388774605,23.11719055192102,2.73009800168769
2020-09,Industrials,87.21771234447418,96.98495147318359,9.767239128709399,12.78228765552582,0.0250788147301183,0.1589859981342832,0.0582220648414179,73.0,0.0855832821670532,0.024852815449686,0.1560316064167442,0.0828351571074209,-2.490902704962531,2.4852815449686,15.603160641674421,2.907348636129046
2020-09,Information Technology,85.84826148089711,82.18501047846614,-3.663251002430971,14.151738519102883,0.1135596282149662,0.5001593159672116,0.2469571899449457,62.0,0.2775834471283105,0.1211491179268195,0.5170785944323,0.2820511215998201,-1.2656669422048028,12.11491179268195,51.70785944323,3.184426995681421
2020-09,Materials,87.18817325974307,96.56289335878029,9.374720099037228,12.811826740256942,0.0756751754798409,0.3664524743592864,0.1802232677244572,25.0,0.0240253573641017,0.079250313147818,0.3742942242874303,0.022855419042654,-3.778567032531507,7.9250313147817995,37.42942242874303,2.9142025160183884
2020-09,Real Estate,86.16347183815422,88.17812801932635,2.0146561811721178,13.836528161845772,0.0696113668011416,0.3521449001762246,0.1494978308757085,29.0,0.0248597353704869,0.0689199724436412,0.3490012282535366,0.0244017286632692,-3.7131013023372055,6.89199724436412,34.900122825353655,2.932633528109718
2020-09,Utilities,83.96938065150644,73.42265862440306,-10.546722027103376,16.03061934849357,0.0629746436208063,0.3229775065127478,0.1642054244092334,28.0,0.0286529221318341,0.0627430993129601,0.3187372923200734,0.0273427383278216,-3.599304294405513,6.27430993129601,31.873729232007342,2.829191003483249
2020-10,Communication Services,84.72978124172434,79.13657461737996,-5.593206624344363,15.270218758275671,0.1910686811692871,0.6365441322276317,0.3428876686366907,16.0,0.1142097501240944,0.1760923084574459,0.6134595225599454,0.1099164147667144,-2.208035067791178,17.609230845744587,61.34595225599454,2.7137821025445215
2020-10,Consumer Discretionary,86.90851725348111,94.94500730660506,8.036490053123954,13.091482746518892,0.2157993240325723,0.5845003248270696,0.4454342623389559,53.0,0.1216417110044345,0.2182584715719134,0.5883655325476743,0.122041448217122,-2.1033945524626647,21.82584715719134,58.83655325476743,2.68947128870394
2020-10,Consumer Staples,85.68425077488962,86.84464279246059,1.1603920175709574,14.31574922511038,0.0873112939453939,0.4284148393235759,0.1792597586534768,30.0,0.0780128952863681,0.0856352021454391,0.4229588787077963,0.0781201495771915,-2.549507258264899,8.56352021454391,42.29588787077963,2.398533499700062
2020-10,Energy,82.40297091376115,65.40424489113718,-16.998726022623973,17.597029086238845,0.1586058543446067,0.5900249228106733,0.2692180639083592,19.0,0.0182218729277083,0.157216295381374,0.5923401611622078,0.0184534942553632,-3.9925015358931333,15.7216295381374,59.23401611622078,3.3106826548907033
2020-10,Financials,86.4107818138152,92.91665019880607,6.505868384990854,13.589218186184791,0.0592239334769356,0.3550000912473133,0.1735772676243906,61.0,0.0988324934478579,0.0618866364148233,0.362568652772944,0.0964971150102786,-2.338242167350642,6.18866364148233,36.256865277294395,2.7948317607081323
2020-10,Health Care,85.75291132336345,87.79962685180712,2.0467155284436633,14.24708867663655,0.0393191561960197,0.2272197416276767,0.0967574475705914,56.0,0.1326827207801752,0.0399149106572747,0.2313762783397071,0.1342666340115434,-2.007927650016817,3.9914910657274696,23.137627833970708,2.5127338287130323
2020-10,Industrials,86.96468879476903,96.99570099076578,10.031012195996754,13.035311205230961,0.0241414419765019,0.1510086821275843,0.0552658456028514,74.0,0.0873605640700638,0.0250788147301183,0.1589859981342832,0.0855832821670532,-2.45826531669508,2.50788147301183,15.898599813428321,2.703152116292399
2020-10,Information Technology,85.35956905404993,81.16730938049751,-4.192259673552411,14.640430945950067,0.1132631663009337,0.4996933521031346,0.2446780332347861,63.0,0.2690437592170646,0.1135596282149662,0.5001593159672116,0.2775834471283105,-1.2816336806276596,11.35596282149662,50.01593159672117,2.773745022792571
2020-10,Materials,86.83242330404528,95.46642409465122,8.634000790605945,13.167576695954722,0.0711716753281634,0.3491997527146956,0.168920367074179,25.0,0.0243737863954505,0.0756751754798409,0.3664524743592864,0.0240253573641017,-3.7286454495599584,7.56751754798409,36.64524743592864,2.7085071216690446
2020-10,Real Estate,85.80165043030523,87.38752101566077,1.5858705853555415,14.198349569694777,0.0690107090819904,0.3493764601651722,0.1468727687634065,29.0,0.0247042167237109,0.0696113668011416,0.3521449001762246,0.0248597353704869,-3.6945058377475837,6.96113668011416,35.21449001762246,2.7115665589488516
2020-10,Utilities,83.52842180783689,72.31226457226997,-11.216157235566925,16.471578192163104,0.0630608713002904,0.3206413092857363,0.1650017275245778,28.0,0.0309162300230713,0.0629746436208063,0.3229775065127478,0.0286529221318341,-3.552499846892101,6.297464362080631,32.29775065127478,2.7168251297201933
2020-11,Communication Services,83.54880429253944,77.21200991290002,-6.336794379639429,16.451195707460553,0.1859012885555971,0.6273294014546176,0.3387138775390635,16.0,0.1127776225534561,0.1910686811692871,0.6365441322276317,0.1142097501240944,-2.1697186077856485,19.10686811692871,63.654413222763175,2.5762100123877905
2020-11,Consumer Discretionary,86.16897232499878,95.28109960812957,9.112127283130784,13.83102767500122,0.2003648979327486,0.5654247417507721,0.4280633232023935,53.0,0.1193293330956406,0.2157993240325723,0.5845003248270696,0.1216417110044345,-2.1066753501387656,21.579932403257228,58.45003248270696,2.5303072380863707
2020-11,Consumer Staples,84.98439341057744,87.07809545308156,2.0937020425041246,15.015606589422557,0.0863969496758906,0.4229732356554995,0.1833065591737438,30.0,0.0759022771843484,0.0873112939453939,0.4284148393235759,0.0780128952863681,-2.550881141772876,8.73112939453939,42.84148393235759,2.406039463321272
2020-11,Energy,80.61631683969631,61.75970156138644,-18.85661527830986,19.38368316030369,0.1478029414059107,0.5721466498346339,0.2586055359500648,19.0,0.0208539530425944,0.1586058543446067,0.5900249228106733,0.0182218729277083,-4.0051325972792515,15.860585434460669,59.00249228106733,3.4947923958867415
2020-11,Financials,85.45704217435168,91.1400461696599,5.6830039953082245,14.54295782564832,0.0580768856457831,0.3521053561544031,0.1658496720659192,61.0,0.1040236982799575,0.0592239334769356,0.3550000912473133,0.0988324934478579,-2.31432884724664,5.92239334769356,35.50000912473133,2.7728814033905107
2020-11,Health Care,84.62854138205306,84.23575501896211,-0.3927863630909556,15.371458617946939,0.0389229095520091,0.2273333850459792,0.0947637552498102,56.0,0.1291568726209708,0.0393191561960197,0.2272197416276767,0.1326827207801752,-2.0197945587811947,3.9319156196019702,22.72197416276767,2.538344757935992
2020-11,Industrials,86.37900280267434,98.12481342071105,11.745810618036717,13.62099719732566,0.0245252474179505,0.1516885033173664,0.0523487270118414,74.0,0.0907732431215565,0.0241414419765019,0.1510086821275843,0.0873605640700638,-2.437711310160419,2.41414419765019,15.100868212758431,2.7675973552286512
2020-11,Information Technology,84.25045304321685,79.64539657936646,-4.6050564638503815,15.749546956783155,0.1075549132658711,0.4875192728512412,0.2403505643557947,63.0,0.2706172655825783,0.1132631663009337,0.4996933521031346,0.2690437592170646,-1.3128812389408395,11.32631663009337,49.96933521031346,2.743622891441759
2020-11,Materials,85.94961358420693,94.24138869367073,8.291775109463808,14.050386415793076,0.0712974413031573,0.3453328491666628,0.1747892875815251,25.0,0.0247431185180302,0.0711716753281634,0.3491997527146956,0.0243737863954505,-3.71424705224233,7.117167532816341,34.91997527146956,2.729496846602715
2020-11,Real Estate,85.16914315388972,88.19323972945706,3.0240965755673477,14.830856846110288,0.0639413858483587,0.3351142601663689,0.1382572546706009,29.0,0.0238708285350717,0.0690107090819904,0.3493764601651722,0.0247042167237109,-3.700781332359644,6.90107090819904,34.93764601651722,2.8197589523552624
2020-11,Utilities,82.85844779678658,73.09918465766619,-9.759263139120396,17.141552203213426,0.0629714501294158,0.3177589515865013,0.1657431090849992,28.0,0.027951787465795,0.0630608713002904,0.3206413092857363,0.0309162300230713,-3.476473989505413,6.30608713002904,32.06413092857363,2.7444711185134216
2020-12,Communication Services,82.82278342281982,76.54314175723715,-6.279641665582659,17.177216577180182,0.1796108517325776,0.626127573379316,0.3302388791004373,16.0,0.1092017059268674,0.1859012885555971,0.6273294014546176,0.1127776225534561,-2.1823373412167117,18.59012885555971,62.732940145461754,2.4183454672007874
2020-12,Consumer Discretionary,85.67522760415515,95.60038786142154,9.925160257266391,14.324772395844848,0.1676974771443701,0.5786478417237187,0.3652401759548367,54.0,0.1360218054150182,0.2003648979327486,0.5654247417507721,0.1193293330956406,-2.125868103356317,20.03648979327486,56.5424741750772,2.103716766097174
2020-12,Consumer Staples,84.41054224226765,86.88439179708932,2.4738495548216717,15.58945775773235,0.0835828766032775,0.4154967078932621,0.171582595951822,30.0,0.0723757955396301,0.0863969496758906,0.4229732356554995,0.0759022771843484,-2.578308592601784,8.63969496758906,42.29732356554995,2.0923470972683975
2020-12,Energy,78.83469792678176,57.511387274180976,-21.323310652600767,21.165302073218257,0.1440143137346655,0.5623735095444773,0.2582295343032293,19.0,0.0205187589383534,0.1478029414059107,0.5721466498346339,0.0208539530425944,-3.8702117543390315,14.780294140591069,57.21466498346339,3.2591587670406246
2020-12,Financials,84.79649704996449,90.79691746365182,6.000420413687343,15.203502950035526,0.0567859104999706,0.3486630477885696,0.1589122848729904,61.0,0.1040669710849999,0.0580768856457831,0.3521053561544031,0.1040236982799575,-2.2631365377222368,5.80768856457831,35.21053561544031,2.4217535196675595
2020-12,Health Care,83.93072597307065,83.25097751244586,-0.6797484606247921,16.069274026929346,0.0393397919668609,0.2294391763724096,0.0996424877856857,56.0,0.1264067788232893,0.0389229095520091,0.2273333850459792,0.1291568726209708,-2.0467275466015993,3.8922909552009095,22.73333850459792,2.272830832699273
2020-12,Industrials,85.89772979791057,98.72067395825371,12.822944160343157,14.102270202089432,0.0244437615210009,0.1519996943199715,0.0521360049944775,74.0,0.0870287939540041,0.0245252474179505,0.1516885033173664,0.0907732431215565,-2.3993907160793713,2.45252474179505,15.16885033173664,2.380013383516805
2020-12,Information Technology,83.51370060205102,78.44035756223853,-5.073343039812493,16.48629939794898,0.1116857754094858,0.4951426537613957,0.2527458184573782,63.0,0.2713560613787416,0.1075549132658711,0.4875192728512412,0.2706172655825783,-1.3070497604672229,10.75549132658711,48.75192728512412,2.377436440366333
2020-12,Materials,85.32976553903853,93.69387352245025,8.36410798341172,14.670234460961478,0.0709298902596869,0.340790145066714,0.1766526394201313,25.0,0.0238017222344464,0.0712974413031573,0.3453328491666628,0.0247431185180302,-3.699207868303182,7.129744130315729,34.53328491666628,2.5295489734433123
2020-12,Real Estate,84.57268169912541,87.84349415056494,3.270812451439522,15.427318300874582,0.0629305842743503,0.3250077170680525,0.1338879600549552,28.0,0.0226401402293405,0.0639413858483587,0.3351142601663689,0.0238708285350717,-3.7350981289249603,6.39413858483587,33.51142601663689,2.5201016593523713
2020-12,Utilities,82.15951920889917,72.65826820655006,-9.501251002349107,17.84048079110083,0.064606738718315,0.324137220123603,0.1728611328375559,28.0,0.0265814664753084,0.0629714501294158,0.3177589515865013,0.027951787465795,-3.5772741291613084,6.29714501294158,31.77589515865013,2.5576442572150864
2021-01,Communication Services,81.52911088211341,74.60315306028514,-6.925957821828269,18.470889117886593,0.1881751782359447,0.633160746724208,0.3504717591766964,16.0,0.1087690189454909,0.1796108517325776,0.626127573379316,0.1092017059268674,-2.214558593752445,17.96108517325776,62.612757337931605,2.713324362792783
2021-01,Consumer Discretionary,84.78500803452566,95.0343643128902,10.249356278364544,15.214991965474331,0.1675991966670491,0.5901464855244967,0.3579273913069332,54.0,0.1382827075227461,0.1676974771443701,0.5786478417237187,0.1360218054150182,-1.994940072164239,16.76974771443701,57.86478417237188,2.6609438918845725
2021-01,Consumer Staples,83.53567865622419,86.90379546445764,3.368116808233463,16.464321343775808,0.0828372491527329,0.4101142801173701,0.1773251853679825,30.0,0.0690749366322907,0.0835828766032775,0.4154967078932621,0.0723757955396301,-2.625883351237401,8.35828766032775,41.54967078932621,2.3789783191422615
2021-01,Energy,77.00189675150685,54.7765013921597,-22.225395359347136,22.998103248493162,0.1431257749866905,0.5705924528407181,0.265259227404878,19.0,0.0219906288852998,0.1440143137346655,0.5623735095444773,0.0205187589383534,-3.886415741095659,14.40143137346655,56.23735095444773,3.3775160924031074
2021-01,Financials,83.8213040647942,89.70059288766937,5.879288822875171,16.178695935205795,0.057534785863907,0.3527176861578103,0.1595333455068901,61.0,0.1033144696254071,0.0567859104999706,0.3486630477885696,0.1040669710849999,-2.2627206343489794,5.67859104999706,34.86630477885696,2.667336601192658
2021-01,Health Care,83.15975318937109,84.00655518574236,0.8468019963712677,16.840246810628916,0.0397648842350955,0.229446828699399,0.1021197561310896,56.0,0.1293847216166036,0.0393397919668609,0.2294391763724096,0.1264067788232893,-2.068250168776327,3.9339791966860904,22.94391763724096,2.5167907771901015
2021-01,Industrials,85.24437921258694,99.85799095140557,14.613611738818639,14.755620787413074,0.0242298985638196,0.1472112091221507,0.049935661678301,74.0,0.0844644254510335,0.0244437615210009,0.1519996943199715,0.0870287939540041,-2.4415162500958307,2.44437615210009,15.19996943199715,2.6625505951618176
2021-01,Information Technology,82.2111154591513,76.53219534230831,-5.678920116842982,17.788884540848702,0.1136312028598323,0.4972456472664918,0.2508891038331491,65.0,0.2716727202276992,0.1116857754094858,0.4951426537613957,0.2713560613787416,-1.3043234408606228,11.16857754094858,49.51426537613957,2.7212518391603004
2021-01,Materials,84.28810613711673,91.69865151897248,7.410545381855747,15.711893862883274,0.0686929408170281,0.3310606610734343,0.1701583965810442,25.0,0.0232887459234003,0.0709298902596869,0.340790145066714,0.0238017222344464,-3.737997338130903,7.0929890259686905,34.0790145066714,2.833926476392168
2021-01,Real Estate,83.38820309886194,85.53422823584063,2.1460251369786865,16.611796901138067,0.0635206984119513,0.3274025869620599,0.134431396864442,28.0,0.0231147158659194,0.0629305842743503,0.3250077170680525,0.0226401402293405,-3.788030831790873,6.293058427435031,32.500771706805246,2.741241138137512
2021-01,Utilities,80.99004736312718,71.30657449764806,-9.683472865479132,19.009952636872818,0.0675691696585853,0.3347081702448826,0.1829530725891074,28.0,0.0266429093041088,0.064606738718315,0.324137220123603,0.0265814664753084,-3.627541055085465,6.4606738718315,32.4137220123603,2.799288603602836
2021-02,Communication Services,81.1101962273184,74.82109643249065,-6.289099794827766,18.8898037726816,0.1957763821120196,0.6454464317310722,0.3672303503229869,16.0,0.1117239592239216,0.1881751782359447,0.633160746724208,0.1087690189454909,-2.2185287374491782,18.81751782359447,63.3160746724208,2.6231394656371836
2021-02,Consumer Discretionary,84.29066042795776,94.49236143530109,10.201701007343322,15.709339572042234,0.1556619462711182,0.558315825551272,0.3500741354806604,54.0,0.1335470337210957,0.1675991966670491,0.5901464855244967,0.1382827075227461,-1.978455084117896,16.75991966670491,59.014648552449664,2.6769773159111465
2021-02,Consumer Staples,82.9745102656037,86.85336071324298,3.878850447639276,17.025489734396302,0.0792844964884023,0.3994000261580263,0.1665493558611051,30.0,0.0663534101276776,0.0828372491527329,0.4101142801173701,0.0690749366322907,-2.672563325548529,8.28372491527329,41.01142801173701,2.2295869783578772
2021-02,Energy,75.91163598673931,53.146344699099984,-22.765291287639332,24.088364013260684,0.1424297748107914,0.5721225353260639,0.2670424021152702,18.0,0.0258729086572049,0.1431257749866905,0.5705924528407181,0.0219906288852998,-3.8171388761295497,14.312577498669048,57.059245284071814,3.2780004927573803
2021-02,Financials,83.41412436584015,90.14639105388886,6.732266688048713,16.585875634159862,0.0568171214592939,0.3520131563738961,0.1515536355119,61.0,0.1120413333389954,0.057534785863907,0.3527176861578103,0.1033144696254071,-2.269977838847891,5.7534785863907,35.27176861578103,2.5944693001843597
2021-02,Health Care,82.49464824911765,83.05064562276876,0.5559973736511141,17.505351750882348,0.0394512295197434,0.2297894179937915,0.1014830512284708,56.0,0.12338710295798,0.0397648842350955,0.229446828699399,0.1293847216166036,-2.0449649748553225,3.97648842350955,22.9446828699399,2.272830451267055
2021-02,Industrials,84.86637304432001,100.429192262261,15.562819217940973,15.133626955679981,0.0245291167755918,0.1436557844490737,0.0485562601048976,74.0,0.08700102997613,0.0242298985638196,0.1472112091221507,0.0844644254510335,-2.471424833844119,2.42298985638196,14.721120912215069,2.488412193978282
2021-02,Information Technology,81.80903972796466,76.97866045852915,-4.8303792694355,18.190960272035344,0.1027935160658464,0.4758340098377909,0.2275787522241724,66.0,0.2685072771022365,0.1136312028598323,0.4972456472664918,0.2716727202276992,-1.3031571716109018,11.36312028598323,49.72456472664918,2.5936739714033203
2021-02,Materials,83.7756175577508,91.2668911159989,7.491273558248102,16.22438244224919,0.0636491188703847,0.3066350456898511,0.1579284285450897,25.0,0.0243679763254853,0.0686929408170281,0.3310606610734343,0.0232887459234003,-3.7597850426756043,6.869294081702811,33.10606610734343,2.5914462069193047
2021-02,Real Estate,82.45070267098261,82.62016248798368,0.16945981700106927,17.549297329017396,0.0592655971477882,0.3103627515993438,0.1260219968868199,28.0,0.0228680226409281,0.0635206984119513,0.3274025869620599,0.0231147158659194,-3.7672858138122027,6.352069841195131,32.74025869620599,2.4683457788815857
2021-02,Utilities,80.1042709370313,69.39667317906132,-10.707597757969983,19.8957290629687,0.0657234949512663,0.3293287197540698,0.1776740201965036,28.0,0.0243299459283445,0.0675691696585853,0.3347081702448826,0.0266429093041088,-3.625232231160528,6.7569169658585295,33.470817024488255,2.5891500729650296
2021-03,Communication Services,80.35315526478965,73.91327500410863,-6.439880260681029,19.64684473521035,0.1956875698820254,0.6496375659698912,0.3592218968298956,16.0,0.1113843987991946,0.1957763821120196,0.6454464317310722,0.1117239592239216,-2.1917240997224887,19.577638211201958,64.54464317310722,2.732724219702918
2021-03,Consumer Discretionary,82.90667795554181,89.2511624134435,6.344484457901697,17.09332204445819,0.1459535139332614,0.5468346035749725,0.3370522901198829,56.0,0.1327384878844303,0.1556619462711182,0.558315825551272,0.1335470337210957,-2.013301550671744,15.566194627111821,55.8315825551272,2.943690622299532
2021-03,Consumer Staples,82.17409594491468,86.64399228392675,4.469896339012066,17.82590405508531,0.0791432214423367,0.3992659528222541,0.1623795388015713,30.0,0.0679593116950261,0.0792844964884023,0.3994000261580263,0.0663534101276776,-2.7127601234782674,7.92844964884023,39.94000261580263,2.363023772102759
2021-03,Energy,74.45752436498958,51.645846635893676,-22.8116777290959,25.54247563501043,0.1440696397940178,0.5762298695748889,0.2666066367552814,18.0,0.0254568936969729,0.1424297748107914,0.5721225353260639,0.0258729086572049,-3.6545588555054302,14.242977481079139,57.2122535326064,3.1539609603479275
2021-03,Financials,82.4900417804634,89.26290131598434,6.772859535520922,17.509958219536593,0.0563430272382221,0.3516867689620795,0.1492054610046675,61.0,0.1131681477924951,0.0568171214592939,0.3520131563738961,0.1120413333389954,-2.1888874280987825,5.68171214592939,35.201315637389605,2.766609642879615
2021-03,Health Care,81.93306309201901,84.48060022383687,2.547537131817863,18.06693690798099,0.0397337151774426,0.233515053735816,0.1013720938228851,56.0,0.1225635711471783,0.0394512295197434,0.2297894179937915,0.12338710295798,-2.0924286870896864,3.94512295197434,22.97894179937915,2.4322151847998255
2021-03,Industrials,84.1756575505434,100.45436642705741,16.278708876513996,15.824342449456594,0.0244719152876226,0.141606668334955,0.0477610315334567,73.0,0.0907676237795285,0.0245291167755918,0.1436557844490737,0.08700102997613,-2.4418353215915394,2.4529116775591797,14.36557844490737,2.7311737094946333
2021-03,Information Technology,80.8573629742798,75.11131920100513,-5.746043773274661,19.14263702572021,0.1007724327125507,0.4705261182611708,0.2246536288658424,66.0,0.2621130733993511,0.1027935160658464,0.4758340098377909,0.2685072771022365,-1.3148772625988663,10.27935160658464,47.583400983779086,2.853320812689379
2021-03,Materials,83.24859570434953,92.65852561026739,9.409929905917865,16.751404295650477,0.0664183271865929,0.3166174935678936,0.1690042017928911,25.0,0.0249173254783584,0.0636491188703847,0.3066350456898511,0.0243679763254853,-3.7144854543709513,6.3649118870384696,30.66350456898511,2.7198596198175187
2021-03,Real Estate,81.59044485454528,81.95713562669216,0.36669077214687307,18.409555145454718,0.0612145481503147,0.3205638613215206,0.1308444416403086,27.0,0.0231277718135803,0.0592655971477882,0.3103627515993438,0.0228680226409281,-3.7780157355105812,5.92655971477882,31.03627515993438,2.724458083405408
2021-03,Utilities,79.05020953167134,67.85770427589165,-11.19250525577969,20.94979046832866,0.0625939289670932,0.3206264760138994,0.1649061102914316,28.0,0.025803394513884,0.0657234949512663,0.3293287197540698,0.0243299459283445,-3.716047344616446,6.5723494951266295,32.93287197540698,2.7007852861755532
2021-04,Communication Services,78.25103847128818,69.18886739020279,-9.062171081085408,21.74896152871181,0.2096529855568679,0.6683541137180976,0.3796568737203457,16.0,0.1143500497275403,0.1956875698820254,0.6496375659698912,0.1113843987991946,-2.1947680079822716,19.56875698820254,64.96375659698911,2.223813679443801
2021-04,Consumer Discretionary,81.75104135847657,88.12598876472677,6.374947406250191,18.248958641523426,0.155833265515355,0.5608164639906561,0.3527520039116091,56.0,0.135066285935791,0.1459535139332614,0.5468346035749725,0.1327384878844303,-2.0193743428884536,14.595351393326139,54.683460357497246,2.3103002195921447
2021-04,Consumer Staples,80.94846297507077,84.76591253478584,3.8174495597150804,19.05153702492924,0.0783250083802407,0.3937344101409592,0.1626272583994652,30.0,0.0659476891106506,0.0791432214423367,0.3992659528222541,0.0679593116950261,-2.688846110319364,7.91432214423367,39.926595282225406,2.045451906340047
2021-04,Energy,71.81395968479505,48.172612348926265,-23.64134733586879,28.18604031520495,0.1446015920896952,0.5733721820955585,0.2720100066034969,18.0,0.0242727392267376,0.1440696397940178,0.5762298695748889,0.0254568936969729,-3.670768700485169,14.40696397940178,57.622986957488884,3.0441858419252106
2021-04,Financials,81.25850698391989,87.11211658446894,5.853609600549054,18.741493016080124,0.0555586128936063,0.3460057021753735,0.1513008732911019,61.0,0.1137548844586192,0.0563430272382221,0.3516867689620795,0.1131681477924951,-2.178880532732768,5.63430272382221,35.16867689620795,2.32744556988546
2021-04,Health Care,81.13486251407065,85.24264004344558,4.107777529374935,18.865137485929356,0.039036523500861,0.2303452003732739,0.0965944600959013,56.0,0.1208739157221377,0.0397337151774426,0.233515053735816,0.1225635711471783,-2.0991254354641433,3.9733715177442597,23.3515053735816,2.0044068317466968
2021-04,Industrials,83.32283498762334,100.47832950486972,17.155494517246368,16.67716501237665,0.0244385226663751,0.1474254727967636,0.0543694738493824,73.0,0.0889329056130536,0.0244719152876226,0.141606668334955,0.0907676237795285,-2.399452623264522,2.44719152876226,14.1606668334955,2.2192006339621377
2021-04,Information Technology,79.67316288985562,74.93296369309815,-4.740199196757474,20.326837110144385,0.1032052675220637,0.4782436818727552,0.2277300172112439,67.0,0.2624627036950013,0.1007724327125507,0.4705261182611708,0.2621130733993511,-1.3389792904638598,10.07724327125507,47.05261182611708,2.3615661270436292
2021-04,Materials,82.46603590035897,93.65302353345925,11.18698763310027,17.533964099641025,0.0650305522042388,0.313300888301036,0.1634852805487849,25.0,0.0249063553470968,0.0664183271865929,0.3166174935678936,0.0249173254783584,-3.692191915125985,6.641832718659289,31.661749356789358,2.3647583873685876
2021-04,Real Estate,80.55529390010285,81.75325015471911,1.197956254616261,19.44470609989714,0.0611237619983874,0.3213826261785553,0.1295101625862529,27.0,0.0238384144626366,0.0612145481503147,0.3205638613215206,0.0231277718135803,-3.766721140557671,6.12145481503147,32.056386132152056,2.239609629026822
2021-04,Utilities,77.47470912464067,65.22420423750019,-12.250504887140494,22.525290875359328,0.0620419889304357,0.32022707851388,0.1618438553306173,28.0,0.0255940567007347,0.0625939289670932,0.3206264760138994,0.025803394513884,-3.6572492254035973,6.25939289670932,32.06264760138994,2.33697847414631
2021-05,Communication Services,77.71290018172043,68.77173009895981,-8.941170082760635,22.28709981827956,0.211688444404354,0.6705584550426807,0.3815652446552564,16.0,0.1134176093357614,0.2096529855568679,0.6683541137180976,0.1143500497275403,-2.168490923642079,20.96529855568679,66.83541137180976,2.4959766859246444
2021-05,Consumer Discretionary,81.3727689581683,88.12081934076379,6.748050382595489,18.627231041831706,0.1469649413646689,0.5417391392878683,0.3426145355127773,56.0,0.1287207604997171,0.155833265515355,0.5608164639906561,0.135066285935791,-2.0019896141163818,15.583326551535501,56.08164639906561,2.5027369585682786
2021-05,Consumer Staples,80.201772834105,83.07274311124965,2.8709702771446404,19.798227165895003,0.0782593102022581,0.3935327714399658,0.1624309650413741,30.0,0.0667467448783003,0.0783250083802407,0.3937344101409592,0.0659476891106506,-2.7188934404531904,7.83250083802407,39.373441014095924,2.1590535869123064
2021-05,Energy,69.69316383557683,44.51445560098803,-25.1787082345888,30.306836164423174,0.1375902555790693,0.5583343199107849,0.2637821297428522,18.0,0.0254169239988934,0.1446015920896952,0.5733721820955585,0.0242727392267376,-3.7184014008930624,14.46015920896952,57.33721820955585,3.0609992211912873
2021-05,Financials,80.91027587025503,88.15167214463568,7.241396274380658,19.089724129744972,0.0562436610389071,0.3484409638693981,0.1515001317015969,61.0,0.1185371378921374,0.0555586128936063,0.3460057021753735,0.1137548844586192,-2.173709281777432,5.55586128936063,34.60057021753735,2.617961371569218
2021-05,Health Care,80.59278961467949,84.26588014495736,3.673090530277883,19.407210385320518,0.0391542275979309,0.2320796143506771,0.0983203848524421,57.0,0.1229597892382258,0.039036523500861,0.2303452003732739,0.1208739157221377,-2.113007295489758,3.9036523500861002,23.03452003732739,2.123265661628561
2021-05,Industrials,83.0124031174067,101.54722063028099,18.534817512874294,16.9875968825933,0.0246172776622686,0.1481002169859242,0.0555780421414314,73.0,0.0911982950232489,0.0244385226663751,0.1474254727967636,0.0889329056130536,-2.419873063068766,2.44385226663751,14.74254727967636,2.399095274803676
2021-05,Information Technology,79.47501855190225,75.3003893789468,-4.17462917295545,20.52498144809774,0.0995452856885956,0.4685320892996784,0.2184322805304993,67.0,0.2582574732061622,0.1032052675220637,0.4782436818727552,0.2624627036950013,-1.337646288206843,10.32052675220637,47.82436818727552,2.573114615064519
2021-05,Materials,81.89434138380943,92.92127470506895,11.02693332125952,18.105658616190563,0.065314310703534,0.3117716239608305,0.1635416728858823,25.0,0.0259406999336155,0.0650305522042388,0.313300888301036,0.0249063553470968,-3.6926322732551764,6.50305522042388,31.3300888301036,2.5538629205200123
2021-05,Real Estate,79.9426566128627,80.94110333094349,0.9984467180807798,20.05734338713729,0.0613521821606285,0.3218789206812164,0.1310823216765728,27.0,0.0240422398864234,0.0611237619983874,0.3213826261785553,0.0238384144626366,-3.7364569464364457,6.11237619983874,32.13826261785553,2.3984860753598594
2021-05,Utilities,76.57696705507271,63.77776952876434,-12.799197526308374,23.423032944927282,0.0608791494459867,0.3160530321165271,0.1573586167653515,28.0,0.0247623261075141,0.0620419889304357,0.32022707851388,0.0255940567007347,-3.665395114577505,6.20419889304357,32.022707851388,2.4893786495135295
2021-06,Communication Services,77.47292282452496,70.44943951685123,-7.023483307673728,22.527077175475036,0.2167764402193591,0.6777065949804865,0.3866151446823573,16.0,0.1142636320648466,0.211688444404354,0.6705584550426807,0.1134176093357614,-2.176678614596168,21.1688444404354,67.05584550426808,2.1707705819702365
2021-06,Consumer Discretionary,80.73195673208515,87.3491507293912,6.61719399730604,19.26804326791485,0.1544480970390446,0.5536581975804508,0.352013495052862,56.0,0.1307417303533618,0.1469649413646689,0.5417391392878683,0.1287207604997171,-2.050109868144882,14.696494136466889,54.17391392878683,2.072446166155677
2021-06,Consumer Staples,79.78211569640872,83.80779454120062,4.025678844791897,20.21788430359127,0.0788427472994541,0.3927479076754157,0.1618662115062937,30.0,0.0647591527862276,0.0782593102022581,0.3935327714399658,0.0667467448783003,-2.706849748759032,7.82593102022581,39.35327714399658,2.016847558949488
2021-06,Energy,68.5899301504075,43.73224234695794,-24.857687803449565,31.4100698495925,0.139592248420275,0.5641767421958804,0.2730470020496049,18.0,0.0259443764358504,0.1375902555790693,0.5583343199107849,0.0254169239988934,-3.672340027667353,13.759025557906929,55.833431991078484,2.9654673273879086
2021-06,Financials,80.26064444422,87.19990816178733,6.9392637175673375,19.739355555780005,0.0553829908247812,0.3439951232774365,0.1497844039966643,61.0,0.1125692688508509,0.0562436610389071,0.3484409638693981,0.1185371378921374,-2.132528967572803,5.62436610389071,34.84409638693981,2.502397174519867
2021-06,Health Care,79.0192073119816,78.52685623198403,-0.4923510799975714,20.980792688018404,0.0379899079894661,0.222589369671638,0.0935571214810385,58.0,0.1229732085217812,0.0391542275979309,0.2320796143506771,0.1229597892382258,-2.0958978938210455,3.9154227597930897,23.20796143506771,2.1358705552750368
2021-06,Industrials,82.49056536164214,101.21764008462134,18.727074722979193,17.50943463835786,0.024236844267806,0.1461204932488294,0.0551388393950528,73.0,0.087150009182368,0.0246172776622686,0.1481002169859242,0.0911982950232489,-2.39471907699712,2.46172776622686,14.81002169859242,2.2851681932106214
2021-06,Information Technology,78.92972735613226,75.82120530417895,-3.1085220519533237,21.070272643867728,0.1035331685836365,0.4758793204806441,0.224689270590889,67.0,0.2697978786718134,0.0995452856885956,0.4685320892996784,0.2582574732061622,-1.3537982335263004,9.95452856885956,46.853208929967835,2.180673072243223
2021-06,Materials,81.10874282402288,91.26207598665287,10.153333162630002,18.89125717597712,0.0657060777601982,0.3169680243069942,0.1663611919386699,25.0,0.0239788027597359,0.065314310703534,0.3117716239608305,0.0259406999336155,-3.6519421176662146,6.531431070353399,31.17716239608305,2.427440970423532
2021-06,Real Estate,79.13149253506606,79.89500284665718,0.7635103115911289,20.86850746493394,0.062469937739674,0.3242725201442233,0.1347580092866824,27.0,0.0241791339369304,0.0613521821606285,0.3218789206812164,0.0240422398864234,-3.7279430003433722,6.13521821606285,32.187892068121634,2.288543613803593
2021-06,Utilities,75.99056945241699,64.24655893862557,-11.744010513791414,24.009430547583012,0.0616137685712355,0.3183670330254114,0.1612682747966414,28.0,0.023642806436233,0.0608791494459867,0.3160530321165271,0.0247623261075141,-3.6984318893944783,6.08791494459867,31.605303211652707,2.3897414776846904
2021-07,Communication Services,77.33121682346288,71.72385987340961,-5.607356950053285,22.668783176537108,0.2282906836470574,0.6906105248657233,0.4040108161086616,16.0,0.1152933477434858,0.2167764402193591,0.6777065949804865,0.1142636320648466,-2.1692469384713946,21.67764402193591,67.77065949804864,2.312814973951069
2021-07,Consumer Discretionary,80.1926779941462,85.7911924283203,5.598514434174104,19.8073220058538,0.1472853143963989,0.5462317306526927,0.3385729224282074,56.0,0.1282144912848667,0.1544480970390446,0.5536581975804508,0.1307417303533618,-2.034531425812765,15.444809703904461,55.36581975804508,2.3408952570335786
2021-07,Consumer Staples,78.81168456052816,82.07580250027901,3.264117939750839,21.188315439471832,0.0806858737071307,0.3978951516787208,0.1599237395598026,30.0,0.0646093736237293,0.0788427472994541,0.3927479076754157,0.0647591527862276,-2.737080232620421,7.88427472994541,39.27479076754157,2.0356173764909276
2021-07,Energy,68.60576070698346,44.07681092519458,-24.52894978178887,31.39423929301655,0.1445579463544758,0.5780738739786062,0.2729045402401016,18.0,0.0231014387912938,0.139592248420275,0.5641767421958804,0.0259443764358504,-3.651800400529099,13.959224842027501,56.417674219588044,3.100226684514315
2021-07,Financials,79.92804905013729,86.23297913585576,6.30493008571847,20.07195094986272,0.0547391969062201,0.3374898404081503,0.1517190791643401,61.0,0.1084862467304531,0.0553829908247812,0.3439951232774365,0.1125692688508509,-2.184186523698693,5.53829908247812,34.39951232774365,2.683403565270523
2021-07,Health Care,78.47466871051773,78.64181257252167,0.16714386200393622,21.52533128948226,0.0366237695953174,0.2172608347957146,0.0909850078040423,59.0,0.1288891005630282,0.0379899079894661,0.222589369671638,0.1229732085217812,-2.0957887642313526,3.79899079894661,22.2589369671638,2.114035380313104
2021-07,Industrials,82.30417476879073,101.60704586011987,19.302871091329134,17.695825231209266,0.0236281763316868,0.142799170421621,0.0502776463756731,73.0,0.0857561348901726,0.024236844267806,0.1461204932488294,0.087150009182368,-2.440124401653313,2.4236844267806,14.612049324882939,2.325302549262984
2021-07,Information Technology,78.41541069254507,74.89257396404517,-3.522836728499889,21.58458930745494,0.1057337873781801,0.4824647721739916,0.2283342463558663,67.0,0.2731449275127441,0.1035331685836365,0.4758793204806441,0.2697978786718134,-1.310082197834598,10.35331685836365,47.58793204806441,2.35520197934362
2021-07,Materials,80.85397458965976,91.39550943297905,10.541534843319292,19.14602541034024,0.0677623153977405,0.3254207701948782,0.1728978904118023,25.0,0.0239219230981266,0.0657060777601982,0.3169680243069942,0.0239788027597359,-3.730585057245662,6.57060777601982,31.69680243069942,2.522384893194466
2021-07,Real Estate,78.4266905061083,79.15806771344045,0.7313772073321526,21.573309493891706,0.0620263862133047,0.3217157769120131,0.1348822608888079,27.0,0.0246601417591939,0.062469937739674,0.3242725201442233,0.0241791339369304,-3.7222652517681953,6.2469937739674,32.42725201442233,2.385515759673545
2021-07,Utilities,74.63460533628877,62.383259333002904,-12.251346003285873,25.365394663711225,0.0630513639654533,0.3258032437695001,0.1652417835930082,28.0,0.0239228740029054,0.0616137685712355,0.3183670330254114,0.023642806436233,-3.744696377913684,6.1613768571235505,31.836703302541142,2.547110586163968
2021-08,Communication Services,75.91125988520459,69.78457613966334,-6.12668374554124,24.088740114795424,0.235501296064997,0.7004037574367372,0.4126008581426484,16.0,0.1176620036578273,0.2282906836470574,0.6906105248657233,0.1152933477434858,-2.1602755485711587,22.82906836470574,69.06105248657232,2.1345375674469866
2021-08,Consumer Discretionary,79.06084318489704,83.75991811889547,4.6990749339984355,20.939156815102965,0.1528377704621998,0.5576493777979487,0.3451460007246233,57.0,0.1278374894507165,0.1472853143963989,0.5462317306526927,0.1282144912848667,-2.0540507043402942,14.72853143963989,54.62317306526927,2.159406248817216
2021-08,Consumer Staples,76.94209776018047,78.62210552383918,1.6800077636586954,23.057902239819512,0.0813037443687351,0.3972032090352866,0.1642088359886812,30.0,0.0634386297458006,0.0806858737071307,0.3978951516787208,0.0646093736237293,-2.739395776185426,8.06858737071307,39.78951516787208,1.9220495722728563
2021-08,Energy,68.70519955056187,45.61560568767349,-23.089593862888385,31.29480044943813,0.1398300129743241,0.5684694537622422,0.2668230294864984,18.0,0.0217141154989191,0.1445579463544758,0.5780738739786062,0.0231014387912938,-3.767860378056646,14.45579463544758,57.80738739786062,2.938678321261357
2021-08,Financials,79.25080820822345,86.48465175251764,7.233843544294191,20.749191791776553,0.0540506837207748,0.3366132366423251,0.1474974178642941,61.0,0.1100718598015385,0.0547391969062201,0.3374898404081503,0.1084862467304531,-2.2211318722808002,5.473919690622011,33.748984040815024,2.511528726339488
2021-08,Health Care,76.24705235489971,74.25706968913111,-1.9899826657685884,23.7529476451003,0.0364092109910551,0.2161942941808831,0.0890042397747847,60.0,0.128537723628872,0.0366237695953174,0.2172608347957146,0.1288891005630282,-2.0488029299199377,3.66237695953174,21.72608347957146,2.181471885243849
2021-08,Industrials,81.70940949061792,102.62842144649531,20.919011955877405,18.29059050938209,0.0234019886720542,0.1420163488068567,0.0509943343646468,73.0,0.0838796297314183,0.0236281763316868,0.142799170421621,0.0857561348901726,-2.4562476515865126,2.36281763316868,14.279917042162099,2.2345066749855467
2021-08,Information Technology,77.5223228961038,74.55657007407079,-2.9657528220330094,22.47767710389621,0.1079129449715251,0.4880852024287574,0.2295611861610306,67.0,0.274436019354543,0.1057337873781801,0.4824647721739916,0.2731449275127441,-1.2977527546487588,10.57337873781801,48.24647721739916,2.2093639142584083
2021-08,Materials,80.0177718090818,91.20027736071204,11.182505551630243,19.982228190918217,0.0673719260389108,0.3273464137133616,0.173857692206923,25.0,0.0236201845964148,0.0677623153977405,0.3254207701948782,0.0239219230981266,-3.7329599560525066,6.77623153977405,32.54207701948782,2.3506719723542364
2021-08,Real Estate,77.12577482581274,78.19194674338335,1.0661719175706132,22.874225174187266,0.0620083975872772,0.3216094547234198,0.1350482594281931,27.0,0.0247170410526011,0.0620263862133047,0.3217157769120131,0.0246601417591939,-3.7025670327144526,6.20263862133047,32.17157769120131,2.237985098278577
2021-08,Utilities,72.44031074426584,59.831708173467476,-12.60860257079836,27.55968925573416,0.0644872087757533,0.3282064700509349,0.1717549742008192,28.0,0.0240853034813482,0.0630513639654533,0.3258032437695001,0.0239228740029054,-3.7329202064940787,6.30513639654533,32.58032437695001,2.2983975297849724
2021-09,Communication Services,75.50331972643723,71.3524331339194,-4.1508865925178196,24.496680273562777,0.2247900224574226,0.6801720497405581,0.4039678345854844,17.0,0.1163412682597547,0.235501296064997,0.7004037574367372,0.1176620036578273,-2.1399391404725048,23.550129606499702,70.04037574367372,2.3858285502565204
2021-09,Consumer Discretionary,77.8712621371882,81.47647914457406,3.605217007385859,22.1287378628118,0.149779882591887,0.5620581601890221,0.3355207669031462,57.0,0.1306535395915266,0.1528377704621998,0.5576493777979487,0.1278374894507165,-2.0569954353710496,15.28377704621998,55.76493777979486,2.3732367842959485
2021-09,Consumer Staples,76.22310636426192,77.94080191871004,1.7176955544481185,23.776893635738084,0.0814148481214102,0.397409300670657,0.1621447313677385,30.0,0.0633890369423193,0.0813037443687351,0.3972032090352866,0.0634386297458006,-2.7576823011038076,8.13037443687351,39.72032090352866,2.205130269206007
2021-09,Energy,68.25395021949144,45.99551613051189,-22.258434088979552,31.746049780508564,0.1387732612552433,0.5724222531113585,0.2662526431090873,17.0,0.0246438122603836,0.1398300129743241,0.5684694537622422,0.0217141154989191,-3.829792746087466,13.98300129743241,56.84694537622422,3.061233732134015
2021-09,Financials,78.40296655203892,85.50050682165895,7.097540269620032,21.597033447961078,0.0541699856310999,0.3406096131138827,0.1437226419041993,61.0,0.1132664378267028,0.0540506837207748,0.3366132366423251,0.1100718598015385,-2.206621855555208,5.40506837207748,33.66132366423251,2.517397166334796
2021-09,Health Care,74.7679724925148,71.01368490613979,-3.7542875863750274,25.232027507485196,0.0363030889638028,0.2145050236607946,0.0880962259505842,59.0,0.1271602517737648,0.0364092109910551,0.2161942941808831,0.128537723628872,-2.051532848633558,3.6409210991055105,21.61942941808831,2.3785754820247154
2021-09,Industrials,81.10809364704372,102.91097174413814,21.802878097094403,18.891906352956273,0.0232779704598888,0.1390299091096452,0.0506473950180483,73.0,0.0825207205647922,0.0234019886720542,0.1420163488068567,0.0838796297314183,-2.47837248722356,2.34019886720542,14.20163488068567,2.416742926595446
2021-09,Information Technology,76.93385591463313,76.39170618330617,-0.5421497313269482,23.06614408536688,0.1064068286042119,0.4833362102220516,0.2272950463871214,67.0,0.2711537662468108,0.1079129449715251,0.4880852024287574,0.274436019354543,-1.2930371258756914,10.79129449715251,48.808520242875744,2.4566511276798417
2021-09,Materials,79.5351842048328,91.81390512805157,12.278720923218774,20.46481579516719,0.0671106683665125,0.3270500033684003,0.1739549276192303,25.0,0.0229488191210937,0.0673719260389108,0.3273464137133616,0.0236201845964148,-3.7456536529845774,6.7371926038910805,32.73464137133616,2.4553817577910166
2021-09,Real Estate,75.59100655121728,73.48330449218294,-2.107702059034338,24.40899344878272,0.060586299938662,0.3134090192984781,0.1312555826600818,27.0,0.0242502673681621,0.0620083975872772,0.3216094547234198,0.0247170410526011,-3.7002623520764595,6.20083975872772,32.16094547234198,2.6095930894783983
2021-09,Utilities,71.01879352375201,57.33020173021852,-13.688591793533492,28.98120647624799,0.0645127254920549,0.3281011682156126,0.1714924187857831,28.0,0.023672080044689,0.0644872087757533,0.3282064700509349,0.0240853034813482,-3.726153438549684,6.4487208775753295,32.82064700509349,2.5755391026914802
2021-10,Communication Services,75.19992758120623,70.62406159283383,-4.575865988372396,24.800072418793775,0.2434078772156682,0.6943051997579814,0.434419359333788,17.0,0.1116703217128567,0.2247900224574226,0.6801720497405581,0.1163412682597547,-2.1512274392373425,22.47900224574226,68.01720497405582,2.420275281938667
2021-10,Consumer Discretionary,77.37176626247592,79.91455194666271,2.5427856841867897,22.628233737524077,0.1489456618559984,0.5825612254307955,0.3092551745823824,57.0,0.1363451164521974,0.149779882591887,0.5620581601890221,0.1306535395915266,-2.0352061952162055,14.977988259188699,56.20581601890221,2.4259339327625518
2021-10,Consumer Staples,76.28091555837851,80.10265746093101,3.8217419025525086,23.71908444162149,0.0836260352091422,0.4031776433500998,0.1671129370929245,30.0,0.0617091803206272,0.0814148481214102,0.397409300670657,0.0633890369423193,-2.7584643513820146,8.14148481214102,39.7409300670657,2.136838086965329
2021-10,Energy,66.56712764484824,43.014186078934216,-23.55294156591402,33.43287235515177,0.1394894495946566,0.5749408897996926,0.2644342075346454,17.0,0.0254537288327057,0.1387732612552433,0.5724222531113585,0.0246438122603836,-3.703229433924745,13.87732612552433,57.242225311135854,2.86557221513738
2021-10,Financials,78.36742875319202,87.30201495377304,8.934586200581032,21.632571246807984,0.0534891750487665,0.3377565095053661,0.1417231998121863,61.0,0.1130685938917931,0.0541699856310999,0.3406096131138827,0.1132664378267028,-2.1780123787790577,5.41699856310999,34.06096131138827,2.5358630196570693
2021-10,Health Care,75.04380353388454,71.28561296439513,-3.7581905694894253,24.95619646611546,0.0373128836844583,0.2195019768221375,0.0857365035322105,59.0,0.1250421587496965,0.0363030889638028,0.2145050236607946,0.1271602517737648,-2.0623071629653644,3.6303088963802796,21.450502366079462,2.3610984016105068
2021-10,Industrials,81.18857970510915,104.80552837383395,23.6169486687248,18.811420294890848,0.0234376268704316,0.1472071432872707,0.0556515399696025,73.0,0.0823956717421223,0.0232779704598888,0.1390299091096452,0.0825207205647922,-2.494705858815365,2.3277970459888797,13.902990910964519,2.3555946103669334
2021-10,Information Technology,77.40772975569864,79.60607826794914,2.198348512250521,22.592270244301364,0.1122955772708801,0.5052713597029153,0.2246354080634239,67.0,0.2735840547130106,0.1064068286042119,0.4833362102220516,0.2711537662468108,-1.3050692158899608,10.64068286042119,48.33362102220516,2.4372617911427845
2021-10,Materials,79.57053783983747,92.99969616807599,13.429158328238511,20.429462160162526,0.0685731325181055,0.3349518137143376,0.1756736665261736,25.0,0.0231396810858785,0.0671106683665125,0.3270500033684003,0.0229488191210937,-3.774488798217982,6.71106683665125,32.70500033684003,2.5283906472322677
2021-10,Real Estate,74.0386369646729,67.94128961253227,-6.097347352140632,25.961363035327093,0.0613783401445375,0.3170246527060556,0.1298523235375851,27.0,0.0243873840632538,0.060586299938662,0.3134090192984781,0.0242502673681621,-3.7193276361682046,6.0586299938662,31.34090192984781,2.5070031754741438
2021-10,Utilities,68.87304539335872,52.31382157274104,-16.55922382061768,31.12695460664127,0.0662569793852811,0.3315394800618826,0.1779395595858041,28.0,0.0232041084358577,0.0645127254920549,0.3281011682156126,0.023672080044689,-3.7434589824819953,6.45127254920549,32.81011682156126,2.4052771895271854
2021-11,Communication Services,73.25361542039127,68.1091409757494,-5.144474444641878,26.746384579608737,0.2480152096724636,0.7043296769606392,0.4367517947355437,17.0,0.1076075825221671,0.2434078772156682,0.6943051997579814,0.1116703217128567,-2.192204304603927,24.34078772156682,69.43051997579815,2.3303261668374806
2021-11,Consumer Discretionary,73.89680341193059,70.03851173214923,-3.858291679781357,26.1031965880694,0.1549944339979543,0.59614972184843,0.3173313009114297,57.0,0.1400316552940341,0.1489456618559984,0.5825612254307955,0.1363451164521974,-1.9925659865974694,14.894566185599839,58.25612254307955,2.671218680722679
2021-11,Consumer Staples,74.95803567746096,79.15872814973761,4.2006924722766525,25.041964322539044,0.0828465427516259,0.3991108090324711,0.1599755856752462,30.0,0.061260393291907,0.0836260352091422,0.4031776433500998,0.0617091803206272,-2.7853225695014814,8.36260352091422,40.31776433500998,2.0771668193762247
2021-11,Energy,65.95589667632763,44.498162119414864,-21.45773455691276,34.044103323672374,0.14194046920675,0.5812582484465949,0.2622792606375964,17.0,0.0242056409968991,0.1394894495946566,0.5749408897996926,0.0254537288327057,-3.6708930306981586,13.94894495946566,57.49408897996926,2.923493448939021
2021-11,Financials,77.38081514776125,87.56824820688459,10.18743305912334,22.61918485223875,0.0538270592588213,0.3394028771258091,0.1443043795779572,61.0,0.1068805172334936,0.0534891750487665,0.3377565095053661,0.1130685938917931,-2.1797606188442162,5.34891750487665,33.775650950536615,2.437488309491268
2021-11,Health Care,72.93240008865641,67.56766844936584,-5.3647316392905635,27.067599911343596,0.0382680601852784,0.2302567951127864,0.0852184788530194,59.0,0.122252170827472,0.0373128836844583,0.2195019768221375,0.1250421587496965,-2.0791043285450046,3.73128836844583,21.95019768221375,2.258023179025277
2021-11,Industrials,80.5018075057211,106.29003173603249,25.7882242303114,19.4981924942789,0.02303719458919,0.1436190043399149,0.0534107710486132,73.0,0.0802471780542651,0.0234376268704316,0.1472071432872707,0.0823956717421223,-2.4962223708477516,2.34376268704316,14.72071432872707,2.1270806653435383
2021-11,Information Technology,75.66497055364272,77.58090450956648,1.9159339559237623,24.33502944635729,0.1147422594649762,0.5218327372124286,0.2354500723046948,67.0,0.2868120348662477,0.1122955772708801,0.5052713597029153,0.2735840547130106,-1.2961463744897708,11.229557727088011,50.527135970291525,2.4952632946460933
2021-11,Materials,78.69864046816913,93.20090952896153,14.502269060792411,21.30135953183087,0.0695759696895713,0.3396237810418466,0.1771687148905283,25.0,0.0230906838199311,0.0685731325181055,0.3349518137143376,0.0231396810858785,-3.7662063392528706,6.85731325181055,33.49518137143376,2.269629319545933
2021-11,Real Estate,72.93100512555169,68.54389558449564,-4.387109541056048,27.0689948744483,0.0603805932897475,0.3122740064062135,0.1206083569528422,27.0,0.0246794381562253,0.0613783401445375,0.3170246527060556,0.0243873840632538,-3.71368932698562,6.13783401445375,31.70246527060556,2.4714259878559126
2021-11,Utilities,66.67980083568699,50.29758991894203,-16.382210916744963,33.32019916431301,0.0679173485997952,0.3362350827332476,0.1848861574197473,28.0,0.0229327049373578,0.0662569793852811,0.3315394800618826,0.0232041084358577,-3.763425928235571,6.625697938528111,33.15394800618826,2.425248491981984
2021-12,Communication Services,76.21917137887793,75.41379366890186,-0.8053777099760663,23.780828621122076,0.2465452264317703,0.7019684692411272,0.4341583378512351,17.0,0.1056215910185676,0.2480152096724636,0.7043296769606392,0.1076075825221671,-2.2292641642004454,24.80152096724636,70.43296769606393,2.5690804677622356
2021-12,Consumer Discretionary,74.6858598693483,69.17490996005631,-5.510949909291997,25.314140130651694,0.1423541094438183,0.5718785625391922,0.3040389645663804,57.0,0.1331512770194368,0.1549944339979543,0.59614972184843,0.1400316552940341,-1.9658867726885743,15.499443399795428,59.614972184843,2.755106839477131
2021-12,Consumer Staples,75.51147229711728,73.39919257655184,-2.1122797205654296,24.488527702882724,0.0813418319224827,0.3919797043476624,0.1494092518703914,30.0,0.0640956791394956,0.0828465427516259,0.3991108090324711,0.061260393291907,-2.7926217575539276,8.28465427516259,39.91108090324711,2.320668370799653
2021-12,Energy,69.15404343207511,49.06890846650483,-20.085134965570294,30.845956567924876,0.1417694110832034,0.5814362773857984,0.2596682836765533,17.0,0.0238344432712249,0.14194046920675,0.5812582484465949,0.0242056409968991,-3.7211695739374404,14.194046920675,58.12582484465949,3.0213918475764427
2021-12,Financials,78.72669317802635,88.54710377967491,9.82041060164857,21.273306821973655,0.0540992212339553,0.3383576886463052,0.150857986805144,61.0,0.1058870500109609,0.0538270592588213,0.3394028771258091,0.1068805172334936,-2.2360437298202793,5.38270592588213,33.94028771258091,2.600913663989021
2021-12,Health Care,73.91796589500414,67.26110564120098,-6.656860253803159,26.082034104995856,0.0387421716647539,0.2351909230492279,0.0886490043065361,59.0,0.1272955520049979,0.0382680601852784,0.2302567951127864,0.122252170827472,-2.1016693935048796,3.8268060185278405,23.02567951127864,2.3190534505412486
2021-12,Industrials,81.76821242223262,108.74724542154671,26.979032999314075,18.23178757776738,0.0230814695919109,0.1447175443147267,0.0548190220527817,73.0,0.081085413033032,0.02303719458919,0.1436190043399149,0.0802471780542651,-2.5226436820231286,2.3037194589189998,14.36190043399149,2.455321744530414
2021-12,Information Technology,75.3674118223669,72.98062535207168,-2.3867864702952257,24.632588177633092,0.1157997287980147,0.516576180617174,0.2436819239928813,69.0,0.2852591910455491,0.1147422594649762,0.5218327372124286,0.2868120348662477,-1.2489282085629907,11.47422594649762,52.18327372124286,2.7955216062804404
2021-12,Materials,79.92742839455295,94.45750514797797,14.530076753425032,20.07257160544706,0.0703009524623348,0.3406197466515321,0.1799788739711686,25.0,0.0237333312810847,0.0695759696895713,0.3396237810418466,0.0230906838199311,-3.768326040639315,6.95759696895713,33.96237810418466,2.4736418650059875
2021-12,Real Estate,75.54408579563903,77.94158697587565,2.397501180236614,24.45591420436097,0.061011483948169,0.3195170100310299,0.1223410298964522,27.0,0.0259800620287178,0.0603805932897475,0.3122740064062135,0.0246794381562253,-3.701784845348922,6.03805932897475,31.22740064062135,2.557672065500288
2021-12,Utilities,69.80827415971073,53.638641654588604,-16.169632505122127,30.191725840289266,0.0669484433231164,0.3338299969427156,0.1816937872871015,28.0,0.0240564101469321,0.0679173485997952,0.3362350827332476,0.0229327049373578,-3.775191224073668,6.79173485997952,33.62350827332476,2.508202044102396
2022-01,Communication Services,75.80527624736483,77.6954003128988,1.8901240655339706,24.19472375263517,0.2474537198929549,0.7028748356395706,0.4356608768089495,17.0,0.1040106289376449,0.2465452264317703,0.7019684692411272,0.1056215910185676,-2.2478924682060533,24.654522643177028,70.19684692411272,2.9633281698690346
2022-01,Consumer Discretionary,73.70362026150094,67.99480336305886,-5.708816898442086,26.29637973849906,0.1398230130551563,0.5646814803906869,0.3020091399429002,57.0,0.1270971239051963,0.1423541094438183,0.5718785625391922,0.1331512770194368,-2.016269375935016,14.23541094438183,57.18785625391922,3.250957318711466
2022-01,Consumer Staples,73.71842472583602,71.43821144748311,-2.280213278352904,26.281575274163977,0.0804441816676483,0.3936535362660449,0.1473378188445283,30.0,0.0663740267692602,0.0813418319224827,0.3919797043476624,0.0640956791394956,-2.7473783254477357,8.13418319224827,39.19797043476624,2.483053636640541
2022-01,Energy,67.25633937718315,47.109179057133176,-20.147160320049977,32.74366062281685,0.1428784624290691,0.5831358343117902,0.2713218817849319,17.0,0.0299260948829482,0.1417694110832034,0.5814362773857984,0.0238344432712249,-3.7366235482140464,14.17694110832034,58.14362773857984,3.2518939686264687
2022-01,Financials,77.44772178395726,85.98204412514539,8.534322341188131,22.552278216042737,0.0552046451251415,0.3396732137937931,0.1571792273247711,61.0,0.1121815222260982,0.0540992212339553,0.3383576886463052,0.1058870500109609,-2.245382318923396,5.40992212339553,33.83576886463052,2.971180878199962
2022-01,Health Care,72.0409714199884,65.03887681551596,-7.002094604472438,27.95902858001161,0.0398259979934933,0.2407348060465392,0.0914182348089051,59.0,0.1251118959487046,0.0387421716647539,0.2351909230492279,0.1272955520049979,-2.0612437150740215,3.8742171664753897,23.51909230492279,2.683043596145511
2022-01,Industrials,80.7319212697701,106.43772520837506,25.705803938604948,19.2680787302299,0.0238622910276251,0.1470275362669713,0.0545454055122699,73.0,0.0812496893106395,0.0230814695919109,0.1447175443147267,0.081085413033032,-2.512252197995913,2.30814695919109,14.47175443147267,2.817472704678304
2022-01,Information Technology,74.83304148794174,73.56150024467514,-1.2715412432665887,25.16695851205826,0.1208397408335773,0.5206720586882483,0.2561074117677814,69.0,0.2810989690375615,0.1157997287980147,0.516576180617174,0.2852591910455491,-1.254357069740461,11.57997287980147,51.6576180617174,3.229615564874151
2022-01,Materials,78.84772329396473,92.4325670352698,13.584843741305065,21.152276706035266,0.067997162286149,0.3282494991231072,0.1787903218883892,25.0,0.0232264043019198,0.0703009524623348,0.3406197466515321,0.0237333312810847,-3.7408748357034707,7.030095246233479,34.06197466515321,2.897450453857025
2022-01,Real Estate,74.3566352613677,76.08919147968598,1.732556218318276,25.643364738632293,0.0593352584820142,0.3102959972417041,0.1162923326759628,27.0,0.0251404724931782,0.061011483948169,0.3195170100310299,0.0259800620287178,-3.6504258801860363,6.1011483948169,31.95170100310299,2.9670097327482887
2022-01,Utilities,67.85888222072695,52.821058260360566,-15.037823960366387,32.141117779273046,0.0612123453101063,0.3156848702146032,0.1572319571535929,28.0,0.0245831721868482,0.0669484433231164,0.3338299969427156,0.0240564101469321,-3.727353783768319,6.69484433231164,33.38299969427156,2.7700422556963487
2022-02,Communication Services,75.47422206527888,76.36668498358407,0.8924629183051789,24.52577793472112,0.2577037869995986,0.6851469823697096,0.4664170399370203,17.0,0.0995784929298474,0.2474537198929549,0.7028748356395706,0.1040106289376449,-2.2632621837394553,24.74537198929549,70.28748356395707,2.9529421920144725
2022-02,Consumer Discretionary,74.98886980044777,73.21694952350197,-1.7719202769458042,25.011130199552237,0.1495489637075036,0.5742223501040951,0.321392660380986,57.0,0.1264687127186769,0.1398230130551563,0.5646814803906869,0.1270971239051963,-2.0628037296407427,13.982301305515628,56.46814803906869,3.1679618208866676
2022-02,Consumer Staples,71.64690028510188,65.37023459852794,-6.27666568657393,28.353099714898132,0.0797889468493178,0.3929637787995131,0.1446662267335119,30.0,0.0674041302188982,0.0804441816676483,0.3936535362660449,0.0663740267692602,-2.7124494621375472,8.04441816676483,39.36535362660449,2.5882403668552896
2022-02,Energy,59.03157122836006,33.01700913549044,-26.014562092869614,40.96842877163994,0.1424047378780379,0.5840929462986734,0.2638902274224602,17.0,0.0328133187248844,0.1428784624290691,0.5831358343117902,0.0299260948829482,-3.509024440640218,14.287846242906909,58.31358343117902,3.243478327360082
2022-02,Financials,76.37535877128879,82.87512436831675,6.499765597027957,23.62464122871121,0.0563163970706593,0.34218731016526,0.1644459184259957,61.0,0.113514203101515,0.0552046451251415,0.3396732137937931,0.1121815222260982,-2.187636985497682,5.52046451251415,33.967321379379314,2.8457381372641803
2022-02,Health Care,73.63244992275929,71.37376093163314,-2.2586889911261605,26.3675500772407,0.0392120411417903,0.2337993802289614,0.0914688523619465,59.0,0.1273139239892473,0.0398259979934933,0.2407348060465392,0.1251118959487046,-2.0785467745137596,3.9825997993493303,24.07348060465392,2.572286602372902
2022-02,Industrials,80.5465282074003,105.29992419749392,24.753395990093626,19.4534717925997,0.0242969665768068,0.1543852391896901,0.0572940077344463,74.0,0.0831399944158317,0.0238622910276251,0.1470275362669713,0.0812496893106395,-2.5102282816486534,2.38622910276251,14.70275362669713,2.78172378911062
2022-02,Information Technology,76.59390463338555,82.04166509997438,5.447760466588834,23.40609536661445,0.1202869268390273,0.5218804200390421,0.253736534038986,70.0,0.2762095248139447,0.1208397408335773,0.5206720586882483,0.2810989690375615,-1.2690484686766559,12.083974083357731,52.06720586882483,3.1025351430422847
2022-02,Materials,79.09997628435724,92.28603047288681,13.186054188529573,20.900023715642764,0.0648138446799782,0.3190900108971877,0.1666401402872914,25.0,0.0234585873686945,0.067997162286149,0.3282494991231072,0.0232264043019198,-3.762465531011368,6.7997162286148995,32.82494991231072,2.8295637419423656
2022-02,Real Estate,74.70656684120608,74.29980207601513,-0.4067647651909567,25.293433158793913,0.0564972059185383,0.2913272525772999,0.1109812029954146,27.0,0.0252995824555755,0.0593352584820142,0.3102959972417041,0.0251404724931782,-3.683276281518599,5.93352584820142,31.02959972417041,2.7856810262441147
2022-02,Utilities,67.89565556412485,53.84481821628614,-14.050837347838707,32.10434443587516,0.0606190375196405,0.314150582188844,0.161113690332854,29.0,0.0247995292628839,0.0612123453101063,0.3156848702146032,0.0245831721868482,-3.705693127563062,6.12123453101063,31.568487021460317,2.720905583957573
2022-03,Communication Services,77.81665689557697,80.92148037992285,3.1048234843458853,22.18334310442303,0.2663622956898579,0.6944892088253996,0.475251891456259,17.0,0.096820940038762,0.2577037869995986,0.6851469823697096,0.0995784929298474,-2.306809072148065,25.770378699959863,68.51469823697096,2.8716207676182326
2022-03,Consumer Discretionary,77.40678535892876,77.94969624643024,0.5429108875014776,22.593214641071246,0.1630180039899997,0.6035041217670116,0.3244951193517312,57.0,0.1280628339808295,0.1495489637075036,0.5742223501040951,0.1264687127186769,-2.067760331692881,14.954896370750358,57.42223501040951,3.131202406772537
2022-03,Consumer Staples,73.0511265692018,61.31214767906707,-11.738978890134737,26.94887343079819,0.0815430400625894,0.39619109693511,0.155424294119238,30.0,0.0660756303443552,0.0797889468493178,0.3929637787995131,0.0674041302188982,-2.6970489837292306,7.978894684931779,39.29637787995131,2.536048139541764
2022-03,Energy,38.78694637193149,15.08569104071702,-23.701255331214472,61.21305362806851,0.1404373326986823,0.5784123284361642,0.2522091855788417,17.0,0.0347304997349551,0.1424047378780379,0.5840929462986734,0.0328133187248844,-3.4169207873260565,14.24047378780379,58.40929462986734,3.1528330408900502
2022-03,Financials,78.14839240589518,82.35021664666196,4.201824240766784,21.85160759410482,0.0584484839863981,0.3438251053916957,0.1770046144930093,61.0,0.1103698276491097,0.0563163970706593,0.34218731016526,0.113514203101515,-2.1758273124314362,5.63163970706593,34.218731016526,2.843619509613019
2022-03,Health Care,77.9214221112545,82.49367283131308,4.57225072005857,22.078577888745492,0.0402101360051374,0.2392430816547425,0.0927073525922951,60.0,0.1296609346880045,0.0392120411417903,0.2337993802289614,0.1273139239892473,-2.061099400066031,3.9212041141790297,23.37993802289614,2.586896471646442
2022-03,Industrials,81.74138464899033,105.62667533504727,23.885290686056933,18.25861535100967,0.0245063655242079,0.15365859220447,0.0567290342954459,74.0,0.0827038329898096,0.0242969665768068,0.1543852391896901,0.0831399944158317,-2.4872294123234924,2.42969665768068,15.438523918969011,2.6199957657183304
2022-03,Information Technology,79.0352579693547,88.4453802247638,9.410122255409096,20.9647420306453,0.123413157978204,0.5321752896358737,0.259856675718672,70.0,0.2751834149114395,0.1202869268390273,0.5218804200390421,0.2762095248139447,-1.2865955533953746,12.02869268390273,52.188042003904215,3.1211966828459734
2022-03,Materials,81.15858757614137,95.61256591955224,14.453978343410851,18.84141242385863,0.0654515782697683,0.3146726585492495,0.1694994959614892,25.0,0.0239711360036424,0.0648138446799782,0.3190900108971877,0.0234585873686945,-3.7525186520329212,6.481384467997819,31.90900108971877,2.811126856325312
2022-03,Real Estate,76.96115577180083,76.11704661477495,-0.8441091570258729,23.03884422819917,0.0576518249630824,0.3011117027647679,0.1146306732780118,27.0,0.0261241378820841,0.0564972059185383,0.2913272525772999,0.0252995824555755,-3.6769673871170445,5.64972059185383,29.13272525772999,2.7125042872455842
2022-03,Utilities,65.34057172639179,41.45371448721726,-23.886857239174514,34.65942827360822,0.0600498979587194,0.3138131055370549,0.1584311760325172,29.0,0.0262968117770081,0.0606190375196405,0.314150582188844,0.0247995292628839,-3.6969306073266752,6.06190375196405,31.4150582188844,2.6421124675748953
2022-04,Communication Services,77.25326144286424,78.99415464479459,1.7408932019303436,22.746738557135753,0.2585153944372285,0.6917775698206479,0.4636620968732013,18.0,0.0894724289041533,0.2663622956898579,0.6944892088253996,0.096820940038762,-2.3348919853795067,26.63622956898579,69.44892088253995,3.088524645509095
2022-04,Consumer Discretionary,77.51591538084041,79.11859821534532,1.6026828345049111,22.484084619159592,0.1373323048649406,0.5623303722153266,0.2870578066557705,57.0,0.1211953503788333,0.1630180039899997,0.6035041217670116,0.1280628339808295,-2.055234245034603,16.30180039899997,60.35041217670116,3.187928155640072
2022-04,Consumer Staples,73.28656950829567,63.82331437645746,-9.463255131838203,26.713430491704337,0.081373433180591,0.4012430237560444,0.1555376762754099,30.0,0.0744788764188218,0.0815430400625894,0.39619109693511,0.0660756303443552,-2.716955278705957,8.15430400625894,39.619109693511,2.582434150345526
2022-04,Energy,34.02267442000609,11.650082225125297,-22.3725921948808,65.9773255799939,0.1442376605932248,0.5841481529046375,0.2657433806457597,17.0,0.0372873632390102,0.1404373326986823,0.5784123284361642,0.0347304997349551,-3.3601370231861383,14.04373326986823,57.84123284361642,3.226661258789803
2022-04,Financials,77.88132468938043,80.46521410924473,2.583889419864291,22.118675310619558,0.0586542542221144,0.3418644483164944,0.1802469303948297,61.0,0.1089420876525717,0.0584484839863981,0.3438251053916957,0.1103698276491097,-2.203918482772273,5.84484839863981,34.38251053916957,2.8131441326784574
2022-04,Health Care,77.34379423798853,81.3204644883783,3.9766702503897853,22.656205762011474,0.0423301020199491,0.2501424324861838,0.0971866068798222,60.0,0.1354267367824265,0.0402101360051374,0.2392430816547425,0.1296609346880045,-2.04283243049986,4.02101360051374,23.92430816547425,2.7638333859499773
2022-04,Industrials,81.30910349580947,103.39529983582949,22.086196340020024,18.690896504190533,0.0239342208120077,0.1461800992754767,0.0515664072338509,74.0,0.0838379333248494,0.0245063655242079,0.15365859220447,0.0827038329898096,-2.492489329903079,2.4506365524207903,15.365859220447001,2.73861507220439
2022-04,Information Technology,78.88179356326582,89.2884776720629,10.40668410879707,21.118206436734187,0.1257662309621982,0.5247271151474732,0.26390378276626,70.0,0.2681554964898108,0.123413157978204,0.5321752896358737,0.2751834149114395,-1.2903174403224238,12.3413157978204,53.21752896358737,3.109526890476272
2022-04,Materials,80.81500467731155,96.03801156543456,15.223006888123013,19.184995322688454,0.0656499712753701,0.312985229994669,0.1716083967904274,25.0,0.0253886839303996,0.0654515782697683,0.3146726585492495,0.0239711360036424,-3.7309048389328363,6.54515782697683,31.467265854924946,2.8202807256032534
2022-04,Real Estate,76.44886841388751,75.27175498934203,-1.1771134245454817,23.551131586112483,0.0567292911305092,0.3021133542236362,0.1163118545123597,28.0,0.0281536123804497,0.0576518249630824,0.3011117027647679,0.0261241378820841,-3.644895568970503,5.76518249630824,30.11117027647679,2.810252955965612
2022-04,Utilities,63.33561442188144,38.72855212951648,-24.60706229236495,36.66438557811856,0.056211261651642,0.3006662607583193,0.1387369722974903,29.0,0.0276614304986732,0.0600498979587194,0.3138131055370549,0.0262968117770081,-3.6383075723556053,6.00498979587194,31.38131055370549,2.6843636848192842
2022-05,Communication Services,79.48997957704982,76.4200478435806,-3.069931733469219,20.51002042295017,0.2457667987252129,0.6721920002895968,0.4508704798513949,18.0,0.0917739768697725,0.2585153944372285,0.6917775698206479,0.0894724289041533,-2.413824758097447,25.85153944372285,69.17775698206479,3.1803181130527216
2022-05,Consumer Discretionary,81.08933296278869,85.35902326885373,4.2696903060650575,18.910667037211315,0.1355318515529976,0.5567881869499897,0.2933048856342426,57.0,0.1151064783579588,0.1373323048649406,0.5623303722153266,0.1211953503788333,-2.1103515692937562,13.73323048649406,56.233037221532655,3.5011134568105886
2022-05,Consumer Staples,77.40965896423475,68.98399928355225,-8.42565968068249,22.590341035765256,0.0773977052865655,0.3855537868682281,0.1390711892677843,30.0,0.0704252328487718,0.081373433180591,0.4012430237560444,0.0744788764188218,-2.5972397318035143,8.1373433180591,40.124302375604444,2.8877172973178653
2022-05,Energy,53.79169914669383,22.07300194703743,-31.7186971996564,46.20830085330617,0.1408910213217443,0.5775337185970232,0.2620111483725533,17.0,0.0427384198961851,0.1442376605932248,0.5841481529046375,0.0372873632390102,-3.289100796891605,14.42376605932248,58.41481529046375,3.396987800656751
2022-05,Financials,81.47155872045091,88.9089272188649,7.437368498413988,18.528441279549085,0.0572769868213792,0.3419414243244726,0.172089466105963,61.0,0.1118266415664466,0.0586542542221144,0.3418644483164944,0.1089420876525717,-2.2169388438857167,5.86542542221144,34.18644483164944,3.071340565397162
2022-05,Health Care,81.07620840836626,87.13053304077175,6.054324632405489,18.923791591633744,0.0422618395428689,0.2482622608003986,0.0946293019163693,60.0,0.1378064940469666,0.0423301020199491,0.2501424324861838,0.1354267367824265,-1.9993244728393946,4.23301020199491,25.014243248618378,2.7832209660677374
2022-05,Industrials,83.71501903411216,106.95300213565508,23.237983101542902,16.28498096588783,0.0238785178366861,0.1451568302263906,0.0524900143461557,74.0,0.083256110368317,0.0239342208120077,0.1461800992754767,0.0838379333248494,-2.4788697089416454,2.39342208120077,14.618009927547671,3.023614403670745
2022-05,Information Technology,81.96109440957488,90.79807172222223,8.836977312647353,18.03890559042512,0.1190223774677672,0.5116734942387738,0.2515628266845143,70.0,0.265679127897928,0.1257662309621982,0.5247271151474732,0.2681554964898108,-1.3161882559456006,12.57662309621982,52.47271151474732,3.334977844509966
2022-05,Materials,82.95871738511237,99.88303442955537,16.924317044442997,17.04128261488764,0.0665814375873632,0.3129001828101216,0.1770435659319841,25.0,0.0257035115827392,0.0656499712753701,0.312985229994669,0.0253886839303996,-3.673451718779936,6.56499712753701,31.2985229994669,3.088936712933583
2022-05,Real Estate,79.55911086752411,79.32068298970107,-0.2384278778230404,20.440889132475895,0.0567707737072876,0.3035640357397308,0.1222594334707432,28.0,0.0268731992712763,0.0567292911305092,0.3021133542236362,0.0281536123804497,-3.5700796065034313,5.6729291130509205,30.21133542236362,3.0783582023161835
2022-05,Utilities,70.49251172348539,47.18456731959875,-23.307944403886648,29.5074882765146,0.0566302036624269,0.3024876701609285,0.1424644645714146,29.0,0.0288108072936375,0.056211261651642,0.3006662607583193,0.0276614304986732,-3.5877162368495106,5.6211261651642,30.06662607583193,2.865450403722888
2022-06,Communication Services,81.36837373099718,79.28264165209818,-2.0857320788990044,18.631626269002815,0.2582556807088749,0.6797384646978313,0.4690128806586592,18.0,0.0921870503608849,0.2457667987252129,0.6721920002895968,0.0917739768697725,-2.388426497906846,24.57667987252129,67.21920002895968,3.0944568773499648
2022-06,Consumer Discretionary,82.49859920443409,86.1936372125047,3.69503800807062,17.501400795565914,0.1354570946901395,0.5570716092026163,0.2923138942110632,56.0,0.1112255755529682,0.1355318515529976,0.5567881869499897,0.1151064783579588,-2.1618976802338854,13.55318515529976,55.67881869499897,3.250313664473442
2022-06,Consumer Staples,79.01577299529885,68.4159220887041,-10.599850906594757,20.984227004701157,0.0746647976618366,0.3763537850348482,0.136330296938248,31.0,0.0760392264643193,0.0773977052865655,0.3855537868682281,0.0704252328487718,-2.653203658888329,7.739770528656551,38.55537868682281,2.780240797624118
2022-06,Energy,61.34516617372943,26.892712281509592,-34.452453892219836,38.65483382627057,0.1486020058356968,0.5905834196731836,0.2798500435688602,17.0,0.0387418339171234,0.1408910213217443,0.5775337185970232,0.0427384198961851,-3.1526569999152803,14.08910213217443,57.75337185970232,3.3902908927406337
2022-06,Financials,83.17140809913437,91.65191442537187,8.480506326237506,16.82859190086563,0.0546088540953675,0.3287310353462278,0.1672667775444958,61.0,0.1082263725487549,0.0572769868213792,0.3419414243244726,0.1118266415664466,-2.190805449990542,5.7276986821379205,34.19414243244726,2.9582408443020802
2022-06,Health Care,82.63114077771345,88.3375173626418,5.706376584928338,17.368859222286535,0.0441682371508013,0.2591811439037347,0.0994759773575568,60.0,0.1459795491362074,0.0422618395428689,0.2482622608003986,0.1378064940469666,-1.9819047949022146,4.22618395428689,24.82622608003986,2.80710123521132
2022-06,Industrials,84.90983586282547,107.4364538504986,22.52661798767311,15.090164137174519,0.024574613439015,0.1558247494246094,0.0567428915062317,74.0,0.0839686638790018,0.0238785178366861,0.1451568302263906,0.083256110368317,-2.4858337549974503,2.38785178366861,14.51568302263906,2.868155280015204
2022-06,Information Technology,83.56814658806731,93.95476943245767,10.386622844390361,16.43185341193269,0.1232978786681563,0.5220040200674443,0.2538519300598937,70.0,0.261930746036615,0.1190223774677672,0.5116734942387738,0.265679127897928,-1.3254659844471575,11.90223774677672,51.16734942387738,3.119670547683374
2022-06,Materials,84.20500260681408,101.65789463347457,17.452892026660493,15.794997393185925,0.0681137230096348,0.3222189454702209,0.1825186201347429,25.0,0.0240290066379952,0.0665814375873632,0.3129001828101216,0.0257035115827392,-3.6611276589543413,6.658143758736319,31.29001828101216,2.947220942644288
2022-06,Real Estate,81.81096991150243,83.2295681540787,1.4185982425762849,18.18903008849758,0.056323068353228,0.3005316664384396,0.1281670715873312,29.0,0.027895475288473,0.0567707737072876,0.3035640357397308,0.0268731992712763,-3.6166257986386556,5.67707737072876,30.35640357397308,3.026895124508851
2022-06,Utilities,74.91364814770884,52.38503300488573,-22.52861514282311,25.08635185229116,0.0592353812540428,0.313345827507572,0.1535580889404268,29.0,0.0297765001776563,0.0566302036624269,0.3024876701609285,0.0288108072936375,-3.547004708978827,5.66302036624269,30.24876701609285,2.9055343809187626
2022-07,Communication Services,81.22304060809599,78.44960183914958,-2.773438768946407,18.77695939190401,0.2683143001011934,0.6788317981327168,0.4826229083533177,18.0,0.0872054396470298,0.2582556807088749,0.6797384646978313,0.0921870503608849,-2.3839356099011413,25.82556807088749,67.97384646978313,3.014401346299945
2022-07,Consumer Discretionary,82.32559192097258,85.46738170616241,3.1417897851898315,17.67440807902742,0.1524924771619072,0.5900180706866446,0.3101434796513176,56.0,0.1220257967118847,0.1354570946901395,0.5570716092026163,0.1112255755529682,-2.1961949276307458,13.54570946901395,55.707160920261636,3.1486977116586887
2022-07,Consumer Staples,78.9930003507641,69.14591353785548,-9.847086812908639,21.006999649235887,0.0748679412117847,0.3719523430177967,0.1387599176622648,31.0,0.0721133095758553,0.0746647976618366,0.3763537850348482,0.0760392264643193,-2.5765059341606356,7.46647976618366,37.635378503484816,2.447625926144334
2022-07,Energy,60.936107118201484,25.714680868101965,-35.221426250099526,39.06389288179851,0.1568600390595894,0.6075902745214533,0.2909633371804815,17.0,0.0389341422042187,0.1486020058356968,0.5905834196731836,0.0387418339171234,-3.250835283013696,14.86020058356968,59.05834196731836,3.3559511308285956
2022-07,Financials,83.50133337092443,94.06648840935158,10.56515503842715,16.498666629075572,0.0560097931915945,0.3310302650207988,0.1723218343801601,61.0,0.1060161611531872,0.0546088540953675,0.3287310353462278,0.1082263725487549,-2.2235302033713356,5.46088540953675,32.87310353462278,2.8174508255221764
2022-07,Health Care,82.21033050903151,86.54656351643555,4.336233007404053,17.789669490968492,0.0429766750528292,0.2561429508818275,0.1017209281815771,60.0,0.1378075122063669,0.0441682371508013,0.2591811439037347,0.1459795491362074,-1.9242887414946754,4.41682371508013,25.91811439037347,2.6147418201802397
2022-07,Industrials,84.82955002464408,107.77438808937242,22.944838064728366,15.17044997535593,0.0238163800839762,0.1473454764042813,0.0553506755682227,74.0,0.0841957202099881,0.024574613439015,0.1558247494246094,0.0839686638790018,-2.4773115987984364,2.4574613439015,15.582474942460939,2.7377773368156855
2022-07,Information Technology,83.45094676229796,94.1389911974396,10.688044435141625,16.54905323770204,0.1260804875881853,0.5245439947957915,0.2662692611806215,70.0,0.2719234433576657,0.1232978786681563,0.5220040200674443,0.261930746036615,-1.339675138266394,12.329787866815629,52.200402006744426,3.051082241030423
2022-07,Materials,83.86566266645093,100.09679680616637,16.23113413971543,16.13433733354907,0.0671399368545675,0.3207056798141594,0.1812229441982921,25.0,0.0232866119150479,0.0681137230096348,0.3222189454702209,0.0240290066379952,-3.7284935684987355,6.8113723009634795,32.22189454702209,2.7873111953282645
2022-07,Real Estate,82.08083308069243,85.28355770161139,3.2027246209189726,17.919166919307578,0.0561789595842451,0.3015576201087221,0.1257155013509442,29.0,0.0276107572802309,0.056323068353228,0.3005316664384396,0.027895475288473,-3.5792907793471676,5.6323068353228,30.05316664384396,2.7406942028530423
2022-07,Utilities,74.42986618728094,51.161898927710084,-23.267967259570856,25.570133812719057,0.060998957853673,0.3196396442740257,0.1610564013248873,29.0,0.0288811057385243,0.0592353812540428,0.313345827507572,0.0297765001776563,-3.5140357812096146,5.92353812540428,31.3345827507572,2.6806120246471834
2022-08,Communication Services,80.41443610129672,75.7826568134427,-4.631779287854013,19.58556389870329,0.2585390320104045,0.6810157260207124,0.4686491882601283,18.0,0.0872557763720042,0.2683143001011934,0.6788317981327168,0.0872054396470298,-2.439488568739556,26.83143001011934,67.88317981327168,2.783076632289783
2022-08,Consumer Discretionary,81.81249453373267,84.56705456169199,2.754560027959314,18.18750546626732,0.1489431760701103,0.5826441120223323,0.3070870499045997,56.0,0.1213470855139854,0.1524924771619072,0.5900180706866446,0.1220257967118847,-2.1035228081428836,15.24924771619072,59.001807068664455,2.877251907022654
2022-08,Consumer Staples,77.76052017743355,66.07102312176717,-11.689497055666385,22.23947982256645,0.0751589560439296,0.3736577105377188,0.1415168504853891,31.0,0.0740810067156109,0.0748679412117847,0.3719523430177967,0.0721133095758553,-2.6295166528945573,7.48679412117847,37.19523430177967,2.2563683336032154
2022-08,Energy,57.96635125622869,23.277607693591616,-34.68874356263708,42.0336487437713,0.1486052490547052,0.5951073515528601,0.2797179793418327,17.0,0.0410946003457698,0.1568600390595894,0.6075902745214533,0.0389341422042187,-3.2458837216786454,15.68600390595894,60.75902745214533,3.1465396693445236
2022-08,Financials,83.25716764964342,95.57914097451267,12.321973324869248,16.742832350356583,0.0541029148047726,0.3257147049346094,0.1648812572757917,61.0,0.1082841801292971,0.0560097931915945,0.3310302650207988,0.1060161611531872,-2.244163732782167,5.60097931915945,33.10302650207988,2.5416783783404036
2022-08,Health Care,81.15041091863667,82.73488564821318,1.5844747295765031,18.849589081363334,0.0427624493302013,0.2547858060503061,0.1036518418027326,60.0,0.135628630972171,0.0429766750528292,0.2561429508818275,0.1378075122063669,-1.9818974066028017,4.29766750528292,25.614295088182747,2.370963911037129
2022-08,Industrials,84.55931370298174,108.85498803524959,24.295674332267847,15.44068629701826,0.0243233146956714,0.1494122534653003,0.0571572257997089,74.0,0.0852956952413363,0.0238163800839762,0.1473454764042813,0.0841957202099881,-2.474611187885685,2.38163800839762,14.734547640428131,2.4462240125208083
2022-08,Information Technology,83.08214399677384,94.31389908204957,11.231755085275733,16.917856003226166,0.1292824580449863,0.5307796285147923,0.2739484052224976,70.0,0.2661209221620079,0.1260804875881853,0.5245439947957915,0.2719234433576657,-1.302234710546821,12.60804875881853,52.45439947957915,2.7341680680519316
2022-08,Materials,83.58295678857904,101.37118530640292,17.78822851782389,16.417043211420964,0.0656752804286683,0.3176714026190058,0.1741673272939851,25.0,0.0233537023732454,0.0671399368545675,0.3207056798141594,0.0232866119150479,-3.7598766794746727,6.7139936854567495,32.070567981415934,2.626855661954824
2022-08,Real Estate,81.72054183387749,86.10791330100935,4.387371467131849,18.279458166122506,0.0561366803789324,0.3003512910765425,0.1248977589246581,29.0,0.0273254866935346,0.0561789595842451,0.3015576201087221,0.0276107572802309,-3.5895498256642737,5.617895958424509,30.155762010872213,2.564329043840261
2022-08,Utilities,73.42308340149724,50.06906582275034,-23.354017578746895,26.576916598502763,0.0603327785228479,0.3164602189461205,0.1596059909146449,29.0,0.030212913481037,0.060998957853673,0.3196396442740257,0.0288811057385243,-3.544567678345429,6.0998957853673,31.96396442740257,2.471355468040834
2022-09,Communication Services,81.81077662938416,79.02604331007382,-2.7847333193103596,18.189223370615824,0.2613371266364254,0.6763620608904216,0.4732984332936082,18.0,0.0840575710417152,0.2585390320104045,0.6810157260207124,0.0872557763720042,-2.4389115152543197,25.853903201040453,68.10157260207123,3.002880763501733
2022-09,Consumer Discretionary,82.86797538358942,86.45312555843486,3.585150174845441,17.13202461641057,0.1484885362730206,0.5878781336732203,0.298813456954237,54.0,0.122544979481298,0.1489431760701103,0.5826441120223323,0.1213470855139854,-2.1091003642880106,14.894317607011029,58.264411202233234,3.1431896033282265
2022-09,Consumer Staples,79.7294531031815,70.38377968602991,-9.345673417151584,20.2705468968185,0.0767109139807906,0.3796162862313286,0.1491287124695825,31.0,0.0749972868875769,0.0751589560439296,0.3736577105377188,0.0740810067156109,-2.6025960991629695,7.515895604392959,37.36577105377188,2.697578243922068
2022-09,Energy,56.886741648050574,21.683680822481715,-35.20306082556886,43.113258351949426,0.1492485250043345,0.5984665014870257,0.2803200710388961,17.0,0.0408011168269416,0.1486052490547052,0.5951073515528601,0.0410946003457698,-3.191878544559276,14.860524905470522,59.51073515528601,3.211226799524069
2022-09,Financials,84.02576437784661,95.97568633898342,11.949921961136818,15.974235622153387,0.0553597108092545,0.3287003332484942,0.1701659949298709,61.0,0.1101761400160581,0.0541029148047726,0.3257147049346094,0.1082841801292971,-2.22299621016684,5.41029148047726,32.57147049346094,2.987946368843865
2022-09,Health Care,81.9255130226207,81.11342414852108,-0.8120888740996394,18.074486977379287,0.0440321291809772,0.2646359788458848,0.1036196765417742,60.0,0.1455428524218847,0.0427624493302013,0.2547858060503061,0.135628630972171,-1.9978347829007408,4.27624493302013,25.478580605030608,2.7565180214595757
2022-09,Industrials,85.23934723779128,108.91083028337893,23.671483045587667,14.76065276220873,0.02385821196601,0.1449203366985972,0.0531901028602984,74.0,0.0839167048529743,0.0243233146956714,0.1494122534653003,0.0852956952413363,-2.461631291861872,2.4323314695671403,14.941225346530029,2.859609512318051
2022-09,Information Technology,83.84625856652436,94.29755321996419,10.451294653439836,16.153741433475645,0.1304273532477914,0.5349082288110462,0.2742239934367396,70.0,0.2576234795660283,0.1292824580449863,0.5307796285147923,0.2661209221620079,-1.3238044789032415,12.928245804498632,53.077962851479235,3.0439596533587836
2022-09,Materials,84.00018853134341,99.27902459675298,15.278836065409564,15.99981146865659,0.0682383280883276,0.3251909033421283,0.1820594145169896,25.0,0.0232861063603756,0.0656752804286683,0.3176714026190058,0.0233537023732454,-3.7569997475544903,6.5675280428668295,31.76714026190058,2.9770942404257807
2022-09,Real Estate,82.62781267076105,87.00708280700965,4.37927013624861,17.372187329238958,0.0503911758596858,0.2741149612108874,0.1152367012779489,31.0,0.0275922696748666,0.0561366803789324,0.3003512910765425,0.0273254866935346,-3.59993543378686,5.61366803789324,30.035129107654253,2.9203524399572567
2022-09,Utilities,75.75669397286441,54.586294372326925,-21.17039960053749,24.24330602713559,0.0617609005591607,0.3217034717601759,0.1663320778541207,29.0,0.0294614928702802,0.0603327785228479,0.3164602189461205,0.030212913481037,-3.4994858472857544,6.03327785228479,31.646021894612048,2.9108321492859335
2022-10,Communication Services,82.93307530035183,81.99641255161515,-0.9366627487366812,17.06692469964817,0.2519459409670962,0.6379134159737666,0.4689816064000239,18.0,0.0769372469047807,0.2613371266364254,0.6763620608904216,0.0840575710417152,-2.476253345353043,26.133712663642537,67.63620608904216,3.076708690158385
2022-10,Consumer Discretionary,83.41635689390914,84.95978278812152,1.543425894212387,16.583643106090864,0.1246853341878978,0.5385498130704233,0.2723224730645334,54.0,0.1130380769352939,0.1484885362730206,0.5878781336732203,0.122544979481298,-2.0992771369520615,14.848853627302061,58.78781336732203,3.2346480242948297
2022-10,Consumer Staples,81.17067332437838,72.66197335519115,-8.508699969187244,18.829326675621605,0.0765891135134849,0.3776756341287272,0.1508338567429554,31.0,0.0753503366038956,0.0767109139807906,0.3796162862313286,0.0749972868875769,-2.5903033409324596,7.671091398079059,37.96162862313286,2.6987824793400543
2022-10,Energy,64.6742599604516,28.53434919410386,-36.13991076634774,35.32574003954841,0.1460027190326283,0.5908705001711854,0.2789424732812858,19.0,0.0481889334681643,0.1492485250043345,0.5984665014870257,0.0408011168269416,-3.1990458247373077,14.924852500433449,59.84665014870257,3.277829022877592
2022-10,Financials,85.00883479237423,98.16167097984783,13.152836187473602,14.991165207625775,0.0561080410213601,0.3378589673838905,0.1679638710873829,61.0,0.1141553934218663,0.0553597108092545,0.3287003332484942,0.1101761400160581,-2.2056749209869198,5.53597108092545,32.870033324849416,3.006127905327826
2022-10,Health Care,83.01218967955897,82.13724716949999,-0.8749425100589902,16.987810320441024,0.0435723457706472,0.2638081463181067,0.1039511108101963,60.0,0.1476757912747862,0.0440321291809772,0.2646359788458848,0.1455428524218847,-1.9272847173691405,4.40321291809772,26.46359788458848,2.7916101029171694
2022-10,Industrials,85.89886287276097,108.08461112753824,22.185748254777245,14.10113712723902,0.0241456366063713,0.141427481040571,0.0486736765663934,74.0,0.0878255631181291,0.02385821196601,0.1449203366985972,0.0839167048529743,-2.4779305810013392,2.385821196601,14.492033669859719,2.900329556124698
2022-10,Information Technology,84.43592620306022,93.56409255120235,9.128166348142122,15.564073796939784,0.1283957035830706,0.5291811683453737,0.281538882184022,70.0,0.2578224154921046,0.1304273532477914,0.5349082288110462,0.2576234795660283,-1.3562561415219585,13.042735324779139,53.49082288110461,3.1539208222437223
2022-10,Materials,84.9409690217131,101.07323680031533,16.132267778602213,15.05903097828689,0.0694221922220527,0.3281002579295916,0.1848036952261262,25.0,0.0234085613123505,0.0682383280883276,0.3251909033421283,0.0232861063603756,-3.759898389810296,6.823832808832759,32.519090334212834,2.9921361594218556
2022-10,Real Estate,82.60792183927012,84.36611591014503,1.7581940708748998,17.392078160729874,0.0517912131365155,0.2819739038218792,0.112424286428956,31.0,0.0267848090348243,0.0503911758596858,0.2741149612108874,0.0275922696748666,-3.5902196297339137,5.0391175859685795,27.411496121088742,3.156673553868802
2022-10,Utilities,78.1951640216035,60.75474148185168,-17.440422539751818,21.804835978396504,0.057435755820925,0.3036704264704037,0.1574396429662937,30.0,0.028812872433804,0.0617609005591607,0.3217034717601759,0.0294614928702802,-3.524671194748187,6.176090055916069,32.170347176017586,3.0559473156836012
2022-11,Communication Services,82.07587963001247,76.01040502652052,-6.0654746034919595,17.924120369987527,0.2545680272959292,0.6501107404315527,0.4700599389612218,18.0,0.0779378487160554,0.2519459409670962,0.6379134159737666,0.0769372469047807,-2.5647651646639225,25.194594096709622,63.79134159737666,2.962286916245244
2022-11,Consumer Discretionary,83.44841584625598,85.09496550701144,1.6465496607554453,16.551584153744006,0.1095181998221367,0.5025329691034357,0.2570149933663436,54.0,0.1076850668452359,0.1246853341878978,0.5385498130704233,0.1130380769352939,-2.1800305530002753,12.46853341878978,53.85498130704233,3.0188705620980145
2022-11,Consumer Staples,82.05716914441304,76.44257551545982,-5.614593628953224,17.94283085558696,0.0779710665259363,0.3846819463064518,0.1522047595997017,31.0,0.0759508094920998,0.0765891135134849,0.3776756341287272,0.0753503366038956,-2.5856068867146256,7.65891135134849,37.76756341287272,2.394028170387774
2022-11,Energy,64.65461519506512,28.459130794392017,-36.195484400673095,35.34538480493489,0.1454640448762001,0.5882361561191257,0.2781279084780894,19.0,0.0461200932126172,0.1460027190326283,0.5908705001711854,0.0481889334681643,-3.0326258803829775,14.60027190326283,59.087050017118536,3.035643097713302
2022-11,Financials,85.31314157000408,100.23852855707827,14.925386987074196,14.686858429995922,0.0564189133690112,0.3391995814178127,0.1687371135555436,62.0,0.1163810681060504,0.0561080410213601,0.3378589673838905,0.1141553934218663,-2.170194658573528,5.61080410213601,33.78589673838905,2.5340224936103297
2022-11,Health Care,83.00107608100274,81.4703824822864,-1.530693598716331,16.998923918997264,0.0426508855642246,0.2542609808861271,0.0977306763282913,60.0,0.1466716128469809,0.0435723457706472,0.2638081463181067,0.1476757912747862,-1.912736007585579,4.35723457706472,26.38081463181067,2.5524583114315242
2022-11,Industrials,85.81021625074266,106.58236828306335,20.77215203232069,14.18978374925735,0.0243345721818572,0.1423281970180862,0.0511262495475177,74.0,0.0897974890003523,0.0241456366063713,0.141427481040571,0.0878255631181291,-2.432402669030374,2.4145636606371297,14.142748104057102,2.5751491723095716
2022-11,Information Technology,84.54493856142079,93.56499179891755,9.020053237496748,15.45506143857921,0.1187531570022434,0.5114806774668407,0.2557938453489249,70.0,0.2584890021357235,0.1283957035830706,0.5291811683453737,0.2578224154921046,-1.3554842431021197,12.839570358307059,52.918116834537365,3.0021987398741463
2022-11,Materials,85.08891228173685,100.93460564470463,15.845693362967783,14.911087718263152,0.0713118159670218,0.3400655980566673,0.1886456969436638,25.0,0.0246468190374176,0.0694221922220527,0.3281002579295916,0.0234085613123505,-3.7546534554827087,6.942219222205271,32.81002579295916,2.7578732366118803
2022-11,Real Estate,83.24284975818306,86.32180505242896,3.078955294245895,16.757150241816944,0.0520343206404063,0.2842503134582239,0.1121193069964137,31.0,0.0271308917039202,0.0517912131365155,0.2819739038218792,0.0267848090348243,-3.61992037923131,5.17912131365155,28.19739038218792,2.8556609617413917
2022-11,Utilities,79.31640892871312,63.433864585686976,-15.88254434302614,20.683591071286884,0.0578166389094339,0.3056549406476312,0.1613205779476474,30.0,0.0291892989035463,0.057435755820925,0.3036704264704037,0.028812872433804,-3.5469330321898007,5.7435755820925,30.36704264704037,2.748693771863116
2022-12,Communication Services,82.24578404659691,76.42050870645028,-5.825275340146639,17.75421595340308,0.2381486021612787,0.6404640447850241,0.4476253796539761,18.0,0.0760674293626454,0.2545680272959292,0.6501107404315527,0.0779378487160554,-2.551843581248053,25.45680272959292,65.01107404315528,2.9181017468363697
2022-12,Consumer Discretionary,83.55024236523253,85.04384373753722,1.4936013723046773,16.44975763476746,0.0993363346884053,0.463043473501155,0.2536005522544885,54.0,0.1009364457285447,0.1095181998221367,0.5025329691034357,0.1076850668452359,-2.2285443595378895,10.95181998221367,50.25329691034357,2.8512428639467435
2022-12,Consumer Staples,82.334840005941,77.48589946908362,-4.848940536857388,17.665159994058996,0.0773389310208415,0.3877317425605697,0.1458178745322226,31.0,0.0779817597717924,0.0779710665259363,0.3846819463064518,0.0759508094920998,-2.5776693917733247,7.79710665259363,38.46819463064518,2.3144892563267865
2022-12,Energy,65.73007497379695,29.970307843735608,-35.75976713006134,34.269925026203055,0.1489419712904132,0.5946398728156581,0.2839984530211344,19.0,0.0475614808075348,0.1454640448762001,0.5882361561191257,0.0461200932126172,-3.076506562494483,14.54640448762001,58.82361561191257,3.1071467237077064
2022-12,Financials,85.3006960921388,100.3960899135416,15.095393821402789,14.699303907861175,0.0574853237122196,0.3407800447125247,0.173230293742109,62.0,0.1169978665756859,0.0564189133690112,0.3391995814178127,0.1163810681060504,-2.1508854020499784,5.64189133690112,33.91995814178127,2.5924547416878476
2022-12,Health Care,83.04803682109053,81.17985615963666,-1.8681806614538785,16.95196317890946,0.0429321260421793,0.2545463841542706,0.0965082855954832,60.0,0.1528120695373257,0.0426508855642246,0.2542609808861271,0.1466716128469809,-1.9195591173498918,4.26508855642246,25.426098088612708,2.448607404496266
2022-12,Industrials,85.88244149142932,106.254070740887,20.371629249457687,14.117558508570683,0.0247007691473325,0.1431393365901826,0.0486050646455967,74.0,0.0919925345153073,0.0243345721818572,0.1423281970180862,0.0897974890003523,-2.4101982661990924,2.4334572181857204,14.23281970180862,2.616028811497364
2022-12,Information Technology,84.68887424810238,93.83389521254875,9.145020964446374,15.311125751897626,0.1153694589029197,0.5068697949297215,0.2443587965266122,71.0,0.2524504421449869,0.1187531570022434,0.5114806774668407,0.2584890021357235,-1.3529021308682172,11.87531570022434,51.14806774668407,2.9931025644450977
2022-12,Materials,85.13375379289991,100.24437846521894,15.11062467231904,14.866246207100097,0.0710861187381114,0.3437702733963035,0.1902892051340907,26.0,0.0251769983174145,0.0713118159670218,0.3400655980566673,0.0246468190374176,-3.7031074319556665,7.13118159670218,34.00655980566673,2.6675315480114343
2022-12,Real Estate,83.45559482091433,87.0455583730952,3.5899635521808686,16.54440517908567,0.0527728129591195,0.2872793914127647,0.1135281582862286,31.0,0.0272573887925415,0.0520343206404063,0.2842503134582239,0.0271308917039202,-3.607082285032773,5.20343206404063,28.425031345822386,2.8590903605825306
2022-12,Utilities,79.3845939762814,62.880524012689214,-16.50406996359218,20.6154060237186,0.0583214183680596,0.3123813692102886,0.160577026763321,30.0,0.0307655844462204,0.0578166389094339,0.3056549406476312,0.0291892989035463,-3.5339531127825556,5.78166389094339,30.565494064763122,2.6547196435040457
2023-01,Communication Services,81.90495736346509,75.02764463250786,-6.877312730957229,18.095042636534906,0.2325581429565654,0.6414722149709237,0.4389056487347786,18.0,0.081998507508053,0.2381486021612787,0.6404640447850241,0.0760674293626454,-2.5761351035944653,23.81486021612787,64.04640447850241,2.8092626340609765
2023-01,Consumer Discretionary,83.51888044206316,85.00412370747118,1.485243265408021,16.481119557936836,0.1102486992533547,0.4934155608505804,0.2694408427802754,54.0,0.1098276857897207,0.0993363346884053,0.463043473501155,0.1009364457285447,-2.2932642104143124,9.93363346884053,46.3043473501155,2.9935742070217133
2023-01,Consumer Staples,82.28574457894543,77.9163284262997,-4.369416152645721,17.714255421054574,0.0767894638611318,0.3802934821070723,0.1490054368452943,31.0,0.072911777783938,0.0773389310208415,0.3877317425605697,0.0779817597717924,-2.5512803287190895,7.733893102084149,38.77317425605697,2.43433050058755
2023-01,Energy,65.1344413146434,29.515960433154437,-35.61848088148896,34.8655586853566,0.1488168018868459,0.5898914043523202,0.2918375530346281,19.0,0.0458375519395983,0.1489419712904132,0.5946398728156581,0.0475614808075348,-3.0457320720779246,14.89419712904132,59.463987281565814,3.050153912223071
2023-01,Financials,85.243206462943,100.28999929975802,15.04679283681502,14.756793537056998,0.0547659641015087,0.3308322482032774,0.1644889736576013,62.0,0.1169360424230782,0.0574853237122196,0.3407800447125247,0.1169978665756859,-2.1455995787464768,5.74853237122196,34.07800447125247,2.6003632966075854
2023-01,Health Care,82.6778584853228,79.7994159314052,-2.878442553917602,17.322141514677202,0.0401525019210279,0.2419486517342858,0.0922631357880598,61.0,0.1415557740719227,0.0429321260421793,0.2545463841542706,0.1528120695373257,-1.8785464162505694,4.29321260421793,25.454638415427063,2.4363866221297963
2023-01,Industrials,85.90492238547372,106.21398693179262,20.3090645463189,14.095077614526264,0.0238604627115218,0.1408375632957614,0.050459375517719,74.0,0.0889047957365122,0.0247007691473325,0.1431393365901826,0.0919925345153073,-2.3860478517984047,2.47007691473325,14.31393365901826,2.6271997745244193
2023-01,Information Technology,84.73732703681169,94.65064995832155,9.913322921509858,15.262672963188304,0.1129328227072875,0.499056639071522,0.2474030980041862,71.0,0.2597211474264732,0.1153694589029197,0.5068697949297215,0.2524504421449869,-1.3765403182626759,11.536945890291971,50.68697949297215,2.89963408980799
2023-01,Materials,85.21631595151709,100.66555059972407,15.449234648206982,14.783684048482902,0.0667275020162946,0.3232534895380607,0.1768610173541295,26.0,0.0258082146349225,0.0710861187381114,0.3437702733963035,0.0251769983174145,-3.6818244664705233,7.10861187381114,34.37702733963035,2.733186889771777
2023-01,Real Estate,83.44543735069666,85.83745542046123,2.39201806976457,16.554562649303342,0.0535250736822056,0.2908833215397411,0.1190458253519997,30.0,0.0280795839329794,0.0527728129591195,0.2872793914127647,0.0272573887925415,-3.602430646276807,5.27728129591195,28.727939141276472,2.8632193594414868
2023-01,Utilities,79.81011906057286,64.95809509155899,-14.852023969013851,20.189880939427148,0.0547495576852578,0.2964562605719749,0.1461233181403399,30.0,0.0284189187528012,0.0583214183680596,0.3123813692102886,0.0307655844462204,-3.48135860185586,5.83214183680596,31.238136921028858,2.639321943681918
2023-02,Communication Services,80.61038444337055,70.60360772815392,-10.006776715216636,19.389615556629444,0.2214644015169209,0.6472965521695753,0.4163083625998607,18.0,0.0798589033507884,0.2325581429565654,0.6414722149709237,0.081998507508053,-2.5010542330048313,23.255814295656542,64.14722149709236,2.816939800294908
2023-02,Consumer Discretionary,82.92168804822396,83.95418843671723,1.0325003884932749,17.078311951776044,0.1090413652600025,0.5001071187734584,0.2516807019751081,54.0,0.1104611839731144,0.1102486992533547,0.4934155608505804,0.1098276857897207,-2.2088426342431666,11.024869925335471,49.341556085058045,2.9114760864160885
2023-02,Consumer Staples,81.30327626611533,75.2268944519847,-6.076381814130626,18.696723733884674,0.0768950448701365,0.3805886275211938,0.1509536170724382,31.0,0.0731058151543437,0.0767894638611318,0.3802934821070723,0.072911777783938,-2.618505092194874,7.6789463861131795,38.029348210707234,2.305089803810042
2023-02,Energy,61.92085600416233,26.727960821413028,-35.192895182749304,38.07914399583767,0.1513671908016465,0.588098713894794,0.2987687833478376,19.0,0.0432350474116707,0.1488168018868459,0.5898914043523202,0.0458375519395983,-3.082651612460747,14.88168018868459,58.989140435232024,2.983612700922734
2023-02,Financials,84.85326216981107,100.95147377280335,16.09821160299227,15.14673783018892,0.0557112716797879,0.3358174261394343,0.1647741188462868,62.0,0.1172337146174743,0.0547659641015087,0.3308322482032774,0.1169360424230782,-2.1461281396063505,5.4765964101508695,33.083224820327736,2.5314220072812588
2023-02,Health Care,81.92581138745953,79.24120724557253,-2.6846041418869966,18.074188612540475,0.0401084847797656,0.2380487993613932,0.092531436881265,61.0,0.1383671426758801,0.0401525019210279,0.2419486517342858,0.1415557740719227,-1.9550614765082364,4.01525019210279,24.194865173428582,2.3155780074114705
2023-02,Industrials,85.55466897148231,106.66058874440361,21.1059197729213,14.445331028517685,0.0236409285724427,0.1374180279390149,0.0501336381414544,74.0,0.089998030534706,0.0238604627115218,0.1408375632957614,0.0889047957365122,-2.4201891926246724,2.3860462711521797,14.083756329576138,2.4906884573226438
2023-02,Information Technology,84.17082664493455,93.92012670730124,9.749300062366686,15.829173355065453,0.1158003077306981,0.5138293464440787,0.2513469192539919,71.0,0.2674024091587085,0.1129328227072875,0.499056639071522,0.2597211474264732,-1.3481467334150894,11.29328227072875,49.905663907152196,2.797517304349222
2023-02,Materials,84.74852417008046,100.83347581430988,16.084951644229417,15.251475829919537,0.0706785368953643,0.3297161136966965,0.1926225805622537,26.0,0.0256480593451261,0.0667275020162946,0.3232534895380607,0.0258082146349225,-3.657062441029616,6.6727502016294595,32.32534895380607,2.709383346795153
2023-02,Real Estate,83.10490903523774,86.17668520693944,3.071776171701691,16.895090964762257,0.0527626330889759,0.2854833438302538,0.1204915042256128,30.0,0.0272284671752739,0.0535250736822056,0.2908833215397411,0.0280795839329794,-3.5727125171358907,5.35250736822056,29.08833215397411,2.7450069234911023
2023-02,Utilities,79.49248383842716,66.31048204970608,-13.182001788721077,20.507516161572838,0.0548285906584221,0.2961055229272056,0.1480096285471794,30.0,0.0274612266029133,0.0547495576852578,0.2964562605719749,0.0284189187528012,-3.5607002023289285,5.4749557685257795,29.64562605719749,2.7926991586858665
2023-03,Communication Services,80.52567996117784,72.64570512535772,-7.8799748358201125,19.474320038822157,0.2395029941786469,0.6747374189934879,0.4351812013663459,17.0,0.0843561854743186,0.2214644015169209,0.6472965521695753,0.0798589033507884,-2.5274939095877498,22.14644015169209,64.72965521695752,2.7619298116620925
2023-03,Consumer Discretionary,82.46367599491832,83.88703330580793,1.4233573108896114,17.536324005081685,0.1253963207919227,0.5323524298177181,0.2791332899826885,51.0,0.1052415248865932,0.1090413652600025,0.5001071187734584,0.1104611839731144,-2.203091095997696,10.90413652600025,50.010711877345834,2.868441910371561
2023-03,Consumer Staples,80.43882253898153,73.61317165741517,-6.825650881566367,19.56117746101847,0.0699820064035022,0.3629093945176848,0.1417340969687039,35.0,0.0774251817067334,0.0768950448701365,0.3805886275211938,0.0731058151543437,-2.615847364715375,7.68950448701365,38.05886275211938,2.3095333634260133
2023-03,Energy,62.497090651899605,28.18022984611033,-34.31686080578927,37.502909348100395,0.1537116850745153,0.5905425616418697,0.3018659709724699,19.0,0.0412908820245993,0.1513671908016465,0.588098713894794,0.0432350474116707,-3.14110382996642,15.136719080164651,58.8098713894794,3.148192044138475
2023-03,Financials,83.56498712916921,94.17423135111267,10.609244221943447,16.435012870830793,0.0519553437527432,0.3198567560309001,0.1410824453928059,70.0,0.1323994212061783,0.0557112716797879,0.3358174261394343,0.1172337146174743,-2.1435857758229604,5.57112716797879,33.58174261394343,2.798233040704806
2023-03,Health Care,81.77334000079644,81.60074448038307,-0.17259552041336443,18.22665999920357,0.0413012511312561,0.2507803348378834,0.0971014930657039,62.0,0.1382961014353043,0.0401084847797656,0.2380487993613932,0.1383671426758801,-1.9778446723956769,4.01084847797656,23.80487993613932,2.500174913873743
2023-03,Industrials,85.17326571828262,107.29389148494802,22.120625766665395,14.826734281717385,0.0238537296945059,0.1391555635079842,0.0527519118529928,74.0,0.0870449772717088,0.0236409285724427,0.1374180279390149,0.089998030534706,-2.407967491839018,2.36409285724427,13.741802793901488,2.6472008958296533
2023-03,Information Technology,83.61035186533535,93.08371784499296,9.473365979657613,16.38964813466466,0.1459651370896614,0.5909315819910967,0.284098878695792,64.0,0.2562808567032016,0.1158003077306981,0.5138293464440787,0.2674024091587085,-1.3190006047860376,11.58003077306981,51.382934644407875,2.8005386430620005
2023-03,Materials,84.04284648127818,98.9071056321507,14.864259150872538,15.957153518721828,0.0731847224040861,0.3377637658165113,0.1985794873982202,26.0,0.0243060063021239,0.0706785368953643,0.3297161136966965,0.0256480593451261,-3.663287369287061,7.067853689536429,32.97161136966965,2.7518768911156015
2023-03,Real Estate,82.65441067654156,86.76523589449495,4.110825217953388,17.345589323458434,0.0553457666589052,0.3018846732104852,0.1248826473654457,30.0,0.0256620127694553,0.0527626330889759,0.2854833438302538,0.0272284671752739,-3.60349226564463,5.27626330889759,28.54833438302538,2.9611669074869447
2023-03,Utilities,78.60355387141101,65.19695826701812,-13.406595604392885,21.39644612858899,0.0562570404879115,0.3041010739540382,0.1534289757890242,30.0,0.0276968502197827,0.0548285906584221,0.2961055229272056,0.0274612266029133,-3.5949802109249513,5.482859065842209,29.61055229272056,2.873623897379733
2023-04,Communication Services,79.81234801258806,73.01367896473373,-6.798669047854341,20.187651987411936,0.2429602554379846,0.6887152164976426,0.4336819178523239,17.0,0.0860621197876403,0.2395029941786469,0.6747374189934879,0.0843561854743186,-2.472707141625773,23.95029941786469,67.4737418993488,2.521030804329459
2023-04,Consumer Discretionary,81.56596543632119,82.74524135424944,1.179275917928255,18.434034563678804,0.1217033150749755,0.5099774852497688,0.2891101286651575,51.0,0.1021202633793291,0.1253963207919227,0.5323524298177181,0.1052415248865932,-2.251497333304669,12.53963207919227,53.23524298177181,2.6980648141500705
2023-04,Consumer Staples,79.63467408938597,74.63525131063557,-4.9994227787504,20.365325910614036,0.0703191092655273,0.3641752258580216,0.1407447035992747,35.0,0.0789699485360677,0.0699820064035022,0.3629093945176848,0.0774251817067334,-2.5584432062514444,6.998200640350221,36.29093945176848,2.0046301899477474
2023-04,Energy,62.8751563874961,29.75067785951337,-33.124478527982724,37.1248436125039,0.1609417847903326,0.6048850524056372,0.3145375622643543,19.0,0.0418045917220024,0.1537116850745153,0.5905425616418697,0.0412908820245993,-3.1871135776121435,15.37116850745153,59.05425616418697,2.7504191353784355
2023-04,Financials,82.52419013979592,91.24106392142626,8.716873781630335,17.475809860204073,0.0538021297719845,0.3274379666394658,0.1466686265391868,70.0,0.1346488736410613,0.0519553437527432,0.3198567560309001,0.1323994212061783,-2.021932007043329,5.19553437527432,31.98567560309001,2.3962164810636635
2023-04,Health Care,80.81543676738498,81.4451692689974,0.6297325016124219,19.18456323261502,0.0420398445513092,0.2612130302992305,0.0988758463003127,62.0,0.1409797551292634,0.0413012511312561,0.2507803348378834,0.1382961014353043,-1.9783582298967133,4.13012511312561,25.078033483788342,2.2123471907626566
2023-04,Industrials,84.24781081805959,105.07365845325279,20.825847635193185,15.752189181940409,0.0236708618077823,0.1400261822411292,0.049699541922007,74.0,0.0845961550165343,0.0238537296945059,0.1391555635079842,0.0870449772717088,-2.4413303137811595,2.3853729694505903,13.915556350798418,2.3719777809673244
2023-04,Information Technology,82.47178055614447,89.75196859092114,7.280188034776669,17.528219443855534,0.1554623491955332,0.610589112662434,0.2897308777413575,64.0,0.253383118974246,0.1459651370896614,0.5909315819910967,0.2562808567032016,-1.3614813393762542,14.59651370896614,59.09315819910967,2.5527727457683684
2023-04,Materials,83.56534943921673,100.77073870236401,17.20538926314729,16.434650560783265,0.0763448776201947,0.3509315926276352,0.2068385011374605,26.0,0.0239937132792787,0.0731847224040861,0.3377637658165113,0.0243060063021239,-3.71703178625092,7.31847224040861,33.77637658165113,2.3561763797297886
2023-04,Real Estate,81.61558013652093,86.2493669425528,4.633786806031868,18.38441986347907,0.0543497362970807,0.2974862511818016,0.1234913266630333,30.0,0.0255639614188656,0.0553457666589052,0.3018846732104852,0.0256620127694553,-3.662743482907716,5.53457666589052,30.188467321048517,2.6552720081081165
2023-04,Utilities,76.49492668474474,60.9464030990122,-15.548523585732543,23.505073315255256,0.0561828744282927,0.304935397607724,0.151808824319583,30.0,0.0278774991157106,0.0562570404879115,0.3041010739540382,0.0276968502197827,-3.5864365827315297,5.62570404879115,30.41010739540382,2.462283121255152
2023-05,Communication Services,79.4457543392014,73.02230504603352,-6.423449293167874,20.5542456607986,0.2718904997966433,0.7210726657234786,0.4664053378305414,17.0,0.0914852868902784,0.2429602554379846,0.6887152164976426,0.0860621197876403,-2.452685920366316,24.29602554379846,68.87152164976426,2.569362205248039
2023-05,Consumer Discretionary,81.15339706490204,82.24767668856136,1.0942796236593195,18.846602935097962,0.1448426345043036,0.5601144872049967,0.3194599435251514,51.0,0.1056029527102756,0.1217033150749755,0.5099774852497688,0.1021202633793291,-2.2816041074961486,12.17033150749755,50.997748524976885,2.559398410117625
2023-05,Consumer Staples,79.17151786138471,74.19765627346729,-4.973861587917427,20.828482138615282,0.0714329390386049,0.3648393473254722,0.1458169113719934,35.0,0.0740824595530804,0.0703191092655273,0.3641752258580216,0.0789699485360677,-2.538687897162518,7.0319109265527295,36.41752258580216,2.120768119347439
2023-05,Energy,64.57332474303132,32.46748276902379,-32.10584197400754,35.42667525696867,0.1555471010448657,0.6007705326376976,0.3033863687177863,19.0,0.0372480497166526,0.1609417847903326,0.6048850524056372,0.0418045917220024,-3.174749095675805,16.09417847903326,60.48850524056372,2.821900404826995
2023-05,Financials,82.45956372772157,92.29789956732738,9.838335839605806,17.54043627227842,0.0548584514564377,0.3319904319599343,0.1491338826765761,70.0,0.1283587171369771,0.0538021297719845,0.3274379666394658,0.1346488736410613,-2.0050848248463247,5.38021297719845,32.743796663946576,2.5121737501975523
2023-05,Health Care,80.36368458229447,80.68946846092635,0.3257838786318775,19.636315417705532,0.0416840272107017,0.2600599157321559,0.0933201825188024,62.0,0.1326354149977795,0.0420398445513092,0.2612130302992305,0.1409797551292634,-1.9591389795561782,4.20398445513092,26.121303029923048,2.223130492340189
2023-05,Industrials,84.02464320318273,104.88072329241544,20.856080089232716,15.975356796817277,0.023150181655178,0.134781398307455,0.0476624540530039,75.0,0.0820594292145646,0.0236708618077823,0.1400261822411292,0.0845961550165343,-2.4698664623799313,2.36708618077823,14.00261822411292,2.4948866047564286
2023-05,Information Technology,81.570460355672,85.9609929881536,4.390532632481617,18.429539644328003,0.1486727134635172,0.6101209040098412,0.2758914155618445,64.0,0.2755457934313415,0.1554623491955332,0.610589112662434,0.253383118974246,-1.3728526314110807,15.54623491955332,61.0589112662434,2.4405693190104567
2023-05,Materials,83.44203366680681,101.40445507586963,17.962421409062824,16.557966333193193,0.0783173408694122,0.3573096264469582,0.2121142422377635,26.0,0.0222591074854861,0.0763448776201947,0.3509315926276352,0.0239937132792787,-3.7299634296449407,7.634487762019471,35.09315926276352,2.4604604663082017
2023-05,Real Estate,81.28097194046572,86.89460190136047,5.61362996089475,18.71902805953429,0.0549076623697701,0.3023516650466717,0.1282671844608176,30.0,0.0244863041603845,0.0543497362970807,0.2974862511818016,0.0255639614188656,-3.6665716763931124,5.43497362970807,29.74862511818016,2.686626925001829
2023-05,Utilities,75.52186377997948,58.94395320150341,-16.57791057847608,24.478136220020517,0.0566222307489383,0.3057507280136528,0.1544842492460441,30.0,0.0262364847031792,0.0561828744282927,0.304935397607724,0.0278774991157106,-3.5799353988452993,5.61828744282927,30.493539760772396,2.592483702106858
2023-06,Communication Services,78.0826336924827,71.17334423271328,-6.90928945976943,21.91736630751729,0.2574974969072596,0.7157254671140265,0.4442865508610768,17.0,0.0876641108135325,0.2718904997966433,0.7210726657234786,0.0914852868902784,-2.3915771186435597,27.189049979664333,72.10726657234787,2.5178112679799205
2023-06,Consumer Discretionary,80.24647655283437,82.11678257223751,1.8703060194031484,19.753523447165634,0.1452371201600268,0.5711501383216365,0.3080682894385342,51.0,0.1109381332267603,0.1448426345043036,0.5601144872049967,0.1056029527102756,-2.248068946829336,14.48426345043036,56.011448720499665,2.6538550358775135
2023-06,Consumer Staples,77.71847981642362,72.5218875120214,-5.196592304402238,22.281520183576372,0.0736494762200917,0.3724499138118369,0.15136429597786,35.0,0.0715698858281747,0.0714329390386049,0.3648393473254722,0.0740824595530804,-2.6025764878848836,7.1432939038604895,36.48393473254722,2.1108899131086436
2023-06,Energy,64.59039042123689,34.438713936910915,-30.151676484325975,35.409609578763096,0.1518635554415888,0.590839605151108,0.30013000745092,19.0,0.0370329147538243,0.1555471010448657,0.6007705326376976,0.0372480497166526,-3.2901556921271533,15.554710104486569,60.07705326376976,2.8562694810434386
2023-06,Financials,81.96464485212644,94.31181649331802,12.347171641191581,18.035355147873567,0.0551047648995552,0.3333474622234946,0.1489426243522069,70.0,0.1278098364966369,0.0548584514564377,0.3319904319599343,0.1283587171369771,-2.052926457048938,5.48584514564377,33.199043195993426,2.328874562796467
2023-06,Health Care,78.71580105090183,77.42767335711297,-1.2881276937888697,21.28419894909817,0.0412711612526791,0.2609776925730554,0.0883191390957228,62.0,0.1295458671921133,0.0416840272107017,0.2600599157321559,0.1326354149977795,-2.020151155459053,4.16840272107017,26.005991573215592,2.28111727433936
2023-06,Industrials,83.29107212622549,105.2139745555273,21.922902429301832,16.708927873774517,0.0225125904527117,0.1303374466555887,0.0461061106521133,75.0,0.0853208959860243,0.023150181655178,0.134781398307455,0.0820594292145646,-2.500311547700738,2.3150181655178,13.4781398307455,2.3882484543837594
2023-06,Information Technology,79.31761200700902,78.3857628806915,-0.9318491263175203,20.682387992990982,0.1490820232992289,0.6123572119275279,0.2819843766061267,65.0,0.2780315127977713,0.1486727134635172,0.6101209040098412,0.2755457934313415,-1.2890014448505618,14.867271346351721,61.01209040098412,2.5917227876268063
2023-06,Materials,82.74291714027194,102.08062124664829,19.33770410637635,17.257082859728058,0.076907535186081,0.3552547680605911,0.2061062259244224,26.0,0.0231303908206943,0.0783173408694122,0.3573096264469582,0.0222591074854861,-3.805004028930204,7.8317340869412195,35.73096264469582,2.514607382713502
2023-06,Real Estate,80.20763681430722,86.24358293041918,6.035946116111963,19.79236318569278,0.0533142812468473,0.2944124795480227,0.1202944980967732,30.0,0.0240542076857045,0.0549076623697701,0.3023516650466717,0.0244863041603845,-3.709641331599816,5.49076623697701,30.23516650466717,2.6608455752370133
2023-06,Utilities,73.42852930273277,56.39203405895195,-17.03649524378083,26.57147069726722,0.0563129274365761,0.3042742934019887,0.1540531706139666,30.0,0.0249022443987633,0.0566222307489383,0.3057507280136528,0.0262364847031792,-3.640604290985094,5.662223074893831,30.575072801365277,2.576269494948018
2023-07,Communication Services,76.60004007050392,69.62606800449366,-6.973972066010267,23.399959929496067,0.2721230005146597,0.7350206412318936,0.4579355352494868,17.0,0.0909522100779584,0.2574974969072596,0.7157254671140265,0.0876641108135325,-2.434242690115735,25.74974969072596,71.57254671140265,2.46667806238803
2023-07,Consumer Discretionary,78.84446579853692,79.64088754176593,0.7964217432290255,21.155534201463087,0.146522411753882,0.5761895822769465,0.309988100594605,51.0,0.1104818056990996,0.1452371201600268,0.5711501383216365,0.1109381332267603,-2.198782591369163,14.52371201600268,57.115013832163655,2.2733625789107754
2023-07,Consumer Staples,76.28349133675849,71.8833991885018,-4.400092148256676,23.71650866324152,0.0741015702243403,0.3741278315589859,0.1511271866380203,35.0,0.070846230364852,0.0736494762200917,0.3724499138118369,0.0715698858281747,-2.637080882479869,7.36494762200917,37.24499138118369,2.0373215369031477
2023-07,Energy,63.26003896328969,34.49832452898128,-28.761714434308413,36.73996103671031,0.1406439131113409,0.5711655777517485,0.2805829600727406,19.0,0.0383689007303989,0.1518635554415888,0.590839605151108,0.0370329147538243,-3.2959481738455607,15.18635554415888,59.0839605151108,2.749213292774604
2023-07,Financials,81.1091210290559,95.56808938922877,14.458968360172875,18.890878970944105,0.0540846132797258,0.3299414065650112,0.1473157765546782,70.0,0.129637723322336,0.0551047648995552,0.3333474622234946,0.1278098364966369,-2.057211772108271,5.51047648995552,33.33474622234946,2.2845764453807478
2023-07,Health Care,75.86882715152848,69.88785050795886,-5.980976643569616,24.13117284847153,0.0416463872820666,0.262385114276749,0.0924273954803201,62.0,0.1266525989792326,0.0412711612526791,0.2609776925730554,0.1295458671921133,-2.0437202737402007,4.12711612526791,26.097769257305544,2.1674800971948445
2023-07,Industrials,82.31938019764402,105.66894162372864,23.34956142608461,17.680619802355974,0.0226690317289104,0.1301945834543375,0.0468903927745618,75.0,0.0851093629192654,0.0225125904527117,0.1303374466555887,0.0853208959860243,-2.4613358839570494,2.25125904527117,13.033744665558869,2.109249363294199
2023-07,Information Technology,77.83416476954996,76.70933800399332,-1.124826765556636,22.165835230450046,0.1439796152123911,0.6061917133434922,0.2778282882300554,65.0,0.2761535644807225,0.1490820232992289,0.6123572119275279,0.2780315127977713,-1.28002081632807,14.90820232992289,61.23572119275279,2.4477958975890184
2023-07,Materials,81.28684029773322,99.43274090553435,18.14590060780111,18.713159702266775,0.0766576408689184,0.3545789245012589,0.205264361336887,26.0,0.0231375577416128,0.076907535186081,0.3552547680605911,0.0231303908206943,-3.7666079061805293,7.6907535186080995,35.52547680605911,2.376486992914028
2023-07,Real Estate,78.69161360577976,84.78355664607845,6.091943040298685,21.308386394220232,0.0523015332985289,0.2900933075913038,0.1195147399216428,30.0,0.0239446473245681,0.0533142812468473,0.2944124795480227,0.0240542076857045,-3.72744534198679,5.33142812468473,29.441247954802268,2.5161066404461114
2023-07,Utilities,71.77078474372867,56.169571623843964,-15.601213119884696,28.22921525627134,0.0551706320280889,0.3007740317185718,0.1490276643168112,30.0,0.0247153983599533,0.0563129274365761,0.3042742934019887,0.0249022443987633,-3.692797343077007,5.63129274365761,30.42742934019887,2.5891899072281968
2023-08,Communication Services,75.32612919458296,67.94890161334615,-7.377227581236803,24.673870805417042,0.279106024067569,0.7341031517369838,0.4723837558809134,17.0,0.0921958997245295,0.2721230005146597,0.7350206412318936,0.0909522100779584,-2.397421074390667,27.21230005146597,73.50206412318936,2.474514520881162
2023-08,Consumer Discretionary,77.33546651872574,76.74761575956369,-0.5878507591620569,22.66453348127426,0.1541664064519372,0.5873562949656135,0.324781831274329,50.0,0.1108626301450407,0.146522411753882,0.5761895822769465,0.1104818056990996,-2.202904425888129,14.6522411753882,57.61895822769465,2.6052695861966657
2023-08,Consumer Staples,75.26212071787299,71.48412603563027,-3.777994682242722,24.73787928212701,0.0747254670716063,0.3787413558925142,0.1563926694683261,36.0,0.0707979446322352,0.0741015702243403,0.3741278315589859,0.070846230364852,-2.6472435201204636,7.4101570224340305,37.41278315589859,2.096089684107699
2023-08,Energy,62.04750876119621,34.50168880466644,-27.545819956529773,37.95249123880378,0.1429471594269742,0.5754334289779595,0.286056536242728,19.0,0.0393458842779948,0.1406439131113409,0.5711655777517485,0.0383689007303989,-3.260508024328384,14.06439131113409,57.11655777517485,2.6945716027328346
2023-08,Financials,80.42610723612975,95.96780859901409,15.541701362884325,19.573892763870244,0.0567829388261647,0.3395218355802659,0.154907676321744,70.0,0.1282300385996615,0.0540846132797258,0.3299414065650112,0.129637723322336,-2.0430114624000524,5.40846132797258,32.994140656501116,2.2864534221729116
2023-08,Health Care,73.89884026597423,65.73413818518164,-8.164702080792596,26.101159734025778,0.0432560170725965,0.2694513283524776,0.1042562989156222,62.0,0.1275982303560038,0.0416463872820666,0.262385114276749,0.1266525989792326,-2.0663073817877793,4.1646387282066595,26.238511427674897,2.073200149349472
2023-08,Industrials,81.84367161100764,106.98522571590665,25.141554104899026,18.156328388992364,0.0226198797346989,0.1269803339774602,0.0433665338215733,75.0,0.0846393917082766,0.0226690317289104,0.1301945834543375,0.0851093629192654,-2.463818226901786,2.26690317289104,13.01945834543375,2.246061962565174
2023-08,Information Technology,76.56412864596797,74.26523434273051,-2.2988943032374682,23.435871354032027,0.1400567269666521,0.6028471944491833,0.2685567356821519,65.0,0.2765516582116531,0.1439796152123911,0.6061917133434922,0.2761535644807225,-1.2867981749481112,14.397961521239111,60.61917133434922,2.6588537671918955
2023-08,Materials,80.46843649770197,99.29845449258997,18.830017994888006,19.531563502298038,0.0784227096572828,0.3611804592113561,0.2102864290870102,26.0,0.022708874153194,0.0766576408689184,0.3545789245012589,0.0231375577416128,-3.7662981054999927,7.66576408689184,35.45789245012589,2.296124610596958
2023-08,Real Estate,77.82264919829863,83.93130509065026,6.10865589235161,22.17735080170136,0.0531233302229834,0.292677526964232,0.123295704905827,30.0,0.0235320623422643,0.0523015332985289,0.2900933075913038,0.0239446473245681,-3.732010473858649,5.23015332985289,29.009330759130382,2.4154113540199793
2023-08,Utilities,70.04130790938177,54.17186791756022,-15.869439991821555,29.95869209061823,0.0545371455754905,0.2983856202544551,0.1452264643316133,30.0,0.0235373858491461,0.0551706320280889,0.3007740317185718,0.0247153983599533,-3.7003288142081256,5.51706320280889,30.07740317185718,2.4737550004082562
2023-09,Communication Services,75.64778505433969,69.33858282584487,-6.309202228494821,24.352214945660307,0.2792238411388984,0.7389359934247861,0.4685636911047035,17.0,0.0933654978817994,0.279106024067569,0.7341031517369838,0.0921958997245295,-2.3838396209428643,27.9106024067569,73.41031517369838,2.404063763714791
2023-09,Consumer Discretionary,77.4641705266746,77.38988191769418,-0.07428860898041023,22.535829473325407,0.1468003187663552,0.5736570584496916,0.3124649101999319,51.0,0.1109084657189196,0.1541664064519372,0.5873562949656135,0.1108626301450407,-2.199463410348216,15.416640645193718,58.735629496561344,2.6437086704637687
2023-09,Consumer Staples,75.761679123535,72.7699041975885,-2.9917749259464914,24.238320876465004,0.0769864646917998,0.3845437434581334,0.1615111787342815,35.0,0.0704200533551892,0.0747254670716063,0.3787413558925142,0.0707979446322352,-2.6479253093220065,7.472546707160629,37.874135589251416,2.110033547953305
2023-09,Energy,60.03375558626756,31.64921927317446,-28.384536313093093,39.96624441373244,0.1464671584851913,0.5813188132832625,0.2917842178283141,19.0,0.0424451796924299,0.1429471594269742,0.5754334289779595,0.0393458842779948,-3.2353639022701204,14.294715942697419,57.543342897795945,2.651429342762697
2023-09,Financials,80.33038764549232,95.63916974149784,15.308782096005507,19.66961235450767,0.0545595359663856,0.3309600193889241,0.151961157536412,70.0,0.1328214956821573,0.0567829388261647,0.3395218355802659,0.1282300385996615,-2.0539294514921957,5.67829388261647,33.95218355802659,2.2706911677397157
2023-09,Health Care,74.53453159959344,67.45427563857528,-7.08025596101816,25.46546840040656,0.0439313910284459,0.2754673008930428,0.103736715753651,62.0,0.1298712541091351,0.0432560170725965,0.2694513283524776,0.1275982303560038,-2.0588687768509746,4.32560170725965,26.945132835247758,2.0880149686161316
2023-09,Industrials,81.84939535283777,106.95389062809204,25.104495275254266,18.150604647162233,0.0223895652244169,0.126607502266838,0.0448134203307902,75.0,0.0831113412993717,0.0226198797346989,0.1269803339774602,0.0846393917082766,-2.46935549770945,2.26198797346989,12.69803339774602,2.311771539672052
2023-09,Information Technology,76.24609400931584,72.31414316856682,-3.9319508407490154,23.753905990684167,0.1394898038969891,0.599610750335523,0.2631611589172212,65.0,0.2687496688463242,0.1400567269666521,0.6028471944491833,0.2765516582116531,-1.2853576464948697,14.005672696665211,60.28471944491833,2.53455145847623
2023-09,Materials,80.50041280186724,99.57701831161387,19.076605509746635,19.499587198132765,0.079379099496405,0.3645148500211693,0.2134789982099954,26.0,0.022487070939843,0.0784227096572828,0.3611804592113561,0.022708874153194,-3.7849994990299636,7.8422709657282805,36.11804592113561,2.3858399096422263
2023-09,Real Estate,77.95378881915872,83.42922828261062,5.475439463451903,22.046211180841283,0.0528206129501761,0.2895300602360127,0.1208908632985862,30.0,0.0226574027438522,0.0531233302229834,0.292677526964232,0.0235320623422643,-3.749391432728622,5.31233302229834,29.267752696423198,2.479987409928312
2023-09,Utilities,69.6568253318376,53.46351186566127,-16.193313466176324,30.34317466816241,0.052416263184991,0.2906616662604526,0.1322529261335056,30.0,0.0231625697309783,0.0545371455754905,0.2983856202544551,0.0235373858491461,-3.7491652347548174,5.45371455754905,29.83856202544551,2.6077473521418226
2023-10,Communication Services,75.95032348262856,70.76533033769587,-5.184993144932692,24.049676517371438,0.2694668323172569,0.7316203078402436,0.453926544973334,17.0,0.0928876218681487,0.2792238411388984,0.7389359934247861,0.0933654978817994,-2.3712334036867495,27.92238411388984,73.89359934247861,2.6956528289289516
2023-10,Consumer Discretionary,78.16369677606372,80.05506594856169,1.8913691724979644,21.83630322393628,0.1531898065426463,0.5667003676126753,0.3390937560917965,52.0,0.1096182795958997,0.1468003187663552,0.5736570584496916,0.1109084657189196,-2.199050051029654,14.68003187663552,57.36570584496916,2.8644625029453326
2023-10,Consumer Staples,73.69699755186221,65.65923842193439,-8.037759129927823,26.303002448137782,0.0796282220339729,0.3945438203740775,0.1671753617695633,35.0,0.0711048659872431,0.0769864646917998,0.3845437434581334,0.0704200533551892,-2.653277207584555,7.69864646917998,38.45437434581334,2.4649553320035085
2023-10,Energy,55.2995304185296,27.994649408363024,-27.30488101016657,44.7004695814704,0.1368269701836369,0.5617278288786492,0.2806025966782226,19.0,0.0404020468318906,0.1464671584851913,0.5813188132832625,0.0424451796924299,-3.1595419252653,14.646715848519129,58.13188132832625,2.7892913648541877
2023-10,Financials,80.43484650544768,98.0986239877393,17.663777482291636,19.565153494552323,0.0549886241805023,0.3351217673773322,0.152791989536169,70.0,0.1316874247384805,0.0545595359663856,0.3309600193889241,0.1328214956821573,-2.018749189962056,5.45595359663856,33.096001938892414,2.589714920372538
2023-10,Health Care,74.40942067337528,68.4016587357007,-6.007761937674568,25.59057932662472,0.0466647601383313,0.291835268673778,0.111280706097033,61.0,0.1277100543001292,0.0439313910284459,0.2754673008930428,0.1298712541091351,-2.0412116722567664,4.393139102844589,27.546730089304276,2.3968497806896796
2023-10,Industrials,81.63626892300921,107.72143295534133,26.085164032332127,18.3637310769908,0.0221225275565743,0.1193656026923943,0.0410438052747291,77.0,0.0833360851900567,0.0223895652244169,0.126607502266838,0.0831113412993717,-2.487574108702868,2.23895652244169,12.6607502266838,2.6042938238001394
2023-10,Information Technology,75.89939942173636,70.18056154962215,-5.718837872114206,24.10060057826364,0.1458091030279916,0.60938671669907,0.2628371741071049,64.0,0.2745297091676579,0.1394898038969891,0.599610750335523,0.2687496688463242,-1.3139749317407476,13.948980389698908,59.961075033552305,2.779896868357287
2023-10,Materials,80.57977743700745,100.81261202682664,20.23283458981919,19.42022256299254,0.0838942870543457,0.3762831301820505,0.2256380896567448,26.0,0.0221954998853727,0.079379099496405,0.3645148500211693,0.022487070939843,-3.794814759827788,7.9379099496405,36.45148500211693,2.6833368114072798
2023-10,Real Estate,77.8723840180284,82.90274750288835,5.030363484859941,22.1276159819716,0.0531378325570799,0.2934446606294665,0.1116533550256012,30.0,0.022533078028903,0.0528206129501761,0.2895300602360127,0.0226574027438522,-3.7872686484928697,5.28206129501761,28.95300602360127,2.8871644905675145
2023-10,Utilities,66.15149476498837,47.50221909800339,-18.649275666984995,33.84850523501162,0.052747525701911,0.2927133535390711,0.1328859020304337,30.0,0.0239953344062174,0.052416263184991,0.2906616662604526,0.0231625697309783,-3.765217676863445,5.2416263184991,29.06616662604526,2.940205651402253
2023-11,Communication Services,76.30894895362204,72.0776204171076,-4.23132853651443,23.691051046377964,0.2676444665050137,0.734029737010659,0.4506305927889766,17.0,0.0916348047272442,0.2694668323172569,0.7316203078402436,0.0928876218681487,-2.3763648835021156,26.946683231725686,73.16203078402435,2.222442949753302
2023-11,Consumer Discretionary,79.08404115141559,83.75170408924873,4.667662937833149,20.915958848584424,0.1551475401310587,0.5764964094202345,0.3366997845704975,52.0,0.111088860106128,0.1531898065426463,0.5667003676126753,0.1096182795958997,-2.210751133741111,15.31898065426463,56.670036761267525,2.4612015019685605
2023-11,Consumer Staples,73.40105082105156,62.544577804719125,-10.856473016332432,26.598949178948434,0.0764905499275124,0.3846052940420962,0.1544781523316751,35.0,0.0672081780874129,0.0796282220339729,0.3945438203740775,0.0711048659872431,-2.643599505875615,7.962822203397291,39.45438203740775,2.019584922525566
2023-11,Energy,53.87718093005506,25.94970328003123,-27.927477650023825,46.122819069944946,0.1357390099179964,0.5579025190081129,0.2800671625373155,19.0,0.0364105130597699,0.1368269701836369,0.5617278288786492,0.0404020468318906,-3.2088748311427095,13.68269701836369,56.172782887864926,2.698957510388683
2023-11,Financials,81.38487214126522,102.5435831296651,21.158710988399886,18.615127858734784,0.0530623610720557,0.3272641488858083,0.1454640637202783,70.0,0.1333841804747626,0.0549886241805023,0.3351217673773322,0.1316874247384805,-2.02732415893394,5.49886241805023,33.51217673773322,2.004274937228076
2023-11,Health Care,75.66032057454858,70.0510299318427,-5.609290642705882,24.33967942545143,0.0461169535206183,0.2904029211439931,0.1127725857971898,61.0,0.1232663152899886,0.0466647601383313,0.291835268673778,0.1277100543001292,-2.0579927852909923,4.66647601383313,29.1835268673778,2.1511577508013815
2023-11,Industrials,82.25591946612775,109.67502128763152,27.419101821503766,17.744080533872246,0.0219528089846299,0.1228180506124704,0.0419749243687235,77.0,0.0827119354571074,0.0221225275565743,0.1193656026923943,0.0833360851900567,-2.4848736280525436,2.21225275565743,11.936560269239429,2.070552900043428
2023-11,Information Technology,76.32198149433755,70.54154901905028,-5.780432475287257,23.678018505662457,0.1417100618476889,0.6007879691039197,0.2562770685285702,64.0,0.2856028465234616,0.1458091030279916,0.60938671669907,0.2745297091676579,-1.2926957937700363,14.580910302799161,60.938671669906995,2.3152791688154344
2023-11,Materials,80.5544231715784,96.2776169831255,15.72319381154709,19.445576828421594,0.0827799605316087,0.3677187911586512,0.2221416740401863,26.0,0.0223767272861891,0.0838942870543457,0.3762831301820505,0.0221954998853727,-3.8078657185180145,8.38942870543457,37.62831301820505,2.2644670059424423
2023-11,Real Estate,78.52870967293688,80.9212926210256,2.3925829480887186,21.471290327063116,0.0542154347015698,0.2981895471151603,0.1130768428703059,30.0,0.0232671122982803,0.0531378325570799,0.2934446606294665,0.022533078028903,-3.7927709147437834,5.31378325570799,29.34446606294665,2.5330700562564483
2023-11,Utilities,69.6089203855947,52.65267019908592,-16.956250186508793,30.391079614405292,0.0518896737880149,0.2887043921616514,0.1290408720378054,30.0,0.0230485266896549,0.052747525701911,0.2927133535390711,0.0239953344062174,-3.729895867273212,5.2747525701911,29.27133535390711,2.5055379553261745
2023-12,Communication Services,75.31567685478447,69.38908517865214,-5.926591676132337,24.684323145215526,0.2714702648818068,0.7412402989652753,0.4520962044378409,17.0,0.0920378201749299,0.2676444665050137,0.734029737010659,0.0916348047272442,-2.389944115198971,26.764446650501373,73.4029737010659,2.2854165726958233
2023-12,Consumer Discretionary,78.84945038121298,83.82882054238559,4.979370161172603,21.150549618787018,0.150262901520705,0.5697428423554561,0.3307193277549496,52.0,0.1125351408349064,0.1551475401310587,0.5764964094202345,0.111088860106128,-2.197424856435587,15.514754013105868,57.64964094202345,2.320015848046382
2023-12,Consumer Staples,72.69769026128057,61.20379905202791,-11.493891209252665,27.30230973871943,0.0754111256806135,0.384000142288646,0.1533645204988915,35.0,0.0655976607726524,0.0764905499275124,0.3846052940420962,0.0672081780874129,-2.6999603411282425,7.649054992751241,38.46052940420962,2.0626584772870222
2023-12,Energy,54.753576258567044,25.98172313344947,-28.771853125117577,45.246423741432956,0.1342850873867801,0.5579029876363584,0.2722067656961057,19.0,0.034796097360693,0.1357390099179964,0.5579025190081129,0.0364105130597699,-3.3128977257166534,13.57390099179964,55.79025190081129,2.562924122965995
2023-12,Financials,81.43485771480991,104.79045106852395,23.355593353714045,18.565142285190095,0.0510433649393553,0.3184208818648615,0.1371883443465164,70.0,0.1342979350038126,0.0530623610720557,0.3272641488858083,0.1333841804747626,-2.0145217396783326,5.30623610720557,32.72641488858083,2.12294316460543
2023-12,Health Care,75.36393867038194,69.81625555701135,-5.547683113370609,24.63606132961805,0.0434767945041663,0.2740529436755963,0.1069760317744054,61.0,0.1226129355286994,0.0461169535206183,0.2904029211439931,0.1232663152899886,-2.0934080992422106,4.6116953520618305,29.040292114399307,2.048583806502207
2023-12,Industrials,82.03526834118786,109.0138740474293,26.97860570624143,17.96473165881214,0.0217624925261629,0.1242833545931932,0.0427970592028532,77.0,0.087338653949086,0.0219528089846299,0.1228180506124704,0.0827119354571074,-2.492391365030923,2.19528089846299,12.28180506124704,2.072872623257523
2023-12,Information Technology,75.59713840758455,69.06008240937231,-6.5370559982122405,24.40286159241545,0.1356800402171935,0.5894546493320468,0.2517043004739849,64.0,0.2819833697463578,0.1417100618476889,0.6007879691039197,0.2856028465234616,-1.2531530817475331,14.171006184768888,60.07879691039197,2.2701027521832406
2023-12,Materials,80.51713632098358,97.22345999061463,16.706323669631054,19.482863679016425,0.0795020696132811,0.3610635171809076,0.2114684162664672,26.0,0.0223223602322366,0.0827799605316087,0.3677187911586512,0.0223767272861891,-3.7997338206526483,8.27799605316087,36.77187911586512,2.1918882255693144
2023-12,Real Estate,78.5616445642346,80.69854513907597,2.136900574841378,21.438355435765406,0.0540053166931344,0.295120145789178,0.1213991257340278,30.0,0.0240480622905585,0.0542154347015698,0.2981895471151603,0.0232671122982803,-3.760714404844124,5.42154347015698,29.81895471151603,2.4600936695443947
2023-12,Utilities,70.57042721030572,54.69070886679064,-15.879718343515085,29.429572789694287,0.0523582839848574,0.2915457496595449,0.1316950130549558,30.0,0.0224299641060667,0.0518896737880149,0.2887043921616514,0.0230485266896549,-3.7701534296016335,5.18896737880149,28.87043921616514,2.567890080017687
2024-01,Communication Services,74.81870580936759,69.69119460335189,-5.1275112060156935,25.181294190632407,0.2609732251488729,0.7395541662940508,0.4320258221235838,17.0,0.0946572567931075,0.2714702648818068,0.7412402989652753,0.0920378201749299,-2.3855556975490377,27.147026488180682,74.12402989652753,2.254407173166346
2024-01,Consumer Discretionary,78.17079749388851,83.30677959837973,5.135982104491233,21.82920250611149,0.1543521385120056,0.5582464020429363,0.3508915177135415,52.0,0.1067220430758273,0.150262901520705,0.5697428423554561,0.1125351408349064,-2.1844897431358743,15.026290152070501,56.97428423554561,2.4223426957452086
2024-01,Consumer Staples,71.46687338982616,60.18474472321865,-11.282128666607505,28.533126610173834,0.0786297561105344,0.3997629558198593,0.1583737715229119,35.0,0.0655899303842545,0.0754111256806135,0.384000142288646,0.0655976607726524,-2.7242152426213586,7.541112568061351,38.4000142288646,2.136016291869578
2024-01,Energy,52.704620503248144,23.782753032422665,-28.92186747082549,47.295379496751856,0.1385263406318232,0.5638065357529837,0.2818214399041539,19.0,0.0340437436095873,0.1342850873867801,0.5579029876363584,0.034796097360693,-3.3582500432980797,13.42850873867801,55.79029876363584,2.7397935017131667
2024-01,Financials,80.94413381269291,104.72677910603687,23.78264529334396,19.055866187307085,0.0528045669554354,0.3259183622945384,0.1431925751628815,70.0,0.1358974219143546,0.0510433649393553,0.3184208818648615,0.1342979350038126,-2.0076945515665954,5.104336493935531,31.84208818648615,2.177448607617422
2024-01,Health Care,74.24180193132447,68.75469431936037,-5.487107611964095,25.758198068675533,0.0446654380825157,0.2756240767052111,0.1150151559411665,61.0,0.124419566207575,0.0434767945041663,0.2740529436755963,0.1226129355286994,-2.098722751023799,4.34767945041663,27.40529436755963,2.159103887502221
2024-01,Industrials,81.38141241752457,106.72175709047332,25.34034467294875,18.61858758247543,0.0216552951459477,0.1224323315887124,0.0419958708632043,77.0,0.0850002733994873,0.0217624925261629,0.1242833545931932,0.087338653949086,-2.437962142663748,2.17624925261629,12.428335459319321,2.238316507678309
2024-01,Information Technology,73.93102572354123,64.61958083952092,-9.311444884020313,26.068974276458768,0.1325861476906411,0.5941948963032808,0.2393555720831782,64.0,0.2882495924393169,0.1356800402171935,0.5894546493320468,0.2819833697463578,-1.2659071823136177,13.568004021719348,58.94546493320468,2.4930152519674613
2024-01,Materials,80.17607142195894,98.17003665935734,17.9939652373984,19.82392857804106,0.081009207527332,0.3636868713819562,0.2156022910842818,26.0,0.0212583398429513,0.0795020696132811,0.3610635171809076,0.0223223602322366,-3.802166401887763,7.95020696132811,36.106351718090764,2.2808195261186848
2024-01,Real Estate,78.05553451670123,80.76278196544443,2.7072474487432125,21.944465483298778,0.0537753405908761,0.2939278719417173,0.1203034256312213,30.0,0.0227413922551662,0.0540053166931344,0.295120145789178,0.0240480622905585,-3.7277008557154545,5.40053166931344,29.5120145789178,2.5998029395642575
2024-01,Utilities,70.17920963829157,55.3490847207991,-14.83012491749247,29.820790361708436,0.052604611134965,0.2942742912517413,0.1311216204425963,30.0,0.0214204400783715,0.0523582839848574,0.2915457496595449,0.0224299641060667,-3.797357530715826,5.23582839848574,29.154574965954488,2.535763802554864
2024-02,Communication Services,73.93416301211184,67.46933881028265,-6.4648242018292,26.06583698788815,0.261487899774794,0.7581418976625132,0.4045564652707469,17.0,0.0949450581916299,0.2609732251488729,0.7395541662940508,0.0946572567931075,-2.3574927345023635,26.09732251488729,73.95541662940508,2.270116985765914
2024-02,Consumer Discretionary,78.1048150767072,84.56034463492395,6.455529558216744,21.8951849232928,0.1669592117191983,0.5758166371057735,0.3699464147161465,52.0,0.1103084847854194,0.1543521385120056,0.5582464020429363,0.1067220430758273,-2.2375275527343232,15.43521385120056,55.82464020429363,2.34021033010029
2024-02,Consumer Staples,70.83198149577197,60.14488755389683,-10.687093941875137,29.168018504228037,0.0800752072324329,0.4089421640785952,0.1641175377089996,35.0,0.0639175344502298,0.0786297561105344,0.3997629558198593,0.0655899303842545,-2.7243330950544844,7.8629756110534395,39.97629558198593,2.0647097946139965
2024-02,Energy,54.10764111387723,25.2002559374612,-28.90738517641602,45.89235888612277,0.1367415617075817,0.5590669240871528,0.2796453500387648,19.0,0.0329874389088671,0.1385263406318232,0.5638065357529837,0.0340437436095873,-3.380109004544081,13.85263406318232,56.38065357529837,2.685311655260216
2024-02,Financials,80.39249903897607,100.86860043877775,20.47610139980167,19.607500961023923,0.0542494459131574,0.3316214256180879,0.1468238042853454,70.0,0.1341510136643232,0.0528045669554354,0.3259183622945384,0.1358974219143546,-1.9958549284659473,5.28045669554354,32.59183622945384,2.207236643411783
2024-02,Health Care,73.74434733838953,67.66643958053314,-6.077907757856396,26.255652661610476,0.0471268584668483,0.2838479472050778,0.1301846986992586,61.0,0.1222594735615309,0.0446654380825157,0.2756240767052111,0.124419566207575,-2.0840958264181793,4.466543808251569,27.56240767052111,2.1401600984001794
2024-02,Industrials,81.27510357706015,107.46611489506658,26.191011318006428,18.724896422939846,0.0215539197975729,0.1296475226235275,0.0440449444663637,77.0,0.0861621877554582,0.0216552951459477,0.1224323315887124,0.0850002733994873,-2.465100806032437,2.16552951459477,12.24323315887124,2.0101536252244068
2024-02,Information Technology,72.58378183954235,60.80512110857578,-11.778660730966571,27.416218160457646,0.1299554354762586,0.5990988953399132,0.2347922724913807,64.0,0.2909445279811646,0.1325861476906411,0.5941948963032808,0.2882495924393169,-1.2439285337478732,13.258614769064108,59.41948963032808,2.383473059334482
2024-02,Materials,80.0824864676202,99.10648042294885,19.023993955328642,19.917513532379804,0.0844271879406534,0.3796647785440625,0.2255606348683027,26.0,0.0214441597329217,0.081009207527332,0.3636868713819562,0.0212583398429513,-3.8510059974075395,8.1009207527332,36.36868713819562,2.190754703791863
2024-02,Real Estate,77.45786579757666,81.87330635410741,4.415440556530746,22.542134202423338,0.0547428028789749,0.2987869336492302,0.1227351851121566,30.0,0.0223206130555936,0.0537753405908761,0.2939278719417173,0.0227413922551662,-3.783568567592572,5.37753405908761,29.39278719417173,2.548761595771748
2024-02,Utilities,70.93145895882364,58.28525397988275,-12.646204978940903,29.068541041176353,0.0509795258147006,0.278291831320138,0.1224539874182256,30.0,0.0205595079128613,0.052604611134965,0.2942742912517413,0.0214204400783715,-3.843409668964831,5.2604611134965,29.427429125174132,2.5748974328077536
2024-03,Communication Services,73.09388026398692,67.21641265591202,-5.877467608074886,26.90611973601308,0.2677945273620886,0.7594431246602499,0.4226255255091555,17.0,0.0959307150763046,0.261487899774794,0.7581418976625132,0.0949450581916299,-2.3544568895066362,26.148789977479396,75.81418976625132,2.2387123162550573
2024-03,Consumer Discretionary,77.42659939387934,84.80814626093313,7.381546867053788,22.573400606120657,0.1680157807326868,0.5667068630345331,0.3765282759042945,52.0,0.1071360857535165,0.1669592117191983,0.5758166371057735,0.1103084847854194,-2.2044744310627373,16.69592117191983,57.581663710577345,2.210351165116899
2024-03,Consumer Staples,69.81658995498364,58.968703152611056,-10.847886802372592,30.183410045016352,0.0788651021251565,0.4024917197837256,0.1637770086499076,35.0,0.0637375195669325,0.0800752072324329,0.4089421640785952,0.0639175344502298,-2.750161550698751,8.00752072324329,40.89421640785952,1.8131479719048542
2024-03,Energy,52.59933073887099,24.549316278933738,-28.050014459937263,47.40066926112901,0.1348058007439111,0.5523165201467807,0.2818170877025446,19.0,0.0352355095334888,0.1367415617075817,0.5590669240871528,0.0329874389088671,-3.411628429102356,13.67415617075817,55.90669240871527,2.4122905711516838
2024-03,Financials,79.57812142277052,99.37207049927926,19.79394907650875,20.421878577229478,0.0531239109705524,0.326728634496812,0.1442764261233112,69.0,0.1357243648525613,0.0542494459131574,0.3316214256180879,0.1341510136643232,-2.008789145938357,5.4249445913157395,33.162142561808786,2.11484262506335
2024-03,Health Care,73.03797556161669,67.37096044041718,-5.6670151211995154,26.96202443838331,0.0468673910769379,0.2804297521667385,0.1315343999025556,61.0,0.1210680970723023,0.0471268584668483,0.2838479472050778,0.1222594735615309,-2.1016096602837537,4.712685846684829,28.384794720507777,1.9593095031713628
2024-03,Industrials,80.79826942118423,107.79447424538235,26.996204824198124,19.201730578815777,0.021607913983433,0.132406572183305,0.0474805690655789,77.0,0.0870163759421412,0.0215539197975729,0.1296475226235275,0.0861621877554582,-2.451523854679928,2.1553919797572902,12.96475226235275,2.088207764906341
2024-03,Information Technology,71.58072774014964,59.239038061992915,-12.341689678156735,28.419272259850356,0.1280991018105987,0.5989763510267396,0.2334003560402524,65.0,0.2889785644660994,0.1299554354762586,0.5990988953399132,0.2909445279811646,-1.2346226554762731,12.995543547625859,59.909889533991326,2.4536638345563064
2024-03,Materials,79.54658384396481,99.76374104099901,20.217157197034204,20.453416156035193,0.0821829304588969,0.3718659617344247,0.2192188988662906,26.0,0.0219605076329249,0.0844271879406534,0.3796647785440625,0.0214441597329217,-3.8423029442047403,8.44271879406534,37.96647785440625,2.119362471481273
2024-03,Real Estate,76.16080389270196,79.10156204257613,2.9407581498741715,23.839196107298033,0.0524144569118022,0.2839589693222852,0.1176663653989153,30.0,0.0220408205677433,0.0547428028789749,0.2987869336492302,0.0223206130555936,-3.8022446751977697,5.47428028789749,29.87869336492302,2.488677042316833
2024-03,Utilities,68.5579835494859,54.012441104557844,-14.54554244492805,31.44201645051411,0.0528414703300647,0.2889884376041441,0.1335237373936497,30.0,0.0211714395359847,0.0509795258147006,0.278291831320138,0.0205595079128613,-3.884431772880953,5.09795258147006,27.829183132013803,2.481520700116216
2024-04,Communication Services,72.47138366496401,65.41863547530842,-7.0527481896555795,27.528616335035995,0.2906893156473805,0.7712878044466994,0.4661689950454066,17.0,0.0979885967657976,0.2677945273620886,0.7594431246602499,0.0959307150763046,-2.3441290660332412,26.77945273620886,75.94431246602498,2.5174176928624665
2024-04,Consumer Discretionary,77.7783260133103,86.33210281334748,8.553776800037172,22.221673986689698,0.1740071919848648,0.5756283880792167,0.3829805152300562,51.0,0.1067945280308274,0.1680157807326868,0.5667068630345331,0.1071360857535165,-2.233655423138121,16.80157807326868,56.67068630345331,2.527178976783391
2024-04,Consumer Staples,70.27520243205964,59.6021227666269,-10.673079665432741,29.724797567940357,0.0798667343051353,0.4041773253553866,0.1632736515656001,35.0,0.0658218172107908,0.0788651021251565,0.4024917197837256,0.0637375195669325,-2.752981885608441,7.88651021251565,40.24917197837256,2.1391574395899267
2024-04,Energy,50.91800376036028,23.179526742099124,-27.738477018261154,49.08199623963972,0.1397300909227363,0.5642728277586252,0.2894997066703949,19.0,0.0363305786854596,0.1348058007439111,0.5523165201467807,0.0352355095334888,-3.3457009113033456,13.48058007439111,55.23165201467807,2.7260725625130067
2024-04,Financials,79.3315648406255,99.19862753817543,19.867062697549944,20.6684351593745,0.0528032461362409,0.3254091490319495,0.1425663326291587,69.0,0.135199084746194,0.0531239109705524,0.326728634496812,0.1357243648525613,-1.9971291788658836,5.31239109705524,32.6728634496812,2.357299994959131
2024-04,Health Care,73.60509663681705,69.49887868058394,-4.106217956233108,26.39490336318295,0.0486632205395116,0.2874474185543677,0.1389254714810083,61.0,0.120099151686259,0.0468673910769379,0.2804297521667385,0.1210680970723023,-2.111402105968382,4.68673910769379,28.04297521667385,2.1966832206291
2024-04,Industrials,80.64002010272247,106.94227681414267,26.302256711420196,19.359979897277523,0.0211986418384348,0.1257827950849365,0.0455711798945379,78.0,0.0873258695257432,0.021607913983433,0.132406572183305,0.0870163759421412,-2.4416589488204363,2.1607913983433003,13.240657218330501,2.4303701084675295
2024-04,Information Technology,71.46769198658689,58.796592015963604,-12.671099970623278,28.532308013413115,0.1302056924128126,0.6055698017537063,0.2280471957342701,65.0,0.2850745616751257,0.1280991018105987,0.5989763510267396,0.2889785644660994,-1.241402765018119,12.80991018105987,59.89763510267396,2.6307586308232405
2024-04,Materials,79.41110239358865,99.36503982236076,19.95393742877209,20.588897606411344,0.0819040822346427,0.3702383777093767,0.2182592954441494,26.0,0.0218591272664245,0.0821829304588969,0.3718659617344247,0.0219605076329249,-3.818509546354573,8.21829304588969,37.186596173442474,2.382907998509072
2024-04,Real Estate,76.50516368007092,79.76187482165442,3.256711141583489,23.494836319929075,0.0490766588062197,0.2583477826899922,0.1008308898477101,30.0,0.0210522621069367,0.0524144569118022,0.2839589693222852,0.0220408205677433,-3.8148590645491263,5.24144569118022,28.39589693222852,2.542450655239735
2024-04,Utilities,67.76314718943796,52.07102521028093,-15.692121979157037,32.236852810562034,0.0538237705164625,0.2940130459434876,0.137667828749334,30.0,0.0224544223004411,0.0528414703300647,0.2889884376041441,0.0211714395359847,-3.8551021972815835,5.2841470330064695,28.89884376041441,2.620701510877727
2024-05,Communication Services,70.41682052020411,61.78448412772389,-8.63233639248022,29.583179479795884,0.2892700294216661,0.7775288362385973,0.4616447294000005,17.0,0.0993668561156849,0.2906893156473805,0.7712878044466994,0.0979885967657976,-2.3229041666145385,29.068931564738048,77.12878044466994,2.083881980167229
2024-05,Consumer Discretionary,77.32581951755934,86.38849174232081,9.062672224761478,22.674180482440672,0.1752274049155204,0.5749743999270497,0.3858485700275776,51.0,0.1019892885401814,0.1740071919848648,0.5756283880792167,0.1067945280308274,-2.2368485894350445,17.40071919848648,57.562838807921665,2.274911406686808
2024-05,Consumer Staples,69.14519827147927,57.77149841516953,-11.373699856309742,30.854801728520723,0.0848110527307678,0.42462083339571,0.1761622201311385,35.0,0.0644819725196195,0.0798667343051353,0.4041773253553866,0.0658218172107908,-2.720803927054519,7.98667343051353,40.41773253553866,2.0434049187020404
2024-05,Energy,54.47594422100201,26.71483099366913,-27.761113227332885,45.52405577899798,0.1527118930109051,0.5796871998008757,0.3173834943869822,19.0,0.0355208708726028,0.1397300909227363,0.5642728277586252,0.0363305786854596,-3.3150955042918056,13.97300909227363,56.42728277586252,2.5615254194221118
2024-05,Financials,78.40494736682868,99.08753174443495,20.682584377606272,21.595052633171317,0.0534991743415253,0.3290051659782281,0.1447653558343252,69.0,0.132626446704293,0.0528032461362409,0.3254091490319495,0.135199084746194,-2.00100688502493,5.28032461362409,32.54091490319495,2.066462194619835
2024-05,Health Care,72.71706133058589,68.29239044997259,-4.424670880613306,27.28293866941411,0.0492141218005822,0.2903116523905543,0.1424818646229552,61.0,0.1172758461506056,0.0486632205395116,0.2874474185543677,0.120099151686259,-2.1194376133161574,4.86632205395116,28.744741855436768,2.016940936352817
2024-05,Industrials,80.19602504923957,107.42741898199716,27.2313939327576,19.803974950760438,0.0210561927913913,0.1240660270726528,0.0458011655683943,78.0,0.0845864371555665,0.0211986418384348,0.1257827950849365,0.0873258695257432,-2.438108530987047,2.11986418384348,12.578279508493651,2.016609259509473
2024-05,Information Technology,70.82284001913062,59.12996175595052,-11.692878263180107,29.177159980869376,0.1378282188683196,0.6293246169820004,0.222098452192227,65.0,0.2977336680939263,0.1302056924128126,0.6055698017537063,0.2850745616751257,-1.2550045130172864,13.02056924128126,60.55698017537063,2.3376259702220437
2024-05,Materials,78.14453817451309,93.73105655340423,15.586518378891135,21.855461825486906,0.0791825081636692,0.3636624835957304,0.2102440921971781,26.0,0.021342162507885,0.0819040822346427,0.3702383777093767,0.0218591272664245,-3.8231367207990408,8.190408223464269,37.02383777093767,2.103655973347489
2024-05,Real Estate,76.92266844004523,84.05728122318654,7.134612783141304,23.077331559954775,0.0506983038368221,0.2697137781862582,0.1041993247598724,30.0,0.0212123197511018,0.0490766588062197,0.2583477826899922,0.0210522621069367,-3.8607472611151037,4.90766588062197,25.83477826899922,2.3223435102815646
2024-05,Utilities,67.3358416669405,51.522758589698974,-15.813083077241526,32.664158333059504,0.0549752964300127,0.2981327676324484,0.147649147830037,31.0,0.0238641315885328,0.0538237705164625,0.2940130459434876,0.0224544223004411,-3.796267699763311,5.38237705164625,29.40130459434876,2.385006121958163
2024-06,Communication Services,69.04036599572756,59.98052398213655,-9.059842013590988,30.959634004272463,0.2956764540318036,0.7887363727754079,0.4650388006895785,17.0,0.1001551416157844,0.2892700294216661,0.7775288362385973,0.0993668561156849,-2.308936660402944,28.927002942166606,77.75288362385973,2.194794404774555
2024-06,Consumer Discretionary,76.1335340522238,85.08615228148018,8.952618229256393,23.86646594777621,0.1892547952944457,0.5974658897232037,0.4027303288912369,51.0,0.1029444743718838,0.1752274049155204,0.5749743999270497,0.1019892885401814,-2.282887485524202,17.522740491552042,57.49743999270497,2.3252266221297098
2024-06,Consumer Staples,69.24512161522797,58.31928805538323,-10.925833559844742,30.754878384772024,0.088128535824382,0.4377172221675012,0.1818832845449541,35.0,0.0617299989971691,0.0848110527307678,0.42462083339571,0.0644819725196195,-2.741369590066499,8.48110527307678,42.462083339571,2.172763816443215
2024-06,Energy,56.74153350566006,30.8518935532955,-25.889639952364558,43.25846649433995,0.1504338212366677,0.5731328605929453,0.3155842310985229,19.0,0.0337347125383492,0.1527118930109051,0.5796871998008757,0.0355208708726028,-3.337634843348961,15.27118930109051,57.96871998008757,2.6268162476429313
2024-06,Financials,78.0645413113683,98.60494967957402,20.540408368205714,21.935458688631694,0.0515878695971867,0.3211080920896755,0.1412063515900783,70.0,0.1282183706047628,0.0534991743415253,0.3290051659782281,0.132626446704293,-2.0202187738753032,5.3499174341525295,32.90051659782281,2.276236102212472
2024-06,Health Care,72.51037185294888,68.90651694027044,-3.6038549126784516,27.489628147051114,0.0510532186972644,0.2969787931774957,0.1486358712367065,61.0,0.1140218007055401,0.0492141218005822,0.2903116523905543,0.1172758461506056,-2.1432264596957493,4.92141218005822,29.03116523905543,2.0837518261532546
2024-06,Industrials,79.39083473560002,105.23209600289822,25.84126126729819,20.609165264399977,0.0212268098377926,0.1254274365548545,0.0445934756260869,77.0,0.0804437507106512,0.0210561927913913,0.1240660270726528,0.0845864371555665,-2.4699813425322414,2.10561927913913,12.406602707265279,2.313828176445561
2024-06,Information Technology,65.75511893752918,48.48425185875076,-17.270867078778412,34.244881062470824,0.1372576574166848,0.627775757418028,0.2163167418717637,67.0,0.3165786685770074,0.1378282188683196,0.6293246169820004,0.2977336680939263,-1.2115559233210393,13.782821886831961,62.932461698200036,2.5028075658733524
2024-06,Materials,77.60738291396945,93.10840641071034,15.501023496740908,22.392617086030555,0.0826346454591193,0.3697312656282334,0.2188192477594257,26.0,0.0198732362974048,0.0791825081636692,0.3636624835957304,0.021342162507885,-3.84707070235302,7.91825081636692,36.36624835957304,2.234170786987202
2024-06,Real Estate,76.60188755912809,85.94366354496411,9.341775985836012,23.398112440871913,0.0503815780455083,0.2667520485285623,0.1045731527278873,30.0,0.0206657795902555,0.0506983038368221,0.2697137781862582,0.0212123197511018,-3.8531731457542153,5.06983038368221,26.971377818625818,2.4004735562477344
2024-06,Utilities,68.07792382882157,54.6508739987415,-13.427049830080076,31.92207617117843,0.0531845455743703,0.2931649828736412,0.1386302328700604,31.0,0.0216340659911911,0.0549752964300127,0.2981327676324484,0.0238641315885328,-3.73537871768278,5.49752964300127,29.81327676324484,2.4410158344610413
2024-07,Communication Services,65.5612668080531,57.6945824047818,-7.866684403271296,34.4387331919469,0.2865528695967441,0.7743745988734098,0.4568386201190546,17.0,0.0948751302486068,0.2956764540318036,0.7887363727754079,0.1001551416157844,-2.3010348790389985,29.56764540318036,78.87363727754078,2.3343384347410705
2024-07,Consumer Discretionary,72.80428445838915,80.79313528964126,7.9888508312521,27.19571554161084,0.1804723111784192,0.6025075060388605,0.3840982003073689,51.0,0.1035342737559125,0.1892547952944457,0.5974658897232037,0.1029444743718838,-2.2735655198785167,18.92547952944457,59.74658897232037,2.579212725617211
2024-07,Consumer Staples,66.2806737863717,55.76196842741638,-10.518705358955314,33.71932621362831,0.0865187474840392,0.424827881703328,0.1810566122389439,35.0,0.0623207289997476,0.088128535824382,0.4377172221675012,0.0617299989971691,-2.784985258821771,8.8128535824382,43.77172221675012,2.1567265662490827
2024-07,Energy,53.14832468960574,28.405427368466498,-24.742897321139242,46.85167531039426,0.1513071811351729,0.5714145601608923,0.318327178010192,19.0,0.0341546034260634,0.1504338212366677,0.5731328605929453,0.0337347125383492,-3.389227926108486,15.04338212366677,57.31328605929453,2.6904574180107352
2024-07,Financials,75.59143480551086,95.1055245516445,19.51408974613365,24.408565194489146,0.0508163473219122,0.3152778992589743,0.1441435450386652,70.0,0.1340409603005834,0.0515878695971867,0.3211080920896755,0.1282183706047628,-2.054020448312515,5.15878695971867,32.11080920896755,2.3721034807335064
2024-07,Health Care,69.07288704366513,64.33456275261776,-4.738324291047385,30.927112956334863,0.047875154209237,0.2895691794951726,0.1282937127939029,61.0,0.1153604177707639,0.0510532186972644,0.2969787931774957,0.1140218007055401,-2.171365614611458,5.10532186972644,29.69787931774957,2.3523057657367876
2024-07,Industrials,77.46909188959366,103.30103622967582,25.83194434008215,22.530908110406344,0.0209964389134503,0.1250653591748732,0.0452431146140553,77.0,0.0833648440943027,0.0212268098377926,0.1254274365548545,0.0804437507106512,-2.520197087732448,2.1226809837792597,12.54274365548545,2.4544796056415956
2024-07,Information Technology,58.69522345949051,40.547594086509086,-18.147629372981417,41.30477654050949,0.1373125909284689,0.6264233784122778,0.2271026889913399,67.0,0.3064558286581936,0.1372576574166848,0.627775757418028,0.3165786685770074,-1.150183510378068,13.72576574166848,62.777575741802806,2.850377746582677
2024-07,Materials,75.7500919603535,92.19847511976765,16.44838315941415,24.249908039646503,0.0789227137833108,0.3616804293537369,0.2117436625267928,27.0,0.0210415567447198,0.0826346454591193,0.3697312656282334,0.0198732362974048,-3.918381362132564,8.26346454591193,36.97312656282334,2.366743274863298
2024-07,Real Estate,74.46699942670539,83.54611705539662,9.079117628691243,25.533000573294615,0.0513201344180847,0.2742566524078492,0.1086317040690749,30.0,0.021957248672676,0.0503815780455083,0.2667520485285623,0.0206657795902555,-3.879276106578529,5.03815780455083,26.675204852856233,2.482178312550214
2024-07,Utilities,64.97603019971528,52.12788524153665,-12.848144958178642,35.02396980028471,0.0534255166579063,0.2969593921290743,0.140157167377879,31.0,0.0228944073284297,0.0531845455743703,0.2931649828736412,0.0216340659911911,-3.8334860774324264,5.31845455743703,29.31649828736412,2.380206143329671
2024-08,Communication Services,68.26380019513843,58.97716659081181,-9.286633604326617,31.736199804861574,0.2750835406884452,0.7747675788474768,0.4300183709277268,17.0,0.0938846409373753,0.2865528695967441,0.7743745988734098,0.0948751302486068,-2.355193670422945,28.65528695967441,77.43745988734098,2.4580147958221037
2024-08,Consumer Discretionary,74.12029335764106,83.33895115975297,9.218657802111913,25.87970664235895,0.1713360506646026,0.5842257904657715,0.3743893590544419,51.0,0.0999894807012186,0.1804723111784192,0.6025075060388605,0.1035342737559125,-2.2678525736937916,18.047231117841918,60.25075060388605,2.708478258617017
2024-08,Consumer Staples,63.91373562860997,52.89417428715824,-11.01956134145173,36.08626437139003,0.0911854677163912,0.4396288393472624,0.1922363544327213,35.0,0.0645698964678036,0.0865187474840392,0.424827881703328,0.0623207289997476,-2.7754611798027664,8.65187474840392,42.4827881703328,2.2151183355319763
2024-08,Energy,52.52207878181952,30.90073204612113,-21.621346735698385,47.47792121818049,0.1514480268275186,0.5695533085780381,0.3227696764133873,19.0,0.0324384742023022,0.1513071811351729,0.5714145601608923,0.0341546034260634,-3.376857901872514,15.130718113517291,57.14145601608923,2.706282501176962
2024-08,Financials,75.3331174678694,98.60683350749123,23.27371603962183,24.666882532130593,0.0523548421108442,0.322211994866394,0.1500970598555721,70.0,0.1365196044600874,0.0508163473219122,0.3152778992589743,0.1340409603005834,-2.0096098518550187,5.081634732191221,31.52778992589743,2.3507712711302045
2024-08,Health Care,68.80826063105118,61.29084989946248,-7.517410731588696,31.191739368948824,0.0516881037456279,0.3046979989130847,0.1456240249657003,61.0,0.118611722348693,0.047875154209237,0.2895691794951726,0.1153604177707639,-2.1596939839995253,4.7875154209237,28.95691794951726,2.189708384537462
2024-08,Industrials,77.80057680231617,105.21837244450784,27.417795642191642,22.199423197683817,0.0211723370443442,0.1257873712714707,0.0452717818236011,77.0,0.0835703435191722,0.0209964389134503,0.1250653591748732,0.0833648440943027,-2.484528592129171,2.09964389134503,12.50653591748732,2.4236869939093464
2024-08,Information Technology,63.867814242265325,47.3702450160029,-16.497569226262435,36.132185757734675,0.1385149554418602,0.6290673865249841,0.2311096926989945,67.0,0.3031172661017524,0.1373125909284689,0.6264233784122778,0.3064558286581936,-1.1826816492991679,13.731259092846889,62.64233784122778,3.0841345017001434
2024-08,Materials,76.59897468056319,94.0783652777,17.47939059713682,23.401025319436815,0.0817848206605373,0.374875638351214,0.2175121091412974,27.0,0.02097876822779,0.0789227137833108,0.3616804293537369,0.0210415567447198,-3.8612559040816845,7.892271378331079,36.16804293537369,2.398497070599186
2024-08,Real Estate,72.94979590397267,77.18069805627857,4.230902152305905,27.050204096027326,0.0497520949430874,0.2631510750393295,0.1030495741742409,30.0,0.0229484933136536,0.0513201344180847,0.2742566524078492,0.021957248672676,-3.8186579583195286,5.13201344180847,27.42566524078492,2.459525004409414
2024-08,Utilities,60.7887966289961,45.110856034955845,-15.677940594040262,39.21120337100389,0.0535829086224933,0.297562236769803,0.1414766970817245,31.0,0.0233713097201513,0.0534255166579063,0.2969593921290743,0.0228944073284297,-3.7768626197148136,5.34255166579063,29.69593921290743,2.4167324308054616
2024-09,Communication Services,70.28415814347332,64.26294385774645,-6.0212142857268685,29.715841856526673,0.2717978713030158,0.773350647672723,0.4167115487976714,17.0,0.0957209996622836,0.2750835406884452,0.7747675788474768,0.0938846409373753,-2.3656884744387345,27.508354068844522,77.47675788474768,2.432281815041925
2024-09,Consumer Discretionary,74.16370097556079,80.29013555643249,6.126434580871698,25.836299024439207,0.1699938725061598,0.5960398492668011,0.3649542622205525,50.0,0.1043791852061301,0.1713360506646026,0.5842257904657715,0.0999894807012186,-2.30269029151503,17.133605066460262,58.42257904657715,2.461513840455858
2024-09,Consumer Staples,62.30654692085911,50.4192393019615,-11.887307618897617,37.69345307914088,0.0925255591746,0.4444936729066285,0.1991022253013776,35.0,0.0635024124685074,0.0911854677163912,0.4396288393472624,0.0645698964678036,-2.7400069757552434,9.11854677163912,43.962883934726236,2.201101017482883
2024-09,Energy,54.63436545996931,32.95836881894838,-21.675996641020927,45.3656345400307,0.1532545405644362,0.5697815311372173,0.3259745695324949,19.0,0.0311200279851813,0.1514480268275186,0.5695533085780381,0.0324384742023022,-3.428410085295389,15.144802682751859,56.95533085780381,2.8141800724456787
2024-09,Financials,74.93909638046817,94.13116824412096,19.19207186365277,25.06090361953182,0.0502592393919934,0.3117481934024065,0.1453877521587288,71.0,0.1328889993182277,0.0523548421108442,0.322211994866394,0.1365196044600874,-1.991287052251612,5.23548421108442,32.2211994866394,2.384045393273772
2024-09,Health Care,69.12408466623894,62.89439171501912,-6.229692951219827,30.875915333761053,0.049925552365252,0.2971159999706932,0.1371825264105984,60.0,0.1132702432729257,0.0516881037456279,0.3046979989130847,0.118611722348693,-2.1318999579377667,5.16881037456279,30.46979989130847,2.2700620101211655
2024-09,Industrials,78.54031693676183,107.61195603133781,29.071639094575982,21.45968306323817,0.0211654086235636,0.1290212090118636,0.0473894130010454,77.0,0.0840485209005964,0.0211723370443442,0.1257873712714707,0.0835703435191722,-2.4820665644211535,2.1172337044344203,12.578737127147068,2.3978197791914413
2024-09,Information Technology,66.58621886476614,51.97837639241428,-14.607842472351857,33.41378113523386,0.1349550454375204,0.6202304899640365,0.2251691959517609,69.0,0.3069470812679103,0.1385149554418602,0.6290673865249841,0.3031172661017524,-1.1936355315070004,13.85149554418602,62.906738652498404,2.780570546658988
2024-09,Materials,77.1829052935515,97.88344520011049,20.70053990655898,22.817094706448493,0.0803267893196811,0.3695463391350488,0.212152242411522,27.0,0.020906516018655,0.0817848206605373,0.374875638351214,0.02097876822779,-3.8642443894730496,8.17848206605373,37.4875638351214,2.407039774516351
2024-09,Real Estate,71.03179436792723,71.59996335287971,0.5681689849524887,28.968205632072767,0.0498186833184585,0.2625395971865927,0.0990792349078337,30.0,0.0229870614251186,0.0497520949430874,0.2631510750393295,0.0229484933136536,-3.7745029954518863,4.975209494308739,26.31510750393295,2.455391882918454
2024-09,Utilities,59.822713496098416,44.58591303470359,-15.236800461394827,40.177286503901584,0.0533548264411841,0.29061248889447,0.1396768121657355,31.0,0.0242289524744634,0.0535829086224933,0.297562236769803,0.0233713097201513,-3.7562460892053338,5.35829086224933,29.756223676980298,2.410887894888415
2024-10,Communication Services,70.67592908493178,68.9660512717071,-1.7098778132246861,29.324070915068216,0.2714223880114403,0.7728908150794194,0.4207773705208276,17.0,0.0982819638480174,0.2717978713030158,0.773350647672723,0.0957209996622836,-2.346317572387184,27.17978713030158,77.3350647672723,2.1831937319331827
2024-10,Consumer Discretionary,73.3145364914093,79.97064842669047,6.656111935281175,26.685463508590704,0.1730729245686671,0.5977207920482175,0.370599496974377,49.0,0.1038550199628371,0.1699938725061598,0.5960398492668011,0.1043791852061301,-2.2597249988317296,16.999387250615978,59.60398492668011,2.2723812309994837
2024-10,Consumer Staples,63.234278658584614,53.62046295144682,-9.61381570713779,36.76572134141539,0.095585227613022,0.4529487806642152,0.207915817164091,35.0,0.0623307124341451,0.0925255591746,0.4444936729066285,0.0635024124685074,-2.756677382175117,9.252555917459999,44.44936729066285,2.0491572851224125
2024-10,Energy,46.56510286472068,22.99187324845444,-23.573229616266243,53.43489713527932,0.1513860527454784,0.5688847637670944,0.3221853042025526,19.0,0.0316811974425983,0.1532545405644362,0.5697815311372173,0.0311200279851813,-3.4699036804055994,15.325454056443618,56.97815311372173,2.5288834233347854
2024-10,Financials,74.10951471769185,91.31548814172449,17.20597342403264,25.890485282308145,0.0493545865787437,0.3094285112631626,0.1392755436604553,71.0,0.1373100076541729,0.0502592393919934,0.3117481934024065,0.1328889993182277,-2.0182410908181168,5.02592393919934,31.17481934024065,2.246217734902345
2024-10,Health Care,68.74095730744503,65.15857198281395,-3.5823853246310855,31.259042692554964,0.0515988413062734,0.3040730889683717,0.1414031787086632,60.0,0.1095904741092115,0.049925552365252,0.2971159999706932,0.1132702432729257,-2.1779787820458063,4.9925552365252,29.71159999706932,2.1247186115815233
2024-10,Industrials,77.9130907291551,107.16944118179148,29.256350452636376,22.086909270844895,0.0208189610163694,0.1244782781183601,0.043632276449568,77.0,0.0838277015165406,0.0211654086235636,0.1290212090118636,0.0840485209005964,-2.4763610171336783,2.11654086235636,12.90212090118636,2.190970740930354
2024-10,Information Technology,65.24247754837917,49.76073544350539,-15.481742104873781,34.75752245162083,0.1364589843590978,0.624553966716445,0.2208686246722118,69.0,0.305943567216681,0.1349550454375204,0.6202304899640365,0.3069470812679103,-1.181079919973159,13.495504543752041,62.02304899640365,2.5089061216628106
2024-10,Materials,75.35298064514959,91.84234504183264,16.489364396683065,24.64701935485042,0.0790146646182664,0.3651243132256907,0.210165338120281,27.0,0.0203892788087994,0.0803267893196811,0.3695463391350488,0.020906516018655,-3.8676943973744096,8.03267893196811,36.95463391350488,2.2040159474400602
2024-10,Real Estate,69.47488062720187,69.64847823788115,0.17359761067927862,30.52511937279812,0.0494916317137671,0.2561145462966087,0.0932593425361968,30.0,0.0225446132768637,0.0498186833184585,0.2625395971865927,0.0229870614251186,-3.772823768075741,4.98186833184585,26.25395971865927,2.392088413453678
2024-10,Utilities,57.48262937511228,41.66228212193334,-15.820347253178948,42.51737062488771,0.0522280765302872,0.2853955409509102,0.132237777442855,31.0,0.0242454637301326,0.0533548264411841,0.29061248889447,0.0242289524744634,-3.7202069776733424,5.33548264411841,29.061248889447,2.4883704858914686
2024-11,Communication Services,69.20585844642328,66.24551132417915,-2.960347122244136,30.794141553576715,0.2562659447469892,0.7591438444545842,0.4036691311980787,17.0,0.0957856459199758,0.2714223880114403,0.7728908150794194,0.0982819638480174,-2.3199147493552403,27.142238801144032,77.28908150794194,2.2591370408212823
2024-11,Consumer Discretionary,71.21948492726894,76.3376126140963,5.118127686827377,28.780515072731067,0.1789609163131304,0.6221344997506116,0.365558955593373,49.0,0.1113256798043284,0.1730729245686671,0.5977207920482175,0.1038550199628371,-2.2647593912357302,17.307292456866712,59.77207920482175,2.5026486991758716
2024-11,Consumer Staples,58.791298531158816,51.07354475449661,-7.717753776662204,41.208701468841184,0.1025042119745137,0.4793046429742236,0.2234930250341062,35.0,0.0620620663954364,0.095585227613022,0.4529487806642152,0.0623307124341451,-2.7753009981906804,9.5585227613022,45.29487806642152,2.0777541417612375
2024-11,Energy,48.309496810114155,27.704494368150602,-20.60500244196355,51.69050318988585,0.1358302429356921,0.5422178073257975,0.2967495019569137,20.0,0.0325253832093096,0.1513860527454784,0.5688847637670944,0.0316811974425983,-3.4520319146884257,15.138605274547839,56.88847637670944,2.4923753581342227
2024-11,Financials,70.7458678195955,79.68747935831779,8.941611538722274,29.254132180404486,0.0488385913715981,0.3072698720687779,0.1359337381290209,71.0,0.1426438022880821,0.0493545865787437,0.3094285112631626,0.1373100076541729,-1.9855140799047386,4.93545865787437,30.942851126316263,2.2798329265348647
2024-11,Health Care,67.35592367599226,67.21723582637681,-0.1386878496154509,32.64407632400775,0.0493398148682317,0.2988614388415278,0.1295530716248905,60.0,0.1027857142100193,0.0515988413062734,0.3040730889683717,0.1095904741092115,-2.2110048233074937,5.15988413062734,30.407308896837172,2.29076317107386
2024-11,Industrials,76.4412905702435,107.77834589389131,31.337055323647824,23.558709429756508,0.0206207313074921,0.121700495360696,0.0432015878389473,77.0,0.084958508120772,0.0208189610163694,0.1244782781183601,0.0838277015165406,-2.4789917590961825,2.0818961016369397,12.44782781183601,2.283197046124221
2024-11,Information Technology,63.87579525961041,50.148728718428366,-13.727066541182046,36.12420474038959,0.1354776662618974,0.6227392351923045,0.220600137620208,69.0,0.3027526011863328,0.1364589843590978,0.624553966716445,0.305943567216681,-1.1843546148978938,13.645898435909782,62.4553966716445,2.425829332123226
2024-11,Materials,72.95486664996409,87.47007810322928,14.5152114532652,27.04513335003591,0.0799535109837837,0.3757744469093088,0.2093830360299386,27.0,0.0195169072432982,0.0790146646182664,0.3651243132256907,0.0203892788087994,-3.892746064869295,7.901466461826639,36.51243132256907,2.2330049435391177
2024-11,Real Estate,63.64845897700119,61.45676040415604,-2.1916985728451506,36.3515410229988,0.0498537071284464,0.2553871845364039,0.0922703161337503,30.0,0.0219551422565502,0.0494916317137671,0.2561145462966087,0.0225446132768637,-3.7922591206443808,4.949163171376711,25.61145462966087,2.4887139903127826
2024-11,Utilities,54.16325078651714,41.591801088567,-12.57144969795014,45.83674921348286,0.0506544989046982,0.2749528470349182,0.1271417440226533,31.0,0.0236885493658946,0.0522280765302872,0.2853955409509102,0.0242454637301326,-3.7195257417719936,5.22280765302872,28.53955409509102,2.5575976940917524
2024-12,Communication Services,66.37202585015845,60.03671330550076,-6.335312544657683,33.627974149841556,0.279446432971533,0.7857932871641947,0.4365746628231028,17.0,0.1011046772337284,0.2562659447469892,0.7591438444545842,0.0957856459199758,-2.3456424390522423,25.626594474698923,75.91438444545841,2.404546441474298
2024-12,Consumer Discretionary,69.8471646680204,73.65105060600585,3.803885937985448,30.152835331979595,0.1947046052194999,0.64962283302182,0.3756238545882789,49.0,0.1166366675547037,0.1789609163131304,0.6221344997506116,0.1113256798043284,-2.1952953213090414,17.89609163131304,62.21344997506117,2.5249565865562174
2024-12,Consumer Staples,59.101082766430096,48.86934792124174,-10.231734845188354,40.898917233569904,0.1043502956346262,0.4827866263292483,0.2300230268396468,35.0,0.0602254832796765,0.1025042119745137,0.4793046429742236,0.0620620663954364,-2.779620323780223,10.25042119745137,47.93046429742236,2.2152034777962943
2024-12,Energy,48.3409245535099,30.043094095188465,-18.297830458321435,51.6590754464901,0.1369541380363596,0.5440057052049557,0.299307382824746,20.0,0.0299987841739522,0.1358302429356921,0.5422178073257975,0.0325253832093096,-3.4257344726603662,13.58302429356921,54.22178073257975,2.6646546458277576
2024-12,Financials,70.21630706086694,80.720110183006,10.503803122139058,29.783692939133072,0.0485967927689139,0.3084725981388689,0.1331557007916823,72.0,0.13940299320298,0.0488385913715981,0.3072698720687779,0.1426438022880821,-1.9474046492480241,4.88385913715981,30.726987206877794,2.330629490920851
2024-12,Health Care,66.16502028064825,63.796969236054416,-2.368051044593829,33.83497971935176,0.0490510545315942,0.2915934888273898,0.1342477473239582,60.0,0.098216566718321,0.0493398148682317,0.2988614388415278,0.1027857142100193,-2.275108902446463,4.9339814868231695,29.886143884152784,2.2915020636433567
2024-12,Industrials,75.96657710286112,109.94503053646952,33.9784534336084,24.03342289713888,0.0206004795023456,0.1210786769112404,0.0428826870558862,77.0,0.0799454619218117,0.0206207313074921,0.121700495360696,0.084958508120772,-2.46559228142644,2.06207313074921,12.1700495360696,2.331193922086636
2024-12,Information Technology,63.17812152962973,50.77316106105156,-12.404960468578167,36.821878470370265,0.1368037512807791,0.6207867471865313,0.2287283705612938,69.0,0.314298455469634,0.1354776662618974,0.6227392351923045,0.3027526011863328,-1.1948393047234744,13.54776662618974,62.27392351923044,2.479933188300867
2024-12,Materials,72.46921540601276,87.98984492416493,15.52062951815217,27.53078459398724,0.0810264219296932,0.3765699101190893,0.2133912772250476,27.0,0.0177422397762215,0.0799535109837837,0.3757744469093088,0.0195169072432982,-3.9364741509550027,7.99535109837837,37.577444690930875,2.3908908868028864
2024-12,Real Estate,64.55753598592989,63.731149070052346,-0.8263869158775411,35.44246401407012,0.0499715087283321,0.2572023557404105,0.0924788793011815,30.0,0.0203705144146239,0.0498537071284464,0.2553871845364039,0.0219551422565502,-3.818753895529179,4.985370712844641,25.538718453640392,2.518882625407861
2024-12,Utilities,55.251850582281975,41.9093548476139,-13.342495734668077,44.748149417718025,0.0502649061817847,0.2762426916106861,0.1269284954758651,31.0,0.0220581562543466,0.0506544989046982,0.2749528470349182,0.0236885493658946,-3.7427634967135663,5.06544989046982,27.49528470349182,2.478878300849201
2025-01,Communication Services,66.78654781887877,58.44471919137118,-8.34182862750759,33.213452181121234,0.2863679233799954,0.8023431340886915,0.4312285406651208,17.0,0.1074517098292428,0.279446432971533,0.7857932871641947,0.1011046772337284,-2.291598890586381,27.9446432971533,78.57932871641947,2.362545022683091
2025-01,Consumer Discretionary,71.07666535542987,75.29484233991099,4.218176984481106,28.923334644570126,0.2023413521524179,0.6570366295006453,0.3900536726802162,49.0,0.1184108229844993,0.1947046052194999,0.64962283302182,0.1166366675547037,-2.1486915814771197,19.470460521949988,64.962283302182,2.546786264794369
2025-01,Consumer Staples,61.099034919317944,48.891732481577144,-12.207302437740799,38.900965080682056,0.1112582168396577,0.4983909461516191,0.244624386227315,35.0,0.0600214516307203,0.1043502956346262,0.4827866263292483,0.0602254832796765,-2.809659705944258,10.435029563462619,48.27866263292483,2.2757111261065046
2025-01,Energy,49.56489175641267,32.748757447524476,-16.81613430888819,50.43510824358733,0.1332209834473481,0.5366976460404631,0.2918749592018258,20.0,0.0297288437807093,0.1369541380363596,0.5440057052049557,0.0299987841739522,-3.506598425676171,13.695413803635962,54.40057052049557,2.697955336664882
2025-01,Financials,72.65899627070344,88.5652691285483,15.906272857844844,27.341003729296556,0.0487792466719129,0.3106001668162365,0.129803488155048,72.0,0.1438918090701479,0.0485967927689139,0.3084725981388689,0.13940299320298,-1.9703863088419018,4.85967927689139,30.84725981388689,2.3495017673500818
2025-01,Health Care,66.48089511033677,60.014866731120016,-6.466028379216752,33.51910488966322,0.0485012706819971,0.289433217515368,0.1323636507930369,60.0,0.101840641101395,0.0490510545315942,0.2915934888273898,0.098216566718321,-2.3205803739980553,4.90510545315942,29.15934888273898,2.4104413442187664
2025-01,Industrials,76.81174786222559,112.0516676632054,35.23991980097982,23.188252137774416,0.0210215048957803,0.1291770973588703,0.0495741699220793,77.0,0.0814800146532605,0.0206004795023456,0.1210786769112404,0.0799454619218117,-2.526410602766428,2.06004795023456,12.10786769112404,2.33601298524269
2025-01,Information Technology,63.22347916724131,49.67163007408964,-13.551849093151665,36.77652083275869,0.1287944518611577,0.6004746280139188,0.222527292918283,69.0,0.2967190979766405,0.1368037512807791,0.6207867471865313,0.314298455469634,-1.1574122493821184,13.680375128077909,62.078674718653126,2.723265148479995
2025-01,Materials,73.74058237851543,89.03451519866223,15.293932820146797,26.259417621484566,0.082249742131469,0.3822521847173423,0.2151784285481381,27.0,0.0182439096432348,0.0810264219296932,0.3765699101190893,0.0177422397762215,-4.03180705436445,8.10264219296932,37.65699101190893,2.3517561640824267
2025-01,Real Estate,68.85267517420063,70.95042397474485,2.0977488005442275,31.147324825799377,0.051200713468128,0.2626174784953143,0.1023917273507617,30.0,0.0201364198148615,0.0499715087283321,0.2572023557404105,0.0203705144146239,-3.893666795521596,4.99715087283321,25.72023557404105,2.66693267749222
2025-01,Utilities,57.48288003088593,42.10997161339414,-15.372908417491796,42.51711996911407,0.0512699886443156,0.278759906328108,0.1231928652928386,31.0,0.0220752795152876,0.0502649061817847,0.2762426916106861,0.0220581562543466,-3.814072847328431,5.02649061817847,27.62426916106861,2.6930349633987474
2025-02,Communication Services,62.42197577048429,52.81879509261707,-9.60318067786721,37.57802422951572,0.2567989515961277,0.7703306904319484,0.3827512077009706,17.0,0.102437938055108,0.2863679233799954,0.8023431340886915,0.1074517098292428,-2.230713743230622,28.636792337999537,80.23431340886916,2.441847340506978
2025-02,Consumer Discretionary,68.97895025056155,74.20980549238311,5.230855241821563,31.02104974943844,0.1888277498510837,0.6203035497916798,0.3891453263166662,49.0,0.1086544532507397,0.2023413521524179,0.6570366295006453,0.1184108229844993,-2.1335951503678476,20.234135215241793,65.70366295006454,2.602251845429283
2025-02,Consumer Staples,56.32223719856802,45.66322634017741,-10.659010858390607,43.67776280143198,0.1084594146916409,0.4898223030508746,0.233008394424419,35.0,0.063897949054135,0.1112582168396577,0.4983909461516191,0.0600214516307203,-2.813053253478977,11.12582168396577,49.83909461516191,2.3931815728375208
2025-02,Energy,48.1005583023155,31.813866148922795,-16.2866921533927,51.8994416976845,0.1346888385253216,0.5388696153899247,0.2929830392218594,20.0,0.0309893222102688,0.1332209834473481,0.5366976460404631,0.0297288437807093,-3.5156375333873457,13.322098344734808,53.66976460404631,2.8213126241345194
2025-02,Financials,70.98467229543814,85.03982409366185,14.05515179822371,29.015327704561862,0.0517860271144455,0.3240951736478619,0.1411548928868463,72.0,0.147907361174452,0.0487792466719129,0.3106001668162365,0.1438918090701479,-1.9386935876946443,4.87792466719129,31.060016681623647,2.4138152792788707
2025-02,Health Care,63.04239749138534,55.92583052282424,-7.116566968561098,36.95760250861468,0.0518490786511848,0.2977067902862759,0.1481794733819362,60.0,0.1048803877605136,0.0485012706819971,0.289433217515368,0.101840641101395,-2.28434602957021,4.8501270681997095,28.9433217515368,2.3288521919660647
2025-02,Industrials,74.71785788732093,105.51371380441769,30.795855917096763,25.282142112679068,0.0213728177237937,0.1298610302682039,0.0511778112047077,77.0,0.0815835147004459,0.0210215048957803,0.1291770973588703,0.0814800146532605,-2.5073975077848085,2.10215048957803,12.917709735887032,2.3211998473341695
2025-02,Information Technology,58.5799416439868,44.35050487293364,-14.229436771053159,41.4200583560132,0.1332365309093259,0.6124958424074045,0.2318612735728847,69.0,0.2967846983808566,0.1287944518611577,0.6004746280139188,0.2967190979766405,-1.2149693857870871,12.87944518611577,60.04746280139188,2.6943254970909
2025-02,Materials,72.67517000164999,90.08867907561385,17.41350907396387,27.324829998350022,0.0861845821995886,0.3935660107925372,0.22451817882897,27.0,0.018616653824517,0.082249742131469,0.3822521847173423,0.0182439096432348,-4.003923972828854,8.2249742131469,38.22521847173423,2.4220522709908443
2025-02,Real Estate,67.97921881145315,73.6062979632434,5.627079151790242,32.02078118854685,0.0518662618929742,0.2713211978609481,0.1009081036560391,30.0,0.0214586294701365,0.051200713468128,0.2626174784953143,0.0201364198148615,-3.9052251723963805,5.1200713468128,26.26174784953143,2.504393585125133
2025-02,Utilities,54.34182821668231,39.114264463050944,-15.22756375363136,45.65817178331769,0.0494058232479926,0.275500852176848,0.1190429660461809,31.0,0.0227890921188263,0.0512699886443156,0.278759906328108,0.0220752795152876,-3.8132968704980934,5.1269988644315605,27.875990632810797,2.5648328201769806
2025-03,Communication Services,68.3137428712434,63.55822632699588,-4.755516544247526,31.68625712875659,0.2443514453291198,0.7506885733160457,0.3789090986158612,18.0,0.0997341624449985,0.2567989515961277,0.7703306904319484,0.102437938055108,-2.278498146171352,25.67989515961277,77.03306904319483,2.855034570213064
2025-03,Consumer Discretionary,73.25914662713649,82.67524647919096,9.416099852054467,26.740853372863512,0.1783187343674002,0.6021281931034116,0.3777228078305705,50.0,0.1064608570164386,0.1888277498510837,0.6203035497916798,0.1086544532507397,-2.219582585998251,18.88277498510837,62.03035497916798,3.072058760190524
2025-03,Consumer Staples,55.932289559383946,43.03788882064464,-12.894400738739302,44.067710440616054,0.1006835078666763,0.4653981733598862,0.2150619436703179,35.0,0.0652663497076082,0.1084594146916409,0.4898223030508746,0.063897949054135,-2.7504680142931623,10.84594146916409,48.98223030508746,2.4840812264759777
2025-03,Energy,48.62835390850193,29.495202266711946,-19.133151641789983,51.37164609149807,0.1370054151922501,0.5453541515993474,0.2980609600889156,21.0,0.0345298013122181,0.1346888385253216,0.5388696153899247,0.0309893222102688,-3.4741125786617753,13.46888385253216,53.88696153899247,2.921828663144044
2025-03,Financials,73.06013527388166,84.67198430037249,11.611849026490834,26.93986472611835,0.0540452544373036,0.3333758092902897,0.1525561249387306,72.0,0.1502145830044305,0.0517860271144455,0.3240951736478619,0.147907361174452,-1.9111691392094634,5.17860271144455,32.40951736478619,2.8347074821543368
2025-03,Health Care,65.01901611849728,60.076595556198654,-4.942420562298624,34.98098388150271,0.0501968253180907,0.2965680803081711,0.1357403950637868,59.0,0.1089679291711283,0.0518490786511848,0.2977067902862759,0.1048803877605136,-2.2549347423509034,5.18490786511848,29.77067902862759,2.38820383401556
2025-03,Industrials,77.00958723972781,106.30898538381764,29.299398144089857,22.9904127602722,0.0215330943118775,0.1310785909847939,0.0510675013987536,77.0,0.0833697458605027,0.0213728177237937,0.1298610302682039,0.0815835147004459,-2.506128063151852,2.13728177237937,12.98610302682039,2.7618574184082267
2025-03,Information Technology,64.56935309567976,51.92056133568223,-12.64879175999752,35.43064690432025,0.1324799935285613,0.6113112801829079,0.2325428640707501,69.0,0.2861797861610901,0.1332365309093259,0.6124958424074045,0.2967846983808566,-1.2147483243384969,13.323653090932591,61.249584240740454,3.004381311194603
2025-03,Materials,74.17740326788429,89.07467053897923,14.897267271094956,25.82259673211571,0.0901826370977097,0.4003230835006328,0.2320215588315594,25.0,0.0189280716555917,0.0861845821995886,0.3935660107925372,0.018616653824517,-3.9836987319553105,8.61845821995886,39.35660107925372,2.6765107772789274
2025-03,Real Estate,68.47623853176758,74.47587872098119,5.999640189213599,31.52376146823241,0.051418757846484,0.2746257405056462,0.0934542334856495,30.0,0.0221144953374136,0.0518662618929742,0.2713211978609481,0.0214586294701365,-3.841628408211523,5.18662618929742,27.132119786094812,2.7431553502459782
2025-03,Utilities,52.242520547462554,35.3925473115918,-16.84997323587076,47.75747945253745,0.0492092919913555,0.2809948464869736,0.1200053667541288,31.0,0.0242342183285791,0.0494058232479926,0.275500852176848,0.0227890921188263,-3.7814732733400653,4.94058232479926,27.5500852176848,2.556525543085534
2025-04,Communication Services,81.40023528580129,85.30570084761702,3.905465561815738,18.599764714198717,0.2449881071221115,0.7621889093952816,0.3878473452106583,18.0,0.1004070115390869,0.2443514453291198,0.7506885733160457,0.0997341624449985,-2.305247008299067,24.435144532911977,75.06885733160456,3.190097691431176
2025-04,Consumer Discretionary,81.59444258326104,84.2946151074388,2.700172524177766,18.40555741673897,0.1757400154141086,0.6060426454017721,0.3678696440916494,50.0,0.1069729431532105,0.1783187343674002,0.6021281931034116,0.1064608570164386,-2.239977901143696,17.83187343674002,60.21281931034116,3.4407866764608523
2025-04,Consumer Staples,71.62877241370113,49.54265211566381,-22.086120298037315,28.371227586298875,0.1074950211916985,0.4798090819606366,0.2332629694191255,35.0,0.0670700097111946,0.1006835078666763,0.4653981733598862,0.0652663497076082,-2.7292786939352682,10.068350786667631,46.53981733598862,2.9614427985957725
2025-04,Energy,75.59647026616301,66.6477481170845,-8.9487221490785,24.403529733836997,0.1384988741413022,0.5409882208994392,0.3059813225636044,21.0,0.0300229835222725,0.1370054151922501,0.5453541515993474,0.0345298013122181,-3.3659325216594,13.700541519225009,54.53541515993474,3.3346311674406364
2025-04,Financials,82.95181639766683,97.88557679009674,14.933760392429898,17.048183602333168,0.0558126254994485,0.340179760136121,0.1567706125009007,72.0,0.1475930650189799,0.0540452544373036,0.3333758092902897,0.1502145830044305,-1.8956904537896515,5.40452544373036,33.337580929028974,3.232513437164074
2025-04,Health Care,78.27960545733363,73.2625115071513,-5.017093950182331,21.720394542666362,0.0522446089770972,0.2959370716367008,0.1533494977583813,59.0,0.1058450286827979,0.0501968253180907,0.2965680803081711,0.1089679291711283,-2.216701667834295,5.01968253180907,29.65680803081711,3.0745347988094314
2025-04,Industrials,84.34317818411053,107.95052453372173,23.60734634961121,15.656821815889478,0.021708261321457,0.132555754121391,0.0515322521564422,77.0,0.0838579911034222,0.0215330943118775,0.1310785909847939,0.0833697458605027,-2.4844697948969623,2.1533094311877496,13.107859098479391,3.205880308860518
2025-04,Information Technology,79.36316023297765,73.60214607909843,-5.761014153879209,20.63683976702236,0.1293292032436464,0.6029394200442939,0.2190097175716064,69.0,0.2930707523116156,0.1324799935285613,0.6113112801829079,0.2861797861610901,-1.2511350427220465,13.24799935285613,61.131128018290795,3.4172678165415684
2025-04,Materials,83.36995426978373,100.31317195282885,16.943217683045116,16.63004573021626,0.0904633366178771,0.4038849983790192,0.2310814451631216,25.0,0.0186500579656565,0.0901826370977097,0.4003230835006328,0.0189280716555917,-3.9671091860605574,9.01826370977097,40.032308350063275,3.1867488691589623
2025-04,Real Estate,80.14016795249334,82.11340237332449,1.9732344208311319,19.85983204750665,0.0522868253554861,0.2740808480483964,0.0963262372112259,30.0,0.0220266645651854,0.051418757846484,0.2746257405056462,0.0221144953374136,-3.8115219878447397,5.1418757846484,27.46257405056462,3.1438834102547264
2025-04,Utilities,71.57112032377313,49.32087394303963,-22.250246380733508,28.42887967622687,0.0483557415890965,0.2739590962385649,0.1130700143340971,31.0,0.0244834924265776,0.0492092919913555,0.2809948464869736,0.0242342183285791,-3.7199896640288093,4.92092919913555,28.09948464869736,3.0358489708649903
2025-05,Communication Services,83.39719049493173,89.31896142872478,5.9217709337930415,16.60280950506827,0.251380920419264,0.7747753508747073,0.382940025212262,18.0,0.1032821724706348,0.2449881071221115,0.7621889093952816,0.1004070115390869,-2.2985232381162493,24.49881071221115,76.21889093952817,2.474270357431051
2025-05,Consumer Discretionary,82.8763789618877,84.50718242138085,1.630803459493156,17.1236210381123,0.1854168309379535,0.6268804281850887,0.372902681482862,50.0,0.1104489430828519,0.1757400154141086,0.6060426454017721,0.1069729431532105,-2.23517934422367,17.574001541410862,60.60426454017721,2.590372166299212
2025-05,Consumer Staples,74.07680595281175,52.81437280615298,-21.262433146658772,25.92319404718824,0.1089471839047532,0.486800249227019,0.2330755107524633,35.0,0.0641285717835952,0.1074950211916985,0.4798090819606366,0.0670700097111946,-2.702018284078574,10.74950211916985,47.98090819606366,2.2481100523212856
2025-05,Energy,79.55973477938232,69.39248455875911,-10.167250220623208,20.440265220617682,0.1323377593970079,0.5264067054967274,0.2954859373415072,21.0,0.0282347931967053,0.1384988741413022,0.5409882208994392,0.0300229835222725,-3.5057920732290393,13.849887414130219,54.09882208994392,2.6909096773330794
2025-05,Financials,84.57471314525667,100.70352040213172,16.12880725687506,15.425286854743344,0.0517495762361408,0.3251455551354187,0.1404997069215304,73.0,0.1464727149841828,0.0558126254994485,0.340179760136121,0.1475930650189799,-1.913296352885854,5.58126254994485,34.0179760136121,2.342631557105984
2025-05,Health Care,78.91326470739567,69.57024049718663,-9.343024210209053,21.086735292604324,0.0466788914257116,0.2757472963194564,0.133835937617859,59.0,0.0936359832955847,0.0522446089770972,0.2959370716367008,0.1058450286827979,-2.2457792481839403,5.2244608977097196,29.59370716367008,2.6006858682925142
2025-05,Industrials,85.39600120108787,107.10511507112837,21.70911387004049,14.60399879891212,0.0222961929870936,0.1373809735907023,0.0580544575091907,77.0,0.0854793998011646,0.021708261321457,0.132555754121391,0.0838579911034222,-2.4786304928875067,2.1708261321457,13.2555754121391,2.3989866311109203
2025-05,Information Technology,81.65343647711067,76.76163972365406,-4.891796753456609,18.346563522889323,0.1297624701281105,0.6021831108142909,0.2120466294415215,69.0,0.3053572438731436,0.1293292032436464,0.6029394200442939,0.2930707523116156,-1.2273412236493126,12.932920324364641,60.29394200442939,2.621249664723312
2025-05,Materials,84.79268020598538,102.71950549027873,17.926825284293372,15.207319794014625,0.089613126578635,0.4011557327863154,0.2291242416536569,25.0,0.0181784137374049,0.0904633366178771,0.4038849983790192,0.0186500579656565,-3.981906024819046,9.04633366178771,40.38849983790192,2.4152587945236923
2025-05,Real Estate,81.8491477866233,84.6815209656366,2.8323731790132793,18.150852213376687,0.0524445087414318,0.2733113797299645,0.0914844122436843,30.0,0.0209583689251648,0.0522868253554861,0.2740808480483964,0.0220266645651854,-3.8155015338437606,5.22868253554861,27.40808480483964,2.4649503618131754
2025-05,Utilities,75.20177684028639,54.71658718772563,-20.485189652560763,24.79822315971361,0.0493659066485768,0.2703831405758549,0.1155127989792726,31.0,0.0238233948495669,0.0483557415890965,0.2739590962385649,0.0244834924265776,-3.7097561670292425,4.83557415890965,27.39590962385649,2.61879402244194
2025-06,Communication Services,82.71636308208642,87.16383885426218,4.447475772175754,17.28363691791359,0.2519489341153337,0.7825521594210438,0.3670724154387024,18.0,0.105201077182745,0.251380920419264,0.7747753508747073,0.1032821724706348,-2.270290497898955,25.138092041926402,77.47753508747073,2.3324402699469635
2025-06,Consumer Discretionary,82.44700482509494,84.2759835271622,1.8289787020672548,17.55299517490506,0.1915783943910353,0.6233565660539655,0.3905965725659783,50.0,0.1074482095205771,0.1854168309379535,0.6268804281850887,0.1104489430828519,-2.2032019183528155,18.54168309379535,62.68804281850887,2.5701927848986177
2025-06,Consumer Staples,73.58500862542809,54.35204730841541,-19.232961317012684,26.414991374571905,0.108475369510104,0.4802384734015854,0.2352618601265403,35.0,0.0597664926863907,0.1089471839047532,0.486800249227019,0.0641285717835952,-2.7468652767134394,10.89471839047532,48.6800249227019,2.116921321180228
2025-06,Energy,77.86058962324373,64.4122220657427,-13.448367557501026,22.13941037675628,0.1336688113874669,0.5291828332233307,0.2976699239300759,21.0,0.0281227862202763,0.1323377593970079,0.5264067054967274,0.0282347931967053,-3.5672002602438098,13.23377593970079,52.64067054967274,2.7318132197597964
2025-06,Financials,84.28303472586552,101.25084337919972,16.967808653334195,15.716965274134475,0.0497808048138945,0.3186143983839434,0.1311643810012505,73.0,0.1441217935170058,0.0517495762361408,0.3251455551354187,0.1464727149841828,-1.9209161137126813,5.17495762361408,32.51455551354187,2.195175910173142
2025-06,Health Care,78.12345653783142,69.03734374454503,-9.086112793286404,21.876543462168577,0.0473795577173829,0.2766667031599494,0.1387701801423054,59.0,0.0908696499299367,0.0466788914257116,0.2757472963194564,0.0936359832955847,-2.3683405324568896,4.66788914257116,27.574729631945637,2.3679043270279125
2025-06,Industrials,85.0440141781927,107.1897531328968,22.145738954704097,14.955985821807298,0.0227290267252551,0.142347195302191,0.0587837532753426,77.0,0.0841364084355627,0.0222961929870936,0.1373809735907023,0.0854793998011646,-2.45947987006772,2.22961929870936,13.738097359070231,2.2354314973654885
2025-06,Information Technology,81.249570187328,76.56049721345882,-4.689072973869201,18.75042981267199,0.1296197522171785,0.5982833420026074,0.2177213125652737,69.0,0.320143399782043,0.1297624701281105,0.6021831108142909,0.3053572438731436,-1.1862728964139557,12.97624701281105,60.218311081429086,2.3760813221911166
2025-06,Materials,84.40414988613193,102.72982566902412,18.325675782892198,15.595850113868071,0.0882128042890692,0.391272889367549,0.2254538557658662,25.0,0.0176515023380054,0.089613126578635,0.4011557327863154,0.0181784137374049,-4.0075204472076305,8.9613126578635,40.11557327863154,2.3115544343231993
2025-06,Real Estate,81.1430392133619,83.79421503485518,2.6511758214932897,18.8569607866381,0.0519216950586044,0.2741000269513939,0.0939377199096175,30.0,0.0198471871504963,0.0524445087414318,0.2733113797299645,0.0209583689251648,-3.8652172410131866,5.24445087414318,27.33113797299645,2.5094554154275155
2025-06,Utilities,74.03964672263866,54.129307677641194,-19.910339044997475,25.96035327736134,0.05000410380986,0.2740846072614067,0.113483661230576,31.0,0.0226914932369607,0.0493659066485768,0.2703831405758549,0.0238233948495669,-3.7370872042375503,4.93659066485768,27.038314057585488,2.3602835242787625
2025-07,Communication Services,81.79061272218968,85.49751384673645,3.7069011245467873,18.209387277810336,0.2700064921837021,0.7969706166303367,0.3891182170974515,18.0,0.1050961926194622,0.2519489341153337,0.7825521594210438,0.105201077182745,-2.2518817393512442,25.19489341153337,78.25521594210439,2.1216946595718196
2025-07,Consumer Discretionary,81.96552606683737,85.88208492544585,3.916558858608492,18.03447393316263,0.2003640681669762,0.6281627235695553,0.4060058574158612,50.0,0.1076560246552558,0.1915783943910353,0.6233565660539655,0.1074482095205771,-2.2307463194053976,19.15783943910353,62.33565660539655,2.20979917868239
2025-07,Consumer Staples,73.071457120567,55.36808311521315,-17.70337400535386,26.928542879432992,0.1081603638409128,0.4773945501294721,0.2406603675008541,35.0,0.0571389205877126,0.108475369510104,0.4802384734015854,0.0597664926863907,-2.817310098035186,10.847536951010401,48.02384734015854,2.160575510772292
2025-07,Energy,74.65598396703503,56.48831076113613,-18.167673205898893,25.344016032964984,0.1379848696262625,0.5504693761517082,0.2911022087393111,21.0,0.0290662323858983,0.1336688113874669,0.5291828332233307,0.0281227862202763,-3.571175133723472,13.366881138746688,52.91828332233307,2.6644595516392275
2025-07,Financials,83.80987045639311,102.35187106672139,18.542000610328277,16.190129543606886,0.0487862544544035,0.313481770662718,0.1270564606089085,74.0,0.1409175525370556,0.0497808048138945,0.3186143983839434,0.1441217935170058,-1.9370965485709783,4.9780804813894495,31.86143983839434,2.2222056955265903
2025-07,Health Care,77.04818367847906,67.87542555382208,-9.172758124656978,22.951816321520933,0.0478443365936625,0.2865672310362017,0.1364793051502303,59.0,0.0856106996319706,0.0473795577173829,0.2766667031599494,0.0908696499299367,-2.3983292177095423,4.73795577173829,27.66667031599494,2.460841707896019
2025-07,Industrials,84.4981908646487,108.02205262942434,23.523861764775628,15.501809135351287,0.0232116377212779,0.1473942779613206,0.0601525384275099,77.0,0.084043281474106,0.0227290267252551,0.142347195302191,0.0841364084355627,-2.475315887307681,2.2729026725255097,14.2347195302191,2.193451413453073
2025-07,Information Technology,80.0645365030253,74.28559886903216,-5.778937633993145,19.9354634969747,0.1348337907801354,0.6079630846836734,0.2322626970581209,70.0,0.3307300780589856,0.1296197522171785,0.5982833420026074,0.320143399782043,-1.1389862592471964,12.96197522171785,59.828334200260734,2.2984835991257837
2025-07,Materials,83.48082192479309,100.72223758648924,17.241415661696138,16.5191780752069,0.0869898481669146,0.3844911383872101,0.2229964612777554,25.0,0.0170861815388439,0.0882128042890692,0.391272889367549,0.0176515023380054,-4.036934380924599,8.82128042890692,39.1272889367549,2.3994763376058015
2025-07,Real Estate,80.38326801958593,83.90993265168669,3.5266646321007653,19.61673198041407,0.0526935308164794,0.2784706859496252,0.0999824464373116,30.0,0.0194191829108361,0.0519216950586044,0.2741000269513939,0.0198471871504963,-3.9196929871547472,5.1921695058604405,27.41000269513939,2.3929086371921096
2025-07,Utilities,72.81772155308822,53.18306187093503,-19.634659682153195,27.18227844691178,0.0496518068754382,0.2719401790019869,0.1107544553957547,31.0,0.0232356535998728,0.05000410380986,0.2740846072614067,0.0226914932369607,-3.7857651720005396,5.000410380986,27.40846072614067,2.4578144803691275
2025-08,Communication Services,80.58968758868836,83.45685530294114,2.8671677142527714,19.41031241131164,0.2743820788568525,0.7966316144369723,0.4152030337737838,18.0,0.1071459628469154,0.2700064921837021,0.7969706166303367,0.1050961926194622,-2.2528792280212397,27.00064921837021,79.69706166303368,2.1643328674765354
2025-08,Consumer Discretionary,81.18318676374325,86.34017100909611,5.1569842453528665,18.81681323625675,0.1877838994541255,0.6201069331405225,0.3859453508909192,50.0,0.1091605527017539,0.2003640681669762,0.6281627235695553,0.1076560246552558,-2.22881409152405,20.036406816697617,62.81627235695553,2.2863907899017475
2025-08,Consumer Staples,71.13414174601985,53.5268832349353,-17.60725851108454,28.865858253980157,0.1068558575359454,0.4747441164101726,0.2355089422315659,35.0,0.0566891353806985,0.1081603638409128,0.4773945501294721,0.0571389205877126,-2.8622697730175033,10.81603638409128,47.739455012947204,2.094672625740029
2025-08,Energy,73.03102510529223,54.669300920187155,-18.361724185105086,26.968974894707767,0.1380499153640819,0.5527998448808484,0.2882491673517375,21.0,0.0291595121643664,0.1379848696262625,0.5504693761517082,0.0290662323858983,-3.5381781776990513,13.79848696262625,55.04693761517082,2.6226015775637004
2025-08,Financials,83.15997734317705,103.17754754018736,20.017570197010304,16.84002265682296,0.04861397812863,0.3117578378806079,0.1302639233906066,75.0,0.1436739396651974,0.0487862544544035,0.313481770662718,0.1409175525370556,-1.9595802934071849,4.87862544544035,31.3481770662718,2.136189893348545
2025-08,Health Care,74.91705932223901,63.4479424071732,-11.469116915065811,25.08294067776099,0.0469982202884326,0.2847046020750974,0.1284953147366213,59.0,0.0881650659338315,0.0478443365936625,0.2865672310362017,0.0856106996319706,-2.457945007945161,4.78443365936625,28.65672310362017,2.2614818279788143
2025-08,Industrials,83.71557705811077,107.39986034513402,23.684283287023263,16.284422941889233,0.0230807504742673,0.1469479965703782,0.0612250483162054,77.0,0.0822251548471676,0.0232116377212779,0.1473942779613206,0.084043281474106,-2.476423357193313,2.32116377212779,14.739427796132059,2.14181956694185
2025-08,Information Technology,79.09352551372665,73.77647100390102,-5.317054509825629,20.90647448627335,0.134933224400039,0.6122484118251631,0.227507147152621,69.0,0.3243243611032863,0.1348337907801354,0.6079630846836734,0.3307300780589856,-1.1064527104270234,13.483379078013542,60.79630846836734,2.4569134434998965
2025-08,Materials,82.6899910835015,101.05377013306973,18.36377904956823,17.310008916498504,0.0871515457082486,0.3881715685487285,0.2191699090095155,25.0,0.0176522137380338,0.0869898481669146,0.3844911383872101,0.0170861815388439,-4.06948523930366,8.69898481669146,38.44911383872101,2.297495863034959
2025-08,Real Estate,78.88646989278558,81.7561794368655,2.8697095440799063,21.113530107214416,0.0526296296406103,0.2780519160874186,0.0997925752571443,30.0,0.0194556925119102,0.0526935308164794,0.2784706859496252,0.0194191829108361,-3.9414938916263598,5.26935308164794,27.847068594962522,2.274846536907744
2025-08,Utilities,70.5317399396791,50.32740002347282,-20.20433991620628,29.468260060320908,0.0493341346350795,0.2671658692554469,0.1145260242433084,31.0,0.0223484091068384,0.0496518068754382,0.2719401790019869,0.0232356535998728,-3.7620673868699814,4.96518068754382,27.19401790019869,2.3426924772444684
2025-09,Communication Services,79.05617077942324,80.39109448515039,1.3349237057271468,20.943829220576752,0.2734105229268281,0.7808717671188742,0.4326426161564707,19.0,0.1131391437410732,0.2743820788568525,0.7966316144369723,0.1071459628469154,-2.2335632353559864,27.43820788568525,79.66316144369723,2.2050688237024323
2025-09,Consumer Discretionary,80.06986251416154,85.89362102845477,5.823758514293229,19.93013748583846,0.18570832889678,0.6415993324482954,0.3554332030506179,49.0,0.1088316107876411,0.1877838994541255,0.6201069331405225,0.1091605527017539,-2.2149355199287832,18.77838994541255,62.01069331405225,2.3105707922306866
2025-09,Consumer Staples,68.22855907331882,50.902286899755836,-17.32627217356299,31.771440926681173,0.1134953451267661,0.4896936248468652,0.2526160018458639,35.0,0.0537832294599965,0.1068558575359454,0.4747441164101726,0.0566891353806985,-2.870172702469792,10.68558575359454,47.47441164101726,2.107421977455124
2025-09,Energy,70.00360290440325,49.74287982399024,-20.260723080413012,29.996397095596745,0.1343072550093716,0.5407855372125878,0.2851215325618946,21.0,0.0278490116508233,0.1380499153640819,0.5527998448808484,0.0291595121643664,-3.5349741015986855,13.80499153640819,55.27998448808484,2.698465669562156
2025-09,Financials,82.0889413394569,102.26586146713241,20.176920127675526,17.911058660543112,0.0479646401538502,0.3094003407498761,0.1286024884462129,75.0,0.1392907617470791,0.04861397812863,0.3117578378806079,0.1436739396651974,-1.940208854708153,4.861397812863,31.17578378806079,2.258835607041279
2025-09,Health Care,73.13337015814764,62.82667213148712,-10.306698026660518,26.866629841852355,0.0489140500969588,0.29619992204859,0.1315941796101947,59.0,0.0858617940856734,0.0469982202884326,0.2847046020750974,0.0881650659338315,-2.4285444722766556,4.6998220288432595,28.47046020750974,2.2772527367677395
2025-09,Industrials,82.76350858680246,107.09260058083252,24.329091994030055,17.236491413197538,0.0236306154655024,0.1571546507687335,0.0654032817720773,78.0,0.0805704487665429,0.0230807504742673,0.1469479965703782,0.0822251548471676,-2.4982940036960493,2.3080750474267298,14.69479965703782,2.2725709315545997
2025-09,Information Technology,77.60035511359078,71.88112096499633,-5.7192341485944524,22.39964488640922,0.1323427798149991,0.6038691521787372,0.2251493526953458,68.0,0.3332902444392316,0.134933224400039,0.6122484118251631,0.3243243611032863,-1.1260111494544311,13.4933224400039,61.22484118251631,2.3106486262414356
2025-09,Materials,81.55188417601022,100.00435221650179,18.452468040491567,18.448115823989788,0.0893355871013263,0.4021031280649093,0.2229686078620091,25.0,0.016501434669034,0.0871515457082486,0.3881715685487285,0.0176522137380338,-4.036894079216588,8.71515457082486,38.81715685487285,2.410292792556616
2025-09,Real Estate,77.61673260644419,81.59473139611248,3.9779987896682805,22.383267393555805,0.0533599885556998,0.2798141582474827,0.1056518191686747,30.0,0.0186286049477696,0.0526296296406103,0.2780519160874186,0.0194556925119102,-3.939615577604201,5.26296296406103,27.805191608741858,2.1851626985028014
2025-09,Utilities,68.02861792844529,47.54638418579045,-20.482233742654838,31.97138207155471,0.049460519042521,0.2690922288649092,0.1153951855079361,31.0,0.0222537157051346,0.0493341346350795,0.2671658692554469,0.0223484091068384,-3.801000141358125,4.93341346350795,26.71658692554469,2.4122678585656625
2025-10,Communication Services,77.73133926824593,78.99497317763584,1.2636339093899103,22.268660731754085,0.310497985943423,0.8012205613091058,0.4944935445694057,19.0,0.1114405654079184,0.2734105229268281,0.7808717671188742,0.1131391437410732,-2.1791368572319407,27.34105229268281,78.08717671188742,2.2145988879388407
2025-10,Consumer Discretionary,78.5045640218846,84.51360684273888,6.009042820854277,21.495435978115403,0.2078780009475812,0.6682195808937494,0.3865706060538756,48.0,0.109238691242201,0.18570832889678,0.6415993324482954,0.1088316107876411,-2.2179534464313786,18.570832889677998,64.15993324482953,2.59907545312776
2025-10,Consumer Staples,64.29856754760179,46.17276784911119,-18.1257996984906,35.701432452398215,0.1148224523835796,0.4924688230903921,0.2543344029888352,35.0,0.0514244941551657,0.1134953451267661,0.4896936248468652,0.0537832294599965,-2.922793580483614,11.349534512676609,48.96936248468652,2.1616152118132517
2025-10,Energy,67.10141244412523,45.71959794877914,-21.381814495346102,32.89858755587476,0.140447849551426,0.5523176636032749,0.2938760016979974,21.0,0.026897835363463,0.1343072550093716,0.5407855372125878,0.0278490116508233,-3.580957801539348,13.43072550093716,54.078553721258785,2.600432042004439
2025-10,Financials,80.81898251890573,100.37682839464925,19.557845875743535,19.18101748109427,0.0485065714417097,0.3110339396530338,0.1263506228489052,75.0,0.132204981149057,0.0479646401538502,0.3094003407498761,0.1392907617470791,-1.9711917195120325,4.79646401538502,30.94003407498761,2.4127551713715953
2025-10,Health Care,70.14771689892832,59.4963573844114,-10.65135951451693,29.852283101071674,0.0507692599180317,0.3002139418295985,0.1439019949741378,59.0,0.0871504567851609,0.0489140500969588,0.29619992204859,0.0858617940856734,-2.455016320926818,4.89140500969588,29.619992204859003,2.3293209934124963
2025-10,Industrials,81.73887815820989,107.12533203783546,25.38645387962558,18.261121841790107,0.0244439512106866,0.1712134021312736,0.0667696523227142,78.0,0.079131929935565,0.0236306154655024,0.1571546507687335,0.0805704487665429,-2.518623337312269,2.3630615465502403,15.71546507687335,2.4385157912873816
2025-10,Information Technology,75.92836154341883,70.45415079825247,-5.474210745166351,24.071638456581177,0.1312923112642345,0.5981561596135616,0.2307764226463944,68.0,0.3469343177200293,0.1323427798149991,0.6038691521787372,0.3332902444392316,-1.0987415637060725,13.23427798149991,60.386915217873714,2.5674375234170093
2025-10,Materials,80.19821275194211,97.66476394504498,17.46655119310287,19.801787248057888,0.0832101401660359,0.389258787961604,0.206347202180932,26.0,0.0154115079820703,0.0893355871013263,0.4021031280649093,0.016501434669034,-4.104307952217079,8.93355871013263,40.210312806490926,2.450862755934895
2025-10,Real Estate,76.31874612113339,81.9314055108065,5.612659389673114,23.681253878866617,0.0562734389830875,0.2935659093822065,0.1128235414715154,30.0,0.0178555547806834,0.0533599885556998,0.2798141582474827,0.0186286049477696,-3.9830569792030563,5.33599885556998,27.981415824748268,2.311736950783549
2025-10,Utilities,65.46393973560347,45.80093712073417,-19.663002614869303,34.53606026439653,0.0516088416971844,0.2840422965450468,0.1231986773842313,31.0,0.0223096654786854,0.049460519042521,0.2690922288649092,0.0222537157051346,-3.8052462863289214,4.9460519042521005,26.90922288649092,2.4710647292831034
2025-11,Communication Services,76.76756371920987,80.11771268392344,3.350148964713564,23.23243628079012,0.3384247073065758,0.8155975494978548,0.5296925831099729,19.0,0.1184083140054165,0.310497985943423,0.8012205613091058,0.1114405654079184,-2.1942638758702055,31.0497985943423,80.12205613091058,2.3885197954652697
2025-11,Consumer Discretionary,76.76698317403702,81.38765977355429,4.620676599517283,23.23301682596298,0.200155634046022,0.6524028429374562,0.3807564345768752,48.0,0.106472061343988,0.2078780009475812,0.6682195808937494,0.109238691242201,-2.2142199630214416,20.78780009475812,66.82195808937495,2.632679923003156
2025-11,Consumer Staples,62.96596158720217,44.8110077096517,-18.15495387755048,37.03403841279783,0.1184088168191982,0.4920693373952586,0.2655187513308623,35.0,0.053732657174981,0.1148224523835796,0.4924688230903921,0.0514244941551657,-2.9676406800463675,11.48224523835796,49.24688230903921,2.2691750670688493
2025-11,Energy,65.51538267077571,44.84302390774279,-20.672358763032918,34.484617329224285,0.1356311665276195,0.5376168567869374,0.2918194056776068,21.0,0.0271258356852291,0.140447849551426,0.5523176636032749,0.026897835363463,-3.6157094653719484,14.0447849551426,55.2317663603275,2.787442826917172
2025-11,Financials,79.58041536330305,98.29203665279148,18.71162128948843,20.419584636696957,0.0496051721576897,0.315201478869804,0.1340614130199422,75.0,0.1338858162904928,0.0485065714417097,0.3110339396530338,0.132204981149057,-2.0234016733859033,4.85065714417097,31.10339396530338,2.4943033027017623
2025-11,Health Care,69.05351603776569,59.23945843040548,-9.814057607360201,30.946483962234318,0.0555841046258577,0.317607279226089,0.164180390185686,59.0,0.095087761579282,0.0507692599180317,0.3002139418295985,0.0871504567851609,-2.440119265662535,5.07692599180317,30.02139418295985,2.473339648499017
2025-11,Industrials,80.57660174991487,104.82093006408812,24.24432831417324,19.423398250085132,0.0241686938395606,0.170180834749424,0.0654101268564591,78.0,0.0779328809595823,0.0244439512106866,0.1712134021312736,0.079131929935565,-2.536638820228843,2.44439512106866,17.121340213127358,2.4922273903991696
2025-11,Information Technology,73.79653561531416,66.2782849953777,-7.518250619936455,26.203464384685834,0.1292868057283459,0.591733504737933,0.2109795674944301,70.0,0.3307475206609691,0.1312923112642345,0.5981561596135616,0.3469343177200293,-1.05861980306158,13.129231126423448,59.81561596135616,2.9477705320366394
2025-11,Materials,79.3652534410626,98.39477944841305,19.02952600735045,20.6347465589374,0.0813881938049337,0.3845629076050713,0.1960623726673479,25.0,0.0158239935525175,0.0832101401660359,0.389258787961604,0.0154115079820703,-4.172640777067923,8.32101401660359,38.925878796160404,2.505274696906167
2025-11,Real Estate,75.09047372701603,81.12860855624943,6.03813482923341,24.909526272983975,0.0583353632215442,0.3094740288787717,0.1273461884370811,30.0,0.018171321451839,0.0562734389830875,0.2935659093822065,0.0178555547806834,-4.025440626971589,5.62734389830875,29.35659093822065,2.3149548450400523
2025-11,Utilities,63.24358680195119,43.40877166535486,-19.83481513659633,36.756413198048804,0.0518132897098632,0.2824920422649142,0.1287481441955695,31.0,0.0226118372957023,0.0516088416971844,0.2840422965450468,0.0223096654786854,-3.802735264882051,5.16088416971844,28.404229654504682,2.4177088307206027
2025-12,Communication Services,76.03135372444393,78.89491277664742,2.863559052203476,23.968646275556065,0.3322920966658415,0.8060609469143314,0.5218091669490175,19.0,0.1170946371417802,0.3384247073065758,0.8155975494978548,0.1184083140054165,-2.1336163393571734,33.84247073065758,81.55975494978549,2.0092633498825285
2025-12,Consumer Discretionary,76.73958900165532,82.44895297148386,5.709363969828539,23.26041099834467,0.1937362636014048,0.6433199932832869,0.3693114811012375,47.0,0.1082655371150379,0.200155634046022,0.6524028429374562,0.106472061343988,-2.2398726630466843,20.015563404602197,65.24028429374562,2.1709818429234917
2025-12,Consumer Staples,62.80936168699097,44.73152377247325,-18.077837914517715,37.19063831300903,0.1202994885362407,0.4922177100766987,0.2722483669799002,35.0,0.0526481730913055,0.1184088168191982,0.4920693373952586,0.053732657174981,-2.923734321249058,11.84088168191982,49.20693373952586,1.9179132651491564
2025-12,Energy,61.948764191134664,39.08866049431226,-22.860103696822407,38.051235808865336,0.1421105834142649,0.5533340389568804,0.3026364146956021,21.0,0.0270595277854191,0.1356311665276195,0.5376168567869374,0.0271258356852291,-3.6072686589240504,13.56311665276195,53.76168567869374,2.4583457692881825
2025-12,Financials,79.39617104027754,99.71679228399384,20.320621243716285,20.603828959722453,0.0479683331727426,0.3083937938056115,0.1267507498746462,76.0,0.1380522312769047,0.0496051721576897,0.315201478869804,0.1338858162904928,-2.0107679595246193,4.96051721576897,31.5201478869804,2.201806175520622
2025-12,Health Care,69.94649666979836,61.05152670491781,-8.894969964880554,30.053503330201636,0.0566663968987596,0.3226774642431699,0.1666108745232884,59.0,0.0933073674241977,0.0555841046258577,0.317607279226089,0.095087761579282,-2.3529550077301282,5.55841046258577,31.7607279226089,2.2007940162229507
2025-12,Industrials,80.0651548196265,103.74104159609323,23.675886776466726,19.93484518037351,0.0241119969053456,0.1710723197913612,0.0662351633366714,79.0,0.0791573045346815,0.0241686938395606,0.170180834749424,0.0779328809595823,-2.5519073232538183,2.41686938395606,17.0180834749424,2.1533225610554965
2025-12,Information Technology,71.76674040908979,60.32232478669618,-11.444415622393619,28.23325959091021,0.1299253548338559,0.5971174786853357,0.2228728563618585,70.0,0.3281920287111097,0.1292868057283459,0.591733504737933,0.3307475206609691,-1.1063999721271285,12.928680572834589,59.1733504737933,2.4210498619506953
2025-12,Materials,79.21326351288934,100.0353158077748,20.82205229488543,20.78673648711065,0.0779443364767289,0.3655423019178678,0.1858692574827162,25.0,0.0172854062992666,0.0813881938049337,0.3845629076050713,0.0158239935525175,-4.146227911551466,8.13881938049337,38.45629076050713,2.237110207295366
2025-12,Real Estate,75.13370586450259,83.29977166641773,8.166065801915135,24.866294135497412,0.0569587317158523,0.3009176186734478,0.1167660870338335,30.0,0.0176046394802452,0.0583353632215442,0.3094740288787717,0.018171321451839,-4.007910672094771,5.83353632215442,30.947402887877168,2.0795096539771927
2025-12,Utilities,61.90740268763725,41.62718074723595,-20.280221940401304,38.092597312362756,0.0514112055839902,0.2830122701984908,0.1265206042661811,31.0,0.0213331471400512,0.0518132897098632,0.2824920422649142,0.0226118372957023,-3.789281735679577,5.18132897098632,28.249204226491422,2.3235487522861855
2026-01,Communication Services,73.34590669708037,74.92744006316462,1.5815333660842577,26.65409330291963,0.351700863248558,0.8226045185155525,0.537697653107115,19.0,0.1206960193262662,0.3322920966658415,0.8060609469143314,0.1170946371417802,-2.144772806679282,33.22920966658415,80.60609469143314,2.261949049702947
2026-01,Consumer Discretionary,74.9156489434326,81.97201202959943,7.056363086166823,25.084351056567403,0.1962319992561038,0.6522356924513546,0.3676737501353955,47.0,0.1108918652220626,0.1937362636014048,0.6433199932832869,0.1082655371150379,-2.223168392467907,19.37362636014048,64.33199932832869,2.5464987306483
2026-01,Consumer Staples,60.25444584451374,44.68423603939054,-15.570209805123193,39.74555415548627,0.1201225724139077,0.4912470571441393,0.2709921001763341,35.0,0.0556333713746634,0.1202994885362407,0.4922177100766987,0.0526481730913055,-2.9441237401246845,12.02994885362407,49.221771007669865,2.357931672944333
2026-01,Energy,58.44685131937074,36.86790380584997,-21.57894751352077,41.553148680629256,0.1474783757043458,0.5624732647287138,0.310909731746161,21.0,0.0304408302317721,0.1421105834142649,0.5533340389568804,0.0270595277854191,-3.60971610704146,14.211058341426492,55.333403895688036,2.8315496034313976
2026-01,Financials,77.13025547500385,94.58217621299609,17.451920737992236,22.86974452499615,0.0463136046911167,0.2989526716239201,0.1244394766052863,76.0,0.1322210589524644,0.0479683331727426,0.3083937938056115,0.1380522312769047,-1.9801231779194612,4.79683331727426,30.839379380561148,2.396034192461377
2026-01,Health Care,64.47881889716896,51.32464994896452,-13.154168948204452,35.52118110283102,0.0557310457259689,0.3243385913158267,0.1611383852464014,59.0,0.0915783221171695,0.0566663968987596,0.3226774642431699,0.0933073674241977,-2.3718562093568227,5.66663968987596,32.26774642431699,2.454454677176063
2026-01,Industrials,78.41659272126039,101.97231776785267,23.555725046592286,21.58340727873962,0.0243561375108749,0.1722834655330469,0.0618802119903447,79.0,0.0830015168060207,0.0241119969053456,0.1710723197913612,0.0791573045346815,-2.5363182096779258,2.41119969053456,17.10723197913612,2.401802934405463
2026-01,Information Technology,68.39360051653202,55.16018902355292,-13.233411492979112,31.60639948346797,0.1259613346193445,0.5832394319589064,0.2320147078429244,70.0,0.3177823273645144,0.1299253548338559,0.5971174786853357,0.3281920287111097,-1.1141563885214385,12.99253548338559,59.71174786853357,2.6745048204841604
2026-01,Materials,77.58675389692557,99.4724647534877,21.885710856562135,22.41324610307442,0.0774757340023365,0.3642666893480273,0.1833644583002845,25.0,0.0184698206025339,0.0779443364767289,0.3655423019178678,0.0172854062992666,-4.057892699997241,7.794433647672889,36.55423019178678,2.537713330551023
2026-01,Real Estate,73.44978218529305,84.34337401502631,10.893591829733273,26.550217814706958,0.0571393858422598,0.2982932847160518,0.1152437806499431,30.0,0.0178042503298712,0.0569587317158523,0.3009176186734478,0.0176046394802452,-4.039592804844093,5.69587317158523,30.09176186734478,2.491742826788199
2026-01,Utilities,59.76786729116608,40.87976012786261,-18.88810716330347,40.23213270883392,0.0523501554048545,0.2834382561419391,0.1353196799481054,31.0,0.0214806176726613,0.0514112055839902,0.2830122701984908,0.0213331471400512,-3.8474932121387626,5.141120558399019,28.30122701984908,2.590446167454986
2026-02,Communication Services,68.54836028735308,65.46024864299477,-3.088111644358305,31.45163971264693,0.3337910635098108,0.8080930660085214,0.5239459404957075,19.0,0.1154076324469491,0.351700863248558,0.8226045185155525,0.1206960193262662,-2.1144801313208745,35.170086324855795,82.26045185155525,2.5194079821422966
2026-02,Consumer Discretionary,72.46621169627777,82.73547506714873,10.269263370870961,27.533788303722243,0.1782896834582858,0.6285964008477853,0.3422426458323837,47.0,0.1056685453164153,0.1962319992561038,0.6522356924513546,0.1108918652220626,-2.199199739687174,19.62319992561038,65.22356924513547,2.711484881406639
2026-02,Consumer Staples,52.804342212267926,38.062291633000584,-14.742050579267344,47.195657787732074,0.1200061271340014,0.4923003639231401,0.2700718181810534,35.0,0.0604860221475054,0.1201225724139077,0.4912470571441393,0.0556333713746634,-2.8889720531960514,12.01225724139077,49.12470571441393,2.6491658913434186
2026-02,Energy,55.82162579934528,35.43110693561397,-20.390518863731312,44.17837420065473,0.1429391430891635,0.5519338629251411,0.3056303588389517,21.0,0.0332929713137866,0.1474783757043458,0.5624732647287138,0.0304408302317721,-3.491970471992256,14.74783757043458,56.247326472871386,2.877039751805171
2026-02,Financials,73.16085301069057,84.57154691762437,11.410693906933794,26.83914698930942,0.049121644440762,0.314494398814983,0.136221848712396,76.0,0.1280558771000094,0.0463136046911167,0.2989526716239201,0.1322210589524644,-2.023280068089987,4.63136046911167,29.89526716239201,2.7171749672213905
2026-02,Health Care,59.59796658195287,46.47731791146416,-13.120648670488698,40.40203341804713,0.0556973199321642,0.3262812255203171,0.1575222308098328,59.0,0.0957154948104053,0.0557310457259689,0.3243385913158267,0.0915783221171695,-2.390560693419505,5.573104572596891,32.43385913158267,2.453665070435031
2026-02,Industrials,76.44467944887606,102.50546099559928,26.060781546723224,23.555320551123938,0.0249225041828938,0.1752703742992435,0.0645264688758424,79.0,0.0895930797086703,0.0243561375108749,0.1722834655330469,0.0830015168060207,-2.488896396581187,2.43561375108749,17.22834655330469,2.6310671081986743
2026-02,Information Technology,65.62521252511016,55.70251248706509,-9.92270003804507,34.374787474889835,0.123455847698724,0.5764958216469711,0.2235303030862054,71.0,0.3085167803821047,0.1259613346193445,0.5832394319589064,0.3177823273645144,-1.1463886357256048,12.59613346193445,58.323943195890635,3.031756802358351
2026-02,Materials,74.62632193932772,96.44905472886144,21.82273278953373,25.373678060672287,0.0794993218096674,0.3787648487441029,0.188439247388463,25.0,0.0201609257295517,0.0774757340023365,0.3642666893480273,0.0184698206025339,-3.9916171977291555,7.74757340023365,36.426668934802734,2.75351879740991
2026-02,Real Estate,69.47952209120983,79.02887109931848,9.54934900810865,30.520477908790177,0.0597057920738645,0.3120090384104814,0.1208216855410837,30.0,0.0191539749408313,0.0571393858422598,0.2982932847160518,0.0178042503298712,-4.028318067611086,5.713938584225979,29.829328471605184,2.491284237833549
2026-02,Utilities,52.8112851458461,34.962494319566474,-17.848790826279625,47.1887148541539,0.0516012867795736,0.2826684216819381,0.1307469369115479,31.0,0.0239486961037704,0.0523501554048545,0.2834382561419391,0.0214806176726613,-3.840604254044422,5.23501554048545,28.343825614193914,2.7401565949575315
2026-03,Communication Services,67.8691762164147,65.93034951552096,-1.9388267008937483,32.13082378358529,0.3292031866233137,0.8015304519813569,0.5229808321166834,19.0,0.1121687835906942,0.3337910635098108,0.8080930660085214,0.1154076324469491,-2.1592847880402104,33.37910635098108,80.80930660085214,2.581203772450873
2026-03,Consumer Discretionary,72.04133298878918,85.17927891031162,13.137945921522451,27.958667011210817,0.1882357595609859,0.6373322122307802,0.3602648051644888,47.0,0.1047114450352356,0.1782896834582858,0.6285964008477853,0.1056685453164153,-2.247448014911308,17.82896834582858,62.85964008477853,2.796406178003034
2026-03,Consumer Staples,52.179928739171665,39.760917831777725,-12.419010907393941,47.820071260828335,0.1272956027364753,0.5064135493006093,0.2834102444694858,34.0,0.0588821929222412,0.1200061271340014,0.4923003639231401,0.0604860221475054,-2.8053429795231444,12.00061271340014,49.230036392314005,2.5504217452038933
2026-03,Energy,47.88712007594447,25.895484387046647,-21.99163568889783,52.11287992405553,0.1453561607838643,0.560284742379336,0.3089702506918271,21.0,0.0385363623220262,0.1429391430891635,0.5519338629251411,0.0332929713137866,-3.4024089759325564,14.29391430891635,55.19338629251411,2.998429800205678
2026-03,Financials,69.12349235106946,69.57846815645374,0.4549758053842768,30.87650764893054,0.049169590410342,0.3139662948616311,0.1347504642402905,76.0,0.1291872903343625,0.049121644440762,0.314494398814983,0.1280558771000094,-2.055288570474493,4.9121644440762005,31.449439881498297,2.723626721953323
2026-03,Health Care,59.80458676323543,48.81004368501867,-10.994543078216768,40.195413236764566,0.0556882710015343,0.3287824648886007,0.1506558637673764,58.0,0.092031057010753,0.0556973199321642,0.3262812255203171,0.0957154948104053,-2.346375083384708,5.56973199321642,32.628122552031705,2.526088106347163
2026-03,Industrials,75.47590834206122,100.97765082571723,25.501742483656017,24.52409165793878,0.0244889614479284,0.1708896088740941,0.0636238875672536,80.0,0.0877669747561641,0.0249225041828938,0.1752703742992435,0.0895930797086703,-2.412477197378364,2.49225041828938,17.52703742992435,2.845932455788086
2026-03,Information Technology,65.44140847776154,59.29091519231784,-6.150493285443698,34.558591522238466,0.1234693233131445,0.575230803977627,0.2274780993190845,72.0,0.3138423618524638,0.123455847698724,0.5764958216469711,0.3085167803821047,-1.1759790436569546,12.345584769872401,57.64958216469711,2.9502869064426362
2026-03,Materials,73.7033930590843,96.75346569842523,23.05007263934094,26.296606940915694,0.0793032427547409,0.3700728645077435,0.1968463706658527,25.0,0.0196563870766996,0.0794993218096674,0.3787648487441029,0.0201609257295517,-3.9040089177086315,7.94993218096674,37.87648487441029,2.809590257212339
2026-03,Real Estate,68.55543163458877,77.26114776462693,8.705716130038178,31.444568365411236,0.0605504561516188,0.3200303492544747,0.123480110648801,30.0,0.0188166420892706,0.0597057920738645,0.3120090384104814,0.0191539749408313,-3.9552450161830692,5.97057920738645,31.200903841048138,2.568648525533087
2026-03,Utilities,52.307831907534656,34.95188858843876,-17.355943319095886,47.692168092465344,0.0517878318340618,0.2785859246500571,0.1336908288874724,31.0,0.0244005030100889,0.0516012867795736,0.2826684216819381,0.0239486961037704,-3.7318413990385544,5.160128677957361,28.26684216819381,2.63426766085562
2026-04,Communication Services,69.95068402369648,71.04441651956088,1.0937324958643986,30.049315976303518,0.393076372963794,0.8371528001180053,0.5906360825469004,19.0,0.1208066141795468,0.3292031866233137,0.8015304519813569,0.1121687835906942,-2.187750545721024,32.92031866233137,80.15304519813569,2.336429700873683
2026-04,Consumer Discretionary,73.30924142524319,86.9959270418382,13.68668561659502,26.69075857475682,0.2209522498766987,0.6691054636464524,0.413669546697592,47.0,0.1054936286095879,0.1882357595609859,0.6373322122307802,0.1047114450352356,-2.2565468544223832,18.82357595609859,63.73322122307802,2.636893043645095
2026-04,Consumer Staples,51.7742778620811,36.99752957243099,-14.776748289650113,48.2257221379189,0.1289721059551419,0.5072100240708294,0.2892209285398328,35.0,0.0556649092495646,0.1272956027364753,0.5064135493006093,0.0588821929222412,-2.8322165613311205,12.72956027364753,50.641354930060935,2.5054390028167686
2026-04,Energy,27.875881160620885,7.014435211274277,-20.86144594934661,72.12411883937911,0.1340029672310181,0.535657974472081,0.2912377510429343,21.0,0.0337203501905413,0.1453561607838643,0.560284742379336,0.0385363623220262,-3.2561530075283374,14.535616078386429,56.0284742379336,2.9407230517591763
2026-04,Financials,69.97936525919071,70.20187355277676,0.22250829358604562,30.02063474080929,0.0487924743211149,0.3130329799745093,0.1285089752282981,76.0,0.1216908164646375,0.049169590410342,0.3139662948616311,0.1291872903343625,-2.0464920644975386,4.9169590410342,31.396629486163107,2.4945447682219304
2026-04,Health Care,63.23394547540296,54.235536666625094,-8.998408808777869,36.76605452459704,0.0563243763560778,0.3258847400035286,0.1545387578469127,58.0,0.0828473990010246,0.0556882710015343,0.3287824648886007,0.092031057010753,-2.3856291826952867,5.56882710015343,32.87824648886007,2.51702694861745
2026-04,Industrials,75.43642427385187,97.9422033761473,22.505779102295435,24.563575726148137,0.0254619071769958,0.180416506948562,0.0739723201100202,80.0,0.085713859718939,0.0244889614479284,0.1708896088740941,0.0877669747561641,-2.433069990829449,2.44889614479284,17.08896088740941,2.638134661499418
2026-04,Information Technology,68.10497877772126,63.90830996674457,-4.196668810976687,31.89502122227874,0.1143778827709426,0.5426929668007934,0.2218567166415174,72.0,0.3347138691407811,0.1234693233131445,0.575230803977627,0.3138423618524638,-1.1588644514512945,12.34693233131445,57.523080397762705,2.693096534522251
2026-04,Materials,73.23326431966395,91.33137695858709,18.09811263892315,26.76673568033606,0.0784628918747853,0.3634030459646241,0.1942045858385076,25.0,0.0183065094325614,0.0793032427547409,0.3700728645077435,0.0196563870766996,-3.92935295141037,7.93032427547409,37.00728645077435,2.531900969952085
2026-04,Real Estate,69.60032467509798,80.49870162914088,10.898376954042906,30.399675324902027,0.0615062639280398,0.3271216856559128,0.127696100913121,30.0,0.0183617330544298,0.0605504561516188,0.3200303492544747,0.0188166420892706,-3.9730135832057956,6.05504561516188,32.00303492544747,2.471980270429505
2026-04,Utilities,52.07582645563701,34.403903213081335,-17.671923242555675,47.924173544362986,0.0531097538533886,0.2878394194346203,0.1377772498393012,31.0,0.0226803109583856,0.0517878318340618,0.2785859246500571,0.0244005030100889,-3.7131515317278927,5.17878318340618,27.85859246500571,2.5880297778765873
2026-05,Communication Services,68.75272570442037,69.86456318230685,1.1118374778864961,31.247274295579633,0.3883251768921517,0.8337724719455719,0.5844732648864394,19.0,0.1146805051871318,0.393076372963794,0.8371528001180053,0.1208066141795468,-2.1135642418383775,39.3076372963794,83.71528001180053,2.2807528957990377
2026-05,Consumer Discretionary,72.77281518618415,88.29569828093167,15.522883094747531,27.227184813815853,0.2270813162123232,0.6849746332952341,0.410040582854445,47.0,0.1032770115833491,0.2209522498766987,0.6691054636464524,0.1054936286095879,-2.249104720215887,22.09522498766987,66.91054636464524,2.533765921733063
2026-05,Consumer Staples,53.17651721801494,37.992410435444775,-15.184106782570163,46.82348278198506,0.1176224929832045,0.4844497955049454,0.2649737986207986,35.0,0.0506492792931706,0.1289721059551419,0.5072100240708294,0.0556649092495646,-2.8884053260989493,12.897210595514192,50.721002407082935,2.4913521200486564
2026-05,Energy,28.062842266041486,4.426166414503601,-23.636675851537888,71.93715773395851,0.1318801590350771,0.5285500759959465,0.2883523639094592,21.0,0.0304153163331331,0.1340029672310181,0.535657974472081,0.0337203501905413,-3.389653760655039,13.400296723101809,53.5657974472081,2.880175936558966
2026-05,Financials,68.73108965616254,67.14629858448141,-1.5847910716811149,31.26891034383747,0.0480761591462834,0.3091132392277518,0.1293284291234396,76.0,0.1151036961287262,0.0487924743211149,0.3130329799745093,0.1216908164646375,-2.1062717422744135,4.87924743211149,31.30329799745093,2.3526133477699362
2026-05,Health Care,63.253482423414006,57.25178975547876,-6.001692667935238,36.746517576585994,0.0620802828963866,0.343619540906483,0.1770750412586336,59.0,0.0810177363582337,0.0563243763560778,0.3258847400035286,0.0828473990010246,-2.4907549296756994,5.63243763560778,32.58847400035286,2.4645662296737147
2026-05,Industrials,74.78384093649385,100.14380229680532,25.359961360311466,25.216159063506154,0.0256297771481165,0.1816690766809471,0.0732255350335766,80.0,0.0805460766399487,0.0254619071769958,0.180416506948562,0.085713859718939,-2.456740742779366,2.54619071769958,18.0416506948562,2.5345627071481354
2026-05,Information Technology,65.14823320533881,56.463979526845705,-8.684253678493096,34.8517667946612,0.1038059290929557,0.5131201947931074,0.2013086769719293,72.0,0.3695206764456361,0.1143778827709426,0.5426929668007934,0.3347138691407811,-1.0944792340948901,11.43778827709426,54.269296680079336,2.892997295197067
2026-05,Materials,72.26110765965933,87.09216637464434,14.831058714984994,27.738892340340662,0.0789289577195068,0.3739974920858817,0.194553737211745,25.0,0.0172040455615968,0.0784628918747853,0.3634030459646241,0.0183065094325614,-4.000498575686047,7.846289187478531,36.34030459646241,2.5261431971988957
2026-05,Real Estate,69.80733051004421,84.72651912911543,14.919188619071225,30.192669489955783,0.0608590447148032,0.324587379994081,0.1225059485487815,30.0,0.0172103703242405,0.0615062639280398,0.3271216856559128,0.0183617330544298,-3.9974865053017266,6.15062639280398,32.712168565591284,2.329367878435117
2026-05,Utilities,52.42374511336196,35.770335898577756,-16.653409214784205,47.57625488663804,0.0512424391032942,0.2778208364479395,0.1295427251040158,31.0,0.0203752861448327,0.0531097538533886,0.2878394194346203,0.0226803109583856,-3.7862580895293805,5.3109753853388595,28.783941943462032,2.495689278974649
2026-06,Communication Services,64.90236925429065,63.487038330849664,-1.415330923440976,35.09763074570936,0.3986615969174171,0.8329624848526805,0.5964743402857965,19.0,0.1070066169867677,0.3883251768921517,0.8337724719455719,0.1146805051871318,-2.1656052327871715,38.832517689215166,83.37724719455719,2.6152971028794902
2026-06,Consumer Discretionary,71.01872578825058,89.58852970265382,18.569803914403245,28.98127421174943,0.2059407576558026,0.6656884383514082,0.3797544342476722,47.0,0.0988458624868134,0.2270813162123232,0.6849746332952341,0.1032770115833491,-2.2703404679577583,22.70813162123232,68.49746332952341,2.7685886684330834
2026-06,Consumer Staples,50.37184012606293,37.64337567036762,-12.728464455695308,49.62815987393707,0.1160555701029652,0.4810641687058725,0.2603766226627321,33.0,0.050722870813897,0.1176224929832045,0.4844497955049454,0.0506492792931706,-2.98283027754622,11.76224929832045,48.44497955049454,2.4626080909293075
2026-06,Energy,28.822314850256156,5.5714152068052485,-23.25089964345091,71.17768514974384,0.1287869470195652,0.5167686621233353,0.2863121736385094,21.0,0.0290193709356826,0.1318801590350771,0.5285500759959465,0.0304153163331331,-3.492808970700243,13.188015903507711,52.85500759959465,2.8321121960006326
2026-06,Financials,64.80309740069235,62.79319609742331,-2.009901303269043,35.196902599307634,0.0496649632948153,0.3166281333632796,0.1309893733202748,76.0,0.1206323658338956,0.0480761591462834,0.3091132392277518,0.1151036961287262,-2.1619218514438585,4.80761591462834,30.911323922775182,2.412129627252386
2026-06,Health Care,60.72922180039415,57.32424810855649,-3.404973691837655,39.27077819960585,0.0648167665623116,0.3586786309139957,0.1805192087886581,59.0,0.0868265625331034,0.0620802828963866,0.343619540906483,0.0810177363582337,-2.513087180893956,6.208028289638659,34.3619540906483,2.5848829192501914
2026-06,Industrials,72.12905601313932,95.27549883371219,23.14644282057286,27.870943986860684,0.0270937583662122,0.2011847655841293,0.0825463645965066,81.0,0.0874387831920291,0.0256297771481165,0.1816690766809471,0.0805460766399487,-2.518925877684445,2.56297771481165,18.16690766809471,2.649900575402834
2026-06,Information Technology,57.85564721643776,44.40579526328015,-13.449851953157609,42.14435278356224,0.0934637275337089,0.4772730200759811,0.1950107540820545,73.0,0.3638509066531397,0.1038059290929557,0.5131201947931074,0.3695206764456361,-0.9955485822551732,10.38059290929557,51.31201947931074,3.2104313550463606
2026-06,Materials,69.86463902587663,80.85771431190226,10.993075286025638,30.13536097412338,0.0806450976937951,0.3640032431915433,0.202871391511363,25.0,0.0173154391426724,0.0789289577195068,0.3739974920858817,0.0172040455615968,-4.062610715749995,7.89289577195068,37.39974920858817,2.7421559524759784
2026-06,Real Estate,68.04875916932244,86.10103888664389,18.052279717321444,31.951240830677555,0.0613866126291483,0.3280592078143066,0.1350066473650125,30.0,0.0173753760669499,0.0608590447148032,0.324587379994081,0.0172103703242405,-4.062243151021545,6.08590447148032,32.4587379994081,2.587257467316952
2026-06,Utilities,50.9980045490277,36.495824781556,-14.502179767471695,49.0019954509723,0.0500845411212507,0.2720788708903303,0.1278224665116052,31.0,0.020965845355049,0.0512424391032942,0.2778208364479395,0.0203752861448327,-3.8934325760356563,5.12424391032942,27.782083644793946,2.6312432022192906
2026-07,Communication Services,60.03229471890741,54.85807691792174,-5.174217800985669,39.96770528109259,0.3995828299724887,0.8333286776623123,0.5975092117965574,19.0,0.1068953929870623,0.3986615969174171,0.8329624848526805,0.1070066169867677,-2.2348646054344776,39.86615969174171,83.29624848526805,2.5538028293063397
2026-07,Consumer Discretionary,66.77152035788974,82.16572345670225,15.394203098812518,33.22847964211026,0.225522005840549,0.6568290085718219,0.4340298586287327,47.0,0.0989275721226553,0.2059407576558026,0.6656884383514082,0.0988458624868134,-2.3141935867229204,20.59407576558026,66.56884383514083,2.584021817275042
2026-07,Consumer Staples,54.870543530853524,49.97782461537037,-4.8927189154831545,45.129456469146476,0.1129430937882756,0.4788323952310751,0.2517259142586806,33.0,0.0517107543568406,0.1160555701029652,0.4810641687058725,0.050722870813897,-2.9813783692345885,11.60555701029652,48.106416870587246,2.5841173724905535
2026-07,Energy,26.152113798594005,8.24803137110445,-17.904082427489552,73.847886201406,0.1332885509220601,0.5308468070567869,0.2892775934062254,21.0,0.0327807230039114,0.1287869470195652,0.5167686621233353,0.0290193709356826,-3.539791708684455,12.878694701956519,51.67686621233353,2.7578810569497083
2026-07,Financials,61.12271340412045,58.69105159529979,-2.4316618088206603,38.87728659587955,0.0490963860821645,0.3144092887421749,0.1272643904583494,76.0,0.1274203385555091,0.0496649632948153,0.3166281333632796,0.1206323658338956,-2.115007657279369,4.966496329481529,31.66281333632796,2.395531580110762
2026-07,Health Care,58.960437368353084,57.65999425329305,-1.3004431150600342,41.03956263164693,0.0608289666954209,0.3445242402211722,0.169331587515868,59.0,0.0890015218658791,0.0648167665623116,0.3586786309139957,0.0868265625331034,-2.443842684163763,6.481676656231159,35.86786309139957,2.601259407134661
2026-07,Industrials,65.30061443412227,76.42894942788756,11.128334993765293,34.69938556587775,0.0251584258392739,0.1812910653584803,0.0655492228074014,81.0,0.0845778803807954,0.0270937583662122,0.2011847655841293,0.0874387831920291,-2.436816351129836,2.70937583662122,20.11847655841293,2.6774847794028633
2026-07,Information Technology,52.438344126439254,40.329802540941415,-12.108541585497841,47.561655873560746,0.108938629410275,0.5353454471792669,0.2026412988728789,73.0,0.3526622835973327,0.0934637275337089,0.4772730200759811,0.3638509066531397,-1.0110110923599636,9.34637275337089,47.72730200759811,3.0900395721839717
2026-07,Materials,66.0514794099866,73.90606139423313,7.85458198424653,33.9485205900134,0.0764222967567667,0.3537630020254502,0.1903186797224678,25.0,0.0170806166858414,0.0806450976937951,0.3640032431915433,0.0173154391426724,-4.056156739470014,8.06450976937951,36.40032431915433,2.722094275472111
2026-07,Real Estate,66.63372013186314,86.47648527520047,19.842765143337317,33.36627986813685,0.0603904638103246,0.323313670435193,0.1348798534395617,31.0,0.0183652960006294,0.0613866126291483,0.3280592078143066,0.0173753760669499,-4.052701243624511,6.13866126291483,32.80592078143066,2.4430605000744845
2026-07,Utilities,51.36466431973435,40.9564447529096,-10.408219566824755,48.63533568026565,0.0508667012524389,0.2754428749049704,0.1294792868675309,31.0,0.0205776204435428,0.0500845411212507,0.2720788708903303,0.020965845355049,-3.8648605769663193,5.00845411212507,27.20788708903303,2.6439731789488055
2026-08,Communication Services,57.91818182543482,53.74300089757867,-4.175180927856146,42.08181817456518,0.3741784224499344,0.8209725547606369,0.572798789021135,20.0,0.103545115269127,0.3995828299724887,0.8333286776623123,0.1068953929870623,-2.235904558352574,39.958282997248865,83.33286776623123,2.4965396146137997
2026-08,Consumer Discretionary,63.08412965289333,73.94102079093582,10.856891138042487,36.91587034710667,0.2194259773252321,0.6660147702157058,0.4137097701475934,47.0,0.0970060156385153,0.225522005840549,0.6568290085718219,0.0989275721226553,-2.313367291314214,22.552200584054898,65.68290085718219,2.2822224544951593
2026-08,Consumer Staples,56.051789105701616,56.040726090376495,-0.011063015325130585,43.948210894298384,0.108687134903687,0.471032948015037,0.2405721187074869,33.0,0.0497277522579578,0.1129430937882756,0.4788323952310751,0.0517107543568406,-2.9620895044607156,11.29430937882756,47.88323952310751,2.2643595197532194
2026-08,Energy,24.54410145484021,9.679036510186886,-14.865064944653325,75.4558985451598,0.1287361774634813,0.5212813612131987,0.2820482613927245,21.0,0.0338780941958632,0.1332885509220601,0.5308468070567869,0.0327807230039114,-3.4179146496585786,13.32885509220601,53.084680705678686,2.7929692998876074
2026-08,Financials,59.94891257282405,59.96224260116227,0.013330028338217286,40.05108742717595,0.0488215747962048,0.3137813311890891,0.1244140767091737,76.0,0.1251526352089692,0.0490963860821645,0.3144092887421749,0.1274203385555091,-2.0602639052928584,4.909638608216451,31.440928874217487,2.113016190823581
2026-08,Health Care,55.52508855538309,52.70806430979544,-2.8170242455876453,44.474911444616914,0.058436733838123,0.3354219813550458,0.1628216210559958,59.0,0.0907384334022395,0.0608289666954209,0.3445242402211722,0.0890015218658791,-2.419101809779575,6.08289666954209,34.45242402211722,2.521784197524516
2026-08,Industrials,61.905382352504866,70.89377647554058,8.988394123035713,38.09461764749514,0.0245871848723115,0.1770129267496561,0.0651607179739922,82.0,0.0807378682767033,0.0251584258392739,0.1812910653584803,0.0845778803807954,-2.470082507776816,2.5158425839273897,18.12910653584803,2.4078108917223826
2026-08,Information Technology,49.83102645472091,38.47983181018177,-11.351194644539143,50.16897354527908,0.1091260067486129,0.5384931950198308,0.20957454499155,73.0,0.365457751605797,0.108938629410275,0.5353454471792669,0.3526622835973327,-1.0422443836721855,10.8938629410275,53.53454471792669,2.667345694170465
2026-08,Materials,62.60487151238375,70.21712896441821,7.612257452034447,37.39512848761625,0.0781264660901533,0.3807621271285459,0.184287446109256,25.0,0.0175405242082259,0.0764222967567667,0.3537630020254502,0.0170806166858414,-4.06981098554509,7.6422296756766706,35.37630020254502,2.489733589339605
2026-08,Real Estate,64.09588260041323,81.18273334526758,17.086850744854342,35.90411739958677,0.0635631603445806,0.3363130833242097,0.141511466462569,30.0,0.0171895271811179,0.0603904638103246,0.323313670435193,0.0183652960006294,-3.997292482191094,6.03904638103246,32.3313670435193,2.3030312955200682
2026-08,Utilities,47.182475755722535,35.84428004737872,-11.338195708343815,52.817524244277465,0.0514190463599367,0.2778219356372852,0.129277057138994,31.0,0.0190262827554833,0.0508667012524389,0.2754428749049704,0.0205776204435428,-3.88355117996766,5.086670125243891,27.544287490497037,2.5398563444954476
