,Communication Services,Consumer Discretionary,Consumer Staples,Energy,Financials,Health Care,Industrials,Information Technology,Materials,Real Estate,Utilities
2018-10-01,32.31247149114684,31.222254107987673,52.65956532588485,55.82401043326249,43.92266775648913,33.52178095381224,36.156162020767724,31.410460677175518,31.658252620706044,52.30222841236416,50.43556768675545
2018-10-02,32.818557908946325,31.89885741729743,52.7820840154776,56.104377016106746,44.14575458498504,33.670230412742335,36.34873954426219,31.782949215836187,31.833427879074733,52.95583847614629,51.32575415268483
2018-10-03,32.90281368240261,31.993198642878635,51.62239840819406,56.21475422900103,43.783694686515766,33.793508852236684,36.52149371649972,31.85749235742842,32.01503875039491,52.32163574703738,50.72270128105975
2018-10-04,32.662158560136845,31.703517345367477,51.843027466859624,55.88979219137862,47.272618245463846,33.13025237838687,36.63059884414916,31.523717024749722,31.977366211143497,51.852471262610486,51.36545772369763
2018-10-05,32.77675873154996,31.601011374961548,52.112742276100896,56.10505556530081,46.7352816487788,33.22628503009864,36.32458110675748,31.394363693120898,31.895124161975307,52.30509938484812,50.56120709403986
2018-10-08,32.88056405748978,31.843864615044232,52.51528764087586,56.138504645977385,48.12859653990292,33.4163726090994,36.43427650104127,31.952177955462208,32.1243671287415,51.529537110394216,49.92879658550248
2018-10-09,33.46662432669573,32.17387171793195,52.21036400402994,60.83274723276932,48.27665043917587,33.9435683192505,36.9360123285897,32.680245469590915,34.664427374618576,51.48250109031534,49.99163515488677
2018-10-10,28.628543213435215,26.82809295929291,47.322370115336305,49.619704062039574,39.76011287551569,27.227921968702468,29.313878308421266,27.00424825594596,29.411456054149916,44.91875575900311,53.704332967061106
2018-10-11,27.19198724387592,25.084006294746754,38.32156603202553,41.46808200016767,34.546882987004956,23.916184510568073,25.901810566470374,26.153323681143902,30.050247732056818,36.98630185057323,54.218040328405046
2018-10-12,27.27823825575238,24.548440216133915,38.35473789566249,41.801885497108934,34.614282678799555,23.81254042348741,25.820907130139055,25.4171399157232,30.054381166573368,36.89619453404495,54.55676756991118
2018-10-15,27.411730381208383,24.60747343737412,38.59230199491893,41.95026647830547,35.01822013508779,24.136903615985002,25.924060701859347,25.523502015043224,30.110057147884678,37.29226289100389,54.64028350740438
2018-10-16,26.04696453471171,23.55971357089314,36.729537111628886,41.307814430651256,32.921681822737945,22.800570921880006,24.634902491449235,24.393032402835992,28.478618048836353,35.085265671546914,54.20001397031822
2018-10-17,26.95738639805126,23.640679746333575,36.84309119304915,42.304522500237,32.9605405489705,22.988316514196853,25.33513658053999,24.50646127791107,28.694009344002623,35.24826978111321,54.0624654805972
2018-10-18,26.27326021149453,23.10442100602876,36.63333022226506,42.273336240681154,31.440103210811444,22.477581027481293,24.76178539055733,24.016136933771275,28.243050951104227,34.89201175333366,54.095595462527314
2018-10-19,26.44941446282792,23.567636302941263,39.74601296942323,42.18597916474635,32.41304156013325,23.021521196175932,25.072315293465024,24.15864235282235,28.543887840580467,35.66152344514878,53.45871272109428
2018-10-22,26.7313504832322,24.39608214087929,39.13688367293071,42.20712526654303,34.02770544410843,23.22827209323047,25.3228257317474,24.881938676477105,28.719075465469178,35.53714628115303,53.02314797882444
2018-10-23,26.561916855187512,24.30857133230132,40.14434831180863,41.087562350224985,33.72336833036012,23.234131812778834,25.28748463406081,24.74330094619767,28.684895168269342,37.311283336736615,53.276864339335496
2018-10-24,24.159049236754846,22.340303045806973,41.99745353478463,34.528916867096385,30.33783565600491,21.61625614704327,23.381190736851963,22.80000977507478,26.230275490058215,42.721298920394936,52.60145340190866
2018-10-25,22.6003647429316,21.065032246043163,42.5503199396532,33.62669625821878,29.85730000848549,21.193288331545407,23.120212085036396,21.744421717532067,25.4271464178985,42.80895753276195,54.82142692227654
2018-10-26,22.22719046840522,21.037190880380376,40.17975602872395,33.80161971998354,29.644054195945614,20.868870194666815,23.13299598836069,21.56994659207756,25.793218477940975,39.495961301800975,55.032761639739206
2018-10-29,22.566673492270255,21.252857382769434,40.83326877097477,33.446236911510425,30.918831219903332,21.525174649425093,23.42766656437771,21.95744561986755,26.104552266361292,40.80936272300769,54.20508167712558
2018-10-30,22.04350883967731,20.87377792344636,39.3218242611362,32.26539364032276,30.01379786755726,21.32819870223858,22.78292748961961,21.82270818554681,25.23931754314414,39.576529053565665,55.00398219985257
2018-10-31,22.199405862250668,21.079370172682722,39.95821083716422,32.39229412390626,29.462050718479205,21.83460487032848,22.925506157585392,21.96314745127718,25.447614277034464,40.276391769939686,53.72547168657085
2018-11-01,22.26531694717365,21.071201239635915,39.6632550480252,32.306258874827996,29.47434022746035,21.62701418914244,22.696175061451985,21.907395737406965,25.2483137036241,40.16625083510038,53.89301314535877
2018-11-02,22.204788134079013,21.27975149259641,39.1778096024068,32.288025024453475,29.468744044555084,21.627568123168363,22.647794592084825,21.970827704086105,25.226943148672632,39.61541722213249,53.96129860677487
2018-11-05,22.497013101048037,21.439448026578834,38.51130645477719,32.47090469938893,29.808122200245535,21.630639232244334,22.67311196050566,22.067443293525162,25.29922381374553,38.99284866066301,53.571145919530075
2018-11-06,22.462769280914713,21.40473996411218,38.32964245568713,32.61864372680844,29.699218738024697,21.549762688942256,22.537041985116762,22.040192883284597,25.13411641316628,38.78275914673663,53.536091600424975
2018-11-07,22.314777752999884,21.1116035777701,38.0478892325214,31.972140507355395,29.485184090478505,21.185480162673695,22.27284874872636,21.730423008109064,24.66686935495459,37.806757511778315,53.94193116091542
2018-11-08,22.386250057364943,21.30757784390745,38.001429509534304,33.489040816821465,29.56563773181785,21.28696771140468,22.471382573951903,22.089004980894725,24.769994724245414,38.05777483935634,53.936681043434035
2018-11-09,22.24922216087234,21.211905868072538,38.20197312248226,33.65950096003184,29.152267615239335,21.24827108229471,22.315834650611993,21.969150067496887,24.58444928062709,38.059556465114284,54.14573152395901
2018-11-12,22.10444533805826,20.96379095314252,37.69204877552418,32.811722259194696,28.309537409432338,21.017721164471677,21.90877219128222,21.739106149250258,24.325142055264816,38.201430987499066,54.461096383830565
2018-11-13,22.35278595986758,21.06042273470105,37.78198229362899,33.13723998639729,29.174292240973703,21.149294498692296,22.44868526554167,21.842050911399244,24.591629116609052,38.23470078301614,54.45557273302528
2018-11-14,22.824508970247873,21.053799813309528,37.417489971441576,33.00890503231151,29.043130427296777,21.1194267692904,22.46454878288746,21.846615712585294,24.557178758500772,38.39022534058613,54.54572053826898
2018-11-15,22.96110401642174,21.48683153824338,37.647411437863695,32.783664821072094,28.905835416095098,21.12769598690141,22.484386485519263,21.79475432773917,24.605339821237077,38.91993403693548,54.470646887528694
2018-11-16,23.00577083109446,21.53454725939635,38.051996226223025,32.69461609208568,28.937965315281115,21.1490714186127,22.575609276871624,21.81725282988092,24.59970969776466,39.22535235944642,54.503477521030554
2018-11-19,22.716098151672934,21.32822177535922,38.07382968767335,33.34386543355663,29.189401403737854,21.000658640309663,22.37458732041558,21.63093708389563,24.296583241845727,40.061964829133835,54.42350716100041
2018-11-20,22.569122591855397,20.915215938596784,36.18718893364396,31.25247939096727,27.817821194611575,20.91688799259595,21.732438494369667,21.301264518650324,23.606065774505364,38.805305528280485,54.7758345925237
2018-11-21,22.56095559169254,20.940811919655903,36.72750174921417,32.02634351817018,28.01722935714066,21.27510214707053,21.882575463629962,21.367147759075866,23.75039219532255,38.90483194652196,53.92490573809175
2018-11-23,22.493936087002243,20.966264259870425,37.12275848879648,32.57472842477177,28.00832095731044,21.403112596095685,22.047993780076965,21.363349501432367,23.74786483225498,38.97686913348524,53.81074447554241
2018-11-26,22.228178729995992,20.765844036648748,37.476075421011515,32.16399713366499,27.719995766679123,21.34048642372912,21.990474745692467,21.176969275273546,23.55119297198359,39.76905388860649,53.985391284267735
2018-11-27,22.38998078340325,20.88261298150225,37.523112134461186,32.50771530788598,27.8308412182117,21.46550846758963,22.22860746207404,21.28568771380278,24.20040494107141,39.76621476011077,53.75999687206494
2018-11-28,21.888885434312456,20.257240685163147,36.76482755281166,31.37603672088715,26.61234824400152,20.804872458185834,21.43691973912798,20.63929286131935,23.473307378346874,39.67198944744659,54.17476300109442
2018-11-29,22.209450908886502,20.326940341059654,36.73449939630986,31.281590569797796,27.141240176781107,20.817306444091827,21.479219478398644,20.720521023628844,23.55157825792087,39.79421537657713,54.2527479553984
2018-11-30,22.45517408539392,20.354932704488874,36.379873731257625,31.42100883438231,27.223315367735108,21.069564350511303,21.473856210380653,20.776816224101882,23.578013971164637,39.31293848355378,53.65719555458632
2018-12-03,22.630394448170975,20.478131732725327,36.60003314089283,31.186398425743945,27.526268235168445,21.738267104533985,21.486817591933406,20.997339085114376,23.53783798048883,39.271041414243626,53.80114103930629
2018-12-04,21.779447926614107,19.419485619460623,34.14443943335527,29.455236071805025,25.274485405245926,20.74509740389987,20.269416880548818,20.14015757137792,22.163266649473947,38.70171336692877,54.73692272620513
2018-12-06,21.750832458013686,19.447468146339727,34.60104841461177,29.33839989940705,25.42527363442943,20.893615102471045,20.362015646773653,20.1215590846965,22.277141858003212,39.43243794031021,55.32754648663827
2018-12-07,21.421806707193795,19.06446829930574,33.33500052914539,29.98306292719001,24.839133104797956,20.277801252676213,19.845112487546892,19.7550570195918,21.73601043020637,38.395589404775926,56.79221924029238
2018-12-10,21.427865368321683,19.09181704407746,33.45991119748318,29.987010738124013,24.954084521410298,20.351289738415783,19.912115724315836,19.794591908165582,21.86021231638901,38.998750022445826,57.41673412636147
2018-12-11,21.443376773403607,19.1241996249159,34.006721106863004,29.985856331976322,25.220081196615098,20.417275772534868,19.96476739990171,19.822361875444177,21.884217430199804,39.09765157487055,57.382008939300874
2018-12-12,21.4281275515347,19.144521193021262,34.38955369441653,29.877319822094258,25.145576134141713,20.48866563314472,19.98995918024336,19.845024794318864,21.94885479497245,41.01574178898931,57.10941735660177
2018-12-13,21.42706913899358,19.159919881755265,34.561713928547945,30.06986928637553,25.20799307793416,20.521013942128,20.019243681254114,19.93001724918253,22.052297383897525,41.29594134826311,56.82212450826722
2018-12-14,21.50902721406212,19.134344848746426,33.84591640233603,29.718007166909246,25.308412512667054,20.84848270205229,20.023891221068883,19.861023326989216,22.235085650070584,41.776232659100735,56.890584593654644
2018-12-17,21.227335529259868,18.768871636190838,31.245100951869663,28.65790313622696,25.51040957616101,20.142173080028872,19.706682177861563,19.491208068512993,21.713793265704126,38.06781129299583,53.04905000629911
2018-12-18,21.337856544811093,18.94690803277995,31.929394307634762,28.74642394050277,25.73235400039533,20.386348278576413,19.949515313644042,19.601745870337766,21.87259618254522,38.65466924018609,52.270627978710074
2018-12-19,21.046901600685164,18.751908691041923,31.55866228530273,28.20790091660087,25.313715063303054,20.151950821347768,19.67598393005041,19.407916905070337,21.57612812973621,38.764756418872956,52.777351497217595
2018-12-20,20.82937277108693,18.544899617519697,30.541017431453295,27.270116747627625,25.366256351569678,19.902180202570438,19.413416730150082,19.243642653307322,21.346925514664626,37.959765604767945,53.29539617308501
2018-12-21,20.609484125224668,18.30988549974233,29.870889911747728,26.86939770637401,24.58036870631472,19.664877208420858,19.086625826934604,19.00244922100955,21.19809945533445,36.78468539929809,53.635219140386305
2018-12-24,20.178415557729796,17.936291590279854,26.925294489254426,24.7060992131145,23.63888382995035,18.84394989725825,18.326668988041494,18.552021790426014,20.344951471078794,32.66825255174868,47.17589232728762
2018-12-26,18.16307610640833,16.381780375227486,23.82110553154914,22.141131983072835,20.896836689895935,17.1421007351847,16.834849683411534,17.159916854138228,18.357488870439163,28.884115673891387,44.57010268333252
2018-12-27,18.21284621480902,16.402491509314785,23.617194133331378,22.30254673066665,20.73926268770973,17.104581343130132,16.784085067542627,17.159474996104223,18.31547764881295,28.825481593594482,44.24992717555324
2018-12-28,18.21590259585585,16.416402971331983,23.619451939335494,22.367991708003807,20.733917555873063,17.106264300432372,16.785674954160935,17.165449999697042,18.315108789300947,28.88960833566282,44.26278230972016
2018-12-31,18.2583331419803,16.40113723744745,23.589806135518344,22.35431205034502,20.6840031840009,17.129016256828347,16.76691366481672,17.149487601819374,18.28255439888861,28.949498139020065,44.22804201274683
2019-01-02,18.62457002867765,16.57055412188302,23.915210689803146,22.702521023649442,20.845336927129658,17.602372520959957,16.919526189671295,17.293838101851815,18.431974999800946,29.800065604615067,44.62703032234848
2019-01-03,18.64214756083192,16.60349275384283,23.982302624055514,23.162930017807195,20.63147377320266,17.599672734306253,16.889154699172202,17.496458114572068,18.299729205402084,31.193577099906705,44.61807158870164
2019-01-04,17.86053639013556,16.1024148636651,22.624084118559388,21.940155823423797,19.624425568302968,16.92419619251415,16.298478406129643,16.989535350744895,17.531399404015552,30.456574741186998,43.243802381850145
2019-01-07,17.997052140437276,16.436585026419433,22.94902134920735,21.8507452299259,19.799525494703794,17.056124300547328,16.35085089638471,17.064691464473025,17.598632559310296,30.715658203479972,44.96011091278697
2019-01-08,17.934019201754715,16.381692149657663,22.767772536278173,21.718247164868057,19.870764209612947,17.02069507605031,16.279553836408375,17.035177040675027,17.513427556325396,30.266751711754146,44.26287577249834
2019-01-09,17.954276185952935,16.399840632659338,23.064149351873645,21.74303423322654,19.88852425540344,17.050066575433295,16.303140840176713,17.06801315660295,17.539858413309243,30.347211457106997,44.59329208154963
2019-01-10,17.91546620723914,16.423302332322123,22.941253096596288,21.68131641026326,19.85836142104227,17.06123295467994,16.30162471983855,17.033997494833816,17.49802273932557,30.087068988773662,44.09793448396471
2019-01-11,17.929185746279042,16.44431710304301,23.039220154768863,21.772156770384164,19.86201718675307,17.079714556848373,16.314660292850462,17.05288286540028,17.52501511779653,30.130321640871294,44.38342932105934
2019-01-14,17.943802438877075,16.4474510029484,23.042754159269485,21.786105719254824,20.079797699274657,17.09756032258096,16.357606298920867,17.055119864952488,17.521841101511775,30.211345858266164,44.6642351335944
2019-01-15,17.988637902383044,16.481811178818514,23.00180341642215,21.82551867608207,20.108179744652183,17.16403825189451,16.559034505990724,17.095774646218644,17.962420122120708,30.053748497186046,44.40311107493782
2019-01-16,18.060323436751936,16.539234356254948,23.273350932357975,21.967420619282148,20.756846875364225,17.230971565158413,16.647302792434132,17.155615700293957,18.033694064890618,30.136592208814434,44.541033427580665
2019-01-17,18.01785377433449,16.5033555314121,23.23128229267433,21.914427569460788,20.733039892931455,17.187275384822996,16.62637716112236,17.122088915548883,17.973683833970053,29.99841788712523,44.39423413336999
2019-01-18,17.961222530953176,16.435376647505947,22.96240012609767,21.647310135795255,20.539463293016762,17.113626378434294,16.535166826500596,17.050730245518256,17.857024839991887,29.903910721264943,44.441484176252274
2019-01-22,17.807903621986746,16.35168921998294,22.7684096607979,21.52435808456317,20.391005675497023,17.06785222683006,16.4597767862287,16.99198877686277,17.757508364377088,29.921491944815692,44.46031160324269
2019-01-23,17.86752372373603,16.377769448762944,23.049781252273625,21.54710007464953,20.42326322797746,17.09412558511059,16.488897539623597,17.0231575790467,17.849621121806404,30.06761878827397,44.90033557893108
2019-01-24,17.905297547109214,16.411373791545017,23.481826916003218,21.608538013735586,20.46853600533226,17.220719036722087,16.585220036084475,17.09473868694183,17.91013466751478,30.189331821977895,45.19375003977745
2019-01-25,17.810879627235522,16.355569753405934,23.781280928564392,21.47292226546131,20.333669599407713,17.329061472204067,16.537003842161294,17.03084036357447,17.8231490643963,30.085957134352675,46.676686729647436
2019-01-28,17.832981718145213,16.40869138772522,23.94444589236136,21.51911662548026,20.371879067552847,17.51582469191448,16.586073476045414,17.071741449817036,17.864016909061544,30.94868002152984,46.98548386999705
2019-01-29,18.141397272093876,16.551967126274448,24.04229159277537,21.65694742780459,20.499731650050297,17.605605106031454,16.845129335470332,17.2747523488023,18.093021263260614,31.09890085065225,47.04316037655088
2019-01-30,18.06162263201782,16.493496641762707,23.873682417325988,21.527926656398453,20.733333258559686,17.51843376380072,16.777388073914306,17.24767925720925,18.054986051398302,30.764119576946257,46.564643168496346
2019-01-31,18.896589456730993,16.617390032377305,23.795269437416597,21.61204222826818,20.913747681825214,17.570739289565783,16.880630693889454,17.50814191611184,18.878891332398837,30.682376153828866,45.469447392951366
2019-02-01,18.975128187147977,16.803459750147102,23.910418142981882,21.782165459369995,20.974094306010077,17.611227594595267,16.928872937092482,17.555028400003934,19.037224710085233,30.6686256862913,45.48353520124914
2019-02-04,18.954822779885486,16.798111176159356,23.86036905674577,21.747981854251687,20.946722219441,17.75749745164227,16.94460707312481,17.56333383641494,19.17190913995463,30.67495850583388,45.64963493337835
2019-02-05,18.951467441272364,16.807157428707633,23.85962109707088,21.774492397390016,20.992608638183455,17.827940836829054,16.956509277316233,17.56160969470328,19.155822459167997,30.607236806873715,45.7063416758291
2019-02-06,19.225640408572772,16.84399225502431,23.924301296118752,21.836545315629056,21.05248522753021,17.914005366411644,17.01018186307913,17.637448478198888,19.184149859023364,30.634876312476685,45.78150972432529
2019-02-07,19.21176624536225,16.841604499390655,23.975439112511808,21.780653353814625,21.012424160157487,17.903834950835478,17.032633622502086,17.62940889364086,19.16407829528723,30.877596924151586,46.30714921394613
2019-02-08,19.243446775614874,16.88710217955006,24.107896237043345,21.81927370987902,21.068511336927546,17.9272222297951,17.052002085998648,17.644923254965843,19.18427837041508,30.90709404476688,46.442298480958904
2019-02-11,19.394041540468624,16.90944305513174,24.14887059421162,21.841448984252228,21.092903018080943,17.954673168432848,17.085229460378358,17.686504952034596,19.215095476252237,30.931263961731077,46.483769684697045
2019-02-12,19.33400516272904,16.849619255264344,24.050254476093926,21.643540020832088,20.911524154597068,17.86141072618271,17.019606166744126,17.630428373427193,19.118892862993427,32.03176099207102,46.75260510304998
2019-02-13,19.3393439011181,16.853988481181386,24.0692550498433,21.61430151365524,20.92758054793304,17.890763508339745,17.02516211220768,17.635743113780194,19.127051855850308,32.107029530671866,46.965614696679474
2019-02-14,19.43291393261545,16.889994477564272,24.37496871883621,21.74667426086819,21.091664668537412,17.956352602227458,17.06596429924366,17.70391544801373,19.175555915743477,32.32076089149112,47.10110542913739
2019-02-15,19.426188781465463,16.850087582958448,24.119145289375965,21.56442320594613,20.934439244876394,17.846687816209965,16.989232898784447,17.730952998635768,19.04895913872358,32.0792107890599,46.832734224707146
2019-02-19,19.451441679497062,16.880721860518435,24.13778289884295,21.58347651936135,20.9575322764441,17.903592397294734,17.026418398138038,17.747756193861843,19.06403322761353,32.1184671059742,46.77501072376653
2019-02-20,19.550342122078995,16.930649611891006,24.251744109685593,21.624856002226423,21.028018510161562,17.99369672701375,17.07587496333934,17.79663750560839,19.37805669144302,32.34499088716867,46.89941836727446
2019-02-21,19.55706589176728,16.948024675053638,24.357969564787098,21.717853867276784,21.033014053093613,18.08846013718646,17.094201962917865,17.864835777336978,19.387738296907305,32.49954028212897,47.2900233500891
2019-02-22,19.527434478232813,16.961898043784323,24.634910668557083,21.70588199466653,21.051151477323728,18.098913153866874,17.091720042919185,17.85034478262662,19.376462973404664,32.440690222966154,47.299061028397865
2019-02-25,19.56299548930078,16.988069924803927,24.755115397847305,21.72356627887904,21.063880310255755,18.121184362740465,17.111862894752445,17.870285357787722,19.42126384993935,32.5794501993271,47.33258815537976
2019-02-26,19.59433423137816,17.006361966731053,24.768993815225432,21.729060937775813,21.065469171218542,18.134186841899734,17.117224365115362,17.894310751449087,19.440515044763025,32.561969294039145,47.32546027319761
2019-02-27,19.652602178253556,17.026154113644935,24.789593565143438,21.790241927644395,21.143657586725052,18.185986783055146,17.15839518331164,17.916802131120992,19.461740811994936,32.60706699968454,47.34839990293207
2019-02-28,19.691434338910263,17.048402957351144,24.947943139376576,21.80862785392274,21.186783865695034,18.213235386142003,17.182355264526446,17.937525497278717,19.584862188360592,32.6618911592304,47.42567148706878
2019-03-01,19.704361018554124,17.066880316283047,25.024620698388865,21.906327302143637,21.194744505404163,18.32934394152013,17.24909814985249,17.967535729992278,19.670491559843732,32.86696833637693,47.440372506848455
2019-03-04,19.791360091232953,17.11005101071604,25.070566668337975,21.98116698411784,21.260908557612304,18.5473029778797,17.295496576095502,18.015097493738736,19.750367512659032,32.98140368733632,47.468120657218435
2019-03-05,19.841686118921732,17.140991014324687,25.086827504128532,21.996633771460996,21.275845360146185,18.56939911970665,17.345585312626604,18.04605990479607,19.770114955317702,33.07166340449888,47.4902577717992
2019-03-06,19.893247560357587,17.159367634898942,25.106474952955267,21.979071612770493,21.25598449745153,18.67986875469333,17.35876845538618,18.05829747882376,19.90870986999751,33.06449528227616,47.5411316608441
2019-03-07,19.863273695230177,17.1573695330471,25.03265619911416,21.9662868214871,21.184997323921866,18.650189996643846,17.349885299385388,18.0331770055412,19.87615184133683,33.213023625704295,48.098306680080675
2019-03-08,19.886970550051398,17.1908076820212,25.104616283499283,22.07986662538834,21.22848008928945,18.675011163779885,17.373103019975794,18.051797455125833,19.948133233853984,33.247645862531215,48.279729853386954
2019-03-11,19.708226541115373,17.10452512951217,24.769136809694224,21.91788336557347,21.119820324317423,18.561404049517986,17.358300062463382,17.921275334550653,19.791939634654053,32.61546533828712,47.87377511171972
2019-03-12,19.740310662620175,17.124816418102228,24.855192768258174,21.889120292976127,21.14138052986852,18.580827643969254,17.606161332591036,17.945218034319787,19.811997258734557,32.604073070435085,47.7606032904984
2019-03-13,19.734786932018164,17.114203457462853,24.807433685727833,21.809630563260406,21.081397849703716,18.561143442250508,17.56730888486245,17.919610178959548,19.80065955708934,32.52514267244129,47.838626464314125
2019-03-14,19.738186700485123,17.120119870628734,24.81577132649498,21.823477057690933,21.113671079434692,18.56703300495206,17.580854052873516,17.953507804939775,19.86133597494273,32.55549403740044,47.90388265558684
2019-03-15,19.800200788408404,17.15361606387508,24.840499180288354,21.846214568462155,21.15127409579732,18.581463349243073,17.677315021863677,18.0100716052815,19.90252112360387,32.94154672534534,47.92434720714883
2019-03-18,20.078452142870294,17.21365011197259,24.953798643405847,21.936822861099582,21.26136052263693,18.683443559603766,17.75512584737693,18.05994132349792,19.95894984198297,33.33797033189831,48.218821500133316
2019-03-19,20.11444071340309,17.243240934980797,25.049202396924645,21.97186992168142,21.33016277596341,18.804887453029757,17.790013812935584,18.09883557519576,19.982837278766777,33.50157483107532,49.20123691173445
2019-03-20,20.37231919004112,17.33414634986705,25.125109655335997,22.2923639834543,22.002178490695165,18.895475318579063,17.882037301194927,18.180026521723914,20.103494775120033,33.707709342195145,49.22365110142602
2019-03-21,20.27212765622348,17.241624527384218,24.758062340821287,22.20003474455582,22.247328947964665,18.96943222735265,17.793341478068434,18.066181773371177,19.95571322107561,32.87748619777396,48.27365563088823
2019-03-22,20.02501902324985,17.060140004058173,25.06907090691452,21.963723439835846,21.905067018876466,18.763881333930176,17.614937477157792,17.881619457504446,19.642587511087335,32.812392155972624,48.89447839147014
2019-03-25,20.17457506094639,17.096317463832055,25.194684540677613,22.035343123095565,21.943480258507655,18.783641899881875,17.652751980749333,18.00309691216413,19.682060085591598,32.8479850196145,48.96546184923224
2019-03-26,20.176880120037797,17.118392571212233,25.064157512761504,21.979696179889967,21.893593947961048,18.75217923039308,17.62842750797151,18.004492628912534,19.64645064465344,32.69157669248662,48.668190058055934
2019-03-27,20.159184711480393,17.146530479075903,25.040888939735357,21.98780546927515,21.88011139226011,18.766344446146263,17.6730492666237,18.00293742944873,19.659196550957386,32.63661396079032,48.68023331438241
2019-03-28,20.270970685753593,17.15103124340506,25.10627780592825,22.004744829661295,21.889357633021017,18.802226132415527,17.684588893011227,18.025516072705884,19.676328950389628,32.770122554034984,49.88258375049258
2019-03-29,20.29741959719579,17.158925365199778,25.05953456274493,22.078993141307606,21.910079035237324,18.79837809829737,17.697786653874388,18.02211209158396,19.661431115488533,32.921514177601246,49.76346060988107
2019-04-01,20.31682166072837,17.21224846001478,25.556400624926916,22.0324103210662,21.976875687504172,18.977711189017253,17.790270105547037,18.04798444154016,19.67249654313637,33.4037085709277,50.48808759970066
2019-04-02,20.479586819945776,17.259150944208404,25.900044631099377,22.191505430816925,22.013912039851434,19.06208330031978,17.823772913783063,18.10580107207392,19.708071490311756,33.821051292029566,50.702462728098666
2019-04-03,20.54028660192159,17.365144054163192,26.082636338513872,22.39182467277622,22.06992679704732,19.13627288108104,17.910923551986876,18.160029493457003,19.881676174062385,33.88355782160674,50.73956022674205
2019-04-04,20.56938670131366,17.385028673732965,26.102637860175538,22.39694856117631,22.098288596007485,19.238299267730806,17.92990840412986,18.264026110202362,19.931348224245664,33.98876338788902,50.786300116343355
2019-04-05,20.58555515294319,17.387844734182,26.102926423964256,22.495579494306075,22.118755197198883,19.239256327367453,17.94872342183443,18.267181472039514,19.996036048504813,33.92687408930016,50.5680002274287
2019-04-08,20.61347142951115,17.425796331699743,26.190854989884514,22.507272577604404,22.117181270460566,19.2592284375251,18.004640434811876,18.287580790758362,20.010910034460913,34.12284264093917,51.04117941261242
2019-04-09,20.736097759372942,17.442057509639167,26.160290537645963,22.492190306462724,22.10997069966224,19.276587674480663,18.042597586163478,18.314592620959672,20.014634803631633,34.03979073741276,51.057026500754255
2019-04-10,20.730892718807056,17.44404471426754,26.181107923290913,22.50312391544004,22.109133872198694,19.288381846729628,18.064526627078656,18.315297121167173,20.027315620279897,34.13022122204733,51.24603540281911
2019-04-11,20.786408868521256,17.498225289734748,26.25287864166486,22.57067585116094,22.247448363153183,19.716889812035042,18.2105020973269,18.378046985518075,20.091741052663426,34.235206813074434,51.30847639162577
2019-04-12,20.801941126050018,17.54413006388934,26.21977688464948,22.642350487897144,22.476643001029284,20.437424543730224,18.268981994738365,18.44548528685846,20.127033766060517,34.14032399303718,51.210224297553744
2019-04-15,20.834254271071874,17.60260150366932,26.532043687511813,22.70607846498112,22.52173353724278,20.51256643356968,18.314544016046447,18.47367389528483,20.18028615201581,34.25726779156993,51.339893419134896
2019-04-16,21.003072015938834,17.759319198220844,26.91281984808355,22.885965416719007,22.987062242417068,21.310525425977442,18.524585359766142,18.6611938549833,20.41744884868069,35.33718447527248,51.03203406844046
2019-04-17,21.179578044810658,17.909425414769643,27.41234296823179,23.07247052047915,23.24022281421001,22.919159716286973,18.695640697988015,18.902818937969027,20.54553281305735,35.66689465940884,51.21339885435587
2019-04-18,21.283153107815814,17.984516235018237,27.508169578280008,23.124596556277087,23.26066032233395,22.85529193236779,18.835458799721298,18.941573677638164,20.567059374080753,35.60790544060129,51.452871045686145
2019-04-22,21.40778889896506,18.06197223727747,27.6356265507047,23.860995826784155,23.385266249814833,22.930899794580995,18.916912675481118,19.00538704345114,20.707585886906795,35.96273316232541,51.5906514134963
2019-04-23,21.28808526205188,18.016447750696464,28.12822686175334,23.846711595260977,23.25511066638854,22.85865026338661,18.85355710706392,18.967039055660543,20.6238585268487,35.66223175594974,51.65794630259188
2019-04-24,21.324582543416152,18.11314195236829,28.283137240595995,24.447773833429483,23.293326235110193,22.907231532564783,18.90553036245625,19.0405001610721,20.732101568544632,36.03699416212459,51.71425888951744
2019-04-25,21.771883830964427,18.239990078160215,28.4498277915263,24.58688724974204,23.509013240704,23.456751407976384,19.379772230073307,19.185252350562703,20.948361774024857,36.19507825685072,51.97803857284223
2019-04-26,21.79690905784158,18.28955462014179,28.49461386556732,25.12755716671016,23.54105199912796,23.531359187279318,19.41024554654229,19.355187182568837,20.97688264276511,36.15918612269893,52.02659882786771
2019-04-29,22.00349919867547,18.308048196690983,28.537841402533893,25.230600310464705,23.637765270812395,23.499477733892213,19.435515732432947,19.366209573023156,20.973753473965733,36.00674692279174,51.94866738941322
2019-04-30,22.990163632824217,18.449336339569175,28.92511977292731,25.37694703282029,23.745855490555442,23.662453469207342,19.544876225889613,19.502730057169458,21.151715587991525,36.24662113643416,51.902945067870554
2019-05-01,23.031979765322923,18.46567031585602,28.797879705946595,25.368955379411357,23.72643701134439,23.869548575197168,19.593907205665086,19.653262590810353,21.12487809023588,36.71145697709488,51.92080838089807
2019-05-02,23.057473735028523,18.515794695710603,28.83470221857002,25.416730980474984,23.769858432545902,23.980928205287597,19.63522725575382,19.686168191943374,21.16435374232269,36.748457469706594,51.767825318797556
2019-05-03,22.9791038810227,18.457325387554327,28.660185582749342,25.34312464013303,23.74292493792925,23.91770921776183,19.573507645989874,19.6445495125397,21.0926634942313,36.476598474673935,51.56925419215946
2019-05-06,23.01972396407173,18.452909681305584,28.657340171367323,25.412424495473356,23.71848159995623,24.174357081054083,19.57771506188537,19.638537300231864,21.145765192957956,36.35533440574619,51.66580219686436
2019-05-07,22.591909992109688,18.204438637977486,27.823375596805572,25.26635500964478,23.17265810893314,23.410522017228683,19.201267163244115,19.283014816996292,20.746044873663323,34.84786238213063,51.14364301458464
2019-05-08,22.622056293247933,18.215370302663974,27.90223993061937,25.433327666917556,23.190429189501472,23.491156190025738,19.212506884182208,19.299017648879364,20.76007491166832,34.94376445358759,50.855438213233725
2019-05-09,22.61736811128115,18.21731082599393,27.885641609897448,25.472877361500434,23.194883300753233,23.48083842301158,19.22493382803561,19.29810740040697,20.769224997166678,35.09867810762321,50.84417347416106
2019-05-10,22.62148629732914,18.240131175543837,27.756671445936142,25.42753652042682,23.149084353701788,23.608092218810857,19.229858356233994,19.318555624473007,20.746023760923826,34.76136607609617,50.39218969994924
2019-05-13,21.785382430541382,17.793430042183214,27.264716710284198,24.959650901418627,22.215752224351142,23.002976167462123,18.73775592885355,18.802657259651728,20.26197302253409,35.74724926139908,52.37633630202853
2019-05-14,21.749093258633547,17.70098329166846,27.166482254386192,25.097012810614117,22.047353119839954,22.92762020779376,18.645159602243893,18.71043794170852,20.1692038247972,35.6600769904181,52.234440713123995
2019-05-15,22.009055195629895,17.72285035180558,27.084055221689013,25.00340860351484,22.20034981831595,22.95211124103663,18.693406029958147,18.72167000752877,20.268339050996914,35.60493606110213,52.90265871421917
2019-05-16,21.95817178734503,17.684720476182292,26.89914309139521,25.027575860630492,22.092650151762108,22.85411050446643,18.65011513471249,18.705299248319584,20.22383742171573,35.4531126268954,52.704949717082904
2019-05-17,21.896849093683514,17.64017115007813,26.83834302900251,24.989022933184245,22.01484085557233,22.84650796067193,18.609755630760162,18.66836785994568,20.189252919640264,35.45859772762447,52.770696933816694
2019-05-20,21.929535041805586,17.65900331613743,26.836626059462176,25.22918778853549,22.164307524954243,22.99083490439543,18.68365236590303,18.709259537585726,20.202948439749306,35.46871019963363,53.36028886736985
2019-05-21,21.80312051147784,17.649018282697604,27.04673881598595,25.14891089351859,22.09177576974492,22.868026623066743,18.61238131413395,18.65238223713379,20.132295536061438,35.1909424511312,53.386823498357025
2019-05-22,21.92067089054561,17.69076024047215,27.210741652561193,25.29762533192994,22.104414140113036,23.04053348479375,18.653967210600616,18.686845320466514,20.190058629005062,35.364787711887345,53.09231319598064
2019-05-23,21.77492278010822,17.628506153490918,27.424728693615,25.096688279463216,21.88204060723244,23.122442076612703,18.558664533490695,18.582025780648408,20.057719415329238,36.04358463159436,53.6304502858313
2019-05-24,21.801801526501947,17.6477182173235,27.46930937645546,25.12880420554746,21.901073967021336,23.135737682777993,18.576000126556327,18.600318693710218,20.131167108588507,36.08992979710526,53.46015619617223
2019-05-28,22.24300299965895,17.669311779433762,27.268712763209376,25.08182647884126,21.82765124418382,23.00151022198566,18.552385320206586,18.72189988364675,20.068538900518938,35.60246320878757,52.144712879589974
2019-05-29,22.19767231372866,17.664652735583118,27.034424074616048,25.052826956110856,21.90295632040019,22.890669817874755,18.54299840035277,18.70292985109358,20.126233535355077,35.121587333016336,50.53143347366418
2019-05-30,22.20609564843022,17.67049020661239,27.046831251079606,25.25411462832861,21.9650289360332,22.90522550666841,18.553819871963412,18.710776995239485,20.137314092490627,35.10350754274586,50.5793129764931
2019-05-31,21.965634607319227,17.567344086821336,26.833753035793933,24.859830118385688,21.69839291982539,22.80205996682278,18.430471103079295,18.57848939217839,20.053391024249002,36.70495589974377,50.965862460255465
2019-06-03,23.923917187062678,18.082618663591006,27.334262932947194,25.521714474783618,22.069151443394794,23.181200380446455,18.778043143546775,19.385221904710548,21.259330062698254,36.98611860090621,51.48653311837399
2019-06-04,23.3195865137691,17.761831889362895,26.900951972750818,24.81353136061985,21.366831808520466,22.667896567339405,18.408806832755758,18.96349250646391,20.643779474404383,38.80668477791673,51.712465378968055
2019-06-05,23.439027886157483,17.82856613520889,26.62176275840093,25.655750985383996,21.40025096009198,22.64235786851864,18.426049714041724,18.95235903500353,20.658788267619663,38.17099067932184,47.945086197141336
2019-06-06,23.37742106256767,17.803916166114035,26.431209420822498,25.456142101523056,21.44234765024537,22.588892990430086,18.4612409896468,18.88621150802495,20.595263282159408,38.19072743452573,47.74487527598566
2019-06-07,23.186952507753674,17.745804280337445,26.29506569717892,25.319141513221265,21.559231855359673,22.45175633509601,18.41599735714593,18.787025712077885,20.513083049627323,38.2606182698277,49.424787101009464
2019-06-10,23.31060855000413,17.77313457006565,26.400714875195852,25.341832455029266,21.619688481524253,22.48289074540611,18.443086605837163,18.80937409802462,20.53971821529342,38.474163019987664,50.51174050457774
2019-06-11,23.33604694809392,17.79529669821949,26.450184457123164,25.39364499645995,21.647329103840505,22.50835687484118,18.573427769776682,18.82759909711549,20.562826710244014,38.52932103285292,50.83838372631047
2019-06-12,23.387527674824405,17.830462850673857,26.540162856910104,25.53645461969325,21.735235415103862,22.632784910351358,18.645966365189544,18.867958269974665,20.659489641313982,38.63481071134808,51.04877304129484
2019-06-13,23.44404383015096,17.850288875359936,26.537844831903374,25.513326173975763,21.796109991418277,22.742511917143883,18.654023039678393,18.90862788819035,20.663615848162316,38.63534007228938,51.09632555004313
2019-06-14,23.49408768136832,17.90502988536994,26.598917228846492,25.56305844838553,21.88384457321161,22.788443156827814,18.681587870722403,18.97413864320232,20.69204393545912,38.744157670500634,51.194221491263534
2019-06-17,23.761206700901873,17.979349011102606,26.728836291310365,25.729278707170938,22.145982215196693,22.913072226293323,18.76983120973497,19.057493147713192,20.9361982784754,39.373727286163394,51.446289745434946
2019-06-18,23.763284334125338,17.987890095292038,27.5647828208523,25.563184151946004,22.04948507503474,22.909110813923913,18.853543509643586,19.053275363629123,20.967078139503236,39.84243243453894,51.70494561626901
2019-06-19,23.774364418860436,18.005681095910337,27.51266392946056,25.571415309831153,22.106884492913874,22.960054596826847,18.88772541247061,19.064882120003375,21.11006655817388,39.74778731315373,51.19167762279091
2019-06-20,23.72985229860231,17.984549795619795,27.242250467902885,25.335110678474766,22.171122491489076,22.962430704532423,18.817867523734318,18.979986331908716,20.981810730418253,39.48375672144744,50.90782977819385
2019-06-21,23.8266548948526,18.026198706244546,27.337814561215097,25.471007987901483,22.210790557555775,23.09669869985161,18.86453204246605,19.056648778846647,21.02347055218003,40.01242642215624,51.2089504509112
2019-06-24,23.910445426877775,18.05246349991888,27.463063816237483,25.475752585950005,22.227131831587528,23.09455837817389,18.877571215113953,19.102950567913904,21.108782018374317,40.00739302125832,51.325791963773156
2019-06-25,23.868468816706482,18.039855448062266,27.49482052670316,25.45876097152295,22.278541286387537,23.120645130735067,18.863272805762055,19.14196441198359,21.33695139103037,39.45531871645575,50.87727047795057
2019-06-26,23.937925904652133,18.144439755022958,27.43320149337819,26.27227769687755,22.33077790076317,23.21272420819545,19.00526944727885,19.422667000376002,21.440917857985536,38.72095379027631,48.39648318810125
2019-06-27,23.883299280415436,18.12169403004117,27.381950741051998,26.35775433837924,22.436583504098927,23.10131751130869,19.024634545041458,19.453233843892757,21.408170856176458,38.44599414965179,48.137796130255595
2019-06-28,23.867718839457627,18.149159535731503,27.614672672448048,26.294015969564853,22.47740830995075,23.129310309336173,19.037353235719355,19.521075625479337,21.406954736226194,38.4258263891119,48.09434135164183
2019-07-01,23.852167735058504,18.19077977996337,27.60829474904709,26.407053709363893,22.487433523288992,23.163436628691294,19.147753892414446,19.563428459100894,21.42900079785824,38.72153834810405,48.55807457941567
2019-07-02,23.919796242730808,18.235864653663853,27.577673798386282,26.800430169490603,22.555571816403365,23.19182870602947,19.21044278046495,19.59408535084897,21.488349699675556,38.549992786340916,47.66621501271436
2019-07-03,23.86564365937852,18.20164787280352,27.3841433788722,26.86072869950814,22.478300344096137,23.093600057101277,19.183931347515216,19.55366293649948,21.465276621682115,38.10277985324939,47.49583955819915
2019-07-05,23.89917298693775,18.24207961434439,27.405456204562405,26.898296486219536,22.54643518205964,23.138054140565934,19.19057050096738,19.565810429576263,21.463388087802297,38.04879194149288,47.64445913770134
2019-07-08,23.896990970636693,18.33958017203046,27.478268720376892,27.09969313233389,22.547309119230334,23.15786794231319,19.213720510873912,19.570187947774144,21.546477127646547,38.20003184685382,47.7292446990647
2019-07-09,23.935898046172017,18.362665333937123,27.601600506361496,27.12927111218015,22.614517121459116,23.191484857530234,19.24667970684344,19.61162893560062,21.70698878666363,38.329509075564495,47.84224425288361
2019-07-10,23.996034812848684,18.39071471437145,27.57768771041024,27.22984624594548,22.805462492627164,23.211312823748017,19.350429962312777,19.646860229083842,21.850382412567846,38.29535212122225,47.870447509812685
2019-07-11,24.045200400260814,18.41550327726249,27.660650723879176,27.228612663557904,22.82865503676847,23.26978603973847,19.393725306823985,19.66577846413895,21.88237195358975,39.20085622055076,48.114802474758164
2019-07-12,24.097946368767136,18.488993333939906,27.798969675220008,27.297371608655197,22.888650236503715,23.984895094191977,19.629616484803098,19.73832544218602,21.97257613609821,39.58062602814954,48.46542892904325
2019-07-15,24.11772486918411,18.51849235906265,27.850889585678836,27.42635738619309,22.933659942167402,24.010453082727157,19.659976035206213,19.75991806159508,22.02968905552313,39.60095235952322,48.341661867748996
2019-07-16,24.139413184111273,18.540496696674886,27.874687250989,27.544271669248616,22.96341232485892,24.015674332793804,19.83718352012645,19.815188533737803,22.13240459135746,39.588611445397085,48.33509219192728
2019-07-17,23.997052077244593,18.497047639515895,28.048277057712184,27.254644258851553,22.841787258974,24.13075607205945,19.91537808108925,19.843582644682,22.061078291722342,39.45579979164091,48.6002279418369
2019-07-18,24.272099138591955,18.609206291107963,28.080935427718046,27.282362568105828,22.905332198476174,24.211618462390106,19.967797284832344,19.92288572803249,22.080934489826927,39.69126844385939,49.33336274636917
2019-07-19,24.325812340101965,18.646249420352408,28.01607547313501,27.587887911856317,22.93532496310643,24.185306374174896,20.205864936915603,19.973707101432534,22.27139448635737,39.244425883051385,48.80458927368722
2019-07-22,24.345786563710778,18.695430431552374,28.116678688206964,27.741807961455976,22.969727824428965,24.235356736056715,20.225559972291236,20.026208659300863,22.30981507146788,39.27427440084643,48.96639476896587
2019-07-23,24.283283926983835,18.63169397572327,27.961170671747414,27.67144051606204,22.820815921081124,24.11566869446509,20.129106055121024,20.005483461185676,22.237113089260397,39.061862557354424,49.87478005816799
2019-07-24,24.325606120941963,18.664899117337512,28.47004262474976,27.695627471425382,22.903138883416922,24.227643995133224,20.169498106365182,20.03168323436428,22.314722489242904,39.12257953694971,50.03565053656249
2019-07-25,24.350020529713717,18.648016022506184,28.482156787923408,27.62877750368936,22.851390590570993,24.172022047185667,20.19042251853012,20.040060673807023,22.290070522670163,39.02158472236984,49.99881021765367
2019-07-26,24.979434629282977,18.75250431908971,28.616103549720627,27.989512624369837,22.915973867438453,24.237338938981885,20.396753568000673,20.22883332717863,22.36960678429088,39.05886813536009,49.78738383809914
2019-07-29,24.961128711865854,18.75073393161874,28.607673697464538,27.98387731309259,22.965710390176326,24.37619874679178,20.404333296619303,20.25645042836168,22.361721316953407,39.126423875910376,49.80796757805789
2019-07-30,25.05240699014677,18.889569293023563,28.765233674779484,28.25298384858506,23.065941948305372,24.489587219680438,20.49367866387729,20.367395689504587,22.505495377303305,39.89108676687066,50.385538962933
2019-07-31,24.89777008361366,18.796511882075986,28.328685244979894,28.478185184949705,23.03060341571368,24.236945653446178,20.37604419591773,20.210893455976837,22.278092164367823,40.116065243226615,50.10506374289561
2019-08-01,25.05357269574197,18.801391066797198,28.382692683739286,28.081783102196106,23.03140618579559,24.522101833312526,20.36450818216372,20.35886276436399,22.30794204246894,40.371457100887625,51.92449349240085
2019-08-02,24.986133590354203,18.79116535212959,28.384654085636324,27.92433921554562,23.145852521574454,24.553401220094507,20.340677493531935,20.305301156315778,22.293672362490007,41.26690257845912,52.19136485612979
2019-08-05,23.136448317663884,17.97406153178036,25.25141234552474,25.88877566881944,21.45482554287483,22.616487179617152,19.325147238093486,19.067560652557404,21.528302306731263,37.25003692540339,47.63520997765857
2019-08-06,22.900589420537543,17.80256166582734,25.040267372532586,26.026467346800647,21.321597802870553,22.33437355894711,19.225524980340005,18.954103780843607,21.82292625221934,36.373790855844724,49.27565049946844
2019-08-07,22.9855807528038,17.916962997325868,25.19265883842544,26.542971335038207,21.876420929007693,22.444468567561064,19.333361438546426,19.051722472947695,22.05607387532332,36.33367089514122,49.50347971726096
2019-08-08,22.43064427357097,17.628870675551543,24.45640710567909,25.559615981594803,21.45310720086539,21.924689437767398,19.018210714071436,18.679601480382292,21.49413799597325,34.753543917072165,48.028615279212545
2019-08-09,22.384174187544012,17.585838257059233,24.450497873071104,25.573791113677302,21.499527003680868,22.026086437155815,18.990804239719637,18.658523689829185,21.444920639078287,34.82095183315439,48.27391732409039
2019-08-12,22.25606053455714,17.489160959788848,24.23534885335888,25.384073166020155,21.267060295647177,21.798787598168822,18.85292551308286,18.559959802577687,21.230852104208296,34.890608441730365,48.14659780121112
2019-08-13,22.029725900729915,17.332807795056073,23.938661342397175,25.20910123972058,21.082006944523172,21.55932330523913,18.71655326129229,18.41356785804122,21.036636187601598,35.26862248257574,48.19931666249014
2019-08-14,20.542929300154988,16.491446169773464,22.50765884056606,23.332165551276322,19.727971398995134,20.09062935836728,17.789010448481523,17.73720339405104,19.76936354799618,32.73288370099556,46.345614168046296
2019-08-15,20.623019281116335,16.650228918486356,22.845449959633402,23.395298316707557,19.78256334920354,20.15352362807709,17.87789664147794,17.836151564873283,19.828363952123933,32.63926822082607,47.32964241471596
2019-08-16,20.41519379150951,16.54137794957006,22.46807177813474,23.1525274701486,19.50631092899337,19.887039390927118,17.681145353792594,17.65904033360962,19.55314752170981,32.242914976560705,47.10553222952647
2019-08-19,20.218885481812787,16.449962847583553,22.226532905462946,22.789417986069658,19.38343777709335,19.72610740838401,17.595848248955118,17.542268231145258,19.48862402329112,31.863956472756183,46.60285385898648
2019-08-20,20.182657256709017,16.573154681001256,22.141469835319008,22.752324033252304,19.33929750683095,19.6698150884894,17.58793755560019,17.54341511092548,19.438260196056508,31.642901694077107,46.57513880654418
2019-08-21,20.24654451226919,16.676223344144965,22.216409453644488,22.73673503626424,19.334735864821575,19.632548325623176,17.583137954913767,17.537154476154523,19.42601330500287,31.678933491498135,46.45307172394066
2019-08-22,20.280022054184556,16.698272827434963,22.327504549240754,22.825322302361744,19.514846366718054,19.695260802387992,17.62458100614117,17.56970734340818,19.498731482621967,31.780472193895253,46.49969268687885
2019-08-23,19.551147194307223,16.264090112516584,21.43500704385096,21.811348504388498,18.93996887222023,18.952834509611645,17.13584016415313,17.05374344014063,18.899947736420977,30.48794523640877,44.4748729842871
2019-08-26,19.4240195257729,16.19509560973763,21.232087436083734,21.76503202573793,18.877009083810588,18.828593169900802,17.091379950570822,16.993024664101412,18.919271903619876,30.155769569619288,43.98836371388062
2019-08-27,19.49334239181986,16.194499138587084,21.23167553343548,21.785567544090306,18.88122228141301,18.83050496835138,17.095143583481615,17.011106063111747,18.959403353308062,30.11053870399921,44.045262921090206
2019-08-28,19.541574040106546,16.200575019302477,21.19222236810433,21.768025108152052,18.865374792372236,18.81917445601073,17.0923697272356,17.119267442288272,18.945219296774994,30.152910781904023,44.490031127015264
2019-08-29,19.401892788261364,16.117264015791914,21.14576699289339,21.585400297031654,18.70206112947714,18.706725927525696,16.977273759736516,17.019273428467287,18.800399937631393,29.806924549663794,43.9327435768824
2019-08-30,19.420077154202634,16.177333569292937,21.175512786092963,21.601038987913423,18.737022877404147,18.722918438468923,17.015930962375098,17.03757142731071,18.84830924899929,29.816330736880808,43.95407647589635
2019-09-03,19.492719675053994,16.255685466410515,21.5290566102417,21.667056666505367,18.82444063387526,18.86956534691327,17.14608112196622,17.1254119865271,18.920022181132058,30.817771763081943,45.2815587355747
2019-09-04,19.373193652768975,16.20597396221739,21.340114159532035,21.49731162354638,18.742131990576176,19.005301459194136,17.06761769260497,17.05971690403299,18.787971752067335,30.452687492983046,45.386718629852034
2019-09-05,19.402644703680718,16.354242033238386,22.06025478955685,21.459122840009076,18.82320403214171,19.107526548149814,17.14969647516287,17.106865765092063,19.0274832123284,31.430448434997132,46.72969155373045
2019-09-06,19.431372485893714,16.358685278103934,22.100667518570457,21.494359855199324,18.815662316590657,19.11120848792146,17.14962614384305,17.123369000799247,19.027418476222962,31.482704651168852,47.06585990216607
2019-09-09,19.52886046913351,16.447922447714102,22.17797321794239,21.984932077526537,19.143611666882457,19.36163278660159,17.24594830119201,17.2991235124021,19.159918624475075,31.57073308970688,47.00928086668227
2019-09-10,19.61425883350917,16.57587315726611,22.327205484671108,22.234389275582263,19.21659440265278,19.45002967971047,17.36994391045522,17.451912108687225,19.29863817892309,32.274943706423606,47.3561280281042
2019-09-11,19.61127866149938,16.6192862546386,22.33690770165861,22.290023610911756,19.21320438017402,19.457776505414497,17.368005335396585,17.450323262011683,19.2980163287152,32.47570341024771,47.4066876280696
2019-09-12,19.624319387490225,16.63781998603795,22.353759022582082,22.419774935804153,19.22689043875966,19.492702349423435,17.39629812995513,17.45868008224969,19.32825729200479,32.49701752511705,47.42746371491616
2019-09-13,19.69326634473913,16.708500533573524,22.563369830514628,22.562537044406238,19.345340458817113,19.572868231195336,17.49765216007167,17.56433211955272,19.586791490238987,32.835672956547626,47.37492859034166
2019-09-16,19.870333955046394,17.019586216296087,22.783922666569683,24.833159893958115,19.543308274559053,19.743893175168367,17.702693396325213,17.729083204305223,20.063100370557972,34.074343093013866,47.640607793011945
2019-09-17,19.900999584289597,17.04446766186666,22.72733124378526,25.268992844346833,19.540836171199196,19.813964203556054,17.737105274313063,17.735175454718924,20.016796429582175,33.646988470531845,46.993246615583814
2019-09-18,19.903840713141946,17.04590064568271,22.73612923121604,25.31406256819306,19.557457563833314,19.81845065226286,17.740248629734197,17.74184043904449,20.021946522733423,33.70303595269769,47.15000804867664
2019-09-19,19.925690509045538,17.06765716788633,22.779640760987945,25.335822028425113,19.594915507997417,19.895495088644253,17.79249230248909,17.766370438461642,20.04564934891049,33.7346205971066,47.19343293771246
2019-09-20,19.940088986105646,17.12097328353,22.78655021259426,25.487710000729543,19.59789943872905,20.153191437945903,17.803839594695468,17.79609056502489,20.075017429182484,33.71160117360378,47.49989595732021
2019-09-23,19.963721930302448,17.173194133509988,22.865966296513168,25.505261692735175,19.621521256035965,20.24939683792206,17.829659058075475,17.82508394210493,20.106200486224118,33.77827332145789,47.56608461618556
2019-09-24,19.988695845458665,17.18405985278014,23.194256394041428,25.39393050295041,19.602255110618326,20.265085033263674,17.847807932623013,17.83187490479243,20.096262239050947,33.95322026317292,48.7837420626172
2019-09-25,20.01779688207258,17.209192015296658,23.3631295914657,25.42195693247868,19.63070647086801,20.42834714903164,17.86261437320596,17.864612206024418,20.106561835471577,34.15274105634277,48.853908803646064
2019-09-26,20.111998853666442,17.242842660926616,23.502689095562452,25.50639650220779,19.65907707963934,20.515569048383735,17.91771807471559,17.91682177118133,20.135711908452816,34.59227024525155,48.9608256495793
2019-09-27,20.162821960558734,17.26623355860432,23.514627229889882,25.630495161075583,19.79042389799109,20.52841018695466,17.943148204079854,17.988737136105385,20.162332471339628,34.53901288609867,48.81228231618948
2019-09-30,20.186478635681713,17.290988658570104,23.509062034565815,25.971763977612678,19.912643744003454,20.578031742846235,18.001713444142105,18.02385321192392,20.189360843142563,34.5328494464385,48.96092040848306
2019-10-01,20.08501095105832,17.233067011766753,23.386882686061835,25.44664740707224,19.65875177264037,20.370055058222253,17.85849026545651,18.022190713187346,19.90241645582031,33.78911070079702,48.71356747317458
2019-10-02,19.78893730876855,16.980307324443515,22.88158058745866,24.75191392300538,19.25819887726292,20.033168433558092,17.578422747633656,17.773150060554755,19.623057334302334,33.37048240708357,46.84549328317853
2019-10-03,19.699886770282312,16.951608240818974,22.800170094516005,24.68553598246995,19.26566445971458,19.939088101706975,17.527072983646775,17.741008872449665,19.61246768015972,32.892486239003624,46.92052155534374
2019-10-04,19.51522817089879,16.873936302934602,22.428116602174065,24.604743915058624,19.063114591389525,19.689372539659765,17.42347278919871,17.590791745092396,19.608303355357005,32.86625769630668,45.62946119411017
2019-10-07,19.576528642714308,16.881941760060855,22.5174954536921,24.6125418540982,19.06602132531086,19.708976144347933,17.422329297648393,17.598759761027672,19.606280449376893,32.86249062170655,45.59499949590232
2019-10-08,19.318595923432188,16.798863486215428,22.056868220979734,24.1923445471185,18.746285868067407,19.352063171782017,17.232017022273144,17.383707709257575,19.279303716874878,32.440090426873866,44.212534462483475
2019-10-09,19.315108677855328,16.75764087504095,21.91989405207164,24.084853458144202,18.691963968978527,19.262946230837283,17.17774265434071,17.332635802060423,19.191825107707103,32.40083491889049,43.99096387921818
2019-10-10,19.27771772002766,16.733781643717816,21.951836972185486,23.945754428342347,18.62886003610992,19.218692164415387,17.143865095405065,17.302328168366042,19.139397800974766,32.39080223172385,44.19867811831351
2019-10-11,19.21923246126761,16.714413553204004,22.19623733252642,23.789632265129633,18.56653167591073,19.19205633423835,17.146145734512874,17.26475054560476,19.116070717962565,32.836418175813414,44.8465979116664
2019-10-14,19.214361094754153,16.71499443205159,22.150483251472608,23.785980999511583,18.583364974558407,19.186396073101033,17.142310760483028,17.263279792916446,19.11792567149135,32.95190770637518,44.78694812533654
2019-10-15,19.211136951382283,16.719027536031,22.640959782350357,23.787589614448727,18.57056707539541,19.300053064834053,17.14290392687367,17.26839008559185,19.130119159774864,33.27229087777434,45.43666048058057
2019-10-16,19.279265116446542,16.825604035462735,22.673853611922254,23.98543197562727,18.601931154787597,19.344472616626124,17.175999621025824,17.31085518069424,19.169985429521873,33.2875950678085,45.480348500009804
2019-10-17,19.29047102634738,16.844622495301454,22.67284950603755,24.039729535929172,18.623405528609016,19.38667434575375,17.188298771823952,17.378608613189716,19.18040550140665,33.2863834569361,45.48345423258728
2019-10-18,19.398077095453136,16.883507648779027,22.838000992640627,24.04657699170659,18.70829923975606,19.427966425996424,17.233324928990424,17.424779713381625,19.223784132207804,34.04988327296225,45.647969348887145
2019-10-21,19.398535007753516,16.900445082838118,22.80635534726555,24.073331030861695,18.74988684711959,19.5623510798752,17.250248847312292,17.43963984879253,19.4712616735416,33.855594016531086,45.55005276603792
2019-10-22,19.55142298065475,16.982117808949845,22.880942527235973,24.619714520961136,18.83619540134798,19.667996832387487,17.43644530236049,17.660548157293697,19.598190422196833,33.95583431994748,45.663311858142244
2019-10-23,19.593883422975892,17.1457192261129,22.992804350767557,24.655878233616868,18.865122043683478,19.722926381805628,17.48407790877963,17.72067937493123,19.633156101299154,34.00040602633859,45.65717849240221
2019-10-24,19.797179288081153,17.202361856452757,23.086510191338153,24.719386244629053,18.9191063966687,19.842111197102614,17.53238012039501,18.02065396545342,19.695780708808872,34.07510168868765,45.75278203483163
2019-10-25,19.904215839463863,17.34080386249587,23.61267834942119,24.751456131523554,18.980777958575963,19.95099525487941,17.60122725690817,18.105259528860284,19.872849031847498,35.01171227787564,46.12307651970824
2019-10-28,20.004305811043185,17.387793922665516,23.786552626406202,24.856150205437295,19.022739613273828,20.125968870268196,17.64305383968938,18.167769373979887,19.914975177992442,35.55399945544656,46.81896258742044
2019-10-29,20.28349875527687,17.585515755650054,23.888361604639098,25.004436942541563,19.100987567924317,20.487470098287574,17.73019109258192,18.419450829557878,20.064919150149567,35.64603971850813,46.83958549229877
2019-10-30,20.356702646211286,17.667502622422948,23.956834257840384,25.940744238805753,19.231218383957867,20.55988232482853,17.817839901752595,18.493206362854718,20.1476414924959,35.64845611698418,46.68670092780034
2019-10-31,20.48297262641375,17.674642864249055,23.981452290761577,25.96854235415071,19.237460194658553,20.596011332850967,17.8393483645229,18.56192215101216,20.200086294346615,35.65921225667143,47.14397414330303
2019-11-01,20.483699949745244,17.696107426211626,24.34446199032598,25.813099564514218,19.22462472612596,20.744024026674523,17.913961763525744,18.542759229012532,20.146302719731153,36.18359610116854,47.418832407386994
2019-11-04,20.601267230292144,17.820272700984894,24.710802924258942,26.729430994560328,19.365655850458012,21.00851780430692,18.087405682922128,18.651025430966435,20.280192443210595,36.29492516529616,47.25461001044509
2019-11-05,20.645687904297517,17.868205605966768,25.17122778862193,26.760709699738882,19.432075895093128,21.17395806111278,18.11678599929539,18.688759912756105,20.312847684000975,36.41619341550702,47.07277775857532
2019-11-06,20.743575049278267,17.92098317132995,25.285721442081964,27.328666348598222,19.548443922625175,21.264294352694588,18.176330708540732,18.749903523110596,20.375489997054036,36.496901851432845,47.016150968162
2019-11-07,20.82408521620989,18.1062343865388,25.54324238246142,27.37138193098026,19.62026384106255,21.376648017802793,18.235722761002148,18.846446466260375,20.457172960080033,37.132982838636224,47.567072419605275
2019-11-08,20.842893199183646,18.114725071574444,25.56651638968237,27.399351290217915,19.662481598917303,21.40452653427218,18.25594819608225,18.852419746487985,20.46808856564171,37.16198180145277,47.615562378078465
2019-11-11,20.83953280200746,18.11427272096478,25.554946347986284,27.39229981582252,19.660177070024574,21.41592795618355,18.282525839302828,18.865709098330036,20.474519906123383,37.272880285563836,47.61452276024763
2019-11-12,20.85458814539654,18.137830133274267,25.595648741128553,27.469674223214863,19.67860776204291,21.461109562957457,18.298338347086823,18.87841287943712,20.516920951065202,37.692545877777846,47.68396086270825
2019-11-13,20.89235946790225,18.194791031593716,25.78961325754236,27.495525263589016,19.765711849482926,21.525827840152793,18.35269043950024,18.918517689409377,20.59420356030723,37.89829366551343,47.9959063250081
2019-11-14,20.897179240614857,18.215349607071484,25.908743526269912,27.557962183112945,19.775809475885687,21.542319404987136,18.362753029337046,18.966307437456624,20.6085222535194,37.88551020567413,48.02230335729729
2019-11-15,20.92004501948443,18.298204730890347,26.098075261129917,27.55537456811064,19.85603684828483,22.01906717258727,18.393664494606025,19.00561065286583,20.77093247349913,37.91467318092595,48.116046033208534
2019-11-18,20.97573222381589,18.35448069103601,26.207708818238206,27.71473209330903,19.895778624965274,22.121550633213875,18.434503968670132,19.051663607119412,20.825924857449657,37.96659473179922,48.16824092679384
2019-11-19,21.045948675291584,18.53739415787686,26.25996353764732,28.006836627322464,19.97800840366836,22.337557098338724,18.484071675842696,19.128675389689903,20.87369529601347,38.05108076212677,48.3158216239079
2019-11-20,21.08720888939219,18.61396265281169,26.35953051601405,28.73602542026001,20.039698093206002,22.381766511305997,18.548998050724716,19.17369817047462,21.08990078820359,38.13975064268379,48.593272146616115
2019-11-21,21.16891305310197,18.692681577277583,26.42794607743641,29.39407885651016,20.09586398656116,22.608868485064015,18.607244311860477,19.230089261531855,21.15146720536945,38.59130500518605,48.60135918048026
2019-11-22,21.20130903671105,18.750436488156836,26.481338315077686,29.44099534190792,20.17849284739017,22.64845183076705,18.630839668169035,19.28721284904973,21.179775231300244,38.764899950575014,48.66309444618837
2019-11-25,21.272153993138403,18.739583397128328,26.55901719814145,29.508500845246598,20.153340093661306,22.651984937444812,18.616682049988015,19.303325990376987,21.15463694824411,38.907981420982715,48.99407605247024
2019-11-26,21.28674104439609,18.762452224595833,26.584253031996834,29.721147715205436,20.2265364610485,22.769949457039033,18.635006834891378,19.34050043514666,21.174140008520613,39.02292579132163,48.961935908123074
2019-11-27,21.2718493385878,18.80360229207901,26.56701212550983,29.715207757416177,20.233723782007644,22.76087014388371,18.677248380042453,19.343285852433713,21.173653957892995,39.011691495525824,49.019768498436775
2019-11-29,21.256187067013368,18.78104630024021,26.56493427191969,29.642587258850334,20.239645859876784,22.714651975465607,18.658284336667137,19.33683563444832,21.153921177350476,38.8570358936441,48.97189558074084
2019-12-02,21.180412234753287,18.750896741238666,26.99904994370329,29.97846379578241,20.222380011422793,22.678820239824912,18.664648711516527,19.27164810704832,21.077498204149826,38.704848442440856,48.782880762667276
2019-12-03,21.282181510898877,18.802817079712494,27.121326245289474,29.79799533595171,20.25669869342997,22.80306630091445,18.731347966016518,19.27957303873532,21.114282334096483,39.49437689465748,48.94499989614361
2019-12-04,21.246025444081827,18.769417304479397,26.98014057221862,29.688634207274212,20.223221354964583,22.725249462501754,18.71190262035919,19.290205286394126,21.109085552468105,39.324377340819936,48.62329418157058
2019-12-05,21.25603344033557,18.787574963739274,26.991020383053353,29.78817080826944,20.23848829341637,22.735569762700397,18.73689369499719,19.30159765562638,21.119662395036908,39.33092411293011,48.6286023278146
2019-12-06,21.18710284735103,18.71849213216839,26.988387357606047,29.416619720681986,20.129911001623146,22.681037492537204,18.659045769057535,19.226849078638676,21.01742387627349,39.39250370407639,48.939569441573006
2019-12-09,21.193780629456256,18.768429660348833,27.10641434564156,29.442858973303082,20.138809298272253,22.7362976324975,18.669165723234237,19.245772122254056,21.02487704047558,39.65861164157217,48.91271324739721
2019-12-10,21.198356917926056,18.770332676436613,27.101755330485634,29.488388564330098,20.147026270048066,22.785027653952984,18.67560455083441,19.261056006320054,21.038380774543548,39.676775522727226,48.974498937342425
2019-12-11,21.210636360761402,18.7832759424492,27.14476035989297,29.521209249383713,20.207961071658474,22.805161636064593,18.697200501881333,19.278495864889024,21.05901333150503,40.370676579569114,49.13788145563715
2019-12-12,21.424187034529638,18.826103450077316,27.502844668189297,29.32551398618381,20.31591132297138,22.844589937548335,18.73541583041185,19.315460909688568,21.09891109786675,41.526436735925934,49.26448990541281
2019-12-13,21.45814823065433,18.868383179915817,27.655163008400535,29.34177309103393,20.352033871603545,22.888746652811886,18.79794660055828,19.409098884359143,21.27622029774222,41.65596228372219,49.766995978640814
2019-12-16,21.36550318339141,18.83329333070517,27.613769778095783,29.187915388381626,20.33796212135304,22.791679892018816,18.895240275548026,19.351242532365237,21.253620931690755,41.20109279749642,49.23729362432535
2019-12-17,21.38871415484704,18.918248846947723,27.660336569619055,29.208893503412398,20.384224543494568,22.81096977489428,18.922859978763498,19.375368349976586,21.27544948201559,41.47058379139407,49.548678320339675
2019-12-18,21.48752000890408,18.954805178595116,27.81214287074501,29.317305101723885,20.434793494992178,22.856995351048916,19.015488623942968,19.42085971037496,21.316674105972215,42.14186921741125,49.73654902297721
2019-12-19,21.504904597293255,18.96811849873605,27.801365863013945,29.371308582930006,20.514653708565486,22.86806944091739,19.02614131088313,19.435163331169985,21.31639356329701,42.12284749645576,50.07488468221051
2019-12-20,21.493940673693793,18.9919227037282,27.687567839065323,29.299860860820022,20.591513059194035,22.817220989197512,19.011472561983982,19.416102063834476,21.287147589876326,41.95790545582175,49.75326610564591
2019-12-23,21.564468180319526,19.04983458152289,27.785568912869834,29.42577053440986,20.699037335027036,22.952473069395303,19.16434688290229,19.460895251001563,21.341885650434303,41.928671797150216,49.773311482248765
2019-12-24,21.566892537899935,19.0600418370646,27.80750578803806,29.429502882253054,20.709528943602763,22.971959819699627,19.18630243063209,19.468430207714277,21.35761138423038,41.980330926381754,49.82383051856288
2019-12-26,21.562261342238543,19.172930744860466,27.874900690434366,29.491725280651682,20.71100809960979,23.110504028378344,19.221722048910696,19.475697811329756,21.358077236556245,41.87394258347156,49.84375836325226
2019-12-27,21.574287105350777,19.179143020694724,28.019068045186113,29.48817376569971,20.719682129471924,23.120442907697374,19.22831605015306,19.48396000481902,21.37389403356326,41.942826659028945,49.879555071054554
2019-12-30,21.540868122767503,19.136902175575855,27.92917188285821,29.465557599804775,20.702046510969513,23.03951186919604,19.2053825636095,19.45042878607508,21.362290735641416,41.94657064809784,49.88368462055238
2019-12-31,21.545142481820896,19.14326682324104,27.96281904332224,29.474307546324358,20.706723094476132,23.041443176113425,19.24106652971194,19.45558073314012,21.39266394746511,41.82453643275371,49.80357247222803
2020-01-02,21.780290081781903,19.421481794747294,28.85387889896389,29.581944058841547,20.89146238495513,23.334978578382305,19.66059754105092,19.78317445760323,22.47457038447496,42.50271188525419,49.92979853047596
2020-01-03,21.791142021984832,19.427667814059287,28.925913067440412,29.71770948567249,20.88127457036107,23.35350548661479,19.85288606524488,19.79038857911251,22.781250573549684,43.217799199892745,50.19019050227176
2020-01-06,21.94296497661358,19.46400002482575,28.930969491815933,29.732250500670652,20.956495342387505,23.411223166132004,19.901030909810427,19.83648306261957,23.005475431118736,43.32384760903511,50.27658770814495
2020-01-07,21.98901817560911,19.474574122018886,28.924629829228277,29.731741684532086,20.957646930999672,23.39646714816136,19.904147459223637,19.873851247907957,23.034490832248792,43.11955452912724,50.26818728176594
2020-01-08,22.031457283553816,19.522770539576005,28.92495089136059,30.54114282319322,21.04300428038635,23.435240677873832,19.95508188642141,19.92940704628448,23.075546635761125,43.02190871589831,50.37077507773658
2020-01-09,21.964217885694044,19.476156175131557,28.775562417909434,30.35627885927638,20.977887832961866,23.420875056681766,19.915206134756083,19.875428753324453,23.029600414304248,43.358199894698444,50.245719712740325
2020-01-10,21.976007473917534,19.496775480498858,28.854499755344946,30.33045027569331,21.001074570941128,23.521622302228185,19.946158251995598,19.895900709389522,23.0372765463295,44.20918215246758,50.37338971480616
2020-01-13,21.94589010791949,19.55210990219349,28.726573255911603,30.452683416276493,21.003915764574312,24.03462997640099,19.945628107267265,19.893544121277756,23.045010821070782,43.71715147531544,50.08576818214161
2020-01-14,21.952599429945188,19.572219996475408,28.748150704238505,30.465917097868374,21.0310137298758,24.214931356563017,19.95761243938406,19.945252456609232,23.032713889570612,43.68646792612651,50.40126850810448
2020-01-15,21.994428062679802,19.69780572110646,28.76083203045256,30.65082411329079,21.220914300911623,24.340073088088218,20.008814032713136,20.004213994051906,23.09957205827942,43.55954158109593,50.01061181092579
2020-01-16,21.954703056558852,19.665671132284576,28.83380324424014,30.79438868755686,21.197172250923874,24.33357809550897,19.993131359035203,19.970471542421837,23.088950205653944,43.37970667720173,49.907484934427984
2020-01-17,22.018814035403764,19.68322092199158,28.85714401913655,31.07374298594456,21.212731546396125,24.40178752755061,20.03437759064654,19.98940999594035,23.10948225101366,43.42731290090108,50.023888245290074
2020-01-21,22.102822197387066,19.725408434201622,29.096327636109486,30.944546008814388,21.222503502856352,24.51939659627671,20.100125520818267,20.052650403847323,23.1535287696526,43.9256080201829,50.208292472009106
2020-01-22,22.129109808218068,19.750091269704768,29.17124584513425,31.05854581402759,21.319014633959306,24.570594950059764,20.133047176193113,20.118155691817584,23.200277938903483,44.62135177187028,50.40762851775919
2020-01-23,22.246947498878455,19.80495507286558,29.393620325783893,31.12077367604172,21.394960852305548,24.81666795079912,20.429585622230565,20.17431942216725,23.279870317476547,44.60182991442767,50.53399136912363
2020-01-24,21.961455975886455,19.602643217321408,28.942323501732677,30.597370172428718,21.13125686683555,24.44391178535652,20.46238207051172,20.189021046928097,23.108912072977642,44.60698757255604,51.13083066782864
2020-01-27,21.556072693397773,19.28626759897982,28.80718814867696,29.263519693985057,20.68763557118401,24.307886414351167,19.991558012234673,19.73965310935089,22.473641597021565,44.34744958388613,50.831681090231825
2020-01-28,21.454392256283025,19.25172302263415,29.099068591158744,29.257956621865294,20.657393026571818,24.316805304362994,19.983486411945414,19.81577624614298,22.33247425854451,44.66926455642381,50.873418254328925
2020-01-29,21.483988652782795,19.281403221053207,29.277962246368638,29.376248184705222,20.69129712577162,24.36195087719948,20.07309805675156,19.853740240346113,22.434009091063153,44.66136534114948,51.23120664714599
2020-01-30,21.908424965225528,19.421293580162374,29.81088022453325,29.65411379477279,21.08354601875356,24.902110877011793,20.191745412106478,20.014967897687786,22.731539091263674,44.889283328239195,51.43141584532829
2020-01-31,21.80255938480848,21.162292974736104,29.4600614961811,29.105713376213245,21.002212732619824,24.5073570473157,20.088686199038868,19.94027347555175,22.49981836525203,43.59135400494167,50.91381266670459
2020-02-03,21.852886396487754,21.238457320257016,29.75714625435702,29.85859077435648,21.105619674029672,24.548152622875044,20.287548972651866,20.036063359941775,23.075259755780728,44.554564134271985,51.13273348413732
2020-02-04,21.75831885863507,21.062457409374645,30.070488361163438,29.76768167223326,21.188814199976097,24.35329975311022,20.086725066493067,19.814501740308103,22.911100360085655,44.7267652379488,54.116116817699314
2020-02-05,22.12726327347941,21.253053630983715,29.83630337754621,29.07370891692313,21.00756583388899,24.187616926065132,19.93639933430179,20.065217198648106,22.791070987829325,45.49274325241023,54.01617461105781
2020-02-06,22.47174488286731,21.43114791122152,29.932614427924953,29.56614913126268,21.108714413055036,24.28083602257614,20.01181072516911,20.201145204580428,22.866943541822206,45.70020557012898,54.084934509063274
2020-02-07,22.658705083058614,21.43488948177894,29.964651437308063,29.49303103494761,21.101049241379453,24.256138865467967,19.985026733242538,20.18229860355756,22.85466352550137,45.807470244740614,53.99526703369698
2020-02-10,22.64110951678687,21.40389050963101,29.745821299176058,29.817571328635783,21.1197252867181,24.118276428440215,19.98201483047211,20.22817124016124,22.933950976800553,44.99374749438883,53.86250260245811
2020-02-11,22.735110688356414,21.4953514946332,30.305390771633288,29.72122544482997,21.128673389492057,24.156054901263396,19.97911030608704,20.365477010475136,22.938399576346804,45.31469951454356,54.06890816593488
2020-02-12,22.78430501747851,21.577414568457222,30.393348896450362,29.753646868883855,21.277611026445864,24.316838921668296,20.00682475774219,20.409662671129077,23.006281369739177,45.386997072695145,54.131929925474545
2020-02-13,22.815010319159178,21.59175387240535,30.758590356270638,29.763103338602782,21.30335374753249,24.43676079791138,20.075846807060753,20.44720682554218,23.027541191866042,45.709309600374795,54.51175848101061
2020-02-14,22.83521643378239,21.648422226994704,30.731668511605033,29.789553572562156,21.312085587039775,24.434918514645382,20.091719391317593,20.45411788211401,23.028580549669083,45.71354207493311,54.317080208255234
2020-02-18,23.157599430818205,21.707474123091018,30.840794504397117,29.781536241614514,21.38159986100882,24.458520437171664,20.114988136465595,20.487053052466695,23.065616325431648,45.79962054983015,55.03007726972253
2020-02-19,23.212468382693977,21.768690519472205,31.075805550813147,30.02706500734918,21.45549798593556,24.56224459281163,20.21103374957879,20.57293091097316,23.12636808706635,46.55314996623484,54.717522850234666
2020-02-20,23.298589046417927,21.83609604053065,31.202810275481145,30.22872586194604,21.50742934246612,24.69990194125911,20.26315093361658,20.73591758435661,23.229025936707092,47.311006711267254,54.92667526049374
2020-02-21,23.224675604843238,21.769768720653676,31.950964406880093,29.872574937756617,21.40044764845883,25.027766898653642,20.333184821704148,20.70464062712989,23.230271743951704,48.36508069373265,54.98196499132907
2020-02-24,20.60430553732653,19.44669385176311,26.268707181549534,25.02115801220614,19.05044460021019,21.26147647855382,18.526573271321844,18.462546319644403,20.955105853812785,43.91118817833613,50.5033977204908
2020-02-25,19.478853251478142,18.510770905442158,23.01136218613333,22.29417721520479,17.473269531982066,19.375220874935458,16.743723977178902,17.406025431215486,18.85686203832506,36.490480923937405,41.57411124125019
2020-02-26,19.600842746044176,18.588360441040493,22.957679354357502,22.195121439906984,17.537304114735807,19.54404293189943,16.85429942364205,17.70078457810953,18.97203658014811,35.973726210282386,40.39669383448277
2020-02-27,17.49078560604488,16.473042932273554,18.493307072126694,19.184823453656154,15.65573547468009,17.152039038555692,15.30115608775883,15.671631258459426,16.547314210721037,25.373473552682178,28.176395242278414
2020-02-28,18.24760608680432,16.86168707813162,18.6672384096769,20.865993472498083,15.861121341310735,17.336769569903073,15.507575303537417,16.247139933504766,16.90586575577396,25.287713821075066,27.21949923781916
2020-03-02,16.875149153521036,15.790075217058938,16.542860692353152,19.438016739000638,14.605533954231568,15.614690839277042,14.676736588874533,14.942042003625714,15.632402328475733,21.40096459152669,22.42075845259322
2020-03-03,16.205320066167353,15.370331453290023,16.38934939462045,19.08730696980454,14.709854360489286,15.273517417781166,14.714077295582875,14.576953233965284,15.786282525236809,21.41109418174367,21.878573773209737
2020-03-04,15.404535922352386,14.616088296178075,15.534871029274749,18.901031873890574,14.499404460925136,14.507696079642814,14.119659181784991,14.17677228711506,15.058363547673286,19.88800384942115,20.010557870549853
2020-03-05,14.738697523382186,14.032906171499624,15.350929161856003,18.209713656512978,14.193649883919464,14.398686241300101,13.895430497914862,13.948679690663354,14.58948758683332,19.138434519184866,19.534835019874407
2020-03-06,14.683514817663323,14.004399704180996,15.200299250841661,17.87582338208391,14.067027107268352,14.449735029681825,14.00400186893726,13.873195133326286,14.438914970305808,18.69574416510958,19.341245796819177
2020-03-09,13.594532827624578,13.217562934826354,14.170651900202705,16.383901356693375,12.874247039834005,13.60675829863965,12.685959037342387,12.962082653358548,13.081462982742934,15.62463876641278,16.45132753198428
2020-03-10,12.647257469661225,12.307740974937342,13.53694269678605,14.81507331716226,12.197644631239166,13.138279392112311,12.250803849201427,12.34925329293543,12.406006108304364,14.44341010567293,15.926022822103485
2020-03-11,12.319702871591685,11.881671629365304,12.983080581557111,14.336131378195477,11.867246527294691,12.6760127371978,11.89972210174034,12.190581962977918,12.043498567549719,13.725898497625394,15.117531348426064
2020-03-12,11.424426050643513,11.138855131059033,11.760420952093744,13.29200199280768,11.107361202992772,11.648433072274782,11.073250524202168,11.375160764743427,11.254272094107943,12.469542330312073,12.956817742469207
2020-03-13,10.952876811628022,10.928977215814895,11.33409861860233,12.752361437300316,10.827341815010442,11.217374787692748,10.897448056329818,10.929193428005252,10.946656997718378,11.85661598033933,12.402754083137262
2020-03-16,10.700320988397435,10.5955138360007,11.585338593387485,12.095907754338874,10.554239887165073,10.86576389396864,10.63512743370364,10.648727514450828,10.664634031669408,11.604953064588063,11.779549473842312
2020-03-17,10.761318407909796,10.778900833209084,11.60870941796734,12.281673242478856,10.621740939143567,10.861283706820021,10.697472106675638,10.735136983520858,10.684233136200545,11.591387563501828,12.603437904516527
2020-03-18,11.099159952166934,10.837344995784012,11.687227644058222,12.610216505510966,10.671206227660623,11.024719131057935,10.755390157786344,10.916433548194583,10.736851223801423,11.636696015737094,12.573638454012947
2020-03-19,11.331649027453611,11.19094262343341,12.532720525206367,13.767113814948253,10.916983912816084,11.587192538344395,10.955547607388619,11.199876928068278,11.089425063978013,11.925833747277046,13.422841983508265
2020-03-20,11.210472053522293,11.103610426474015,12.249282613901197,14.0629826533495,10.859368264580562,11.399303442366001,10.881776026490693,11.07904278310112,10.990974072781025,11.732707453414942,13.070261989765195
2020-03-23,11.526525721080805,11.282979311443404,12.239571453857383,13.9222600568465,10.934981863084477,11.564384251031163,10.91786782597721,11.16340457025892,11.042067732340984,11.75322258013815,13.008682851180547
2020-03-24,11.522828134085787,11.1197712247066,12.206661940704933,13.471897696018559,10.825073859068944,11.406604553973672,10.8676928746754,11.012652173782717,10.932108495792528,11.613023827806877,12.678115589710536
2020-03-25,11.651535471740043,11.139347781869459,12.246504199380999,13.465960206892285,10.856533352376585,11.420345780653921,10.998959098253204,11.041501395740378,10.956923650848456,11.632671996433446,12.684299245318705
2020-03-26,11.582896500529833,11.065017246020112,12.09722992934309,13.40207439385875,10.78491146197968,11.331521959338815,10.900548860296622,10.988256461946513,10.876938380169292,11.501546458545949,12.459176626413182
2020-03-27,11.630642427122401,11.070859861937855,12.18994875974083,13.469143739716682,10.816620968792439,11.366211795581126,10.93147340902984,11.007042193435845,10.899089396089964,11.62415352941192,12.594203302038713
2020-03-30,11.622027982530438,11.074427286443283,12.16404788682417,13.47698693348926,10.836794514805632,11.399483348222205,10.963563653560943,11.012397606979949,10.892246052994373,11.627729636843148,12.561121690674836
2020-03-31,11.694140778111576,11.098383957003414,12.212554563217068,13.695670278072214,10.858865901500273,11.432924852771219,11.003055372453563,11.036664054439248,10.916623185941058,11.676148464085093,12.662021559915681
2020-04-01,11.63486506574797,11.057976246976915,12.20996015938662,13.6163297752413,10.813208346040204,11.368984152880266,10.966547747241972,10.992630803921893,10.873495515090262,11.608242926530867,12.563769891823926
2020-04-02,11.639351929276955,11.094106841425887,12.207073722909508,13.829070691819695,10.826566177688038,11.376019840863618,10.990208896618922,10.99430084161066,10.904826652294998,11.618253157916833,12.574328883491301
2020-04-03,11.667956733820791,11.137986263470987,12.275305705153352,13.876672555099043,10.857037547988705,11.416736218220386,11.019199974614132,11.038468264574789,10.939047920329376,11.649399821673681,12.828849444234395
2020-04-06,11.576657907954214,11.166760297732608,12.325773660539735,14.036147054118468,10.819441742683795,11.347657641356884,10.959910159480332,10.98424889263264,10.88568811094652,11.545841998261727,12.682678682190915
2020-04-07,11.602061229714156,11.191659989609162,12.354246676634526,14.070234402699585,10.835413805961092,11.38376704773891,10.98491232272668,11.020586612960827,10.95328523967223,11.565440294446857,12.70562153599849
2020-04-08,11.644559255605639,11.204977704831252,12.378229504849003,14.025840822394253,10.84445608982608,11.380462204971831,10.995247032682656,11.044425463754571,10.957105927288833,11.671957359341997,12.711659617231447
2020-04-09,11.692703241735769,11.224874638501204,12.406238593133954,14.199357835797166,10.950495565457054,11.455863707958137,11.033011118202944,11.082963400897956,11.052286114373915,11.72215910991802,12.802058671213668
2020-04-13,11.749868686318504,11.29330790024189,12.498622508557467,14.272724938023371,11.041847523079658,11.496162158955393,11.086471578122321,11.171586260973458,11.0963922259628,11.884386764606553,12.8367708381404
2020-04-14,11.756667140416914,11.308241282286936,12.567244152235768,14.394526403230786,11.116244468402034,11.52063973397036,11.126457645444656,11.178339109956832,11.16911367133814,11.911105274511801,12.866109791304048
2020-04-15,11.776946732047481,11.291745546472587,12.539585854924798,14.313279136383144,11.097490029803811,11.545201192769145,11.113375761279784,11.167775851591426,11.187460064774733,11.879453024659973,12.810603870683712
2020-04-16,11.794702962872055,11.318897396981031,12.561108150736382,14.421945734541131,11.141335980158969,11.605235280624033,11.136346537155074,11.181788676577531,11.211073368249686,11.90720796294463,12.83078875517553
2020-04-17,11.888335205010401,11.353093957649248,12.595529603863717,14.69313672227176,11.2006584358085,11.664051599025447,11.190394483326378,11.299195360423262,11.244988150005538,11.937772294617828,12.842733212910318
2020-04-20,11.954758040161394,11.377844444797283,12.60168498691116,14.686068157741754,11.229271893147232,11.723390298001126,11.200422144873176,11.347714462543005,11.25656552388886,11.992192388191192,12.921284248039955
2020-04-21,11.98369534736072,11.39170475986983,12.595677091951089,14.719423032037415,11.229436785334034,11.74303107453081,11.205812319236587,11.407479031339498,11.25598915726076,12.028159709306022,12.970757729446362
2020-04-22,11.98707566387592,11.393411146764628,12.611803563781674,14.70634967773115,11.247265396881522,11.749847220183625,11.219247154722638,11.423718090491542,11.254370886470346,12.030430440396103,12.960500671823658
2020-04-23,12.023903550356138,11.413280507701588,12.651246097599572,14.856364499623654,11.266402417900402,11.780906220523274,11.241728165494889,11.44566350637645,11.2774956730564,12.073426460595666,13.015666355343342
2020-04-24,12.028380956269707,11.432503533881379,12.658387175657076,14.887832336008918,11.272274419198041,11.784752812318008,11.246330860869346,11.464405649632058,11.283502006729158,12.095012397524847,13.040861104509716
2020-04-27,12.03307157028556,11.430307016289984,12.675368752511798,14.881521938000846,11.288271420110062,11.78359684484202,11.250571518584184,11.474663538152964,11.288051519303309,12.099003949380439,13.04515352159207
2020-04-28,12.129092292225868,11.461681501334526,12.733755455414933,14.921531599935303,11.317613092411033,11.916095834037218,11.313017015876813,11.52209166813909,11.347205510269056,12.128084070285224,13.076077354330383
2020-04-29,12.409501400519876,11.517432215008757,12.889443837145784,15.025986330530467,11.361787740846987,12.012126349953139,11.357962049278067,11.628991876011122,11.392331099376554,12.218566878867858,13.379554073743648
2020-04-30,12.452683485769192,11.541847996103325,12.895200896954725,15.032797306750764,11.394041185435967,12.042732030308146,11.382513777228723,11.66545478245039,11.452464624673024,12.254514587085158,13.391129557996152
2020-05-01,12.446342743045511,11.563557575831274,12.88656684545316,14.94086210076511,11.369528331438957,12.014252698229544,11.359184205964487,11.647771466399856,11.449106364776055,12.21462544088682,13.353444337584563
2020-05-04,12.459183801216305,11.575990827374994,12.932189210782354,15.024863540955996,11.401153041385905,12.038569415121593,11.394035696613894,11.65768963287879,11.460021074661341,12.22437699607692,13.361754866351044
2020-05-05,12.467350723808334,11.585927958603632,12.944526846060395,15.034522551558272,11.408959382911148,12.092914304939944,11.40169525594613,11.670184053436044,11.466588953402896,12.232135785081317,13.368912792257303
2020-05-06,12.485482031910982,11.615254781931872,12.950772622087609,15.030686493392192,11.420738293020106,12.098573166477978,11.409402875722785,11.727440052277746,11.474617725834072,12.248616401229455,13.413551841635671
2020-05-07,12.500698066008455,11.623208163171057,12.996688624924593,15.040135319415834,11.433035466352653,12.141081046883663,11.419092719763551,11.733706048716556,11.49132325714152,12.256816785748804,13.42484021906131
2020-05-08,12.48342795113708,11.614793493905552,13.005401288544501,14.999787973633083,11.425063903394232,12.163716245187041,11.40801620338104,11.734595748366203,11.479729932144018,12.244195863226592,13.400843349682953
2020-05-11,12.507774279486217,11.634939621583289,13.023314760175156,15.027001747537994,11.448395701133594,12.271376614526117,11.427033625772934,11.776804524288746,11.509142379822206,12.26073406611013,13.424057552119256
2020-05-12,12.496929881212662,11.632564304698867,13.020081601111485,15.081257983908175,11.441986516016705,12.267506059532028,11.421738792833048,11.776470466488837,11.51450267293094,12.30702632658302,13.455457268380098
2020-05-13,12.476582461541373,11.62153751478725,13.00229018555044,15.029462733922646,11.425624726740443,12.249184490097456,11.405032855389722,11.764037650754224,11.499729535282999,12.289766079276527,13.440841306770698
2020-05-14,12.480432814936782,11.626985331782972,13.047739707210335,15.03055986755244,11.45261561288004,12.252593297002742,11.410323411744674,11.770390692918669,11.505455998676936,12.31145488770005,13.444387116679096
2020-05-15,12.513860721958054,11.643387013058607,13.085012809740945,15.050671364887918,11.47931046485488,12.271966757850523,11.430802342564563,11.783150298850273,11.51534025915068,12.33763474651318,13.484515185480495
2020-05-18,12.530840832911647,11.63694817587955,13.123476571164943,15.006909083217659,11.49137088864194,12.477505339847179,11.52032064053366,11.816361712783925,11.52290690256112,12.337838770135791,13.4659775117381
2020-05-19,12.56646880156482,11.665960613499417,13.112763135390868,15.006574924914945,11.50794000391849,12.475180379544037,11.521880170546025,11.83756286161732,11.532901818257962,12.342686870136228,13.47126420585699
2020-05-20,12.592876738672357,11.675470591660893,13.118327390620948,15.033151605314607,11.516864697378255,12.534863058332377,11.529601212120125,11.840853901607419,11.54047983275397,12.355612169584743,13.486610819969755
2020-05-21,12.596699270047118,11.712122016305344,13.131749064704627,15.047133723392896,11.527843097516834,12.54181827676625,11.548655071002209,11.850741809472783,11.548003495629084,12.366347749827376,13.498741485161405
2020-05-22,12.606502831747084,11.731980106021085,13.150019001762683,15.069340489084388,11.5467967511221,12.552899743941332,11.560362782420523,11.859077703980377,11.561535843939968,12.424977228633166,13.52687688696371
2020-05-26,12.673634149333553,11.756676175056075,13.188301565699136,15.086960194974228,11.657391200764927,12.647126833000671,11.655582350973047,11.929299290009117,11.602000444314175,12.462203073437788,13.579863365578834
2020-05-27,12.683990903649525,11.752565783455825,13.177857064366075,15.16926058496167,11.658505508049656,12.638870019778652,11.658029484591317,11.941360965333063,11.61056893087275,12.438268082952876,13.559955631834777
2020-05-28,12.739374890461958,11.809550049463134,13.236534183661625,15.343659750971161,11.73828212341715,12.731696217375992,11.705600123132763,11.976020000424855,11.651587325029249,12.4819352886614,13.683535177196132
2020-05-29,12.747536979580795,11.818270481223884,13.254217359602888,15.35351459611671,11.758273108478177,12.744604497463069,11.716256122129892,11.989171818186666,11.657585542764888,12.50516881734985,13.69299458741613
2020-06-01,12.765513472227724,11.829997464861133,13.26813240768602,15.381741392534561,11.771632563767415,12.855983718229066,11.729473327049481,12.02449606851683,11.668739480056647,12.530292447367602,13.708263215468724
2020-06-02,12.776371875184372,11.83250028954735,13.269801097237222,15.387100784306485,11.772970686253334,12.859468505820043,11.73068080226867,12.027970632908765,11.676065370155944,12.53017754628262,13.709691639065284
2020-06-03,12.82138474559761,11.85435964363568,13.319681337664186,15.398433834860292,11.824563256164575,12.949959930294142,11.800591137587237,12.05976744687303,11.700084951846112,12.548846590348692,13.737976253240411
2020-06-04,12.838378922314094,11.867236216179101,13.341260685108741,15.417736757429035,11.894055580142505,12.967812776898658,11.835797084103868,12.0744013565958,11.722835643399716,12.594233961975057,13.778809124266624
2020-06-05,12.787089781074625,11.819981619154913,13.299474884384258,15.288240476043399,11.846698614712531,12.910533601695453,11.791421183132563,12.0313792111233,11.690798511923903,12.533885971261222,13.773610479393339
2020-06-08,12.791486961456203,11.821839714027087,13.292645083580123,15.265981289361338,11.840160669545323,12.913155390932229,11.785345513968712,12.03526526378905,11.724180109651591,12.521844628376178,13.757500846435757
2020-06-09,12.811063462547207,11.830428566682222,13.299531236883825,15.269247293736393,11.845712734510574,12.914947087374804,11.800407492487157,12.1130533742777,11.731164384619461,12.525975009168544,13.774428044859082
2020-06-10,12.840515549330089,11.854169253054414,13.32640649182692,15.342708115511966,11.935319729224194,12.944115413941368,11.840290563686768,12.222157040870844,11.754520735016959,12.543721535141225,13.81903061454383
2020-06-11,12.622775243771917,11.695833480219937,13.100948518607346,14.933115673805988,11.738119977090943,12.691318522314852,11.65970920879784,12.080004822301213,11.59082581241121,12.337778106097177,13.720209286370865
2020-06-12,12.676696378481134,11.739396958305063,13.166582977950602,15.00083680078992,11.790412880858444,12.726871891075914,11.693530783379114,12.139703053676861,11.620794877032576,12.403551378373184,13.795196608219257
2020-06-15,12.692126630435807,11.744074574185813,13.17354704153928,15.055793195229935,11.793191008508602,12.734740849877687,11.697295911830846,12.145635437074242,11.62045925095137,12.399081369621383,13.79069307464508
2020-06-16,12.697451141210806,11.742186268065849,13.157161685762354,15.02725079966262,11.792360645806973,12.737603497863539,11.68959589454966,12.139118546199827,11.612785718384039,12.388149081949996,13.821681799251277
2020-06-17,12.72161883392076,11.751028973992064,13.161823914843525,15.069006057599593,11.798753949706743,12.740267425256476,11.694138975556603,12.156246837323975,11.617336806935064,12.393290190710307,13.821507702993543
2020-06-18,12.727978592698866,11.75976942328886,13.172906912817014,15.096894231750083,11.80439292863675,12.74995227877904,11.699608017964858,12.159451109427005,11.622533190616876,12.416180300386769,13.827382688510905
2020-06-19,12.74747554629529,11.772114215260327,13.19052249485006,15.105966484173331,11.821198346505708,12.831885493802547,11.712451924152376,12.172900368141603,11.639282136583875,12.430900249577325,13.940045679963605
2020-06-22,12.761344435273775,11.795090150844638,13.22907622043678,15.118150879962522,11.840971452976518,12.869693839117794,11.722804660999007,12.220454828518312,11.649589993822683,12.447118031972023,13.963180300473162
2020-06-23,12.766917368441122,11.80008637559883,13.233965461605553,15.124894674078742,11.846077545508859,12.878300201686752,11.727349349660548,12.221075820003186,11.653349943187209,12.4578739750527,13.992251893934224
2020-06-24,12.726693780469066,11.774019999867793,13.197888707571412,15.03504701874728,11.818188815640267,12.831984724729919,11.701601529777335,12.194703204121799,11.627351289569035,12.427210636959632,14.05196837884978
2020-06-25,12.742773551001251,11.802978542120025,13.203790547551609,15.05522965730744,11.857716833479163,12.841478211844034,11.71287965082129,12.196768516632883,11.637892758710034,12.436679373989126,14.127443403935091
2020-06-26,12.856637366397402,11.810699435324407,13.207894381679036,15.0411488831616,11.89533281240316,12.875915077850536,11.72702183631432,12.215414070002556,11.674399006927322,12.459793547133593,14.166497621658525
2020-06-29,12.867764077383882,11.811813318302063,13.209432518937314,15.03775414193983,11.914834919702063,12.90222232819842,11.75301684105091,12.26413074608713,11.686472543497482,12.464492125367551,14.170379097724977
2020-06-30,12.866526481318438,11.816506814883702,13.210772606740992,15.028917114194803,11.915559364047787,12.904793844009191,11.76140671616367,12.271372734774006,11.687204611482864,12.464803562222494,14.213387275779835
2020-07-01,12.984364038945701,11.846952492453836,13.248577063562198,15.180377468459067,11.974206926550215,12.930717605115449,11.813887935160144,12.304972383129716,11.719668447026779,12.535587903496417,14.276980955935995
2020-07-02,13.030953604916897,11.856002580626392,13.260755762314187,15.192373996997139,11.988129341098809,12.938608481709393,11.831530095532148,12.314968058540371,11.750943903263206,12.557887277884186,14.28857312540914
2020-07-06,13.082474596789417,11.910604207995227,13.288289078400725,15.222551683390334,12.01305263364188,12.955785963906443,11.848433988269102,12.337107402707817,11.76955492263112,12.598323930864181,14.463761674930225
2020-07-07,13.113970931149474,11.94046794829041,13.454259295197577,15.26013511258081,12.033546727897818,12.969334524458231,11.871262036540058,12.350696798910548,11.797696409631207,12.612416462458997,14.502912443330004
2020-07-08,13.14013991540155,11.964507728223966,13.495483594824739,15.278306332365052,12.064697550486702,12.99505951556999,11.885088760668031,12.379360488137085,11.869240890593234,12.626241704463013,14.520048748374414
2020-07-09,13.175271013042064,11.987424240981067,13.508075593162147,15.371092185018092,12.089648985940645,13.010129655490749,11.91488285136179,12.417135785478086,11.883884799736153,12.642763898148704,14.530506303220921
2020-07-10,13.186659606888846,12.001200713378392,13.550021414691871,15.383205723842691,12.129568417076568,13.09108851487674,11.930035332569213,12.504131961175313,11.898197377752098,12.68049731882063,14.5602239739819
2020-07-13,13.239603726900953,12.02983911867514,13.581165604881923,15.404354138092483,12.181822408253433,13.148153796625706,11.979804070770388,12.545909942605519,11.917655021244183,12.706184956384753,14.591433210172067
2020-07-14,13.236794549567389,12.0273739500075,13.558504794235546,15.376972617184753,12.194346299457889,13.120574001711221,11.974079598969196,12.555007213821545,11.918666581219597,12.716604046724294,14.596622507750679
2020-07-15,13.25708051717475,12.054233176357076,13.613200787477748,15.392756470477028,12.222896320150586,13.133465766001423,12.01643746737562,12.580170195201326,11.94429046497901,12.74093345377868,14.717614276061616
2020-07-16,13.270752576207636,12.06141955695006,13.627535661343224,15.400325780475816,12.230839966333221,13.142389114483729,12.02365155785245,12.603523580148373,11.95355993759047,12.764034280729526,14.778258068493141
2020-07-17,13.292779543999632,12.095195385409873,13.644099594050491,15.441947842881024,12.259159402126045,13.166350862330658,12.037949426184909,12.61617598089324,11.965752847887254,12.793317549426275,14.842705058472722
2020-07-20,13.36753064854396,12.204872882441977,13.733978633907737,15.48151417471542,12.293036681475876,13.201332748696442,12.085454766760586,12.763407611278058,12.001406892252353,12.840351047003967,14.911742844481275
2020-07-21,13.457628530532606,12.258220934709655,13.77752542219491,15.74713746506161,12.338977422774542,13.233081054341122,12.121362182484809,12.88261407391664,12.032949200183257,12.884320841784186,14.941850226825629
2020-07-22,13.46462953283666,12.265034798431216,13.777458623886732,15.793386443334123,12.341883084565977,13.234469303447943,12.123263087440582,12.889084123489678,12.03727662562631,12.885848352843773,14.93953557140068
2020-07-23,13.504625581965774,12.301308195611876,13.840482168100953,15.835032322590937,12.375091137810628,13.253489965055914,12.144205467922742,12.976450124220035,12.057811855176604,12.90608379872969,14.978877070105062
2020-07-24,13.513668644239369,12.324923446671779,13.847258310973334,15.849831867817391,12.391199814894899,13.29844698179955,12.151227687282498,12.983321103717321,12.065114830810392,12.914558151659827,14.988932962839183
2020-07-27,13.522032226027958,12.334028237178494,13.859159163900456,15.863721427309205,12.427431604723651,13.309279821357583,12.160580746331187,13.007368956604765,12.082382045154331,12.936954920133948,15.070058186698857
2020-07-28,13.555125487802078,12.364155931028247,13.903168228659556,15.892102622024026,12.449769912139747,13.334457913463234,12.185574903617168,13.043933941852643,12.143622702879169,13.126125450680806,15.189548735680173
2020-07-29,13.546163196898867,12.354168626564007,13.923676839622805,15.853559985911192,12.43744612456717,13.31509267604877,12.176870222894673,13.035075531767838,12.142072138791189,13.108196372079936,15.186258898239604
2020-07-30,13.596372944971538,12.387317944177129,13.960009671665208,15.95584235656563,12.472336392644603,13.332905689030394,12.197624694824622,13.099911199769846,12.186902855200461,13.126549431840912,15.22494070601562
2020-07-31,13.629782559737883,12.39893779041874,13.975809711580148,15.970562961434956,12.487819394064795,13.369774907518664,12.21370140419557,13.157135829178321,12.200505420676905,13.140725427709205,15.236782542008221
2020-08-03,13.647939239500447,12.424524731123618,14.006067790527466,15.991155990472402,12.507200542754365,13.459553226114753,12.234229704585985,13.252478087785367,12.226129708752683,13.213324569549357,15.286083228785575
2020-08-04,13.637134856806373,12.41846282778397,13.99540803700711,15.977464079473306,12.546813029437912,13.488355938698549,12.248156251739493,13.259841987058424,12.234429484279644,13.209077912281378,15.271807569508844
2020-08-05,13.671158288862328,12.455367400456344,14.026076107943899,16.007282656649714,12.586668193649873,13.511902474927284,12.303627272425539,13.28569050997177,12.284523733845786,13.250474334047007,15.39735371985783
2020-08-06,13.89016067735501,12.479463915193296,14.053493557502735,16.059577481428644,12.610011711089752,13.566248172297032,12.322749499768682,13.339073535810908,12.324206181288226,13.272603692805085,15.421285952498554
2020-08-07,13.921200309242277,12.502727431463892,14.071544373889367,16.099077998818643,12.639770781780001,13.589029294193239,12.36142604336041,13.513110466011755,12.347488110946701,13.305719151589443,15.474965085848384
2020-08-10,13.9726989393399,12.540733000142213,14.085110219854144,16.14970368933155,12.65718620615012,13.647305652728267,12.437772908146425,13.559643560988505,12.364853890344362,13.342157930432302,15.497305528355938
2020-08-11,13.984397338192617,12.55961199918879,14.091301614247467,16.1732561886505,12.77035074128853,13.646350101991892,12.484000298127407,13.566757418866546,12.38608684573376,13.354584372973283,15.528128786527
2020-08-12,13.98790658438446,12.558519010359037,14.090125245686401,16.181835970669507,12.810825493644776,13.659253608719627,12.508403392389273,13.592397546095034,12.410118543351246,13.354674444987472,15.52318167254055
2020-08-13,14.009789782480631,12.562601896173609,14.093060864216492,16.186908901794958,12.81386709480152,13.660653145138966,12.511196825115587,13.597417698116557,12.417183833111675,13.372016769000503,15.523949732892406
2020-08-14,14.01323791056164,12.566596221534503,14.098305918017285,16.205205925284844,12.820690207255053,13.669326119693032,12.518991203984973,13.603719935523173,12.420983759280762,13.380502174909651,15.542919854225651
2020-08-17,14.029346493388731,12.613649598896364,14.11497090214337,16.234073042478183,12.905690212742643,13.683965850037621,12.547535720026687,13.618794144039647,12.436416550600942,13.402034305016027,15.565848183773328
2020-08-18,14.043323118004148,12.617938519112847,14.133780656802989,16.22046116499547,12.899986829274088,13.680872955889114,12.546147661973789,13.619827001621122,12.435027818252916,13.398591124931192,15.553567816949435
2020-08-19,14.044867949408083,12.618931621008917,14.135895521896478,16.212629313705158,12.911925888888792,13.678327327920611,12.552534008679206,13.623714746124909,12.436115731484268,13.422941392762027,15.557340702329345
2020-08-20,14.122198074064086,12.635613746910785,14.154711152487245,16.264739709850666,12.93484024295919,13.69636719169971,12.568862588851285,13.66479061143744,12.452390451369395,13.470006428388482,15.584610570574617
2020-08-21,14.150160731700758,12.649340589819912,14.160896292101837,16.292193929060154,12.9561999445963,13.70347724927118,12.576035915413138,13.685035378231007,12.464580278254335,13.477829344261375,15.592312183491181
2020-08-24,14.152056499824143,12.654187640427564,14.159152436445394,16.28716907563278,12.969347044829005,13.778707536582733,12.582964849697904,13.69203599217394,12.475551827950573,13.52021595223308,15.59473903238585
2020-08-25,14.206640733933051,12.666264180055018,14.170864614958113,16.331301392621107,12.979900695648967,13.81323593237392,12.595621725988506,13.712713623197315,12.497300551962478,13.540270923750422,15.62827108817788
2020-08-26,14.551850761137208,12.726655813252908,14.229408583836427,16.51281420735979,13.049396469226727,13.870588051159213,12.643940097378332,13.805701657613998,12.549339367019316,13.623754074727213,15.737305580250569
2020-08-27,14.648228704204088,12.756627222905493,14.252190771921743,16.541752967439187,13.082166214713412,13.897668993812193,12.657940844525934,13.823615656932489,12.570946482099671,13.694801049772243,15.759279175769075
2020-08-28,14.655159181027766,12.74808156043446,14.231510504798434,16.50874996429038,13.07048401380052,13.878701538798039,12.647472271906363,13.815040474649138,12.562575418296786,13.681314794900384,15.753307084836479
2020-08-31,14.650681572551866,12.751071417174483,14.231928682470782,16.505107133095485,13.072419924348694,13.902314089350277,12.656399603216355,13.84069199098825,12.575912790847537,13.680614659725245,15.774127729747722
2020-09-01,14.676775062613897,12.77713280154676,14.266761302663248,16.548291137855827,13.09954646450531,14.010191581262813,12.689085685572946,13.875038454864669,12.709656823501959,13.725843525951543,15.879616609204117
2020-09-02,14.673438364799269,12.786028236846688,14.265364112911548,16.766636385708793,13.142296616304264,14.01894132763898,12.704756876474002,13.928016247453778,12.721239546598278,13.73142359936536,15.886453196709022
2020-09-03,14.633112656694468,12.755645843910274,14.241600743293453,16.98501039661191,13.205569713862234,14.00845652141906,12.686955732040598,13.970343375925722,12.704205529143229,13.770695018093813,15.979186568489704
2020-09-04,14.69526190228622,12.802862503116344,14.26634502197182,17.027970660283533,13.298257722399786,14.02409945051009,12.731671286690593,13.987519497590444,12.730687164506568,13.794248749706897,15.998162629860927
2020-09-08,14.639102350972767,12.815961167863588,14.243199966644129,16.947409626009467,13.286765691996244,14.001241024387525,12.725790769959916,14.048154858694955,12.726070178092739,13.81824650728723,16.091997808155018
2020-09-09,14.668299162165773,12.81160012956878,14.246928476020488,16.95931071552023,13.305090300352552,13.997960668961532,12.723926203984673,14.066739314958465,12.726635136080928,13.829878878471519,16.077520043348866
2020-09-10,14.605873081708376,12.7731976872534,14.200899146771334,16.87682958471192,13.286617920447904,13.95954690022155,12.704665162166501,14.030122289715614,12.72680446067216,13.799508385332507,16.008557989582396
2020-09-11,14.635930017136978,12.786315592237788,14.215703967702565,16.89235696890313,13.29838692733681,13.972418648380788,12.738768921285581,14.090700292169675,12.756456693716563,13.820334601517843,16.020985522167354
2020-09-14,14.650556501596515,12.779124631879709,14.217986615646616,16.890966426179308,13.285816344188783,13.958970031407969,12.730253969749644,14.09500183353548,12.746395632645747,13.824477588899677,16.002953277724615
2020-09-15,14.718877881354281,12.79990114029697,14.24512269842761,16.933107416160613,13.380730792425895,13.972672941608943,12.752215805473977,14.112378111244468,12.760822526212149,13.846773367155595,16.01566730368213
2020-09-16,14.813873840662172,12.841823580621604,14.273003623298596,17.239085194044673,13.421187921534013,14.00574157249881,12.808002490646093,14.214386771306517,12.794912629578908,13.89210115610119,16.04565742763051
2020-09-17,14.833551563797013,12.863318920290101,14.272566838931072,17.30232914357263,13.438445526172229,14.020411597659344,12.845442667936066,14.210950239808518,12.883975594261909,13.951565424033069,16.053759644454342
2020-09-18,14.822192380287563,12.865165224640734,14.265372079229916,17.346070552108113,13.504136706770753,14.044976147716994,12.845675120205794,14.206041354482194,12.881266402194772,13.943365020789727,16.03631333051991
2020-09-21,14.843701778546825,12.885919946067077,14.284630693741299,17.316227415684846,13.513959239273534,14.052295844831445,12.882929980735508,14.402932137277618,12.951612668990487,13.947679855063749,16.12280197462551
2020-09-22,14.850716200483932,12.915897605510834,14.28705384024885,17.35484582168102,13.585378986980507,14.083060607830172,12.893582532296882,14.397888496530678,12.976219719635951,13.957098361812406,16.126404515386632
2020-09-23,14.717611041610127,12.839311550263563,14.1864642809688,17.11677182685364,13.476536676996883,14.00689049831312,12.832915430311509,14.266588321657087,12.881671479770176,13.836013544769306,16.024794912677052
2020-09-24,14.731613281811468,12.864577504225247,14.202717689161418,17.12490887950763,13.484292198650152,14.047863953044587,12.840361081957871,14.281119295772275,12.888655558950951,13.844646586272663,16.06610992569503
2020-09-25,14.710831241297125,12.85425117120765,14.206114166058132,17.16076901856829,13.478782996424751,14.037600950211868,12.8284073802682,14.273794093300523,12.883884194502071,13.826751068548306,16.02660644483485
2020-09-28,14.688268627976752,12.852074525791219,14.18236923042021,17.088224935326128,13.448668732611829,13.996300271582248,12.807548007950517,14.240753081637688,12.863580490419835,13.796181250734413,16.050617379844383
2020-09-29,14.714160460581141,12.848932645989692,14.174253599275369,17.11155052028126,13.453242780722958,14.011068921805364,12.81026118040844,14.244593663659044,12.86500818664861,13.799823075862697,16.067737599385417
2020-09-30,14.73703918918785,12.84822823878452,14.179968038529648,17.140922564397236,13.457674612959632,14.0400971709418,12.844824479926887,14.243447169575143,12.868600929271759,13.810435832991704,16.061102214387134
2020-10-01,14.814256596361778,12.906939612920043,14.21124141216997,17.35209636406557,13.495674622914375,14.083727314476292,12.885800060585314,14.286404218645574,13.027662652322364,13.876162019165175,16.104744143750327
2020-10-02,15.049844036082366,12.97343396418339,14.27345932958152,17.435243468209112,13.554087823111827,14.146322939931133,12.96639568127751,14.527856493054358,13.086642303975946,14.01587667572963,16.259152042262357
2020-10-05,15.058081679466168,12.969884560926737,14.27631975052429,17.39199536972399,13.535785809353621,14.14181398780921,12.956167396339929,14.556206811058765,13.06852249429129,14.040464194305812,16.225479554316884
2020-10-06,15.074623165358384,12.973713868463962,14.2707334097148,17.384446172385402,13.548024979297079,14.153626388035553,12.956536058629533,14.54895215941626,13.067869214857925,14.042805710312237,16.400434937597506
2020-10-07,15.118207385790836,12.970776023059111,14.249309019174728,17.345066348835854,13.531219973867492,14.14147398127901,12.944740751665435,14.536358534480403,13.064385123803715,14.104665090940657,16.404175984180508
2020-10-08,15.116242309595759,12.985719985501637,14.248881952267729,17.38815731110607,13.533307109664399,14.155555078695837,12.948913679727125,14.54854696442365,13.07068122769104,14.104356649929702,16.39715750460814
2020-10-09,15.129573057381279,13.018568601673412,14.275119704836598,17.497953650321488,13.550361645677562,14.172131220872608,12.963997562503355,14.600985232686783,13.082222583075422,14.137634642555136,16.4250720285411
2020-10-12,15.199363737023807,13.027147631213708,14.271268926505847,17.51963767887101,13.558765253278585,14.173697618135023,12.980037266949381,14.632788730930171,13.144072038191496,14.164009908561837,16.444738127578482
2020-10-13,15.241265506499674,13.059788860473079,14.293990272901938,17.529924031987548,13.589585259562995,14.183789195579866,12.992536515034145,14.645265363211582,13.153977754521767,14.196000229629036,16.45450854903307
2020-10-14,15.270567180382969,13.094315069013362,14.307484816416894,17.612525959029067,13.588627061397677,14.187434622918218,13.049611084707474,14.661237523236364,13.186516470376326,14.197557686697685,16.458709117604688
2020-10-15,15.306847242329724,13.115121863962164,14.32201044799448,17.6822943787229,13.61655282838637,14.252467009226539,13.066353263386798,14.689237158525453,13.20261417852026,14.226349757535969,16.4756824689607
2020-10-16,15.324221857109425,13.179948861069635,14.343252917738116,17.761923483553748,13.635717688851923,14.339559133871255,13.08977711295593,14.707736707040715,13.227856874517954,14.24676836294049,16.542410943388294
2020-10-19,15.30025209916754,13.173712333821538,14.342654963170249,17.74185808310931,13.622671548597893,14.347164066709164,13.094481170098899,14.684515227669447,13.227503994741122,14.231197704718939,16.556760487149745
2020-10-20,15.30689308898602,13.179960520857115,14.358885507571792,17.764796401686368,13.629458108442217,14.35695080914862,13.100480662989161,14.705178147115744,13.239014669402287,14.238873601752292,16.566307651493563
2020-10-21,15.543347320698953,13.20362109128235,14.39320886195513,17.795698650063844,13.645181812479763,14.374803044408818,13.129450466419716,14.731271178260599,13.256064814194119,14.254058976090207,16.582772570442213
2020-10-22,15.504018356037694,13.212957486293142,14.453795752558317,17.842367832008428,13.662563553437307,14.401871684543035,13.138832238249693,14.794354876353836,13.272179785838247,14.348621261744746,16.577333545121178
2020-10-23,15.526271286511964,13.231654212110897,14.462549325252173,17.861938350773308,13.659772209722526,14.389563762699897,13.140066659010936,14.826367180000934,13.283282436622462,14.348618792406112,16.577568955351616
2020-10-26,15.45177466670648,13.186782663695332,14.406673701597828,17.73686529293675,13.614637207439062,14.347214039447806,13.101184037690858,14.736591213087847,13.246049365213954,14.341935494834757,16.706789232231486
2020-10-27,15.501471477338157,13.201117020092243,14.416405732662538,17.76325437648154,13.63339314137842,14.354386503312838,13.15542960224619,14.758619942569847,13.25705538936153,14.355130953087286,16.75943100015753
2020-10-28,15.289389761911721,13.065499930983353,14.204165758922477,17.510775147509598,13.55409593752636,14.114129489695381,13.016420684479066,14.611549572565607,13.130668085485523,14.274017025310117,16.464873537379606
2020-10-29,15.396648696637005,13.111600468311538,14.273960286526744,17.587036409327915,13.591230052955186,14.3067453107169,13.042695951575004,14.638710510193388,13.174649540829334,14.29886748476559,16.49361267961411
2020-10-30,15.421652174687061,13.170355793507863,14.291111102384225,17.62878513654574,13.612086468722778,14.311523684491068,13.05693860855971,14.660747066374155,13.217196313169802,14.319718310271654,16.49700516682516
2020-11-02,15.522031105259385,13.176779758431978,14.244069412601878,17.522519027526226,13.57796661227278,14.250496390536895,13.034273977737929,14.74514705681878,13.219649042786443,14.266836312807927,16.408139730736828
2020-11-03,15.52820074107315,13.200033834148028,14.218361633783926,17.721455200422366,13.565196007738455,14.232150299837103,13.049915743084064,14.777736398133277,13.213729519102376,14.251438988226253,16.395659931027794
2020-11-04,16.116032207470713,13.431772844006156,14.463908870850664,17.943839398105954,13.880657065643076,15.059132861774064,13.351765414479047,15.187089117884067,13.649338734986666,14.453190998198892,16.93118974238409
2020-11-05,15.968453201121047,13.425392388022,14.542438407482708,18.123252304260586,13.898744315791072,15.041389027415702,13.379381855455097,15.072990853996263,13.809677101340649,14.625967624158474,17.001660423944823
2020-11-06,15.985484352781976,13.44117658363005,14.592785654401505,18.263935135937853,13.933667465637676,15.058596563642585,13.399020938202483,15.111863728883753,13.842701002395785,14.647399040831054,17.019495532414734
2020-11-09,16.51708453719953,13.856099238945385,15.044509324377886,19.650559705226616,14.752787158400077,15.279290813935505,13.63631697515387,15.51301909049486,14.06516042869676,14.824015547181999,17.188454822965475
2020-11-10,16.586849725025825,13.924654861977887,15.18079146104079,19.635250475696505,14.722518613698368,15.278541326913162,13.642741689767659,15.718375617852024,14.075565484383787,14.847204695875273,17.15061912985726
2020-11-11,16.71696868307362,14.01534767184471,15.227411351827335,19.708437473965976,14.774832564197474,15.425933418754525,13.729825086424588,15.988159596042879,14.216085698574974,14.915868744955727,17.215866694433306
2020-11-12,16.71605494387541,14.016398813574712,15.266631886218128,19.665373671241476,14.762260758122924,15.48354937253922,13.727251532269285,15.994451463393917,14.218102597424757,14.91132732722259,17.185331994214387
2020-11-13,16.631587741759436,13.962185464143126,15.202079251506854,19.52287351508657,14.733141909969097,15.427186609851415,13.686542337496906,16.013077397762924,14.1776164322448,14.855219455288147,17.15943394762291
2020-11-16,16.651181524555714,13.978561269023354,15.20431691930153,19.675276915029784,14.745992985846968,15.606930556961482,13.71303757691428,16.046507055810952,14.190484118588447,14.891763479215895,17.17932836765237
2020-11-17,16.660372150353663,13.983053586921146,15.221255739693227,19.776999838295243,14.770323761486276,15.609111769509154,13.719304619652503,16.04427723331901,14.20525179652184,14.929046810666291,17.302048964105467
2020-11-18,16.612592450115304,13.982759412131077,15.169788809000458,19.64173621336532,14.751731592775084,15.559348970625098,13.721162898244518,16.013883701852386,14.191976317300572,14.884350317671355,17.209288383233986
2020-11-19,16.61675863072125,13.98567679547143,15.178764296822445,19.65970344819745,14.75851263473213,15.576893425177719,13.726266702098153,16.01221656029941,14.197451478455866,14.890145519654427,17.259672313116965
2020-11-20,16.623502469938547,13.983189577053572,15.176014285651307,19.653192799636933,14.754676723277104,15.574705382657445,13.730514923014264,16.01312888015617,14.207975736958876,14.885492342206188,17.27405120705516
2020-11-23,16.680918504727785,14.023082409296583,15.232596256191014,20.17896727772514,14.826737282560654,15.676771068155112,13.796209082160916,16.084132713760113,14.261344256185076,14.97911502660923,17.34326383916625
2020-11-24,16.69073588158873,14.029529855178843,15.259334629418131,20.21617111713148,14.886160705622483,15.75712956073281,13.815677783984388,16.101127384832406,14.268884781802571,15.105901964092453,17.359464334448734
2020-11-25,16.71856618031204,14.058268286364834,15.274658682855922,20.30268298591077,14.90351944371558,15.776755113387134,13.840156311147064,16.149346542599314,14.318751371405739,15.138849564835871,17.383716665811406
2020-11-27,16.7309396027895,14.065428189994675,15.285371736280782,20.327016159041357,14.9146998306533,15.840822467902257,13.849445879580388,16.155961168971544,14.332113475035316,15.15101074462342,17.432174473601826
2020-11-30,16.749599515468468,14.081162659864882,15.327043179144667,20.484420544270165,14.945029080825833,15.914437358630396,13.871132619645854,16.24844757279902,14.34586894167024,15.162992417884293,17.432183566474706
2020-12-01,16.7237065227322,14.06784929934932,15.302807087001149,20.47275111240795,14.937099591740283,15.890279552915572,13.921062807406443,16.198463158941696,14.33712699518014,15.144939307522618,17.41809135705968
2020-12-02,16.81197788887257,14.121225191486076,15.419963115528468,20.636410029801795,14.998955721718573,15.952606415123025,13.958828498924655,16.23824627937251,14.471672697071522,15.23482241186373,17.466515769942802
2020-12-03,16.830978778686685,14.134902164936532,15.433149678532448,20.67353985113663,15.010747211132546,15.963507870215388,13.972004559200931,16.24963144061196,14.529034025596218,15.277487358165875,17.53806558409517
2020-12-04,16.920377615027967,14.20217189041167,15.455030578827063,20.871592734896705,15.04320614432306,15.990400591512044,14.002292113335846,16.27288250079225,14.575871133855935,15.309235579826078,17.77323582267085
2020-12-07,17.021642663363426,14.218392944247396,15.4688161959142,20.86768870149909,15.0510764131905,16.001080163617846,14.012362924005151,16.332317186146213,14.58411804013841,15.317291518161374,17.820432198418022
2020-12-08,17.031604147896562,14.23672119935581,15.481402399704194,20.875062989879705,15.065449237826897,16.01730393452097,14.018760640212461,16.330586453560134,14.5919231163009,15.348392597410806,17.834889495080027
2020-12-09,17.05827690856448,14.25645561567232,15.495765585573073,20.92041581151702,15.07752842915412,16.033039272955683,14.049214410201602,16.413379875092417,14.618287179709109,15.354267592145021,17.840870521216686
2020-12-10,17.053871349204446,14.264899398055148,15.499608670373831,21.242260916230777,15.109705564019322,16.03577072907026,14.073148715880675,16.403682982720053,14.639225527774938,15.36092489537494,17.84234670615362
2020-12-11,17.092359245292645,14.281846375652679,15.515813041909986,21.2428557161057,15.125227225771539,16.040776188413414,14.083024772684215,16.411851620752717,14.65423419952742,15.374537485669999,17.858102581236775
2020-12-14,17.12241845023814,14.34248457149628,15.523128739047937,21.287303173120197,15.134854614567228,16.050626358120592,14.096720749125394,16.467761531046374,14.663675799647683,15.384619064369526,17.868550617146976
2020-12-15,17.144414684160086,14.317640291147438,15.553011574096429,21.201796821361697,15.106542318608785,16.01775896985235,14.07551023643462,16.41328766052719,14.637579155622968,15.351447241496436,17.83369073375411
2020-12-16,17.15552026734123,14.352885728666282,15.581426938117682,21.211883976311295,15.120503001367277,16.028971696494963,14.097317704141416,16.45571843213835,14.649813518062501,15.36310112412547,17.88328575229844
2020-12-17,17.273711630607867,14.362831268414444,15.59147821582225,21.263102656237084,15.13254648951359,16.057246405227264,14.105801022909517,16.466202846249438,14.659208472750294,15.376818750120785,17.891911334855944
2020-12-18,17.28135185475917,14.367325842220188,15.633167110192305,21.25402347252765,15.136620664800454,16.077940680261012,14.125335254694644,16.46635828466126,14.700442404760295,15.437830202597032,17.89825318353928
2020-12-21,17.290181488285057,14.392024548989427,15.673521382797961,21.262444525893105,15.33570318521487,16.10087471140933,14.149459291074917,16.518130942995217,14.726883002630583,15.449260794371073,17.905769952707743
2020-12-22,17.342673641780188,14.41599915647857,15.726499223678756,21.292634801617403,15.356760650865453,16.121151028833815,14.1657711623086,16.617501025282536,14.744249122916159,15.509370192956546,17.936449952645752
2020-12-23,17.369108166407074,14.433302261093303,15.751014795070969,21.407031593985423,15.439667579443741,16.14178933674591,14.187562482964761,16.701166458707206,14.767629507909055,15.605680246766374,17.961584341670907
2020-12-24,17.366787187185462,14.433659927050718,15.746253067503643,21.454189939910943,15.437737090409549,16.14278064189471,14.195500703342685,16.705875175547103,14.766928878034994,15.616876052747228,17.95657983795126
2020-12-28,17.435924986233474,14.45845804580103,15.75648553972744,21.507842834979847,15.44952749117536,16.168268641542326,14.22169261543145,16.72131575388384,14.83035580261852,15.622645042380423,17.963151119166866
2020-12-29,17.444175492674418,14.467581642482658,15.760906621368148,21.512058763875817,15.452946833478368,16.203925739308207,14.227995374443282,16.73004418373467,14.833073257217382,15.634223593170931,17.97427374774064
2020-12-30,17.555428756176646,14.485228061583063,15.788227168566463,21.550806570159992,15.467195361407688,16.229413782379442,14.245485196380736,16.775228329834384,14.87129243957568,15.649610836908634,17.989632847785426
2020-12-31,17.572272972474224,14.531107283996283,15.81059394075728,21.628948617345777,15.487464081052376,16.258515882031535,14.265093210863524,16.808954632280066,14.892533864251781,15.677620731089913,18.034893947081297
2021-01-04,17.5298790630195,14.542980536934639,15.79255696512335,21.840366871616617,15.503444011079868,16.317720387268437,14.264586502969138,16.74072530809013,14.9074948331816,15.73667191909259,18.021776872217345
2021-01-05,17.58644773860892,14.57452956268244,15.85475579968961,22.143742127833622,15.546474411134614,16.346701797224355,14.30058520192221,16.796722239738234,14.991001547977856,15.809464690138139,18.104422328239043
2021-01-06,17.901042123642146,14.688702641254098,16.058089376796413,22.22735746894792,15.814005499804429,16.44719587007862,14.411970387485882,17.344995768453984,15.30825375178776,16.084487661805092,18.222493036172136
2021-01-07,17.988420356664598,14.7751010009536,16.187229281732566,22.240615935394832,15.828307651966622,16.473693636360913,14.447398749532198,17.613549974735257,15.366242765157997,16.147686445878275,18.62117359682201
2021-01-08,18.064190963171697,14.948032490910162,16.230080398597345,22.295184558998045,15.873429127907535,16.508912796215615,14.514264750041047,17.65125920984448,15.489558719818566,16.19219533967317,18.673054187113745
2021-01-11,18.131628210114002,15.080173921512227,16.228712064995428,22.61599012177725,15.994292594411405,16.683815832004797,14.574240239204553,17.658799388881018,15.511165486267156,16.203742967032557,18.657481375454573
2021-01-12,18.437666627947,15.229621456936837,16.357997584683496,22.89323810732581,16.078985364303726,16.850894758259695,14.649409786964798,17.77532835952367,15.61018027384903,16.26544203222315,18.74468160556595
2021-01-13,18.42017059302664,15.260900332962853,16.40076940881594,22.88924510181207,16.113817321714436,16.863868694746685,14.735859811215008,17.799578615229567,15.717004961543859,16.40713379702498,19.030047954112224
2021-01-14,18.458259172135,15.307709397530028,16.447709468096892,23.149386081328878,16.15812583264714,16.889554325876755,14.770091976885968,17.8474140815062,15.752450814251912,16.465255499690414,19.061868498751103
2021-01-15,18.571835459758734,15.35761738649224,16.493400909516428,23.27205904918324,16.239509675612382,17.00384873629571,14.855770011187877,17.87703933890662,15.836671811724717,16.782366625342167,19.27518107306698
2021-01-19,18.65436905735906,15.374694844118167,16.57767184511742,23.270047989097026,16.264498425795225,17.014008308872643,14.86781698870901,17.906416222153208,15.855194234981507,16.845862475919283,19.301721116906627
2021-01-20,18.831363773559886,15.423734658004381,16.6552619216005,23.34706192911369,16.446241687925657,17.049260750182544,14.911219259384643,17.926718103801516,15.932897693420905,16.89279516389818,19.32025996954935
2021-01-21,18.89376344479826,15.524062246677218,16.686883746485762,23.43345247359016,16.48695155496231,17.079865057898015,14.94260948833504,18.123734354702762,15.991043262039842,16.9305054400304,19.34113128238136
2021-01-22,18.90259894599557,15.527916042096033,16.686426269780636,23.441429429168235,16.487477947737077,17.07760485145596,14.943685017008375,18.159618849252524,15.991747693890437,16.94557362377195,19.37410673595414
2021-01-25,18.927951476103193,15.557675435617584,16.769084253395167,23.532395482059023,16.583913707781054,17.11343095314992,15.04035185204637,18.185563605526795,16.076614107277592,16.991656130889382,19.560429035919444
2021-01-26,19.108373788945173,15.602685609598598,16.93750805154008,23.606232946605278,16.632491563296668,17.171548790879033,15.0979946605363,18.246269099853667,16.184128750929215,17.135795703616115,19.67470519030588
2021-01-27,18.891287525166497,15.468601284565226,16.800270654293612,23.709524265932146,16.479676860975122,16.996933576560004,15.047134143610325,18.202732277361676,16.043261983897498,17.20783250102001,19.355358685959516
2021-01-28,18.919208796377024,15.46484259108979,16.885495097111363,23.6710709746849,16.47505509581334,17.035352880035813,15.036315498830193,18.176626279605212,16.03602179674519,17.289939300944148,19.34526106063955
2021-01-29,18.72843612345239,15.375265904076162,16.772202434368346,23.385560806901335,16.3885244340415,17.040477398583853,14.945490634979455,17.955715198958835,15.925048906039557,17.289733803633286,19.50394649545251
2021-02-01,18.68631154082363,15.397202744071217,16.864209028549364,23.397661541192353,16.372948828386328,17.090900335622695,14.940820927051785,17.917120689462486,15.916078628868283,17.26950804972793,19.480335106605175
2021-02-02,18.649490438650876,15.428436440773584,16.86074489769754,23.419342257106386,16.35909291673108,17.16934504782504,14.947906424807913,17.909146601525467,15.915937656053547,17.32935329358469,19.463911917554185
2021-02-03,18.815064144293746,15.499578464073252,16.900793921894415,23.74874393968288,16.40556593755776,17.282574343659384,14.986268801878472,17.966787701662284,15.957422403546609,17.38237306262232,19.50760596335761
2021-02-04,18.73727391321226,15.472818367695373,16.854787565907166,23.73281149568773,16.38580431702456,17.288188130376938,14.961432748130681,17.94898575294655,16.04077191968217,17.358983718750768,19.469616888418766
2021-02-05,18.718047298376746,15.468373031889083,16.833381333455144,23.715406260828363,16.387852374715347,17.280041365399384,14.957555814044863,18.017437492608167,16.054793174571106,17.38053974663114,19.439273343405713
2021-02-08,18.72298063330606,15.481132629044184,16.84177116768408,23.843189373991873,16.407273189933804,17.35715436441164,14.976249801889749,18.04090123276142,16.074368071049005,17.399442433635688,19.638677979901722
2021-02-09,18.75835207433081,15.496763106492958,16.852128911095146,23.848600403349486,16.41605984422684,17.37426771729666,14.98521912375104,18.053211255417636,16.099578911208983,17.424939299124304,19.644472334973514
2021-02-10,18.811834169919134,15.60739203257132,16.875168401275943,23.88723135689502,16.432694539513808,17.38693713304761,15.004542854346964,18.081532590020906,16.117158343025036,17.44848737835732,19.666207507163197
2021-02-11,18.83345213538172,15.626341171574525,16.9116006346586,23.94329013354075,16.45040993960257,17.41234821574206,15.020540542722957,18.19621061207767,16.140201366525403,17.463494170013888,19.690053575745818
2021-02-12,18.834595896489486,15.646426680328757,16.923058099210046,23.93182364251483,16.45781255719694,17.42568676354777,15.027199605881073,18.17509707708457,16.15269844713875,17.49095009754087,19.78824345615212
2021-02-16,18.922515643789975,15.684792289088634,16.95873972400292,24.155227901938886,16.64126479055657,17.524333999894175,15.067345530634487,18.204318716544066,16.194697317962113,17.558735592971914,19.870857961077764
2021-02-17,18.927761778640853,15.708343972490463,16.962160026886295,24.15429751831789,16.643611319371658,17.53474578765866,15.099951905290595,18.302144593224583,16.20710750512894,17.567187108739564,19.8759691009389
2021-02-18,18.92087000928007,15.721628505791394,16.979680676679447,24.158341917151063,16.647511757719684,17.54360888432006,15.104636027362133,18.273417830545092,16.210408749241886,17.590358081796982,19.965378120815874
2021-02-19,19.068967754683076,15.829238168311912,17.219478136023607,24.346319559186778,16.811704992223234,17.76488995832565,15.37213600730565,18.368449940131697,16.50125698025498,17.712192430183375,20.171794332385705
2021-02-22,19.123656686002995,16.061845458423214,17.31782819646093,24.84000130926264,16.91473583928815,17.80933633142655,15.444479022429716,18.486746552896946,16.614297794865358,17.876633990616135,20.325090001597108
2021-02-23,19.163413248173246,16.077491241448076,17.327630862786133,24.814265364524665,16.90273385826003,17.847573014537808,15.44287542118985,18.504339709752742,16.599454019651887,17.859560379164996,20.31580354227577
2021-02-24,19.203813679684643,16.078273233190387,17.409334561516488,24.742954997362475,16.89911413807024,17.84682712858755,15.467991621900504,18.519692424499876,16.60287546478787,17.877345102469814,20.65707843758685
2021-02-25,18.913119400137003,16.00428050226749,17.244978468616296,24.527297020744616,16.796392891455,17.820335501410838,15.354665938032038,18.26331312460536,16.419818543493967,17.706611028247977,20.550365172241865
2021-02-26,19.094751235774094,16.18709382927665,17.346830339130197,24.472110258674267,16.799053017203754,17.842589243674144,15.377094039269174,18.39939127090398,16.444341105678745,17.739954287150795,20.498117454207655
2021-03-01,18.86627914686228,16.067990631944685,17.300081404336577,24.292319430767805,16.69631582470373,17.778979975088053,15.29082104092486,18.117801976105923,16.327338049604716,18.014050495059543,20.345328064933955
2021-03-02,18.865040332868876,16.100811846107366,17.32259773529615,24.290618986636797,16.708466806661953,17.79243444893554,15.303315031913813,18.139081764100876,16.416578237330626,18.01477422553674,20.380964273880732
2021-03-03,18.87027875620638,16.227694921436868,17.38410587069055,24.597247584415662,16.901192033254002,17.80361869432295,15.427246737324216,18.181467324843847,16.449539414413483,18.025472913876843,20.365049912538364
2021-03-04,18.997534982704376,16.295008998422045,17.430921423709634,25.020969893886146,16.942896095815847,17.819823920230967,15.474061199769542,18.214482475433478,16.506911180330146,18.06022907026954,20.523109092599793
2021-03-05,18.684387122363617,16.318460216229926,17.239643498621707,24.628678833390964,16.82638516898342,17.642782364197256,15.339551773302698,18.04123312449687,16.32909249788956,17.95818136605063,20.312314909102707
2021-03-08,18.900665064941002,16.383941753987298,17.277163388902157,24.697449675172283,16.873794034181437,17.731646773266434,15.396837273191066,18.379873605204036,16.4311822028806,18.012500936954453,20.368480392084887
2021-03-09,19.030442588593722,16.94202263601687,17.433736451001575,25.201858843619863,17.1732290495201,17.852826301466127,15.589540888455844,18.65783624962611,16.54357859510042,18.095290302753632,20.420081255900524
2021-03-10,19.127644846826065,17.045579841491673,17.599953356814737,25.40169278586039,17.25589665819239,17.955331475596925,15.646570115911846,18.933003078684173,16.598487363392984,18.151315809716436,20.475140468648863
2021-03-11,19.250249721183607,17.121584472445154,17.737135672978333,25.513645481336194,17.34296999343354,17.98608096774234,15.695377236573671,19.083729534947487,16.623081497242108,18.188021690294935,20.65392791747587
2021-03-12,19.373005629623822,17.16540470812567,17.797881094252205,25.557096671671648,17.371198228742077,18.031119706269266,15.728998055602805,19.246533653540578,16.66565268152166,18.321969777553328,20.734110627263274
2021-03-15,19.38327124519276,17.18811452374845,17.785790076284734,25.801930315440387,17.461743292971576,18.018383264065164,15.737288815856711,19.26100631274501,16.704206199570017,18.318608340544206,20.699666997319984
2021-03-16,19.57015990838462,17.238432386625405,17.83837799668912,25.784015957703076,17.474607484640835,18.044710295130916,15.794650026990897,19.367541153839998,16.723590740673234,18.35847640111417,20.739838454494606
2021-03-17,19.600232470383226,17.331183332208795,17.87758993906303,25.777892886482544,17.49603840949486,18.10881153754819,15.845991979188831,19.425120292776818,16.764152250110662,18.395145204502246,20.95866143785246
2021-03-18,19.53155218982983,17.344543817800954,17.86328797928254,25.739291306700345,17.669185766528898,18.143572671744685,15.936528336967392,19.403134767017498,16.778966264447927,18.382698044729313,20.88139459911759
2021-03-19,19.551609512587618,17.356716477542996,17.968193798734518,25.789420938202017,17.7458949250928,18.166517539064696,15.974807679095923,19.494445602554343,16.821316675708886,18.570666779792454,20.983016897902903
2021-03-22,19.587536897589118,17.394653476524283,18.081354520270658,25.869482865293108,17.943493135277834,18.21782149354539,16.025548511099377,19.564051645506122,16.87964337812862,18.659178740919664,21.08826857145803
2021-03-23,19.600627994920114,17.418038014468603,18.229157348819815,25.929688299910964,17.98145407047539,18.278752566339683,16.12203788140337,19.613863901875277,16.98537774499361,18.793183599264527,21.511588098744436
2021-03-24,20.049417970978954,17.59375515279167,18.313053173084633,26.34595168659147,18.118040872980632,18.370643368067256,16.2625214742543,19.747338797311105,17.138993672104107,18.864707023390032,21.61199397667047
2021-03-25,20.22495510928095,17.58267844796678,18.30370760353424,26.385824833764794,18.10696905103856,18.37332785116465,16.263020981553886,19.78888918366151,17.127582641117908,18.852119542807312,21.576411846658143
2021-03-26,20.987363558506626,17.621095330710297,18.21459112368187,26.146875068227022,18.028724998548253,18.29158223041006,16.20564708128389,19.796655377112607,17.05737762115742,18.745648803657584,21.7382272210087
2021-03-29,21.22141967545772,17.67415623268162,18.245509164906117,26.195887173791533,18.114954138375484,18.30682736473738,16.231091486875894,19.848470422045352,17.09713589013398,18.83868889082037,21.744277798923626
2021-03-30,21.285253949882136,17.83693133143013,18.364989741878308,26.244014085187324,18.223228674724712,18.40253434342901,16.322852518874377,19.938909049952795,17.133493856938596,18.88071973721364,21.796719365342536
2021-03-31,21.318500234670626,17.897608471830818,18.386970904128912,26.26508600118752,18.272360335703272,18.421419731199766,16.34557021108646,20.03618229818297,17.17902014516971,18.91812064863691,21.936608591636745
2021-04-01,21.404783325173387,17.936820996967164,18.64236657639623,26.342035213944058,18.299760548337023,18.56500339137986,16.39807315350469,20.08400726014364,17.21073582379845,18.990203943739235,22.036172723725304
2021-04-05,21.35909131541042,18.00564697674262,18.62054420894938,27.192997030355876,18.394367783402366,18.593578506434447,16.437737664717076,20.056371523842337,17.231877156474738,19.067586107944305,21.96792516436046
2021-04-06,21.372374686828536,18.02292255664263,18.65650401020129,27.208216649177174,18.41544617326332,18.648256559040192,16.448825728465458,20.114939962259818,17.24325495930519,19.077169899733722,21.987182818501694
2021-04-07,21.50326709020429,18.04610476727167,18.674015343157187,27.293710831214646,18.486308783629436,18.664030590155374,16.47796604130621,20.165290254725157,17.406860470751738,19.11018666550873,22.002447665861606
2021-04-08,21.54199350292368,18.06326723442461,18.687168770596145,27.44331996723064,18.50039747242615,18.683761071994233,16.48934378814856,20.225029951966317,17.419255810530768,19.168590821946022,22.016017840485617
2021-04-09,21.609754710957933,18.078242241605327,18.793832501577587,27.54455228931304,18.509281087315916,18.746886317711564,16.511553976143624,20.209105132927142,17.429583133240715,19.204626701553746,22.075410255381804
2021-04-12,21.683750610090367,18.100863254352472,18.829316243431652,27.590725550940537,18.519286683019402,18.758348448307608,16.524199726042458,20.265971564735295,17.439918395220584,19.225422677942138,22.087388568786125
2021-04-13,21.7127465540834,18.18467010568944,18.953604767555145,27.62368657666797,18.593294953779374,18.78653024710988,16.565739604310316,20.298788884149804,17.473795037219812,19.263074657024312,22.18050514454078
2021-04-14,21.73510384854857,18.241918031786845,18.965665895277954,28.257344248658793,18.655145888224872,18.820251136921392,16.59863799434851,20.349775112024616,17.541137561675338,19.279133004366713,22.279111309470977
2021-04-15,21.712316925332285,18.271153665827192,18.957267686648706,28.520718397846746,18.783967204178538,18.837768549758373,16.659546400505995,20.35807337848037,17.545081782849035,19.287415226864965,22.246279065079037
2021-04-16,21.772700680192333,18.273624685628924,18.950391796419947,28.616667605996916,18.788472557508243,18.831240144242354,16.681604760038006,20.38731497082207,17.576506856842467,19.302702630713934,22.219866026647406
2021-04-19,21.753876341781716,18.31474850742766,18.943211652509135,28.644563330259693,18.795262344762655,18.846403160398342,16.68504990239154,20.368109804394187,17.56923481319928,19.367431278946682,22.203846040608425
2021-04-20,21.83410819021757,18.436834050992385,19.137090646803458,28.745278753519038,18.93908116278217,18.991872991444588,16.78205625221682,20.450543059387215,17.65217743794744,19.69646605310221,22.61622894035359
2021-04-21,21.89914472798425,18.401980466830217,19.14089852097847,28.639368519619396,18.939865420441645,18.967336223293913,16.783129602573336,20.420158988937285,17.657028754583802,19.723320380409344,23.016020626682142
2021-04-22,21.819282804297448,18.340087089373426,19.08552658235045,28.602925480871562,18.896134687913925,18.93743530935276,16.79195922754847,20.345322477567272,17.616587408299843,19.696353134831085,22.937075268257065
2021-04-23,21.74944117241543,18.3059641266553,19.250981155845167,28.583484391750936,18.90887138296138,18.918138704282452,16.78358928694331,20.27745174980649,17.608345050493153,19.693410343530164,23.055847650585104
2021-04-26,21.782744307975825,18.34344486518055,19.479032825577114,28.637854869612315,18.93825463131283,18.960233640864118,16.817481527288855,20.33898762605593,17.65750314753517,19.73781217517262,23.112772912998068
2021-04-27,21.783896757599404,18.345013750669565,19.48686398785774,28.7621353577138,18.9788281645719,18.97434853613535,16.875235184675002,20.341194194708674,17.674273946698687,19.74713867139184,23.113928203626518
2021-04-28,21.88931857019762,18.374308989859205,19.514228105363593,29.123588238356973,19.021798582707696,19.019552611602215,16.9237105008481,20.438166903235413,17.709332485848233,19.80072304711088,23.157330196373124
2021-04-29,22.29225261695808,18.510276851851362,19.59033195841918,29.162250403544892,19.06170849986754,19.277579518259508,16.96178509323354,20.649958222214288,17.744684770010732,19.834192571234468,23.18599087166533
2021-04-30,22.516243363775494,18.63023825621336,19.723434287598533,29.371422912708884,19.14581932527619,19.339331545827992,17.02323984465985,20.719018290648744,17.80607128993636,20.065868104772814,23.533761088555696
2021-05-03,22.678600667898756,18.778925138641608,19.852225679928065,29.46868354982125,19.21268181380459,19.443941009590812,17.10983580698966,20.87348789211556,17.90154434770325,20.240614447346946,23.644857619084537
2021-05-04,22.693812531638393,18.834278247226884,19.912275428196267,29.53861635266599,19.33164654201519,19.509540497530967,17.19744569018772,20.914347843765505,18.093782959027465,20.28765099904488,23.686420222864797
2021-05-05,22.74062740834812,18.89857150581179,19.98835772858934,29.866943706383665,19.432000773297712,19.571762565561624,17.265538526575455,20.93980166110237,18.24857175134904,20.529485277521918,23.929415726547173
2021-05-06,22.656379747432442,18.90894216521426,19.989861939990426,29.840332039837957,19.390433336300976,19.61708455432099,17.255112996445153,20.87127637947729,18.215316192884494,20.52971529314944,23.927500291738976
2021-05-07,22.562606386842752,18.84684908440701,20.06036572763079,29.656417842615358,19.345054514190878,19.553935482030546,17.201370725469452,20.79921847463115,18.15765316124736,20.42329806330953,23.882833097818672
2021-05-10,22.76937041048872,19.011536386730384,20.379382502845324,29.723365202533568,19.383427161550916,19.681132924761307,17.267418897539045,21.002349980955376,18.202870339664468,20.597052857710583,24.18139643915391
2021-05-11,22.78816226832589,18.951665075058607,20.309797855675672,29.550680374078603,19.301931474961957,19.671018959025112,17.225118750844246,20.99551396199562,18.382411441437345,20.509710848126772,24.03444933058676
2021-05-12,22.380007768607232,18.62901455740105,19.876493407124208,30.43325288708513,19.096094482786803,19.428521669660196,16.945276985607673,20.692970536523774,18.083603111443857,19.982866925888484,23.257552234978597
2021-05-13,22.290314890988512,18.582138046759326,19.780871320536058,31.101498352284928,19.019900413368948,19.30540618649265,16.901754106263798,20.450993280951504,18.016861635345915,19.903842758086743,23.277963460048127
2021-05-14,22.06364898098133,18.41209256541367,19.624310027543597,30.492612607571935,18.823663576254873,19.240616930333104,16.74849807173688,20.316501852802084,17.87898000389171,19.726588648719158,23.004759417836073
2021-05-17,22.076340619480998,18.422920913372508,19.638913424373936,30.840169216002682,18.859929762707946,19.24489827283149,16.787158853430277,20.3018262617797,17.997242505041424,19.751007107136385,23.093007115815816
2021-05-18,21.975311955095187,18.392528082680688,19.585371412884992,30.603864351937464,18.808886663493933,19.25209459079843,16.771811460418984,20.240856502940336,17.95896121764767,19.831538152219455,23.067273856985505
2021-05-19,22.030425700152175,18.393391659793465,19.568230346571102,30.507164755130855,18.81377088190282,19.251762049376957,16.771620379993482,20.288375609807918,18.00528513834765,19.8202488251896,23.068975873333628
2021-05-20,21.905567361046717,18.360901108956305,19.532715901362955,30.622542799142376,18.87609662772405,19.20812103962202,16.82192417069861,20.139171905353237,18.096912080157548,19.787269284004854,23.02297450968829
2021-05-21,21.935424674502386,18.399361083319544,19.548585496350597,30.643306781905157,18.943573691861307,19.222627091663355,16.846069786909883,20.17435588918065,18.11411985156344,19.813187755896333,23.051551717838674
2021-05-24,21.949803924833677,18.387382222247165,19.54771848312265,30.601145260274187,18.93522087182067,19.278432757298166,16.836398361526797,20.185888841097523,18.09503573491653,19.788724535839037,23.112522213914538
2021-05-25,21.984909568054555,18.480350139522866,19.584917272201984,30.604991593712633,18.992162396892777,19.284120974930048,16.856789512291517,20.24680267748237,18.10759862199151,19.8564190220363,23.218512851869086
2021-05-26,22.02347968371016,18.57253751053501,19.641936060516525,30.62209455675821,19.00866653920428,19.421075903914485,16.87572036291047,20.30486105432562,18.127450881865233,19.87688281308628,23.24491919416915
2021-05-27,22.074131976211287,18.62077943327408,19.752914064613712,30.693600211251237,19.101562160638714,19.4651107865183,17.02585207541294,20.366113099665046,18.202892654303284,19.92653294459378,23.349251322274444
2021-05-28,22.163069840951895,18.66045591026788,19.789299237841842,30.72544084747035,19.11777891012009,19.49300346014977,17.041222130613942,20.39491525600223,18.226078693982096,19.964231183839317,23.40452240199892
2021-06-01,22.26848338782485,18.762069885518105,19.963254079324155,31.293347819382568,19.243379907634953,20.15220154983604,17.148887071509115,20.50999087541442,18.427669276072105,20.348622594810237,23.608709656423393
2021-06-02,22.334030406204928,18.806319030346366,19.99473643717844,31.460036179543664,19.29847281822714,20.224540791936956,17.238075349958915,20.674730375302573,18.507439510467265,20.48383035254532,23.62856313491833
2021-06-03,22.35813262177679,18.855435517142542,20.05961121040055,31.509524355761425,19.34217344853824,20.30551014350922,17.2589182643508,20.71297814228362,18.5215238249582,20.503693811366805,23.67357478876032
2021-06-04,22.3931814652854,18.85919605038071,20.05881336723546,31.478276268626633,19.34523718031228,20.310805015943348,17.265264522512467,20.796513691125373,18.552709203417553,20.542287088941634,23.74152108502129
2021-06-07,22.46033200451406,18.894310486852415,20.101034784475917,31.52751702117409,19.407633981578428,20.414679801284063,17.32957282806118,20.827789224730815,18.661539564200712,20.676088098589716,23.79208295091482
2021-06-08,22.50054839914266,19.010135240265274,20.232460398625843,31.651985243792414,19.428960695774357,20.450480795126165,17.361098088001768,20.86006859311145,18.688423266535338,20.772890830653505,23.87984808421037
2021-06-09,22.53473677837906,19.03390686806617,20.284086558845544,31.664907509625746,19.49131537862999,20.75168105197328,17.443135087442926,20.908939261825772,18.731629188727798,20.81696733106481,24.084460283161803
2021-06-10,22.604332969490574,19.109117798253333,20.405476500476087,31.79416647289779,19.754447364143324,21.121435674294375,17.59757931017793,20.977507692094786,18.96560684074275,20.95542332603389,24.215871551917374
2021-06-11,22.631309347895797,19.154061903478077,20.43375144584333,31.819098352965497,19.822367545080965,21.303370703312805,17.61896572739107,21.028183100675413,18.987897918206407,21.032797468522276,24.249833851967036
2021-06-14,22.719517165955587,19.18931210711639,20.463744545259104,31.847188083363903,19.906229462688515,21.332192516374445,17.658705058491133,21.13015138093597,19.11654638056115,21.102707609544538,24.32511556424557
2021-06-15,22.747957791301392,19.206888285332894,20.474495848864578,32.187723553328745,19.93910133246228,21.362238359740925,17.705235572518678,21.16833923134889,19.12956876215927,21.1717646358033,24.39378576726363
2021-06-16,22.57488151514158,19.27591352825088,20.38796366996615,32.107122765609745,19.979495030398127,21.304360361226717,17.64071460527968,21.059818048459608,19.043153673441747,21.062481359505707,24.19544784928612
2021-06-17,22.740739302859193,19.45838882409117,20.61894539082358,32.093107913116185,20.35577381469539,21.643802171488172,17.83491808781441,21.29658837194544,19.37602045994179,21.252016128335047,24.45079367215581
2021-06-18,22.517929925544266,19.45592836508526,20.22945847240655,31.469930171110587,20.01977752808291,21.387858367150987,17.673481876459704,21.291509800036508,19.123387640244854,20.896770339921787,23.78072028348019
2021-06-21,22.28351180465166,19.34741844564294,20.033253898180984,30.64703970048565,19.749617225552022,21.109946161800774,17.467813677258633,21.003671822125416,18.87703869955814,20.637211836319803,23.668871906433406
2021-06-22,22.41165750290025,19.46511715040967,20.073753111289395,30.670159062045588,19.7840343818327,21.15169465015172,17.501437994593015,21.199649374441286,18.9042745621936,20.79268897290257,23.926852791059396
2021-06-23,22.435855543356027,19.62242212472882,20.10745817851766,30.740570352965303,19.819789725634703,21.160314960561326,17.515422688409537,21.229707448974356,18.9162005793154,20.80349613250096,23.95353022012795
2021-06-24,22.442212694673493,19.639349190539015,20.136451540996553,30.74911086859038,19.87348402966505,21.176644930586612,17.532159980061664,21.22831833438442,18.939002039752832,20.99065227679947,24.055028799513565
2021-06-25,22.50178186009981,19.641283516729906,20.13306960713852,30.754784333255092,19.87674494536567,21.17014678220016,17.55337493950566,21.304622278257217,18.984995264749767,20.985375327560746,24.054438689364545
2021-06-28,22.66624917797663,19.679494942914115,20.162066921305318,31.167492303506254,19.92944466774657,21.20273277179271,17.600262983614606,21.391538326515928,19.028910659941744,21.020481061165906,24.10735587515606
2021-06-29,22.712848156405045,19.703008804392958,20.1721990167558,31.16938111256151,19.935596355430643,21.246187550333502,17.608226216951127,21.46245272515339,19.049065651400397,21.0409908422706,24.179718788996546
2021-06-30,22.75546803907174,19.72787382858973,20.267369695098434,31.219067247326247,19.96274540768585,21.294614025780582,17.654312113508922,21.48293006594743,19.075054904907844,21.217926803388107,24.24134645244883
2021-07-01,22.736644195896204,19.713008404129763,20.453566216368255,31.141462111123992,19.94348649537376,21.301382865794064,17.63872061578997,21.51396677202758,19.065202233496727,21.221655419477077,24.226026940192423
2021-07-02,22.746806878740106,19.72516480595875,20.470125994058257,31.18790163923061,19.995128144485143,21.3285415810873,17.660126179854174,21.572788170390385,19.103040866860344,21.226401171483705,24.217700199491873
2021-07-06,22.773165989482923,19.79359656299584,20.503970553742846,31.19329750503448,20.066621888581825,21.383045440113783,17.711503873373776,21.664039054006746,19.185401155337047,21.54073704816929,24.408866030132444
2021-07-07,22.854381411391806,19.858894568520498,20.54134739505669,31.588219049914123,20.10084514775551,21.38492585435432,17.74934738463302,21.6570246037125,19.228161453160684,21.550739593298335,24.421584830638775
2021-07-08,22.744107987089173,19.898248856460388,20.562735776339913,31.63528325564881,20.106852039372,21.344637939024196,17.742423317213227,21.582293217644004,19.21188711505547,21.63194668117877,24.53305091936235
2021-07-09,22.655728677985618,19.82045205266277,20.542722690971498,31.408142743317136,20.12523710056823,21.436457625369723,17.715169026056795,21.52204478623387,19.158206124536804,21.548293693858074,24.77061602803693
2021-07-12,22.67883854370764,19.849404643707157,20.66049387132048,31.503803944085192,20.145731425080328,21.458107526372782,17.730074776937144,21.558860170011197,19.16359589298988,21.54090487700158,24.774157727767868
2021-07-13,22.661168041244327,19.8312199123727,20.71850613081069,31.4673025508297,20.095075167580866,21.466553523228665,17.694080426201737,21.668642730333765,19.120806778266605,21.518684982066542,24.721174508399475
2021-07-14,22.724453598645006,19.89345862066721,20.844947457066574,31.924667693975138,20.17626529241923,21.52242650259991,17.74485688033467,21.688633630609896,19.1762581370088,21.622917775383872,24.886936226365712
2021-07-15,22.79684489828134,19.950093954432084,20.919598149301052,32.10175014588371,20.237077755821336,21.58457808678939,17.780740168605337,21.793980204031694,19.20862918918336,21.673411575756123,25.140986080954082
2021-07-16,22.794464900327736,19.994849205631017,21.094297826959817,32.03308613746888,20.242642347219686,21.742361647556127,17.811694284387283,21.788560558204228,19.278423314195425,21.787918346228967,25.656940447295163
2021-07-19,22.464233234312513,19.820079736655867,21.258464183235258,31.41617262226182,19.928547821002077,21.523743692568694,17.60527027447949,21.54937699418806,19.028494263792588,21.469870713946428,25.299672069149253
2021-07-20,22.222943349238168,19.54690721202028,21.542388225004117,31.136254489132178,19.757680730302873,21.30942955456536,17.537834262943484,21.23868843097878,18.970172125248308,21.302727593840995,25.492050154621555
2021-07-21,22.28182380419393,19.602122385287153,21.693383050698486,31.04206568793837,19.827080064273932,21.37596111287699,17.560398856827135,21.379898139782167,19.005999137065135,21.465599138691196,26.033665773976132
2021-07-22,22.328638892541633,19.67340729713539,21.715426955760744,31.029091626539866,19.964959725592355,21.563146437878363,17.601075711538417,21.487337249555534,19.054842851988273,21.543389379829993,26.073415614760158
2021-07-23,22.38109322047202,19.684009045755836,21.677159890181752,31.155857687597248,20.070166527880815,21.423144161914806,17.631520272622424,21.465302653139613,19.051965500648173,21.52148507271988,25.928341269102432
2021-07-26,22.375925109638597,19.69811211048426,21.672299025125717,31.194072481420427,20.084922434768206,21.61163163973658,17.66705082605954,21.509517410254638,19.091844542694794,21.54445866371035,25.912225874598317
2021-07-27,22.52608617259435,19.78151059731042,21.767794510905482,31.15562845442535,20.11397268945661,21.732728051970117,17.70448829880131,21.569721337584095,19.154598289901585,21.695498779855036,26.430730873415403
2021-07-28,22.718502374605453,19.822693957419055,22.03579631892166,31.331162043952816,20.16214373331514,21.80590252634699,17.741053065867987,21.61328850708202,19.202431811590397,21.779505403287377,26.55019647637275
2021-07-29,23.30370775198822,19.895075490163382,22.093704288478307,31.353902572004365,20.186721706423636,21.862138970846694,17.77579321688106,21.683296623445727,19.24620148945446,21.888691222647836,26.589360821943693
2021-07-30,23.274887674902494,20.10145270315993,22.185895718600854,31.279900711563307,20.179811709843584,21.871112338132637,17.80910813598663,21.769114213337247,19.360371344670142,21.964662239294373,26.605589071358942
2021-08-02,23.30536891104184,20.166586778644916,22.33621403310812,31.323481473323046,20.209210196722523,21.928265574345883,17.875256784768265,21.798727303469022,19.46542835549858,22.004104847428483,26.830154428568605
2021-08-03,23.732761669275195,20.183688956780042,22.35533528858909,31.21744189530231,20.20379282407703,21.927457075345743,17.89373442247645,21.908161572552658,19.4715150435235,22.025542272347483,26.762622551734705
2021-08-04,23.83964532771764,20.08423781614693,22.348923533678118,30.931666318354438,20.184361948411105,21.910350665234738,17.857042963086414,21.977730564221503,19.419284411452125,22.03558728551802,26.873248357770684
2021-08-05,23.79954402780847,20.06814638757159,22.385226883056422,30.88585789385303,20.190876432628656,22.26005459747501,17.87852072864444,22.026797496546926,19.508031184100837,22.025069832840412,26.944692223988554
2021-08-06,23.864449642786127,20.210189361996424,22.449042995133635,30.992475589399554,20.497478208084154,22.327361014373643,17.94859871937851,22.097539872970867,19.70483035062446,22.135380319564526,27.019479242251855
2021-08-09,23.87935706128039,20.220210052362823,22.49589389566216,31.077590486100902,20.528103229527428,22.385316938823305,17.960795227516154,22.1075013335952,19.722147299061028,22.174619255078472,27.03848783639131
2021-08-10,23.97297659113745,20.29596685333524,22.593292735920766,31.099866501394978,20.607450467594205,22.60014791403683,18.066411062262183,22.390676137363233,19.85660351226068,22.593132118502286,27.13753275699688
2021-08-11,24.042213688128587,20.35590548033907,22.662582988699437,31.15298817360082,20.657478144876613,23.25465012853808,18.17266366215991,22.45362615018164,19.935630481619288,22.665021252267007,27.218030698411898
2021-08-12,24.071041774155457,20.378092962797176,22.688091222202324,31.18606220881356,20.674316737534774,23.45503907949147,18.195272176379742,22.53516031611015,19.95616960789574,22.68197563091903,27.23958443637911
2021-08-13,24.118551448064643,20.463888771650993,22.823512795734466,31.269826409531625,20.76413187181216,23.472792456958157,18.24902151393332,22.55685677531736,19.994103477120806,22.748201876710098,27.307105315620177
2021-08-16,24.171500121943858,20.57881378517541,22.82928091626731,31.47780956300653,20.826006424317768,23.668554433321187,18.31261476782153,22.601984205235347,20.08403280487247,22.792807735452364,27.313547922275124
2021-08-17,24.334023550614663,21.220396011857016,23.038729449023503,31.53092116639219,20.91890243580176,24.568612470837824,18.4117037385971,22.794087311176824,20.18619121562974,23.097750936966033,27.578073305839318
2021-08-18,24.268013667944967,21.532883636920154,23.057365250718174,31.350734577259598,20.866024541619836,24.745043586590114,18.357801276616996,22.707462581327192,20.122601007021117,23.040076460334774,27.626141849087492
2021-08-19,24.322686478746654,21.610434412820624,23.46703515881454,31.359339955212796,20.908421298938666,24.80445256904452,18.448824269619994,22.825128120450465,20.205698909282678,23.243022579753188,27.8061024789954
2021-08-20,24.173763616287477,21.48644813799607,23.460556082090058,31.2356702307069,20.84558153528599,24.649374544760658,18.451891313563856,22.621066027835806,20.135810166743777,23.171548096543034,27.592546571823235
2021-08-23,24.28974620646308,21.593949181617596,23.698552719628267,31.449998212129277,20.90759241344988,24.81804194668971,18.526112683000633,22.72281068856395,20.198841025075104,23.424188655970482,28.222050001722522
2021-08-24,24.368605185352855,21.740461901283982,23.804079492552972,31.626216155477632,20.962120997680696,24.82287493664345,18.58490238010302,22.75754751715301,20.287921116838643,23.49980462736253,28.158130760790968
2021-08-25,24.39603868174263,21.76842484884319,23.81668207064004,31.649560950412354,21.02233569366869,24.880175811630558,18.62109946527628,22.792772896797793,20.312341134498382,23.522587654411222,28.206931017713977
2021-08-26,24.274053937845053,21.67590189927494,23.702163460105947,31.477116914908375,20.983206175986073,24.746169765061676,18.600338676191267,22.68912139937303,20.24992941143808,23.564707889259328,28.191857724859858
2021-08-27,24.159462281300694,21.585012692747423,23.681819463908436,31.230450813884676,20.90738418785176,25.01265259862815,18.57795959417301,22.591420802097797,20.191012362163,23.460215465599234,28.325734170461374
2021-08-30,24.25076205881389,21.703087079164806,23.7661987012172,31.472917584115596,21.40668527813284,25.152127314271254,18.69328770655516,22.752981684475262,20.29593767130356,23.631968774987808,28.452728357395685
2021-08-31,24.317716597047664,21.7387229229388,23.813270139278327,31.4876168144587,21.41075837508159,25.17533277010463,18.709138074281693,22.799735528901508,20.304959652177164,23.69564026430403,28.468381617072836
2021-09-01,24.378438520612203,21.810188274015346,23.890206695664943,31.63997222143867,21.519360943422434,25.272683969369986,18.801293474823673,22.87560670260995,20.37923013493465,24.024592938758072,28.66855369626738
2021-09-02,24.685594882467356,21.893175628181027,23.892654946558466,31.634253185399185,21.578241074747716,25.34922616679878,18.87088077469736,22.986451682296334,20.399682441183632,24.051439062085784,28.594219034419655
2021-09-03,24.70500543868769,21.92846953081209,23.924438034576426,31.641173177519597,21.583679715866612,25.37846790182997,18.889063782529476,23.09765499205486,20.437734176045385,24.086992153859953,28.65363258813776
2021-09-07,24.88814886434744,22.158007671518394,23.917881748643886,31.739153532011006,21.606781768259744,25.325696514732815,18.9516326622989,23.21523819313999,20.44343556357193,24.03002644781233,28.421667715628786
2021-09-08,25.06315954452198,22.238034614765397,24.17561793167043,31.73905354253289,21.674394641114958,25.437938643179976,19.01683238279808,23.454622591589562,20.601932602037667,24.17400302847094,29.117567810104923
2021-09-09,25.013757330395496,22.357494284033454,24.20084592999245,31.878358960031367,21.856754732320876,25.44498656307369,19.027809411855735,23.411546350396627,20.65519881478987,24.43545964078994,29.231543631122985
2021-09-10,24.897822161181978,22.306115063535895,24.082941433515344,32.00458293994968,21.79076835085979,25.12611273538648,18.995719246553165,23.36754002724116,20.692005864373435,24.22758964343711,28.904594352417686
2021-09-13,24.917246437444856,22.319152060417174,24.108545633628058,32.34370824966181,21.847550813524066,25.35051047865697,19.038945541475872,23.38273640888646,20.75792377776781,24.241626261666998,28.98477519744892
2021-09-14,24.791060099465334,22.34340535331666,24.007103923366767,32.17068099749588,21.78710741208139,25.392833392279563,19.002140041287543,23.392865295471623,20.696183488957313,24.194271655415967,28.845339063357372
2021-09-15,24.756163799660673,22.27085037526558,23.989560624253485,32.152637038033795,21.76915983353429,25.306686236333636,18.9825489021562,23.274639225691118,20.662678395259608,24.182022231744835,29.015212921765038
2021-09-16,24.766760800122125,22.444067772032454,23.972928662382973,32.123550436804415,21.78522936589183,25.297869297627557,18.9986479516869,23.320893709658407,20.712840239780796,24.252627708233103,28.965360692816088
2021-09-17,24.56629388496983,22.497990307274677,23.82939647245948,32.154694570499835,21.853497813082388,25.522679511131297,18.917624884352428,23.22645138152588,20.62700369676338,24.09094143231922,28.57014156672612
2021-09-20,24.121817351084346,22.15955182902233,23.5260667312806,31.500495267898287,21.52261269234241,25.179404476788154,18.82536194380182,22.930860558185934,20.34412375675623,24.130096594961305,28.79371997872206
2021-09-21,24.14352990429708,22.195751478162684,23.522043017519483,31.49939928316543,21.5038283123929,25.176791704072354,18.83671145715121,22.98425393005929,20.34251934613109,24.14079835063315,28.799233731643547
2021-09-22,24.33370422897906,22.12027552707382,23.5429992500588,31.263466016324635,21.44617615291003,25.27152364169313,18.82456293879742,22.90194648971612,20.2921558354255,24.065946931696917,28.9957358213806
2021-09-23,24.226977692399817,22.064527954153444,23.629306607935344,30.868004846653978,21.37786150570394,25.23829757125331,18.80130310653265,22.8812331939095,20.248748547275245,24.68868629991584,29.602749034352893
2021-09-24,24.297461322361286,22.097408877820484,23.665685254742343,30.874508583645394,21.39346639591647,25.301661741858844,18.819684377483675,22.930026763694887,20.279434546155986,24.945100640002725,29.656594210419335
2021-09-27,24.439756906059415,22.3116228206019,23.80210123386175,31.517324919359684,21.69458946781628,25.599002438116937,18.967338800694428,23.112122907341,20.50933633609045,25.304713710353084,29.785615768053788
2021-09-28,23.719978743762343,21.800281777393888,23.163959648587543,31.98444594492807,21.336754198791795,24.70744736917997,18.757098578289565,22.51563155658217,20.220356001617144,25.265125062615663,29.02410307685102
2021-09-29,23.76677711366793,21.824977148033188,23.31729634739199,32.02067064983215,21.379838556383653,24.744919240943027,18.791162283747912,22.597980901838667,20.303193740648744,25.25116434428703,29.024862048914308
2021-09-30,23.950830718330053,21.5621467716179,23.1531862224092,31.91691102749405,21.230048660219076,24.447838062882667,18.613670869067708,22.528722930814986,20.155414392945115,24.80563828537723,28.95011406065756
2021-10-01,23.907415311060863,21.630741056022345,23.309295199650666,31.69646921337574,21.179821917206983,24.666607890552996,18.592874613927155,22.402071360271318,20.11641483222896,24.644034323609443,29.079151090851962
2021-10-04,23.928114368459678,21.608007841252768,23.342796970944534,32.25155736128454,21.197445442510535,24.585676627850404,18.634942378025286,22.226486177713014,20.172470830724407,24.79019290838573,30.540419306882693
2021-10-05,24.07346104134993,21.6499974286578,23.387930562204907,32.404735540510785,21.306770439080477,24.630441127243103,18.68677034590683,22.232280748789588,20.2160806137701,25.518168005032294,30.844958817315327
2021-10-06,24.092995701229086,21.660689584354216,23.368453196755915,32.78925134202677,21.327400711281626,24.675487977517633,18.673205035425962,22.225496707731175,20.309543496110948,25.467048417303083,30.75650087535146
2021-10-07,24.114138978761627,21.67933970788488,23.29315173311042,32.76832430955337,21.34489382735825,24.647217981175736,18.657186087674937,22.1982194707358,20.25322962639087,25.55545603977989,31.212290694425587
2021-10-08,24.14685330480997,21.726310410311704,23.351053692986596,33.54847237003206,21.48466925790323,24.665900903705083,18.733157585179,22.228439468336575,20.335611776859064,25.639579515597653,31.18572608970725
2021-10-11,24.2227776991,21.763823630523234,23.465105211073194,33.5621241179899,21.500873081776223,24.62912533206922,18.747935175588857,22.268701115752794,20.42413514063572,25.873358599664183,31.241290645655035
2021-10-12,24.381199774500818,22.078083993384727,23.555458995955693,33.623541505501834,21.561316371404846,24.862554996414428,18.815871086321927,22.389050078420365,20.50643535115031,26.117742404006428,31.372864517607457
2021-10-13,24.406360278608584,22.11079367177996,23.60008424480946,33.679641450899055,21.710326607033014,24.985598061760008,18.84670526179457,22.401237489903043,20.546987825270044,26.14225502714372,31.482570108610002
2021-10-14,24.154159106608596,22.042399097892908,23.30192386218231,33.74250189712175,21.588937417220507,24.607764371430267,18.674527842103764,22.147760432578686,20.336115578505133,25.88947946703707,30.972296918799724
2021-10-15,24.364294780778188,22.21832598672539,23.47561797919879,33.83286903861434,21.64977771590398,24.659663732372746,18.735158941894127,22.257720194358935,20.403284633587855,25.972289175607465,31.114029460139914
2021-10-18,24.47901345862983,22.50726157020347,23.628917129076548,33.87008012688037,21.68657882628497,24.950406854610602,18.775154181844105,22.366938042289302,20.45654192444134,26.095776526229038,31.273571320358663
2021-10-19,24.48520979712894,22.74609001068487,23.7837380798263,33.840757169118966,21.679224985245686,25.122326167954963,18.795320598384247,22.392672703321363,20.464469921770075,26.1838163300391,31.30001848866944
2021-10-20,24.6688683869161,23.033318613968095,23.84505435164293,33.82645870110935,21.668106300277977,25.17690014348453,18.81432008888652,22.777497259759567,20.471838256820103,26.378565601387756,31.254143125021844
2021-10-21,24.7124044626913,23.298090350795057,23.883691169170138,34.1173242107196,21.742960277625915,25.190034244823288,18.86473497278184,22.81442586246765,20.548903371513653,26.437802385158847,31.294743401736508
2021-10-22,25.999093128130106,23.51749940226412,24.26485961666591,34.17123894022004,21.99507230523821,25.359701955456693,18.95881945812788,23.09141967895946,20.687317006594448,26.606576973446966,31.445402632763265
2021-10-25,26.056398873569446,23.912819454032643,24.306778777784423,33.94369393410302,22.027726024990592,25.402257708688236,18.979369335195383,23.213154824186034,20.637604039212064,26.587702005193282,31.612248843198167
2021-10-26,26.193126725460854,23.95149675942881,24.377426719438834,33.99276856858528,22.07109737463791,25.486896591285635,19.137266983461455,23.259338142486133,20.682267630118616,26.642645346318876,31.685583714088732
2021-10-27,26.113614077664245,24.08603715814772,24.17641346543877,33.45060158502871,21.873756411806063,25.251310984559073,19.005859509128435,23.2236681213792,20.52512019448047,26.375656297624563,31.42631789881747
2021-10-28,26.111742471345977,23.959905648925375,24.16912529927219,33.48098150373353,21.821451621049594,25.102984739384272,18.93438891181969,23.125564739338127,20.446384522066964,26.070362460901553,31.266464458680577
2021-10-29,26.190279067865163,24.011877110765546,24.213897016862767,33.496926571778154,21.865789267131063,25.42126739608571,18.97625779923581,23.195532511550567,20.47794879116191,26.200115932402042,31.305454330785615
2021-11-01,26.226429513614896,24.211507766196522,24.190565251507003,33.44166710725838,21.94245660070703,25.459181844565197,18.986437970591886,23.33674583635932,20.488613514018095,26.155298062147452,31.265151554355924
2021-11-02,26.267826084399566,24.463381496394337,24.2182341874048,33.78886801738461,21.99330055309198,25.454086386268628,19.018047503101116,23.365954153885717,20.539533260707053,26.22532749885854,31.33549492886354
2021-11-03,26.31089462679221,24.571440667863317,24.275034601814525,34.06314402879208,22.050447915047208,25.46386901972466,19.159237598396825,23.384381748682753,20.638349054249403,26.28962758364714,31.860654177980752
2021-11-04,26.502638234748467,24.850220182794803,24.40610269790619,34.1220713191935,22.343089982569595,25.80819309461541,19.294343068187025,23.8206126302736,20.739023325560577,26.812023733459206,32.13016526663905
2021-11-05,26.666173979292196,24.95580656350921,24.536432736887985,34.191278996193034,22.5727012973731,26.586732630841283,19.378588015547855,23.923087200268192,20.801025375573715,26.96414022206311,32.46468668670671
2021-11-08,26.7116149919702,25.11623250478851,24.81712490857671,34.26342420063014,22.636016431197785,27.019378671419535,19.466025350731165,24.155592866398205,21.039396131046054,26.98580739787941,32.80432508296467
2021-11-09,26.773183661964023,25.789298811625045,24.899537370743506,34.45728539627661,22.74211532746134,27.035691421611478,19.61690114100625,24.250701144711282,21.35164300358822,27.074714067572497,32.90820569832595
2021-11-10,26.703648137403935,25.830512579812453,25.114977322499417,34.149618256499295,22.713808254844047,27.223129749624665,19.59792986528449,24.24457321724083,21.31219921982567,27.091442347730286,33.365559061328305
2021-11-11,26.760695802079866,25.94723842913456,25.13828010598345,34.216220849516645,22.793402629805875,27.32021547056897,19.64804330621355,24.264141746468116,21.425986539826443,27.131329051920133,33.44881717617112
2021-11-12,26.917170796463193,26.02956948288847,25.330843479605242,34.30774066886676,22.824182283978725,27.354118265504873,19.680575873888863,24.321225841248587,21.45732873340303,27.271444989341642,33.61409238973792
2021-11-15,26.974483762845658,26.06843177885132,25.462533689448385,34.35768230071134,22.88828131241714,27.602817032442257,19.718206734068666,24.359686158194744,21.52870821672407,27.369341816177844,33.991529913657956
2021-11-16,27.241249949148543,26.763354817509445,25.64799443601512,34.421962219527266,22.961496051192082,27.75703359881233,19.78509016484388,24.65312036152171,21.64805358371066,27.50303610719229,34.08075927212018
2021-11-17,27.17728333699842,26.99231828933825,25.597096325665923,34.266674886782546,22.946105405576198,27.813614379922225,19.79798502604828,24.624610022444198,21.628930955367437,27.841428138425776,34.32550166292474
2021-11-18,27.262149010717245,27.367213224149083,25.599251954793957,34.248154762234215,22.935713781148575,27.84371502184719,19.81186216631487,24.779052011017406,21.64551240579568,27.86604926733706,34.31043420597067
2021-11-19,27.19826570901167,27.489695919867373,25.542648231846815,34.32161153380831,22.899334547214075,27.775054173600104,19.809350307327787,24.86664009235496,21.687177795437897,27.845236852584087,34.886703120166835
2021-11-22,27.444664361440264,27.59910963391,26.061508724263554,34.776184443837366,23.27608398357056,27.89441829945342,19.904280885992303,25.275447798037888,21.791053690788516,27.97765222803472,35.31075502043733
2021-11-23,27.63901784634989,28.101715883673144,25.95123943223098,34.7958455860423,23.350064861671456,27.91230375697637,19.968430485852036,25.45145681055195,21.96382913974207,28.037595717827145,35.256407311781494
2021-11-24,27.6709909001023,28.131361901086123,26.079988501943575,34.859964237437474,23.37376737007123,27.97348860077359,20.000427579715716,25.5559675528196,22.11494946555561,28.31662086978485,35.349121152875945
2021-11-26,26.402863276186476,26.30113991384676,24.868376787056132,32.898955973222115,22.176992861585365,27.709061052751288,19.16362421551086,24.249157644496425,21.545301579957385,26.454479385281516,33.5279670754708
2021-11-29,26.370029939824686,26.200401422584363,25.105342938301646,32.86960103775346,22.244545145856474,27.71190157225037,19.247789874091147,24.165086285616784,21.53174761794112,26.316223107658466,33.119616006009515
2021-11-30,24.45280225042971,25.387177079634377,23.038137088825074,32.108213975152424,21.33897530063385,25.70159409464166,18.408865247142312,23.988377250910816,20.450187559629544,24.920073918491145,30.36823568608384
2021-12-01,24.315395837818183,25.125953451635365,23.03228311989109,32.17113299742165,21.307813134009944,25.846511709660327,18.36662032138036,24.05862154802952,20.444118024175577,24.90640364442746,30.79415776919983
2021-12-02,23.804220445222285,24.78909879071226,22.53980982975495,31.278802961774865,20.817289670473297,25.908236644413517,18.108185677640122,24.1498533944935,20.028001413678215,24.106555898166853,29.828436033212995
2021-12-03,23.947764144876153,25.11012326649175,23.60204158073388,31.354510427064223,21.103151200398774,26.09304003807975,18.24956405893497,24.23296867098268,20.13234208036595,24.29460334768219,30.524523763902305
2021-12-06,23.727857565138038,25.021853095622674,23.363502271306896,31.233021954137254,21.05372737235337,26.029853042945767,18.153519195656852,24.196492574994156,20.03176050777375,24.17218016576881,30.144142794974044
2021-12-07,23.62732167792902,24.578120986408642,23.630942737399828,30.81608044306329,20.825835392195614,25.628555703195154,18.10504825311536,24.142612795131935,19.874860124573367,23.82885347281446,29.988351055382573
2021-12-08,23.558849380037074,24.52137680393496,23.68043836996323,30.768142733572983,20.887574141315543,25.507905205576147,18.08594616524358,24.038408983568882,19.867960571408595,23.7646562842659,30.02601126508982
2021-12-09,23.487722428509645,24.530944395518507,23.815906411797318,30.69695276950824,20.896225754689222,25.626951838236558,18.09093938316555,23.962504150423367,19.82683709379106,23.718852071879596,29.932973482241426
2021-12-10,23.72229201181252,24.59906282363018,24.02479532322048,30.721706309586082,21.034486058075018,25.6691331617117,18.142313803700922,24.138568143846513,19.850070692252565,23.83121088703395,30.00038290840749
2021-12-13,23.999765013181477,25.586161091099203,25.132196161023746,30.834632109237425,21.244613112917616,26.60179697868605,18.423639857898312,24.647774893245693,20.081891098117595,24.531859378844935,30.696692673280367
2021-12-14,23.975855876171266,25.474878706424743,25.087192209523913,30.959381899023363,21.592448706610575,26.493463639574376,18.39772493621267,24.58052724609276,20.178332707521545,24.599798945053113,30.631966726128816
2021-12-15,23.946912734753997,25.448180023525396,24.874848084017213,31.49097624242726,21.74472681819418,26.683100284104583,18.398312902279894,24.54042184733289,20.333035682316993,24.54388384189111,30.25167339110616
2021-12-16,24.241962224098675,26.816157523958374,25.208630164430527,31.73413596017656,22.089292971638464,26.933867459153575,18.593132045772126,26.146570075080362,20.61749752287349,24.755148796537398,30.412901941878403
2021-12-17,23.912446783247994,26.196970751338288,24.503391161979685,30.962187592080028,21.62643155033534,26.37399406362839,18.240154027597164,25.433344666582197,20.270456857888018,24.631864170503544,29.41658770995353
2021-12-20,23.909758336897127,25.96895601139615,24.760515301202904,30.90795407317498,21.469261331775936,26.185053574948487,18.210827745550045,25.322869617107525,20.189045164852015,24.597913450196984,29.52763642102315
2021-12-21,23.629169706460328,25.58508770710134,25.257811893382986,30.413621918072582,21.331038713398456,26.23802041960433,18.130196513699765,24.96032762900023,20.08098512422084,24.71715437997932,30.024150911476838
2021-12-22,23.618017981597244,25.448790607105515,25.181367607756318,30.469717240244805,21.296588087060346,25.990721970609616,18.16946316171094,24.795856041813845,20.018643359228125,24.573596624876583,30.04840631148667
2021-12-23,23.57226563266387,25.371852707941713,25.197312077785273,30.485181339956984,21.281450218492036,25.960996209687853,18.208029215686892,24.843768862977786,20.00927533062943,24.809330344578857,30.119487001370153
2021-12-27,23.449735264221875,25.302039190706644,25.043133026576403,30.237050224046712,21.244474303547797,25.743644485450705,18.158526201018617,24.656542870956656,19.903863236618434,24.711019460672038,30.24544673423048
2021-12-28,23.467266621752678,25.311142527374646,25.08797803308661,30.222981459362085,21.24617486581907,25.96822781263619,18.174383823143536,24.711439676271798,19.915126132273624,24.642163561699345,30.301449049044955
2021-12-29,23.538303761733925,25.333283651952183,25.129055932447265,30.26642385456703,21.27958082214514,26.01439255457486,18.190458455136024,24.725074596723594,19.934751943593742,24.679232492427605,30.334825985144093
2021-12-30,23.650133331778104,25.351395130312625,25.162324157243987,30.262291114546414,21.28903826077208,26.053437563111633,18.201704326052667,24.762751128104895,19.951860194808123,24.7656473163136,30.43027984025837
2021-12-31,24.0752129047842,25.439653630146058,25.432134008895424,30.324158871302537,21.351527597202608,26.25384595031933,18.300636640286008,24.869640495167264,20.055860456874278,24.84818396032773,30.537484717571356
2022-01-03,24.48312138140937,26.94829915787919,25.642183480042107,31.390483717695112,21.816828251390586,26.800827824803036,18.668683961054146,25.300675794539828,20.691092469010965,25.261114224906844,30.751390487205377
2022-01-04,24.82704213329483,27.638717783021367,26.007599971951095,31.507775661542777,22.381270490058057,27.972080542169266,19.072749276579124,26.35822006617567,20.958241422493703,25.73542822814045,31.096361108106287
2022-01-05,24.269119013886968,26.875278047208884,25.954659340656793,31.41700099624228,22.19234474715505,27.83540999420932,19.03222589553739,25.51634347752235,21.315030688307377,25.515703372229588,31.445530815711138
2022-01-06,24.315568318664738,26.738200128359257,25.894266295698543,32.01256028186665,22.520804880766292,27.444637602932616,19.149373394826465,25.359472153023187,21.3414877667916,25.3280009814355,31.22912960762974
2022-01-07,24.44017667136223,27.049175128368407,25.923886160147262,32.04834831787197,22.663015680865833,27.590103008009443,19.194483844575736,25.43868233718815,21.399893440504293,25.381347663551622,31.378920250738968
2022-01-10,24.463516414630515,27.058492664541895,25.974103123703756,32.00600432541876,22.68980654655573,28.665180061894503,19.255627867392946,25.589185062289456,21.436287063210347,25.40465389439842,31.432408063049945
2022-01-11,24.358838599174994,26.98337070075048,26.09084204782097,31.863450435662543,22.658876721869,28.68274495080098,19.271662798227204,25.455351824816365,21.42043713999393,25.67581018908413,32.0699466571052
2022-01-12,24.380068840803393,27.007720789539526,26.12105252707819,31.914852411232136,22.685734007401607,28.742795733145936,19.287583382237784,25.478163459051327,21.514238757468284,25.69527279957114,32.102129579487624
2022-01-13,24.343660340222137,26.889375866236765,26.341880831322552,31.893950353558697,22.692181816525643,28.805003020648527,19.487627978175638,25.48040619547892,21.478521969849844,25.73460400141856,32.58316418161581
2022-01-14,24.61884921075056,26.990236431609517,26.44750157173499,32.38609155604985,22.923092799329726,28.879384046653467,19.55670569265444,25.787873321336424,21.558871902095273,25.848782370398204,32.681910765926574
2022-01-18,24.160418270054137,26.2772721389038,25.63831295413457,32.80433704617526,22.428003734279915,28.05300947074638,19.269367517021916,25.178588296278136,21.175682868257223,25.486504016712804,31.71403336210946
2022-01-19,24.32969816856613,26.273320117135164,26.12191216115386,32.82986472437706,22.47323239857593,28.0841248780339,19.287970374269204,25.20169993642229,21.30630418335869,25.55063000060346,32.00016644875053
2022-01-20,24.05731242931449,25.878848988773807,25.817162534663467,32.49344275682295,22.32604650430793,27.92035027784855,19.092809914882576,24.89791121388975,21.014928097123406,25.16215929393317,32.299055625955035
2022-01-21,23.91615278372057,25.423711162163926,26.528143776023285,32.036715612109994,22.07461710790051,27.617721371008734,19.114970506381006,24.6715414359336,20.768719107674563,25.68686546811385,32.73164538112835
2022-01-24,23.928531129382783,25.41347060502866,26.878875031276767,31.951976504586842,22.096817052482844,27.89476255925064,19.25206285111598,24.6599017833629,20.81991487127096,25.75264740536547,33.32622038428689
2022-01-25,23.861408631324498,25.29913940520513,26.74200965409814,34.23081699715612,22.556914498060678,27.74801040266474,19.300880083775365,24.528449616058317,20.84850226552449,25.944765229145165,32.78886069059471
2022-01-26,24.00855032456973,25.383705597830325,26.775185988873538,34.32249861064726,22.90943637434512,27.775575036630457,19.350122241684538,24.930505548323687,20.886528216647548,26.027766937883268,32.752226673690615
2022-01-27,24.325353978414817,25.852331547119295,27.349682120343825,34.6369837047116,23.11311661194307,28.165568845900253,19.572635565681583,25.104599549063504,21.150543722317682,26.630079726361604,33.66488591443751
2022-01-28,23.66802734191601,25.327290388897516,26.750227736600728,35.65480686761774,23.047691608150377,27.212466338100988,19.706869166078622,24.438102810947846,21.213533851293807,25.787829344052625,32.9529485023958
2022-01-31,23.139061071240512,24.61963812140823,26.63201817595508,35.471251574991314,22.79573248889086,27.290815634780387,19.43716229244634,23.96349635946349,20.746774317511356,25.257329625340002,31.821421085535373
2022-02-01,23.26520390254446,24.683364138627336,26.806866925034544,35.65155605846491,22.864172666274023,27.3963712582864,19.498493354744642,24.085746484684766,20.784357968130887,25.734821197297205,32.61964379270545
2022-02-02,23.254199978261394,25.061969349875735,26.52515872151601,35.95242820094827,22.841321745776767,27.131195155084427,19.474489756392508,24.081579418338876,20.85189621573379,25.510206971823933,32.202907963846336
2022-02-03,24.93888965690189,24.86014641928192,27.184241382336076,36.104242519372114,22.942083131799578,27.28048601373564,19.420783334251844,23.92386366349761,20.735717585746052,25.380662608429134,31.950540889886287
2022-02-04,25.164778607661624,25.699715075417334,27.53788394676556,36.73121544418805,23.68184387978086,27.441497334166225,19.665693504104723,24.144410933079676,21.073625558863448,25.5670748503549,32.14208734361457
2022-02-07,25.28500372278984,25.74663755853659,27.82878707131069,36.76552785300685,23.721039632264524,27.560227156178247,19.724886913212007,24.228640823896438,21.222210593155506,25.79431289216389,32.46499581177009
2022-02-08,25.435841780080253,25.715232865528808,27.77452340181748,38.5417456633177,23.794990251995976,27.465727047776596,19.809411869413047,24.185838241952144,21.358818996429452,26.20002989776431,32.4520322327084
2022-02-09,25.4230139540298,25.79955995227623,28.430034655256698,38.75647764127471,23.999131797738723,27.50038369552711,19.837585598452794,24.133409074490896,21.44109333316004,26.20449429274369,32.63569072807521
2022-02-10,25.249303640122463,25.522299106484088,27.877660720525082,38.91025110073008,24.160087575605647,26.822426252463554,19.662385606322232,23.63582355411842,21.41778732371992,25.936686921749956,31.619966569792425
2022-02-11,24.743033575507233,24.963776829773014,27.6211794740399,41.326270330117545,23.96209701171725,26.277482179639307,19.4491115079595,23.249733718533665,21.0909811796958,25.24277711210517,31.631421552469757
2022-02-14,24.863814081349116,25.332981057140397,27.65283331759143,41.58358222710146,24.0104305765661,26.35079023998939,19.499803970257503,23.319352733371286,21.103185963671695,25.194201826865164,31.630396494643666
2022-02-15,24.80076508486396,25.308562156955954,27.955563013161978,43.51950437581733,24.051496430054012,26.24700375980393,19.536583381989363,23.27333401671569,21.123549881281946,25.268708544156272,32.39233537586885
2022-02-16,24.89116824189999,25.321435681284367,27.963275777844533,43.523672370367365,24.057739415739345,26.249755679359527,19.556967928088792,23.277345457354215,21.132710317515503,25.28114671846135,32.38762236443856
2022-02-17,24.4852893111193,24.858898203539955,29.599743043535792,44.03967284470434,23.754334989454197,25.912254029284572,19.427574834865307,22.941536158789344,20.92474021198154,25.28403187049565,33.07817943361042
2022-02-18,24.482210236968395,24.86578036248406,29.722634415101943,44.05232677300499,23.7871055723898,25.920276230173915,19.43128267175964,22.981316312620645,21.067698294635413,25.29141292227779,33.09562080994302
2022-02-22,24.40994438148742,24.87124072458001,29.462344596627936,43.502586047749716,23.757996917271477,26.003224073477654,19.35335860269328,22.95179817188967,20.887033278395666,25.275269842932214,33.113886883639374
2022-02-23,24.185829470294244,24.66278161280735,29.13468185041868,44.77769241395066,23.540677943938064,25.779331291922,19.162755395912352,22.70130355123454,20.72487284344259,24.993193350289452,32.41255224796397
2022-02-24,24.206674894679118,24.56187179673002,32.32089624366473,45.355018402110865,24.31172883738953,25.909059844566507,19.417678834557154,22.761776501816193,20.91107469659293,25.182588904872848,32.80210218262009
2022-02-25,23.408313816055216,23.630569678295917,28.473575088668536,43.625604855382086,22.676713152987656,23.844060514803964,18.66292123461399,22.39820222703192,19.545285226993176,23.346488994260596,29.337397417592186
2022-02-28,23.49650242308556,23.744651221873404,28.83701093784695,45.68077153954986,22.95319181676948,23.89189971133434,19.024195759803625,22.440800922258553,19.703811128067162,23.887120298040873,30.01316418643935
2022-03-01,23.11502916203946,23.388523319385822,27.828942722600214,46.413119995946936,22.478375036987163,23.386538254138962,18.584174647423126,21.92451074542452,19.41144283755134,23.844960020428402,29.60310197816875
2022-03-02,23.04283772523843,22.98311440924195,27.411766324845292,45.05853965106823,21.95759786952716,22.903003549720005,18.305126722974112,21.46947698223692,19.105767351904927,23.364898348109453,29.166705461793725
2022-03-03,23.293466336651253,23.61730074988141,27.553792085876967,45.06137788803462,22.061676676651043,23.064271572764135,18.402274755121333,21.689465404726427,19.189976923131784,23.618813085707668,29.525753336503584
2022-03-04,23.609295831766094,23.902059081225897,27.80910515864991,46.67516678265806,22.502102792764433,23.31288142513678,18.568074670571455,21.99650279430733,19.340986381357773,23.944957570216005,30.60679006137245
2022-03-07,22.718020842393962,22.943237535411377,26.700852756865096,50.65183791233216,21.735549199452606,22.451636055691758,18.129719408550187,21.292901232188193,18.75820205583935,23.340375261061,34.26019899724324
2022-03-08,22.931532261470846,23.23597173027385,27.173220248049994,51.27805032837309,22.005063012946493,22.92082936302031,18.354379409280604,21.47757574346055,19.13237350211418,23.465950884418305,33.94509776943116
2022-03-09,22.23624172154748,22.547705420877804,26.77959744499663,59.10436912378827,21.56703747992874,22.152291809806588,18.17999226820176,20.835300540208355,18.82799023971274,22.944394760362645,35.098745646604876
2022-03-10,22.250485753281357,22.722225188611326,27.356620670721664,60.568428865830114,21.631521497106263,22.172877507609773,18.245707410009448,20.882591561941602,18.862314876836543,23.01907422138827,35.386811580338886
2022-03-11,22.122809704835937,22.552058479696942,27.13183592029908,60.19562308797275,21.621604610984622,22.061271121579125,18.16854233488477,20.794643183667937,18.80702871210495,22.878499507544802,35.32057877306507
2022-03-14,22.279333195922103,22.73712756691069,27.346496649303898,61.12529906785669,21.97012023085877,22.290046844293453,18.36671475292451,21.091078238680815,18.878892564212165,22.966301979795272,35.456427779305535
2022-03-15,21.995212499480758,22.349024917088954,26.65128194645045,66.57351472175318,21.86832669134919,21.914617424916745,18.220266799107435,20.772039557912212,18.711510935602515,22.82424679561627,34.7654217084294
2022-03-16,22.07402469064988,22.397913760561057,27.36491674257357,68.03414676167071,21.98585083086334,21.983405337641653,18.375080973401207,20.865171925655485,18.86288027475949,23.003865341055544,35.49008599381743
2022-03-17,21.98214922967282,22.306603201846485,27.212992225645944,66.04700582351471,21.884623833647304,21.796958511734392,18.27046522886964,20.889228694480845,18.69388626352377,22.783208942877483,35.430257600733626
2022-03-18,21.979539246541894,22.329631856376484,27.229523376869015,66.09855921813744,21.906866285433914,21.820265385756322,18.303348387214545,20.937832799461113,18.69831463076321,22.85743338418341,36.50488532057729
2022-03-21,22.010714125262048,22.357368786099798,27.181711121221745,66.84172903294426,21.914054817907118,21.791529863379854,18.30561422490023,20.944480603521974,18.696741418275774,22.93620768363424,36.63171703064117
2022-03-22,21.87944224264363,22.273560440892773,26.96884826760196,67.52906297594726,21.795707568941452,21.763848384308933,18.261311317070835,20.851769929979675,18.648932266259568,23.02450171249889,36.615985028606026
2022-03-23,21.7196368383833,22.088804243821077,26.682743703143224,68.4558545180398,21.61482576631048,21.72957272243135,18.188018761552787,20.667584433543396,18.602619412446554,22.861810440980708,37.05452523340293
2022-03-24,21.51042903576002,21.994720287199712,26.45910557247827,68.5916899104288,21.58773901954789,21.400874670781985,18.119046068624108,20.44960518223327,18.607767893849697,22.709852935331803,36.581569314737614
2022-03-25,21.523283764243715,22.096088354054626,26.323159261371764,67.51949242151952,21.52602849585788,21.398899120668712,18.081875731482157,20.511614838073157,18.576637256193262,22.61837709204382,36.196599023812425
2022-03-28,21.55737384470191,22.223249765231092,26.237932641367372,68.80675837492221,21.639284890480152,21.34815591410937,18.12349391247986,20.50397391742153,18.688312717514506,22.59465743757443,36.00423109204545
2022-03-29,21.52388652433756,22.24063166789827,26.133877457403383,69.30076141853377,21.863419158237672,21.45387917700007,18.17459230518873,20.489404397934276,18.76461934672679,22.822333642138002,35.737146179835094
2022-03-30,21.52322640120003,22.25725552109506,26.123143185080895,69.5992135444681,21.851377372749173,21.444279003904814,18.18403019941266,20.47680443868656,18.797321136306667,22.833829037578806,35.87848873325814
2022-03-31,21.338920423705233,22.099760460956198,26.162623424942065,68.37063201983497,21.61822152587799,21.24535842075125,18.036302783976886,20.37550955909571,18.68796675176091,22.634867164035672,35.905726649265226
2022-04-01,21.38593499968025,22.18611727628867,26.28029767138645,68.42140606487905,21.80300789350596,21.326397455962486,18.31602532991539,20.57137333585911,18.790113093261816,22.890929791257378,36.06636379654849
2022-04-04,21.920599663484698,22.348113596139395,26.36471269976167,68.11179891765417,21.94487502294999,21.645331928952636,18.434171568994813,20.736221950839493,18.866215943218094,23.087395404642834,36.59570671053985
2022-04-05,21.82295393574143,22.16379916107673,26.395991572961613,67.36566462874116,21.92801103396913,21.885118916745768,18.52810632630504,20.663314464340093,18.895826811611354,23.15930432862871,37.04070017648174
2022-04-06,22.300861128046716,22.75100362898389,27.14472365428431,67.74992197698886,22.17718255708432,22.756657314368194,18.784123230313657,21.288276138269854,19.166578811810837,23.8130409624074,37.64942226655318
2022-04-07,22.56611579216224,22.785456449469084,27.52809809851532,67.67911091676305,22.26122378804786,23.415204563521133,18.828389092504743,21.398294996089252,19.246456320588397,24.207685890788568,38.2043369568087
2022-04-08,22.700067956001938,23.010670776931633,27.597226079673565,67.79425597363942,22.479762013088177,23.651111965281192,19.000851904809373,21.650634221473396,19.36360434690532,24.277658584882797,38.26542150525817
2022-04-11,22.69079768941619,23.020953487884,27.811748058670748,67.54575128757708,22.6373671385855,23.603534400784483,19.13384441954759,21.713761400540005,19.51363956226845,24.18729354831101,38.02854041367628
2022-04-12,22.72088867084195,23.145778601405777,27.86119120024048,68.43066828607107,22.734279756281335,23.82416970037125,19.220478018042282,21.74469119162147,19.652056641840765,24.235463399408395,38.18226056843855
2022-04-13,22.63241706545324,23.13919095523051,27.764191800006767,67.93032471212747,22.9107860480596,23.713558078533207,19.186600741186407,21.687615267874424,19.623942364247085,24.22012875125047,38.38821653653724
2022-04-14,22.52821358333275,23.019422705984745,27.75572318903296,68.0949681432256,22.806796601709163,23.672906620464893,19.209117670305844,21.601441520192438,19.579518388122914,24.12315911840733,38.38593739498969
2022-04-18,22.559149304372763,23.06259189848335,27.86721365613308,68.53338559557594,22.99807524724581,23.84958061829146,19.24239956187889,21.656677887243188,19.66130169775616,24.180653811618964,38.324130164828844
2022-04-19,22.214188823537793,22.710420803881938,27.14499666930755,69.43993858993679,22.77674848280839,23.43330466790178,18.994998616862052,21.406897285177383,19.550920871064328,23.697224451899345,37.975659230349244
2022-04-20,24.15478869612681,23.13157533140511,27.40773621495537,69.48999143243914,23.013404769677106,23.754892712814815,19.208251531760567,21.754750132352488,19.74481674661987,24.18274361292066,38.0881895066555
2022-04-21,24.03067895888691,23.03455219998863,27.759571946774585,67.16705449162116,22.72145039657896,23.421096229848725,19.118063633344615,21.63621189881738,19.545340140969028,24.307932981268678,37.508110122894564
2022-04-22,23.617983705533234,22.456005377914458,26.494062929668782,62.91268728101179,21.845033007327526,22.32012810633752,18.505114202876737,21.12468117339879,18.846456111979183,23.580999808212198,35.53865552440572
2022-04-25,23.700481001451184,22.473319230221627,26.46228730782847,62.00917075301939,21.835219909259436,22.358375333631063,18.516289311623797,21.138126511268503,18.863979518359084,23.5595383530197,35.5443664685589
2022-04-26,22.768721008493717,21.57668558279459,25.25347409169662,61.101300576737735,21.093196839189826,21.494749296813037,18.003633339215405,20.399200382979878,18.48839786569408,22.75108728513301,34.34938633474541
2022-04-27,23.665391579606837,21.71449030503615,25.42275741937289,62.596618406051675,21.246871621948408,21.643245567334766,18.190601135833404,20.566336193831784,19.06101958774193,22.926024361276724,34.6160969658249
2022-04-28,23.070252843947895,21.5907820609018,24.85052498646451,60.154353414826254,21.112671694424247,21.224258906790986,18.04034052646113,20.29578902018959,18.895039854521734,22.476250314866412,33.74902447512642
2022-04-29,21.88428473659655,20.360762953169722,23.10208058735097,57.0181401509912,20.04754239065039,20.13049285548012,17.356529922028923,19.329833762325205,18.344681775188654,21.158116962049057,30.787186443149817
2022-05-02,22.52091573725391,20.74199369665506,23.421775029207346,57.734843028225505,20.208291388419898,20.327715853958154,17.59425761956772,19.59544623712741,18.473059590368305,21.83861711011521,30.81865865580904
2022-05-03,22.53948669036614,20.757913888654315,23.544308426001294,57.438448746547635,20.208153391088146,20.34638191643726,17.600731884416927,19.607202261104927,18.465694187327518,21.85972750315122,30.836355657975062
2022-05-04,21.684334369211218,20.237836825072435,22.489147922044832,52.495414183134784,19.51886092614367,19.713937836525698,17.0863631266171,19.053668412275986,17.902869952118923,21.56078588723244,29.197620046741978
2022-05-05,20.798143971607207,19.374689429206846,21.69051833951525,50.383763040159,18.876919053965846,19.14354588875739,16.576211801251866,18.30630733367044,17.317068585416763,20.8184648338681,28.596449091903903
2022-05-06,20.905253901510605,19.402613008279218,21.810260374697695,51.97453167878141,18.9213610582775,19.173794957148743,16.612830339603136,18.33472540056422,17.362764803995233,20.82646279320407,29.06268521719502
2022-05-09,20.590619995045877,18.972977350186472,22.81801755130462,46.687750077447916,18.654415325309635,18.799501967076658,16.389362690365026,17.998232594450194,17.078107349591036,20.415672385949453,29.65253271147529
2022-05-10,20.696395854968547,19.034191545128188,22.84659872267542,46.94641673284596,18.706101981783636,19.029104168148223,16.433575462637297,18.13618781529808,17.1400759000404,20.709517972546916,29.552108796666545
2022-05-11,20.72451575679552,19.134042982289877,22.893884976353167,47.27562161324501,18.717915235375834,19.06044443328724,16.46249658473833,18.257446375883948,17.240862024107056,20.811305073770214,30.042446995281264
2022-05-12,20.806755179496804,19.179018494832224,22.967231659016363,47.32420757127408,18.790216884862375,19.209366743408754,16.50466334679754,18.41785029774323,17.2715535247037,20.963687728305562,30.459902805907628
2022-05-13,20.484973135027854,18.92569040689392,22.573983744525975,45.944776373375355,18.628847431972304,19.096223968364825,16.426122582332244,18.200291614730478,17.150228053461785,20.62456260655829,30.077534125234006
2022-05-16,20.541993432467333,19.093033094574864,22.642180111385045,46.7351178369831,18.714743767124347,19.258389221344515,16.47170775860698,18.256250282987025,17.20769219453287,20.76747658469124,30.131386877834753
2022-05-17,20.324541932980267,18.900208190161244,23.567516301009988,46.59127467278755,18.52522930194087,19.103110922203566,16.40729720039654,18.084839205414145,17.13086700594542,20.58653403677523,29.738073794531537
2022-05-18,19.5362336502946,17.766502860566348,22.321911799347603,42.656818703553675,17.91340187831735,18.152840654754563,15.662111614670495,17.39252271932628,16.397107217126702,19.601557318402282,29.4703838337531
2022-05-19,19.55037643359007,17.84034919507269,22.31757147441527,42.355990234502,17.881286047345398,18.124578111458707,15.66914756703684,17.41431080062167,16.50066543683239,19.593833673854913,29.23168691344723
2022-05-20,19.61426838623033,18.01363233388397,22.427434323842867,42.405014956656295,17.933424141954198,18.342089834630233,15.822424931088655,17.47722530925503,16.556509053040493,19.69837743295763,29.297308410462364
2022-05-23,19.459624008241143,18.088291742176732,22.05863381451502,41.34257360394487,17.803666257772335,18.304961384288656,15.68022760543741,17.317154027402122,16.42593821367421,19.559493898547206,28.90434873551233
2022-05-24,20.153526899738488,18.361453827390598,22.447165007090504,41.40423417877446,17.926397613952318,18.4526403057354,15.799541001348297,17.493006607043053,16.55708894817278,19.814764071698644,29.214226843028555
2022-05-25,20.100224997326123,18.325569344855804,22.559968504518263,41.073601972819795,17.897016018505933,18.501866444658297,15.785113205268459,17.472573607761657,16.53551295330428,19.777716312456263,29.245636587067963
2022-05-26,19.998463634814314,18.39845785125906,22.472255009340643,40.936279078772756,17.815355226354836,18.593845751825896,15.756552030165274,17.4431607542185,16.493594130011697,20.112246880647792,29.293155137304872
2022-05-27,19.786051067529957,18.19991512235631,22.277821546091303,40.50767991942152,17.69748925853107,18.320982575852955,15.622424693655582,17.26496571361688,16.313557293953693,19.659614026760487,28.38765476426033
2022-05-31,19.893729847457305,18.37562659194145,22.248977114171918,40.15995971617689,17.75817468153333,18.344300484442872,15.621437237642688,17.293650028432268,16.346118494915153,19.658253650500622,28.447097805413822
2022-06-01,19.87750676131786,18.365759558746372,22.20428278287064,40.88497630126958,17.749072256651683,18.351491203955618,15.627638476009553,17.322391778993527,16.343883749954486,19.626355091371348,28.533001440689887
2022-06-02,19.68698333236002,18.214683676375433,21.936262023800374,41.536721372394794,17.694572884285442,18.3064485634932,15.556587689066959,17.2031684672368,16.25961468328996,19.460491249484598,28.398336933926586
2022-06-03,19.53071677862299,18.094804989439652,21.746975883830807,42.201741073537924,17.60902676685158,18.197747087103636,15.593735345021035,17.101704835953413,16.207339469224102,19.341490679081648,28.283965487817586
2022-06-06,19.528476471162072,18.101063424851265,21.766492472607972,42.30153831428044,17.615828456007527,18.211953475745823,15.609258960342043,17.116490977605405,16.235232165556468,19.358040101361755,28.324836450146552
2022-06-07,19.52343414349358,18.19915398828196,21.731788209213338,41.94002596647192,17.600920734078056,18.180578596766356,15.610173425995027,17.10458210554952,16.24058678153215,19.31152740962221,28.225770905368584
2022-06-08,19.746047455079964,18.325355126616447,21.609963075516532,42.225954599001554,17.556920980653427,18.148564491678805,15.576084043348484,17.18083953211935,16.240378536252596,19.251652094180784,28.048613782719972
2022-06-09,19.390175149170883,18.277211990013537,21.25206665414429,40.4852300878037,17.252374379682404,17.77164095603327,15.398022743431255,16.96545630817379,16.03128486979689,18.886965370309873,26.828615229777252
2022-06-10,19.114029492916362,17.990545926098537,21.34014213959581,39.47084848817247,16.962426635000625,17.624913093330882,15.219750563523835,16.75716650122891,15.840154086403633,18.540244796680618,26.701128804290597
2022-06-13,18.3316399837003,17.454514968099875,20.58220673181825,35.536952947283154,16.604446429329528,16.977548650225252,14.892955032213473,16.26503437581482,15.38937843008509,17.62140755218709,24.142480180581316
2022-06-14,18.378041091743967,17.489599662975724,20.64219389834834,35.72098819154343,16.635169302248315,17.012880640078407,14.979781621411718,16.325261916675114,15.433466012635321,17.707124408772344,24.222505776686535
2022-06-15,18.376475869499735,17.514774880616244,20.805344783271085,37.250906892054765,16.65291185356693,17.00222525810699,15.010623595040801,16.332985155603684,15.59601504146461,17.77161418894966,24.15253382069329
2022-06-16,17.974530348290582,17.05505009157505,20.738055908931504,34.44813906805172,16.380807021023895,16.666263183412404,14.730185978595763,16.00282167478472,15.332399128115473,17.330266843610747,23.26749199929653
2022-06-17,18.091288069305154,17.097751605106495,20.82210400366506,36.31095765411074,16.455550139210963,16.718012507718015,14.791904888626812,16.04002601893266,15.397343113025123,17.46481516736393,23.40696698423098
2022-06-21,18.120851856635245,16.93734175843623,20.462677694028848,34.89824159218205,16.311008772653697,16.532390029123796,14.675930785391728,15.921202046865751,15.339306436034617,17.3984191010764,23.013115558599793
2022-06-22,18.19530647445007,17.00982371321421,20.581821400620935,36.402233522279744,16.40134831807667,16.882554704544088,14.791366772225695,15.997485285374086,15.516959711901727,17.583215510822875,23.037404363460904
2022-06-23,18.259340576886075,17.068739168755293,20.71614877661591,38.130472121603255,16.587130391006617,17.034209538646753,14.970629779264005,16.057027562774326,15.936405118515184,17.6958926732693,23.36692455325134
2022-06-24,17.83958713831041,16.839846665105913,20.333823574415476,36.91884505114154,16.224968432711044,16.99021970262928,14.723814592333047,15.863246169414435,15.605419583802732,17.504459003312107,22.832245441772233
2022-06-27,17.832101331826642,16.835639755708183,20.34372799288657,37.149600643025984,16.22990330984824,16.99704843621388,14.732054744932062,15.863300393948743,15.633232637167518,17.532405764176705,22.85868473035711
2022-06-28,17.801180229806555,16.865114370383267,20.259063988888375,38.98605978319741,16.266054674122106,16.9479179651959,14.754117311453092,15.854974187003531,15.658904463258105,17.495918694655533,22.862152317363922
2022-06-29,17.82696646683866,16.888852098056674,20.36567656666682,39.50466646504866,16.296895415455946,17.081830536635316,14.79051893119285,15.882091881730487,15.71309594317452,17.528437960752065,22.966714502022466
2022-06-30,17.839472627642028,16.903789288427845,20.427948536987348,39.4464102172271,16.313092765713495,17.109605047379585,14.858311601245688,15.911664474803416,15.744545295714085,17.55888819740761,23.33989963506089
2022-07-01,17.790400512750733,16.852144000715057,20.332811726771315,39.197264394587684,16.25913558747581,17.09237976203322,14.841925182183644,15.989995389727612,15.732115289047696,17.51424704893256,23.40551622269495
2022-07-05,18.51114732701878,17.31145021165892,20.51349999890065,39.341107707378455,16.421653904887286,17.28250488841756,15.041721677374904,16.306771805103434,15.952838552013521,17.716991058350228,24.545611318777595
2022-07-06,18.514900546917747,17.343860079943198,20.55032421584174,39.650101506410365,16.443498310817006,17.302919855609034,15.043486562204517,16.308020247244446,15.953834916829718,17.759011649871958,24.528429741946596
2022-07-07,18.523934867065854,17.380115879743265,20.618330107265155,39.47034392175059,16.44642101894361,17.368038094128536,15.063752324978493,16.340587355810985,15.979797325567432,17.879440555855567,24.727790587704988
2022-07-08,18.535615594855958,17.412574372646507,20.638385158130152,39.48872032470784,16.45711325439126,17.405727388260004,15.078315216769042,16.370337953162217,16.035111438576134,17.907723067716706,24.77492809841357
2022-07-11,18.691688543129924,17.48888465452774,20.682345146172214,39.433341482888004,16.478322045352904,17.444832924380542,15.103706761810445,16.402418664061596,16.090553111642368,17.97510552609953,24.979755470633723
2022-07-12,18.71171697652153,17.48648687153942,20.685136176811643,39.22658046073029,16.467414382744032,17.46209464369973,15.124937596763383,16.403439237081695,16.121719868601296,17.960410858393747,24.928431252398678
2022-07-13,18.726779945758583,17.60200431444695,20.71526232823011,39.160303593153685,16.46794579688738,17.536360835497184,15.14974706672006,16.419849452665662,16.123175078019226,17.96144003112795,24.89829953821636
2022-07-14,18.75956406166192,17.668348892383413,20.786196759537585,38.97153624712154,16.55007283673709,17.596527180270623,15.18739892088795,16.540667728980146,16.206483796570605,17.984248884564526,25.0603380987825
2022-07-15,18.65179430807915,17.658954135394893,20.983148318891562,38.71856996367118,16.534507963639946,17.62791809415591,15.163944769107603,16.51903167458929,16.166294338365987,17.91845083040673,25.20628745586745
2022-07-18,18.758300809607828,17.804364749744067,21.08492809067077,39.27498314020843,16.60951358770598,18.025802384834876,15.228998746431344,16.584635701038394,16.310256851607612,18.02212192134513,25.634419541797822
2022-07-19,18.35473198375408,17.566863408071217,20.913034185791275,37.75467054369236,16.34913521178331,17.65641918644257,15.057380327256137,16.39378836775588,16.064668891643468,17.649481759654435,25.39501102769521
2022-07-20,18.605878905578535,17.728260559279832,21.150564102243287,37.85738191426952,16.434968203398135,17.975327022375346,15.178557167315818,16.63673960034323,16.14959406835132,17.8069187479726,26.13644733247777
2022-07-21,18.675343996993394,17.786671103576207,21.190317330982808,38.88022117377975,16.4593112066281,17.996981674608335,15.200064780704414,16.646041866472597,16.167024231943124,17.795170118995635,26.17740776914083
2022-07-22,19.017283316522914,17.832505822940032,21.40789244238587,38.79228447325354,16.49571461403181,18.036317885880774,15.245119249534325,16.69330753784846,16.191986704413587,17.895351731047874,26.582030590836343
2022-07-25,19.080926791681364,17.999426854618992,21.45188051689689,39.38277354406381,16.53861177423414,18.060781383048706,15.284944492416402,16.792902119645454,16.239578038484783,17.94733744343856,26.717433057929195
2022-07-26,19.161935265896627,18.163076500941337,21.52589432321996,39.39060572935116,16.59896616755544,18.256920534306186,15.330116764020312,16.846763828638988,16.282501856935667,18.074346952097418,26.935220346821136
2022-07-27,19.12360803908771,18.074336525279886,21.49123378606273,38.9150462871994,16.568534240759234,18.328489212142138,15.305064748737667,16.88568518031156,16.273532125303923,18.163297617805636,27.1616411169597
2022-07-28,19.576715164025334,18.06487469072455,21.363075363907758,39.29424072222031,16.66531972176441,18.489729476245117,15.300838053470912,16.90308870734665,16.27656925054166,18.16834323211039,26.72981280691063
2022-07-29,19.766920881172258,18.26295795237287,22.055732906004298,39.077780505532274,16.727172751774567,18.84731739303345,15.478979098431234,16.99699233621249,16.36911093652226,18.28389935036435,26.877864878376105
2022-08-01,19.82583667912163,18.320774123408157,22.604953058607556,39.268692449170345,16.785923566078257,18.948451377113372,15.521262128316607,17.036022971064703,16.415472660248458,18.39145640765266,26.979921346477457
2022-08-02,19.89763593753821,18.31261891184255,22.518260322482305,39.23949736318932,16.77032651437714,18.95085268355011,15.509060416041237,17.021003863295377,16.403295252301554,18.37628906349339,27.009879656536945
2022-08-03,19.886502006880097,18.321951478008838,22.463738033400745,40.660543487308594,16.792025960513737,18.921905635915397,15.527375154438861,17.04048946760557,16.511722702258602,18.40941771874086,26.98953637026721
2022-08-04,19.973137158017334,18.368813414814376,22.508951424108968,41.28326521767265,16.82145665113172,18.976994390427297,15.57535395758419,17.084034504225972,16.543511138595214,18.426551786824763,26.996866446898583
2022-08-05,20.00429244110864,18.453006536111097,22.50358803672045,41.535510578858556,16.887938035743826,18.981276152621497,15.598499151941652,17.100707831049338,16.568907172015447,18.448195301045086,26.98792451074222
2022-08-08,20.010359582414555,18.456040799193556,22.517215707411555,41.52153549494325,16.896696000737037,18.984652189940995,15.607164786828175,17.15195833077048,16.578645394967,18.481806891400574,26.99740846783519
2022-08-09,20.05961832651206,18.559597029363,22.577019167881758,41.67061008143957,16.98186353037814,19.03243092733274,15.644217067975486,17.217539877720096,16.61846618393985,18.573424751926996,27.19795523384706
2022-08-10,19.779823565864618,18.359084964529355,22.450463247773712,41.29666982829194,16.827198535381267,18.90115956408806,15.52554726170365,17.05230622982894,16.4808429893729,18.42347498278816,27.161939385690694
2022-08-11,19.81059479374263,18.384776903001985,22.482095713649617,41.29505645169525,16.90435569935154,18.99660281368448,15.559169657449528,17.073094582081975,16.511960030671847,18.51687068128008,27.235748463137277
2022-08-12,19.622268854338035,18.21354801910857,22.258203430944715,41.12943257870551,16.77307925961641,18.787541876807264,15.46066450903251,16.94352389973804,16.37811677999711,18.29930544401605,26.718569802920022
2022-08-15,19.63704979419241,18.229691933078744,22.334258121891544,41.8809606293709,16.815374804460546,18.80330534366507,15.481497403691314,16.962347937338716,16.409955005413714,18.31822044732029,26.707247558322926
2022-08-16,19.655358615100997,18.25829856297023,22.457809123719947,41.94184589312251,16.833759754672048,18.882960554421896,15.497804373814173,17.01015140226563,16.429161354184252,18.39542266638838,26.746335153821892
2022-08-17,19.652823622094633,18.24819645311458,22.429348995099115,42.10890608500902,16.84283664814454,18.874874569841353,15.49665448583894,17.004967227998844,16.426650549820945,18.407319226647044,26.745077695959008
2022-08-18,19.669890797302195,18.26654738687103,22.446580062453176,42.543167073655766,16.863869125738276,18.93981425528561,15.511772171250573,17.01579310107486,16.43820936361123,18.468409884992816,26.79128221016857
2022-08-19,19.626222603062953,18.234842657858056,22.481860361234972,42.60615536088802,16.87458583755203,19.16470424177464,15.507358257850395,16.99466287827154,16.449439536475648,18.464484222732757,26.84844071875578
2022-08-22,19.420368716141077,18.091350060939284,22.25327828059761,42.96119193615561,16.734510116965172,18.956016549990814,15.41316525388679,16.870772296413865,16.383779115352574,18.24338691927214,26.30282506925144
2022-08-23,19.492063642833614,18.15584288674681,22.303272373331147,44.05604248718005,16.793065374697576,19.10675833615726,15.489422522183121,16.92092139813786,16.584255524094484,18.346316301304302,26.311074516503403
2022-08-24,19.487095004766715,18.15394263659066,22.294963731686696,44.05495547670745,16.792860467669186,19.099766102557396,15.494553420401658,16.93340462049773,16.59041780563403,18.339412322082346,26.30053101158142
2022-08-25,19.361419026398153,18.13324597166831,22.306531266021203,43.85568536531309,16.716480084555048,18.983453236243484,15.439649936696265,16.87441801818291,16.53667602568416,18.234330591239452,26.19257587495761
2022-08-26,18.87016967066131,17.697489518572333,21.379294598321255,42.701334271570815,16.322573432197046,18.32690556694004,15.076765094352318,16.41480923511935,16.09312184092204,17.750062076753586,25.419740004030178
2022-08-29,18.88167373137152,17.71520432090768,21.40428505854921,43.57478481154099,16.337289080045984,18.332448828776908,15.092771116762114,16.478145089473774,16.1106821587745,17.744828751957805,25.738681349133397
2022-08-30,18.868975670189396,17.69454954725715,21.286726016599363,42.84653644483096,16.367539326029476,18.309656217920057,15.055786034698965,16.45614697465283,16.064961672251346,17.685513306212787,25.488563845141087
2022-08-31,18.974789430522794,17.683211608192046,21.24533978654174,42.741541740119764,16.349536252165354,18.278017456300933,15.050270668681431,16.453466337393436,16.06374360609523,17.68303807474532,25.40095707358419
2022-09-01,19.02581303931183,17.72788078722541,21.292927310733116,43.46731542417175,16.404208175472764,18.463514538048027,15.102584050662642,16.560618893683444,16.344862282233894,17.734636724757763,25.586016017211165
2022-09-02,19.005340819978073,17.746303938115485,21.270116339329388,44.71188481525742,16.435088413372128,18.46754139240587,15.129980581817652,16.56484253119645,16.51211064140256,17.753304440017278,25.513574225126202
2022-09-06,19.088238669094242,17.769734527291835,21.32176159439096,44.697612616931345,16.45257141006325,18.513954608956134,15.156997221506602,16.594269929384605,16.527431006540137,17.894307290129177,25.568423443924214
2022-09-07,18.911657204037965,17.61325011288186,20.997814103429572,46.367718958651515,16.33473301711222,18.327701153549476,15.089905696174652,16.54354812203391,16.40733104396373,17.756360117039108,25.128227110598285
2022-09-08,18.984344277212127,17.641967025312614,21.14317127077119,46.53222564547234,16.38764269843403,18.516981183587227,15.133426524496358,16.588222554254976,16.45506285920249,17.842262529058672,25.356820727200514
2022-09-09,18.89383210417077,17.576899458061295,20.97535111621747,45.68549141735929,16.369172313286022,18.452309830188725,15.072885402602818,16.51794617823741,16.38042268869362,17.821036404719536,25.38373358615106
2022-09-12,18.86406269004439,17.53814126035475,20.93704669811244,45.267548915272094,16.324946676780176,18.393016272179548,15.057862874341687,16.496166794780414,16.342886225516573,17.762751759962658,25.193063686222455
2022-09-13,17.86653297312172,16.8389895608561,19.574750619525414,43.198780946310514,15.724347415775567,17.461946957806685,14.535793834592702,15.830480142363815,15.739917300870315,16.94773258950859,23.59857932468245
2022-09-14,17.89448783672116,16.895371653676513,19.605505257832124,44.17087663082972,15.76464124273178,17.50310733916504,14.565937270127973,15.852535778427645,15.853466032973918,17.02582924538687,23.938807922620438
2022-09-15,17.998861079676523,16.980706715951328,19.64937831613541,43.92619932754292,15.926837126503363,17.793643726613613,14.601646880547193,15.905395760401369,15.89661574766352,17.156262073282917,24.141426515838955
2022-09-16,18.013458131285994,16.998297807854886,19.761509014533438,43.736608816140546,15.940621020139966,17.835230037252835,14.696514197429684,15.925774808746851,15.921458948916802,17.21386325447405,24.183528040570376
2022-09-19,18.022609801280947,16.990430924682038,19.765274168694525,43.61838383929203,15.949860607276939,18.032972456336918,14.696370553645032,15.94066693157613,15.951770825178322,17.297427199432725,24.202114673671186
2022-09-20,17.953524600130134,16.91759967307382,19.79095099998874,43.15285020630012,15.878438344541006,17.946273141142242,14.637369910163919,15.98906931848373,15.857325101737105,17.285126515287132,23.957881334139543
2022-09-21,17.848479453479925,16.842970619746982,19.875204531117088,42.66273728021528,15.788463010629469,17.81919890206819,14.592859043988668,15.956060614301586,15.783740302235255,17.227429731139306,23.696990625006325
2022-09-22,17.91744042180374,16.892810940851174,19.89847746942251,42.7518248896572,15.806247095834122,18.083701840577152,14.633065496434952,15.97752898105471,15.799908863704438,17.23838970531126,23.715232848116084
2022-09-23,17.814117846162063,16.815605398007037,19.70963210824331,41.47129015579055,15.757449224518522,18.129727823124657,14.585609175181025,15.968208876199414,15.725597514905566,17.18300680066164,23.522825275506598
2022-09-26,17.714646898438527,16.87602593172109,19.965213184706982,40.46975944761378,15.66987537351863,18.021453268586267,14.57461762765109,15.98098304722778,15.657788518190763,17.094562829416844,23.18748297178358
2022-09-27,17.757449046261982,16.96319281565061,20.299306233958756,40.859377841423665,15.721333586153325,18.10471438936629,14.625730842278037,16.031021275348834,15.799916369610292,17.188541428249813,23.299744927898807
2022-09-28,17.5456192359083,16.819760874921492,20.052292056366277,39.49358492394753,15.605249070182017,17.88814830067001,14.515756547573408,16.068336967721624,15.666121391236882,17.032727230078333,23.12039791701765
2022-09-29,17.42050085486056,16.653947275299615,19.865736881261263,39.61332464272711,15.57326689396964,17.90923382700184,14.47402974741309,15.952051308894971,15.626530237535125,16.975064067892497,23.373962722026924
2022-09-30,17.43267379995134,16.672629643085983,19.93006555841855,39.52302865003124,15.6439553489262,17.89985553633829,14.49476452775413,15.984841288668902,15.74577693947708,17.38531197821195,23.44059267453455
2022-10-03,17.28355906497885,17.156069134729975,19.737818425301867,37.85262774406996,15.54029101825421,17.684201958461575,14.39897784278737,15.846658061433402,15.628898107999678,17.380944893792602,22.937816602722176
2022-10-04,16.94341663019025,16.760953054706142,19.185222153511788,35.699099848010235,15.168285939931803,17.220018901985178,14.166118556426802,15.559125456308095,15.329256873964264,17.223316001626724,22.23894468144248
2022-10-05,16.96898968906914,16.78694827349016,19.233324096057107,35.988828173576564,15.201947513346353,17.31108055555445,14.191230008688102,15.689005715542367,15.359733782925433,17.367956320936205,22.544561925151683
2022-10-06,17.06547129929415,16.879271292715963,19.220374997113304,37.05728131522235,15.230945434772202,17.31164719486241,14.233604698946081,15.776200536560184,15.409855105531003,17.69475968250901,22.75848049898979
2022-10-07,16.922084760959205,16.713352954448357,19.078197986199278,36.761096619823235,15.111971212221023,17.09719758022802,14.159439454234432,15.647975388707533,15.282046181559593,17.57807917798049,22.51557364103496
2022-10-10,16.949219336578274,16.73899979539916,19.155256497290317,36.87348944230654,15.137831369700974,17.118592436364615,14.248875246627001,15.75377756183267,15.346145446575948,17.629616517485378,22.588986048650632
2022-10-11,17.062107957918727,16.79433536197062,19.3723276249036,36.95470936349286,15.231569970929232,17.22425588308322,14.316695749129707,15.87615929229507,15.395271290586008,17.81808456824553,22.665098165762082
2022-10-12,17.111459589506882,16.835611931499173,19.55812497374535,37.13788913929348,15.263164875891222,17.26077539199831,14.352820816185963,15.91083344423771,15.42892939362053,17.88791558946325,23.41559086818258
2022-10-13,16.824730762750033,16.828271851855195,19.15679199062175,35.278406077955246,15.078314801937905,16.861128704497826,14.163314703219765,15.645819519270585,15.135885474930877,17.623105624824905,22.356917578276377
2022-10-14,16.767867083057258,16.648724222697005,18.884712574690074,34.21850727887531,14.971151154627124,16.854501876639194,14.056750144082852,15.494651604988247,15.005498835382697,17.406662782542977,22.021493942368974
2022-10-17,16.47103576328185,16.283446744908897,18.594459963315806,33.506159798330415,14.765698455244442,16.642735213666732,13.863776973480515,15.242571301103391,14.745237466261901,16.988108466853138,21.385582044717673
2022-10-18,16.47737977297585,16.28461351997735,18.555954870356633,33.517851726549516,14.751467224839804,16.71004185280158,13.897578552758741,15.264435505975637,14.741202580956625,16.987438078232437,21.31991167201833
2022-10-19,16.62838594068672,16.284682461364046,18.551129466001225,34.312994060927736,14.790185615446713,16.776751870623194,13.914051720721188,15.323023675090248,14.755596065627621,17.047833062090756,21.286919087459484
2022-10-20,16.792527190725522,16.31604679931736,18.57928420694591,34.44003534174943,14.830556984421309,16.81091940870908,13.992578257200778,15.46437901332694,14.79729895167785,17.153002907905304,21.39911726862171
2022-10-21,17.012042733753923,16.230537189174555,18.44051398353869,33.936071186895816,14.777528287533434,16.728983043679406,13.941987198656797,15.406884624304414,14.73796154993523,17.361532150724326,21.296899088300272
2022-10-24,17.033059343881078,16.30875651818937,18.53333489411435,34.359529892892624,14.781129230178003,16.761172643414728,13.956892776660235,15.411582670335719,14.888709635683497,17.48131819288504,21.21981906348792
2022-10-25,16.79798970548122,16.141949576252923,18.259310244290024,34.2665390229408,14.705701828546838,16.736159866417164,13.862042879274245,15.307831593831796,14.729529567290225,17.26601608059578,20.7224030373891
2022-10-26,17.02886606285183,16.18767974101304,18.33735757195681,34.41459282821943,14.750212453122247,16.89180777935454,13.90180216408273,15.4490066637172,14.787109574718702,17.294300772748908,20.736784245351625
2022-10-27,18.164235189547515,16.34039074567075,18.456478451633508,34.619949852674935,14.934664732195818,17.013625132354772,14.172604124577697,15.617753225002875,14.913836441433412,17.42684073213637,21.029724216383876
2022-10-28,18.04866787759623,16.862977441345762,18.27522263528987,35.11514499452754,14.896545208896015,16.86745154483759,14.160636472281842,15.587271365233335,14.908048509638054,17.297010423059138,20.746042615394444
2022-10-31,18.05232293752702,16.872886617182296,18.250662581176442,35.529737122182595,14.895306048104603,16.860967889727934,14.172101331996561,15.570603516638041,14.913599707725561,17.319799348689102,20.71488925462041
2022-11-01,18.06436967832898,16.902754286672923,18.27905832882198,35.613812264041,14.913252352692139,16.88039172228738,14.180679712307798,15.591622367994745,14.93064278349682,17.32717042703776,20.76412901779135
2022-11-02,17.850910960829943,16.707428667290035,18.045449054105298,34.699743197147285,14.877934531226991,16.689712069857237,14.092804543418266,15.442999304627323,14.788986268861388,17.114370608116154,20.680308934812338
2022-11-03,18.167438531323903,16.812715114890896,18.127749055945728,35.29556702280302,14.961695266618674,16.766253736880202,14.324751043506287,15.79619621102105,14.970366181913889,17.200243297986724,20.796459473525392
2022-11-04,18.174674646536214,16.861230837990195,18.07143648097311,35.61317412771167,14.939009118337774,16.75774639506583,14.336488751170098,15.753293531578864,15.143471722898555,17.15260667547136,20.734008193569416
2022-11-07,18.29333876460485,16.97104332223612,18.158942646492747,35.63972519652932,14.97937808874921,16.809270179006084,14.383849144913347,15.822636109301541,15.204171180658449,17.228720991440124,21.472394599356686
2022-11-08,18.31994238103906,16.98988221996491,18.156179119659697,35.97926160891986,14.984376630332216,16.80491119131436,14.39529737699326,15.824953310852555,15.228413094836874,17.239249408812725,21.443927168358982
2022-11-09,18.24252778593733,16.827483755211475,18.008503635085077,35.001109987164284,14.889377633666074,16.6859018585909,14.304268929843559,15.69139803317143,15.112690099375556,17.170180322301107,21.362997763194745
2022-11-10,17.294583534548714,16.01830477372019,17.496208227438522,34.68994446784299,14.375980041533465,16.273242692931657,13.902841687679532,15.027567163966518,14.569294876684216,16.330235309780665,19.884150414529547
2022-11-11,17.77669943423597,16.317843908069385,17.720000848588633,35.024220516163396,14.506846918650284,16.97174530951543,14.092967179324,15.259036146273658,14.707666052212067,16.44246021787568,20.338863544965445
2022-11-14,17.82506666756044,16.317838597659076,17.715130694967442,34.99525103387086,14.52076929255693,17.048341888460598,14.103616722113232,15.2760372052092,14.738208919178689,16.522422770136828,20.335725886321985
2022-11-15,17.79369826930877,16.297136860405033,17.71529731263121,34.96574931547899,14.539293288393198,17.148481694262745,14.09969323409999,15.261665800014848,14.802375705676804,16.48459951963657,20.294795846851926
2022-11-16,17.801632403293883,16.31653850116849,17.81307503606405,34.97346449899353,14.557561537172392,17.175909724043663,14.117011788589187,15.277890914004308,14.834070029885323,16.50062541170187,20.480130088095606
2022-11-17,17.810634227704096,16.339208011426948,17.85020863259531,35.110752455105384,14.568920247793097,17.206311175539636,14.137331665303353,15.306217049942216,14.844925551078441,16.516453778498814,20.6031672740027
2022-11-18,17.895856948905013,16.366549990246902,17.875123820472478,35.41022268764204,14.583742384128835,17.243834515895983,14.15448386769181,15.353306668634085,14.8675148412994,16.526058867165652,20.684009546071433
2022-11-21,17.938852425202416,16.484115131592485,17.987170601200884,35.58407804782981,14.6084245063201,17.272318125812312,14.182612963345928,15.418160860810652,14.909819179346586,16.58029916676268,20.724559889096625
2022-11-22,17.9031357952064,16.468215596978986,17.98787118064332,35.29950522319759,14.604458507268875,17.246904101659794,14.195017569467158,15.395917468086392,14.923623994989619,16.60727297872982,20.691092334084075
2022-11-23,17.894060905203055,16.484663827004606,17.973080068942394,35.905930521964834,14.621370598748678,17.24296495081635,14.211877611215831,15.397145029659631,14.935461738689115,16.608520932343623,20.68006569267565
2022-11-25,17.91643365120277,16.492748229717293,17.97969640085936,35.95194959177799,14.624968384525497,17.252301478079787,14.217863212520504,15.426007915087306,14.941696230308521,16.61926740670367,20.68761302092908
2022-11-28,17.856400808540315,16.545091556141152,17.95755399746184,35.20480375867732,14.566151117748536,17.200316736376504,14.166121572730622,15.36421115912295,14.884378294289771,16.553418815819356,20.58438463331228
2022-11-29,17.877041995982797,16.597673189807878,18.032923247177738,35.29826877985735,14.602248276497983,17.248786827044846,14.197372310690891,15.468220697822593,14.9101516699128,16.645867079764255,20.698462204907898
2022-11-30,17.70922795424316,16.46480085042919,17.8487895771993,35.99654660091409,14.598268306953438,17.051755925501247,14.18850784747969,15.401807262981562,14.884913667933336,16.530111092070378,20.41416697057135
2022-12-01,17.744737257194465,16.474172239255747,17.865852112198784,36.081252815933965,14.667081953630342,17.061354008446045,14.197887550846477,15.416383568412714,14.894982768004294,16.537869462214392,20.422096663249704
2022-12-02,17.764742425309446,16.490860966365634,17.9100711093686,36.16569851146538,14.700694762239538,17.08007506982807,14.230314361854814,15.439554162779839,14.950697135604294,16.570974584252685,20.462161026880484
2022-12-05,17.697124176709394,16.356405871970292,17.738458949692422,35.13658002232394,14.629455245625255,16.98149574002235,14.14735795387232,15.376888479257861,14.840532201768724,16.465071708458076,20.567934954371818
2022-12-06,17.697408594494803,16.335239050787514,17.724273181198782,34.66746265986298,14.639875075248659,16.937167566292715,14.136399017965944,15.359477459062202,14.83620832990136,16.468022712266748,20.839345182796382
2022-12-07,17.7134469859453,16.36225827571319,17.758107785779202,34.66618803194671,14.66147183676703,17.074563618269373,14.152497472565662,15.377253450945268,14.85154341875837,16.493625435209893,20.879579133849976
2022-12-08,17.747673533314007,16.36002296045613,17.75556032960115,34.794181426707276,14.691342366902838,17.089374477859938,14.154823542040814,15.39264223008674,14.853176964376619,16.49106008146375,20.86428467846418
2022-12-09,17.844002126501042,16.36704200196503,17.74214460090412,34.65603968518327,14.705699813343093,17.11080112446542,14.150837186539475,15.395509180320948,14.843204033505833,16.516815127071776,20.849698723171468
2022-12-12,17.836299418734452,16.44084502301317,17.69403632213096,34.365747624529504,14.686866091759429,17.069984130652998,14.130415584982279,15.367585871221824,14.85576511637346,16.514773481603665,20.771048753142978
2022-12-13,17.815433903210735,16.486833938680707,17.75636018054928,34.08762918253787,14.712669936456702,17.085346440312073,14.14673460075521,15.362984481614614,14.864718997545252,16.589442391311334,20.79252180742078
2022-12-14,17.782698623987812,16.478936065842476,17.769263298610113,33.959152376350836,14.720635746647536,17.11090184401228,14.154646273823454,15.351354671701124,14.878084616454315,16.568480076386138,20.771674757129112
2022-12-15,17.597639868943226,16.47833542111947,17.568718748642233,34.19134273073964,14.666474400150506,16.924567269219995,14.071373512791496,15.246280585027188,14.799206455296327,16.566031441056285,20.694972388810733
2022-12-16,17.763391390428666,16.449653650558147,17.536490274852895,34.02621052588158,14.663288503726399,16.867396443420805,14.105770516446848,15.248552859208713,14.85485109289012,16.595135819290334,20.606582848467024
2022-12-19,17.80033460296461,16.453397612889837,17.619219494175756,34.01100668862557,14.740704153276324,16.871101702649938,14.11975508545719,15.257804141300804,14.864531752346483,16.61527111835365,20.624157842011787
2022-12-20,17.820766636591436,16.530758145421924,17.640151973577908,34.10541517873171,14.756120698633726,16.88011774960689,14.130575371957658,15.268065553611324,14.89266833316418,16.635913697244124,20.63554257277608
2022-12-21,17.752952968027845,16.446166160796196,17.536423340320635,33.775179532842486,14.705659066850618,16.787407299720527,14.085064672252715,15.215567877962263,14.893832511516958,16.58297099930022,20.492389352582105
2022-12-22,17.77144028300435,16.452503261143743,17.554818577676695,33.604333849151345,14.699453565734794,16.820150446979568,14.071855046844389,15.223786243381104,14.888783002532453,16.588695433767736,20.46705726492043
2022-12-23,17.769726828201883,16.450219944747655,17.55204562373475,33.70114534663921,14.700410601927299,16.86100769945167,14.07187757218603,15.261652469821719,14.890438025210425,16.579118521904196,20.454182514057802
2022-12-27,17.808006634341282,16.52424511942212,17.598629556553835,33.74654526308965,14.716954773541449,16.898522794020856,14.09217602622167,15.2929199960597,14.905590588956303,16.60429404529858,20.502754266516682
2022-12-28,17.75503654540934,16.555056677812754,17.536757541638192,33.368308118842585,14.76243420096088,16.866770654192198,14.060218744443157,15.257922986494894,14.865831463053173,16.546961892755313,20.419439125809287
2022-12-29,17.661177133977844,16.473088006175864,17.553918438396337,33.22031252662383,14.726751520862248,16.803531893626687,14.02744751522291,15.201108122419077,14.828388494611525,16.455668993983657,20.395979253810438
2022-12-30,17.694495084172736,16.478869935979056,17.557058435636236,33.338693452254795,14.731337750800058,16.809588784048284,14.030701070913823,15.220346399160217,14.838135047231575,16.446311737606486,20.410123387851336
2023-01-03,17.840418258491855,16.509474771054045,17.58348184222443,34.002472801004785,14.783604963538282,16.83492453625589,14.069926304306021,15.262201418346635,14.870336571491091,16.48798782689527,20.432140709723825
2023-01-04,17.881096054955666,16.519613498786065,17.64086296610115,34.2488165271165,14.83138093891227,16.923130257675528,14.087282418817995,15.339513898956742,14.899870871817056,16.542460848701566,20.453038676495094
2023-01-05,18.086963133165817,16.514538144595853,17.53934073100427,34.976611614139195,14.8172497610298,16.857720390608062,14.063998128085299,15.289814469495857,14.854901268097858,16.473889597024638,20.281360902427675
2023-01-06,17.928079815503946,16.270589430565213,17.20235774932415,34.271395404241105,14.639070555844855,16.795909583441237,13.89586486448201,15.06711823368799,14.624285721732974,16.167155667500353,19.836453886938408
2023-01-09,18.013531649496407,16.393971616349695,17.40167024635734,34.46063811646301,14.695324360805174,17.239460209471098,13.956949509181763,15.18574609977103,14.720690911968584,16.2531637366223,20.030512345885835
2023-01-10,18.00439894373462,16.39042366021411,17.42758637040273,34.454667638730854,14.693986991315356,17.220756136614263,13.965772875208959,15.189291972797916,14.721709515883475,16.24915532517893,20.077073385050948
2023-01-11,18.026669499997183,16.397715383304302,17.551591054319275,34.647832652265706,14.711107263365491,17.246750389347493,13.978983114224844,15.184812116371074,14.722068673747128,16.422938361562217,20.072572870106157
2023-01-12,18.10199960350799,16.431144089719503,17.73211255590066,34.81933417983172,14.743648962685038,17.310436498020913,14.017031540494123,15.22733025587349,14.750440563466515,16.59092085953206,20.182760939287633
2023-01-13,18.115197605277558,16.470547591946623,17.766297453968715,34.850451946909786,14.77771132841205,17.329761677743768,14.041671089441332,15.239870456072657,14.762127327940483,16.631551110151836,20.243475702391816
2023-01-17,18.13375239309995,16.50616812223014,17.80293988023,34.891764801403056,14.794941636510236,17.344650289795705,14.087296276782924,15.287306228205466,14.785733634481055,16.657688716922927,20.268561992804905
2023-01-18,18.100020097589486,16.505099278280436,17.84805125067067,34.508589476463875,14.742247906377054,17.26084050162127,14.047926732571389,15.290927625490733,14.765690904367258,16.646158853479097,20.0795204169261
2023-01-19,18.24367961287495,16.505310034986362,17.815360014488075,35.111869981925665,14.758123847642738,17.389716158906715,14.175877556500915,15.294104605789629,14.781319962953866,16.660895784984437,20.0288169234005
2023-01-20,18.130301842660174,16.410046349081412,17.715134462736323,34.93426822649168,14.69113750230609,17.41879362978494,14.116736490281975,15.231285157953861,14.712376663407728,16.594968254515923,19.99708997715101
2023-01-23,18.15464278707127,16.417925243121207,17.721408065973595,35.1633427057466,14.70251715030052,17.443199289874936,14.122016412791972,15.273706877127113,14.754636565695522,16.618956812176137,20.056867880281942
2023-01-24,18.169797631393916,16.430313327946543,17.761443471904137,35.210440112673616,14.714523715161592,17.566457979998738,14.157330596851587,15.284754000580206,14.767973912288074,16.635763373978776,20.085729796507724
2023-01-25,18.199741777653415,16.468341069882573,17.79412140567915,35.24997658468877,14.774803247581698,17.59334037946436,14.203642345599693,15.30607809359546,14.790118878903415,16.669307372311568,20.30966700822607
2023-01-26,18.20567494160651,16.504521347303662,17.95556359802683,35.19946829475251,14.797030349580886,17.615569702438812,14.223598543637825,15.312025486419302,14.811360845434493,16.67757115195093,20.3252430251917
2023-01-27,18.26227749426299,16.732232025038105,18.011261778608493,35.71270554276211,14.840788842726052,17.759746009788323,14.264990718590914,15.361322306263334,14.886033523604251,16.770487925244854,20.36948886387851
2023-01-30,18.185794990579737,16.666888089072987,18.05952154458364,35.28435199721949,14.833408753660137,17.70030453265939,14.233541401486624,15.3217335911906,14.86755434625364,16.715639363144575,20.35132162348533
2023-01-31,18.11681459777471,16.577528085257875,17.95500197858786,35.31217510230204,14.79326266338463,17.591362140032565,14.191115371187122,15.304516369777,14.824450306123563,16.624592044188496,20.315921862381813
2023-02-01,18.138452149522312,16.613697447969216,17.962665280355985,36.446129287566386,14.868456614697498,17.60252467847034,14.213361014419462,15.367367932733469,14.85209454877805,16.637291949448443,20.344648744929174
2023-02-02,19.513083980692418,16.864209038676435,18.486417234199532,37.749794143979805,15.066905094960775,18.075452173131985,14.362000110499547,15.604129327495519,15.130088171579859,16.82973508758991,20.508203216941094
2023-02-03,19.32516814813048,16.818121056620353,18.434830863026196,37.84051571997013,15.123839522782376,18.085949281414035,14.394471680011971,15.67980555151259,15.121640344417267,16.74650291612685,20.356765601991455
2023-02-06,19.3378582702093,16.862339987413478,18.476909054756298,37.822383330364715,15.157533121147903,18.092057394659445,14.41006583594272,15.695305945142636,15.160394377336244,16.76656226461645,20.488760678049285
2023-02-07,19.337005572716755,16.919911226645453,18.74491777323684,37.53078251729538,15.17192023823099,18.09089684117062,14.459281901630701,15.775484505617168,15.176561866419789,16.89054939146299,20.563610939850843
2023-02-08,19.472208316872788,16.937240438590987,18.73905519508381,37.36176810049701,15.179319721873078,18.087183993913218,14.463066279028535,15.777892973887953,15.171791194955922,16.941098266335036,20.53535238403806
2023-02-09,19.391893677655744,16.956524521518652,18.686655923873985,37.12195463428946,15.135921221876112,18.004154108303123,14.427218318613576,15.776627950278108,15.13002421571249,16.88627154224465,20.41463103971919
2023-02-10,19.613093565810768,17.20496494355352,18.720392760626435,37.31509961867624,15.180103682521008,18.07378140649221,14.469375373571896,15.908304819644675,15.17477972403342,16.948190037692896,20.55390051880984
2023-02-13,19.489049825015993,17.118017921512752,18.613292905504363,37.44755978197982,15.130532231897773,17.989040015224063,14.433617511540698,15.841234431403326,15.172703019191783,16.88360332013349,20.47911339469085
2023-02-14,19.525609239574347,17.249203426071848,18.689101019074656,37.49845057055526,15.15713855702781,18.02309186588006,14.456174473179988,15.884628958993943,15.221770028556811,16.940233172864506,20.49860349765284
2023-02-15,19.533731722908254,17.273208382910312,18.701206834767138,38.0251845813441,15.174354553522038,18.143309136732306,14.474081342392095,15.896506975867982,15.237684882502734,16.954761289436394,20.52293755402127
2023-02-16,19.444280422837178,17.198431302536736,18.618537606195577,37.74062720436193,15.131556852764833,18.061129944661943,14.43276715674569,15.843334845440568,15.19162868131278,16.921812878720743,20.46830241562243
2023-02-17,19.507245064181344,17.260287720310888,18.879037878911568,38.81208593515317,15.198711129359873,18.22771301314623,14.52633188840229,15.968337983661677,15.327792994654594,17.00257437524281,20.615903541560993
2023-02-21,19.393492326630305,17.121282961221258,18.869643722790197,39.05380242885897,15.109401893044538,18.081086109610876,14.447461079169166,15.89279933599325,15.28675220846406,16.870239103190308,20.398523363838493
2023-02-22,19.41111974021587,17.151587736290995,18.87952028219636,39.05537258525633,15.119029869622969,18.09055313365971,14.45657420048061,15.900900283974345,15.339227446231918,16.890821320047692,20.414161135460745
2023-02-23,19.476919430319057,17.1833128090366,18.90348362595514,39.0411189349369,15.132127846751391,18.101457024984345,14.467823264745794,15.963399596236247,15.354972764867917,16.925478351680265,20.480900007390414
2023-02-24,19.46709043707641,17.193159380126712,18.89391770629969,39.16607742323091,15.220027688339641,18.133890966810366,14.486335834548909,15.971977972348395,15.53758196015727,16.960756291047385,20.551903199380302
2023-02-27,19.484843935719084,17.260020214137327,18.91986276436547,39.20595152730202,15.237016607691004,18.201714885774756,14.525549754572731,15.989202582672101,15.55784911226494,16.97864415131927,20.628315441486045
2023-02-28,19.54054974987106,17.3024065686013,19.018302512589567,39.269077595297176,15.294122325477904,18.244597664229378,14.55573252233966,16.01705177333965,15.632703227033378,17.03160262128277,20.81827039445063
2023-03-01,19.52662106756413,17.30389383261425,19.010911751449168,39.77816757365498,15.308813568070216,18.27332649701158,14.624937492728321,16.021013822799357,15.758079949742987,17.063966288934214,20.850001888539946
2023-03-02,19.504543655298257,17.425973907034102,19.02172917919828,39.712033978482005,15.47902116828818,18.268716873134057,14.632171995605953,16.01594692735229,15.756753542504237,17.059340843911205,20.874709502125903
2023-03-03,19.303135084784902,17.26983815631921,19.15749264739583,39.01920831510603,15.354410320431592,18.10792367912881,14.567582125060927,15.903976423066105,15.683920309559648,16.91891327441044,20.634509301947055
2023-03-06,19.33384005020792,17.313943651242823,19.25002686947331,39.08171755608916,15.382130695084225,18.13784724402359,14.597114167237832,15.958096053325368,15.825330617172337,16.949299943419778,20.74114581940205
2023-03-07,19.35688729539425,17.323626531641835,19.170126980751387,38.70402239850547,15.393421425287615,18.017720494231693,14.576683106718406,15.99416791209155,15.780193781872281,16.860492643570904,20.57486574471408
2023-03-08,19.362230581791327,17.333490034897327,19.176311079846545,38.84209988508153,15.429375668254346,18.108919249725762,14.585873532215862,16.011501298635846,15.790055423023086,16.921446835718413,20.587314142434934
2023-03-09,19.151123390315515,17.193923760910117,19.113315655465797,38.23368393159652,15.646779323378624,18.02165244030696,14.533759784471947,15.994831274258583,15.678933017278815,16.799733767931123,20.581156514288768
2023-03-10,19.162886366669476,17.283789562824868,19.18233463535616,38.53378611431779,15.663037838038433,18.056906046307628,14.52675303517094,15.997758696039288,15.705196751713387,16.92582979666075,20.53005146964081
2023-03-13,19.335657254890982,17.45168766767592,19.397069803969526,38.875161376876676,16.976852828413307,18.4294314329934,14.700632043802031,16.162610020108676,15.930480604039243,17.228573667090373,20.957164716559344
2023-03-14,19.02506348747084,17.34371330102937,19.146564305429653,37.79242468354986,16.595054197330565,18.246556940542817,14.577005844451893,15.997176992191092,15.781029396092544,17.093328869401905,20.649273134483
2023-03-15,19.50290290521913,17.587216060217813,19.768150395036287,38.2661980511026,16.975134038267147,18.4939423090694,15.021368321019924,16.23570728479945,16.21430425103763,17.35181102027271,21.435748866857445
2023-03-16,19.347644951176203,17.495065411864918,19.796397316535277,37.502436657760605,16.841618776823367,18.365225804902988,14.960835721961063,16.140053223243232,16.085386118114066,17.42474427961249,21.35760983011882
2023-03-17,19.374645197869953,17.506510844872604,19.792351285484404,37.35594966194134,16.930584226000615,18.300906469531746,14.956096081326528,16.31783575981142,16.085011254943737,17.421269096545576,21.31180038058835
2023-03-20,19.408158330082706,17.578534382966282,19.683231357711982,36.75598505005059,16.883280410734837,18.203828694932035,14.931365534674143,16.446589936910538,16.02195378957822,17.377978958835087,21.261076559739507
2023-03-21,19.493709575781278,17.716701381632788,19.9182466469984,36.59736956289098,17.03932161187786,18.29749563577315,15.008077664235739,16.53951596670104,16.11352312742648,17.666548846841483,22.199980144968112
2023-03-22,19.42929322915096,17.609766631771276,19.76150928947364,35.90666241134144,16.89601433126848,18.134032107836347,14.925019799608371,16.59877811653302,16.026702936444394,17.6221765891923,21.945276711180373
2023-03-23,19.628117524989587,17.6579465669459,19.816237032928623,35.99945602613464,16.933153725988404,18.174773439055127,14.958122030583802,16.77002495682119,16.058513775204343,17.69299433043615,22.130236167540353
2023-03-24,19.716550122845707,17.84417138558624,19.93709849027353,35.98778957771036,17.03082682068641,18.2047438615818,15.040050085024134,16.90542107632065,16.10357911933394,17.770427061489038,22.31397547649219
2023-03-27,19.83687937584229,17.901996922060004,19.991841151983664,36.10273058087619,17.076689709870006,18.23393309422633,15.081180242085813,17.03651465508596,16.14812396952011,17.806005806933946,22.346534693599683
2023-03-28,19.878012169112566,17.91378573543083,20.00303271495177,36.110475076358476,17.088580977174892,18.293359776148222,15.103155567620574,17.0635259048269,16.174771600999865,17.82241995885577,22.371808943348736
2023-03-29,19.769136229289984,17.796060790521786,19.961205629532895,35.80488811719318,16.98408625210005,18.306392312626908,15.033289779151318,16.957946374899635,16.104617715030916,17.720248173475657,22.16449705287488
2023-03-30,19.778811142516595,17.784378282563722,19.966497549119026,35.804441212623004,17.068427383690967,18.308371680623907,15.058064398377924,16.96030023633674,16.116047310630307,17.75960475929046,22.16633149397448
2023-03-31,19.683511904645055,17.69943731425477,19.885399835059637,35.800227207065674,17.028680732048105,18.227173897967834,15.015750126366397,16.932614185129268,16.072022569339474,17.691399626714244,22.13319240212799
2023-04-03,19.736355373596112,17.848902965239937,19.970141041505656,36.51063848685394,17.09784447029224,18.42795752148571,15.071815443493977,17.00310571822354,16.140189808134195,17.813111196098184,22.243888182464172
2023-04-04,19.867707958366108,17.919872167554562,20.030728355226934,36.42438921558971,17.147621047005376,18.518997166360872,15.333662197556647,17.047434347849165,16.219508983844463,17.91648890689081,22.489845822257866
2023-04-05,20.03360384083716,18.332470176435514,20.288263067078866,36.90523398699327,17.28431506228437,19.021176698116392,15.631927451638267,17.289407742443714,16.3561968668783,18.098141807049057,23.35976325140714
2023-04-06,20.065070190254346,18.371899990993967,20.296435875575654,37.14676970236512,17.295319584300092,19.06671329218304,15.642511416933221,17.30419839488904,16.368280732958564,18.113092574335248,23.363537090206858
2023-04-10,20.101690668654797,18.383218584062817,20.319041623656435,37.134492970997336,17.308149339305817,19.105717097646597,15.692182335376465,17.325589339545168,16.384485634341285,18.129560975966637,23.419823257993713
2023-04-11,20.133909971610155,18.398123178471035,20.328234315045993,37.09996720483067,17.324029143166324,19.11689660325313,15.70227443331515,17.438812623363813,16.39583104982885,18.13784043245927,23.42356404445368
2023-04-12,20.146488354854725,18.460361556411993,20.353112515381653,37.09993343172504,17.33441940873415,19.150724045563035,15.74607641704926,17.45230993225438,16.414929057554158,18.15232089898314,23.460329072224436
2023-04-13,20.12295884650609,18.46685317553319,20.346091064992862,37.09155547145609,17.336351897981352,19.165482173978095,15.796272858200822,17.453245079970177,16.404052064941293,18.367235661846095,23.586286028833168
2023-04-14,20.170774748762813,18.533021198887184,20.38671733021349,37.21273358470163,17.615421077230764,19.237786395349833,15.862808993348004,17.49309495975551,16.448265854783372,18.5200704056218,23.63874969750904
2023-04-17,20.28539594335827,18.49677868219179,20.313956321587767,37.59593923972482,17.61461968404375,19.26573367075047,15.848097287994294,17.498483339747526,16.432079753374342,18.542027092654948,23.56217065720015
2023-04-18,20.299983849148635,18.506212720231744,20.357886799961395,37.62552517539417,17.626258959356353,19.32907670560013,15.861152248532273,17.513664738047698,16.443324914627087,18.554692736278415,23.578131109221655
2023-04-19,20.34792575245252,18.524009277632906,20.389163406940536,37.68567388153955,17.653689291610664,19.381500288696408,15.884723822860861,17.542887571860067,16.476301107556576,18.60324630203099,23.678626814432803
2023-04-20,20.347617657034796,18.55813825036598,20.466213011360917,37.62183737554372,17.658440352623984,19.37830670988492,15.89749706323146,17.54819506705118,16.50303763756651,18.613197528510664,23.704063490894022
2023-04-21,20.377048022942716,18.639411019518153,20.552786835784712,37.687127897654236,17.69423959278973,19.457480701521114,15.938940610828684,17.600521521974716,16.600716667140127,18.642057956553035,23.73477493384351
2023-04-24,20.393311196026676,18.647576913363103,20.544944995792637,37.636257981723,17.745184214737368,19.46754281316487,15.94406380669056,17.65192928621316,16.61240477098107,18.66577046502486,23.718156148014362
2023-04-25,20.257075131661033,18.525713382447634,20.634242269112644,37.02549515892172,17.643063978365227,19.31804901959281,15.874341494242733,17.546600109528775,16.518849615753098,18.649073887276177,23.901354425555883
2023-04-26,20.26776728321102,18.61490347543421,20.63162340108004,36.71567942936463,17.64293516261734,19.342819737148872,15.933052189507979,18.11665228787859,16.536574376052386,18.740147536007136,23.964744404637102
2023-04-27,20.335240434047655,18.52426689980637,20.38244408326032,36.75011801261056,17.547360967688384,19.411907578243635,15.836622185297314,18.1272429685386,16.51855554006528,18.54940986432025,23.8538648531655
2023-04-28,20.27546253750111,18.494923095315134,20.349165988108155,36.40266042958499,17.471124109744125,19.342833201145442,15.793572200769775,18.08279440412027,16.484776218501114,18.496491178195658,23.91471970553477
2023-05-01,20.294804820481563,18.55002792759458,20.3718853642978,36.57625018586019,17.49019035267765,19.4417148443091,15.849872545803903,18.106351113494945,16.50085943892426,18.543257563866458,23.956528310856086
2023-05-02,20.205087505227826,18.720485579658448,20.361806139970138,36.07952212986433,17.451911762725285,19.42260029359826,15.826970167358507,18.093930291526146,16.502947715752608,18.475295346849347,23.81098924576079
2023-05-03,20.202583489352495,18.676506457822107,20.343291664721463,35.6667600700616,17.4062147465541,19.45112054596224,15.823470236699466,18.065464468215243,16.48065921312845,18.447295620541734,23.83592127471298
2023-05-04,20.226007752945822,18.68930329575865,20.376515446155004,35.622123387879626,17.42292262727504,19.499385714583273,15.852408798140411,18.105897747341377,16.504916642698287,18.678571334726165,24.123877329956773
2023-05-05,20.24216458046975,18.591282767548954,20.244921276829768,35.12550683253394,17.325798418161128,19.40729890843461,15.787939776522988,17.99693810764149,16.429181376690842,18.572297525270557,24.132970356335072
2023-05-08,20.31945328533794,18.611425842821323,20.25007134936304,35.13784327425071,17.340436668842063,19.415798403373508,15.811598241308374,18.006228328623497,16.436295373523247,18.582940435885984,24.128515806159648
2023-05-09,20.324552793342647,18.65081930166287,20.258589870228743,35.21226292349877,17.349880103313446,19.453284785750782,15.864670655925734,18.023555529916653,16.462405083185345,18.595238408828408,24.151412887267316
2023-05-10,20.3603138954105,18.67094971677212,20.380772268022206,35.46564208223394,17.438335354551956,19.47270455315847,15.934711878731983,18.071160667112327,16.49484350388304,18.62442956848701,24.182277581054688
2023-05-11,20.479842566080514,18.736702180735396,20.531324389001472,35.386516013143385,17.457976990504875,19.473285332834507,15.946785567674167,18.068567500404015,16.50895377519223,18.62690962912659,24.178560393816802
2023-05-12,20.48592498543759,18.77636927119044,20.546020091257354,35.3902398534785,17.47259828789535,19.488228544031134,15.952562926006808,18.08475412875142,16.513760879507387,18.631988032771144,24.195097248663437
2023-05-15,20.514206352385187,18.80387109191799,20.6212894141868,35.424962616450195,17.52683067005073,19.550530864105955,15.989649940337813,18.124669555208147,16.572923563933852,18.670997405263137,24.449369971343586
2023-05-16,20.602868892683837,18.857222144632104,20.494351492110408,34.75517870778851,17.497276344804163,19.457554487621234,15.934000793686476,18.28003309047464,16.506893733998105,18.62033244405623,24.181224099374855
2023-05-17,20.56456368738683,18.793927245697155,20.637652114886258,34.41639594351293,17.576724008606483,19.514841375567478,15.951228362711605,18.238049826672075,16.494115996827468,18.552490988743372,24.523951741781485
2023-05-18,20.64446448798578,18.83977764159549,20.889457361709887,34.32428132714544,17.588932309243276,19.586356833219654,15.97178823344042,18.350234132054773,16.521507288652863,18.709567886241423,24.621856886240938
2023-05-19,20.69900113226948,18.905204282455426,20.923922088499907,34.41905978273209,17.611899642873965,19.666451951186247,15.998113513379606,18.373922009453363,16.55959684273513,18.73355007386123,24.647378761064896
2023-05-22,20.800875831629266,18.949660874713082,21.494517793374158,34.44700374168811,17.669557160075517,19.744910892645105,16.04525789910623,18.424306662938378,16.604072517424992,18.868623956264805,24.761985847701244
2023-05-23,20.712798782189655,18.917637307703146,21.39106207168174,35.43844490361671,17.62050848610223,19.663254886698,16.014977938699328,18.359809376049814,16.587928737197014,18.81027239222094,24.765647091441878
2023-05-24,20.742108779853368,18.98717361626179,21.352948983482218,35.80853294155239,17.58821497487684,19.630009597968343,16.007170035708885,18.360428884418077,16.582728636960386,18.823197854754138,24.739769364854467
2023-05-25,20.921885298004632,19.167639734806574,21.601977264488514,36.14198869991258,17.724631195788685,19.95422060299375,16.156991979559955,19.445660807612896,16.70348422536427,18.973072384102966,25.120552741814546
2023-05-26,20.91637780773649,19.169449471389747,21.602180770118633,36.15803440300653,17.727205260419364,20.073833363403157,16.172319847948362,19.589892255919278,16.727609735952115,18.974485690903357,25.222421305529082
2023-05-30,20.92270763433369,19.24066089088176,21.70394786537803,36.151135747041025,17.756100773040878,20.089150412474982,16.189297045753804,19.60095046852324,16.736220278910817,19.058497167129836,25.236998378062598
2023-05-31,21.01081017702435,19.319167928536036,21.848101969772667,36.23917008605936,17.845451851742254,20.542401995601896,16.37606314547524,19.67906722286427,16.84335476980758,19.245305599859503,25.55169021665818
2023-06-01,20.9911927343328,19.31189644600005,21.999935354662647,36.136656545267584,17.847314251673197,20.55475695942782,16.42693798975354,19.65515538099148,16.86650803054455,19.31847378975661,26.06829981889988
2023-06-02,21.29373189166265,19.056266925324376,21.588589016951154,34.700414483757214,17.61715268403497,20.25053868059858,16.287279059698655,19.82777671294447,16.744978040635736,19.069822934619488,25.749368304889458
2023-06-05,21.401237134267156,19.10630894826922,21.63196045351338,34.867135640499356,17.659851787921866,20.354627523166965,16.362914299570182,19.856185171960377,16.769002971311632,19.098275499319215,25.95989758426039
2023-06-06,21.440484861608684,19.165733431422577,21.82428264465748,34.87820119962184,17.766687524246727,20.759728017155414,16.411397322977447,19.916583291039753,16.820187912317333,19.143190283325552,26.045414615392747
2023-06-07,21.729345327484705,19.363698105532855,22.09116552267551,34.89846678969992,17.85972930436685,20.997982447771392,16.59328971822219,20.383975911657505,16.936774972240944,19.394292922178753,26.35274220569767
2023-06-08,21.779822843007786,19.47168001713517,22.11860220018613,35.2573249839539,17.94256211249631,21.01772453797503,16.644136337691634,20.434324986193683,17.09403563636041,19.504949749550075,26.37686070039253
2023-06-09,21.790871961340603,19.489588272051762,22.139498294699425,35.26553560618282,17.948456843390616,21.078031150684854,16.656037266531516,20.463555703086147,17.136366820530917,19.544962843077958,26.447293748350525
2023-06-12,21.774489100739512,19.510078856805897,22.17703509325657,35.56295523763463,18.00426807207085,21.077260815756627,16.666658481059734,20.52638178094905,17.13450712283454,19.608345814310542,26.539745711729797
2023-06-13,21.857493477702437,19.50907668442428,22.15942385132682,35.48114688031711,18.00547654693621,21.06110917564799,16.676463661108855,20.584021617861374,17.31045198602829,19.627297394112546,26.63148320175182
2023-06-14,21.9136264341094,19.551505242674303,22.44533275137243,35.51228471704243,18.05036185168493,21.33348788600617,16.72004915955288,20.768222745227195,17.343306372499757,19.725275529038814,26.722408223774437
2023-06-15,21.8553850472266,19.5967829280054,22.354301775024414,35.39568042833072,18.00629527554728,21.274484615802805,16.68024390418242,20.775781435500747,17.33683357836723,19.756968644129817,26.582038285805993
2023-06-16,21.894200576301724,19.6134542249671,22.37164670297136,35.39505415635955,18.01612923307722,21.289134989240292,16.690712077410545,20.823504377024683,17.360890241072124,19.770353705652344,26.653548928408355
2023-06-20,21.897705399467903,19.853811414268645,22.31857137297666,35.163215958095606,18.001720179527688,21.34468386246971,16.679023890400234,20.81747758560601,17.344055965682156,19.7375089941021,26.54809287758263
2023-06-21,21.999065565294238,19.998090844700457,22.40093019612136,35.24572459795302,18.049183806614213,21.396627971047185,16.757611708373926,21.03955560311888,17.392843786784216,19.82135273266562,26.66238610843326
2023-06-22,22.16614311720965,20.174119263529946,22.52682882948228,35.414816071109776,18.159318458819655,21.561524835571767,16.867574456243833,21.123779716865446,17.460482421018202,20.05629737251944,26.849227744551502
2023-06-23,22.16567848061391,20.11814635278396,22.459624384500497,35.39336872937561,18.1685306500608,21.54447765400449,16.84241731166956,21.057903672647907,17.434400422755612,20.01125166480306,26.73761083007371
2023-06-26,22.36137730525171,20.333533314642523,22.552873736666747,35.52825169207184,18.241848455466673,21.763193832472616,16.94139509535311,21.238535352874447,17.541297795867635,20.3973766940027,26.87466125065058
2023-06-27,22.37311903643889,20.35555804135284,22.662068814148846,35.74632239743131,18.279491563280324,22.081434151136502,16.976400999738807,21.262470840950073,17.578055937740285,20.45012971583141,27.013979970440083
2023-06-28,22.42343835459168,20.406551436821953,22.66344514929721,35.98044000370069,18.30873426908117,22.09380237284747,16.997343900642843,21.257163715633116,17.60163633564052,20.53016819682664,27.05073124834
2023-06-29,22.63072895855912,20.464243779010005,22.786769736087216,35.93413338096168,18.43407017795739,22.13177735837595,17.02372907492886,21.31972827153899,17.61849016538538,20.540215384042348,27.15948303040467
2023-06-30,22.525554850651993,20.373867860755006,22.6390379745257,35.84467165465843,18.375275057089922,22.001789093901863,16.985869634154103,21.198063979139306,17.573633538671714,20.533117035683304,26.97561025278159
2023-07-03,22.566742712696865,20.38515272703876,22.766594327237595,35.779538273568114,18.38796712358816,22.466020457227003,17.028069164731694,21.29888180893285,17.597097094155306,20.563845470878263,27.02953289403342
2023-07-05,22.759844664333407,20.49801863682802,22.88412518448882,35.90603249127576,18.48611850264168,22.586338853071695,17.14557940814133,21.411566847559065,18.09373118873642,20.81113250753788,27.642932082156364
2023-07-06,22.775468330475928,20.467620400457562,22.90401490306554,35.723705774134714,18.466107001769988,22.539092704948345,17.14036690273021,21.47154457413539,18.115884954073184,20.860917966938377,27.599739938436983
2023-07-07,22.760261808629775,20.49609200236637,23.143653380420513,36.724159117152965,18.544997168164468,22.663467452532878,17.221434115576784,21.48422512749566,18.328245884466426,20.89819388786067,27.612683969626296
2023-07-10,22.846829309231044,20.534557799402926,23.20192084132839,36.74210565718523,18.579516171913042,22.76315401442708,17.336965760725633,21.514409009953617,18.376627387667348,20.92427504251053,27.785707545703158
2023-07-11,22.78252827690617,20.528928269285533,23.32370893433226,36.3109177007198,18.520692350016013,22.851710792175794,17.311481882035956,21.584302001788192,18.369374648511336,20.842466463786263,27.60146428635976
2023-07-12,22.720997492752375,20.472052507753684,23.364398271421422,36.18340338953271,18.49967561023491,23.108704720426577,17.43928601299689,21.541473102557088,18.38101605139384,20.85016519306504,27.59712117142128
2023-07-13,22.66612527741866,20.435727789225012,23.324037237628186,36.35758270102706,18.495662769602685,23.17357495633874,17.47063300727511,21.52235968155503,18.42334436921735,20.829354056410963,27.568273192331638
2023-07-14,22.819458981990877,20.518267120779278,23.52833881316207,36.82849854351489,18.586779798270868,24.02529642486985,17.543209594115904,21.582392291886983,18.49425599483813,20.905467320045936,27.67569467259201
2023-07-17,22.901020258916947,20.57613061626668,23.601518787429697,36.89913268703596,18.71687725215737,24.11639203520164,17.60901167313251,21.839804587312315,18.54264831494479,21.014283997978602,27.89434558372122
2023-07-18,22.930276412994566,20.631208001943232,23.697563716808414,36.860350885794496,18.834699629501774,24.250566741198053,17.650643892895225,21.881844659004816,18.589686899496634,21.312293494961505,28.233039772937506
2023-07-19,22.956004752394797,20.66314538348036,23.817750325723814,36.82753053533207,18.8597706769471,24.263786176718554,17.722880189564606,21.983802981467697,18.754209771409457,21.32228698420113,28.216545082042995
2023-07-20,23.668375577151593,21.905647803385424,24.214832290339295,37.01670681284208,19.114935490318786,25.085172862136424,17.952364685335315,22.66436899362193,18.971717485951245,21.600993623121656,28.722351530204794
2023-07-21,23.80871311383514,21.96421720337363,24.289567032077397,37.16218528545766,19.18246495971158,25.264932742555303,18.016973839231895,22.69158689186261,19.010751653299575,21.667498397165055,28.851136560067914
2023-07-24,23.856914113791024,21.969895894807607,24.2923346700646,37.1706354466211,19.189328259017966,25.441787642656934,18.030996815699886,22.72150120648942,19.023504808970664,21.73016406936966,29.029803509336876
2023-07-25,23.915306790366003,22.035484736658717,24.353334299701498,37.29431195952475,19.380047106385167,25.512794475117268,18.123776167382736,22.867368930582288,19.399512697644496,21.83890681128048,29.087406330189005
2023-07-26,24.10855492608748,22.17593361376619,24.407612394564342,37.339640932305215,19.482151141340804,25.577336549945525,18.220015574214475,23.224080033700282,19.43890892397671,21.894759470853387,29.137408503709704
2023-07-27,25.047762181842554,22.240556935652155,24.331542049944698,37.18026739955416,19.46223591149613,25.512397172798085,18.220544366957906,23.382108995560188,19.451915482821324,21.917918291452633,29.009070292305527
2023-07-28,25.017758912659975,22.294750920191536,24.353121111631417,37.19174489046005,19.499318224457596,25.5361587351641,18.198216116361067,23.309209576719553,19.432695244805846,22.162041135576597,29.11626540512901
2023-07-31,25.090254695446113,22.317295666599055,24.5302046934604,37.300770251167414,19.52823427134598,25.884771459920703,18.229946878014367,23.339873306815907,19.46806518895543,22.220763699410035,29.173782803121355
2023-08-01,25.072253058208137,22.32158830132883,24.48219655091609,37.199816442633015,19.547401471155883,25.8384759001349,18.284836762555347,23.366444506630582,19.440103437657452,22.24767811119529,29.12125178140419
2023-08-02,24.853456872468822,22.144554553532945,24.903392388604857,36.746499453349976,19.487955051005116,26.053490481882086,18.224111036922288,23.258683159968403,19.373636619561545,22.28520381382346,29.262418915675646
2023-08-03,24.91906411431464,22.29250505100117,24.957791282216274,37.16040173065566,19.559066041953628,26.04944936740828,18.24308628244641,23.291258590394474,19.400787795223884,22.31179213961472,29.613048880592828
2023-08-04,25.019451239768447,23.01946951653222,24.982925571800333,37.19389253795148,19.586049024911286,26.070401361399114,18.288797972331537,23.432696160811002,19.447586435149923,22.345777345047942,29.625898855253794
2023-08-07,24.75265388941357,22.885691446184122,24.723461903972954,37.53355726199222,19.48636929907532,25.79029412542581,18.170970668372863,23.387145947107683,19.396023679697503,22.1350648008553,29.65369280977127
2023-08-08,24.825815307536846,22.90792709615819,24.863685336420914,37.609183852160236,19.565691496785977,26.278304607422164,18.207574422822898,23.411776786139495,19.514879434114267,22.189931340572024,29.93034149003942
2023-08-09,24.844060649401214,22.948789792602263,24.902339705329876,38.16354031413673,19.61586280955335,26.29653315366217,18.263455781327067,23.466980347442995,19.556176283186762,22.267509781300838,29.97238789708564
2023-08-10,24.870197322759946,22.963036350831267,24.91961166748137,38.15541139018956,19.623963555901273,26.299443390477517,18.26654552386713,23.473392385393808,19.560223272533506,22.27042035321173,29.968932676906828
2023-08-11,24.941062219664826,23.005218201056756,24.949849329581347,38.32458477796037,19.651171201188802,26.392437027575248,18.288425192008496,23.567574015297,19.607866989213342,22.294870910740297,30.017169548792282
2023-08-14,25.03732403147701,23.059505098894256,25.140820183695794,38.42798345200045,19.705467976887597,26.471119889934524,18.330891799742247,23.784782854028098,19.650575792717696,22.367215824302207,30.204829389922956
2023-08-15,24.77037411719481,22.744962141179023,24.654598117038187,37.49407776063162,19.445816835489456,26.3937367060179,18.137950676276184,23.535815036808945,19.387205611231888,22.131046708638483,29.596372827118277
2023-08-16,24.631023867356248,22.61986216469393,24.66519622602672,37.221213244993365,19.48851105193345,26.240946339267886,18.117339230478258,23.447987317310513,19.370277444554116,22.0844232727328,30.09219093327052
2023-08-17,24.5457762180271,22.55932694792526,24.6429968850005,38.117624680481626,19.520502385526235,26.146868152317175,18.1107306496732,23.393391807382127,19.504335165515286,22.050599527784946,30.118495614306507
2023-08-18,24.630893901075705,22.585345777620287,24.677850779187814,38.25177544003796,19.533337997228053,26.16741802025072,18.12232367360226,23.411274141063135,19.51798808817216,22.067371435136863,30.15951694913321
2023-08-21,24.713411691145286,22.71403120326791,24.878887098577763,38.307593838472265,19.58428649998418,26.236903340803686,18.171635554949546,23.7060919030296,19.567212023919264,22.175677866212567,30.23480896783423
2023-08-22,24.72468490954813,22.737796886148427,24.914842050981452,38.29818267743882,19.637372348166572,26.24244171309274,18.186385704578928,23.705611010102054,19.603478256084472,22.213521410445054,30.372552913852346
2023-08-23,24.6260162250817,22.734147939445535,24.815532982230415,38.55218464037193,19.588561315780733,26.23834006910604,18.151255669559177,23.6231209247653,19.679633021576155,22.149028098213073,30.338218394613055
2023-08-24,24.463898502030183,22.633915151846953,24.637291297759226,38.43231162726651,19.667989873532434,26.057625973312092,18.071889066468774,23.464178700823556,19.701096399876523,22.228337481531106,30.2138418821438
2023-08-25,24.52387826332562,22.628713934714042,24.583888539509722,38.39930915858755,19.68269555483205,26.012016942774892,18.052046259996253,23.426537379315707,19.713096246931,22.2371300684332,30.129403320766002
2023-08-28,24.38879344485049,22.624460696334587,24.47569642844302,38.182287913688185,19.62645842347989,25.956668002920715,18.011299788459674,23.359546126284513,19.651763337110673,22.152133056578073,30.18704063870881
2023-08-29,24.068910595930845,22.36011534481768,24.39202460249271,38.35238550870164,19.514680274158685,25.64416549039693,17.959144246769636,23.110909831079574,19.51514892946137,21.95748493425796,30.07566367264704
2023-08-30,24.123457477217222,22.367967580461805,24.414798409890334,38.35091775507827,19.53907959029295,25.67495492076205,17.96763494895677,23.15332306970856,19.524195162323263,21.966433627230494,30.11386109107013
2023-08-31,24.15257060679517,22.425338892730434,24.39154615176364,38.43256303370766,19.541243490192716,25.77463890624821,17.967222034659443,23.24651914184951,19.542671127042855,21.95041653127279,30.047978633310446
2023-09-01,24.447511980956314,22.570732210559502,24.717868545283082,38.81790017355135,19.718539051778976,25.90887613278764,18.048351033910418,23.341267348708474,19.748099020960336,22.037372434691758,30.172088958191008
2023-09-05,24.612441791520887,22.650664505751305,24.46493959601635,39.50633448003425,19.664392838598353,25.61257893185342,18.067329164805297,23.6255632440674,19.647515130693034,21.923493366511234,29.741711543571945
2023-09-06,24.595203800583917,22.622954054361035,24.5449698321323,39.53282510256827,19.671842855592274,25.613487085002408,18.082334065335516,23.627384111770187,19.666170631513754,21.951147364015537,29.863874412604975
2023-09-07,24.66391750435933,22.71330068061939,24.620573196336494,39.60785229403462,19.72516894271879,25.70694018966008,18.155580154408494,23.942953651440774,19.744755157435478,22.120471530061796,30.19027206957349
2023-09-08,24.693965730665425,22.731271421184903,24.648760667567945,39.66252877871119,19.740564287641647,25.75285294789526,18.231190417296812,23.95661613855801,19.762274433233003,22.19042361276303,30.402806889861484
2023-09-11,24.650971498623296,22.91492916042446,24.59112522800294,40.51690768664447,19.759658602125405,25.673122020322754,18.308294682857465,24.03257385568961,19.780023135197794,22.304948857386087,30.410254536432184
2023-09-12,24.709680027729668,22.963805773173355,24.700589789585862,41.41626354511507,19.94531914145763,25.73831685779295,18.38159374759938,24.188775449018117,19.85565599761801,22.394215373583048,30.58838819118027
2023-09-13,24.783207654157007,23.08757102368203,24.770644743838105,41.55154748751314,19.999882734888573,25.79848533107783,18.469691390711173,24.234327214015174,19.922588571017595,22.54118061505752,30.90184921225178
2023-09-14,24.486185114860902,22.917572869123692,24.394013949348786,40.87371025256893,19.842188917429137,25.762107244572757,18.307668566949985,24.120065115548574,19.687943187284183,22.21042847570754,30.453122424296534
2023-09-15,24.257865211052305,22.73432811322824,24.10545509379748,40.270989161635036,19.790098937257294,25.500781324723675,18.236187786075835,23.860346566475013,19.496713293486646,22.242398690762005,30.2434720971687
2023-09-18,24.327693484870665,22.825488760307636,24.12568052835122,40.357487761391354,19.858716094261545,25.52290465651273,18.26793296746713,23.934306317053984,19.533333179192308,22.291969724223552,30.263483416618282
2023-09-19,24.347069162234963,22.838286972206152,24.135437059271915,40.3543426785112,19.891617521996622,25.570970203820004,18.272507446449662,23.940191194660386,19.547898416318723,22.30188105341597,30.291499983177584
2023-09-20,24.302812499930397,22.801777778320506,24.26022040469987,40.1751031824759,19.870463932184933,25.63741996031589,18.28048129455029,23.915360738939434,19.539382254702513,22.420841048214502,30.394946040684417
2023-09-21,24.086941856000024,22.220663983873234,23.713912214914114,39.15085291407531,19.48454361444425,25.19899792637644,17.98485277629611,23.58850107211851,19.18613900701732,21.791997502845344,29.970267144958434
2023-09-22,24.135427009881045,22.226674957938453,23.780430684873167,39.38198244309336,19.488351647548946,25.210170565073515,18.009134916977416,23.673794591765425,19.237456160466916,21.788638576455767,30.002755221598527
2023-09-25,24.172337525477484,22.235130088931243,23.959630998444634,39.40988394502899,19.507923229550446,25.263719956504783,18.033751738486043,23.697565642974084,19.279588664861905,21.861769919486136,30.069359568967176
2023-09-26,23.89689316264668,21.868696435471264,23.67845032853026,39.17567468841589,19.278448524475948,24.87632783492304,17.792568855526305,23.277970751864114,19.02525301858815,21.510355251347747,29.21564606478484
2023-09-27,24.0027156923199,21.932639063224613,23.801940276937053,39.612013204594646,19.337867405482065,24.959858736592633,17.987612162890382,23.34648401598741,19.099579505452905,21.58328731934798,29.96092706313833
2023-09-28,23.903309409005516,21.853980400834214,23.816727181696553,39.76272083227292,19.335054825657334,24.940280270440844,17.9948024443558,23.300135373462616,19.07428451042667,21.61531001470226,31.686479609923087
2023-09-29,23.96814879633043,22.006121213292907,23.935047209671957,40.18796766241299,19.481603985063202,25.06116983188258,18.100227330295105,23.47393741956606,19.157090687188035,21.842092886246824,32.040288914265076
2023-10-02,24.376773615945602,22.17660267052583,23.977397332109078,39.49561145648403,19.466424393184376,25.40641397190806,18.114175710950168,24.029355233914167,19.141860186850394,21.843200041243918,32.89665923447326
2023-10-03,24.309225370134993,22.10429419935158,24.133004789277738,39.659793046406,19.450110348447907,25.405864216808983,18.16283051792411,23.9088127453893,19.239252609081532,21.980276961254567,34.7244865337609
2023-10-04,24.3428798092401,22.147797029835946,24.119301705692735,42.14348587669843,19.54057527715812,25.483760707352893,18.246011699916824,23.901432173725684,19.380094251918457,22.020750352831552,34.83831941886691
2023-10-05,24.456033268818327,22.23884242067536,25.10507961679695,42.22179907208567,19.762377645137835,26.108147774225777,18.37674827716908,24.059240474041964,19.51208436850621,22.35131109967845,35.077763247135294
2023-10-06,24.20382148485244,22.15733102230333,26.087690685427322,42.32628204331774,19.691826483086526,25.84905959104794,18.29791210592722,23.82206912674029,19.390691171933952,22.294221702746547,34.69291421096308
2023-10-09,24.190971162139753,22.27905381166918,26.228426679056348,42.769840842391424,19.825415100661544,25.941585269106653,18.451703154153925,23.881030832954703,19.536960483883643,22.26049592452399,34.63310940244176
2023-10-10,24.190223615366516,22.147787564873962,26.01917268385475,42.80141861622842,19.733574594936876,25.810904397810464,18.415909628296156,23.959301518198508,19.479555163243575,22.196306314429865,34.36900776879837
2023-10-11,24.212068581354977,22.21103256313318,26.657005060881573,43.54906687841142,19.828553585867695,26.238524847538013,18.49794131500322,23.980886591237528,19.55290860730009,22.422805297672916,34.761379140483086
2023-10-12,23.869799135000967,21.99723975212674,26.066798760101918,44.09924036798217,19.708264651638178,25.80077019803496,18.328074126345793,23.982704972371778,19.319675898781995,22.07493610997689,33.77491173817969
2023-10-13,24.120844928257178,22.20474844651752,26.584266834268792,44.74775098640193,19.88838696025184,26.172377478934006,18.60367457388305,24.28570077441292,19.481816943920066,22.264218416850294,34.065511685402036
2023-10-16,23.86371259480605,21.98622998941974,26.157159233932624,44.61575951843265,19.769204732228122,25.95087529019265,18.473954190948238,24.118333073101997,19.35908139971465,22.09432787005886,33.92285593177781
2023-10-17,23.87079551005574,21.997639016601013,26.22576070181587,44.62169610063846,19.778043017091285,26.033704007299146,18.49413657518096,24.2352020942109,19.43601069728503,22.282137393302566,34.03892076386679
2023-10-18,23.61181840782505,21.772244932554933,27.36808952282933,46.78490845439247,19.678073932519627,25.836823681708438,18.499700425130747,24.249253233893274,19.383559711779665,22.06538900067399,34.07808135050019
2023-10-19,23.70553791121461,21.408177395342218,27.011953717355414,46.99532913166722,19.46702867512184,25.44326185229533,18.449379207925297,24.27309358942707,19.235431476654334,21.65301681371421,33.55362480490536
2023-10-20,23.500784178926054,21.187478668004804,26.8345865855865,46.22615861026613,19.29386555346157,25.351143031928824,18.335891989707772,23.9723834293833,19.10827972804989,21.61950071135303,33.253952717855206
2023-10-23,23.702203854238906,21.285725791139765,26.880478201131364,46.05565972776122,19.316367976396744,25.34599310860632,18.356226536122705,24.05706028641397,19.167995904529292,21.61155550458381,33.22786707851343
2023-10-24,23.490483412329983,21.145040791528345,26.533674544290598,47.81219303575744,19.221028117281836,25.22406776541784,18.2750132763197,23.931507115707443,19.035625104334432,21.394050078416644,32.601827502263
2023-10-25,23.9755207732033,21.167756481231947,27.48497922222974,48.28611068464578,19.37380698580537,25.11464380254771,18.27210704218794,23.969923321200547,19.075029536304775,21.453494048341902,33.554915792941436
2023-10-26,24.38696998281677,21.352524112077596,27.752487862593018,48.31832109559719,19.512234582051814,25.3879456904441,18.449576779377033,24.31305068815372,19.633370054533227,22.840100730250246,34.132169262615065
2023-10-27,24.510177770525374,21.82645287559049,27.363204964839383,46.83899007261967,19.521363748448646,25.31222857253518,18.41835277436553,24.53555287105483,20.01407599951934,22.63526960050722,33.26998300618628
2023-10-30,24.168960329728893,21.920163592847658,27.15457773520441,46.630343367371424,19.396877335949057,25.032039597914284,18.2987898955318,24.49450485716225,19.91609901792627,22.92869764636243,32.75014223770481
2023-10-31,24.033277685390082,21.684507799246987,26.92095741975578,46.410571806791836,19.209973183424335,24.742610332086294,18.18397389143028,24.252813719104,19.845438069785033,22.521489984601352,32.448712340621896
2023-11-01,23.95532698059382,21.56608135529724,26.92044109457707,46.730213804946665,19.156619821773635,24.696474505844314,18.174983391143034,24.124284561459785,19.891450245938895,22.39877103281528,32.2420339299558
2023-11-02,23.771579999440807,20.98215328856384,26.01723467502501,43.64575216489794,18.632031079327458,23.809570008072473,17.742856045580655,23.73819509950656,19.41398165223795,21.6040985678006,31.308160006245433
2023-11-03,23.617607625347986,20.89429118401603,26.040043085683116,45.52773794173364,18.577377675449952,23.73950648070376,17.732322759741848,23.64117389261334,19.35956781123545,21.42219108234477,31.303618041323624
2023-11-06,23.653520669439196,20.937203651448648,26.249450200411662,45.80563284882208,18.627104122482958,23.96264974585198,17.77412716877207,23.68300034143986,19.394581089057343,21.63473136551395,31.376245337554092
2023-11-07,23.830679251406917,21.238650917514278,26.478199282862246,46.07912639271887,18.74288528486077,24.086237118960348,17.890331714894476,24.055017938919608,19.865782573695956,21.81626857836251,31.473886134027516
2023-11-08,23.873470304680406,21.299523125226763,26.533618821175608,46.44361579463337,18.772152762330823,24.12581916178849,17.92634482690287,24.177960492035094,19.903972653652797,21.886696211879574,31.75107223193796
2023-11-09,24.053991068435,21.33752481673196,26.74958788752766,46.591660548933206,18.841118565469557,24.521060466857122,18.018976878378396,24.16020602375108,19.901222360816533,21.829310469233125,31.65714905894874
2023-11-10,23.707450826755935,21.063552737738263,26.374294177196106,45.78544188858265,18.691196900229663,24.07200005239749,17.84692967720117,23.812770747819318,19.710279097263754,21.613538564992687,31.357576142433068
2023-11-13,23.74583667602009,21.114857772822333,26.528863553765188,45.991262472879534,18.75063312882289,24.25591825898732,17.88267228792398,23.87727638136342,19.750009173758762,21.832161454361547,31.62243621321721
2023-11-14,23.369206241463804,20.363108023571456,25.80451781616976,45.698907925519585,18.28689118084964,24.083097381853634,17.482181752982914,23.08779215329314,19.084855796880053,21.101922185842785,29.185608188252683
2023-11-15,23.398016993503674,20.4987162898262,25.98907371006826,45.784706177417135,18.339962766822566,24.10747842850941,17.508875969939755,23.23817295247424,19.108467255963596,21.076585722865723,29.256931095672623
2023-11-16,23.479264246642465,20.669340397424598,26.604412352334727,46.48691218315245,18.43381992574256,24.294252565623985,17.568985732299087,23.308878757450707,19.181187060697003,21.134740611891527,29.41789684548748
2023-11-17,23.510428982573373,20.676017430944743,26.648954509986282,46.36141871359522,18.495842027760855,24.40258949571332,17.600234741990405,23.413313195960857,19.214450920955883,21.175082606639013,29.436481608440456
2023-11-20,23.526313183668073,20.698781618404176,26.795590251460833,46.387781713334405,18.517333652213175,24.413137568538623,17.620196258702375,23.455023714322625,19.25481852762495,21.184151472742027,29.537841936726
2023-11-21,23.584763788751314,20.740989369078147,26.879880999436327,46.4723393710884,18.543923366381712,24.548596153614195,17.647619280342862,23.563795258075455,19.294202249235138,21.228292731902386,29.567750180950327
2023-11-22,23.541366819482583,20.75696953486159,26.85997688572948,46.49494128987262,18.52906233727358,24.551948298225224,17.64385045478673,23.531832789957466,19.29919943512401,21.22703580224103,29.515603183943224
2023-11-24,23.603715030559407,20.76196171759137,26.84488776345732,46.42412547995533,18.527299110651153,24.548414161764875,17.64310788912683,23.58130441012661,19.293398097272092,21.21508428496654,29.521768117579093
2023-11-27,23.630814505580386,20.79305446807748,26.8556671122056,46.41607941099706,18.537049716327964,24.582997069024515,17.657703460324072,23.6052986634228,19.309972619860314,21.283468902555523,29.580901840511043
2023-11-28,23.64931029275427,20.830711198444256,26.961050014358882,46.43358820654692,18.564873635719113,24.724582723712665,17.705686911537335,23.62767683259174,19.326075100441965,21.332582124130706,29.62363032219562
2023-11-29,23.79024873588256,20.875848920906503,27.262256238993004,46.55350932716384,18.6522278861946,24.789733026505804,17.773573334194463,23.67724225429256,19.402454306657475,21.454467631826528,29.76390559271695
2023-11-30,24.21915975095523,21.135798001783016,27.179932325493,46.464446812052984,18.698280086745854,24.817205261930503,17.784130674551843,23.87817215803531,19.39718536848349,21.445915463417574,29.71217589439218
2023-12-01,24.23498533601192,20.95256544325285,26.930144298974145,46.15630787603591,18.64054432535169,24.726678092930264,17.795588521081143,23.944178606349862,19.292363330151442,21.228803984439015,29.35376902133652
2023-12-04,24.285285041237014,21.00885379164058,27.009559190678743,46.16804791096617,18.69316174792151,24.857939219093918,17.85495695767379,24.129603102635443,19.422622454239573,21.37026495390683,29.381857946857238
2023-12-05,24.336141715295387,21.1719568454937,26.95625281202865,45.83281984762211,18.708305762921697,24.922247890054518,17.861542320914225,24.359576595926118,19.521965186090842,21.420001526666717,29.344029839738862
2023-12-06,24.364144307453124,21.24123107978616,27.00243657958016,46.17939533822491,18.768168193773892,24.97189927057663,17.945366918137758,24.4092279763649,19.56518064040621,21.43708242758996,29.77073274599081
2023-12-07,24.688358335268184,21.304931865949904,27.034338851828988,46.3805224189705,18.79495949671602,25.122992436390273,18.017625231710316,24.45539317080583,19.630045545682954,21.540053479622703,29.87827971626115
2023-12-08,24.71860039470672,21.315330576061168,27.340577335534256,46.23903721364274,18.802736076671763,25.13127132147214,18.021822150575417,24.47580160082506,19.641413687260112,21.586264834853676,29.926716876339533
2023-12-11,25.15325487245525,21.3859348658464,27.344046383901738,46.461854613547274,18.83028439023793,25.104590093637043,18.04372828429784,24.51814118087058,19.652439723150763,21.61549945198855,29.89053007812789
2023-12-12,25.106770304762016,21.38802752617635,27.294085314575884,46.92552966610512,18.836113913443324,25.087698109220604,18.073521680053396,24.486253002490297,19.66624308340299,21.720095304054556,30.05151123940915
2023-12-13,24.837558709901913,21.18884432453846,26.23710639298332,45.562737653157384,18.56738885852014,24.25871683843005,17.98831722755885,24.385779305653028,19.484176953030946,21.148627859778408,28.5745198986638
2023-12-14,24.996184111500526,21.285381321094963,28.213478849245472,45.31721604986878,18.76199510633356,25.005696933031984,18.256304895201403,24.752854141001713,19.7453274171687,21.620328692991038,30.13399134728056
2023-12-15,24.962977619633914,21.29138731671358,28.2740837002378,45.05928074044667,18.721667497456846,25.10116793589362,18.23460057846197,24.806346635265974,19.717523547454935,21.570107931383433,30.004867433652286
2023-12-18,24.968973060038078,21.34427713404077,28.44049456989647,45.099924537303984,18.72900332108706,25.10175842367801,18.29076885414968,24.85437816863685,19.749860796004754,21.666547959463482,30.08056425653415
2023-12-19,24.89175279129589,21.268096405428018,28.346450391192562,44.72914986665287,18.67386531656137,24.95675458061042,18.222708044824486,24.83723691230425,19.673320661721064,21.605709175038353,29.978163927356988
2023-12-20,24.66760454342406,20.88168489228219,27.225874552378276,44.04031180558402,18.314391202980527,24.18231521278687,17.888359497453006,24.3324962312041,19.330412341986065,21.320825195415008,28.962940324169278
2023-12-21,24.541442858561226,20.798311458300283,27.02575508103099,44.13102899190394,18.227595101967623,24.011959772079297,17.7846346565145,24.189544628922683,19.237790710683335,21.341292799435216,28.908642193388417
2023-12-22,24.588460971907665,21.02368665583036,27.098404085317647,44.07362517682508,18.252508746569408,24.02133517879062,17.799069725945245,24.222757693734753,19.25582140762926,21.339196566328763,28.911375703630128
2023-12-26,24.563665993241308,21.00607444300807,27.00300845144416,43.844339973655224,18.227750674623202,24.004889123001462,17.785196761713745,24.195286817082298,19.23715733651237,21.28442766567782,28.81665957760004
2023-12-27,24.586641938168295,21.010242853293708,27.013422348466754,43.95200794395184,18.23214331963497,24.013995490220502,17.792318040054553,24.2282766410426,19.24305876604037,21.2810433083124,28.83387273673505
2023-12-28,24.608921088043257,21.074435706898647,27.036719873873142,44.39804275667442,18.260968569786286,24.04882707340979,17.816135764064832,24.24536788058399,19.294751870252547,21.32036129298506,28.892896250848004
2023-12-29,24.584738911404795,21.06973787010421,27.219955711219455,44.37729444752011,18.259294081243077,24.088493597053017,17.822067065856668,24.228731556608686,19.295798121459274,21.350574305377087,28.89553467996589
2024-01-02,24.9306909813073,21.39585137939667,27.709302137530845,44.750427098715825,18.480561050542672,25.17142979668513,18.25085296067409,25.41953656984317,19.510417207071654,21.597604410511707,29.207166013254586
2024-01-03,25.06177023305023,21.4100557292252,27.6885526632428,46.09477620519428,18.487413860435094,25.282378566570635,18.293251487281264,25.411365130502134,19.522383508782816,21.690096627227703,29.406587548192032
2024-01-04,25.075193131825518,21.417906060452268,27.67867275478093,46.09034583732059,18.649792805478626,25.435225268494932,18.37840395393597,25.390860271063914,19.534949565348015,21.687230659004392,29.385686243851723
2024-01-05,25.127936518537396,21.433184052019254,27.71310595065344,46.10528825741539,18.711831385495948,25.471570479077364,18.394023172803923,25.41642035913414,19.556027062826324,21.711632211405178,29.404956369826397
2024-01-08,24.995316259085516,21.34337968669865,27.543285409441737,47.35144371674863,18.732197131369272,25.301368772129333,18.392691359143768,25.296511040049456,19.593543224676054,21.603520138223693,29.314457609223155
2024-01-09,25.000553862284285,21.35019256195174,27.85464044441711,47.32363081968382,18.785782962107486,25.348569696210472,18.412204629671265,25.40065106034423,19.6595670686364,21.62220013948372,29.273947295889723
2024-01-10,25.002681552250035,21.40189033280078,27.959146614737435,47.55549655652211,18.805235209457646,25.371506201010558,18.432992377180668,25.429464777190198,19.712922240005177,21.65009514425222,29.32893256717708
2024-01-11,24.982127580994746,21.41832124237872,28.05505818857651,47.84433440083537,18.81521094305791,25.39810012107803,18.44385742438124,25.57199056138535,19.739490497792957,21.6770274943059,29.70193765247215
2024-01-12,25.024336210093967,21.638288426684387,28.10695624777731,48.09751296138385,18.85384514870886,25.495701298611035,18.481417537137286,25.64113830868797,19.77373338917157,21.784546143453927,29.747805161747348
2024-01-16,24.941686775826007,21.698074305405544,27.96914180361698,47.16445040973164,18.827009592749068,25.37276805004313,18.43573540743283,25.79917175400057,19.72468426003644,21.808966077092094,29.570203562164714
2024-01-17,24.884032440128436,21.627569587782066,28.11647451779489,46.95781940901821,18.850175158574345,25.384825440232078,18.416415598884566,25.711588155653203,19.692780438317996,21.697062694659536,29.41463927211859
2024-01-18,24.986046435706886,21.754016125738595,28.269317260205295,47.21291887382778,18.977503452037432,25.55668490461637,18.690682907720678,26.04252836392178,19.80024565805036,21.972960955556744,30.060556215677476
2024-01-19,25.034331750680934,21.798455893843418,28.949942411855705,47.10122803759993,19.173300501656335,25.786836594510888,18.764170820221164,26.229687937522932,19.94271611002399,21.990128673357283,30.180436970592634
2024-01-22,25.066944795515294,21.87777055269702,29.084620693846393,47.09770352267423,19.199262859190775,25.813373598156307,18.79987279103646,26.249121811248383,19.95846146275039,22.00761732163726,30.307070007921695
2024-01-23,25.18126050768715,21.97992369058578,29.492493126584446,47.125525441546614,19.23835841749712,25.929642945276438,18.87049690609417,26.291799289451305,19.994768601990792,22.11503383403969,30.374219455923978
2024-01-24,25.489543304872196,22.055459810334437,29.540640026641324,48.58132903414079,19.491113336875447,25.97369058071924,18.926196541584265,26.637683775898267,20.10635165519591,22.201053278160423,30.289211519563107
2024-01-25,25.60637162455086,22.574313474769145,29.602736856964647,48.31164445898321,19.570820393080307,26.535740732304998,18.93074681523263,26.785593665973046,20.106444819610804,22.280879508592722,30.284940485678842
2024-01-26,25.69682529474841,22.62251855050888,29.64970408616347,48.285706837297575,19.608557126337498,26.61213807343873,18.975147496524684,27.3271630846462,20.14669824713264,22.380501837422496,30.314031374564998
2024-01-29,25.648378939891746,22.596569483388933,29.48822843117245,48.74020187158564,19.64438907766915,26.521228980340812,18.946680267757138,27.200280564684043,20.128565224805516,22.328982316627002,30.273778776281922
2024-01-30,25.846873773261937,22.690230315971636,29.612806029413857,48.69231510613427,19.86548125100856,26.610765763455007,19.02773578272472,27.425458160631134,20.22330868380709,22.653168512532627,30.34307923741972
2024-01-31,25.22427603098168,22.32928136570819,29.110833158233014,46.71887057542918,19.40534827011922,26.54861357922464,18.726762994561238,26.77044516380272,19.874441212829318,22.37346717172804,30.0529542563353
2024-02-01,24.784922621864055,21.927600729475454,28.194113431126926,46.87245135438596,19.59301989692232,25.95461323366386,18.438563900029155,26.308812792368485,19.586216237262803,22.13640928763111,29.142348373946554
2024-02-02,26.589506525110934,22.18827207819009,28.54455142899852,46.888642433185865,19.777936051577157,26.183609634087055,18.70276214249128,26.664612596427162,19.89342612100208,22.81293615850355,29.618276972513385
2024-02-05,25.92516839221517,21.889182122712395,28.141974477033354,46.27628497203013,19.64986176889572,26.494515312515276,18.636626773980666,26.833514468486406,19.827962163034808,22.493771793470046,28.803987169995043
2024-02-06,26.187833022061913,21.973899026075646,28.292999011543806,46.33565268445632,19.729095452864705,26.539193127457413,18.664213781719926,27.187818647674938,19.94732537979606,22.552087367327186,29.037247174906035
2024-02-07,26.25266092932964,21.951939878682843,28.486757974515253,46.26862648593169,19.698973953305675,26.553189753277696,18.678225202222293,27.14155901750641,19.936867061576695,22.57606545573516,29.038431423385987
2024-02-08,26.30594919403845,22.00178726478722,28.481111965296655,46.66947183784415,19.79009530258213,26.564922697222233,18.698994746309005,27.1674094618032,19.956792998516676,22.618903784831698,29.032342091229165
2024-02-09,26.425949692040778,22.07488136542692,29.015508412824847,47.15711370945743,19.840991249398858,26.64476300844356,18.741662314304026,27.33331617440105,20.007271660544898,22.67797096720393,29.236987921795333
2024-02-12,26.504773636706002,22.140131957417662,29.128990425086087,47.235292136051946,19.891375137946767,26.714999436085513,18.820417261447318,27.581423366483193,20.094311076413835,22.849880760662302,29.4772056817323
2024-02-13,25.99972288873048,21.76542269329195,28.484168830269297,46.36090414232601,19.54696268189019,26.10392083460139,18.62832304585543,26.995025529018285,19.8333841141484,22.418703314199888,28.76819385591861
2024-02-14,25.839079733080585,21.720160703388668,29.06707968980516,46.608309972250936,19.577275334887233,25.92288042007237,18.6307610298785,26.886667081832844,19.829656231786892,22.418770616118543,28.66428574282032
2024-02-15,25.844673554515474,21.72085359184044,29.068947451524206,45.0804213402028,19.4763968411625,25.91711384520502,18.716883439339867,27.49400393411151,19.787260364401355,22.27721562834427,28.413609243895444
2024-02-16,25.969365131207873,21.782786199918917,29.247420481576853,45.1369971076885,19.519707566915823,26.160279956078007,18.75322538654734,27.537235508046226,19.970618787116706,22.391735511075677,28.458656490166316
2024-02-20,26.00346821279495,21.84208533852473,30.01129719236402,44.92354731944906,19.538616614535222,26.214542038764844,18.775299937891365,27.568087849760442,19.99138363698997,22.414195345606778,28.538622630899535
2024-02-21,26.152460120514036,21.805831619004874,29.737448205286938,44.62032272327187,19.54861741153089,26.16345078259107,18.741482038367014,27.972954865482187,19.947998666157204,22.35190930423884,28.300407028769182
2024-02-22,25.997539284663485,21.670445535217148,29.81930831703561,44.614387011658266,19.450590216863247,25.94716278221712,18.71902222999644,27.761806417119487,19.885234896657554,22.477098079199767,28.991087150664725
2024-02-23,26.063025629389415,21.72633312132864,29.866923991524065,45.039429653557804,19.47221529480674,26.016536629373615,18.753704956371845,27.783416551786154,19.92557027176747,22.570973365502013,29.139669320485346
2024-02-26,26.001612972711275,21.868296120366708,29.76520621172979,45.36204728413246,19.44661369790768,25.884047434217162,18.77451756713378,27.929712401303668,19.90484514448834,22.52436676463407,29.09520757590867
2024-02-27,26.052417163303815,21.907167608997874,29.925718375170224,45.376986619017494,19.481396701801756,26.02503471746571,18.82395380907584,27.982160366085672,19.951465838157965,22.61531338980096,29.80422949198904
2024-02-28,26.18317171943844,21.960926273004223,29.992925023915596,45.497154587661065,19.524954100636247,26.325118614307858,18.882941598134583,28.091410527745875,20.014900113690054,22.806051364034012,29.887302726044474
2024-02-29,26.233439334046242,21.985695238203622,30.087919187933483,45.52313434789568,19.595323944047614,26.78315897456272,18.916347297701243,28.103415651709728,20.05777988408631,22.85832579034695,29.922722756461578
2024-03-01,26.241010888837096,22.077125475766117,30.229819896706267,45.387378350207705,19.829715819025523,26.92137983398159,18.94907420883668,28.11180124152029,20.07555604714167,22.876794598454747,30.111807208100938
2024-03-04,26.84888030765018,22.473763845473975,30.419524096922146,45.8086378341835,19.971024928740476,27.103339976554626,19.08905119273639,28.28682123199699,20.246624438167306,23.26478316804818,30.920963069210504
2024-03-05,26.815542851909534,22.49516607223687,30.72904275454644,46.79755126057103,20.083770024034774,26.963129110443134,19.058315008032125,28.202199881357537,20.228562997169497,23.166635152895193,31.012258686464417
2024-03-06,26.801776887100004,22.66454861847359,30.38333899102116,46.9238839499991,20.098066284813708,26.772628872138394,18.99372858860453,28.051017276975276,20.171612694192657,23.13856875365217,30.73819568381132
2024-03-07,26.68062272519174,22.60340798219721,30.15659309434416,46.54333799740466,20.362049287008972,26.678459516957208,18.972720277818702,27.97273559524236,20.120750800874767,23.284872889515036,30.6149299316855
2024-03-08,26.695324906024553,22.644528608491978,30.340883213389336,46.775887995385254,20.452593334413113,26.71615534336726,19.005655953853008,28.059304225152026,20.163460192503354,23.70626119257688,30.990617396313553
2024-03-11,26.74809597860938,22.710006832723593,30.524933919965964,46.94595411647528,20.50793702619632,26.801550521641136,19.16467828189242,28.15989880026316,20.351130607884212,23.763371939707927,31.07669379413466
2024-03-12,26.70441905325393,22.679735311550857,30.43047572289037,47.09236074787774,20.51532506977725,26.750339721933265,19.170121621679797,28.22645781542671,20.40873727149154,23.90797319553861,31.67531065996288
2024-03-13,26.78777785878243,22.7581340609651,30.518233842520097,47.140897582696155,20.612640753767884,27.01340526440943,19.23697576892842,28.52680599226185,20.578107230713567,24.202646242407713,31.77550540077277
2024-03-14,26.782219637297906,22.711349479408828,30.372202030731906,47.927153146474225,20.553514577049306,26.91141682096091,19.211872839645988,28.545410177202278,20.580341351388277,24.123113769197687,31.680292740175354
2024-03-15,26.77201372625116,22.65167298694408,30.32421366870672,48.225305560381436,20.553562439985576,26.87131259844464,19.2449946198386,28.525930315447233,20.61126568107998,24.113916990621643,31.778461055810535
2024-03-18,26.96858583433808,22.650657156078637,30.242677317118282,48.14843412963875,20.577174711956665,26.95191367639148,19.27596519697482,28.60616282689275,20.642294847533034,24.163825835243237,31.70586492333234
2024-03-19,27.075137022897668,22.620742654121585,30.10620245542549,47.783346924364785,20.54340907065151,26.836589286480915,19.266957400074265,28.592211510843562,20.657419695123192,24.20185491519957,31.592463858143937
2024-03-20,27.043965974867557,22.6208720217016,30.1694462007326,47.976293247676566,20.54290836390936,27.2536325525097,19.350736468711183,28.536799994728007,20.6594702429769,24.32390882705447,31.68793340472154
2024-03-21,27.10589779995216,22.637824061103363,30.20679665005577,47.87800313320331,20.550103466202472,27.274069189169076,19.440693229800992,28.65337381299048,20.663840006876306,24.34106951686864,31.720375038535987
2024-03-22,27.251556536730043,22.560354470854584,29.996664232625186,47.838580532843096,20.56900075156044,27.283859280688965,19.37895177229839,28.674790324579856,20.62294114902593,24.26340571613558,32.01016739459426
2024-03-25,27.224247385171864,22.54105921020805,29.9840856814328,48.66184411102088,20.582217327572984,27.274629552097057,19.439765430356317,28.601398573323834,20.695602863952843,24.240375739017,32.35634203923066
2024-03-26,27.234354398324868,22.579287458851763,30.02590694506243,48.55143455403623,20.681063441111252,27.420579149451164,19.466556761121943,28.625409228266108,20.715299984214543,24.253568936674558,32.54492205412266
2024-03-27,27.148434818910737,22.2963094001171,29.234992352471025,47.96025399074941,20.41819415171514,26.699503095551986,19.143515860539143,28.69203472420368,20.42189773144108,23.71005058934163,31.389831259423495
2024-03-28,27.192530128160712,22.491466415144252,29.272167833658898,47.64684605739104,20.43330071509686,26.74259540449424,19.174281094571796,28.73488164833315,20.453407286953166,23.736924177810195,31.45739341173488
2024-04-01,27.749623167896907,22.507802561549166,29.148581011956637,48.315223379845044,20.428096190430896,26.66806161177675,19.184388225517594,28.960296932176675,20.48586335401272,23.72917558856062,31.396651478504765
2024-04-02,27.867290850129034,22.43632294981455,29.097848551621524,49.64252821731667,20.42480810215375,27.162399594746876,19.219603186719674,28.85124226703929,20.555928936362157,23.660992444131033,31.86363826327122
2024-04-03,27.904444347877828,22.48190194006241,29.912278661385756,49.77859516733337,20.488124932380742,27.24815328051698,19.31760684794001,28.897378626514676,20.67622993224693,23.72348096127892,31.96701920497731
2024-04-04,27.452514126554973,22.23559363764321,29.59980345558739,49.62166700994259,20.273875116794574,26.80297930667751,19.142709341400284,28.37093992203049,20.498919115183394,23.63793283125827,32.26629387482768
2024-04-05,27.38178114592082,22.272606328392335,29.590426472206037,49.51617409951874,20.237462033535493,26.507318696675767,19.085449266310086,28.26171147560587,20.44751525190338,23.60173263001575,32.11099391077831
2024-04-08,27.42734584197133,22.38004743952629,29.656481218103487,49.92489416348012,20.285679655756795,26.602342485433685,19.145646432019632,28.306375713194328,20.490906414655147,23.668605492511734,32.234739654700846
2024-04-09,27.480862223762287,22.44786343109762,29.7653874205845,50.03633859349546,20.579647419974563,26.67529030616794,19.290232084601076,28.35669628677367,20.555441745705004,23.903037043922247,32.318328216368045
2024-04-10,27.10888349142257,22.115799794721802,29.88635623832114,51.764804816058515,20.35692315420567,26.05442155843008,19.21385344837686,27.86242378767249,20.281665471293962,23.681272812141398,31.70384761317186
2024-04-11,27.2541845449878,22.340081267227383,29.96086534418235,51.75854413515027,20.567607717147958,26.252228656930455,19.319575598449976,28.5969509724602,20.349240932968424,23.734073030413672,31.69633408932362
2024-04-12,26.549445406714522,21.90562636547202,29.199369856363006,49.947404886888606,20.28454715868775,25.555932756482946,19.047545632891925,28.028162438334192,19.925725228803607,23.59011345922825,31.745071676629657
2024-04-15,26.178315914015144,21.613170271993052,28.985248122077824,48.85152833513636,20.201947115150247,25.632459645814336,18.94578091025196,27.572791211528035,19.830432404355275,23.152365096069214,31.46205821376778
2024-04-16,26.114124562188984,21.555100339043182,29.022055392610852,48.08154392421699,20.100176857906753,25.6733697203612,18.93612120644575,27.62400337474401,19.763548241168408,22.977142228374564,31.25146091400135
2024-04-17,26.19052778718783,21.622725979367612,29.244057052976842,48.10475101964114,20.21472632226732,25.776499010368337,19.08361624108059,27.802598583804674,19.888488891651175,23.150449660969475,32.357575830772674
2024-04-18,26.362687691854948,21.739672175983568,29.378044303193928,48.33904169982185,20.28408936493971,25.830208613114436,19.14358355681902,28.004214840254022,19.935874224962706,23.19328863666677,32.45015478088699
2024-04-19,26.828389505530225,22.044678213469656,29.70350170959054,48.30218842496001,20.777253340570773,26.00246684254277,19.335203162264094,28.87100391862355,20.093502676327805,23.360327723591638,32.51096429696892
2024-04-22,26.884084907580608,22.011825589498493,29.645232526351535,48.29524121380857,20.91467251553587,26.123043743534346,19.351505348939966,28.826939079352393,20.278265819013097,23.3260690368754,32.46647161697213
2024-04-23,26.870794197990843,22.02449960066337,29.75285616966777,48.29967049103126,21.027033082331588,26.24525317457831,19.481137248350972,28.761142014307666,21.18980898811361,23.35044672255829,32.560154247596586
2024-04-24,26.950417892567724,22.195951517415978,30.334755363912457,48.45396580374258,21.143622167123212,26.3961653689445,19.756437379519905,28.892448594698237,21.26908989195745,23.444492004556686,32.706070520805376
2024-04-25,29.017221462731257,22.67025453305451,30.49145027146511,48.649546327897326,21.344394768108156,26.61943310483938,20.013008063125966,29.343296958382524,21.709088322651994,23.589179430014116,32.92242178259514
2024-04-26,29.83224784911374,22.744249348695025,30.678576702347005,48.74082302462289,21.431828403866987,26.715545815876183,20.09831372908978,29.432021912420048,21.743347048381395,23.664995607619808,33.05359468910464
2024-04-29,30.70280774516695,23.06547651510534,30.55130478709302,48.81662902558389,21.723158518074012,26.676863068126664,20.086118074273244,29.497876543428188,21.70050767780304,23.52801054263923,32.76329677745113
2024-04-30,29.521564707625554,22.465577907376773,30.341065863089135,46.56281351258166,21.615899569296207,27.467437628085474,19.722122755717177,28.590260841743337,21.286356771528904,23.219216055042594,33.40362017888876
2024-05-01,30.051712499397055,22.50314974790838,30.765076349493707,46.24849947535378,21.683213597518,27.54518309047044,19.786339417980734,28.617024139070146,21.484964441098324,23.283343002511973,33.72843637410048
2024-05-02,29.84145123281249,22.44046826041464,30.600641549465873,46.12141311030524,21.73127453104805,27.786749141558225,19.764161379400942,28.566161629766235,21.787257878250113,23.28155056369196,33.6301537410899
2024-05-03,29.68820530785462,22.4349284406166,30.429561868642963,46.50101631259332,21.840022389761014,27.76593914698716,19.73136575666866,28.521603379040933,21.724041158675597,23.161420182415252,33.419699068103895
2024-05-06,29.31505404507229,22.216193360243892,30.380112470652655,45.69351825582875,21.594417749619087,27.518923135787137,19.60537564295062,28.22417262740492,21.62275569830223,23.234997464554862,33.15007021188794
2024-05-07,29.421463308741057,22.561435100945165,30.497631029947236,46.27051090990538,21.68695104675569,27.601352742451645,19.690598196335806,28.43477596433683,21.78193206489542,23.26043509145388,33.12655023496719
2024-05-08,29.44273517571468,22.633349104892872,30.561743620505155,46.33028007782208,21.742012921099256,27.629615336036395,19.71833711194168,28.54136123502093,21.817042653334624,23.335433278836337,33.545749577151696
2024-05-09,29.47463705495408,22.567743253942396,30.2750866919689,45.716172848753,21.717959129049113,27.368585636146037,19.623639155814082,28.702594393412856,21.694353280768823,23.215205621941603,33.08491743973275
2024-05-10,29.506121671017848,22.74601387979259,30.357835656639587,46.01417745606514,21.734519831815987,27.39805486804257,19.65049364065851,28.719033074602823,21.711809820638003,23.234565070872346,33.11179004629708
2024-05-13,29.487831737311648,22.761944355246836,30.286862922451043,45.90543438648641,21.718577639307966,27.374497738025678,19.683529850415717,28.870271051465917,21.72269666975216,23.29623307226723,33.06975698356148
2024-05-14,29.451014566282552,22.75692112003759,30.42454411473765,45.9135262475324,21.685582890107995,27.355866571941544,19.751010865533342,28.850064443337796,21.760806348275743,23.307221286833784,33.06237519849959
2024-05-15,29.354224443816257,22.86321566644221,30.73506376220731,45.98239045884072,21.646601447605622,27.31746034641184,19.744628496401518,28.75674235284467,21.941845677423704,23.158917435572242,32.77090073088136
2024-05-16,29.43075031300731,22.926480422779097,32.354268172418394,46.10628578272279,21.725545146571235,27.404981075410518,19.813387037339456,28.79647189534722,22.067836285406646,23.241847949618343,33.02873847373321
2024-05-17,29.470137793886657,22.97914454907569,32.41693397923846,46.18472977460845,21.761648930543352,27.440937940466775,19.879490960801764,28.971920052764716,22.15524115638485,23.27704803336466,33.195362223342045
2024-05-20,29.737524199934047,23.057178360577254,32.48704881151924,46.08500764349178,21.979779548949793,27.480655055528036,20.02337116877403,29.48845167426307,22.293457630407865,23.331009286033925,33.209916998568644
2024-05-21,29.998306535037745,23.070484632947494,32.492377865838485,46.259322288594284,21.936435931648855,27.502029721709988,20.145309598611437,29.542190924178165,22.326827066858908,23.379879556017286,33.25106455521294
2024-05-22,30.208586053165824,23.018374936859846,32.322856821290245,45.82463080458662,21.856651410119806,27.611525233768724,20.24096854748579,29.728271624687736,22.246475073774516,23.312776094454023,32.97875707926852
2024-05-23,29.416351345148666,22.38514823884006,30.705547543608922,44.77382210212356,21.231105821854154,26.56700564239346,19.780426767191326,29.30350955094602,21.908397837629785,22.522206869872118,31.56201589644863
2024-05-24,29.24194923325885,22.380036845444497,30.732987001456273,44.72738570220345,21.214856620283328,26.861100464871996,19.75081938987331,29.2758392522064,21.836487508494663,22.590517588143427,31.462060557688616
2024-05-28,29.51987394430836,22.468227933402286,30.604159120706083,45.73516800948745,21.2862001630546,26.93497034347238,19.90254545913401,29.660038012226508,21.931014420726388,22.624275369443122,31.700256102584778
2024-05-29,29.49007434284872,22.498977904833982,30.171793752552105,43.93652402203928,21.20088771667257,26.735284451613346,19.82440655710812,29.485035812238188,21.737735320676332,22.55316806188556,31.23885034194909
2024-05-30,29.79080852729753,22.69982788361643,30.188719998158575,43.848854246764716,21.25572465547604,26.90731706565657,19.90877229489138,31.1750994973351,21.79762675595634,22.77933795948959,31.1504618103864
2024-05-31,29.491135224641123,22.862726614834962,29.01478492395706,41.350557221847005,20.86118881090741,26.116615978359942,19.668471621417407,31.666886992629117,21.4695554129809,22.31990547973151,30.133599681852875
2024-06-03,29.80531425850568,22.979570279596924,29.122763215264964,42.19199385735353,20.91495525372139,26.677488428641194,19.75478993438212,31.770195512466398,21.50566766846663,22.41540586994987,30.053730599233745
2024-06-04,29.9858461568872,23.06582148762106,29.619477354382184,42.35692340672629,21.094304238002522,26.798011536199347,19.892379441230705,31.88137444775827,21.821168200657098,22.709774514117072,30.323252235554232
2024-06-05,29.9126385036973,23.103982833861163,29.837736193295395,42.47804187152772,21.14451159529543,26.81957457471318,19.950055977948782,31.900855882855673,21.87149196656647,22.80006729657071,30.71412975068536
2024-06-06,29.958720905777366,23.195469490733522,29.96094815020601,42.51450382387225,21.194899618103147,27.00725757776451,20.0873629099468,31.99119275779057,21.93177894466966,22.864301265900693,31.027094061337323
2024-06-07,29.976391051228724,23.228449980742564,29.99265481992161,42.65199562579709,21.5248566117469,27.088997413175175,20.160144838109975,32.061920998933104,22.06504634408445,22.900641500513444,31.1231267624357
2024-06-10,30.001223329733445,23.295155270518187,30.07861899618533,42.92373769389781,21.579374411213166,27.14265041809752,20.193851881990334,32.07194039284529,22.169349285020143,22.938563036832146,31.335954397217243
2024-06-11,30.166674530249395,23.399696962392312,30.08706725667112,43.09175781717695,21.899094803857036,27.19120016421801,20.268443615230634,33.03965116926545,22.262207613070593,22.990555754696626,31.304344624221965
2024-06-12,30.57417417169233,23.47620970101136,30.80831747878326,43.529185559356854,22.034184941009187,27.311992748931512,20.455932185581332,33.29194866528445,22.347279567942266,23.14172073455222,31.50668514037504
2024-06-13,30.71582903644875,23.525613362122765,30.862572688433914,43.4810180193692,22.074602213835792,27.36664372100264,20.581317850908963,33.573499311550314,22.38018035696636,23.226800738805363,31.624046594648714
2024-06-14,30.98064119503968,23.575973250095682,31.098709700674494,43.52516620413538,22.121803820484086,27.457131322975354,20.799576554014106,33.79405323811174,22.473341578938175,23.33208464803412,31.666761906785045
2024-06-17,30.942139215765625,23.68312573136837,31.346517067639283,43.62181005475992,22.162605810933446,27.828901968991975,20.824620277458717,33.64073506938875,22.53930891960884,23.733870202749603,32.983737708998824
2024-06-18,31.103890370244873,23.77064664142375,31.448649726008348,43.6222555547534,22.267552083564354,27.871223683407965,20.86869220225629,33.697273677702,22.59138406333267,23.763297248983395,33.00569437416564
2024-06-20,31.21549800038111,23.83431129729515,31.61578569096029,44.24711780637331,22.345763004117387,27.931380525735346,20.928467074857092,34.07037219251408,22.67272563557046,23.845488030330888,33.13232279738967
2024-06-21,31.31975890435176,24.090437429488567,31.68340569130586,44.33510104530346,22.389066797528837,27.979501986889442,20.971273412383738,34.16675577951971,22.715797913945895,23.899352109346637,33.29654434620498
2024-06-24,31.56319818587459,24.54862365919246,31.452726198412563,43.58846896757046,22.368006515220937,27.97352140085082,21.09919967591484,36.59899172936252,22.747033106698147,23.926702998844476,32.918667630676424
2024-06-25,32.362359604885,24.66118493922885,31.180323216072136,43.484985596896166,22.28098032997943,27.879792296944917,21.09928691118404,38.12019670523422,22.75828437496193,23.84165898516409,32.5381433330736
2024-06-26,32.462917060910705,25.230982823955944,31.204811259771404,43.32123804089791,22.360349342046213,27.907900930069445,21.16338030254316,38.26757048108624,22.806493506734054,23.891086131849526,32.54963938795297
2024-06-27,32.541381980798306,25.308620494381078,31.42872539034556,43.38177194631284,22.416952338609143,27.998442971943483,21.198807042584253,38.322695752084314,22.871282304750608,24.0015834157685,32.6015889842265
2024-06-28,32.6444496187049,25.488977372718285,31.51287921633469,43.56379050037836,22.599851354733794,28.071321123419402,21.276557935073672,38.39151642319263,22.92990328259607,24.341181893556946,32.813982617207174
2024-07-01,32.613041909656786,25.91290158327401,31.280488263866573,43.742540728959355,22.877717998418586,27.964713257179387,21.35869854975069,38.865817776264365,23.160072142891188,24.322992948451088,32.64326434095533
2024-07-02,32.59634125224532,26.19566099739896,31.335754222529566,43.67413066094033,23.146217418009403,28.6560183190658,21.41521009564964,39.05065292988264,23.331842076339512,24.494377439561614,32.72755468484339
2024-07-03,32.70713874881689,26.403360124960194,31.408533426479185,43.76193218061934,23.275981617217486,29.349472413442186,21.50125550765448,39.41811283351655,23.552112080021463,24.633083689401523,32.93587305936471
2024-07-05,32.88133842497587,26.426230078410246,31.810262686094546,44.995083360335016,23.470971468510772,29.3195766095318,21.808623586916465,39.640763791829634,23.665954872713186,24.71657894778771,33.03163834804476
2024-07-08,33.02455438932342,26.46995917865278,31.835581604123654,45.28461129010842,23.545827960226845,29.34245293897059,21.843853995487937,39.8498269360161,23.82328005532876,24.76994889726834,33.065694221478026
2024-07-09,33.11084357705848,26.564900768145293,31.977547454330818,45.38641821662177,23.800036048125296,29.6094641615099,21.9645025793694,39.914813156807874,24.170790997680523,24.844548039841527,33.1828001198542
2024-07-10,32.943604505989505,26.46803780770235,32.02775436967282,45.23092783501152,23.837309351427788,29.500825500355525,21.878616144231618,39.58206389286906,24.162756391119295,24.88987590686346,33.12176559448232
2024-07-11,34.47563882284009,27.815217738883113,33.332060672874455,44.40955613388745,24.040747822559954,29.73465320019305,22.362483133767793,42.091928067743105,24.432211531285308,25.313804409950002,32.91502899295186
2024-07-12,35.177759269014366,27.87533953487216,33.257495350142705,44.97520495960993,24.104429135511,29.6214971380594,22.375014519917357,41.95492521913479,24.328731771138944,25.254745467127766,32.78323683361736
2024-07-15,35.36555320931408,28.043799293604703,33.95937143356458,45.70247782496476,24.879211912334426,30.041104204875058,22.697317192729702,41.94367857638392,24.627905839365585,25.566936863227806,34.8702149781451
2024-07-16,35.71857242570564,27.870175742774865,33.40121152847244,47.10038116899972,24.861135909850653,29.485629252585326,22.80501186860417,44.17865095020546,24.445094998634307,25.510067970295232,34.95908530905758
2024-07-17,35.587505259883976,28.08981634439518,34.67003977915416,47.509995485751475,25.41911491457263,29.83923241004584,23.193186470730005,44.01509758182034,24.6832898467947,25.841400105052543,35.17473501904853
2024-07-18,35.84607453803478,27.808550860605518,34.55504790594179,47.54119633738847,25.088253442687382,30.351681302481488,23.05618544886429,43.91060226846867,24.51497105824357,26.16093398157634,35.467956721117375
2024-07-19,35.92030917696002,27.797590205896803,34.68031842492425,46.59608575507975,25.09597567488066,31.349999077706954,23.061712474284597,43.66004772226458,24.43390316016658,26.43567390616463,35.951924557176426
2024-07-22,35.88854891995604,27.625392079312878,34.99305218183725,47.181048497506836,24.974887587129277,31.292084385656942,23.005447981644895,43.13373866825714,24.472361135084153,26.366754600005475,35.73900228194661
2024-07-23,35.814180517050914,27.555746975348956,34.984312778483726,47.525671819163996,24.986613855615296,31.253259651068245,22.978783592706886,43.02241423408139,24.621524539367467,26.359917367128606,35.572220178271465
2024-07-24,34.33402734329812,26.957668352046444,35.3867469634282,47.73669296871531,24.677004852520458,33.89064597355523,22.76810598764323,40.092646005590375,24.46811151891153,26.16421864015217,37.24590940706904
2024-07-25,35.07821951815785,27.131275586659463,35.51670059365427,49.55551013728351,24.943792067358245,33.84924803750178,23.283793599113377,40.443280016676205,24.728054733263026,26.231509552222033,38.12378003865611
2024-07-26,34.218523551433094,26.836698857680254,34.66933633682739,49.84839263290113,24.594629677367074,33.60030658672498,22.884156482513983,39.8435819476148,24.285873564395043,25.790026039884523,37.60873811211422
2024-07-29,34.43833988502633,27.25734924637802,34.877879375486806,51.04581649585648,24.762786329438157,33.807999887867624,22.988620465666145,40.267439500135424,24.374646677304927,25.83971945024512,37.678126455648496
2024-07-30,34.868721009028924,27.491197814366142,35.63093567938881,50.90655706177344,25.168151214920304,33.94310960046427,23.13879407919417,41.615682540408656,24.537869938062645,25.95979680831988,37.73448305541295
2024-07-31,35.04329396906136,27.70887274407019,36.23474566854469,51.02662527719571,25.43763802007957,34.593511130525634,23.310604672498776,42.20931927523785,24.67661794411132,26.259101581954187,37.99430329700777
2024-08-01,35.8339806563842,28.48549753071686,37.45981508930845,51.190674597107524,26.30151913011916,35.44527223810636,23.830123830306334,42.29537734335082,25.12594734640057,27.00111243685316,39.74420937525336
2024-08-02,35.809890514495315,28.258694702788528,40.58340074892861,50.280257708705214,26.69557708098423,36.15113661543355,23.81769691441516,41.117589584881955,24.953902154479646,28.487543353573543,40.55187220929611
2024-08-05,32.67101349001153,26.912596381776233,36.40146838653298,47.85936558780342,25.260697753897787,31.43803954213124,23.1351672790285,38.337582236029775,23.557307084130652,26.364134563925944,37.37017792365502
2024-08-06,32.28934835772924,26.556683218621057,36.544483485775,47.58189411920261,24.58633761739208,31.521688409331965,22.72224271350797,37.883846384047125,23.584158041366912,26.716565296400663,37.2561231620585
2024-08-07,32.258297343089,26.424243620503983,36.90731068717913,48.151397811694494,24.75809849613992,31.80291764211198,22.67509639696604,37.48203055317253,23.726046131323965,26.783402154220585,37.80417494225632
2024-08-08,31.400190269966338,25.766679368489083,36.17724651111626,46.428564735584246,24.21794709242203,31.06475439848943,22.046886050415484,35.95112251569416,23.285250584380034,26.672586047861113,38.92717702390141
2024-08-09,31.404328540996225,25.78844569649476,36.21011600228996,46.407904123891974,24.23101850199941,30.991999085402593,22.067104991806545,35.9505104714937,23.417052130982256,26.647927558654416,38.89541966376918
2024-08-12,31.368699790537917,25.781669575618633,36.11064059595066,46.66475255738119,24.2014628904757,30.94006632414531,22.061230488824872,36.239799207489504,23.405430498670174,26.61822022731515,39.002359062467775
2024-08-13,31.03467637642101,25.413975458436923,35.8583911546914,47.50163764578448,24.01490243911263,30.46617390699456,21.851783270162663,35.475586886501965,23.206053492444525,26.48677806569417,38.70401307468164
2024-08-14,31.243361454577823,25.507734610621473,35.80430793486013,47.3420595022339,24.15513717218382,30.469007231661127,21.91358335977764,35.54889272644198,23.247940609809557,26.586019543931105,38.87199100716608
2024-08-15,31.1722293997508,25.357600837436227,35.34841100382971,46.73563778918724,24.12396322636063,30.331961579197596,21.80689893928146,35.00955324024557,23.07234430336625,26.942592737620615,39.41111100373181
2024-08-16,31.22630372782232,25.377521358458814,35.31869108921938,46.75812500342128,24.15182113251738,30.39935327511097,21.82548706505173,35.031171726445216,23.09186750412047,27.122872420727884,39.47751846804574
2024-08-19,31.055653587366645,25.282846413479053,35.249165539337355,46.591366891237016,24.123548815664186,30.262714185148575,21.78188513937859,34.82975994216158,23.043776523053896,27.05146163299233,39.3678740437875
2024-08-20,31.02516624718864,25.284551441518825,35.487424949815995,47.21405240590191,24.178026267397986,30.372213238765504,21.80885694216192,34.787008118741056,23.07162079477803,27.10516355961694,39.433964934167214
2024-08-21,30.963051865949254,25.257084107528065,35.2954994971647,47.183929442196074,24.433555658197584,30.401325868022365,21.76596141534133,34.67483950246181,23.151286905271824,27.13703915845555,39.32007079222634
2024-08-22,31.09757426922973,25.46548339723057,35.36089937724623,47.26060630755195,24.57886546112003,30.473929479831618,21.877224679220156,34.90515618667982,23.220596078496804,27.226373183610704,39.34640042259228
2024-08-23,30.972672797238545,25.241276191604868,35.51575942343887,46.76473418525002,24.499626819974218,30.454806567974657,21.784860060567595,34.6194658397567,23.06621725823704,27.21930114981831,39.70926901718114
2024-08-26,31.049153106723203,25.418774543679447,35.524229365311534,46.83570781772141,24.53151227217529,30.528365498869505,21.86186880631709,34.93987338259387,23.094160293134482,27.299367061891626,39.63075879108055
2024-08-27,31.131727360145167,25.466541008788468,35.60602185902289,47.37699255347087,24.715124378951494,30.581704204858166,21.900141117092286,34.980725893520834,23.13750695881576,27.37595102442244,39.93388450600055
2024-08-28,31.039644505288777,25.42565917682437,35.55671373006576,47.27127216772697,24.809342170521518,30.69738702895587,21.895577690521712,34.88466081122758,23.10202287590986,27.36280707936553,39.91917460967521
2024-08-29,31.04101667568183,25.46288583257042,35.833749702551934,47.40738309819159,25.051450468050835,30.721886541085723,21.98740341653369,35.022071042347186,23.15006933521318,27.455305030460824,39.99022924940675
2024-08-30,31.108415370361136,25.417101658710262,35.74407003694372,47.705950748725314,25.05188086121512,30.701563255245425,21.970229782365195,34.941463074878,23.112000123224007,27.441966825188562,39.97870087968512
2024-09-03,30.34301675936951,25.37384232669414,37.2982934687376,45.866887236833314,24.865848334208785,30.69765187697514,21.657810111482153,33.78570438545083,22.959139808391768,27.993318355996973,40.23484882105453
2024-09-04,30.394478874767028,25.53011321480775,37.64299406344247,46.906637329252106,24.99613811705514,30.860174474659175,21.745835315618976,33.832732151430115,23.040408000890146,28.180177056794868,40.52344598691905
2024-09-05,30.718164764231155,26.3892661812757,37.35412933537176,46.73614307232848,24.939191132809075,30.728259120197222,21.78007129258401,34.02409511375122,22.98463559759271,28.199911132483983,40.34792425682526
2024-09-06,30.179008539639312,26.015232893137423,37.412290034568876,46.28722782977434,24.755939120040747,30.71050093503029,21.661766125451102,33.366500655871825,22.76417856864115,28.34333977445811,39.792756462322785
2024-09-09,30.008528817225333,25.625028175154156,36.663465546819964,45.56235945634782,24.09085503869504,30.235732844570425,21.216901635747,32.84628720023958,22.46510847257593,27.83727345135602,38.96155969178024
2024-09-10,30.130565149457517,25.836974895428582,36.94520274256845,46.070374116563826,24.64947536304462,30.355949496410766,21.352825012885173,33.15528496955818,22.581108248938733,28.399711053717454,39.13337433278863
2024-09-11,30.21390641790153,25.95683027478396,37.92733393233685,46.05749975217485,24.96190465356349,30.513242212001806,21.41598578517575,33.63536668076164,22.667583283234308,28.619889902177654,39.310991541239126
2024-09-12,29.88510159996707,25.79921355731684,37.777216910666084,45.438447618385325,24.972695371250275,30.497808650813656,21.314133688394104,33.50153350791897,22.544168800155738,28.823186096849636,39.32034085966039
2024-09-13,29.532887554781833,25.64929034886464,37.104010138563076,45.18788968254988,24.923011188739626,30.459577201703723,21.218414300487286,33.411806125607185,22.370751014554514,28.64358294478363,38.70353636478411
2024-09-16,29.397266370881137,25.831165152108433,36.85868107944724,44.67993217780642,24.846362051302716,30.21529867562847,21.234721820418173,33.66776290330638,22.3131529343439,28.740410598813053,38.336091412173616
2024-09-17,29.408507536206223,25.92750468249092,37.41212920735927,44.928697086243915,25.095227182739066,30.68287949681589,21.372902413011932,33.68645027145496,22.387895886625714,28.853643699025366,38.450182532209894
2024-09-18,29.20580505319978,25.793748264500206,36.758053202687385,44.77151082762604,24.846442125192777,30.414005885689715,21.274404069437217,33.38365678373395,22.242290462535706,28.569457790375836,37.81244784396268
2024-09-19,29.00699663249849,25.67449914761088,37.784310063952915,44.438202037842615,24.801347289480923,30.45068816904395,21.26918220845969,32.93455384902149,22.25610117459141,29.061162689677687,38.64901380048524
2024-09-20,29.117960717076425,25.705280149962572,38.255384699332154,44.36803140663223,24.82584328840575,30.864003532790107,21.296622060201265,32.902464528719854,22.456686266635582,29.377403579651162,41.44821646074167
2024-09-23,29.297697523141125,25.692058705528847,38.09703852720252,44.03307545363777,24.919851443049122,31.217643882971274,21.28517023191387,33.11041792938709,22.463501865081344,29.295590073388073,41.16265798235221
2024-09-24,29.380367309874472,25.80745015253606,38.30347435398721,44.25454925056276,25.51007508704054,31.4144647501492,21.465306431564297,33.14363061416984,22.88127980985038,29.48143307236067,41.49766110906441
2024-09-25,29.444181826075415,25.902678404027167,38.362041787069614,44.200352943112335,25.584625887045547,31.604130545943693,21.50617001635526,33.45567445740032,22.917455986574627,29.522856223480105,42.07946383931025
2024-09-26,29.582609898003675,26.06742841539508,38.61802165281055,46.13166569468322,25.8313451161877,31.809911576063758,21.698621871511783,33.43768422530696,23.926920812503756,30.435810491410038,42.716003356850706
2024-09-27,29.515541833815085,26.022812482653464,38.57904708868754,45.642770897307614,25.867483096637955,31.83274235414923,21.687833040574446,33.474876041778295,23.90843529568437,30.44426614873338,42.508398538847025
2024-09-30,29.554243952421388,26.125563064507322,38.71594374720611,45.75043693094913,25.934411504147565,31.953640993613565,21.738983833489943,33.51914030980865,24.211091839568116,30.541688505921684,42.55681488465987
2024-10-01,29.727198226112012,26.15728152706977,38.670766852456964,48.13888559243462,26.013423064539225,31.906433661420845,21.844516576254914,33.751121573742445,24.257824796041845,30.555161709149736,43.195739085393996
2024-10-02,29.715337609923786,26.13311576271026,38.41468877994368,48.76910446561854,26.13729625374023,31.831125005135302,21.86688894322544,33.984477203898095,24.242332831170806,30.428048721107004,43.3298800280991
2024-10-03,29.5789615771156,25.992266716560312,37.60966510283474,51.27133531446728,26.0877130563049,31.437123368815932,21.86215342939247,34.178985146734206,24.154358632245515,30.130540796852877,43.45723396280403
2024-10-04,29.481675567232777,25.946361438957155,37.68237965481501,51.168950523382904,26.389284706666054,31.58018101140726,21.878969104926657,34.18401228121446,24.20705096899823,30.52710955086848,43.5511577709338
2024-10-07,28.853499387688753,25.48917842905802,36.414890346572875,51.14857160547063,25.578042543631952,31.10128334559728,21.739372719382214,33.97573681503589,24.109949018725413,30.04208929216132,41.933441867595725
2024-10-08,28.880085146219002,25.525932489634762,36.506728624035055,52.49443592637921,25.66725252827784,31.16034291442476,21.841395752526136,33.92554896639556,24.392910089974755,30.098066812618562,42.06669967791761
2024-10-09,28.948299784085428,25.51783603011952,36.50194625352975,52.22399584057249,25.69370165701614,31.197797927621757,21.86010049543341,33.82502339258043,24.4001510132616,30.36502984152304,43.49211389446365
2024-10-10,28.82317548543088,25.473113739874393,36.312184610236876,52.7549433605772,25.625024251870336,31.07675180595379,21.835209662064337,33.880851174788766,24.57669292427856,30.237268904975583,43.30104199729816
2024-10-11,28.796292585333212,25.98935267109372,35.96669757893925,52.260333057238505,25.44992625167396,30.70572608070115,21.793414777173354,34.11749285904529,24.4801016861734,29.955281623425524,42.71601782505965
2024-10-14,28.82381672870905,26.065542760667483,35.95467848166934,53.06347743995775,25.481718438960954,30.707092803300107,21.818101260348502,34.204021343148206,24.508174507941636,29.925890557578615,42.654530917722454
2024-10-15,29.04877121052157,26.29650887231676,36.48957228665087,54.3581335178162,25.780913475576156,31.605014221289736,21.9626318689315,34.44261809016402,24.68000040793604,30.661892622880437,42.99132941713571
2024-10-16,29.00057965871184,26.208314996159782,36.812404331851866,54.05784641052064,25.753824845128058,31.502491723764432,21.910949911649897,34.39824540722902,24.537926880939445,30.44840839144808,42.48671958658953
2024-10-17,28.866992409706484,26.186291132374667,36.561514780554766,54.194982955806914,25.83200046091366,31.361840939488516,21.847300121599243,34.501540893833294,24.56346029995234,30.326045435330972,42.16914891540676
2024-10-18,28.820881765049684,26.172404160567897,36.54955594204243,54.35753163831956,25.924813305295945,31.340119602337502,21.85295244096904,34.47818016009739,24.554257955770197,30.32958482158408,42.13621106392732
2024-10-21,28.80048693034128,26.11109177062784,36.131073590929034,54.40605005700332,25.794736969926547,31.066660912899017,21.876400366625997,34.86203664711168,24.47003072390011,30.213708158704193,42.03752584015202
2024-10-22,28.831811454112575,26.125786529438116,36.787022662985116,54.98255022451926,25.860623562926953,31.05435824522728,22.12883371352479,34.93928404117523,24.532761921069053,30.31253602043203,41.910520721387435
2024-10-23,28.935555727783584,26.391847137101408,36.95864561447381,55.043892860094715,25.999144805626234,31.18534794792913,22.234103509928143,35.02932828309696,24.674695769352688,31.08532934853947,42.59375462052189
2024-10-24,29.30727617389132,28.332769738940883,37.09148637776036,55.313164281915874,26.223350078036763,31.352993928742666,22.590740905109712,35.495352279790296,25.3146722129382,31.376711033460943,42.677258061784784
2024-10-25,29.695769175137578,28.705465992108124,36.56490536703047,55.55448090956626,26.14462264704959,31.136966054399913,22.581548387184704,35.65721727955029,25.205425365593502,31.113145158935758,41.82317790913328
2024-10-28,29.596290012060834,28.71818043964155,36.517186852079504,55.86294828634533,26.138742568420298,31.175644218237863,22.619378222329864,35.81610717188131,25.22259890957107,31.101946291985964,41.6650669238544
2024-10-29,30.63227388637875,28.814225859224457,36.25015254246093,55.54206293062557,26.028814114791537,31.220259972545566,22.704557302145034,36.600535809636796,25.22441027059022,30.967320368052675,41.29256761476936
2024-10-30,30.752931591302268,28.89275241224934,36.27431361223377,55.579435605566516,26.094158883259677,31.309285736058996,22.780504339642537,37.07848511994059,25.411161385325,31.116826099837784,41.41710614588184
2024-10-31,30.535668953720673,28.52004009109001,36.5891306064676,56.455521307225034,25.78203302345441,30.943140501465336,22.568889419064686,36.096814447188855,25.160496589810094,30.759804012903665,43.00128052458494
2024-11-01,30.688705378255417,29.010731072081448,36.89223711370584,56.573456783241724,25.97663153166084,31.433610803683493,22.69873657736288,36.156424674828344,25.30589275417338,31.114051400385513,43.79596550066566
2024-11-04,30.763134575065976,29.07825225950056,37.25483754217153,57.44888916560688,26.29019568100997,31.75552561179104,22.80465734192868,36.21874679475394,25.509562941581486,31.80442233609017,44.40806458405292
2024-11-05,30.212415838125438,28.480205949943894,36.27244126708765,56.165343343613664,25.865245192206878,31.004226725576096,22.379436732026527,35.873966574934194,25.543337135547834,31.014240294833336,43.21108761324701
2024-11-06,29.627949660508555,28.3954404083321,42.129654591592576,49.52120966199554,29.015582798976492,32.89571915605817,23.497278025717268,35.21625081837813,26.269346730479135,37.57548567518696,46.42323125461875
2024-11-07,29.70637115407002,28.659999861450718,42.26440552562944,50.46941683604533,28.97416907363568,33.05298915308882,23.552355156286744,35.6326136661228,26.475656242488405,38.15729223681031,46.417662132012275
2024-11-08,30.022396637968868,28.489804860252853,41.03818732460127,49.896321273543684,28.697349971495605,32.46025691149215,23.410142018772913,35.73123782697814,27.25752147175853,37.17754912573227,44.96623031700466
2024-11-11,30.150801239568608,28.95694595976448,41.16375816827432,50.02044672868101,29.015103956095384,32.76816285149249,23.58654833582227,36.09000168635553,27.579134025662256,37.392075016610605,45.446853174759845
2024-11-12,30.441963154767453,28.79783646850434,42.24256722995032,49.59272614205361,29.157663636928575,32.57064946877672,23.46715373584031,36.22136930974247,27.467725652195874,36.94106728633575,44.91946302982874
2024-11-13,30.515027833520207,28.85576842029871,42.456078155281254,49.777217107256874,29.18784861187017,32.65827082463561,23.49256374214189,36.32743595930642,27.50130814984199,37.16635992408499,44.99861760900769
2024-11-14,30.639127287192046,28.66178898787676,42.477713567932526,50.654055475469605,29.291913671193292,32.37453315631698,23.546497135225003,36.36588862083984,27.398882921304885,36.82507913853944,44.853028153029406
2024-11-15,30.664647642328386,28.66534689640334,42.41365922592088,50.712350579836,30.199937006270126,32.53285884363169,23.630761943482128,35.9749190397451,27.431643851229175,37.385629823760944,47.24801594398844
2024-11-18,30.603354408109574,28.60227057885628,42.30247346883081,50.62044993252446,30.203128159910964,32.52685871747702,23.747968376700726,36.075482012935005,27.332170986676708,37.22763025325862,46.85118560372342
2024-11-19,30.778569107491883,28.656120540212804,42.28497597613759,50.75507852154922,30.376617748952977,32.67243225432733,23.810623333470808,36.17470865638667,27.38315274197388,37.22956220690792,46.85251473295508
2024-11-20,30.903743029629656,28.901804800549236,42.89227211810305,50.916923172932485,30.673677230947394,33.385601782876655,23.913690999034475,36.28436698409093,27.57463712245849,37.464967519568226,47.00099092105018
2024-11-21,31.22586426457908,28.859594707787544,42.02519816198891,50.52991120060548,30.2742789081957,32.957616608611794,23.698788742466938,36.04159108469076,27.19499467409065,37.13910723264946,45.85220814036097
2024-11-22,31.696890371783564,28.875725893665237,41.84192540828492,50.592133862801134,30.25282786891918,33.132329946814686,23.882654432901326,36.19514377798288,27.222580541041786,37.10387128243609,46.59466662562496
2024-11-25,31.716302504637767,28.857101392351325,41.5852413687643,52.32487349939514,30.345840331419627,33.053145948067076,23.95424771775172,36.35112552166556,27.28240416102646,36.9071912633179,46.67723848236481
2024-11-26,31.788307631010188,28.868665881402627,41.521420427599644,52.40459902488944,30.379712148727663,33.058810596022695,23.98914614066669,36.423460909514205,27.693485699074145,36.91235326079273,46.66081423703361
2024-11-27,31.87542260671877,28.98528116898135,41.55902905432405,52.42187107635124,30.4373102958306,33.30436316552405,24.06557597122622,36.61364997446962,27.75344023325031,37.099933608155396,46.66052139609829
2024-11-29,31.861836746202794,28.951615346405674,41.55595368064281,52.412790409324494,30.46760978384259,33.28356395389041,24.04536213630461,36.51571091407118,27.725788964862875,37.39295157451942,46.89662481823043
2024-12-02,32.27238657434091,29.397459203883198,41.718714897488454,52.26319898180881,30.582049420758313,33.402062652437436,24.168854616672057,36.81720815402126,27.89455891974835,37.523863062835936,46.59411644624588
2024-12-03,32.74360702626399,29.557487044799956,41.630789857768164,52.39649034743869,30.65824611068258,33.470969707877835,24.28789868868711,36.951854405618064,27.96015925364425,37.52913414207117,46.39995277902148
2024-12-04,32.90673822539444,29.857103765515646,41.62848701544242,53.43754581568928,30.814243188359274,33.55977180398745,24.499660789825466,37.33172759569439,28.25957722752639,37.5749813939793,46.38442540287973
2024-12-05,32.89966519887279,30.251080047893474,42.25201948853004,54.28094489758713,31.06893105925702,33.7774140836074,24.596473133773777,37.35523223949622,28.467604379570826,37.71343769283288,46.93578231183178
2024-12-06,33.189037755226686,30.89589737784239,42.285911934929445,54.832738783348866,31.232934815812463,33.87046155612296,24.75791714422893,37.54993071240234,28.590020184769344,37.81061149128402,46.91474539402397
2024-12-09,33.94117388533821,31.11472137108616,42.37757869818593,55.017555040370894,31.21383633997119,34.47458125577585,24.791410054990198,37.69883414816911,28.94141558266621,38.05625998310145,46.944866334619235
2024-12-10,35.8004438146583,31.40932032799314,42.923473446239576,55.03266342949284,31.287831064157256,34.493055387719146,24.88631139378571,38.09162498275776,29.034537063966432,38.13362102335533,46.76184318168865
2024-12-11,36.41695514744457,31.842073037599917,42.98088624868053,55.17727487353991,31.4799686786364,35.55343639567596,25.1117738516761,38.316663958646586,29.27924801606327,38.346151596414614,46.79130489938556
2024-12-12,36.520712980102644,31.864436638163646,43.86764786138267,54.989086001623555,31.494747949354064,35.648744172301065,25.084829056347413,38.26749558287748,29.255792490317393,38.42971475111497,46.86656013659647
2024-12-13,36.65552727452526,31.993406476726115,43.85374942627556,54.88205564978003,31.515837440014444,35.84415549143725,25.108625560388127,38.52552374872229,29.28097612422535,38.35068454932391,46.87396586421873
2024-12-16,36.79660182700067,32.47148656598433,43.546431974034675,54.63671098411871,31.569502143769192,35.838299732636514,25.280533685573374,38.85728742699664,29.3318325522606,38.313590202848985,46.57900457475548
2024-12-17,36.6653184216757,32.54530733344676,43.499279432221044,54.46385903595298,31.41312607630329,35.92903303585376,25.17562412734431,38.75627937850129,29.229885181389083,38.174675036025896,46.45180855999606
2024-12-18,32.66513049618155,28.938590915376217,39.1410513607978,49.225613340059624,28.342576413312194,33.77082503225053,23.250504044879015,35.91490684768818,26.416077573469472,33.09554119152297,42.20667170104185
2024-12-19,32.46812101714472,28.884714405420763,38.5075576591409,48.71027296955282,28.524061604138616,33.45769158651339,23.29976873621655,35.979877033761845,26.31270720883057,32.690925556473985,43.2763246087158
2024-12-20,32.526366801162276,29.266620245764614,38.23721318481275,47.91099127286189,28.101571375159402,32.63567788295541,23.04375760431803,35.61982875729642,25.871137278717754,31.98556133380377,42.093914797606644
2024-12-23,32.544815538335556,29.310772377739365,39.40742183760933,47.91116271821404,28.16129690184405,32.96110544366184,23.13750071471906,35.67497521804635,26.01968903109847,32.07859066254097,42.23818649956568
2024-12-24,32.18729984174164,29.01089951378173,38.9285270101187,47.46154173668942,27.836544390130324,32.84720900192674,23.001297294676657,35.50095216327538,25.809663688123376,31.790310834399342,42.04754481780159
2024-12-26,32.27154103245727,29.093022384728734,38.84999736451179,47.467184505880084,27.852824388406745,32.82345874578246,23.010969603993352,35.521149063713366,25.830493496407108,31.797072421165172,42.05943220978243
2024-12-27,31.930850930617183,28.7687986971564,38.50207706251073,47.69763735849559,27.635546201808086,32.57841609660247,22.861255640551295,35.12657800489056,25.69714613994774,31.516153751929398,41.91545983515242
2024-12-30,31.34885540408176,28.271903638518776,37.25264376489276,48.14519222559986,27.28947575330413,31.739742393981608,22.635453174162308,34.631218339242366,25.268915109975946,31.538814163197426,41.60837950986956
2024-12-31,31.436307954106507,28.46444060215021,37.485802379394734,48.900864408187104,27.38240040661545,31.858462647279783,22.71146192310768,34.77030011595776,25.39503997101413,31.842049455250983,41.76684790727959
2025-01-02,31.748644940071486,28.54408019609779,37.49066913439805,49.83892221657451,27.453097268922487,32.03058035372266,22.783410538483565,34.81586367819204,25.532454767133515,31.860828489916,42.20975238629391
2025-01-03,31.738751880925975,28.3692261781481,37.678154145130435,49.6656973040998,27.36734144523431,31.867073552567295,22.683596343544725,34.61108891305385,25.7838729827659,31.66529614220208,41.916572197983456
2025-01-06,32.01547501617401,28.463413636706107,38.388932247588734,49.72359464919981,27.453753165542643,32.053565638670726,22.75290133781022,34.78142926125514,26.14724816558177,31.92983273418179,41.847121033108095
2025-01-07,32.06282760778627,28.532892394057953,38.4125610125817,50.2138180428996,27.579707769362464,32.47001057565207,22.890534266788958,34.91776730150157,26.331435943980953,31.992852271807127,41.90514001624927
2025-01-08,32.37583689207846,28.58495564355268,38.43839121112221,50.276775642575586,27.61289885008118,32.55981012100074,22.920423798773086,35.000702248649056,26.423875843875905,32.07741394391972,42.03432634770696
2025-01-10,31.707927411239083,28.40142787274273,37.30327569109503,51.94137774580243,27.1640147340016,32.26026684156646,22.692227984034684,34.20430044227263,26.089547911814854,31.13915558753904,41.820828193514984
2025-01-13,32.221666714106775,28.46582971714456,37.55029747861804,50.81995007246304,27.126621277458995,32.02681023102254,22.595363761084567,35.04501097073792,26.3493024662241,31.129750791289286,43.3904387995707
2025-01-14,32.6015173245322,28.567570992214613,38.03027283435117,50.73263321582362,27.21104721864075,33.876020335094,22.707377266194342,35.11428539401952,26.539504047884616,31.17047434914197,43.09333310885131
2025-01-15,32.16152115102472,28.273555602307194,39.144197364444594,49.903317616058175,27.05071371892982,33.791407205720596,22.745592238071772,34.63642104576643,26.438030218104796,31.433084898379164,42.74576514890701
2025-01-16,32.9050972191312,28.673190178290685,38.45874675020966,49.76680059712735,26.977296567770754,33.657371073980805,22.77730357854453,35.38505160396996,26.290040823917344,30.806218516590743,41.36777353802385
2025-01-17,32.84849256113212,28.653952237648383,38.51564220820852,49.65639506958294,27.012833026260036,34.53107151915377,22.81791794380249,35.34862479151102,26.32591406610857,30.937343479150712,41.54427979688162
2025-01-21,32.61900450339871,28.63930365873687,37.91195561520711,50.479032229085284,26.905085937526806,33.440805032850896,22.68448165040614,35.21917703979402,25.986700024675923,30.260026217055387,40.37914357230909
2025-01-22,33.35481446164566,28.830634178057768,37.839168262175214,49.971703928263736,26.916688825356548,33.431195609551075,22.81602703929006,36.39949366140678,25.948682437649,30.165730955448844,40.15565684014738
2025-01-23,33.37102640589876,28.79764026080993,37.6885642552378,49.60108909915642,26.84719334396542,33.199128047365576,22.757580464999926,36.45083766256958,25.847391626462972,30.05293522370847,40.10325240213027
2025-01-24,33.635050768368394,28.957116285718293,37.69056734503486,49.88511730606878,26.940822246432727,33.26525485903717,22.872592842762003,36.78095487086509,25.933916191037525,30.129465224233215,40.30541329975584
2025-01-27,34.346671637814055,29.66494537095441,40.68067098160468,50.98955104532625,27.653371703684726,35.01408748780162,24.09363853903408,41.16947050086049,26.50682383839646,31.004419433616846,45.31576214413274
2025-01-28,35.15535412638217,30.061673859029263,41.87198407857211,51.57820828102145,27.96759789597159,35.40246910094418,24.65084258571438,41.32972601631643,26.778110373772996,31.27630744461829,45.55343807793525
2025-01-29,35.6252163754634,30.137536953658344,42.159053920079856,51.63698244147423,28.043725338074015,35.581798767704235,24.692578467956157,41.38231820331265,26.85152458218819,31.511330919685417,45.58265188259476
2025-01-30,35.82587153099087,29.960476255685514,41.33270438668672,51.43920105833095,27.816591648757772,34.99703517412528,24.467342575616993,41.47431359846236,26.600313703006563,31.181712932031097,44.59123490490073
2025-01-31,35.94827509426037,29.887271419841316,41.433492691294575,50.58199731081269,27.719672603956454,34.926336265732765,24.363309532575624,41.463579450657335,26.48366241510941,31.22231696147232,44.48051569128415
2025-02-03,36.485639815018025,30.07016979093328,41.57904953305967,50.54949258844865,27.811258125189408,35.07342920997776,24.529647445470847,41.51583000065824,26.623495479360344,31.303541041872553,44.66813576807957
2025-02-04,36.670211486208736,30.256466373880798,41.99668822103186,51.14072463139341,28.041368506127306,35.24365669756598,24.675224962791912,41.431327777546244,26.73499852583853,31.447656753325028,45.12193367798611
2025-02-05,37.61509681045515,30.81042700753479,42.00654512982682,51.306324370013755,28.264719335171083,35.320936492807355,24.899878617706914,42.01155840010794,26.97542028693704,31.53290318698166,44.986568424777296
2025-02-06,37.64542976818695,30.866839191999528,42.19208352784544,51.912229066833035,28.43443531797979,35.82229157800111,24.978271308952905,42.02742877571852,27.10408221099283,31.640470750315934,45.17734360266288
2025-02-07,37.685141485742015,30.88740567022731,42.169459280499524,52.24269675093245,28.33432407532999,35.67665286311165,25.06666447361686,41.959445680650994,26.98103960774747,31.576997154288783,45.012136854243145
2025-02-10,37.79616464929032,31.065811714437224,42.496019197518514,52.62052463607086,29.10199245109749,35.87250581656802,25.192332736622745,42.15368437081198,27.06701233687979,31.68830742218133,45.210818288665536
2025-02-11,37.90864089647621,31.56475872327631,42.807295079351704,53.203887056240816,29.198749213697383,36.12118596311228,25.288146525401086,42.24550632849034,27.22431380346232,31.80907197821281,45.279247360020456
2025-02-12,37.880776671967695,31.534552405617493,42.79101653304748,52.21808334684286,29.08036156975966,36.18471266290747,25.185299936169862,42.12375059273817,27.069300389171868,31.61907173577057,44.98100099178962
2025-02-13,37.41283757246185,31.08272870883182,42.15272719336814,51.20917927855765,28.84468585363998,36.07165491417453,25.232531960639527,41.73846886259125,26.83672469378075,31.38047863436994,44.90967117346254
2025-02-14,37.59002590711095,31.193886268118447,42.48322973690176,51.65196054258335,28.976706848743834,36.3818227373145,25.31559527686219,41.71951588323764,26.926544494668374,31.45021177571926,44.9410718703572
2025-02-18,37.95654526748236,31.41846721517549,42.52189251480098,51.40695285175176,29.014154422702294,36.718316686828864,25.352413386596044,41.818953769713936,27.08002815036486,31.528466627766605,44.846002624674576
2025-02-19,38.06204823073326,31.50602099089567,42.77978460384592,51.948992092830515,29.183093501165942,37.639591967100785,25.488117256466815,41.850154663919795,27.87823776721496,31.75669181120343,44.93827565314023
2025-02-20,37.92945655998922,31.52953379276639,42.97374935525827,53.41314701275381,29.57315748393047,38.33656327600238,25.633222973127356,41.743615966958934,28.01662506016657,32.31141662131741,45.420964133432776
2025-02-21,37.00475650485238,30.696752351988078,46.0055944901933,51.40783190047038,29.237797530679522,38.20500900450855,25.29980923838498,40.0533988499384,27.490516408531057,32.297160931699224,45.7842666352032
2025-02-24,37.213413093821316,30.884992355181435,45.924158552063936,51.40818664573198,29.348415008639993,38.79352127113837,25.475678903353487,40.234453078636214,27.58169733816789,32.511978249191436,46.08303993532447
2025-02-25,38.02458821927106,31.14162570575938,46.204468367920825,52.25446549960332,29.5689721371833,38.948619373017145,25.683628321573863,40.51962417635707,27.879953065747827,32.68221080595763,46.897661117432065
2025-02-26,38.11468355887994,31.198522046725024,47.542278514775695,52.246793502113334,29.63152432777072,39.05123618851471,25.755184425121808,40.6966846407004,28.024909960519174,32.962703346741215,47.59156706273375
2025-02-27,37.83330601225413,31.044977529367294,47.257077874180375,52.46790261225588,30.136581986503767,38.8554165808966,25.82176093481472,40.49800012598656,27.933444991930056,33.60473140591268,48.3463820573495
2025-02-28,37.15369785059705,30.64600739661463,45.99437552171745,51.480017870577754,29.508928691363483,37.877324380130716,25.487291457228338,40.63970681948822,27.743425397168693,33.290772349562566,47.30917665170124
2025-03-03,36.55081041061879,30.1720793618168,46.84346940523304,48.46738745761708,29.337954499800993,38.709942388814376,25.179872068300323,39.42845526124065,27.539790950726506,33.997248510985365,47.851681135146436
2025-03-04,36.19216549411613,29.536346962003414,44.723460232609504,48.34708664693889,28.754611389060496,37.84912020810338,24.76078702476832,39.8802767108536,27.06866208748972,33.643483273145904,46.103263012850825
2025-03-05,35.66694773408724,29.07022845843168,44.99645038192988,52.78854017297826,28.843248305171187,37.25213719413093,24.458019042865544,39.37689310153091,26.960326649987604,33.649376981527,47.779037455685
2025-03-06,34.91404807618097,28.537316520959838,46.12320929297894,54.05670061272188,28.382528085602498,37.3990675171803,24.334226878841896,38.53136123429481,27.042595905005445,33.36856611054278,46.863036436263144
2025-03-07,34.89542092824985,28.715212163831804,46.10497882358061,53.63805624442595,28.86500592954896,37.62718232853239,24.324969891575297,38.545108556644195,27.11691864954452,33.53028088428228,47.08615662011112
2025-03-10,32.681920045552424,27.196148183030395,45.808954271282275,56.32684908752928,27.739172404819325,36.0904936199273,23.72762118893669,36.13483543708216,26.083306108387035,32.956836464852096,49.886227800071644
2025-03-11,31.881514061977924,26.885723224292292,43.87880892571527,55.60182725810569,27.43598314904141,34.939696697425795,23.418825125335378,36.08038269898542,25.819274636195193,32.20883638462953,48.726988563658544
2025-03-12,32.11913543184838,27.06650016891628,44.32937259502607,55.60562147439379,27.57090615239106,35.07174982067657,23.52132624054154,36.3287841703052,25.9751796633532,32.38597664359075,48.78371489327153
2025-03-13,31.426110933507022,26.634890460318,43.76167571481796,54.78043714859412,27.36865292928873,34.70166686296908,23.278431666847656,35.82581261254769,26.082896352996205,31.87201368423807,49.3130703992939
2025-03-14,30.440327087835268,25.911505123235667,43.75615142687961,50.64595876413613,26.3204670191478,34.020487851045026,22.57204440896508,34.3800015254797,25.397944234752067,30.88601537561394,46.93602578993031
2025-03-17,30.19691427645791,26.05774818717366,42.446677981224525,50.36248588480397,26.15653170127889,33.26667544938371,22.421474452591365,34.25371093106966,25.166338537127476,30.261810184377012,47.260979709394434
2025-03-18,30.00309292034614,25.83682465893442,42.46342206551633,50.81572890439029,26.20440527775249,33.48507754324127,22.2920374455447,34.0355098979472,25.282229645929704,30.18549882935231,46.79699415081803
2025-03-19,29.891229201055797,25.795940124939214,42.5254925749358,50.27084415674224,26.129735573713,33.566750140692946,22.22793148904076,33.91881357700813,25.384017790786434,30.24208000104169,46.85524722168511
2025-03-20,29.876357700678373,25.796236396587418,42.60627631724491,50.446510215917286,26.181324338564703,33.58576602842684,22.227732935370295,33.89143525375901,25.387397223548007,30.24885099592151,47.046190701101196
2025-03-21,30.250147025931163,25.918001388692996,42.715838624393,50.33762470086547,26.203712123417418,33.590187489266974,22.261220620403314,34.00839063957983,25.477085577160086,30.259920963118432,46.888086044223435
2025-03-24,29.696490034639833,25.295809416444897,42.15889336223852,49.0909973697675,25.61964228039402,33.10775531488076,21.859990840806443,33.461670459641404,24.999236252700737,29.76337097290644,47.29795509503633
2025-03-25,30.019438283211908,25.474736529694653,42.468223958737056,49.44064700159265,25.850016988239112,33.782459785029666,21.981734418375087,33.54044001122671,25.120819031363535,30.082686546066217,47.543707318724096
2025-03-26,30.00215656654567,25.501377526359033,44.01012518153911,49.45335559080663,25.888974591449937,34.0011046231621,22.060253454861805,33.364224070864786,25.236909951050635,30.372648411776016,47.782133843629495
2025-03-27,30.026342974654412,25.559839574508032,44.921397521213194,49.32053618072013,25.93240494610435,34.19011462378492,22.109809293621545,33.3315057455225,25.33117240605473,30.51764014482045,47.874126581313185
2025-03-28,29.39340771125351,25.22148372843769,44.886072445151264,50.071380649968724,25.636528583194618,34.48111361860999,21.949023187435476,32.772835767342364,25.040562155864542,30.9868196214857,49.71647136174081
2025-03-31,29.28742280513969,25.373972671525625,43.892968150690265,48.93599239844354,25.31535298050439,33.882112406272604,21.83133629068763,32.95313732779926,24.761867564406565,30.57902984860712,48.51597436933792
2025-04-01,29.395761422072702,25.568563887612466,44.33307348421484,49.16673951823479,25.448430757767877,35.765382350737035,21.984588100126455,33.01904682180662,24.98553834287075,30.80445678111951,48.66338584642438
2025-04-02,29.448439567046574,25.47285524175802,44.938696767961154,49.169018561549954,25.392349076089594,35.66823822421645,21.919486438552187,32.88992961148299,24.883325757702515,30.77380594689944,48.57274795391811
2025-04-03,25.47915314393755,22.731983155741954,49.80675992252584,36.54958027063249,22.46943008144406,36.01049355600854,19.77291199114811,27.807315311603475,22.10305369233928,28.41237293218431,50.21778925311406
2025-04-04,20.65029447990604,20.85571567189952,32.53614469453087,27.185147275789657,18.409455600362968,23.64283061224127,17.042219223358252,23.587270063245175,18.21346838715097,22.382453300734166,31.973063872328318
2025-04-07,20.864896690713415,21.083832428675116,32.439879873367346,27.185717903294197,18.49853175780034,23.990988979145822,17.114141734760725,23.80706285660551,18.35885519781787,22.158452542806533,31.74298135093119
2025-04-08,20.551662687694623,20.686694463093147,31.151228611486054,26.46010404925714,18.676016118370583,23.51398678873544,17.089307011851997,23.450071339974667,18.217769550818996,21.618028708575213,31.49319982093423
2025-04-09,16.82356444363845,17.00060616538453,24.039418958011506,21.435527491212515,15.898950584837438,19.34439513287294,14.619709204043563,18.442125589458126,15.181953998511164,17.78807915775619,25.024292809923445
2025-04-10,16.375471463798284,16.664946716067135,23.824046810258306,20.10236976163095,15.498234612408163,18.99860391392422,14.39476003596824,18.082560791683182,14.869730264993308,17.524075341878557,24.62849902668004
2025-04-11,16.43506182269535,16.849190699169185,23.67614525516572,19.670406690341853,15.375745295375431,18.778203830588694,14.299740388919032,17.99128971455857,14.833836708218461,17.383883576910996,24.31981942228368
2025-04-14,16.39501072919373,16.84072737314163,23.295547850477245,19.66668494759103,15.349472076739298,18.649963799670893,14.275289705447749,17.92805614393872,14.791402723485202,17.25911698819348,24.009991478909896
2025-04-15,16.443626580544564,16.860347106356453,23.504563741249562,19.708180649151174,15.387304673340015,18.683805777087894,14.287078874435613,17.97035398730924,14.816431989051889,17.281000797085213,24.031775858336076
2025-04-16,16.416345343965027,16.77858574611111,23.2466561051403,20.017107526597847,15.317981071458883,18.556426645331307,14.255825257879257,17.89176917245748,14.832692666307373,17.406450277385176,23.814744862677824
2025-04-17,16.462302874840017,16.820349748045157,23.9670488135634,20.052239649703754,15.419302710526237,18.866792770647752,14.306540072843202,18.04337923696405,14.885216716498157,17.59997015277848,23.909647021500575
2025-04-21,16.258897149028755,16.591054832564645,23.676785767429813,19.664217363529477,15.236624704185015,18.50084296317419,14.159124414676294,17.831053200407837,14.817950373793416,17.333223744719238,23.369232774412467
2025-04-22,16.033924687377084,16.345247441619502,23.33858931910896,19.36600163407424,15.002612592132653,18.17491813350761,14.095647517063684,17.66896221266448,14.662009291513842,17.106073637077575,22.889774948482426
2025-04-23,16.065751428608813,16.387168542872462,23.814805924317763,19.428019747490982,15.033543820653614,18.16458819601313,14.133070250097528,17.7348157009577,14.715172582327662,17.272996568625118,22.912117158044776
2025-04-24,16.04150363440154,16.364889423811125,24.67766494399679,19.37871482182112,15.05468401053434,18.11892425882558,14.157227740339476,17.692307390996174,14.727236983048005,17.358058270562843,22.964867074711794
2025-04-25,16.108998840629777,16.623085711828082,24.835179534181833,19.424020505306142,15.133091301087026,18.166867916774898,14.20805364820103,17.838178445147392,14.824893507442379,17.40426755382951,23.11356303506867
2025-04-28,16.107326421066702,16.636388405131587,24.914376306586217,19.413940397145115,15.125384960892735,18.1455795336582,14.205426438098781,17.879669293196628,14.822848533782606,17.394753375428895,23.092545646337953
2025-04-29,16.09803936714879,16.629184136225156,24.854819033466477,19.517168181021855,15.119999191065366,18.13257901783209,14.202587519598655,17.886108121564508,14.816965043904506,17.375743369566546,23.04828150852047
2025-04-30,16.139026219865247,16.72528885441033,24.924347595236352,19.91321746520057,15.164710651924878,18.25387299499962,14.270522566269198,17.93231010144705,14.870608022963127,17.419209973522634,23.21415247722385
2025-05-01,16.251762265328132,16.828493726578657,25.201338780080217,20.049884763415264,15.257218121538916,19.422445021905578,14.397764693878887,18.075719068422963,14.972743982071771,17.590109776692962,23.377232107432818
2025-05-02,16.217429628261826,16.794037126227618,25.272717701398513,20.0544014465755,15.228992207013317,19.386935463594117,14.381365984513444,18.033977041892427,14.952518846900572,17.5565729908328,23.41364831019423
2025-05-05,16.257366861249093,16.78831074247686,25.269182691197116,20.01678841703009,15.220351544722355,19.378372339482546,14.40348185005769,18.029652762297413,14.951658528830297,17.554839276359186,23.40164449654961
2025-05-06,16.34372911387872,16.819449350861955,25.442148327317305,20.113313753900005,15.275231405382044,20.0483566360091,14.44983135887125,18.064564484861855,15.004737926256226,17.63056095268064,24.122229059542434
2025-05-07,16.365148139196776,16.847055261468533,25.467961956524775,20.155742362356957,15.292505736231027,20.14668372598931,14.470405600470551,18.126257998374754,15.07779300474211,17.673928369295293,24.142644144502533
2025-05-08,16.434083016995356,16.88528724870052,25.52396057404473,20.27775333472623,15.346228663916753,20.44037046155342,14.559528807120707,18.165626518537223,15.167317000405015,17.80732952786982,24.3295149215178
2025-05-09,16.462825179953004,16.938212954852457,25.624776833961636,20.37112547133656,15.358718515882853,20.556769102623054,14.574689383066353,18.181560244181707,15.193145515990118,17.897916251115063,24.346967411200463
2025-05-12,16.454728204453673,17.0009588863726,26.098132369025034,20.227630639535406,15.389227504963088,20.444534866904338,14.593558204110929,18.099174115341487,15.188740414233774,18.27083730929765,25.476191152165956
2025-05-13,16.609916055640152,17.19423108526138,26.763901098128418,20.675795667754684,15.553680293980868,22.035283733802842,14.745716308437451,18.35231958021257,15.340562456645804,18.578227225052565,25.690998048874892
2025-05-14,16.7307890387383,17.23969125843529,26.54437125581211,20.579756310098503,15.533263186526765,22.0671839362322,14.73418191764924,18.480089067707297,15.325627979957753,18.505231044314616,25.512360976995563
2025-05-15,16.773862733498955,17.394448603535608,26.65832664109165,20.63258691078543,15.59008144383965,22.079856536420117,14.741105300332686,18.555677308890353,15.345595850439075,18.54725880184181,25.547912304496663
2025-05-16,16.730295021519012,17.34469364768124,26.327832723478984,20.609118478551682,15.560943807202666,21.944181223644346,14.700784099061822,18.568970110978437,15.30083205067009,18.445432484149897,25.267231359978844
2025-05-19,16.73160140650744,17.356922510447145,26.250121012718857,20.68406059684165,15.558504498056164,21.914296092792483,14.70437208202596,18.576784420156674,15.298201326052913,18.424363909011262,25.195168336890077
2025-05-20,16.73636820013416,17.361921560125978,26.309073313613517,20.69582130911137,15.566161723013098,21.945305787643903,14.709168814717469,18.58027662793923,15.304521187661388,18.446359682574826,25.23125362106353
2025-05-21,16.776476433735745,17.259458563066946,26.036359701334693,20.572020582985225,15.479272681266304,21.685865726881136,14.651249600058078,18.504293257408573,15.285855449349848,18.317370010079156,24.857500199817213
2025-05-22,16.78415755379791,17.304280134406376,25.979246705669162,20.60748685699023,15.48884088799537,21.667974565759295,14.664756008204716,18.520333180596708,15.300886133047669,18.329292909858214,24.903317507359098
2025-05-23,16.810508922912597,17.33752714875356,26.073276796561412,20.642606877988026,15.519753834901104,21.697708825810093,14.688555250852552,18.564239371137784,15.320056562514964,18.36839950359382,25.174833587414884
2025-05-27,16.69617303568521,17.201035605948046,25.813722297334984,20.56062280114106,15.413542599751665,21.45113950022614,14.604718394322443,18.417940822959093,15.22313856919093,18.199915597984727,25.043335692579245
2025-05-28,16.732131796435635,17.203177408651683,25.85093637260474,20.54690052029171,15.416513220872266,21.463957279189504,14.61374819869961,18.435482900362796,15.249002801549643,18.274319470675938,25.193534061336624
2025-05-29,16.872298133655764,17.228958370930826,25.89049573641058,20.561261793561282,15.434893486414527,21.513447431017404,14.6412691174779,18.46339652487744,15.26855067882277,18.36117389195484,25.22520124449885
2025-05-30,16.887348864856236,17.267890605575044,25.98919210264461,20.610890737994403,15.447098586139447,21.530772887209874,14.653723803224791,18.481498573538985,15.282229408974407,18.388457495675333,25.30996780957452
2025-06-02,16.88763864097897,17.274020695080104,25.9860031740317,20.673172233250632,15.454180639828511,21.533691585265817,14.674437999897606,18.482511714386533,15.28731103525044,18.403079452740258,25.291720265441697
2025-06-03,16.947433451408585,17.290033713521954,26.07905035248294,20.71004868454833,15.48157441198145,21.55391271399012,14.694838433860081,18.526392703969762,15.332575971754075,18.519395374633675,25.31676398324744
2025-06-04,17.03436103907701,17.317469834754675,26.205661554278002,20.82206902597026,15.525970701333621,21.667285363853235,14.732993006516704,18.576669172922863,15.40974324566012,18.62618984604132,25.72377131987987
2025-06-05,17.109305474971105,17.458472283902488,26.33651787789462,20.82569395992345,15.546538594776251,21.712969698226104,14.761763467258643,18.61336777478871,15.429415902963816,18.70988600543321,25.757618295142137
2025-06-06,17.143654320794475,17.491773854883196,26.381899560505,20.84103740725146,15.564537239229576,21.737005620388967,14.777480772230152,18.627750499670555,15.478308306764529,18.76343437049823,25.864286200220665
2025-06-09,17.16817994441199,17.532943586143066,26.40559463441234,20.859382273831347,15.58687410853355,21.753722148835955,14.789242894965716,18.647485242081068,15.534478840993323,18.778326545424424,25.9383412022488
2025-06-10,17.150226979512368,17.504172486902768,26.393761502099327,20.80710339221155,15.628571500700442,21.693283088882474,14.927726782403864,18.641861537468536,15.52383543783494,18.738153949964317,25.92558963508827
2025-06-11,17.164046934951713,17.533287946432,26.444016009814447,21.026311067254564,15.647705932643055,21.70356898552301,14.94780866032675,18.656888331479273,15.580574695243055,18.780373810535387,25.932219029422356
2025-06-12,17.299557983390304,17.606391302388793,26.533264396778588,21.068097857515035,15.68939440895135,21.807971552508747,15.005174062684242,18.717751825771767,15.614637613460374,18.83299446162837,26.138419053471722
2025-06-13,17.323519492436297,17.63463902065317,26.548289911235628,21.982711079017438,15.800109383699068,21.86580459023877,15.046855653535024,18.745809180284674,15.65110314468906,18.854359096614136,26.174733684251912
2025-06-16,17.406629847416944,17.64674354209931,26.578999893254498,22.224844904713603,15.817045022787996,22.02127761278338,15.06716481802259,18.76119844942821,15.673362294388781,18.880629357670063,26.32558620252985
2025-06-17,17.385396999718594,17.611825284780203,26.46536452997071,22.526386034151084,15.793717537566055,21.959291198656555,15.044553285699939,18.759602831347983,15.655380107907755,18.87031886310975,26.236423112230554
2025-06-18,17.383103469162787,17.605477517670145,26.345026358401423,22.530110043958427,15.78699586641443,21.907356926961423,15.037892677477465,18.754469250132708,15.637906994311324,18.852642867886928,26.157406384085625
2025-06-20,17.442347929953193,17.62302241216962,26.517975202768902,22.60800008740746,15.810426077334828,21.985551231153636,15.055964812162253,18.783486166880916,15.691723143876372,18.87769625496397,26.192047508436357
2025-06-23,17.45673042791286,17.624937669266266,26.435444428243255,23.620364458616947,15.82783596652141,22.06108068311509,15.080304156800977,18.819830099978837,15.72023848439711,18.88170907634673,26.1629690108632
2025-06-24,17.395736434204974,17.597648102897402,26.5209697207718,23.891921956331917,15.816319286501452,21.909850602948023,15.059509687076162,18.747226964658477,15.683323178729863,18.823393017183758,26.001973330974305
2025-06-25,17.48217857458356,17.613751767989235,26.517311638663333,23.909882446253462,15.876784329376495,22.10792535478027,15.080911652698854,18.978563972856016,15.717715568251581,19.098308307301302,26.016313838542292
2025-06-26,17.473968880292208,17.613039125289987,26.55787631471479,23.863901532365915,15.876232418477493,22.126823807652457,15.081958247151524,19.00551738510313,15.731809431658625,19.280200021380285,26.022269319431057
2025-06-27,17.508105335982073,17.68212380501983,26.545378567435137,23.97829491391399,15.899464152357456,22.216334123876294,15.122274948115225,19.07843995721769,15.760924565354669,19.285597125868893,26.03488185686108
2025-06-30,17.510616197111776,17.79812954625699,26.501421863681724,24.018874176638697,15.909027903675025,22.206162353731223,15.130860417262188,19.083773193012053,15.80263431387162,19.282527927536997,25.993732314857564
2025-07-01,17.7480924123251,17.858943174590873,26.544098460003845,24.05280719073198,15.964249693355011,22.28798344852888,15.205308261464095,19.32616171872004,16.12737509278426,19.339858003695472,26.151219632944933
2025-07-02,17.863387892269248,17.888205016342013,26.513180223887307,24.165829615743732,16.0088562286122,22.596341546889473,15.251349204993911,19.35889774221088,16.263234499080383,19.36122909620049,26.56432694690793
2025-07-03,17.86795360037037,17.891761699097017,26.62109327155089,24.2190940594938,16.026273342332235,22.601612649050114,15.262116972520081,19.372122040267953,16.30638408804005,19.42650830811134,26.54965913165832
2025-07-07,17.818038421364456,17.83809204067751,26.65412609200529,24.135075868732375,15.98460785471528,22.500202602892337,15.256053083161692,19.331667083045602,16.266767832727297,19.371160552339493,26.662230460283244
2025-07-08,17.884269567190447,17.913023692265618,26.85287145208861,24.866249854903256,16.1265186499209,22.66806898844916,15.31819877860234,19.413463052404005,16.392580629375583,19.450767048241186,26.887876735531357
2025-07-09,17.906680109392802,17.939707225700054,27.23915849307993,25.085832119939077,16.1460199499872,22.71317254107477,15.338855492023592,19.4279631916138,16.419764979421526,19.491373451566215,26.97033030965381
2025-07-10,18.068772457176465,17.94822070718717,27.18928913353596,25.037509391447983,16.14687792332413,22.67729078602909,15.34406307838679,19.519980869801977,16.416774129047415,19.47350883670399,26.918453792474175
2025-07-11,18.07919751727527,17.96782586153009,27.186865838145348,25.254781174950963,16.169342624770945,22.684887456848216,15.355949529986882,19.524543998250156,16.430272566949636,19.505712407230508,26.975558309520398
2025-07-14,18.134081450351562,17.986813228720465,27.220392699204787,25.408041205995463,16.196041367366877,22.725774251277798,15.378594072907644,19.56844106336087,16.509198719870174,19.552778368901432,27.008777494546592
2025-07-15,18.069323471356768,17.921410312906254,26.864605207330865,25.22529414856122,16.115979630730127,22.470722958078547,15.375062274923524,19.951997328770265,16.433848707717956,19.40905031460256,26.741893989640854
2025-07-16,18.090883651709603,17.94159262957734,26.907012067092438,25.434128112323922,16.126988015393817,22.640599098488572,15.39594194970788,19.962232400082193,16.46379022167442,19.50011163859239,26.817937565904597
2025-07-17,18.100441739177224,17.94730355241215,26.922425998462806,25.411345893625963,16.157468140600965,23.19442720883695,15.419711956241034,19.954678257433876,16.473841868600022,19.53343605912153,26.77510428710433
2025-07-18,18.12642594514328,18.02343642819763,27.02129349273618,25.41983461980177,16.179187668572915,23.21105117407332,15.443859674017835,19.971789729931203,16.498298836479403,19.568391431479057,27.263926031252943
2025-07-21,18.27085203334896,18.04587568313566,27.04697564948019,25.57558633097161,16.230045150408152,23.36935565499977,15.514354834924562,20.005642351537823,16.545969060067225,19.59724201422001,27.325890168052396
2025-07-22,18.259272330110438,17.972375184994004,26.754480945033006,25.527762860491325,16.20634989765985,23.177357286026485,15.526413735477979,20.26780116093121,16.492201535519108,19.49727773601313,27.003126539798
2025-07-23,18.254282499904075,17.97577600587548,26.812829834026854,25.426941936326664,16.20563124804314,23.108177808349424,15.606497015250827,20.268184809463303,16.50789637275928,19.49071277673996,27.435550652613838
2025-07-24,18.278735433712384,18.033392513632776,26.790412608804086,25.58805303179243,16.22144869009486,23.113022806950305,15.607557573083152,20.29864462754711,16.55311679504151,19.534500754903945,27.439667536684237
2025-07-25,18.4456176425838,18.10464641100491,26.8278805899146,25.716526324809575,16.255898033457832,23.162686376884643,15.66348651276337,20.344318058875636,16.644604248382063,19.585130648228912,27.496330657076594
2025-07-28,18.471168916051333,18.244435589326468,26.78639871438203,26.2570521300378,16.28486503840721,23.179223177375203,15.70743393675413,20.50623299666522,16.72764252267015,19.680221967221314,27.47378129959095
2025-07-29,18.66572216024337,18.39564680167004,27.16557576746655,26.563437055013516,16.409790824399277,23.342817738547527,15.940367516159991,20.597670285178996,16.83814399815188,20.22118096024353,27.971638215331176
2025-07-30,18.92220907408638,18.44519917227989,27.243841370493126,26.578102874710236,16.47610879517207,23.448975240718596,15.997799496275686,20.784329261931266,17.030116396505292,20.435360102245337,28.396840082212176
2025-07-31,19.28111178668401,18.474743598454488,27.263135438801132,26.619066924824892,16.5443011920265,24.066208273091377,16.130826028101293,20.823434905420015,17.080094553687193,20.542591092507745,29.18000599327631
2025-08-01,19.1576840563536,18.382528885616896,27.523303777057563,26.316417523245732,16.521702453097586,24.48755746939656,16.06563202254902,20.615557510096455,16.99395689363623,20.410691517906297,29.10027502787289
2025-08-04,18.957414770100435,18.24942113780396,27.24888324982495,26.498699238831165,16.3902450802513,24.03267168471798,15.97437467030079,20.384041975156293,16.850618585982836,20.230258687323058,28.535882762421554
2025-08-05,19.045418019550517,18.298664983757828,27.30853027493091,26.55780876219974,16.419710485913992,24.112470143230627,16.002582094978006,20.41931778444962,16.947521176673057,20.31606420288345,28.803866142479418
2025-08-06,19.15787436612867,18.67000657937569,28.364173718905512,26.78101457039257,16.523039625121445,24.55562779530632,16.093353560708618,20.561102126446194,17.144838435602267,20.536249380523984,29.14184724339907
2025-08-07,19.210407507901163,18.711262540285883,28.5553970301054,26.824761257756396,16.66949748334842,24.728131513323973,16.12674821044872,20.59574508777955,17.217652963418406,20.589375635397612,29.325041178610313
2025-08-08,19.22833412093901,18.746373938678865,28.60467211636778,26.85781647243679,16.720689567906724,24.778214135150925,16.152207448673565,20.610349038670023,17.240519631263275,20.9621221737096,29.617647549392657
2025-08-11,19.314983673988618,18.769855972542647,28.63875455964776,26.8823039426271,16.74262003446914,24.86529173396929,16.1732397060939,20.636651686867612,17.25497249663681,20.9838057645457,29.62509728555534
2025-08-12,19.232214744161958,18.715374144353795,28.555330524830875,26.87012444517255,16.687479853878234,24.723021598465404,16.12860502443257,20.54618223869533,17.188872023567527,20.999190622601315,29.46431590500536
2025-08-13,19.200655665109938,18.69776972538845,28.73435063490059,26.804372924282045,16.69085847324917,24.663940777842253,16.164340837123188,20.60425798697299,17.21679195893498,20.972350509117568,29.51337782058249
2025-08-14,19.22653533211856,18.723631602766215,28.838656111953753,26.80046256731784,16.791586905703493,24.83683767161081,16.219787609993237,20.628605947388483,17.267121823246097,21.002802309572463,29.53856065763621
2025-08-15,19.287924238468605,18.780679993159612,28.976660463631404,26.904230806607004,16.958862062584238,25.444630345070845,16.312672068239085,20.71125160723778,17.33262008178193,21.18990053880684,29.613978748536574
2025-08-18,19.360222187480424,18.858703247057186,29.010022122563363,26.954615706911543,16.983651459251266,25.469645282465248,16.35942220121994,20.746513376402543,17.360257439769825,21.262701434843226,29.64339404363979
2025-08-19,19.60347548257841,18.97901843863441,29.105097758895266,27.040391056479812,17.061438625351848,25.564291511444292,16.439783225713583,21.249475032922792,17.439337256060302,21.563008787698543,29.709453870020752
2025-08-20,19.651935598487363,19.107064700065592,29.127226281067504,27.17698597366287,17.10120698000265,25.596536177391783,16.472659546619912,21.346021877094326,17.467627354820852,21.585289416834474,29.724359558072866
2025-08-21,19.664065588588457,19.092507997293,29.132527133893728,27.307372095673532,17.095958971983958,25.593002508332162,16.469930561953493,21.332472114247697,17.531727663065517,21.582454078054145,29.68265265962084
2025-08-22,19.552209563335868,18.988919474782993,29.47467081252459,27.038080425756135,17.017395354983446,25.521202005201864,16.392092860002002,21.27785232192593,17.435203376460088,21.41989168947354,29.64771162609688
2025-08-25,19.60797347710265,19.01190381007489,29.547790130843193,27.153013230203815,16.998756025073174,25.430920395641987,16.374131990999004,21.275325247493633,17.47353528788044,21.46482562295921,29.492464893923454
2025-08-26,19.73390398996458,19.044632210221806,29.73106321267022,27.277314451441985,17.03582745804078,25.503966759811288,16.456433402839053,21.308133353585443,17.504435493503866,21.51138814551671,29.53645676447002
2025-08-27,19.7589653379535,19.066727720722536,29.7562416076668,27.313923726195057,17.04377505478828,25.516249748090893,16.474528858703795,21.31658164209012,17.51254028315588,21.534498535177658,29.546431089758997
2025-08-28,19.805807112154955,19.085673064815182,29.842547036267224,27.436833822467023,17.06306575936351,25.544723941803944,16.493656468967348,21.36704456581579,17.533167079681437,21.570021694928755,29.729711974010353
2025-08-29,19.85855580507718,19.172357793994298,30.107124775034844,27.551929789202354,17.12310807891946,25.772821034712344,16.626699409115112,21.50348169040175,17.596869941326997,21.697241503628558,29.84093446563317
2025-09-02,19.908196968781645,19.152056491301195,30.239880897985376,27.612048303622927,17.115701193242842,25.933186846474378,16.636886540563953,21.46281523955223,17.594534523408516,21.77652732079559,29.830444679167385
2025-09-03,20.306535051832686,19.2245215986727,30.296172833828518,28.196958671391652,17.184690336944357,26.004682621245873,16.71647304175972,21.597443658213013,17.680816276914214,21.82727964197151,29.887931569758486
2025-09-04,20.210598652905635,19.186873053899358,30.283798330615387,27.978652784658426,17.14671989613968,25.985736191499818,16.67646339791361,21.577898658197384,17.687127538925886,21.72828781609572,30.00829190279996
2025-09-05,20.35482355260612,19.278356018693174,30.429951900877672,28.311158267134655,17.58016978277251,26.175211641185324,16.7663688189287,21.66745656029246,17.883127801162782,21.985309661310833,30.099297538414415
2025-09-08,20.36379773284366,19.309895709050366,30.479470233789602,28.304583587585107,17.600538589142765,26.191345276330622,16.77957918005919,21.695405135628217,17.89119575993106,22.01782149407544,30.255687386835874
2025-09-09,20.44682623076909,19.367460486725015,30.58751165843719,28.40897357135439,17.671639144941615,26.374402523933803,16.898778393941498,21.75615155743789,18.25531146160862,22.09589849916825,30.436443431851405
2025-09-10,20.70698535947146,19.645351093679835,31.10874747452796,28.827417329911594,17.77184448811684,26.72737794543845,17.029836229040246,22.059628404356783,18.35784922571886,22.225455995838065,31.080111463534877
2025-09-11,20.64683311946365,19.594050165813886,30.994460321937478,29.15432458840061,17.73202829384745,26.578623830599646,17.044123635114698,22.13476278906022,18.324137840708747,22.13286160573098,31.316003477306108
2025-09-12,20.81061032947056,19.701161397516756,31.08264894250336,29.22215897696549,17.777842028777943,26.819575298164818,17.11385006798648,22.19087989344481,18.39962396645861,22.18684703859969,31.825645732235923
2025-09-15,21.057320557863708,19.790685406610685,31.54266177589966,29.28487106401727,17.84513333402223,27.04628402185468,17.185474311328814,22.272025826333756,18.532853133003208,22.265835678945383,31.9368938758107
2025-09-16,21.104427417597762,19.934021931534822,31.942429597794934,30.01868653917145,17.900296837401044,27.095586777606705,17.240408896710203,22.313673113362885,18.58275800940369,22.381014941912497,32.54918692529074
2025-09-17,21.142767860181795,19.995876571402135,31.990380135631753,30.06116556558789,18.022172301279717,27.141479296102272,17.326743983343462,22.436547329058534,18.61649865185539,22.432748838609484,32.61708257697979
2025-09-18,21.209731226170593,20.124509692913605,32.29989143986934,30.186203265106,18.067330582976975,27.201020309349182,17.47743415836691,22.645738453249784,18.66333057119721,22.48252500903006,32.712615870740024
2025-09-19,21.260111268610807,20.176043909582937,32.313333450258625,30.4579786078976,18.09600764821266,27.223157152676936,17.506841719165475,22.771509620031846,18.692955809311623,22.539711316109972,32.926015703133494
2025-09-22,21.385435625494708,20.25555053627371,32.881719469495536,30.506867645045894,18.13781448439909,27.285186252034155,17.551339014083787,22.941995909962447,18.735313808191574,22.62809796765132,33.261252796255945
2025-09-23,21.44465626379314,20.391261318668104,33.086967438094646,30.959931014853453,18.25190109692371,27.353706566727336,17.60874326298496,23.035738560333527,18.818518168118214,22.78969600102014,33.37894089739969
2025-09-24,21.483504386789978,20.635208012706144,33.22458329738417,31.5804112898161,18.297769644978157,27.381353413599967,17.658953093461317,23.067537775594793,18.937593810436727,22.929591611650405,33.74552712678545
2025-09-25,21.466868184911963,20.661822758821636,33.01073567892839,32.31891099140988,18.405587768517325,27.278562934142847,17.66201215767188,23.09925596448554,18.922794316025605,22.91504765508428,33.50582605538215
2025-09-26,21.448252079439975,20.65250410418284,33.14873100476727,32.30221659481046,18.439531328475802,27.2433146924478,17.65833170693064,23.195004027688366,18.90910373553798,22.8856046597801,33.34016924624498
2025-09-29,21.469063469899183,20.663742998986482,33.1074785337094,32.93965730539919,18.470507575859678,27.226904479197938,17.679598413582156,23.215306516064818,18.931462019567952,22.883631845215785,33.336568975885406
2025-09-30,21.593068293213673,20.79193394557231,33.148705043968384,33.291163043391606,18.617005514432943,27.932528608286862,17.748079654210606,23.255767622244292,18.99352587629902,22.93882066607638,33.34908627083614
2025-10-01,22.178230474622737,20.9938624774733,33.492840606278804,33.39457543289759,18.8766292182613,29.536868628036927,17.900288551752862,23.448922558223277,19.329233013198337,23.14488598565421,33.70611038168384
2025-10-02,22.256723205028546,21.10944509387784,33.518077931569955,33.68775146553553,18.921863758880725,29.58745887368569,17.94757360748549,23.47335119289769,19.666296103465516,23.240789887848045,33.70219194300934
2025-10-03,22.323299509613634,21.266547646819312,33.56935475670231,33.696425959087016,18.961502671076687,29.65677314361673,17.980705942022222,23.557088686115915,19.69944135773572,23.28040793326104,33.86746335236836
2025-10-06,22.35983248253406,21.35806811158059,33.727407847272865,33.768940803535386,18.999647728367183,29.788854670695773,18.03054802437932,23.628811427804617,19.744458390822466,23.510992935750156,34.23083153970603
2025-10-07,22.421693905697687,21.61146931145809,34.42315582974133,33.93034812121973,19.09447621757248,29.90410034119914,18.08678707791975,23.66354365119875,19.804986625582615,23.60292154698687,34.44541525769921
2025-10-08,22.524434022744522,21.674677324874388,34.55677238458416,34.0976828825804,19.185933632274686,29.966464527387256,18.200943542953414,23.92564464409678,19.86934022297083,23.704047914813874,34.52312663371267
2025-10-09,22.504045096635604,21.704595031435638,34.82456745759833,33.97698304288818,19.201485674872774,29.947832427378412,18.259490977171914,24.02182236546657,19.902892025511065,23.679436576097565,34.49253394171882
2025-10-10,22.174495773041713,21.339036565291376,36.209667593314684,33.050090381339714,18.959062164583013,29.51070066097864,18.05842726640622,23.47905749287364,19.62408947935181,23.50512168984114,34.41562802372136
2025-10-13,22.046257646967522,21.179254597923713,36.68901451139089,32.2394607443859,18.8505899267382,29.770625416385204,17.94901838362087,23.25032075087561,19.51048759482421,23.44589433276622,33.999443871803045
2025-10-14,22.065546337661413,21.25072598948325,36.18512529208725,32.406965692191086,18.83622388777522,29.84301175209368,17.98310812774493,23.700093952122515,19.487719656469725,23.33029684224123,33.7924452501155
2025-10-15,22.12147331061273,21.309396454701687,36.2457933696682,32.462833307876906,18.88175533962195,29.906790804231754,18.08648782112423,23.753696371612335,19.618940664970623,23.5367959083894,34.00506716181636
2025-10-16,22.144047906559567,21.35800997638092,36.120095306936356,32.369009727923974,19.255650086364064,30.029439740478246,18.131091944854813,24.092061575842852,19.654603184571947,23.68732411189442,33.780581338287526
2025-10-17,22.068105855272353,21.290977922660975,36.10537691071762,32.05447785549376,19.205570776916918,29.914583489164272,18.13123587791209,24.11195145846502,19.71078906318342,23.65758015945133,33.984413815667345
2025-10-20,21.902680228056294,21.1985625127541,36.27322905254026,31.841690915926833,19.106122583195365,29.51643658391361,18.043585247377415,24.020038757606397,19.590240132917664,23.448539138580056,34.42802140293346
2025-10-21,21.95698228548883,21.38541159050186,36.34586655034215,31.848679589892004,19.15031526005279,29.584029390679756,18.17930603936343,24.0685500848108,19.638064663871564,23.504883000542915,34.669030540010205
2025-10-22,22.069158730986604,21.465259411383315,36.58907158573205,32.44967531848983,19.226131355217447,29.907675664258548,18.325017824684505,24.12230925816205,19.717441501393704,23.65907560562036,34.7511171279454
2025-10-23,22.238017502095023,21.485155054496406,36.7540416010402,32.375605595942964,19.252501511175733,29.90662461691625,18.366525937174135,24.10506741901361,19.763359052573502,23.679956355347155,34.86925000374154
2025-10-24,22.294104257352906,21.569577041592733,37.03968698289395,32.57739744978718,19.34653276020061,29.967672930781404,18.4156637287889,24.3536720637927,19.84450026117531,23.74106974774769,35.22284101628868
2025-10-27,22.33456959597555,21.60820881503301,36.99644959796746,32.53720400035451,19.347202216665885,30.010383011674286,18.454743347070462,24.31415491682943,19.980465869008597,23.750539083205997,35.34581038771849
2025-10-28,22.381602921537777,21.779222441811434,36.827282194343745,32.44328565872608,19.397073112333807,30.05373480461569,18.498659161948286,24.712202134318538,20.222910457205945,24.135370277088917,35.14315065334356
2025-10-29,22.52440057406972,21.892576270548226,36.37000996625099,33.19764614892382,19.56805806855116,30.0187476751478,18.897871314419163,25.282482016478554,20.344243293448734,24.27412079924684,35.69133411713669
2025-10-30,22.578053964450483,21.89885799927494,36.13297085839281,33.04436633856854,19.72655282322009,30.10427966330443,18.99683664234879,25.19759060947034,20.281054312552815,24.536117043872753,35.421939227429284
2025-10-31,22.711441243338594,22.666129855297136,36.13708821779266,33.21641735155269,19.812521291250047,30.16942250802497,19.081885972649253,25.365251113289073,20.435549778525296,24.612672337683996,35.84163909326344
2025-11-03,22.994833384698502,22.896261434581625,36.384491087023484,33.29952715827058,19.8744383453743,30.361362210548254,19.135054547075917,25.462242282766283,20.491422038419227,24.67467698202274,36.06210587981481
2025-11-04,23.09933340342089,23.094143392710887,36.6230257759525,33.38879388114693,20.166212708721023,30.694555025460303,19.277707704098095,25.78200183127968,20.59587570855717,24.881920085006087,36.187131436764595
2025-11-05,23.1004421089983,23.10721233211077,36.61656062652916,33.4899724824568,20.169832526664685,30.677998992089616,19.283964275734302,25.811098641913222,20.59480975901686,24.882528169331483,36.24343857745781
2025-11-06,23.12248587083936,23.34676009773663,36.59641212418896,34.15161790006825,20.207528454139005,30.88172109811608,19.34342507991669,25.897080552341002,20.64301180641423,24.88984945798886,36.18713966223967
2025-11-07,23.324275042808075,23.465213967160945,36.855591582947184,34.126897332508754,20.27289041403152,31.119035140974315,19.404725307488675,26.05738550534446,20.71513785827685,24.98261708329522,36.11308987812081
2025-11-10,23.30461305340803,23.438476604990978,37.28983493269356,34.14099158070309,20.328180092286257,31.137368170495016,19.42685925246184,26.054341367209865,20.713282297693244,25.181915819529983,36.459961053892826
2025-11-11,23.220915988608617,23.42550238893716,36.63563246300045,34.004088544415154,20.33023934213281,30.835221524938866,19.56906187124753,26.393226503578436,20.648430157757883,25.003087877491787,36.631008276318994
2025-11-12,23.391945150510875,23.59336595398476,36.71074639571375,34.49417955824865,20.5595453697868,31.24711434955993,19.647249121703084,26.477480562378535,20.769762207656285,25.183869489977862,36.733236709652026
2025-11-13,23.199083859715238,23.353112093601002,37.41880699662791,34.99594296168812,20.461998444635533,31.415989871067683,19.542260645708257,26.18597711210011,20.81625963453897,25.000894957236845,36.13937719313075
2025-11-14,23.235371700528372,23.37507574460779,37.533146719618294,35.4212496696701,20.624011025003046,31.440168920938522,19.595829429875106,26.346781023426146,20.927512911336525,25.238011857290005,36.1715847398272
2025-11-17,23.480297848748155,23.255069205466434,37.15025348739679,34.90311659174287,20.655930585007056,31.64692911264701,19.537404351164085,26.155269549402675,20.79996113806448,25.105689177301848,37.309883643946634
2025-11-18,23.716336128657296,23.636878801600673,37.16487988175141,34.932811584838014,20.721548841891384,31.690219679219524,19.620863402065183,26.48777651867019,20.861950099916495,25.156192115355957,37.370043870180005
2025-11-19,23.68107054679216,23.615174492643135,36.96192775049762,34.87714734578991,20.83229654424872,31.617093198263223,19.662257238177343,26.596166231584455,20.92290973530294,25.089540999201255,37.2197339063014
2025-11-20,23.505363670282797,23.44517517864731,38.11277982827145,34.56698999026362,20.76351150120972,31.460464818978668,19.55319690512078,26.23885826196882,20.800525939822375,25.16995575382265,36.99260955183754
2025-11-21,23.172892262993432,23.196897641394948,37.03392875470436,34.36809520072197,20.572396036363035,30.661335158153125,19.409448889947196,26.63127978319533,20.526269782924786,24.771580492602542,37.22573869421321
2025-11-24,23.132584009056607,23.112020585470216,38.23048584693251,34.58075684671954,20.593034434035477,30.67627787510633,19.43587292902054,26.46385991163357,20.553715778927373,24.82973065093485,37.374756503125376
2025-11-25,22.912576338992245,22.81812901564091,37.317837350352505,35.30426025809598,20.372870538036754,29.858137290395025,19.2835279082702,26.438577363556686,20.338531488093288,24.51835410845078,37.836239042707476
2025-11-26,22.94949194830821,22.65584399071962,36.6158290776376,35.051717027631206,20.25446648790399,30.13316141632634,19.17845301352091,26.251712495962597,20.18931467196722,24.391811042694574,37.16663060438595
2025-11-28,22.87237701764516,22.59700677129085,36.39455916131919,35.109573340281976,20.211176405771088,30.42904142917422,19.13740487902175,26.134707810718755,20.15150160512444,24.32877306716017,36.94814153901015
2025-12-01,22.847284554386977,22.737563871001427,36.692614450636334,36.19832100636215,20.191762052137044,30.10329685747154,19.179763151685574,26.26561390836634,20.254152006212895,24.261230542935646,36.9127198247012
2025-12-02,22.93535034623521,22.803260466257527,36.689555409589104,36.80004209763361,20.248724983882187,30.14191476714568,19.401402979506884,26.5383952039276,20.35760371399646,24.340853088989554,37.0644451574212
2025-12-03,23.060573534750418,22.80729170672557,36.9199421075318,36.65906379357641,20.319351683219192,30.151954780003987,19.431716406756387,26.638602857659933,20.383793514405916,24.466277222502708,37.55457908022373
2025-12-04,23.166017983254445,22.84959710367709,36.90019566939342,36.710364856851264,20.339698156484943,30.150747720065652,19.51646157181353,26.67421934468917,20.414937153059284,24.474109741555157,37.578616155881264
2025-12-05,23.542711254181942,22.92307149270158,36.91699348399424,36.75702263455937,20.38120758485415,30.1636902877225,19.574659630827114,26.798558622660952,20.44636023772776,24.50714860537661,37.7369834848083
2025-12-08,23.461654268520213,22.876924739962597,36.582855771106914,36.50067041232433,20.408946147514886,29.915753627149318,19.606562294658602,27.13315162350324,20.377595066838044,24.473675060847754,37.3152541459651
2025-12-09,23.529252598119964,22.881683382082084,36.733356888265305,36.686034547287136,20.432180348112773,29.9523806412061,19.680057328097092,27.210175353750447,20.411663013100352,24.4958454725166,37.36702087145187
2025-12-10,23.56617308331454,22.749237624974185,36.5872441096537,36.292623189563884,20.32798629554057,29.596385759963113,19.630061221586665,27.359934657086466,20.331149959702294,24.594545746186416,37.66367988542227
2025-12-11,23.889203648895776,22.84328214209279,36.38701920430199,36.987501250356615,20.432069147330644,29.518901872968286,19.704171889323753,27.823518014621857,20.53496203560538,24.64699785078053,37.567447414709804
2025-12-12,23.955135496145612,23.030371466093687,36.796216830399395,36.815188000166735,20.506785829138995,29.689809083353076,19.755236414185585,28.26143960974261,20.608210688521737,24.70582002657668,37.6291687792108
2025-12-15,24.027263735214486,23.087981224638593,36.77846834678606,37.12922506978728,20.556818339508993,29.957018328953488,19.794203392600654,28.48294533569029,20.688896767600085,24.74712409874128,37.714434037354245
2025-12-16,24.17122936646493,23.26368494175899,36.70447947750877,37.47416794153358,20.575695178495764,30.004289586834776,19.828332791779545,28.685747342025415,20.763544356942177,24.72596719758488,37.67227005487244
2025-12-17,24.34706670319265,23.427694530785594,36.867644972833006,38.77373661048265,20.745748093894072,30.15332205669308,20.184878267718698,28.92449940694835,21.03592094350654,25.01274554157618,37.85747888909616
2025-12-18,24.40651263442895,23.556280171468334,36.91685108649917,39.428885984704834,20.832915267800743,30.210084967633367,20.23462678562765,29.07269078377937,21.092566965579497,25.108828023376773,38.21633065079268
2025-12-19,24.540204523556604,23.688207936281934,37.32092050383765,39.50500339916153,20.91190304644212,30.280339365768004,20.40720996376021,29.410282458342035,21.16359676490649,25.315618408796443,39.03410774714902
2025-12-22,24.478728921212483,23.650008783122942,37.98679104033469,39.35667686986755,20.84323986117588,30.16783768172794,20.33574624414878,29.36548251605152,21.12249156352249,25.2380214013049,39.00856375550894
2025-12-23,24.545552576514506,23.702740660298865,38.08698741061817,39.468472992188744,20.86204691461816,30.193898063110957,20.358392262424022,29.416061463372113,21.146528239707056,25.26205597809345,39.07057168703693
2025-12-24,24.530918933277775,23.709628685028225,38.07238494946484,39.6436654352539,20.851590500728953,30.175398358524557,20.36830352580389,29.420065630119968,21.168460478072568,25.247454503764093,39.00191359484911
2025-12-26,24.54916517733073,23.76441876041607,38.081440563207565,39.63616838181946,20.862985769584444,30.196323587690177,20.387335238405633,29.43373380034682,21.22178962092148,25.27454210994417,39.02419908437641
2025-12-29,24.585804431562373,23.827215786022364,38.16757347020133,40.047902299909126,20.912004569355478,30.23142075455796,20.4162771630648,29.44524655275853,21.292607053002865,25.435161992677568,39.12255144440422
2025-12-30,24.65788745903468,23.8475097314306,38.17476824375143,40.25647675307699,20.929292215424475,30.236025375197645,20.44616091847932,29.4890634125769,21.308388525698053,25.466615861754367,39.158162684964424
2025-12-31,24.516526832638174,23.701386756761703,37.82973889628385,39.99997426857017,20.811285128649462,29.986279740694815,20.325034525962852,29.28228310200471,21.182984047804887,25.257832505061305,38.76664244178044
2026-01-02,25.099112468349617,24.209169205318158,37.93890560803839,39.59186109503888,20.938158083367608,30.06320297995539,20.65390894915279,29.488395601449866,21.410254096524124,25.407851810156636,38.62755866689138
2026-01-05,25.177474284544527,24.30078929535775,38.86254230391845,40.074461566153076,21.18684007903321,30.50874500593216,20.80663308319956,29.673622019126494,21.566367082776978,25.744258924168616,40.7559296713331
2026-01-06,25.751720237918196,24.564613873978843,39.1538875326236,42.87771545450963,21.47455158438794,31.258384353892477,21.030902074165915,29.911367606166994,22.04591942646827,25.940535075796735,40.97513753004546
2026-01-07,25.951728725971297,24.842750720393543,38.612359626611706,42.42182509947178,21.47414398391784,32.67355769567774,21.0330368137198,30.447063246331336,22.003142308301257,25.797996661430787,40.12296817387428
2026-01-08,25.94700577006728,24.77738146937866,38.0334094205415,40.42446128094645,21.43668063954053,35.06607693241073,21.08131067777069,31.788290646629026,21.931304603941005,25.643675736539773,40.0397517881488
2026-01-09,26.03592154539442,24.757286853603645,38.027872794952145,40.51859282715449,21.873006210391736,35.300980928706025,21.12515581181065,31.75262762927955,22.02230003102752,25.904489308290263,39.88535836354837
2026-01-12,26.22700922439246,24.810578647128544,38.235484853272254,40.68762411580775,22.21270885262357,35.36990373106351,21.2754804200897,31.813631154264634,22.087738331710753,25.963929502543937,39.90330050485884
2026-01-13,26.46797952281043,24.965817027188514,38.480026477291595,41.157560684185526,23.20315367349051,35.62784408212223,21.495773686887468,31.980790871925645,22.25248837374638,26.185791792332363,40.05399600895284
2026-01-14,26.634704603579763,25.497818420818568,38.41770404599838,41.76251376300357,23.340099790688814,35.82220369222572,21.61644295615161,32.45384150456153,22.383059884525192,26.28402754455939,39.95051741765247
2026-01-15,26.76313250556519,25.537234075800725,38.470513981389175,42.09337935634773,23.398664844267472,35.99674912401248,21.678909293855224,32.52302131949307,22.41965909231952,26.373155407221006,39.931992249786305
2026-01-16,27.122182254414273,25.64287468708683,38.68484287374652,42.23636521858604,23.510332696755547,36.334368289117634,21.977450988505574,32.64683736701595,22.538966689929616,26.902342546198888,40.12153202338901
2026-01-20,26.522206823376614,24.94942068361192,39.849627991924216,42.372189734234404,23.01803832890939,36.897376632459725,21.557287116241895,31.43473998052254,22.521449046159255,26.43140882040571,39.077372399952814
2026-01-21,26.2925912090121,24.785728340745,40.18913319958668,41.0485486321546,23.05268085970662,36.439559685691975,21.431951918599683,31.31338640703663,22.358813709457,26.530160610113324,39.80445500303407
2026-01-22,26.805059473159055,24.95200775703779,40.29208769118156,41.23080119479708,23.1733631924113,36.57060672666901,21.69336383319421,31.3755952331166,22.492309073635102,26.86247729803981,39.98658105258181
2026-01-23,26.997767580607253,25.08163111195764,40.95801947517953,41.503210670130116,23.63494507226512,36.78397787684393,21.959272100766512,31.465012031920757,22.732055302980488,27.127425785157914,40.121902337812
2026-01-26,27.06826425577582,25.255325434048725,41.137974405450464,41.573023093611155,23.764673612334157,36.82040915556696,22.02223328384796,31.49316041178244,22.77291692722247,27.172306488369358,40.228260327507435
2026-01-27,27.36428662552844,25.37550806136982,41.61643194740342,41.8464030568141,23.98937986731641,37.90493096556724,22.157818904166277,31.882463547659302,22.901878851954947,27.34071951648459,41.087977218268456
2026-01-28,27.422501008147332,25.41023792931701,41.751723642024935,42.17599141961361,24.09990807585552,37.86374529403036,22.211873985576958,32.110530352501094,23.011299591644647,27.531790474499964,41.136672342646044
2026-01-29,28.59911556281462,25.938681402587044,42.101270336386605,42.26673031756296,24.272276557201977,38.356555598976456,22.383694306759335,33.25989308543395,23.214462949094735,27.816738206942997,41.37958495341228
2026-01-30,28.83210237696394,26.032166134619306,44.097264902204294,43.19971503246219,24.34128449545775,38.76444330569879,22.475645370330565,33.313719653142,23.59853668806916,28.04327478488703,41.45180614298271
2026-02-02,29.05559896741118,26.171635487848267,45.177669801977274,44.34097211706971,24.895550431338307,39.13967372315485,22.805242153818096,33.47291479871191,23.814365189062748,29.040161873760034,43.815185816198
2026-02-03,29.812898672251,26.610062640147326,45.31732640918667,45.322101031981724,25.325599713842774,39.88511059141274,23.188592400290936,34.46850010737073,24.484049102453913,29.531010567269295,44.221745519524916
2026-02-04,30.449268377668965,27.018957273563863,45.35238135759982,45.79572470215541,25.619948095881035,40.47577424287645,23.532533872653183,35.55735344909042,25.054029681244643,29.93461972398162,45.562674983643106
2026-02-05,30.30810120794325,26.624646851720772,45.68846071423581,44.71080536953828,25.272892764834324,39.824325828507725,23.474901755110363,35.02712958703978,24.87040038401707,29.89437902925741,45.62231885957437
2026-02-06,31.12058370864515,27.020451564650717,44.75429494720028,42.968689156890605,24.823906471319372,38.14776852573228,23.0107151213805,34.34421038816034,24.38442316748276,29.01700310779347,45.23480661579369
2026-02-09,31.329106472811453,27.196261927066452,45.09985614677761,43.19484298551778,25.14381972446822,38.53820678834392,23.074360651104424,34.320510144776065,24.546946684454834,29.13677374722974,45.30605691870765
2026-02-10,31.458122175170654,27.33984482661128,45.702470288287685,43.53771315702333,25.594568273924335,39.347862226236444,23.19966284419449,34.526432881739574,24.975286645533355,29.46474733865243,45.85489904314889
2026-02-11,32.22936783276757,27.672838738774026,45.69683652183454,44.16232979762515,26.79398147911317,39.6362920814209,23.436212871083036,34.820383628714815,25.284089835078678,29.93043279158108,45.627905715258876
2026-02-12,31.52337143359592,27.510612060676763,47.16386891428035,43.249478654764204,26.378799776706668,39.81047670120855,23.295721679981146,33.91574082047411,25.18940037086338,30.26860785810472,48.33364017242327
2026-02-13,31.454246464527902,27.499251439698874,47.3936439349468,42.73710605532679,26.425375107073158,39.22302953163556,23.19215194750189,33.963957970989014,25.079027174968115,29.85997525708945,47.19904892946036
2026-02-17,31.55295964287153,27.601173711471954,48.09892856575461,42.91990770230576,26.856187262213883,39.47736270039073,23.415900751023546,34.05556152313392,25.316130408719783,30.33817466239122,47.32726306570008
2026-02-18,31.62889440059633,27.650121900118023,48.35540180536449,43.276545936382384,26.909854443469083,39.577514308763355,23.51201331682875,34.06805672832626,25.534861034167193,31.033075975113473,48.02195412275849
2026-02-19,31.73603493324397,27.75574397572424,48.40929569978015,43.45480708500147,27.0474624701838,39.625397780138414,23.653550529113044,34.127665253535525,25.63815320117136,31.03995587169217,48.607587559557885
2026-02-20,32.19650502722808,27.889033383806005,48.50433015058407,43.962416871938196,27.13667176647855,40.173930469047214,23.702994090716565,34.20265454852932,25.720932624063202,31.111483463159534,48.63756740606646
2026-02-23,32.10594379098173,28.0181919628406,49.39861112761264,44.73753981142484,28.07533334067942,41.800563139784416,23.90738964585404,33.996043956817104,26.193919612226075,31.603097974856905,49.414880318047956
2026-02-24,31.99515713648649,28.075722451322505,49.33478742078796,44.98338854908986,28.066464710653687,42.9291459263201,23.86954628107028,33.86654841474975,26.175489851208344,31.798661028501023,49.040756283495604
2026-02-25,32.1901277952234,28.274522272894455,49.29788206644616,45.32472306685861,28.99433369520362,43.16947476808328,24.255518644093964,34.17567894408349,26.470820833625258,32.15529475668514,49.52407394012287
2026-02-26,32.39409790157776,28.43638934177814,49.308051103468046,45.36918704797825,29.37363959239065,43.28117827899874,24.39762004160718,34.778335137048884,26.594063339121384,32.314301262472625,49.75621349112056
2026-02-27,33.040768599289294,28.776515960008336,48.663400990784375,45.3408307135675,31.20940367710496,43.57554733083987,24.626461873929415,35.43328373961586,26.77349401331134,32.41732397742198,49.477003468321
2026-03-02,33.03349565526,28.898411120112616,48.93624309266376,47.63174306020389,31.168544400882205,43.578341182246064,24.984147841366248,35.6016497938059,26.9247727517061,32.624605007232994,49.46609363262285
2026-03-03,33.18083466918973,28.597106504425827,47.75913167526948,46.79626969791688,31.149435895093603,42.26257296061501,24.775531634183327,35.20805468075114,26.350229466913223,32.26638288587171,48.806998997015086
2026-03-04,33.166506595009345,28.6283041465022,48.16067185669594,46.973655279902715,31.13703276223518,42.325174400272964,24.8374098855122,35.16677102418116,26.405839406679675,32.266686983637,48.727133087933275
2026-03-05,33.12744032331401,29.02855054874372,46.97407446297961,48.624853149402135,31.203026219596552,41.348481082000724,24.84800768704036,35.59265921631045,26.265693796169643,32.09331078901014,48.518979105096335
2026-03-06,32.71333054963072,28.71015779602869,48.14301685706708,49.29484146353291,30.82424421137447,41.033475486261445,24.47975725971336,34.82906902944476,25.97306373425158,31.799192644228242,48.25945264906345
2026-03-09,32.752636913952216,28.7588853025894,48.21279269828049,49.69438758426356,31.01444022403477,41.30297328014442,24.532382698799307,35.07976684906152,26.033447159430718,31.83743544997818,48.43649104491459
2026-03-10,32.76009035652685,28.80417957357131,48.15429991526031,49.43495353644823,30.964015581726574,41.20598602565239,24.5018592277743,35.08649867844949,26.02746674396107,31.85629998755432,48.21995041175223
2026-03-11,32.788447403228226,28.853245695769235,48.50600513242397,50.83942999737751,31.003738491476106,41.30360213974315,24.570692374590614,35.215115008326634,26.168386438517782,31.97429729623382,48.23507191136079
2026-03-12,32.21894298502745,28.367119150394306,48.67671168217804,52.13071400149541,30.534100911691443,40.35577968271311,24.566448040217605,34.85681539569716,26.525517332956035,31.832291377042647,49.5195941680961
2026-03-13,32.3381192358988,28.35222738640478,48.84074406850598,52.172561504097295,30.666116332686677,40.39426563037214,24.586996072062696,34.84921473320015,26.64195703048075,31.86001984057706,49.29322924787275
2026-03-16,32.13629223694705,28.20948132964916,48.7361484071854,51.943618761078284,30.491810273476744,40.06223744968373,24.492277161033112,34.65811359316441,26.631326410619906,31.621760845908316,48.96959165013861
2026-03-17,32.19558363992762,28.209800377190835,48.849798017769196,52.32202732618971,30.52307785364415,40.51151379213166,24.516562502349608,34.64129721575333,26.66106629926648,31.697149935600095,49.0840800367958
2026-03-18,31.50532098055906,27.681492564912695,46.875233011251396,52.13715122885543,30.067597687070585,39.038283752211136,24.479700812568144,34.50709183813033,26.079859763579428,30.816980067750677,48.180674260424524
2026-03-19,31.49437286086001,27.63372631292564,46.844674704426694,52.13116408401136,30.097313523038714,38.93478751632454,24.480368680024057,34.95663589684032,26.063667419875458,30.763105647886345,48.09713611182967
2026-03-20,31.176196045574876,27.138482353812588,46.86110050290897,52.309393162431576,30.824422196402608,38.81489616825276,24.10601464411491,34.17639670630811,25.75773569157869,30.10946201020508,45.7758972474685
2026-03-23,31.029657321958876,27.01635127604094,46.68037759339208,51.766437178914416,30.606809213254476,38.91662316412266,24.010859103797472,34.01722606978253,25.563565300164715,29.998470471906057,45.16732845600377
2026-03-24,31.90154473618692,27.198172893224086,46.789285346032,52.52414369554151,30.798254678591018,39.06316721536393,24.21522397488808,34.183221961829624,26.078330737526738,30.495914515813016,45.37186853147598
2026-03-25,31.896486148358584,27.22130939233561,46.78516561044161,53.68546131141917,31.04494491849804,38.982481864124665,24.234457902099287,34.21429522156938,26.225249354412327,30.85231939539802,45.66518047947496
2026-03-26,31.565743712697643,27.114593541435912,46.84882770291739,56.283951914914084,31.245713593840435,39.00599469762784,24.29034440328771,33.707370958730465,26.251747563220363,31.340790231433612,46.069382627747984
2026-03-27,31.40143709346867,27.064496719037823,48.09916091085012,57.89763784391556,31.244460667022977,39.04925566682232,24.32624630581743,33.4979229860832,26.70699450391936,31.496612036776355,46.2200096248255
2026-03-30,32.05267232172649,27.30738200956246,48.115152738439185,58.40958921955479,32.05034481691414,39.34953433685936,25.238052522560427,34.02021574540357,26.90750657029028,31.63408609018601,46.171769904533875
2026-03-31,30.442971453573254,26.29719825196811,48.19295175128467,61.47937332775517,30.6237238239204,37.45966371527435,24.456675740852905,32.22361088642261,26.28192922462499,30.543330528817524,46.97178484779106
2026-04-01,30.329753430397847,26.26560549666783,48.43742598961362,63.16343050252512,30.63868224216725,37.22121019341637,24.598568023435597,32.07343541681518,26.418678516958323,30.535419063051783,47.185203629483276
2026-04-02,30.525633059329788,26.85149285538464,48.70513298029484,63.17482298969656,30.7764185533211,38.041736194562326,24.742993471121363,32.23641220318624,26.57507528520395,31.056552783455892,47.46474685506284
2026-04-06,30.662754356205102,26.915661462914457,49.08405040810274,63.18503145516717,30.862398242150878,38.22199445444142,24.763402942724873,32.25008761790728,26.672719766273662,31.044664874272858,47.90349137148427
2026-04-07,30.760024527761292,27.108327189695107,50.070644008351785,63.955873570009835,30.9414491826321,38.58086573967277,24.81301814403326,32.30804537092173,26.745948640932742,31.21559690061747,48.12083760065627
2026-04-08,29.68095725449733,26.01183761225055,46.888161059545766,75.50372522793516,29.361844430873376,35.854515112680104,23.709769820471134,30.881032591234487,25.574478969632448,29.861277550919763,46.29965622275218
2026-04-09,29.761541508179874,26.10997227691314,47.469927880554366,74.3296964564524,29.450486878639932,36.23408712771874,23.795445705495975,31.08209676847674,25.8951695248121,29.920938290366255,46.596016411889245
2026-04-10,29.828966211383868,26.22719553438922,47.59459477001826,74.17591883451425,29.539854898752044,36.55870407212245,23.82610148464775,31.116217599362848,26.160872424358967,30.138336344812572,46.60582088446739
2026-04-13,29.585213707165796,26.08809074463147,48.76082502201912,73.63532815150893,29.20203821310528,36.41716462296638,23.789274156263588,30.761128817503202,26.138040420289855,30.080728257050122,48.10123297810231
2026-04-14,29.364725367912246,25.938316817621455,48.74264142804134,73.65089058839195,29.25388773000939,36.174569244710796,23.812274338637778,30.52036112493456,26.32672813532328,30.03703803184313,47.757203341110454
2026-04-15,29.586565630289304,26.161984889844803,48.80189810705314,73.77330888714107,29.560588843450148,36.44729958569626,24.25772613039938,30.624631399354836,26.615031762917607,30.147457634602127,47.82701203123263
2026-04-16,29.69676227130694,26.464220641600058,48.642224930376756,73.0581180003083,29.663546737129465,36.9185471325882,24.53967442855681,30.613388417999488,26.625150544481148,30.266681679506657,47.647948337771545
2026-04-17,30.04464490694478,26.4518416050909,48.37812178322925,73.69619819540848,29.57063034280325,36.55281601143423,24.528817180319415,30.560853607693044,26.82963544727141,30.20155481192233,48.89114504894659
2026-04-20,30.103576635463224,26.55530994024013,48.52709557296435,74.05142993693093,29.700197740855444,36.81956002827711,24.5654432865931,30.71296123015857,26.91029970967297,30.314595964551916,49.20888133099145
2026-04-21,29.829047318987932,26.468022804129415,47.96126659796996,74.71960626708068,29.659419680355388,36.29573888230654,24.378725828162636,31.094761967349683,26.802196146442935,29.88617168232067,47.9913112221234
2026-04-22,29.806994795128,26.562340002080937,47.97263120551555,74.14761802066815,29.76725161999585,36.31905443580546,24.518900971361692,31.607333383886004,26.895323705962014,30.08147602377254,48.2902877267402
2026-04-23,30.080119550958578,26.901899965286514,47.97218118192791,74.42561078978994,30.063593226189173,36.59041504875966,25.008346104765682,32.05830555341734,27.241842944772344,30.343409510770798,48.69802741430096
2026-04-24,30.390667323476446,27.52759303081846,47.748958219478936,74.10356755365954,30.261412171627956,36.7996261554761,25.222089905876054,33.81620707272528,27.446175115256814,30.43636014864483,48.83176804215759
2026-04-27,30.37129090471237,27.557792442460173,48.10460031982366,74.23002424283193,30.396162820162804,36.86728993278736,25.30769045214432,33.759330240225424,27.525882208531517,30.664964937210847,48.90538178437362
2026-04-28,30.412019176664767,27.57360166219928,48.483713144458726,74.46075701125598,30.46315787448072,36.995103945954035,25.409863755539618,33.69838341361157,27.636653295487157,31.091273842284846,49.06125826273184
2026-04-29,30.378709202058513,27.547966391512446,48.46312651175855,75.49479546859801,30.639678711933584,36.86571321415987,25.38950250464064,33.81886425216352,27.643110189365178,31.031941884358687,49.00377138159801
2026-04-30,29.835668363549892,27.21685670416224,45.93094377519819,73.67074347708697,30.660629416359935,35.311133881001645,24.857461613920236,34.201607618926495,27.422436533110773,30.036741606606427,46.01664255364674
2026-05-01,30.207287809964733,27.299595969088948,45.942764944353044,72.03319339342731,30.69394064814209,35.321644093795726,25.029951783000897,34.42151942162943,27.46518370517564,30.077940435383056,45.92697309406453
2026-05-04,30.07558928381687,27.216768601670026,45.5920176041542,72.26548854969657,30.60645394487252,35.32072599015517,24.910412848923837,34.54750108686711,27.33537027692259,29.939603301051083,45.710039924168534
2026-05-05,30.574375774054293,27.283783384877268,45.39324751430355,72.56044560332887,30.757259412035232,35.23806831456388,24.93654757950178,34.68301131849301,27.488269903155903,29.96715681748028,45.861017056771345
2026-05-06,30.112251717385487,26.95370809069525,45.60874220783251,73.02152723908605,30.719359661394513,35.34435454856465,24.898648250095057,33.94230621618564,27.424244304116392,29.98528705353826,48.836641924923896
2026-05-07,30.276244892680452,27.042644304850867,45.62417897727079,70.76315153172244,30.71140593351693,35.32255308862463,24.913496575517666,33.98468848610746,27.31900774799628,29.887224852790688,48.1672221525607
2026-05-08,30.541448129409627,27.19033175969009,45.827201860769975,71.80124720363162,30.90898459644995,35.538577684361016,25.053228974887443,35.09375403772519,27.473393766876132,29.993884794944453,48.356012726363694
2026-05-11,31.348735109532132,27.360191405135403,46.75410512051895,71.97507492645276,31.04380952275899,35.69613508874551,25.24507300950432,35.171454002046445,27.727741361966423,30.1124324545679,48.43983402820603
2026-05-12,31.38463196984178,27.472661588245,46.68827612988664,72.17573400099346,31.073734288477368,36.257387806136705,25.360717731014564,35.358613667885585,27.873849538172795,30.245837408439534,48.57990899397313
2026-05-13,31.817243895149495,27.51997174502608,46.93816271446586,72.20971677788935,31.140760703414898,36.719037743091036,25.413241107879152,35.516307817248496,27.888327810486302,30.2428981807824,48.513881134994044
2026-05-14,31.89258238972498,27.590386973757113,47.07895924584878,72.23781431430696,31.342802165747667,36.7975597102179,25.480522258579626,35.63255690838981,28.19583591011725,30.506887604441268,48.624435724248585
2026-05-15,31.297772026472742,26.961475217489784,46.654229638700436,72.47919742387529,31.39053880435708,36.04225611900848,24.858884833116317,34.698799004234445,27.39620843587221,29.51364144699268,46.308246536979944
2026-05-18,31.418831877091268,27.14414144554534,45.90217828889191,71.34711426606641,31.612733664295455,36.02143531999303,25.249532425225357,35.22209929898972,27.63510105955303,29.910819944175852,46.46060874566062
2026-05-19,31.2242671818721,27.102995406884457,46.282718935091424,71.58030598514493,31.47935904053196,37.53121293976508,25.32292292044359,34.98924024872329,27.983279321303723,30.46661784227626,47.535323675068035
2026-05-20,31.339736843907716,27.080837310786865,47.17127765659034,72.65917007021575,31.226717233225916,37.70296181495093,25.21831691937557,34.72987758613038,27.839432116656987,30.236917991466818,47.1382764239638
2026-05-21,31.35627144763428,26.931234919326652,47.555239090099214,71.93397832689918,31.192374361660335,37.71330031891221,25.18127886001177,34.545247254092395,27.773133657709824,30.192984701073165,47.55467324245013
2026-05-22,31.83865451647236,26.94206917932023,47.463645376830456,72.27749516956891,31.208213715553747,37.645171144153885,25.19020559230612,34.54918570911961,27.75510931354116,30.223599874034335,47.441281921410976
2026-05-26,31.933147329403678,27.0401728121406,47.94458306740378,71.4483491690436,31.44085232588697,38.22563981015335,25.38307238945892,34.61516686740092,27.940787612716367,30.355728708425193,47.55673364868805
2026-05-27,32.01312667109863,27.41945454498688,48.77180509175108,71.38973865107697,32.045926720174656,38.32002168522236,25.45439130803323,34.81560459653216,28.02077762401546,30.573033758705588,47.778697819583584
2026-05-28,32.0802024677178,27.43014263954389,48.98304803030479,71.40151664268227,32.12468400419967,39.15869777271633,25.584103809777186,34.80639149621914,28.09817943438932,30.765599438303592,48.4271861246924
2026-05-29,32.21308457836216,27.561128977256345,48.293274144633465,71.1828954340615,32.6582961300534,39.01361053858802,25.638632093470658,35.71201086920382,28.144613906069495,30.65529319024324,48.308102833988734
2026-06-01,32.36200937109561,27.71243427889285,47.37023181958622,70.73737081571144,32.75372418324978,38.56719774341207,25.785698846379923,37.9507393786506,28.324833687870555,30.393475756749883,47.47816050232509
2026-06-02,34.113991617218716,27.911946520961145,47.97691275595001,70.49627242730607,33.05745367160091,39.013307719714035,26.038946304216804,38.41315698210334,28.783253643970035,30.703798338668207,48.1135562689055
2026-06-03,34.372189936793916,28.002115080731542,48.13727575273149,70.66478689379798,33.36722912243972,39.59878594970947,26.143201559165778,38.41657760412581,28.858903484041203,30.79900544742747,48.34979212980405
2026-06-04,34.10147534771798,28.080684611049122,49.11352447330989,69.39710507417956,33.155691514697196,38.92106085972451,26.117655928277955,40.191704981347144,29.47498921468409,30.459975620357195,48.154248254854224
2026-06-05,34.10027375801782,28.639424411873232,50.428770188025815,68.37770478098938,34.02972342003297,39.46196605470876,26.5539356500946,40.401604046884536,29.766233753900384,31.312560153912035,49.63743848877959
2026-06-08,34.08101380475691,28.731833271678305,50.03995833312794,67.99427690207764,33.99848572902493,39.30560401746641,26.669845958529738,41.34047959505713,29.740893285927616,31.29714394665571,48.898690452687575
2026-06-09,34.05583027608704,28.69279930128404,48.54117503149667,68.9998319308968,33.770432241752054,38.52556684038589,26.616089586179083,43.00738056617193,29.509392419133007,30.876722857788724,48.27018873832943
2026-06-10,34.319935731748245,28.61600683500595,51.294854339421235,69.14238573648768,34.33734423752284,38.61660037995293,27.007015999594657,41.98074254786269,29.554056955377195,31.50338676983927,49.121891353210714
2026-06-11,34.10397577350006,28.353103201292544,52.02681575059375,70.80787765203567,34.10066300814022,38.50460016282868,26.96741991312929,41.12115789902921,29.59265299475049,32.439175871086704,50.04316561691977
2026-06-12,34.578892321132926,28.357057588413664,52.09142617005112,72.62309227880883,34.14404079315236,38.8393213808848,26.826811343611723,41.1896999504873,29.50377260386876,32.30395356421449,49.77929130494076
2026-06-15,34.597785687004794,28.330608616084746,52.08786002562063,70.6568880647158,34.17392703914092,39.26728742945137,26.862019675524827,40.937247270251845,29.605937442469006,32.84860792016236,49.95320179989565
2026-06-16,34.801158039610755,28.549044702986826,51.949238728063015,70.74615996528337,34.76576395321287,39.22408515664274,27.034169615760057,42.534852464324544,29.749874589958925,32.84708407739513,49.81377246008864
2026-06-17,34.211779095624465,28.26608960996508,49.19478113442156,70.0962822572783,34.88183261092629,38.0117492731571,27.78190983626302,43.27669721464626,29.509424139536648,31.67069106075881,48.775811679088804
2026-06-18,34.37886015608631,28.709294537758183,49.345511619167745,73.30951614472461,36.14251248087702,38.50055891712195,27.985834638236952,43.5439989392287,30.07861618990932,31.838808185321238,49.125330970993566
2026-06-22,35.79288768680469,29.214779293764252,49.82133030045936,73.13370783848707,36.59954661645617,39.20663733056332,28.32496000729065,43.82074326427884,30.286671806406012,32.309124924483726,49.26181329919056
2026-06-23,36.28466010378757,29.554617324533588,48.83498354940865,72.57810872335743,36.93391429224403,39.43981137138174,29.198850956905098,43.838069961510776,30.890936721631725,32.51380936595798,49.17020993543
2026-06-24,36.74307892158684,29.653420567093086,48.6441046866171,72.63097677431062,37.018555374909404,39.391257353766754,29.305146701041966,44.283954173324325,30.960768318027686,32.67745698049349,49.122275754444175
2026-06-25,37.195847213445376,30.38206712278321,49.126392834856055,73.07185911234951,37.53799219471732,39.82191862263091,29.91256908743951,44.48534553205565,31.157908853237963,32.8326422581149,49.092271610394924
2026-06-26,37.30121710312419,30.669710003567435,48.99030645758399,72.5920385130843,37.88453833154813,40.76658041442079,30.934762008973216,44.770244201422564,31.549702185524488,32.851638318088604,49.03425275164722
2026-06-29,37.688983900635634,30.98729905311009,49.06377851385315,73.66014177721752,38.14138943944465,40.94715040338626,31.303726854329376,44.80120439878992,32.81979870339883,33.125032328441485,49.12762621946929
2026-06-30,37.86439981411665,31.1924225139091,48.112124888333156,73.0150044815211,38.3401943303706,40.75529481041229,31.91925325313017,44.725807483253874,33.12395946296709,33.37196369831122,48.71891487901877
2026-07-01,38.62077023365321,31.552071631484147,48.21028940292273,73.7538732281003,38.647338948887025,40.84964137539632,32.72452831516415,46.344237690373426,33.35878051638675,33.569451085194544,49.84110234794318
2026-07-02,39.63279823294195,32.91371728445611,46.2639503551656,73.05138449190719,38.635887325754986,40.022312279187915,33.365639302453985,46.978967126865776,33.68592437141367,33.16718662773404,48.147938055065644
2026-07-06,39.96515527688379,33.00030057977478,46.07660525267009,74.21467706412318,39.32378271929313,40.335622557998626,33.58213223823975,46.7948611145383,33.8585276893507,33.27078919545822,48.05809166868119
2026-07-07,40.34559803629427,33.2049068205859,45.73003500958882,73.12943668044265,39.65941938089224,40.61154428582901,34.19573315523995,46.443681154228194,34.36051897574638,33.50577643283901,48.09728825847866
2026-07-08,39.200055934329114,32.538281700573734,45.20787748837228,72.73006948762439,38.160208441489665,39.43151926936407,33.49545175993639,47.4940897947333,33.23942258263953,32.60954611694668,47.44674627803246
2026-07-09,39.143830047578945,32.59578759047525,45.71176722830712,74.00648510848703,38.20000536393618,39.59634291049075,33.64851600181352,47.05812004872869,33.43563622478962,32.77195317751377,47.52829229444698
2026-07-10,39.00416324118929,32.5927414791034,45.740383664335496,74.34074925294422,38.19088533147212,40.461943027792145,33.6399316379998,47.18872384808461,33.403862606805475,32.73949696607977,47.45802593475405
2026-07-13,39.1842556615852,32.62330638943982,45.710881172278775,74.02725616875021,38.699830769376774,40.54688472724269,33.6856686466624,46.812354251176586,33.505110129614415,32.83605470794687,47.51493562165396
2026-07-14,39.286626088619194,32.68039264136231,45.813136958218415,74.0742718944989,38.92568111105159,41.06877495394469,33.751947526740636,46.752736064618325,33.74863802816812,32.950493346970205,47.650754580967025
2026-07-15,39.55953415518474,32.83440745701428,45.90665808110558,74.29451232957233,38.98707818484845,41.19481036186588,33.86996922217887,47.18842432334403,33.91828902979865,33.06637224950673,48.06476776740267
2026-07-16,40.35564624823303,33.00096480341666,44.70474404084795,73.85336054808181,39.05580090443011,40.68060342537072,34.104710411711636,47.122959717792945,33.9422773853978,32.97621509507385,48.13772134649035
2026-07-17,39.71272051916316,32.77598047411165,44.726632282465836,74.27590557219307,38.83114201595647,40.58740138158175,34.0110213050965,46.9505660176805,33.786376021846074,33.17231736302744,48.06124811863931
2026-07-20,39.86285177973687,32.75921578292015,44.64332200028684,74.14635076142301,38.80738931990071,40.56316634670092,33.99730424214506,47.003827559227226,33.73482350968376,33.12331927734908,47.94393638981563
2026-07-21,40.17478238915082,32.8514753084053,44.81366669331173,74.13806301535732,38.83455800325585,40.834975568108156,34.067071381394136,47.27954414473383,33.779340918943504,33.169245629250575,47.99390124213631
2026-07-22,40.424224340431266,32.96836420758509,44.95703227357378,74.02849361769461,38.999899800557216,41.16101959668884,34.23793588544547,47.35522299931086,34.22948979831566,33.67498273190737,48.71270899188349
2026-07-23,40.81687842945511,33.887936943610434,45.140184221962585,75.2781450874393,39.554526313783676,43.00578310308918,36.54480409373513,47.9478971127687,34.369703358305074,34.067592503729166,49.12167405936517
2026-07-24,40.320490331346576,33.913989680994746,44.50298811650121,74.8241743708209,39.14639935169312,42.62215333340933,36.20421773831527,48.33975414885393,34.0610361351381,33.31657824392031,48.99709427387474
2026-07-27,40.21764966595666,33.779179219939664,44.79056534416779,73.44672630081756,39.17787566197074,42.72585113237635,36.21210524142549,48.74165170139674,34.1132702873536,33.70570576705853,50.05906990707819
2026-07-28,39.839034992271046,33.75350727918511,43.83196534852169,73.37204798233986,38.83853279001894,41.98804207719776,37.23429288951242,49.8034747033338,34.02445700819959,33.592025661767025,50.80537982709642
2026-07-29,39.90072878774177,33.619564112819255,44.147662368370206,72.96263317022907,37.9903226366481,41.71151430961345,36.33839934764666,48.810926494073364,33.69126690851873,34.24470325318879,50.13519979841653
2026-07-30,41.5586617052857,34.35102745498732,42.94216950699495,72.95933686287445,38.94463767709575,41.294890581815025,36.87620181506874,48.58297782681472,34.04061594985486,34.09928415991267,49.98352836928079
2026-07-31,42.16306008700524,36.829433284180595,43.27552551125299,73.74554343521056,39.68910305703736,41.575581291168795,37.59890029138442,49.36143137565853,36.58008554402477,34.42906750663609,50.21797983434144
2026-08-03,41.39784397540369,36.11200577095209,43.470918127422316,72.69178355015326,39.35964283116057,42.04322078481416,36.750543803594155,48.89814867929812,36.11117609437924,34.41636926327703,50.12281467651077
2026-08-04,41.34756324613879,36.448334318953734,43.71183042350443,72.8814100798148,39.310512144017174,42.376681791584595,36.67404343922459,48.998569444516605,36.05710736739979,34.63067812270994,50.46870136857022
2026-08-05,41.70731507968335,36.54122249659608,43.874996558089826,72.50618719979208,39.38788429126326,43.14687746425528,36.758511236845614,48.96727985853728,36.268210158746236,34.77136116605883,50.78804065438565
2026-08-06,41.86764583937253,36.52757883883177,43.89443880601934,72.67894960815165,39.36837443248716,43.244864674526546,36.70767881024097,49.02954145030357,36.22303285750036,34.75965388556199,50.6576571437421
2026-08-07,42.029269973973214,36.57899097775387,43.944879436874174,72.99390333423503,39.849069910847405,43.2636362888482,36.896500171487496,49.00849428977477,36.26083702847606,34.78285644019075,50.6238678330143
2026-08-10,42.309466285790535,36.77235954412767,44.201868410402724,76.43044177189331,40.073825840064885,44.1838381615452,37.07414842362656,49.10940612002474,36.531171939969184,35.504161885793934,51.10885671477663
2026-08-11,42.233486829283315,36.788729748688084,44.183015426211234,76.39026982471363,40.047826158947466,44.13173455442168,37.156814214939935,49.1548998412833,36.53600338553329,35.51678628194242,51.39372635300423
2026-08-12,42.43741196097243,36.92651869408226,44.51431520914173,76.52628778901783,40.16209420029805,44.24515994386787,37.28315788267663,49.91757978802182,36.99949611828991,35.83292803902046,51.44918485432433
2026-08-13,42.63508522546688,37.18308759785306,44.28211997121143,76.33985455339804,40.11944170468518,44.357453570636004,37.4956419244082,50.072919624023925,37.39795803019085,35.60982055891372,51.33284819360748
2026-08-14,42.798335333181384,37.213833719400874,44.415177467545426,77.19455902874111,40.13841290687766,44.519577423756154,37.5792590112557,50.245582479265714,37.49655292490369,35.647792711098944,51.5142094887937
2026-08-17,42.08923636183642,36.97619465446117,43.91805301153159,76.96427081321009,39.63294573760223,44.45813085763977,37.63430315753481,50.48683152207612,37.319098340160565,35.28608633880728,51.40841467220938
2026-08-18,42.23277546927845,37.07329745604282,44.38730307571308,76.27832810668168,39.845037148758486,45.18332986720525,37.74705907422672,50.02085803656604,37.454852531102674,35.6757379548268,51.804774995368575
2026-08-19,42.16699370816084,37.23627570093173,43.83324662460837,76.58262271207747,40.84765280842697,45.375718169129506,38.97367652961264,50.27039053370576,37.6312820367567,35.574618566697474,52.56069420833228
2026-08-20,42.15204596800884,37.0116668539375,43.86120649246742,76.54306112095624,40.406968626210784,45.38119020000334,38.620877299166054,50.430831492597406,37.69559937249154,36.79012224843826,52.43281985527864
2026-08-21,42.022890628022324,36.859901519348945,44.11687641163351,76.28463399399664,40.23997177661421,45.39725389578108,38.79122098266048,50.49704442619121,38.21304275419025,37.23965924292153,56.01371970683579
2026-08-24,41.938909184035225,36.95722482117316,43.7881842904175,76.23777047011552,40.42953638668041,45.813264980195015,39.099724937558896,50.54678776299591,38.546993400411694,37.15541786589,55.85453058369227
2026-08-25,42.27739315489239,37.09713971424246,44.36358053461268,75.82470173714411,40.54768637617292,45.95243061809915,39.29888774613495,50.61031684111564,38.58889150452621,37.279504604756056,56.02684707569681
2026-08-26,42.23880580907988,37.143885593665345,44.334629401122825,75.82308286463147,40.58681820594162,45.972749890664765,39.766172474164655,50.69037055396437,38.72628216566303,37.32301711999716,56.542026578411765
2026-08-27,41.83452269643255,37.07080784821017,43.22023481317665,75.90644857875941,40.23019196995165,44.97661583574343,39.86804974889129,51.85084844267455,38.44704048289241,36.6711206788977,55.7561980476152
2026-08-28,42.232758447174504,37.406486201759186,43.42544284592955,76.02071121585546,40.42994608367808,45.10994518845918,40.13097759927021,52.258043136351205,38.59372378097323,36.890760146658174,55.964319291374345
2026-08-31,41.76842648968123,37.30773521822809,43.17011144263021,75.47459109501678,40.05899643000885,44.83946617577903,39.67972212987742,52.483700127572675,38.199345965384275,36.6280122688636,55.343756834282345
