,Communication Services,Consumer Discretionary,Consumer Staples,Energy,Financials,Health Care,Industrials,Information Technology,Materials,Real Estate,Utilities
2018-10-01,67.02610485183065,78.11072546569133,41.01575669751138,33.433760172868574,46.987809964174396,70.35155456433773,69.08481476289916,72.65174400244469,86.82360407025533,39.35594575170914,43.732758209925436
2018-10-02,66.63725150492449,75.78779960171005,41.754198448093796,32.54007053660949,47.46741534731344,70.47230066987542,68.85579274387176,72.50062946202041,86.51610679825534,37.98366799480677,43.81819626895931
2018-10-03,66.50156026634112,74.79581011962759,42.65689901877183,32.486650619036446,48.20688882808506,69.95895835139822,67.86582918703125,72.14780317459304,85.62318530758708,39.4089237566489,46.59876101723046
2018-10-04,66.97759529688804,75.85752756884177,41.28058077647771,33.47559645675309,43.45941596816415,71.48335985756566,67.81402729090954,72.90371468628055,85.51804745330107,40.32712671869844,45.05203067217619
2018-10-05,68.14823578024442,76.32757738158934,40.36907805138131,32.80476223843679,43.66646795903509,71.5635782982083,68.05545526309474,74.22450031449262,85.76396279443446,39.668597858646976,44.37027399290368
2018-10-08,69.0277922711985,76.39541650486626,40.83844654446084,32.950667600320386,41.10934875193304,71.04418775137226,68.36521955116109,73.52835082520029,85.46058503610351,40.33368188826256,44.05395788559006
2018-10-09,68.79373571861612,77.21989004434568,41.47656555800362,28.545232168188615,40.4582022176812,71.58867794731681,70.00730329473521,72.32971732215998,78.34886670080267,40.11871234041433,44.45444922988121
2018-10-10,72.67846456432315,85.85718139537012,44.74026419133439,36.21207134047248,45.462255389205865,85.74861555132503,80.3023011926454,82.34926241195531,82.10721203725917,46.67011023770305,34.13284514950258
2018-10-11,73.70571432111875,89.57116958042215,57.273762315433714,36.61537374936095,53.48480934040642,97.11250641533778,87.25811789194651,81.8480880521518,72.29163235386254,57.8369107145143,29.163482038406876
2018-10-12,72.06842571501349,89.68835125897903,58.32753734191657,37.49009296038864,51.01022722709031,96.81651984160861,87.72705220863263,82.65359375927217,72.08835811788175,58.817696714560704,30.156629571319613
2018-10-15,71.12227402369419,89.6794300022797,57.52260208650133,38.382239646514456,52.19418605955079,95.99414864726006,87.61396408550351,81.9636652942793,72.0615549659347,57.884004249285695,30.374868633120975
2018-10-16,72.59901905934453,90.52380645836773,59.5279127851378,37.54675872095463,53.888526269356824,98.81275245280537,89.56666811938416,82.9876660676911,74.52259325904063,60.92130395260941,28.94487787781824
2018-10-17,70.81655847836927,90.68626195865126,59.141293692121174,38.29220696796644,52.59787047899989,98.17485534925257,88.79019083608588,82.93226251144743,75.07086546396171,60.94570385682606,29.01105104131584
2018-10-18,72.07011737751404,91.5633704896829,58.63017004941551,36.70324066438782,54.609754929354224,98.9868950885334,90.02742214546312,83.59177213413835,75.83209071775674,61.059045262253946,28.71550873144396
2018-10-19,72.46253009996735,89.74470353729023,57.14016563234448,36.991539967985226,52.53906498764569,95.38988537281617,89.55374224903208,83.58801559164658,75.45659825310618,61.96445664601971,30.890610352787398
2018-10-22,72.51416083475341,86.63293125775665,56.328835180763036,38.21995904202762,50.77042333346975,97.74430538296362,90.14690449406538,80.53952536936687,75.93336946955264,62.90108524723803,31.056947153447695
2018-10-23,72.35273409784978,86.14342834987934,55.495175885902,39.32304982986063,51.543532024187,98.01987595096777,89.95976584629665,80.5943223086895,76.11403558068211,60.47889539081983,31.61145731760407
2018-10-24,79.09070834466121,90.18484206287647,52.1515225061098,45.31354257612311,53.44438136817817,97.69030138967324,91.56087252792955,85.17989292718228,79.34713682518246,50.423265628684405,32.89949103161975
2018-10-25,80.97640780172807,92.39409391312157,49.93215111414878,47.88318761772309,59.11495047034954,97.53964986367328,88.80074653257554,86.5825381206074,78.32046115420239,48.371858480331625,31.268788729155595
2018-10-26,81.71386007499251,91.57981743872865,54.46028285580694,47.90581770569296,58.704267106835346,98.75068198580982,87.80882206425794,86.71670357456165,75.61347879323439,53.48707782008012,30.475625091974717
2018-10-29,81.99200866864714,91.7090101272935,54.187922882327726,48.6958964661277,56.26897585174493,97.16992741010246,85.78451057283618,86.33901957177073,75.82116121677375,52.4350867583658,32.54932919641696
2018-10-30,83.25338859589931,91.88763884666453,55.750832455361554,50.93009613588406,57.95990848277018,95.85711808632901,86.6404553305199,85.32997397841194,77.32133780316303,53.714914050830004,31.08237052805923
2018-10-31,83.73128080659791,92.10171382000968,54.8645461894352,50.528244853452776,58.079328931723225,93.8485640926864,86.75909707085353,85.85159698015276,77.50307233885526,52.64149531314253,32.826991675871675
2018-11-01,83.20719789805638,92.60806658361967,54.90295006110148,50.09098433899444,57.79460521796977,94.41088879298222,87.6195309125404,85.97090637158026,78.4247423245785,52.57486205140022,32.07673043796895
2018-11-02,83.52194010932169,91.48726071393426,55.284051966275015,50.28228360432156,58.291880724477345,94.94502429137572,88.03971365170557,85.80346597831253,78.27975298845475,52.91987046264494,31.67578781416664
2018-11-05,81.95385236727849,90.93858525394512,56.35705728311821,50.53906832723556,58.359714762599175,95.37664637609177,88.62960511452562,85.2766971925177,78.09070736178134,53.81795526068869,31.698903337966026
2018-11-06,82.10919359161467,91.02028575202851,56.888461528242836,49.41059820683161,58.54371230971365,95.45757153359692,88.79755131902523,85.40993392457972,78.39621639578202,54.22910669740006,31.642389857966087
2018-11-07,81.68124246841023,91.55428840350909,57.02214818251422,49.70015088334194,58.17592008575253,96.30859607552617,88.75051329917137,85.89659045585697,79.32647058525572,56.05228295486388,30.99589149751518
2018-11-08,82.06139900910946,91.01803220491016,57.122997497810914,48.29468918286885,58.13533445969049,96.39279797166009,89.01814732703966,84.50412055856584,79.51112439686457,55.6307196532688,30.948895905478103
2018-11-09,82.41345236698422,91.25524507852712,56.6423951738401,47.21150267719669,58.72719317698502,96.07523434176963,89.33302476827242,84.77942713280424,80.1577365692319,55.664946551981245,30.94197936560508
2018-11-12,82.02954785684163,91.72515330366909,57.23033277279167,48.14168859716835,60.163517384360944,96.18244252776346,90.18265482967742,85.17372503517055,80.40745360800412,54.80823867777284,30.42043173982932
2018-11-13,82.37535419640612,92.20783720709116,57.178030316036896,47.18116223894457,58.987280295157596,96.07361622342667,88.45001673811055,85.53328521459805,80.37191657635927,54.97655631035482,30.436288159662027
2018-11-14,79.97674059210921,92.4783296636224,58.27124939823759,47.56478278693155,59.54815167896929,96.87089606269808,88.14448242325071,85.79204313896173,80.50318901660334,54.27837538915525,30.300209732734572
2018-11-15,79.72331844284425,89.92066740404519,57.87061693696925,48.660024191355284,60.04985282503488,96.99399665136785,88.46037291650848,86.41487592908311,80.83268327005273,53.47501806188545,30.410968595296453
2018-11-16,79.61126705499412,89.70617865039455,56.8503161262511,48.50526759297078,60.39833009120294,97.25633607202467,87.9107415837853,86.23724587009077,80.91134579264566,53.83821124539516,30.67939109255751
2018-11-19,80.55496000951783,90.25464475539341,56.71755543965701,47.19584136714912,59.4538082363384,97.59429700666742,88.68893521191576,86.35895013237044,81.70358399307482,52.26059170113345,30.777177418181545
2018-11-20,79.78735993472971,91.20841935578974,59.53813313273346,49.5797766706294,61.53400928827241,95.40819678440833,89.80932131563884,86.66079033520218,83.15276710090468,54.01270976456779,29.428891366523047
2018-11-21,80.15095117851693,91.32482987287878,59.02460661455307,49.531072319736396,61.78796056385352,93.97584833843729,89.75369964790647,86.80477973271671,82.83770285028042,53.4432580321611,29.987493463373283
2018-11-23,80.4370041983844,91.23864753855325,58.3418096165959,49.12336915050797,62.03723598838921,93.34788028612871,89.01916212887954,87.12085042578082,82.94736500852555,53.42504287539512,30.445690246220515
2018-11-26,80.72565661611438,91.39635830112677,58.001824703266465,49.926008824557044,62.73517274700344,93.193716588109,88.53371876014863,87.39216195727165,82.81457933983117,52.5061756735821,30.60696681143604
2018-11-27,80.57810135137073,91.43782426787324,58.154439037348,49.91000998272825,62.76218482959498,93.12584348211578,88.4618671541702,87.45571138472148,80.74043718309659,52.66238324468536,30.870515440117508
2018-11-28,80.44671594496222,92.53898532278681,58.618410537559356,50.85100462951701,64.89648370326904,94.26556373266214,89.61721309581574,88.62176127726786,80.75994659571008,52.16599896046567,30.117432677287074
2018-11-29,79.91877978261813,92.52884293875591,58.73908168931992,50.682125279360065,64.29130777451904,94.3438151599718,89.58203054774603,88.76388894933704,80.56154742735407,52.14132450237669,30.137946019790753
2018-11-30,79.00039943908499,92.71975548949673,59.40607332556152,50.53524169497102,63.63512540483909,93.85117128224408,90.00967974547528,88.76524733685176,80.83431990959653,52.920003456032994,30.620293398289597
2018-12-03,78.95597044665989,92.91604540527067,59.36521200341732,51.371441400705784,63.47486196698999,90.72245003989374,90.59893139422266,88.46798664502651,81.43205850650327,53.1602482889964,30.281123703991646
2018-12-04,78.53099665410612,94.25757673576058,61.7023471692237,53.9619829802702,69.16941342426726,92.27047252917345,92.91261832152354,88.48274327041142,82.47918818368566,52.00467111195097,27.398320564711682
2018-12-06,78.58540039103386,94.78523795485454,60.84605928404642,54.49554251425827,68.64816142244595,91.97907292900452,93.81751705097804,88.86114575982121,82.7046499595031,48.8763296212663,27.423544441093227
2018-12-07,79.10101394838192,96.12824485804944,61.760348178577196,50.74739545309816,69.6089242212777,93.4078640333653,95.16991018876834,90.19980755022897,83.83794595515452,49.51629459896486,25.076989611411157
2018-12-10,79.19223978039308,96.18511784300298,62.0465664871817,50.37037923016957,68.64058926152236,93.46575587858435,95.12170760897142,89.98649994546604,83.48699222844806,49.13107650875162,25.118692521998668
2018-12-11,79.25172862126097,96.29093370550342,61.11943687049831,50.392008407092675,67.97238128441568,93.37813031182813,95.04637260981076,90.184335701732,83.52079618620193,49.16087461114136,25.334483664488815
2018-12-12,79.50708539714991,96.27133768917184,60.949135458986326,50.67118072285007,68.0145411558586,92.97060245952666,94.86036258416208,90.20763486359152,83.15088740174164,46.69959532531501,26.314874998167458
2018-12-13,79.61211386119506,96.35433441547634,60.612811504123556,50.35061732416069,68.08901953188985,93.01543648006137,94.9493413842944,89.97608935167077,82.78692093955112,46.571419404348404,26.614692376629478
2018-12-14,79.2498848410915,96.90646015383017,61.84355314071952,51.535727427873496,67.81244596149865,91.40116157467679,95.17051896520225,90.67007135779744,82.06895849700142,45.7262296225691,26.463980160082432
2018-12-17,79.76796502389176,97.54064920734524,66.37300409798813,51.543809640392276,65.6422239711796,94.70121924788585,94.72597243009379,91.53533075553841,82.80989493520697,50.60872440619256,27.170867563174568
2018-12-18,80.15853250045383,97.6509026206976,65.40303031987074,50.78472272682958,65.73665799759445,94.94628710833497,94.43667454691409,91.90270167937543,83.09412972336709,49.34858745888066,27.109333627557973
2018-12-19,80.71860125953295,97.81238249785227,65.79421569843073,51.24772903348055,66.42997302064713,95.15923098132349,94.70405297679913,92.053023317938,83.3711230106334,48.84295243169026,26.633539512443072
2018-12-20,81.43933568920515,98.43272026461817,67.01337713461788,52.50738481236462,65.53844554690156,95.53333809535067,95.13243200656447,92.23733189731497,83.49326278806696,49.67485627828454,25.284525688908353
2018-12-21,82.44841642943759,98.76142878299507,68.05073681682218,51.685081006476764,67.01323537113176,95.59756212386549,95.5996606018799,92.88369229975456,82.99295231822457,51.07331927375083,24.281932774873965
2018-12-24,82.09091897137635,97.62564987272039,72.88350967245552,54.628837179140554,68.04829150981729,97.41093411148549,97.05830412065323,92.92659834981121,83.7828836513328,57.158952796209746,27.08839805882762
2018-12-26,83.9554101374657,98.17600760570285,74.9853825661186,64.91284136496657,73.44251245600526,98.33128712609783,97.52773403150027,92.08333063040732,86.16930534409188,59.84202003805734,26.22166351303516
2018-12-27,84.41114894249992,98.42566859236388,75.10757099117018,63.87671646514867,74.00990827376539,98.51795115751557,97.69487281671947,92.40593471711274,86.2122513319224,59.61914447434008,26.00546313687252
2018-12-28,84.40329095761135,98.36114894077275,75.14805654213396,63.91922188774742,74.00689315727051,98.51954492476348,97.69705397931911,92.39984729004675,86.14136842882867,59.48249521087767,26.042523221253802
2018-12-31,84.08958765676262,98.47504441923664,75.2113772381254,63.882967815638644,74.24934666099604,98.37918924138782,97.80170923386093,92.50732346780404,86.26157339199048,59.32361146666695,26.025165584118476
2019-01-02,82.85748963220749,98.3261805079908,75.40590473471713,62.68212577056237,74.00231269467966,96.78061321402049,97.70312139032025,92.64193266599023,86.36252292949537,58.7343355577724,27.170460371853366
2019-01-03,83.03125037331633,98.55976880300727,75.77714341439129,60.6767857907506,75.16479709859247,97.51749670353333,98.05792149757991,91.37897183950459,87.17637836762172,56.13769021451657,27.402785725384874
2019-01-04,83.73091088505967,97.96263221961445,78.70608967666396,64.2515100837908,76.65159454039248,97.76655104939753,98.15283132653022,90.38905220263096,88.72626250082313,55.4971801892503,28.56978208531836
2019-01-07,83.56679085875794,96.1837032814744,78.66690783394006,64.13235717974887,76.04052946935751,97.5484676485564,98.17421043218782,90.46068400490043,88.68585670652678,55.68399777122453,28.077497235649247
2019-01-08,83.98377611905856,96.41256703553411,78.64225591631062,64.37975184355406,75.33942672652816,97.34495787187105,98.53267126266441,90.46132585345171,89.00832975654342,56.33986080720057,28.504100551400143
2019-01-09,83.96850952944376,96.40559640374164,77.94220458223701,63.982240728055004,75.38931349665623,97.34450217628036,98.51479449604768,90.36411631310023,89.04687927273977,56.46509511310318,28.625340705300502
2019-01-10,84.17834875886811,96.04802819296096,77.82585317063906,64.15275994004877,75.47707133160935,97.05953461736893,98.63648358624064,90.59347182259299,89.2569196240882,56.86815537118391,29.00379273551971
2019-01-11,84.20850788963813,96.070584099048,77.5503340926101,63.943471384798706,75.54271299233517,97.0911480263629,98.66470262871383,90.58594977567185,89.2151074435387,56.82151838143578,28.773042529792413
2019-01-14,84.31566966720312,96.2916840559763,77.55389387858867,64.05773155269931,74.49906715934848,97.27897381261349,98.5022091255652,90.80837099113421,89.51543185322252,56.436141435097326,28.533206869100233
2019-01-15,84.66882886322352,96.73529441931234,77.99162987469622,64.2867632537327,74.76379219294493,97.55701066346182,97.30745192669599,91.2782811773345,87.06250558666108,56.90776161747735,28.796602407753113
2019-01-16,84.74883588844878,96.99253413863771,77.40609930106712,64.35631586652991,71.95104300052547,97.77081322168809,97.56138501377455,91.46594001712907,87.33738715329159,57.119861792935055,28.94739862678921
2019-01-17,84.83534066175201,97.0731979549645,77.31077116888315,64.35743111155612,72.06893294488377,97.81250346350511,97.49631289793858,91.52132453309352,87.52911339788238,57.276319534163754,29.016715954604386
2019-01-18,84.72073040245796,97.06100992646842,77.71793945276922,64.84890696773468,72.49706841133855,97.76598577729749,97.66791948765734,91.4957957928684,87.84784081419565,57.217870313891474,28.711216731989822
2019-01-22,85.02401717859604,97.05259744671456,78.09962925914311,65.5505555212133,72.72517769870025,97.50144440486905,97.70345099480811,91.35538894859059,87.9559959832534,56.96767493204936,28.561771666877508
2019-01-23,84.9768878979916,97.1331201287593,77.57338099800567,65.03653275898847,72.75148487318188,97.60781542816957,97.78389071769348,91.40693970503143,87.52096600290439,56.90605288753228,28.61373468155004
2019-01-24,85.12966003738853,97.32805979578252,76.01572468796425,65.10706054647291,72.80980620183075,97.33806938842525,97.52718790403388,91.3340078553781,87.66204175253078,57.06524354893043,28.613671718518873
2019-01-25,85.56656102147767,97.5444865951426,75.3339201321994,65.47279458174788,73.36089472124314,96.49804376582091,97.64210560338421,91.53023520138613,87.91016667795677,57.02388493097877,26.879885988251466
2019-01-28,85.69308175815804,97.62117346134814,75.31199366947453,65.63707583609772,73.519399331121,95.72227368918857,97.67038919525378,91.61856723104931,87.98033724654712,55.19116741197396,26.985606060157576
2019-01-29,84.54555762148841,97.57340450372001,75.5854459191124,65.84247847600552,73.64507505365071,95.96422476198393,96.83944193107806,91.07116283901662,87.72487038194447,55.25286224574344,27.10257191649005
2019-01-30,84.85939858619514,97.78249787214725,75.79029155483421,66.3342513183207,72.47751759454123,96.25293381088153,97.1077933387341,91.14152660658439,87.73160729567365,55.595585273729284,27.309285250528646
2019-01-31,82.35746502585246,98.71670307079305,76.76190562044674,66.94452524993723,72.62169929338525,97.47012138819571,97.84652141254826,90.9015429765261,83.61636279502298,55.73939021251784,28.198497339409947
2019-02-01,82.66578947977779,97.85452572596878,76.46785245243255,66.14952905444193,72.79875056889762,97.75023160169548,98.13308685093922,91.11596745253595,82.95933514758399,56.0134393236158,28.36171196713655
2019-02-04,82.86693939015804,98.03155785106668,76.6995592360251,66.42302498341607,73.05122470280124,96.92383006339065,98.1550590190252,91.19702287177961,82.34381316730764,56.065150776874646,28.1728699113229
2019-02-05,83.00490720170882,98.06578153288979,76.76682874736615,66.32281138009658,72.90487371107706,96.5545387329293,98.12578133513719,91.27978986099842,82.44557950610158,56.21462704150322,28.11367319684811
2019-02-06,81.81716346908074,98.27509320506434,76.71624001366659,66.48839562676882,72.92802138751887,96.29937109081555,98.15242754231672,91.23717482983695,82.6926960888784,56.27787860873067,28.07040203093228
2019-02-07,82.01319121447322,98.25576444307053,76.68127297635544,66.38629018777227,73.01800050380089,96.20383610537586,97.95781162429046,91.240093099008,82.73730589552461,56.027512326052474,27.742332352676097
2019-02-08,81.97649272134338,98.07859279721258,76.55899439809565,66.10181694733397,72.82208228947101,96.24627536726675,98.02612706214607,91.27388173242605,82.7897479443178,56.08360791921581,27.758332115255612
2019-02-11,81.37489218491096,98.15084795912779,76.5399729878169,66.12130389459385,72.81127003543585,96.29194467007737,98.00341516531901,91.27966114446001,82.8053281355816,56.117223291538565,27.76089663546668
2019-02-12,81.29023784215933,98.22594303557247,76.96548426170959,66.58858688954503,73.3250864067537,96.44787800157516,98.08762370010669,91.25193832218909,82.9160785231438,53.83360499744181,27.863890725818404
2019-02-13,81.32630906380116,98.25454529964087,76.99762246022173,66.47197065898405,73.30135815996128,96.34969138261742,98.09633025771913,91.27565298027953,82.92314608851036,53.709749754789385,27.737789582214702
2019-02-14,81.2067451081511,98.45588643367755,76.2491555851601,66.04740119951904,72.95650364724249,96.33514314908871,98.30262697588552,91.26135831669663,83.0915523641802,53.39350528229542,27.84025129382482
2019-02-15,80.88923030613161,98.31331993826052,76.63334478332196,66.75198819945271,73.27761735316118,96.76481702583862,98.40208617213753,90.65388164457389,83.4421198795872,53.6355474371381,27.813985289653488
2019-02-19,80.90858194264815,98.27074816667121,76.59752277470392,66.80694474552406,73.29719945367384,96.54692672452602,98.34212184920564,90.72286713489298,83.4699518716509,53.57065733187348,27.820244723316954
2019-02-20,80.77452937255678,98.4612170934902,76.6124716444259,66.98108029895526,73.32116077239144,96.45532824291078,98.52475130811908,90.88636832034095,82.13166105521037,53.199428138752225,27.777718254955744
2019-02-21,80.90620237295823,98.55280803162452,76.4827718509978,66.71994231325924,73.46786051790502,95.91508638179091,98.59649610202848,90.67040387115297,82.160193576942,53.17174112445112,27.517765998344622
2019-02-22,81.04460689143446,98.4885650613544,75.3221480641724,66.88170988615009,73.42409497928827,95.94271742980811,98.72410971404338,90.77512390038592,82.32718369233385,53.40364368883719,27.627627825446083
2019-02-25,80.99319333573516,98.48399923254199,75.20887100175202,66.90023226645253,73.41144314895234,95.90105028831479,98.68890465331185,90.69765764841046,82.12295458635428,53.29977615219848,27.761655464962516
2019-02-26,80.85870827435332,98.43336011522872,75.21735030160588,66.9416281751852,73.42906764819801,95.91485389494645,98.72779068552157,90.5959359594876,82.09041816419403,53.37807493348433,27.774925155001995
2019-02-27,80.78083159574497,98.53079445538667,75.27669614520073,66.82675575775535,73.17026907143095,95.78964779576943,98.60639488003854,90.68587480609732,82.14010304207362,53.33567840927404,27.7763128577177
2019-02-28,80.7919928182963,98.57317055709763,74.97522248686096,66.78979039745504,73.1694607436019,95.80912767282355,98.65734336644547,90.7631698182746,81.55385823649806,53.39298191054183,27.835148854242053
2019-03-01,80.94474377333351,98.7083455723255,74.83329277320759,66.69383552654553,73.38182576038264,95.23982460817273,98.49625241229703,90.84143567467802,81.33818235802504,53.15447514391409,27.9470423319105
2019-03-04,80.82427828353349,98.83875505955817,74.91689346810182,66.65119841938743,73.42910044694423,94.17782611105545,98.63889959752437,90.97249589778548,81.21021132326798,53.07653004331557,27.991969132581197
2019-03-05,80.71337256034508,98.82800815911729,74.95375387723267,66.68351276697558,73.4967263219742,94.21140677115375,98.3960383928925,90.91362929725753,81.19217926252352,52.95744733678797,28.018861016012636
2019-03-06,80.48930547438151,98.89329281780478,75.00133604772282,66.93055848411379,73.79574452196532,93.66137324377371,98.5927008461147,91.0592428685971,80.57422595627634,53.02712617801811,27.96967580077701
2019-03-07,80.60105903466561,98.79696227683525,75.15017005274902,66.77272660751845,73.97888540200654,93.66403916684233,98.48142945113771,91.12163036747135,80.59084692292828,52.89218399361454,27.5247487027382
2019-03-08,80.68757527734763,98.75839727086199,75.17437508706863,65.94718962408241,73.93831115906802,93.70911554058738,98.56376420435843,91.20784752757947,80.46859015751106,52.97665504419845,27.50201728843314
2019-03-11,81.15869065952648,98.66770837657619,75.78906950883456,66.34179052681712,73.96644358166738,93.72837670798427,97.91870620534212,91.51004550867427,80.90607281564766,53.77497657737676,27.49636783014761
2019-03-12,81.31408408846899,98.84473871551965,75.6333172423782,66.45892449441568,74.12153339964188,93.86567182322347,96.55654288828053,91.6645109611987,81.04062944062197,53.86587443556278,27.57447120831482
2019-03-13,81.23621291926086,98.77818218901197,75.71153384893418,66.6441705085988,74.28376758643365,93.89151498142624,96.58305062661607,91.71662074244757,80.96502019806111,53.99840666216022,27.431576048959037
2019-03-14,81.30341285751526,98.83719189296775,75.76753272410186,66.59823545613277,74.12456787472787,93.91983240335807,96.60890088996386,91.58999079261011,80.78869592392175,53.96406114008899,27.46424447918189
2019-03-15,81.23124524328848,98.86049351618436,75.83426452363605,66.6930233123548,74.14671046910306,94.06480812125174,96.25494861111495,91.45691411986995,80.81791872688297,53.27828634268678,27.532317284309293
2019-03-18,80.30574090393773,98.93554767772288,75.86634630398308,66.46309728985963,73.82366639027802,94.04380895440737,95.94386153491455,91.65792204362101,80.9302350298311,52.93636178042985,27.63507540453631
2019-03-19,80.31938996187813,98.90423915436867,75.83012298398157,66.44376450354565,73.57188564604361,93.20774284270576,95.94501820787713,91.59997078394612,81.00145658495329,53.08190909073091,27.006197634278106
2019-03-20,79.6641299352181,99.24447214155681,76.00628410297851,65.58407194796247,71.46960094013001,93.49773902662936,96.30645844939092,92.00317974480011,81.13956984599187,52.917149886717745,27.04883194899127
2019-03-21,79.92206816625419,99.6803685636951,76.73641563658795,66.0872004194977,69.94256803134745,92.19520529617458,96.57078211875319,92.58027494949394,81.812698434759,54.162143820391435,27.65528581756593
2019-03-22,79.77425037296508,99.67706512079161,75.2049328224861,67.27402601714624,71.08319480177244,92.42978335739792,96.64350048594028,92.82263035996979,82.48020853527588,54.09487866394601,26.882612742251293
2019-03-25,79.5180663966424,99.66792134051715,75.12867787308222,67.27943458492553,70.98349698058365,92.51045502361193,96.66059862091464,92.34336025022928,82.4338327928173,54.17018140894349,26.92457653343947
2019-03-26,79.36157245950243,99.37641036319854,75.45713427743378,67.59431123732155,71.13159347784195,92.56566020816416,96.75512766909803,92.17355471226983,82.5534286489193,54.33087795819084,27.076291893723933
2019-03-27,79.4581079831211,99.16687079960332,75.48083688777449,67.6985894390531,71.20096087577828,92.60577240963788,96.3914700689596,92.21965142584149,82.49369314367627,54.43024096460443,27.220910041774303
2019-03-28,78.98889441245261,99.31591434917273,75.43363402598702,67.8808041635779,71.31508032802218,92.56683143199216,96.48751785415386,92.27033608533863,82.54368436416304,54.07463125168367,25.858923182637145
2019-03-29,78.92530563011542,99.35697586704221,75.60134902130366,67.61953499315334,71.30145954619675,92.56355944383628,96.45049067670494,92.36181049742278,82.69990926742639,53.76061413039349,25.989356477992754
2019-04-01,79.13216689026325,99.31325122075968,74.75423920879682,67.81770626500472,70.9205275023579,91.92799536515201,95.95259019622303,92.37528206415307,82.7642165760235,53.496162876841765,26.07084663031463
2019-04-02,78.71383036873901,99.42034648909265,73.78118743800738,67.62669383707336,70.92084684330231,91.90306008745482,96.06640510235863,92.4184334658063,82.86410917963532,53.05131271974425,26.166331806247324
2019-04-03,78.75930414804799,99.11014996173053,73.54941403522756,67.21196727773973,71.07060080104682,91.99697235800849,96.05790222321411,92.48938545089078,82.27511399009329,53.095295634600575,26.222055506041798
2019-04-04,78.8496589344528,99.21464351869909,73.58363530841541,67.26212938389021,71.1480563649509,91.60322018108211,96.0882832415369,92.0768841696456,82.24626078882477,52.99331620746508,26.24297599809006
2019-04-05,78.86008015676254,99.36546632387136,73.56417630200606,67.09752057097394,71.16137179870323,91.6611409596859,96.10326398366168,92.10750392051298,81.96253305604824,53.11786233979855,26.36234799890601
2019-04-08,78.86826344619551,99.243801484728,73.19496426809523,66.97635127142796,71.24415567871067,91.65545568376511,95.91544165300331,92.09704910584463,82.01213172797993,53.01665107383645,26.19477625614499
2019-04-09,78.32074187908158,99.26834468822696,73.28566425006058,67.17630848564943,71.35155459122959,91.64003883192876,95.80297896516444,92.0375062134412,82.09210047590221,53.17922986364606,26.159695019483745
2019-04-10,78.33810161459301,99.32295358744015,73.29174925708266,67.2627060169453,71.40991544956506,91.62109399574193,95.74853001202487,92.07268032241967,82.07178299524715,52.92717417742566,25.893231587388474
2019-04-11,78.55947701045199,99.58032043130994,73.48587851400916,67.44445628527124,71.20475456626724,89.66908652832754,95.32015026434783,92.31645695578257,82.2682883688939,52.99269570661753,25.86193520224254
2019-04-12,79.1005016461158,99.94478827931636,74.00354855989464,67.53729162694778,70.96367540246972,85.75758698831007,95.78143888776243,92.55753593245706,82.70811374225538,53.32756228522533,26.003641203751663
2019-04-15,79.15519593195397,99.86618654288293,73.0411639762126,67.65430321620416,70.82283973015052,85.72627688321323,95.7738289325314,92.69897790705815,82.73216173891656,53.21306734567004,26.041054623107986
2019-04-16,79.53507647353833,100.17968883056011,72.3496849706263,67.8032966217828,69.27973277664454,83.86003401617583,95.54268234067749,92.78290224711986,82.40882796153421,52.20659920675078,27.22026380009
2019-04-17,80.00053936455123,100.80081817460427,71.47508829921574,68.05027493635549,68.96897808557657,78.57132308140174,95.76403417776399,92.74883569354054,82.97876967273241,52.44153448205515,27.44231859063553
2019-04-18,79.67625316482729,100.55002848395586,71.3258665637477,68.1170943406658,69.25949128809535,78.63755103095252,95.33757504401933,92.78558635989017,83.2276772953935,52.486525328433615,27.17509503019834
2019-04-22,79.59311872731108,100.78861455800447,71.29925664370937,65.35460347740332,69.38539586489746,78.8978045089891,95.65545715985785,93.08560411550178,83.22729748860941,52.024182535058245,27.222845180869882
2019-04-23,80.11637871983116,101.0614723642822,69.5588410983272,64.71174892176093,69.84273067917387,79.16463247215438,95.95042160759249,93.15512421063436,83.50265125633867,52.6142733241974,27.16386019805471
2019-04-24,80.1213116719738,100.84765593639075,69.46796947323722,63.4382542657664,70.11556605873024,79.03562860049942,96.09411039742773,93.16894052352767,83.46861520241308,52.198828455544394,27.244540933289333
2019-04-25,79.0030870957278,101.3529538006696,69.34350146388982,63.92662006006211,70.23646742177434,77.67772967476213,94.13420577237808,93.60517854174479,83.46613926377779,52.367085136168924,27.186174985617413
2019-04-26,79.29096985161348,101.56541683411372,69.50142728018733,61.74015914365613,70.47061676595469,77.89985810881633,94.52359875907165,92.9249001888912,83.70057821879792,52.56111575591457,27.11221287387195
2019-04-29,78.2800914519432,101.69330424423592,69.16183310880342,62.01855553217246,70.14256761752706,78.07859918869092,94.46511842418133,93.14732999894213,83.91970446214293,52.84450299442677,27.30026777223744
2019-04-30,74.11271157478238,101.82434420873626,68.91804155881786,62.120771789904744,70.586992238938,78.1847541794128,94.80618460150112,93.40984352734873,83.88882106725382,52.75752168600578,27.891249754039407
2019-05-01,74.51429666985575,102.12768773883823,69.18613525957767,62.534158472816486,70.81458128364724,77.34793419020644,94.70281647417109,92.75025415002946,84.12531454100974,51.50449063645459,28.12754658561054
2019-05-02,74.661271821266,102.03798964419207,69.3263065782196,62.18048938663204,70.82693893197167,77.00907753069485,94.69600177610957,92.82306709300804,84.22403853750177,51.475609732073124,28.161688722189652
2019-05-03,74.71145439095534,102.12135286800277,69.62646856391527,62.28184109682666,70.7066466313252,77.07107147628969,94.84694343644617,92.80109197011163,84.36219184945563,51.75731772686477,28.25667302306213
2019-05-06,74.53574350711976,102.28742271441293,69.70254575860486,62.14944550264314,70.83301188997324,75.97740584306305,95.00435155639848,93.02623937832735,84.2694525138042,52.00421955434534,28.39177063039365
2019-05-07,75.30203096184566,102.12585298635942,70.69255350638619,61.117629988282594,72.02355413221768,77.498234572867,95.69604181540664,93.44248891921745,84.96573770284643,53.79933177386019,27.645452027392345
2019-05-08,75.38094609224042,102.30014432452961,70.45974366391928,61.15895826283738,72.27653002946892,77.25416690812632,95.87557896690366,93.68068670655403,85.06897099669847,53.51687886275771,27.102013501436943
2019-05-09,75.45447474527597,102.35025754373822,70.569435562184,61.02528505361159,72.28812165454421,77.33087545705878,95.84169566352155,93.70952113204798,85.07588506951362,53.149302666358075,27.101108012314604
2019-05-10,75.31912919752878,102.04022893732089,71.18528783575015,61.278075765177206,72.42176414697892,76.40425265177419,95.74309432460592,93.41094437224702,85.3831501562138,53.77993284408534,27.783144238893
2019-05-13,76.83318736517293,101.97412945956073,71.7784942936269,61.36544533970409,74.61104068352557,77.04397582599725,96.11177441558765,93.78825839336531,85.61799006529228,52.127452966532786,25.800370940926868
2019-05-14,76.28209369663126,102.05112098184053,71.82528090792782,62.14743302688574,75.14195890917217,76.9450188307733,96.3208662429599,94.21386959371038,85.90500799240431,51.9183151984311,25.141170604035857
2019-05-15,75.74721613000403,102.29855708566527,72.04756711607997,62.29755356888663,74.53896223299041,77.02546191956736,96.19340041430743,94.40509529301704,85.47556041919026,52.17555925478821,24.632226269706383
2019-05-16,76.03345044754907,102.4197161892069,72.28564576998943,61.92729575287745,74.79840607914952,77.28643649683806,96.26604491611252,94.26274786978638,85.57471096429498,52.26936119321182,24.622498300476185
2019-05-17,76.06542522050641,102.4519442288536,72.34455027966406,62.23960987279424,75.04001469781147,77.13414178519305,96.31337922900103,94.32033453748302,85.62304823096076,52.18872721140554,24.35641861234683
2019-05-20,76.48227736839718,102.75219607220656,72.47366290539838,61.551302419099116,74.58851481073602,76.70056221681558,96.08968345689549,94.51567878942423,85.8941225466097,51.921415337074876,23.79623003181098
2019-05-21,76.55189430357458,102.40999690807423,71.47659169586956,61.89038718225146,74.7286595773795,77.09592561937693,96.24867697422262,94.68664255743246,86.14055209852185,52.347873817411255,23.84038333257658
2019-05-22,76.41932915314818,102.287836553184,71.07183289452239,61.775816382224725,74.92925001200123,76.75976761841875,96.2374960861544,94.8827263727333,86.14272637011588,52.27699905915334,23.963501689988014
2019-05-23,76.79299085358342,102.25045026150286,70.57824023208518,61.694381039082785,75.61634496650414,76.1630886725694,96.33664956959994,95.07564782175777,86.29313828081015,51.44781274158714,23.94948232350075
2019-05-24,76.85223647658559,102.32482247419341,70.32840994468108,61.79526568061526,75.62153658378543,76.2017161572611,96.40677301478637,95.1688180831472,86.09165304161789,51.29971358985843,23.967038055708016
2019-05-28,74.48578597151266,102.2188463663401,71.51030466121713,61.96042639084538,75.83968387212869,77.21525724639282,96.66058494817027,94.33170208701019,86.60408947135298,51.903534653641124,25.087768651326066
2019-05-29,74.79251368218432,102.54568334431211,72.2164173787437,61.92859736274592,75.52606070565741,77.99951245895458,96.76468068316048,94.5112181731569,86.10294025582184,52.45579052790632,25.388200615560848
2019-05-30,74.84896561531221,102.60177996185793,72.33447664876654,61.167744907200664,75.34110683866713,78.04865646625801,96.83225392960796,94.57068867871642,86.15244950520274,52.55345330470779,25.41590648761772
2019-05-31,75.48651332576249,102.69120071548629,72.28598024192537,61.97098002310248,76.14374612750416,78.17175727500978,96.98846918920583,94.86479275592924,86.02735213886521,49.7362117719389,25.172811820795932
2019-06-03,68.66122932488948,102.5054485190683,72.68682860633808,62.25560455290011,76.79900275723631,78.83682711540693,98.10915874039465,92.67207405915926,82.84204951995787,50.58387403688269,26.039790855304858
2019-06-04,69.55464477181182,102.46593157099774,73.18354837782508,62.8416725323782,78.30861018199927,79.53104970315223,98.2249248803634,93.30620436176282,83.94325586169977,47.163284334239805,26.1110143408985
2019-06-05,69.77744165573144,102.73190123294226,73.04789913644461,60.39265506428463,79.53851717764114,80.03144772767965,99.19623299608976,94.54746157596298,84.75404541170307,46.92361779117665,27.317789743453787
2019-06-06,69.94126777015798,102.80585230775453,73.47580248116734,60.75263665313294,79.18455755469053,80.1414552556533,98.77765601071462,94.8467130695404,85.13895843502539,46.73476669938256,27.222085880735122
2019-06-07,70.39400132468116,102.8604901454287,73.50737360114258,60.862361846640276,78.32924554181825,80.31058267086583,98.79089669100541,94.8593911293244,85.4058228957654,46.87721658365179,25.84315389104095
2019-06-10,69.77695799630906,102.55763421343575,73.44717429840037,60.84904776370175,78.1016331306872,80.13083494068633,98.6898646591082,94.49692260127307,85.2731147888611,47.131163284887684,25.8387002017036
2019-06-11,69.8294107551759,102.55707286144963,73.37878689471178,60.81249718937645,78.06041766400418,80.1719714105227,98.0434499144346,94.51681211231451,85.35861192518388,47.155807042501394,25.652744815447225
2019-06-12,69.94184082801712,102.72322944197215,73.15790569790681,60.5545559295987,77.90296099022947,79.91515958414482,97.78448024956336,94.60863149453033,85.16694078453422,47.16142979994382,25.563238842881265
2019-06-13,69.81783999065176,102.76733071548904,73.31281537184941,60.6242344723218,77.63860130365052,79.49355956631679,97.91255593631516,94.47073654297446,85.30861898967183,47.23091899405486,25.58073009838857
2019-06-14,69.9304564581766,102.75158778639307,73.1840159010624,60.67123351860978,77.48276388593358,79.38420761400018,97.94238493400196,94.27119988542748,85.289102354209,47.16453002607393,25.40898705095428
2019-06-17,69.48777470851657,103.0446342723608,73.25565528963801,60.59764189668873,76.69208912373482,79.48897775707857,98.09147552004245,94.53140461381078,84.54383646510486,46.172525468353165,25.252720065173555
2019-06-18,69.45526597294038,103.15679603975991,71.2481459572141,61.11482589151571,77.22074330856026,79.66337573012677,97.37678428387412,94.65306346196384,84.49651112117526,45.82359556571721,25.53188031239422
2019-06-19,69.57710532189422,103.33409732925378,71.13167676673018,61.26605775064515,77.29199024752788,79.6889373454754,97.59985357157991,94.91502429847337,83.88129380035767,45.74322436541937,25.637536332247365
2019-06-20,69.53570125598503,103.1687969318706,71.8251529630164,61.80313873828189,76.63043802601821,79.62886594657508,97.75637717164548,95.22758112229822,84.1738990597199,45.95960649707126,25.69387476519408
2019-06-21,69.34113672351113,103.27461882971706,71.99313028402577,61.34456434835886,76.70077804834537,79.23137352568693,97.82782072910481,95.12135396452138,84.29579044979192,45.25116790677481,25.483071535980677
2019-06-24,69.11593698431369,103.34990342041637,71.64821769241148,61.433664427649944,76.78315031802947,79.35654058976945,98.00391828140204,95.01176313651351,83.97795552510487,45.24017513573948,25.43287016347054
2019-06-25,69.45782726461889,103.76267350591708,71.24507556536913,61.66693916426201,76.77246014737882,79.47534673083588,98.37065069398888,95.06568290793504,82.7570542572898,45.96684668923922,25.523573089865472
2019-06-26,70.4936337841097,104.00719264031561,71.49229510095253,59.003066533912374,77.14455736557373,80.13938487189081,98.09096852952923,94.09977253788875,82.76931558135244,47.24385348579764,27.19832132576971
2019-06-27,70.7768769158543,104.2082632343361,71.30666037674506,58.76676778812467,77.06516863713318,80.32235744375832,98.06322231208671,93.93201306703749,83.08308850996275,47.493482153772625,27.229670630875283
2019-06-28,70.97730495836755,104.1563741858959,70.63017776828603,58.973483097102516,77.05119858283912,80.38265404490785,98.13165414969737,93.57035025119079,83.20788801507591,47.61185369451587,27.289224277453528
2019-07-01,71.0569085109581,104.0311795008666,70.65216243499327,58.74378568512885,77.0589549768508,80.36760893124102,97.60106806928452,93.47083320673268,83.28627168465542,47.415521321405734,27.18674347557661
2019-07-02,71.27763554292156,104.16674747318227,70.64953086422962,57.53307947982486,77.35989160073449,80.51812814964556,97.37373347334167,93.94017068367981,83.2921690310485,47.389925089315,27.70873759532748
2019-07-03,71.5348189079922,104.37984394918959,71.12791677963742,57.090198978932875,77.45651373836077,80.88119313811293,97.2830935095959,94.04649016924238,83.16206151165987,47.96800430046211,27.384310687908794
2019-07-05,71.39464685032688,104.06150390162195,71.25138049917727,57.029954113208305,77.02058541232743,80.84356332292785,97.3724983791555,94.02933950181973,83.27950290447141,48.13144003089638,27.543070371837462
2019-07-08,71.53225630756991,103.61128158467929,71.18403809208056,56.5542935319303,77.15934933723975,80.91383756888195,97.45813022126568,94.14078731322893,83.08446477975208,48.000068386906634,27.582120687330356
2019-07-09,71.60204782320535,103.72917635638059,70.68613758517282,56.62402214165044,77.09656629330613,80.96096925365738,97.49301800970379,94.18359578130321,82.49314451012859,47.9594258076783,27.59940870261747
2019-07-10,71.74316926446083,103.96393836446553,70.743792713049,56.64387353230515,76.42742943115599,81.12864908428733,97.11172431569528,94.40973093712884,81.9407739826547,48.12468741212338,27.537699927723473
2019-07-11,71.62378879200604,103.95824005858302,70.75420065587461,56.7330993937248,76.37270240461618,81.13913815687629,96.91114603245086,94.38416145089938,81.85328712221674,46.86848730717293,27.695806064250245
2019-07-12,71.85807509019656,103.99948820371849,70.76325240118081,56.93023068315546,76.56585440699517,78.96437263097016,95.70241844698367,94.55934935922987,81.85140623134565,47.037617328798675,27.824535879867412
2019-07-15,71.92640895345363,104.01444753289638,70.64717458357524,56.63694804654805,76.529930695894,78.94499692936003,95.73759059278103,94.61754923739679,81.78888371469847,46.99065237353631,27.915642735250294
2019-07-16,72.06855447541854,104.16089914232684,70.63208274586414,56.578191779472775,76.73726994951653,79.10605813574821,94.90519114283002,94.60397367144242,81.50799980586184,47.036713602280656,27.876629808015476
2019-07-17,72.59521510389699,104.42967798467724,70.18127156836813,57.243719083129434,77.22763332195335,78.63518036937013,94.21770836417636,94.21528408277871,81.76766010595213,47.264471458577255,27.576547441791174
2019-07-18,71.43049696998983,103.88963006700469,70.63029251158642,57.31515692825603,77.07269595711325,78.89742007217731,93.82236282613103,94.22816344311661,81.90442882175861,46.89702376578964,27.5545258577661
2019-07-19,72.0471047521188,104.18540836762196,70.8845713040122,56.40089687305358,76.92206353107163,79.25651304899066,92.37221567813124,94.01913622084051,80.95995805219458,48.131040237607785,28.62445377018595
2019-07-22,72.12392812129436,104.08894829704859,70.46202755162093,56.242564972555876,76.97489079840594,79.14851975455922,92.48241293391646,93.920125107488,80.95300179029039,48.12960913760644,28.56693045692974
2019-07-23,72.1859392063918,104.24318912356689,70.73988003152559,56.33489096994419,77.50888634096015,79.28366641079596,92.82467447743679,93.63518044836714,80.99096390280967,48.28304449899746,27.1772656620521
2019-07-24,72.12039855717795,104.31771222487797,69.60268484283752,56.39371590918058,77.25672708837341,79.19509823353046,92.88853360927536,93.69744155586866,80.85977675216384,48.36236773538913,27.34445137483585
2019-07-25,71.85478481227274,104.32656123914553,69.51238201684546,56.56912303735313,77.3261513994424,79.46429091750912,92.6349482482834,93.55901131043728,81.05483776264094,48.620996815084574,27.403580304365185
2019-07-26,70.44934701995152,104.51613548014197,69.7341517229219,55.752427961211076,77.81859107806716,79.76949311060247,92.0223020354357,93.20039972044331,81.25269215008248,48.65008012175058,27.502066017579008
2019-07-29,70.55572019521378,104.61826958866475,69.78802013747838,55.88220363643711,77.67726838371836,79.17252657182813,92.10999480610288,93.1564032366696,81.3933819021274,48.52395195450522,27.520040300341932
2019-07-30,70.56809082545159,104.19261987462173,69.85764876683551,55.50294262757779,77.69409163950606,79.14639519240032,92.29127643533253,92.94809027188204,81.36066024233871,47.28927803356294,26.9899876554814
2019-07-31,70.99396937488996,104.56796124098304,70.07387763509266,54.39844056398251,77.53603050179888,80.14356328737256,92.42955738305477,93.64763469623841,81.97801934250494,46.31431002735585,27.06177567956281
2019-08-01,70.42514686039428,104.61429304542442,70.09182407874289,55.224629054175814,77.09893924919106,79.43375217329952,92.25922780865936,92.7797670558354,81.8693077566691,46.4989471833309,26.5039545844095
2019-08-02,70.4258511253946,104.60315367724355,70.23949018879023,55.684153201971725,76.64889751763565,79.28094533061167,92.45932433076965,92.60020995843858,81.83952095996733,45.42646369884633,26.608525578069383
2019-08-05,74.28428495336814,104.4620791260329,75.16708560719098,58.774863724535614,80.13483857522817,82.33584441953077,93.13041489157249,95.55718792196427,80.93665943563545,47.3934856291976,26.694988029019065
2019-08-06,73.61375596237563,103.82043501873626,76.66685540599505,57.49633315083,79.82490847572348,83.11469845925164,93.2386979000658,94.55649467737149,78.37984609621385,50.019672767529,28.19044854967599
2019-08-07,74.02366727453058,104.23618725370514,76.07642672355446,56.70284555022406,78.08459062678654,83.26222174952997,93.5776215260982,94.95208362002833,77.86856153874054,50.021801214703856,27.95662110271666
2019-08-08,74.90766933606571,104.13997951286852,77.30891459568389,58.318728226483735,78.02060682441167,83.62851601949444,93.28822590157431,95.47479346025139,79.47834609063321,51.74850909261447,28.258266878177736
2019-08-09,75.01230678345814,104.07790667828431,77.45994341772152,58.62122521809902,77.68352630892451,83.02535429258464,93.36291342618686,95.50899130053283,79.55009186303506,51.74392295468893,28.244785158424
2019-08-12,75.07680404782654,104.21845339957314,77.80232480517654,58.68491936926988,78.07439554502538,83.3643894779839,93.55797863879884,95.45023955528845,80.14857792222396,51.29354484341731,28.21693732506465
2019-08-13,75.51873605238968,104.211142551299,78.39649454558376,58.88926910122124,78.51018691869959,83.91822012020984,93.52643271519561,95.6536192524942,80.14313545210506,50.34990519875314,28.09653511238185
2019-08-14,78.12622455436419,103.96144197789495,79.7023576153486,62.76048371570639,81.58187831456608,86.33430880481438,93.95424890586985,94.38585880113865,81.71494977750585,52.46507461812682,27.946297035960423
2019-08-15,77.25727173310615,102.80496751009834,79.62756685770701,62.87638426854015,81.49102877409959,86.25364700380594,93.68237866587117,93.4817180062449,81.88688356521726,53.16114133542675,28.51560603264135
2019-08-16,77.48906018767454,102.53873755248688,80.27706815582965,62.987439397929954,81.96434385393403,86.69927822371719,93.9560057068522,93.70275749982082,82.42467624819975,53.397863780054124,28.35046766901828
2019-08-19,78.04836759111281,102.65391493389922,80.87185205927427,63.501633308318276,81.88884924653905,86.95074887463021,93.8634551411079,93.76346436772505,82.24252065697932,53.86057032811668,28.466728250756816
2019-08-20,78.15774609410231,101.54658655574613,81.05385901320665,63.89164740924232,82.19735925590973,87.20657595825482,93.85922184560907,93.66883227251931,82.52745362956664,54.13112997747214,28.31321622356547
2019-08-21,77.9218583825167,100.90258319434476,80.65199168521647,64.13409081056201,82.37942994357746,87.50194646123941,93.99506573646771,93.88680816633698,82.60660782594444,53.997378318271615,28.500731987244833
2019-08-22,78.01633012152412,100.94194703279157,80.41148000043647,64.11867943154195,81.73921132577863,87.40922297777368,94.06615699429229,94.05180820603532,82.45606380753775,53.9407432377095,28.533943249305253
2019-08-23,79.33005598293636,100.97521946283402,81.42384510100518,66.08776720272694,82.38620734686927,88.72018483652263,94.3220578349615,94.56859307108367,83.2169800090455,54.60170282642768,29.360640527281504
2019-08-26,79.50091706696254,100.8993879412653,81.86772863807212,66.46218907415624,82.66428703226832,88.97718353792612,94.29838178808309,94.62566417778825,82.61211397747385,54.78044168598486,29.842058427183694
2019-08-27,79.18341915637089,100.9791096937221,81.90864093798399,66.57738024643467,82.78976205933911,88.99991700476502,94.3837719185474,94.5785051822435,82.41764835457293,54.83479799340253,29.708780969929855
2019-08-28,79.00180866797308,100.96317230957193,82.00285610386909,66.76256216410944,82.96888494310939,89.09579851207735,94.45388295886687,93.91647695809462,82.52719728724335,54.85191386304342,29.26870207277496
2019-08-29,79.2832495503104,101.01233571891831,81.56579661743008,66.87976043997753,83.25598904405095,89.18683274185365,94.65982114467755,94.03462040829758,82.96363360713558,55.35460589650886,29.607628427477003
2019-08-30,79.33327206061159,100.66117024161287,81.49648840560542,66.96117139624887,83.1990012728326,89.261276730716,94.59087527090489,94.07667053930236,82.88409721755572,55.397997918189475,29.63185628158292
2019-09-03,79.24205445871708,100.7181118960969,81.27129401164221,67.08046921191745,82.98434369579664,88.63843675231296,93.87892098275083,93.76034877576865,82.66611096312259,54.64622965810673,29.184309406485838
2019-09-04,79.64067499634636,100.66670985714251,81.639342850613,67.49066065244781,83.25933815325453,87.43216315296331,94.0684703154595,94.01367408828074,82.9699232039297,55.060565857216915,28.83973755297008
2019-09-05,79.64925584443417,99.95278899709871,80.17577554941383,68.19341774853942,82.88311488526527,87.35162264123103,93.89958275020777,93.85644925867183,82.60217766180938,54.211578390331375,28.573055884909728
2019-09-06,79.55632559921797,100.01216673226719,80.07255786045698,68.16081235828828,82.87436418421599,87.36330099556511,93.96469124531126,93.79478376617386,82.6612215813702,54.19649130080292,28.182350259850487
2019-09-09,79.80815443949494,100.3392130861686,80.23474299090492,66.82422562690127,81.8236318646222,86.83499162858487,94.29128454643151,93.55650265980206,82.77798892120747,54.22790635862961,28.35142081699361
2019-09-10,80.00138351843232,100.1921426915939,80.21237644763526,66.65367056271339,82.08930515759012,86.9080069399317,94.13938548478113,93.22023352657888,82.56128292768923,52.597667064092875,28.2546289129759
2019-09-11,80.12523951835817,99.96380269697902,80.2896633403326,66.42804352025769,82.17221042511957,87.01333653319409,94.22009769971379,93.34422087893994,82.69492148891787,51.982997372433715,28.238253447015797
2019-09-12,80.18251177627998,99.99595719252864,80.31112683034178,66.07917909043942,82.19346817887183,86.91073429923776,94.18551615130838,93.40704921972952,82.65884385998437,52.009722081448984,28.20290845548907
2019-09-13,80.33970987951143,100.19269647892719,80.12531917208429,65.6936122912239,81.98587631100054,86.94520204384365,94.03174068773484,93.40873154728745,81.6825578610434,51.72469201861028,28.56460194873445
2019-09-16,81.10482966751337,99.72505157023177,79.96686647857383,59.32221282550267,82.72772825623494,87.70971162117212,94.90368453457526,94.25403471691355,80.46372187659055,49.955245722382614,28.862880691497402
2019-09-17,81.10215264948093,100.1235914795033,80.60417299689071,56.957364779579166,83.18556544025112,87.21428738438046,94.9458585380316,94.4788383936302,81.12261521291256,50.46166344219594,29.37798572937059
2019-09-18,81.12880456706148,100.15559657502172,80.62749245802469,56.88739288294731,83.12518113193805,87.23904302588417,94.9793324614569,94.47703377666214,81.1418837930686,50.32097592097829,29.1843424397403
2019-09-19,81.17345863690213,100.16731942063598,80.52170650359975,56.92792915198103,83.06677100623544,87.02175738721502,94.77025162467008,94.5111393448998,81.17441985523487,50.34310359261309,29.190356788345927
2019-09-20,81.36211904299805,100.04472860940234,80.67838164356057,56.60566735701641,83.23628392283261,85.92807131813913,94.94793616924186,94.6004347045197,81.27677620752046,50.47539304777929,28.87134989752837
2019-09-23,81.43167245631872,99.87642606822348,80.46296465694857,56.65869458566468,83.29540230562243,85.59089801909975,94.99402017475889,94.60006478131558,81.30138665135449,50.43687853172673,28.86722819789987
2019-09-24,81.2345508424225,99.79522951721567,79.6171341111905,57.00628577466008,83.42565284377348,85.43827244392143,94.96039631456944,94.60108085351827,81.44209487606675,50.44911390189114,27.88899837940167
2019-09-25,81.18081992384273,99.71728442285952,79.4529761295998,56.96526827056819,83.43960640687412,84.88922860553632,95.00802426481378,94.59121241447684,81.48429979595036,50.357714085801625,28.001998363772685
2019-09-26,80.82001765950649,99.69212737348651,79.36050871146223,56.858205498166136,83.49780054782813,84.61485908464833,94.89651012198784,94.59337766035468,81.50972881625131,49.904441611606345,28.190502025134993
2019-09-27,80.81133193198558,99.78488333066682,79.41761361040453,56.56952764204984,82.93597398804211,84.68991772952576,94.99901551215913,94.43898970454133,81.57281394988716,50.11330815964155,28.328099432208948
2019-09-30,80.94129915227795,99.87082586566994,79.53541503331056,55.64869098999111,82.55498109447535,84.58666571779733,94.97259676472778,94.57543271655958,81.70198577286682,50.26770267568121,28.186738069232284
2019-10-01,80.79198272412617,99.49525618018609,79.12951143997766,56.99885041954577,83.32671000363875,84.94585072782807,95.28386895958917,93.87928440998945,82.58471681323498,51.11537283866639,27.982404987960003
2019-10-02,81.19968736180493,99.95597480233553,80.546361387443,57.9146834646762,83.91704292019494,85.31785542253692,95.65195582280542,93.86132330286986,82.87502415936439,50.6607093951788,29.21466967353996
2019-10-03,81.44239720920709,99.89259539588743,80.70304297669136,58.32502531860193,83.79680168847388,85.51747733129757,95.72505344704652,94.14304626933472,82.59396921181387,51.00930422742833,28.815775944105013
2019-10-04,82.0282931937894,99.7892505632574,81.52562716960352,58.162531658829124,84.46453841366024,86.41736756480469,95.87777206413573,94.55168729868453,82.0235175892431,50.15549138767115,29.71112419414075
2019-10-07,81.69884387174201,99.83405515888806,81.387530666917,58.27796281683453,84.53419174343962,86.31519583628548,95.96244197967108,94.58212591146663,82.09213223038849,50.108799821106885,29.758355157374144
2019-10-08,82.11992393376892,99.03308834294475,81.91306563011437,58.89292150608927,85.2491329219713,87.3270874791176,96.04422071223782,94.78695812713043,82.90449819876106,50.060349173165704,30.65607941934057
2019-10-09,81.83673329352365,99.00559595035817,82.19917799152996,59.150200718099505,85.43753116398683,87.54401133679553,96.01915719455147,95.03920918508162,83.02732844307073,49.829123276626134,30.785521821231548
2019-10-10,81.86923296060712,98.97197223761376,82.0052236204076,59.43589197635755,85.49993920797219,87.61450118355671,96.06258001489364,94.90410250037746,83.20666685628822,49.9280173406513,30.570157721692482
2019-10-11,82.0287472648173,98.96250073943523,81.36789181746946,59.92749895908804,85.60511412088181,87.6537894334485,95.81430943815255,94.85875768941494,83.17692579101943,49.4598519726707,30.25652606576529
2019-10-14,82.05733959265005,98.99579339828524,81.5060932789574,59.964808612357395,85.46311853467722,87.71965957060874,95.84261486621926,94.93223778871123,83.20221236086458,49.10123289098168,30.31693622363523
2019-10-15,82.13413634360779,99.16183760581971,80.07812381717575,60.0801601391414,85.66429071920011,86.83144240124942,96.00551934872544,95.11093388269582,83.26233814029048,49.0626354367179,30.12888361033906
2019-10-16,81.9983438962141,98.65555179646095,80.13016164847946,59.62841363434606,85.81092037010836,86.87023767636765,96.08986282867647,95.20105939236801,83.29310224656649,49.07843064240011,30.108573558079573
2019-10-17,82.07916179871567,98.62066966712963,80.185335561065,59.5667925277589,85.80429172705632,86.82113130139804,96.17608068913334,94.80899483232704,83.35684492114875,49.10267975618156,30.103114204163703
2019-10-18,81.59263497922275,98.69685501881553,80.06085824125618,59.69920288279743,85.6343364629126,86.85807995995225,96.03575683065226,94.66788966377605,83.41246089538714,48.117583439636675,30.34217183483006
2019-10-21,81.85632414675247,98.8347361177646,80.25612683743725,59.83408490267057,85.7765718673104,86.18551437800448,96.23526406563685,95.00617507111303,82.12410482793206,48.44768970685196,30.385706530597183
2019-10-22,81.63999693709059,99.01107022593057,80.46938587555309,58.60116830917679,86.1021792377982,86.30353038257765,95.8869226936661,94.24901658422289,82.0434136217538,48.46619019291912,30.3744058078332
2019-10-23,81.74844709144757,98.07163480431184,80.30789375535011,58.666567086613306,86.25221370279863,86.36462553782206,95.84306845269747,94.08786393296202,82.1929443403073,48.49232311630806,30.5005866166685
2019-10-24,81.23833511187036,98.30958926657223,80.29699897174737,58.834694157119145,86.47670450915219,86.21665266562424,96.07237496253501,92.62578081528294,82.31838154501187,48.47332487274023,30.493809429895407
2019-10-25,81.08991457772693,98.08962597753093,79.53511562044596,58.83192728728856,86.56471733193234,86.02823639160084,96.0955950285262,92.30956243658437,81.64674372889813,47.67034608731339,30.883163520592632
2019-10-28,80.49555278251951,98.09825383265687,79.30292526576062,58.817176040131656,86.58538224190437,84.70674069892259,96.22989553017582,92.0232214642268,81.87399522180489,47.781239793681834,30.80334564459214
2019-10-29,79.79877763354075,97.57830714834458,79.490255584376,58.963863915041586,86.9580770442385,83.6004074204021,96.6060115127332,91.23631895650966,81.97259437137625,47.83192187428905,30.913007531732553
2019-10-30,80.00131138356988,97.71381487644237,79.54378592496994,56.259027996433176,86.89764695894382,83.71203105283618,96.73028523452055,91.49352801649715,82.05895138217353,47.954378221480894,31.128509676177977
2019-10-31,79.52709176663473,97.88986140263737,79.6947344534783,56.29950059351196,87.02009830624011,83.70879732999406,96.72451959731313,91.29373296265678,81.9109025593441,47.98288440505236,30.60225175019641
2019-11-01,79.62806790319804,97.90921100703399,78.82797962899761,56.74710544442605,87.19309571502735,83.19163395204504,96.0603998660887,91.54524708214645,82.06379702010359,47.56262441275571,30.759368063754938
2019-11-04,79.66965591008183,97.98478248341377,77.93379877755874,54.69802488411933,87.31947350690271,82.70158689064799,96.01428189666625,91.73980112332283,82.31330188883717,47.586139818227416,31.235046582520265
2019-11-05,79.73274930739694,97.96053658512626,75.54821169170455,55.317706147953736,87.29583239515799,82.71500171695176,96.3572172187139,92.02653772802978,82.59416287907226,47.38070572680766,31.412108878119426
2019-11-06,79.63592499019892,98.09322988044416,75.44165443735665,53.86770730696622,87.06305034999171,82.66540404212168,96.48195851423407,92.10791971195837,82.68427627324587,47.35655714468954,31.695856013884416
2019-11-07,79.53073972778378,97.48805338759428,75.21146033440104,53.36165860313576,87.05694241030703,82.34518624313948,96.47301456062942,91.79913969466779,82.50549333366463,47.23333989059351,31.91371859344359
2019-11-08,79.47970825838136,97.52496428005502,75.21270393463077,53.35338115337303,86.91776862496577,82.15464308825288,96.44600538541081,91.80278030924013,82.52315129436482,47.30864585066145,31.931753049072956
2019-11-11,79.54865212792268,97.58430824972693,75.28562592610086,53.38398691515554,86.97936723116922,82.17617229145986,96.28862033791023,91.76558806000166,82.51969755612348,47.05526739117666,31.925399310696058
2019-11-12,79.59717744682047,97.61268864419026,75.29015885514048,53.22264394291124,87.00633358944812,82.05442933331366,96.35611800169353,91.83613184591859,82.4104363946358,46.40073878421916,31.94550567561891
2019-11-13,79.63477369536655,97.37432996634648,75.14484403608733,53.41990842027009,86.57249960550845,81.94740421287648,96.17857080330712,91.8203682386078,81.9513570023066,46.37573826064243,32.156765368679274
2019-11-14,79.74501828982474,97.46718389246462,74.62188776718278,53.309628827310384,86.73035131291562,82.00097249423195,96.31421606283523,91.610218508673,82.05379011628247,46.256196501723025,32.14777650532961
2019-11-15,80.0965310646822,97.41032669497076,74.33663169904861,53.56711311938097,86.72343418000821,80.06528700106234,96.6442824585298,91.93697148527765,81.65563514254109,46.45294039053139,32.16311632837405
2019-11-18,80.04957507221707,97.34943908666004,74.16854118125842,53.248267415897416,86.77129356139532,79.74305515997972,96.66662883566116,91.95327421238363,81.65892079839215,46.47892313142724,32.19517036831726
2019-11-19,80.14689342743416,96.61414017940263,74.3025142333313,52.837674631594005,86.7464167677643,79.04366613871119,96.88395364596082,91.98383243025982,81.86577964065533,46.4241306555027,32.13194500165778
2019-11-20,80.36940011205299,96.6390424973315,74.33159450632627,51.24777223557665,86.9454865553686,79.18973365880302,97.01940036743561,92.17383209835091,80.99807110354251,46.48204691882954,31.839808064689613
2019-11-21,80.36040934958345,96.6414786024619,74.59255376866346,50.04071347933445,86.98866666810643,78.38979771906286,97.02953171005346,92.23410531180481,80.94795853344343,46.14341534167204,32.061552515434315
2019-11-22,80.42810030163386,96.34106561096071,74.55785265752354,50.21126255242303,86.62387514870646,78.33635790687126,97.06080734068847,92.13051789485849,81.00152047275054,45.99342906475326,32.088365043537266
2019-11-25,80.13165781657354,96.39365664640489,74.46840671485118,50.04352160886029,86.78747956420995,78.0807510219384,97.20707042073826,92.00846832382483,81.14597012626106,46.06806577133,31.803669058184646
2019-11-26,80.28905414773563,96.46412875807013,74.74215055457496,49.545543647732124,86.45454786571972,77.63895963162979,97.27745358187612,91.7913588516654,81.24468259828596,46.187558146946245,31.87897330347886
2019-11-27,80.37166557077342,96.3210539718224,74.77324102538002,49.522500660874286,86.45365312504859,77.72512364330385,97.06357603181632,91.83451107350706,81.37063139455879,46.16776108448239,31.81836879461696
2019-11-29,80.40503341987309,96.40257181466926,74.6818013825579,49.66896686180427,86.35450502840024,77.86917830446113,97.14047425251444,91.83119326587,81.3844951994095,46.29597397986035,31.788781134362914
2019-12-02,80.85426466708252,96.67863054900553,72.68153768305153,48.65207364031836,86.48042112399422,78.15426414162536,97.18574588872362,92.2694838850908,81.87716363507501,46.80050374897866,32.054363842506234
2019-12-03,80.5800197305813,96.47677846853779,72.61738954663781,49.07344293320788,86.27186989134916,77.8462955358143,97.22517939408128,92.39699353823087,82.06029980403176,45.53773347420796,32.28533238747357
2019-12-04,80.65007103747656,96.59069804539165,72.7482736142678,49.35745362944032,86.58931752751916,78.10861160734169,97.18941888347082,92.26331457435279,81.91574399261528,45.57173195425068,32.323811806740856
2019-12-05,80.66691336241884,96.56277962244323,72.75745065105275,49.16641449669134,86.52217709815119,78.13292446667268,97.14722498628656,92.28340277333275,81.91119873049439,45.602572844909446,32.33240312962721
2019-12-06,80.64113148518683,96.5844160651294,72.62785655004382,49.806912730733394,86.73064199963633,78.03143163260604,97.17026377977254,92.32148558698488,82.17967179574654,45.524472028191994,32.02477392438128
2019-12-09,80.72157436654449,96.430603522342,72.40272678503841,49.75730676693036,86.81436482445113,77.85276718934468,97.2041237031378,92.39966625496228,82.23200574560934,45.22267914731732,32.06445137986947
2019-12-10,80.76906466788638,96.4893988729007,72.4934258852083,49.65306222361254,86.78879902913926,77.67943034375675,97.21948523296152,92.32664386836659,82.2250446048154,45.22233171537709,32.016110351028445
2019-12-11,80.82327707375894,96.56102468982073,72.60366575243295,49.68181484557917,86.58094440130859,77.75805403376617,97.18592376837105,92.32346666101495,82.14943783812542,44.143582236799006,31.972536345331037
2019-12-12,80.08509237681066,96.57582651954256,72.09231086391064,50.30205086392372,85.99181013114624,77.57085440120377,97.28902404869042,92.40858221794392,82.2461621724629,42.89791811482547,32.36050341073401
2019-12-13,80.18958038019989,96.6127212549343,72.22817967381509,50.13328400983949,85.82501546268367,77.7030564457981,97.0997518556201,92.09712039461468,81.36917028799903,42.91166308045906,32.359985074593865
2019-12-16,80.68214119496116,96.76046475898964,71.75294539996881,50.547070785784115,85.88403913859531,78.44078437665857,96.17865634377077,92.31723494215142,81.37943447477211,43.23459641342363,32.7540183155528
2019-12-17,80.76015741241291,96.29821962644236,71.87568361300146,50.77308061692648,85.74158602186021,78.46996264067737,96.21280312708393,92.43404800790326,81.46554485720466,42.628019876422655,32.37656688436033
2019-12-18,80.73073019890846,96.38456681506999,71.45498703494358,50.67848730451145,85.63227318021313,78.58406555738598,95.81980554787572,92.46080541071818,81.46398413799497,41.747851828080854,32.54744029760988
2019-12-19,80.69604268560498,96.41001520939685,71.61899504390689,50.538054551150616,85.31721013120085,78.62965848024383,95.87149723750953,92.54695351836342,81.5709201530413,41.699991851232866,32.09681006287637
2019-12-20,80.67974617599886,96.10400313704783,71.90710422998418,50.65102244676999,84.78091603685188,78.8973776431063,95.93397097966967,92.57010635890367,81.70613341439116,42.14213601335462,32.31956366106058
2019-12-23,80.72543727725002,96.16958917853141,71.911198660076,50.66052936769801,84.65669569452437,78.30377791036416,95.34037044456035,92.68392749924998,81.82343898434559,42.21422167594541,32.364549630173045
2019-12-24,80.75826180512557,96.19111964910837,71.92363658296046,50.62580237275662,84.67232465685177,78.24858801899232,95.15537507506387,92.69699144244683,81.79596374357912,42.21534996445534,32.35464941258029
2019-12-26,80.97262285640922,95.68568343861882,71.78848590048437,50.562378238098596,84.84394496364337,77.76911814341132,95.09563001336505,92.87926443442296,81.99306372806956,42.38046057125388,32.33281948252916
2019-12-27,80.94744508040998,95.64094614572325,71.50124184168686,50.615355961479715,84.83314894626459,77.7629065434855,95.09191363726258,92.87658614617914,81.91442955905963,42.40350374756468,32.40317359816463
2019-12-30,81.01646336779866,95.74849480341317,71.73680329876913,50.58255108739044,84.73480700176053,77.98784001608787,95.07608663017946,92.91464840821055,81.87454122633812,42.321203006513635,32.3441456383903
2019-12-31,81.06352678755316,95.78585663498292,71.5410651188451,50.66161501155788,84.85360879165789,77.98373199977493,94.90000455544772,92.99858040742788,81.89639255112549,42.35790085999655,32.36659500103342
2020-01-02,80.83619855912835,95.16722729182055,70.81229137642137,51.43020652961615,85.33536650699499,78.0157264260664,93.24970012995102,92.0254878738153,79.13898733529939,42.48906744321245,33.284851931142676
2020-01-03,80.94736968336471,95.30473544183442,70.97454302263573,51.08505184821794,85.55150553585172,78.03284877527167,92.1517284882625,92.15722248915947,78.27783853737066,41.976012714024634,33.61141609780216
2020-01-06,80.32808033158202,95.44226955662515,71.09409669122341,51.20916596462883,85.5214656157041,78.03725763612573,92.20454227801487,92.3309604935344,77.43557089872283,41.99445992240878,33.62080238825565
2020-01-07,80.07711092275568,95.44060107363508,71.28316691129749,51.42419545716321,85.6242685208195,78.16742812740911,92.27029810245433,92.11135863171376,77.2336899300846,42.19090747825007,33.50266560359417
2020-01-08,80.13763614434934,95.50001094649858,71.49766440112397,49.554218002099624,85.68466864685811,78.21664406682515,92.43257592842129,92.08778042152345,77.34152351421163,42.344151352105385,33.35184071793772
2020-01-09,80.28699417493054,95.59256884118503,71.80667874087807,49.95289453567776,85.72985752073234,78.08684273437795,92.45496460745721,92.10048346514229,77.43327960702206,41.77055666882481,33.389745966293304
2020-01-10,80.27637881178462,95.49289012710497,71.70002516444012,49.98176479922099,85.64739918793036,77.8938696158245,92.27640433748894,92.06156767242258,77.37900393942205,41.057284552930156,33.591074557818395
2020-01-13,80.7148092989883,95.3827780590743,71.98476506669957,49.80164380579502,86.0419196403886,75.54085548927772,92.70596702668708,92.42951090752491,77.71679223758991,41.62387187553654,33.65418146208883
2020-01-14,80.87771318431659,95.42828204956338,72.02770817847367,49.95763520641717,86.2011235458326,74.89425648384751,92.75771358159636,92.40671019380271,77.6246944301707,41.5485830108921,33.26743260032602
2020-01-15,81.063925883158,94.88375560435364,72.15087164622412,49.65651434768115,85.48728193969202,74.9859365116955,92.91534537937783,92.48850781100792,77.87458991341632,41.44930080693901,33.69633936285892
2020-01-16,81.14130534779697,95.01222808857226,71.65028318971221,49.42646898510197,85.66254431129313,75.0153540704219,92.89091784058776,92.56960745690746,77.86543132850169,41.7240378031573,33.92276039213335
2020-01-17,80.97943677262774,95.08699087310639,71.63161014023268,48.97253522961491,85.7062561954364,74.91716148202856,92.84502396836702,92.539808178573,77.92605760368527,41.68913900587725,33.87406853023582
2020-01-21,80.7463263733422,95.00826114650668,71.14089804671994,49.73427483903333,85.8417449704861,74.5633647040417,92.64073902072332,92.37525390959645,77.58485388804894,41.34498701431521,33.9680865250303
2020-01-22,80.88517169386363,95.01587389881118,71.39980939947759,49.35027335673683,85.28154927586529,74.52998654118481,92.64307631346848,92.08572647099292,77.61547260620065,40.8638887467163,33.85010827903486
2020-01-23,80.73935487122569,95.32325730141154,70.74602293456772,49.644344183206904,85.41515085582375,73.75283490987934,91.55227146180252,92.3564630317173,77.85448439897607,40.9287384210214,33.889555608267855
2020-01-24,81.58291029804607,95.94565019191157,71.4876835488923,50.617164975830384,86.03186119455806,74.61011640048781,90.46253133654254,91.57143601336338,78.04517430517942,40.54942607545091,32.91895070937403
2020-01-27,82.06652634707132,95.81636234166145,71.24775700874784,52.72510335076322,86.03677855389506,74.61400409018678,90.89139786701548,92.13077356664148,79.70298822224386,40.61188914895599,32.863865989517635
2020-01-28,82.29769973792062,95.9693767651053,70.58917140837123,52.57066994371049,86.41383974629885,74.28518342675294,91.0428681262476,92.30424592354231,79.41176516726479,40.36487600943215,33.03854519509201
2020-01-29,82.3628068456,96.09206724213448,70.13729456011839,52.54280795681915,86.62687791564358,74.33088642416823,90.65391779525847,92.38440347804918,79.09258583172556,40.34803534357346,32.70204692257231
2020-01-30,80.96863491134181,96.31069814627854,69.38842232667835,52.91648988344779,86.07613362637798,72.79507241599147,91.14525982904847,92.85887925184048,78.53321968581479,40.16460264000143,32.80326624809414
2020-01-31,81.98738319768574,85.5443397809218,70.2440253437581,55.201492437062996,87.56668890885,74.61580773662301,92.58934762380157,94.6294339927982,80.2698713690953,40.88457904072011,32.39288884531981
2020-02-03,82.25068369737863,85.80457628909082,70.27034406324054,53.44557264330805,87.7192949790021,74.75738005701935,92.53621019053055,94.97409680420795,77.46383287827004,40.52757897107026,32.80340667773506
2020-02-04,82.58460609927629,86.20215264902654,69.874225119524,53.33068737380259,86.52928806672544,75.33295136126497,92.89795869934743,94.82268142279983,79.01712718445624,40.17759688887241,29.374455657876616
2020-02-05,80.70058854268366,85.31108990925408,70.56974429800646,54.00812645289809,87.00442301058025,76.89339888748687,93.24906028133083,92.89715513957985,80.30162721184043,39.374543046435875,29.903125876769764
2020-02-06,79.87450202581691,84.99134977419406,70.60150152777082,52.836535595928346,86.98301363106586,77.12181837490692,93.30977903906634,92.90865538697167,80.27345173240434,39.49759489846749,29.945551673735615
2020-02-07,78.84818815604446,85.10818145738217,70.52489021414442,52.85547116010767,86.98917637457197,77.46781706947722,93.4855532425436,93.19829997022326,80.47276136712941,39.279117340887026,30.037352362809045
2020-02-10,78.9043794002686,85.36794378661972,70.87916507549781,52.21049964626599,87.23712809032699,77.42030714969158,94.08704982944283,93.68903169691288,79.67149703736418,39.88050742836504,29.805709345575387
2020-02-11,78.71898362551887,85.65408408209615,69.21584023046067,52.258285816507204,87.29700670924939,77.92471711438473,94.17351865152519,92.98622083689224,79.93170781103512,39.840566425382484,29.79066743335217
2020-02-12,78.69000667808143,85.63073995015863,69.09230570449255,52.221690439507945,86.75228678297105,77.54382734582899,94.26756933020853,93.12916320142425,79.9306817287797,39.933665427319674,29.763202315063033
2020-02-13,78.65020852099997,85.56612802480184,68.82863145678665,51.98443901216801,86.7813719684266,76.9283012244838,93.92796936269244,93.05946892737201,79.76156479713289,40.090911603726965,29.980769763672605
2020-02-14,78.57142613320772,85.20529730661653,68.81963947628273,51.97098932827017,86.864671582818,76.86812334001381,93.93863541599072,93.18602865766,79.85922630766736,40.16079169928345,30.198265799271034
2020-02-18,77.24449234818606,85.21400759824779,68.51207236709038,52.2480000259265,86.84799591205221,76.9272360240786,94.16683059957356,93.39282093890748,79.96652642689004,40.19048804856225,29.464649778467205
2020-02-19,77.1494237610395,85.06684877075448,68.1027020394543,51.71156406860143,86.57585450577687,76.50140140035016,93.82074391338224,92.9856783676457,79.82938656031963,40.50003725711559,30.473581752396573
2020-02-20,76.61470092893425,85.11534995282285,68.18132375044537,51.352547142673835,86.69045756719298,75.9067739921279,93.93708028311801,92.4488931776253,79.74728924628197,39.9346562690009,30.831598755234257
2020-02-21,76.98218272695333,85.18578440452106,66.80900320240242,52.49542467835479,87.37740282131304,75.28204994392942,93.58449660450145,91.72614884469199,79.70011288144171,38.74181595297008,31.25423684382718
2020-02-24,83.01726140961858,90.94642046054071,74.94137506994898,58.32089039108261,89.00988883619486,82.93607294317358,91.88902590682159,94.02040148220267,80.95965112020671,39.07975545387224,30.86765992112217
2020-02-25,86.30706166620206,95.16265311361316,76.99013451907726,60.805966800674014,90.52271672060985,90.10084488968828,92.9721077530227,95.25511044515248,85.38462883974627,42.31435174445345,32.96956593067752
2020-02-26,86.68675588234451,95.95025344526385,76.76698891241645,60.29839212287509,91.14881505678323,90.1631148550342,93.56558252533176,94.73916576744583,85.50817570448551,42.09978906775988,32.75207500561039
2020-02-27,85.84454018605744,97.91649928767247,84.12066299933545,67.24754941172338,93.32910477579041,90.19930056296926,91.69675723274618,95.83875247609815,88.29706040611292,55.316462043512416,44.673606688745046
2020-02-28,85.45178925336093,98.74927240626715,82.42055302037221,65.80321537651956,92.50862313566616,90.76639941569368,93.37309315493896,95.752233854169,89.31558398897431,54.30382259408158,42.54720378992133
2020-03-02,85.72403433888041,94.86756289271935,85.49825708845854,67.6900323090022,93.67878250998052,92.1808574231493,91.7744639224394,97.45915159026373,90.25774301150109,60.24078139899899,52.68910295406819
2020-03-03,86.02170592343803,94.45060573324292,85.89889454760113,68.68663870094035,94.36658219447219,92.36081974192746,93.03587234637126,97.32267565630949,87.40347567212629,58.95856236190167,56.09150644977801
2020-03-04,85.56405966506124,93.98481403543798,88.179337040962,65.45821801511165,91.82288187814576,93.778422572838,94.74656699887056,95.24042557448419,89.5563325846632,62.90941562157207,62.04254161404522
2020-03-05,85.93214938705026,93.6603621672627,88.24703122651354,67.03121838974275,92.91570666314291,91.80931171315642,94.79926986152451,93.58533567775201,89.85671895359772,65.67361581756418,64.45783018975187
2020-03-06,86.79476908042284,94.48770559044183,87.85640872630286,68.48365167812186,92.9494454692921,90.68642379776189,93.05745724387765,94.13916098044874,90.69686994974644,66.45507138260663,63.759134874759056
2020-03-09,88.73454169938985,93.28166148215156,83.64283549014567,74.1929616520772,95.19962042893589,87.89469328740502,94.22742370520994,93.91294191756896,94.27835120235193,73.6447170583305,66.33712674677187
2020-03-10,89.72799833212792,93.19611467971056,85.5832787519877,74.73649135932013,95.46213050646581,87.0128562619204,94.79509452062048,92.753383945025,93.8298045430631,79.04097460665571,67.84343783298712
2020-03-11,89.081014099834,93.38195986302748,86.84008224382352,75.07463582568683,95.56322838280657,87.61412806632224,95.20069417557818,90.45581921467289,93.60905228506287,80.95884540246007,71.17946223720384
2020-03-12,91.00368253678714,94.10989478634923,88.29367952761974,75.2337621174558,94.33580744988443,88.96141010008806,94.70574124212362,91.41458143288344,93.11479881361757,82.26528253347271,77.06081760201195
2020-03-13,91.2554538090852,91.71096440852301,89.52090467707174,76.70413693124517,94.3499908156971,89.42909825803957,93.23362575579094,91.783750475291,92.51682373684478,84.51565496567295,79.93389693515978
2020-03-16,91.57580575353603,92.39434353345835,84.60052627945129,79.48238465497616,94.65833913994048,90.39115758601186,93.36226291081786,92.2197529461331,92.82376064371061,83.84155183545354,82.9200382449983
2020-03-17,91.63510288031041,91.34235222305145,85.46481921146612,78.95696656488235,95.24495967435317,91.4884017149147,93.88241115255141,92.15876653429339,93.77396597018077,85.09341547688891,77.73354435516325
2020-03-18,89.85520293572337,92.1784455773525,85.15839235162326,77.85078974989078,95.82369644141832,90.629384881323,94.44100445048619,91.45551373728995,94.27287489666233,85.61536440380168,78.1704467186575
2020-03-19,90.71743398889699,91.48065270328175,83.00931593133048,72.18804858532546,96.59626858108287,90.33251832776261,95.97338660779171,92.95722139802923,94.04880760306062,86.82445696257957,75.95176153843644
2020-03-20,91.29879334515361,91.68310012686337,83.43900701814968,69.84831950873084,96.5041228886562,90.50198649719798,96.10641617581345,93.16937163898353,94.34950861411384,87.50140384317393,76.95818856341707
2020-03-23,88.12340524398564,89.50218059946984,84.05621480998167,71.337271370824,96.94154544018815,90.15647486696056,96.76852503687631,92.45363037536879,94.87965400272849,88.34608322166633,78.07906681471066
2020-03-24,87.07969724425155,89.76159206647723,83.2109438793362,73.23198252960971,96.8533912360879,90.48141535013956,96.06414875862559,92.62899812559627,94.76900300490429,88.51134510852363,79.75105232612148
2020-03-25,85.34078640291614,90.08470817828231,82.98448841002522,73.73405488614561,97.1229581171416,90.84111839825994,95.28353880082962,92.43860039666053,95.07255285681454,88.86136921315287,80.14124216026417
2020-03-26,86.14289246285045,90.18672584855143,83.71571546126899,73.32311099612014,96.65064508051837,90.72277580433648,94.94733627396833,92.70255754238293,94.86210593187208,88.87418073145817,80.88183558823086
2020-03-27,85.90340661371394,90.27899205032253,83.6141918970209,73.06275665939073,96.80514736810565,91.08480619672765,95.04784699547344,92.74721765690751,94.97887214734986,88.3534106172391,80.52396241485113
2020-03-30,86.22172390604379,90.36909952519646,83.6417322057151,73.09856616037388,96.61228915091381,90.6190212990466,94.82775756398924,92.93679691180621,95.14886595247701,88.21720682739142,80.67611390367826
2020-03-31,85.9919960795865,90.6013655140857,83.66032862978847,72.0271800317203,96.85054644106395,90.6276858546255,94.96660186725873,93.18493433449908,95.39082511297707,88.19232254847009,80.21916061841418
2020-04-01,86.29948895775031,90.79370752947571,83.10288221688187,72.21833261159983,96.80232391966874,90.75478219278213,94.82799278868345,93.27164511751982,95.35364851517684,88.36989788869475,80.49928763088431
2020-04-02,86.38023382610095,90.55199337311265,83.37193557857866,71.04427262160205,96.95049333360122,90.96022528941336,94.85626738976106,93.43707990493874,95.25115368022583,88.50587628117643,80.63636108557264
2020-04-03,86.58601024450964,90.82297478917734,83.23194397328825,70.96537730741039,97.096757741977,90.99165221235013,95.10047562369874,93.52637106730785,95.36472279146705,88.70736325697337,78.89969054266061
2020-04-06,87.26429615832603,90.22732284056733,82.194116778494,69.87423270458726,97.2383501900259,91.29261040508763,95.3370949472866,93.34047522085974,95.69835138645492,89.317924282593,79.88441893781973
2020-04-07,87.29296113694937,90.27978849218944,82.26717506589243,69.87173794366306,97.30939763350187,91.22779793563365,95.34807983759467,93.28667965568629,95.17392964226237,89.37232501288369,79.90289848558066
2020-04-08,87.16146227715475,90.36482736650241,82.18121523838292,70.290444829609,97.42709925092406,91.39399911428676,95.39365253928051,93.03183142390803,95.39356197690131,88.50770986021534,79.99527514005733
2020-04-09,87.09709759058931,90.66955613879408,82.36075327605353,69.62252107357247,97.0196652148148,91.20976246782269,95.60568503012492,92.93217147476173,95.12069123670923,88.76747332788219,79.97261117168526
2020-04-13,87.19840802871086,90.64073165034688,82.1442468952028,69.65324957216633,96.72361119116333,91.48691080618167,95.73707998234127,92.69132070058217,95.2659293546362,87.8915534913925,80.13881694429415
2020-04-14,87.21739006196836,90.63598869611394,81.58154227696,69.24231527967082,96.60043194203466,91.51234913128063,95.88804149504676,92.74027914745432,95.09377353788031,88.20997310039631,80.36322665809564
2020-04-15,86.9425324968266,90.78244576076028,81.72370909939163,69.66149910080598,96.62414384958262,91.161229012062,95.89619519847169,92.78602252627272,94.71094696648161,88.32732761201729,80.66103131193697
2020-04-16,87.04509573694983,90.6184632320829,81.79262788318036,69.41898018677625,96.64842820564043,90.27690671032516,96.03797411834627,92.85214858204252,94.91701391111062,88.48243335915853,80.79949726837113
2020-04-17,86.5296427518325,90.84500656755344,82.01487982292394,68.17976355409522,96.7417803015523,90.37757039982625,96.17492042116342,92.07848441179404,95.19872244644696,88.71068707196757,81.23865322593196
2020-04-20,86.38315074304258,90.97113683697022,82.21107697272782,68.25475446333847,96.61153661726698,90.22240671175162,96.27499340611375,92.10507946175497,95.33424737762836,88.48164864270636,80.85877217840273
2020-04-21,86.52610474405097,91.18458336343461,82.39182086598285,68.1199809645897,96.73581710846128,90.33466955327333,96.28994105908633,91.88122693967419,95.431418933943,88.16110308360305,80.4121673462276
2020-04-22,86.54026577983052,91.23527821752704,82.3486521541528,68.19621045762837,96.60959150108772,90.34123731696894,96.21320196424543,91.77440195945334,95.47185566622099,88.17764336936432,80.50764170039774
2020-04-23,86.47664367532926,91.37769790071131,82.29910734243498,67.54030222583955,96.74254242174871,90.37132636161174,96.32665773629869,91.865339665314,95.55861268706082,88.07573610199968,80.31995042707986
2020-04-24,86.47673758339671,91.31235785777899,82.38281286792704,67.38989955810153,96.798592804967,90.40950694014462,96.34361289861903,91.81757084864901,95.56937089743334,88.02801965593866,80.27727483444583
2020-04-27,86.47165407756158,91.37850779748203,82.22466366872838,67.47344441696701,96.69585710755703,90.46486508128248,96.37481156293418,91.73144470164492,95.58458681245172,88.06847286355557,80.28211032078185
2020-04-28,85.91034927288348,91.58755238565784,82.28170555054413,67.60978229219637,96.91907120862753,89.658407316636,96.24633246418865,91.68466817842028,95.50190088093727,88.27607748422959,80.4579075714194
2020-04-29,84.86720402872794,92.02317432811793,81.80115665584262,67.5953296703759,97.25239287689126,89.7943011014975,96.5418501136034,91.90132432646766,95.84773019518086,88.31159886948221,78.87025398253041
2020-04-30,84.52194520488025,92.01582944321892,82.00455984219967,67.72789157932364,97.27602809411486,89.76001338975539,96.6133986203123,91.69388399001664,95.57247588057852,88.26617676809619,79.04241695674801
2020-05-01,84.51894387713591,91.87369451945985,81.87091045784906,68.11977492834163,97.23023093587835,89.85964046250493,96.6013899887137,91.804342745241,95.40316916043979,88.38481229722824,79.08784851683211
2020-05-04,84.59153375275972,91.89955665479316,81.7892325134191,67.69485929560423,97.15203376938278,89.88598603129371,96.47831507937931,91.85195171869046,95.49273242957806,88.46621038586326,79.16776026581705
2020-05-05,84.64162016530764,91.92834186288033,81.7795325304978,67.71924044526752,97.18217685359699,89.50282426003879,96.52059660672535,91.81503835929294,95.53732291722255,88.49569118626968,79.20389620489497
2020-05-06,84.58887847987499,91.72857456009919,81.92880094847447,67.8669080373757,97.3022351530247,89.58894313891746,96.63423237844792,91.16147958753996,95.65689941185666,88.56781012248531,79.10010189638321
2020-05-07,84.54597471211298,91.77591097563716,81.7238467337993,67.90710906574108,97.31166796736164,89.3643716616976,96.6834319533283,91.22837071931647,95.62512255682732,88.6291625242186,79.14440541277155
2020-05-08,84.65221987136103,91.82554458947679,81.7439121398633,68.08744603572632,97.231661788635,89.1037558490307,96.69213022579224,91.18117879618117,95.62619008571036,88.63815355761633,79.2582351080045
2020-05-11,84.68587655172115,91.90835518907579,81.82505619818215,68.08591870701879,97.25971454575046,88.46870397610117,96.74973092678164,91.08104316927552,95.5868488445473,88.72816882641062,79.31000819257979
2020-05-12,84.89141913685496,92.04645204679824,81.89390514897502,67.785067497441,97.28987496344645,88.68262630402383,96.80420184059403,91.24325299706574,95.54608317815942,88.3090382454018,79.09255676754366
2020-05-13,84.96826690597065,92.08763281436295,81.94431230272254,67.98088732700137,97.22911355109365,88.68694549304728,96.76368104115045,91.2730746688191,95.54948427640784,88.24095667714684,79.07155540216354
2020-05-14,85.02013107345803,92.12472272744454,81.65298384443935,68.0410138314968,97.07852794476364,88.74807553351638,96.811877461024,91.30759361606776,95.5980798360322,88.14543077586798,79.13862461680462
2020-05-15,84.90401712055976,92.17892648494012,81.59120147646553,68.06650508040276,96.9616704766024,88.66342641021403,96.81136180320496,91.39573996452602,95.67721120111307,88.13774260580206,79.01654541125922
2020-05-18,84.99217682795475,92.44314146674941,81.51664378856124,68.51077721065272,97.13896049042174,87.11614125831592,96.21861197718125,91.33701429060531,95.89645464922312,88.4472892719334,79.45233233898566
2020-05-19,84.74394203544615,92.22678150052987,81.63233501346585,68.53572975511321,97.17051994129007,87.25929664870148,96.24444110774965,91.19146181802618,95.87894192259047,88.52388900222371,79.5514774696162
2020-05-20,84.56669533691219,92.21617604152983,81.75185677851121,68.48438846088564,97.26653396784566,86.82877055047226,96.32740487513,91.25778864549149,95.9509643056551,88.54876654632798,79.57594247322317
2020-05-21,84.6069345173583,91.977103805715,81.73101158620699,68.47478196962467,97.26588434461203,86.88785954487096,96.24206545839742,91.28037182808605,96.0039788653165,88.56687906964967,79.5932739503365
2020-05-22,84.67467316488008,91.96653912928053,81.73032965687341,68.45668907891194,97.25204419128761,86.94822302867692,96.31323680237561,91.32436374876613,96.0173817837436,88.20189191241211,79.5242581331756
2020-05-26,84.53420977623333,92.25490424746495,81.78872691166517,68.76819799197021,96.78208722032579,86.43757298711058,95.99588490408944,91.02003526036303,96.2043254058404,88.42765023635498,79.54736641544054
2020-05-27,84.54880004934209,92.42763415298523,82.0712084296059,68.2749943694534,96.54624813516696,86.70721211060163,95.87412866063244,90.98602058219863,96.05024531486616,88.54904936582966,79.67522586947167
2020-05-28,84.56692174366152,92.39612661854973,82.15007206435193,67.67855647487164,96.30962519944083,86.45097116309373,95.95089561899002,91.25424353207629,96.23710872840732,88.67858335301237,79.22912037374915
2020-05-29,84.60152280437212,92.43461047999617,82.13152733932156,67.70029577051375,96.23077928597321,86.37920934836539,95.97018612754827,91.2076296536966,96.28161665807227,88.59221638125098,79.23281224057675
2020-06-01,84.6465439112371,92.52476667133035,82.21560380246797,67.6766384053657,96.27546714938345,85.72377971166596,96.01301749718733,91.15389502219793,96.37037570538685,88.55906042577148,79.30658614024075
2020-06-02,84.60376950161256,92.54711605730641,82.23029050808812,67.6684051696689,96.27207962126307,85.72732525033985,96.01626618697532,91.1780484842923,96.31368901064643,88.56635124026704,79.3038597405099
2020-06-03,84.5335831100743,92.70861383914527,82.08316673163098,67.86337320570182,96.1040275174602,85.22484422786845,95.67044348767743,91.2273842882762,96.43569957408126,88.74069447710549,79.39252041286667
2020-06-04,84.58260393342155,92.81225966839018,82.18024333843552,67.94133844550232,95.67757099565482,85.31227250347573,95.57488158010094,91.29750072837203,96.48110319306252,88.54679194942774,79.26087555574347
2020-06-05,84.6750940336127,92.86465528645176,82.17196495832802,68.38551225554626,95.60724909588448,85.4902296985305,95.53940700094937,91.39175580205561,96.3608023526661,88.73909895948296,79.00111622259271
2020-06-08,84.72913134722728,92.92336011977916,82.25770411517472,68.52401571854107,95.58934568766887,85.45924896785243,95.54894123123468,91.3617831820765,95.9523042383524,88.799372377537,79.10538754343231
2020-06-09,84.6387512790896,92.94448695895943,82.3287799671874,68.53745989082984,95.66549725629142,85.58749787756216,95.53061347686315,90.84553446753144,96.04436743166602,88.87063722369867,79.09041548317391
2020-06-10,84.76220257359971,93.16690991223129,82.42392321560892,68.48410904523702,95.28398019562455,85.68302535765828,95.61230289318829,89.76762299836659,96.22888033757907,89.10636037310883,79.05772805564887
2020-06-11,85.31318625236356,93.3094758370968,82.87431412147882,69.62863068271767,95.03026091844603,86.46443501979421,95.43511570386262,90.25684131343684,96.0967533098215,89.16547237194214,78.25487581725044
2020-06-12,85.31639244150915,93.39567197489565,82.77037728499889,69.50581071138556,94.890877757133,86.51148922375558,95.50152044527934,90.13171390049338,96.19116564394031,88.94848024103119,78.08292578743585
2020-06-15,85.28974620796453,93.45073260890877,82.83632802178597,69.19887684742238,94.84329567192508,86.50427413784723,95.48373265584227,90.18183831467645,96.22257291519348,88.95977930595555,78.18218496857824
2020-06-16,85.2290378290228,93.49319882669444,82.90536230568084,69.34142570331461,94.79252573791733,86.46228967306675,95.51179553371065,90.24317239122793,96.25936413942286,89.0214219208883,77.93506086034657
2020-06-17,85.16476127693714,93.49891859326387,82.90862519257095,69.15103447042794,94.8255079228651,86.46409280899708,95.55000309256894,90.14909388780265,96.30174160877759,89.05285839111107,78.00834308583896
2020-06-18,85.18016903988384,93.48618525887287,82.87668074114356,69.02991818543252,94.87238449115762,86.44450781307513,95.58805215418076,90.1839263034551,96.34406983147882,88.91663567000221,78.04042083644059
2020-06-19,85.22109635719069,93.60305674731852,82.96286439195157,69.12264596317723,94.91176498311802,85.99217261862945,95.68587461681945,90.29432548596621,96.39427972235119,89.02233789114624,77.42483828302538
2020-06-22,85.29567769681847,93.54769489999885,82.85447129899606,69.18978074624737,94.9191092511202,85.90931191948216,95.77295105123723,89.94150806708842,96.48061540822602,89.06578717215658,77.40561769423145
2020-06-23,85.30216778934134,93.54179963364835,82.88568784833545,69.19114061437142,94.93723010319498,85.92170902657396,95.79055910858382,89.94427482736998,96.50045742575558,89.03533486896964,77.24749614509777
2020-06-24,85.46624751450412,93.58912655973842,82.9577008894687,69.55351782777623,94.96606888164537,86.10738866667016,95.79776017971466,89.99582757942684,96.5177845245138,89.07736208308816,76.58455720715031
2020-06-25,85.42622531329692,93.43124322626034,83.07017803207604,69.54746256922638,94.80696963550643,86.21616911029182,95.87975967924118,90.0636440308827,96.5964138341175,89.17363565372062,76.17266786798812
2020-06-26,84.73813256049884,93.56844607092715,83.29509712978046,69.84397133553038,94.84476263458052,86.12646191373605,95.98653288512804,90.05299559898368,96.4699099457559,89.18580724605305,75.95712864017344
2020-06-29,84.82306898583644,93.62825574095952,83.37091350862035,69.94142689102948,94.79105170440808,86.07152865004349,95.78631437423319,89.83494893148243,96.42187824499044,89.23172852596136,76.01657178424362
2020-06-30,84.86545435232294,93.667338395384,83.36892468127228,70.01536021590623,94.81538680983559,86.09650790474122,95.71059827392466,89.8665447928929,96.44983773487047,89.26670952414455,75.73608618908742
2020-07-01,84.23675634904981,93.86372149884085,83.48375944021033,69.46163192384459,94.770153527989,86.28520092905094,95.69639311121786,90.03402412076596,96.6279575487678,89.06253986236936,75.66156846805801
2020-07-02,84.07900367382906,93.9091457634717,83.5058871667924,69.47213008520593,94.77844567282537,86.34269100404518,95.65963237858544,90.08111320502303,96.44993011578467,89.01753413872825,75.69376056741713
2020-07-06,84.05009566742986,93.74432347654879,83.56075416678462,69.50158987992751,94.84244570489972,86.45959902631918,95.78522850434213,90.1955300063904,96.53682019625582,89.0257660025263,74.80790728504927
2020-07-07,84.045260287917,93.74456852119339,82.5271564463273,69.47410176253992,94.90735282364994,86.63713821393313,95.83866792314258,90.35779703622637,96.54523555474304,89.19189864800565,74.82412409187651
2020-07-08,84.0233121012591,93.73892653638505,82.39573304784984,69.55638005877957,94.89439271962735,86.5993437681286,95.95618098394397,90.34360516646458,96.05507026104964,89.30724801319077,74.91163211421376
2020-07-09,83.87721917633074,93.69685696119541,82.52015022404365,69.19862655199978,94.9051592603532,86.69005833376724,95.93434152189883,90.05773704810385,96.18958221528645,89.38671703504295,75.01273636039745
2020-07-10,84.03045108675204,93.7927493744541,82.5044637990168,69.31150783216958,94.85019944405167,86.23218361465295,96.05375797087773,89.56134194167979,96.34065935218531,89.30495751267536,75.10289771643045
2020-07-13,83.81881115594777,93.77730034498413,82.61972503784146,69.44131002000726,94.75783905812736,86.14542941462051,95.94404733973475,89.13970857932023,96.49496642132499,89.334156745481,75.20077988800402
2020-07-14,83.92297549966351,93.81156803353122,82.74033468891719,69.58975282322287,94.58692018918708,86.18996308490743,95.93981948688521,89.12861363112425,96.4471212204411,89.23973402014676,75.12765116132377
2020-07-15,84.02868842363686,93.89226222714764,82.57053060875371,69.68212388189542,94.56555520366268,86.28404049012079,95.76108314411809,89.20730670759463,96.45009897980765,89.30018232105404,74.58504911717365
2020-07-16,84.03716785511531,93.94753314762157,82.57810526831803,69.72575124005397,94.62882052177697,86.34657801974268,95.83332317300915,89.04632241290835,96.49561908500405,89.20811360679343,74.29637558904874
2020-07-17,84.0459347295496,93.80894996497379,82.66081067328547,69.63371264448693,94.54854620774833,86.35128791185538,95.90767652658963,89.09919055130996,96.58770212007538,89.15633748868426,74.04441768777919
2020-07-20,83.96152863833288,93.33747737317059,82.46677755634813,69.80637720524571,94.81014667218226,86.52639912023542,95.99260303553874,88.17555143217544,96.77335463886851,89.25556556113428,74.0095898352104
2020-07-21,83.75784415934929,93.37613259134461,82.54069115783558,68.62275854627065,94.93469425410885,86.71103845730856,96.15382779331023,87.80595120315542,96.96102557097731,89.2812100140298,74.17915889750073
2020-07-22,83.75310005428756,93.38338566407172,82.55378382116953,68.36177207885893,94.9395493936908,86.74850064395244,96.1730045689293,87.85114959161176,96.96007177467003,89.30921053193104,74.21460232952322
2020-07-23,83.564688261994,93.3137912660416,82.41088416631098,68.31319315391455,94.92307681693622,86.91910529779541,96.2907749443143,87.27003920028677,97.09274752062397,89.46065958287153,74.26758210162043
2020-07-24,83.55644737724354,93.18599553421663,82.47780513633955,68.31912017970329,94.91363448936987,86.698188485191,96.36480391699008,87.15924097304978,97.15479416498961,89.51397033668908,74.32751560351201
2020-07-27,83.60793429167158,93.25301045561518,82.50715348029733,68.35515226788264,94.781597322986,86.78527978331425,96.44452045847821,87.10725221952244,97.13205111036353,89.45762117389252,73.99543010055582
2020-07-28,83.67687166470712,93.34809894596192,82.6080041209809,68.48098639409844,94.92844254359652,86.99548524137313,96.62412848972723,87.23909179159934,96.95684189118373,88.35268197104146,73.60178111590334
2020-07-29,83.7174517256772,93.39634669933724,82.35387991961018,68.6482481012255,94.93783030467452,87.06860585625608,96.63561187779828,87.3270119391907,96.91061534738057,88.39510261364617,73.53071500181751
2020-07-30,83.61733335725395,93.41128651368741,82.40909147493608,68.28499600865267,94.90857688466224,87.19779116644685,96.74577116119784,87.04027366348139,96.80266899119822,88.50488262214998,73.5366142696274
2020-07-31,83.4473861658814,93.47033869727916,82.43075965582177,68.37815374031425,95.01125820787408,87.05346451333577,96.80200953576198,86.53106788987684,96.9113696780857,88.57847477768945,73.60417918955616
2020-08-03,83.53918119144156,93.5567090895098,82.52871310282296,68.49060814185188,95.17541335624405,86.88808220622269,96.98275688861622,85.790926166504,96.99380794584967,88.26308007629112,73.54203501469402
2020-08-04,83.62794222143529,93.61045758520734,82.60097141030352,68.58993752382342,94.89376138691951,86.76377868268304,96.90343486624204,85.78486097348751,96.93226622948795,88.338783245809,73.66685390052638
2020-08-05,83.68829506331788,93.60822280624542,82.66795098600764,68.66418277820549,94.84144264896617,86.88311246584013,96.67034049063497,85.91863917061906,96.75885785473264,88.33128397290832,73.18754706988501
2020-08-06,82.51901259537023,93.74347824004191,82.8066478851697,68.61756943402916,94.94344184026191,86.7806658743725,96.78647397506819,85.89465867769133,96.70575456083,88.50192232152213,73.36150021860506
2020-08-07,82.66372728951418,93.8844413969974,82.93210739806952,68.63850663292554,94.99289147316814,86.88222546239662,96.76005405605012,84.78566725036612,96.80868646597887,88.54262028264999,73.28301324473938
2020-08-10,82.57303206822833,93.9166591536733,83.06448455698101,68.55967713221348,95.11525065286764,86.708003534824,96.29438537031712,84.70786142796155,96.94521951472714,88.51745422005455,73.34350084233816
2020-08-11,82.58715979203845,94.0011830853359,83.21492114916487,68.63638563704001,94.33308601114571,86.85375317663585,96.16429576767932,84.71309778316267,97.00484330008562,88.62948304722373,73.31696554470011
2020-08-12,82.71449902811605,94.06506261264913,83.29239541568701,68.6511864793913,93.96831733996608,86.82987250158835,95.96903384290191,84.74211861010888,96.84811768789129,88.74673800966146,73.49541695921117
2020-08-13,82.60884692100232,94.09394991035126,83.30018453251753,68.66011007808719,94.00294167648049,86.84498193679522,96.00345148730727,84.73821174584141,96.84445854550943,88.63462964649895,73.5195869767661
2020-08-14,82.63492496738311,94.11302665218803,83.32330579212639,68.59369519075938,93.99850386622437,86.8298286167827,95.98852359200342,84.7367811473106,96.87009216243194,88.61997597181792,73.45086281070155
2020-08-17,82.71988877745979,93.86656390481228,83.35387494923313,68.62378436595954,93.57602677378263,86.86449681938919,95.98995747588049,84.78977188486715,96.94858799595848,88.61013435584654,73.50458769366732
2020-08-18,82.627401493885,93.84763173813037,83.19597269982945,68.70253109594769,93.58685489562701,86.91281619752883,96.00016896058591,84.82261012567456,96.96420855931456,88.6249176351542,73.56536193051531
2020-08-19,82.6687085179262,93.8995647300918,83.2215470419378,68.77500783584046,93.50491109892366,86.95221433277757,95.97081777545064,84.84171237943488,96.98774536243701,88.42934192010009,73.55320480087212
2020-08-20,82.28633971663562,93.98663370589628,83.31285080587202,68.65494838185354,93.52373648910826,87.02101335072868,96.0447452282366,84.6973648374177,97.06020910635046,88.30694891643122,73.55607869287675
2020-08-21,82.2237418811907,93.96713264924466,83.35881935806134,68.59969048302328,93.46476850016037,87.07059114741152,96.09513082998855,84.52016848292047,97.06483691116068,88.32415654390044,73.60290137673675
2020-08-24,82.33661107613979,94.04266213152496,83.47178686458096,68.70623073956939,93.46284900714755,86.57461816635903,96.14731720343988,84.547222831428,97.09030737469665,88.07538649827424,73.67888021865656
2020-08-25,82.09772149408215,94.09813111220852,83.5216963803664,68.54389275530227,93.48141421740156,86.61536884689947,96.17117666647707,84.60645420705953,97.02713521146885,88.10856970994587,73.58605393612154
2020-08-26,79.91410276652141,94.33045238523718,83.82413511568609,68.14068070939041,93.62120077329097,86.77740194462238,96.51895604578682,84.4850466265064,97.35594286550267,88.13495482856136,73.59637127593264
2020-08-27,79.5595104441472,94.22418727434763,83.86719101986073,68.16697453502843,93.61552246779576,86.83314589780034,96.63203090118712,84.5304267576818,97.38333314127098,87.83836930193756,73.664090174847
2020-08-28,79.52453279924923,94.26331630163759,83.91787481052864,68.28152434294694,93.5423158353922,86.83095810635986,96.6338175212516,84.60854093127894,97.39285009993048,87.81776527555824,73.63410716812753
2020-08-31,79.59440364206799,94.28657776857898,83.98973408264749,68.3341898252373,93.58158904015,86.7319657499874,96.60922168067074,84.456932453508,97.32819486017424,87.87983009215796,73.56609121130319
2020-09-01,79.75533135193032,94.40546318662739,84.15470756313273,68.41903676729711,93.77190673900222,86.38415529875309,96.7253081611171,84.39234319819046,96.48061694957428,87.94317052344627,73.310020811386
2020-09-02,79.9065508649725,94.50840816767057,84.31528855076837,67.42941237885472,93.64948061468664,86.60369301336019,96.7920244559059,84.12416714740347,96.48456480870762,88.10963573263328,73.45217975422682
2020-09-03,80.33188117280459,94.58168084374815,84.88877973328718,66.29793484935962,93.34104494036643,87.04753187946382,97.11061702965047,83.0636460354081,96.85034262987848,88.10671771112564,73.43904107542306
2020-09-04,80.00399639302044,94.63395427357358,84.95465587329329,66.37191510758761,92.92107241446169,87.00381638075957,97.05142127829622,82.89850120867605,96.95579930795938,88.2670002817552,73.58078089169378
2020-09-08,80.15531250763496,94.43589066636305,85.22800500339495,66.80142648428668,93.22701296874328,87.13555290884165,97.19075537107788,82.3693726476688,97.04888408588494,88.09973490111867,72.96411250492162
2020-09-09,80.04677477095487,94.46804678435639,85.29033476478618,66.78651486892292,93.121131330967,87.21260950625725,97.22408415073684,82.3634002847846,97.04511103120225,88.0141674352316,73.01393604236628
2020-09-10,80.17237397259174,94.46513542555259,85.44451702868317,67.0158863962285,92.92594041793744,87.36959108971212,97.09137437854692,82.52820729971981,96.77617185756294,87.97389859032576,73.26428093455536
2020-09-11,80.13983787535167,94.54088943176501,85.48610018377371,67.06062309273855,92.98758671365826,87.44250162937352,96.92465214162812,82.2407388600237,96.6512843520866,87.97832873575261,73.31909883129316
2020-09-14,80.01221212255521,94.57101170721256,85.40601539494014,67.04077135874874,93.02620287376963,87.52590028523845,96.93675094617538,82.31891308940345,96.67894637935387,87.92092516309671,73.37984782605179
2020-09-15,79.75773499894099,94.66673674539967,85.38007306342516,67.01012715969014,92.49305544766473,87.62050791663863,96.99495472972812,82.3703841970381,96.79331578953217,87.9221203865345,73.45271958136516
2020-09-16,79.70997212037791,94.766789620502,85.44931139381785,65.74768590566408,92.51213160402096,87.74166137760729,96.97815224483467,82.05169948567242,96.99500189823698,88.05387948723289,73.64393865410983
2020-09-17,79.58100182547865,94.77474023275771,85.55741289963481,65.70112666488329,92.73626699214972,87.79939895688848,96.95492358491961,82.12086313043815,96.45148413123353,87.87721138738449,73.7692530333153
2020-09-18,79.67690972256659,94.87372105532351,85.64955921512494,65.54874224153016,92.24645340413645,87.6505157338424,97.0412406787867,82.228062223784,96.56950959952333,87.89512388125982,73.85958792517559
2020-09-21,79.85762473611325,95.10764249559794,85.77867320705303,65.90256613786052,92.47227651166784,87.93319951213424,96.99191589988297,80.9165960593258,96.18075875632321,88.10559794321385,73.54845720598941
2020-09-22,79.79807206115395,94.80400656736524,85.87708145277547,65.86458043658979,92.1725949186951,87.91477382042356,97.12714889357063,80.96276567407769,96.21089377689475,88.2124724178734,73.62746329218251
2020-09-23,80.29449548353985,94.7019214329581,85.94303008700807,66.51491834749234,92.0904799690066,87.67979185487668,96.8693107066561,81.38958792096022,96.2309120904722,88.46287483789082,73.6371077049478
2020-09-24,80.30088468412349,94.6767242075754,85.8935446036773,66.53570540493526,92.14147421021188,87.52177874774726,96.92422372068846,81.39170763822864,96.26672501720104,88.48829669652757,73.48206911403442
2020-09-25,80.41573328180935,94.73552824199865,85.73540379099215,66.2990398335192,92.11406453335181,87.63321108528545,96.97274774966446,81.44656643166367,96.21402141174246,88.5576391693698,73.58825174538121
2020-09-28,80.48666603304095,94.78370917535608,85.82697325566313,66.55942196710694,92.15442858385236,87.61327799772074,96.97261900014696,81.57003869413111,96.261044151258,88.56217995583488,73.19505465159365
2020-09-29,80.35860149610822,94.79817018807952,85.91119459651524,66.46643963861787,92.21176904331185,87.5692880119239,97.00611749383184,81.55111671205243,96.29790029259637,88.59362055944935,73.13514933289338
2020-09-30,80.24229877631774,94.87448925799859,85.94589384073255,66.42846618440386,92.33743033066133,87.36185571326871,96.80363832100983,81.58654210913828,96.3774722171616,88.5960926087961,73.2134801995581
2020-10-01,80.2036476240862,94.90879355400939,86.0950483906599,65.74570912665466,92.51882202941201,87.38555175133541,97.02501037385136,81.73236467693982,95.44819964239943,88.56607768260045,73.32606613067462
2020-10-02,79.50394927283745,95.1945704182514,86.40298424984563,65.7394563235638,92.77500671210407,87.50458994828988,96.99436232110942,80.717710756457,95.51935154447466,88.28033796118775,73.07936573447984
2020-10-05,79.7097126975088,95.24616366052801,86.40067318282317,65.87747295917187,92.65478811444211,87.59890410385674,96.88333809869249,80.91568243276447,95.51797603327451,87.89417601202894,73.08039109679218
2020-10-06,79.64853193077289,95.1290501590245,86.50774251167708,65.99703914788785,92.68325938205524,87.78800157635905,96.9743407417336,81.04048764050103,95.62782331885407,87.94985235340668,72.2321051736594
2020-10-07,79.5430051131173,95.14596970024498,86.65697863924736,66.17562268857397,92.77412006819023,87.91573333813746,97.0339971009584,81.18019049022406,95.5795716277102,87.49475337559733,72.08967964092093
2020-10-08,79.6331017143824,95.02019975325574,86.69634102530311,66.0185404113305,92.842234026476,87.85360555925168,97.04913664746809,81.0990615798018,95.57366114404235,87.5513592849858,72.1652390804914
2020-10-09,79.65533921396595,95.02630544439558,86.72040400938943,65.52896974557825,92.87169645051759,87.95756870229445,97.12768648252188,81.05573176395963,95.67958847395215,87.43969618163236,72.08339360166806
2020-10-12,79.38267860265022,95.10750935125897,86.79378098574192,65.61714441969444,93.06464309851499,87.98310935885256,97.19377660374703,80.90114182851909,95.26787636030238,87.44688350290605,72.12592897057304
2020-10-13,79.08491930266341,95.01247434226646,86.74241931100737,65.68224689483587,92.94534413581633,88.05674609830689,97.25462270140738,80.96383735865527,95.36348843765285,87.35911649277273,72.1941533861808
2020-10-14,79.17006321728229,95.02054804530054,86.87181039386014,65.37891331507436,92.97068489519305,88.11369903596302,96.86588335341797,81.08847632257348,95.25504786151497,87.40476025338927,72.24552671465011
2020-10-15,79.0394487334668,95.02096353989405,86.94150144481277,65.19885834068954,92.9151746406725,87.80490808764617,96.97745203452143,81.09621676167947,95.3682499197465,87.35018206542408,72.33151383389537
2020-10-16,79.14317806829455,94.66622192298725,87.05461836117308,64.9522490319278,93.00950951995665,87.549890091367,97.02781002024014,81.15856755025911,95.41689521058188,87.43506605883051,72.18682022134453
2020-10-19,79.20898633424609,94.58353048720896,87.09299714087209,64.95452346977763,93.02850044262486,87.66728979021165,96.92299131464522,81.20875727809764,95.36134935869148,87.48363293546183,72.16466976920869
2020-10-20,79.22025814150548,94.61745939351637,87.0133869265206,64.89986887511634,93.04615028514631,87.62154712718181,96.95646922003448,81.15234969068423,95.35953048737521,87.49706986670445,72.16911081676956
2020-10-21,78.0495901733319,94.69991608863035,87.07366019547376,64.88792914310488,93.14105179521958,87.71204529799803,96.91581230169642,81.2781521522656,95.46131198031185,87.60728616442233,72.26376592124959
2020-10-22,78.25069724608163,94.75551089486292,86.7272574106269,64.81037050710265,93.29079346784938,87.88596865548524,97.08673427809728,80.8641891689081,95.52565459518166,87.03537375076965,72.55855365284894
2020-10-23,78.18556675462354,94.75813348445125,86.75096993830405,64.71322960218717,93.30089702572663,87.90499782791696,97.14131783394869,80.76327221536943,95.49978001338559,87.13216113920556,72.54202099441834
2020-10-26,78.53706874925157,94.835553436294,86.92206868660455,65.11467688444957,93.40035928979597,87.99539172305585,97.20648560291228,80.95643621292383,95.53373266538952,86.99490444921649,71.6268253852242
2020-10-27,78.28662809729188,94.91225872837065,86.98083968926521,65.11795053669655,93.39607284220865,88.11607954930491,96.88393796063724,80.94327554263313,95.61626395024334,87.09694862229394,71.49404934236638
2020-10-28,79.30860954171774,95.16335369477369,87.46491504713252,65.55243084464428,92.41665634733945,88.5035762955448,96.6314641736492,81.77810524791366,95.44064294858204,86.34933594513296,72.15532498180089
2020-10-29,79.05890846203296,95.20870106717604,87.33832846569504,65.47745489939254,92.5399924473087,87.33155105228332,96.82460979137963,81.93672055843234,95.4839209777087,86.56118067563541,72.32287421150258
2020-10-30,79.18075259124826,94.75697357861024,87.3334154280971,65.4527304375635,92.58054735716311,87.34103576911367,96.92818284017785,81.85007914138325,95.36141353095164,86.59530757093229,72.43244192921989
2020-11-02,78.58521229518755,94.63777949266608,87.55810556323529,65.90719914930175,92.64622317673715,87.6252009402593,96.95988324527771,81.29374885049202,95.1372816682175,86.84773761513532,72.83371957597319
2020-11-03,78.89974721772442,94.73303952256637,87.6059984591285,64.97321374810674,92.7804622540104,87.59256814190478,96.88441084099532,81.5597273689364,95.18008522644506,86.92001048235824,72.7168584412469
2020-11-04,77.51309982969944,95.55962843968439,88.23589003785673,65.75045792704962,92.57125675074738,84.12334886612003,96.76827547660086,81.46264234266842,93.95708017922507,87.92090702677297,71.66949586779162
2020-11-05,77.68109641876163,95.88417404056507,88.0386441508069,65.20987147113647,93.18404992504641,83.92853994310715,97.115626701567,81.6406001180722,93.43920874649248,87.06477858286654,71.92406239858971
2020-11-06,77.74944583346748,95.9805151796516,87.92363639555137,64.75287484987626,93.1156968914955,84.03652759044611,97.1734161565935,81.532969840837,93.28063080078395,87.14570512336834,72.01245533916938
2020-11-09,76.35825386795257,94.9549015185338,86.8693839263707,60.766362577465,90.33999114301226,84.93810181316121,98.37298753106086,80.61824460326538,94.50605560354155,88.61031820218624,73.33810157087242
2020-11-10,76.46996584179072,94.82170140160075,86.58141623967778,61.064880157467684,90.31638265318702,85.23980240699576,98.52670673678443,79.57150141173756,94.58696639841422,88.5312758397851,73.52628783047041
2020-11-11,76.42737702527035,94.89341758481834,86.64229379555215,61.124765429596096,90.54743521683254,84.83761186728677,98.40116998136985,78.8835961280196,94.04988998109101,88.66425796951565,73.59344803655252
2020-11-12,76.53681664250497,94.94227947577536,86.36388208543899,61.30424466120865,90.5970524357729,84.48786525730299,98.41892399359104,79.00685622437243,93.98156740576222,88.69406001037797,73.71971744779569
2020-11-13,76.72708822584134,95.00397704523364,86.51001154880575,61.64472149834002,90.53575174527647,84.59259537011529,98.4315223284071,78.56476222314966,94.03149771652362,88.82574611576443,73.76138211981049
2020-11-16,76.81579163265393,95.23816864774511,86.66206519238162,61.21974595533329,90.65502240367181,83.54893701991939,98.53472777934336,78.72439448902988,94.19444180440651,88.77087789789152,73.75244640872276
2020-11-17,76.86171185278705,95.3446309472318,86.72723755203916,60.889522780669964,90.66606081547681,83.59934260451617,98.6605400322069,78.80526396429389,94.26678994881308,88.65778408126913,73.30006915017225
2020-11-18,76.97463935645368,95.1564031466267,86.81455388081532,61.32855938290562,90.5889123390201,83.73003625464393,98.418956255683,78.83371045270837,94.17336196612649,88.81456305202772,73.4276848466739
2020-11-19,76.99570660192995,95.15893354056217,86.85312267276254,61.27872801164796,90.61545991157828,83.66877744615286,98.43973018425282,78.85218780896096,94.19399556980159,88.84765960892909,73.23363683867453
2020-11-20,76.99507160952527,95.19726749360991,86.8770993033322,61.31774962007508,90.65492387201442,83.66619226118932,98.41718928461013,78.90349691408949,94.1180986851991,88.8852689326352,73.09119769611426
2020-11-23,77.10793831002786,95.44034541395978,86.97503589536171,59.55205327344347,90.78535065318604,83.45882310758871,98.52552984984379,78.88733131646454,94.31166640972978,88.71912345743524,73.15366459642121
2020-11-24,77.36157515438285,95.61137066830972,87.01411449031808,59.60605671370807,90.49966352735987,83.10805158558321,98.55881981393694,79.07679337570991,94.45728177962002,87.95229372019882,73.26386117203948
2020-11-25,77.34512291266464,95.60412506301573,87.10639856841898,59.31908613357573,90.53121631023527,83.17035060860017,98.57066321531752,79.01317906404577,94.25833160245553,87.93446854326089,73.28178683006415
2020-11-27,77.36338734170066,95.64811250377136,87.15668234500913,59.29672982342519,90.56661633930746,82.86224843715902,98.61617320956717,79.05085437746139,94.28548105473988,87.96042189340008,73.10830894598426
2020-11-30,77.47115028767386,95.81122103666358,87.04633695876844,58.88720806339627,90.60339502922996,82.5001788571899,98.70101579721178,78.62607071301447,94.418061326026,88.09753643396276,73.27550804018449
2020-12-01,77.53778970535451,95.76266456846064,87.1243456278379,58.92192504744072,90.7625044807781,82.53285991467243,98.17235238633538,78.62298299377436,94.49582486871995,88.20495522668136,73.4476183876876
2020-12-02,77.49088812971223,95.78393530889214,86.63180145635307,58.65307247197209,90.86931009098566,82.64793220262267,98.42318399574972,78.83380266300631,93.7955468685472,87.92406030607629,73.63524248637685
2020-12-03,77.51716330628088,95.83241218534066,86.7124073024733,58.64766151713885,90.94000635903649,82.70185339946053,98.48554704964717,78.90116176637551,93.47636920870366,87.7836786983285,73.38869068490406
2020-12-04,77.27073060711479,95.65729442229934,86.92304724745864,58.16012073505603,91.08673152193691,82.87607251483202,98.6520221758039,79.08922437482695,93.52532066717357,87.9507065885341,72.39243243948424
2020-12-07,76.87531804276091,95.70277790016695,86.96640675652206,58.141186309979595,91.16392277474992,82.97198446358342,98.70567774814947,78.91913721910066,93.60729426726598,88.02620178823582,72.22487378078361
2020-12-08,76.85663997056372,95.62088385900792,86.98459840060474,58.148105629215486,91.14080246899196,82.97772560800985,98.74365065231225,78.96206044108722,93.64895958471725,87.87854837408834,72.20592879965275
2020-12-09,76.8310410647522,95.5807171372885,87.11590823709086,58.077114073263,91.1512270127713,83.06636812672869,98.63157722207637,78.66716823559126,93.58047769732663,87.93388510224752,72.2470148890622
2020-12-10,76.86528069046773,95.68773247588956,87.1918587018214,57.01679279077837,91.1933887425695,83.16718198871766,98.63424342977373,78.70020621962253,93.63303278106629,88.02567210897668,72.35916461545851
2020-12-11,76.73867993602185,95.65235035697555,87.16449279904454,57.05826353363525,91.16057299950918,83.21141195520912,98.63689010228298,78.7452501306352,93.58854953391898,88.0160116187182,72.34689858103211
2020-12-14,76.69244562242739,95.28386355237663,87.27615059304807,56.9884455387173,91.22448947389262,83.2957337122113,98.67863911902344,78.4899145283425,93.66746044924386,88.06892421165239,72.39178953113816
2020-12-15,76.42719503150417,95.33148541406123,86.94245871587388,57.189812272193414,91.31284891665291,83.4180435634421,98.6962582581508,78.58599839330546,93.74513393110612,88.1749956599742,72.52309015667359
2020-12-16,76.48769574558017,95.20583827703885,86.91961534367871,57.22776176225031,91.3339911460161,83.47396263999703,98.64185382213626,78.43564635313695,93.7810272612165,88.21542452337918,72.37675498650502
2020-12-17,75.98811804040186,95.28295554240069,86.948893413049,57.11775665266343,91.37659215407193,83.40598665409858,98.70486558384502,78.50046375952292,93.82275340689337,88.20788444160641,72.46287125873828
2020-12-18,76.04768463469158,95.36565668554168,86.76804823963661,57.2344441603313,91.471423906458,83.37812144407998,98.66965001044699,78.61627992455317,93.61483376198933,87.90214073015946,72.55306754709859
2020-12-21,76.20727400222425,95.4899744679051,86.75638968331086,57.42136118659078,90.21079964023568,83.44894896893597,98.76449080108867,78.51609377514238,93.68399601440956,88.04174733887828,72.65467029490922
2020-12-22,76.13585473704289,95.61484940790885,86.55441706654007,57.45922199845714,90.30489152158063,83.53906085156346,98.88615070102858,78.04911396903691,93.78886638107281,87.8201499744192,72.61836343198563
2020-12-23,76.22960134088255,95.71493695616061,86.67467685943697,57.20588928690536,90.0427466771461,83.64071058202055,98.99567060288484,77.76486800293505,93.87907352774354,87.37066329975866,72.71562609336104
2020-12-24,76.23704630710333,95.72409240584754,86.6909572229993,57.02981900575017,90.0382571843056,83.65996917304813,98.95000909008172,77.83111696400711,93.90939144727044,87.33951442518737,72.76665827282099
2020-12-28,76.03737571782209,95.7515612567709,86.73929217633773,56.946529435471916,90.13318000526046,83.63137764889092,98.92751131032108,77.90899870240084,93.55658720074203,87.425959408435,72.80595926460651
2020-12-29,76.06244316196482,95.73735708570047,86.77986344174329,56.96429059848016,90.15716961535409,83.45065405597089,98.92431632476104,77.91841794468617,93.57566973776571,87.39471630753067,72.79389647654816
2020-12-30,75.65970283386041,95.81735362263301,86.76058569283586,56.912227176809864,90.20896530036906,83.50826228271639,98.94870581608286,77.85969798369791,93.43663012104162,87.43705125558944,72.84326856360543
2020-12-31,75.75315003068322,95.60784006260721,86.83040455826826,56.72871884888101,90.24836220766787,83.51728352299725,98.98156087959961,77.77026202446015,93.45241877597101,87.41397992397157,72.72802000166881
2021-01-04,76.04281606683966,95.44368239253305,87.08666345607105,56.01776849535017,90.3796540965688,83.22679166335516,99.05752758964432,78.00752431216911,93.42855205213519,87.08098141975391,73.02983518498635
2021-01-05,76.03416137518099,95.61598713881718,87.04292859412772,55.235091292142975,90.470620618058,83.38137571150293,99.18111645218515,78.05985574697829,93.18133113004566,86.89795951182813,72.84472498394393
2021-01-06,75.4818626299066,96.27325063842284,86.95121628422007,55.839910061754175,89.79651798197915,84.01604698616694,99.71347710211298,75.87078775567757,92.02583737198621,86.2724155420606,73.25008405948445
2021-01-07,75.78454730770417,96.27080593603168,86.66936711586978,56.006420684533516,89.7725268784075,84.24840923346541,99.90981187940093,75.67978322921952,91.96971431836202,86.48143901822826,71.5177550035783
2021-01-08,75.79976046376517,95.42604477145049,86.77421672729669,56.0917065642405,89.88350932878537,84.37891164711394,99.82119772050771,75.81902566823597,91.48616985363495,86.53992843712876,71.53936627554907
2021-01-11,75.67636518764648,94.69071119222956,87.1579616628368,55.25043654392511,89.54541459524367,83.69776197718399,99.81038659387782,76.19428979046707,91.75430082523903,86.8902405564189,71.99208887327666
2021-01-12,74.66754095389605,94.15964992085553,87.08482393844423,54.7760174393504,89.62782962061137,83.56400569239221,99.94335031734643,76.36954422218498,91.71241156269177,87.11305126320455,72.08832911143935
2021-01-13,74.79303372623022,94.40755592788867,87.22991976867687,55.00871817161926,89.85951461905617,83.75397099070526,99.75039017270733,76.48609140121933,91.41971562438226,86.6372879587388,71.0154050465716
2021-01-14,74.78867388507919,94.29654469174825,87.12920097515065,54.355379620532624,89.89203358505159,83.8381599399521,99.8044366279867,76.41971792455463,91.40772020932808,86.58884420977252,71.17146318214338
2021-01-15,74.63822329632727,94.6351404531478,87.37185328097213,54.259627232376246,90.0209223769545,83.69336228162807,99.89016940131026,76.67663695787623,91.51955704704828,85.11929139563225,70.60991619963983
2021-01-19,74.25864752212773,94.74635180831595,86.96196825937706,54.410712217646775,90.06183842877903,83.79602014706539,100.02787028922218,76.7710947760646,91.59350089641985,84.83190907021992,70.6077850757323
2021-01-20,73.31663125104652,94.9266970675919,86.84405307549515,54.43756045407291,89.21855979747266,83.95448710244702,100.17409535425993,77.0000271825765,91.48570817865499,85.03245820433816,70.87290742160302
2021-01-21,73.3477782539429,94.52583292101504,86.98275854451342,54.349195244868454,89.2885312338305,84.10678043956129,100.2906290346598,76.15835951755334,91.40385847029977,85.07572080094855,71.03655318690582
2021-01-22,73.37625515452623,94.55916731821853,86.99059893350845,54.32597939613866,89.27318510893298,84.12688548956338,100.30381646729634,76.1883375935721,91.41535468186973,85.01301178757977,70.88922266268283
2021-01-25,73.52240424584005,94.72300674423268,86.88676724225982,54.271472445636974,89.00508352172686,84.29112854092114,99.9484883898763,76.35561076971557,91.21279551257835,85.11328993544839,70.33088661199832
2021-01-26,73.06549018282757,94.96329134940552,86.227542250848,54.32644278914205,89.19642987577647,84.40932646891574,100.06982080354028,76.53564729592772,90.97133842220586,84.72650640395261,70.11043000135217
2021-01-27,74.06392842562252,95.32660424824236,86.6718624276361,53.648614992097706,89.54021061657119,84.6401728265247,99.77888759546289,76.2606879995084,91.45343708425158,83.63230897991706,70.78067104482389
2021-01-28,74.20718769785681,95.33041965063194,86.3580223898147,53.78206057453438,89.61309092473789,84.59720858541752,99.83237104508366,76.39946523242983,91.29933708392154,83.2349366893558,71.01071075433941
2021-01-29,74.59460051905148,95.33217777413508,86.7503888975767,54.360412231071464,89.86579165717444,84.40374280522259,99.99398524022477,76.85922412792722,91.53373853542193,82.86875529644482,70.12678077526226
2021-02-01,74.87180368940462,95.07301364091963,86.38610291117051,54.30854044789783,90.00755378442248,84.09871251178276,100.07328084576552,77.09358297784172,91.62488485311391,82.90809360942671,70.22133330789306
2021-02-02,74.95315607364465,94.99806600142216,86.60289824241485,54.30324779959829,90.06891688793287,83.71038389931176,100.1208700065063,77.1742213804402,91.77654366336832,82.50130400275098,70.3376841502993
2021-02-03,74.60024732409072,94.85547898548998,86.75538087699869,53.52122678947805,90.25338509992307,83.21525175999871,100.31413728135854,77.16959187945449,91.95701098874972,82.49633350784845,70.40917682238086
2021-02-04,74.64475461054126,94.95683695451753,86.9105783502416,53.56585281934995,90.24986804101766,83.26595155572919,100.38963342272822,77.38424893436573,91.20400452896054,82.59973224352746,70.57706372118781
2021-02-05,74.77067237611816,95.08612902378982,86.94905621244082,53.652053650222065,90.18881215726142,83.31834409843769,100.45361167324361,76.99884055518457,91.19022669962725,82.46391415234025,70.67563816540921
2021-02-08,74.84424048576909,95.2321331249516,87.00669290909349,53.3859588300314,90.28911346615469,83.02518671203833,100.56396339606212,77.14343187751936,91.30445884604802,82.58992297689628,69.83175649782646
2021-02-09,74.75992963529484,95.20980355580707,87.02175656338223,53.37993729226237,90.3007571050968,83.0171596235515,100.58314089752794,77.16651411224029,91.21662615902568,82.51970543312025,69.87107664142366
2021-02-10,74.7076357211042,94.48944326970785,87.02939949971099,53.359483552662056,90.36750300766971,83.1267939812149,100.61791664118499,77.17709398676175,91.27267590692315,82.58442349282666,69.94844463409746
2021-02-11,74.70451314145038,94.57412823546704,86.96428188819196,53.23919212357793,90.41750275473821,83.12747469124535,100.68322893546345,76.75695771360442,91.27506622766514,82.62711630334907,69.94259548766101
2021-02-12,74.75927861727695,94.49630905604111,87.06784242275425,53.30098007912536,90.4713797919419,83.11716788108026,100.73496770509578,76.7915970237305,91.27002393127313,82.57093958521101,69.56592158338455
2021-02-16,74.67024585165174,94.62967511199638,87.22985892226788,52.877699995209575,89.74083787475043,82.85136018425271,100.92667215444213,76.94312110660952,91.43470094722835,82.48522081889384,69.42777756423587
2021-02-17,74.73157842955825,94.57566536957017,87.29562993421804,52.96253944355487,89.80741445403388,82.91572866420202,100.76808207712003,76.50210125579989,91.44802493333825,82.52890054657294,69.48105427534325
2021-02-18,74.8272679668602,94.53223058145986,87.29944881436802,52.97570546888115,89.84854416195344,82.98001031264076,100.80590782413043,76.54838037982213,91.50288662954318,82.46387338426378,69.09990391537343
2021-02-19,74.88766428262291,94.84048155904173,86.86558271043954,53.035438623239024,89.73625722297044,82.5915237405821,99.7657558750679,76.90020226467304,90.49681120167945,82.67432339505055,69.03953086561765
2021-02-22,75.06809316392709,93.8679564450611,86.79821259235783,51.95362863224861,90.02290787104357,82.8674080020634,100.19205155271312,76.59085782033578,90.60663131341165,82.43007071096268,68.78753071260532
2021-02-23,74.97272645917728,93.73657534768336,86.74037270987564,52.05829548854693,90.0441748921616,82.66150707862873,100.16626949971014,76.62793276607091,90.66150510417057,82.50700324207094,68.96849675013866
2021-02-24,74.84535691597029,93.97992261341786,86.43022308112286,52.38826984775328,90.15110550513083,82.92134657272814,100.13218218499603,76.87007736087043,90.81976689402161,82.6265570329328,67.52989120139925
2021-02-25,75.41308499034915,93.56654023663945,86.576001338244,52.529765255657225,90.29866847818684,82.46252994742811,100.31997452968615,77.64702360483236,91.32827674639289,83.00313370832151,67.25382357300984
2021-02-26,74.5685824825104,92.65447815773695,86.28453357232328,52.98273314360372,90.51672746749843,82.68842561569,100.5430064801565,77.10877171189684,91.68080562943842,83.20251912532369,67.56809053287836
2021-03-01,74.90991293730154,92.71037382407496,86.68669972764567,53.17741335197228,90.9563607462308,82.81693323580114,100.68216093289975,77.46956913617998,91.86979804436741,81.27334866754556,68.35012335564872
2021-03-02,74.99191623057408,92.43171659816029,86.75360523595535,53.26663975405783,91.12356793320275,82.87472239042772,100.76989740714089,77.38404617659803,91.39947513470872,81.32194576275099,68.34778368715381
2021-03-03,75.23631490963038,92.04926625732459,86.71194544605555,52.65995659806674,90.40002372781599,83.08029299150627,100.40555578538257,77.17066721257576,91.81689242874054,81.5834142000292,68.65275627954925
2021-03-04,74.89713603751542,92.00905538257365,86.769551870594,51.71311532281708,90.7189842935537,83.12153342122785,100.5350813704036,77.1363815002864,91.80975341274296,81.72935414478582,68.27410491032802
2021-03-05,75.49632275826825,90.51588222001206,87.27812627854075,52.38134785943655,90.79083291836052,83.91641413449959,100.75408772765144,77.28483885400038,92.19550929764915,81.51501492213036,68.55091215482157
2021-03-08,74.77837621657575,90.73352195845943,87.57317815199943,52.50844595735205,91.00932919664234,84.0131647388908,100.93211268581112,75.57126148774768,92.07273916070525,81.75550251335622,68.59883283169434
2021-03-09,75.25421279678882,88.15380583061203,87.62560006040816,51.701171109464724,90.32039114956345,84.33432869968624,100.75624014396358,75.21507541520326,92.47316151527461,82.18955172904322,69.0360183879371
2021-03-10,75.23803370093385,88.0397210650784,87.18577127720498,51.346735022585186,90.31927307882337,84.19467624130262,100.89428442611106,74.36577296376902,92.65274133564996,82.38624707208103,69.18612801532397
2021-03-11,75.1492316414449,88.13686896619375,86.52188142276216,51.20170876428293,89.99430050733085,84.46312317886866,100.85818699273972,74.39282744351614,92.8587779415545,82.51095618000801,68.71633277564516
2021-03-12,74.8858591613187,88.31217813682049,86.48905539991895,51.224769114093114,90.10113817864305,84.53055720381758,100.93084641853562,73.96888742434888,92.89793890867671,82.07137845622114,68.59442076343944
2021-03-15,74.99389814481206,88.3768322964707,86.49923700372,50.67079222254515,89.67118095350783,84.64706920025937,100.99517927460747,74.12372224742062,92.84099572337828,82.14304239147735,68.67804115806214
2021-03-16,74.3700182859349,88.31847866537319,86.48787805594124,50.85719666161698,89.74637188902118,84.79031408450325,100.75353850237433,73.96223790327858,92.95049191856435,82.16770446215457,68.66136876495054
2021-03-17,74.46630372822771,87.93444248630146,86.5833091672341,51.04794761358461,89.88093684480678,84.74539339518626,100.70255077858741,73.98652179772863,92.94387354095178,82.27365208736529,67.85424882041431
2021-03-18,74.93403103073186,88.27494348700668,86.55606577482357,51.53853018956477,88.70288346478131,84.4880701306826,100.10436324647242,74.15719830777917,93.05603740467151,82.4335834024041,68.08013781691501
2021-03-19,75.12842352962296,88.40075762576657,86.365857804065,51.46813515385015,88.52898245984676,84.66052339379844,100.19757800883617,74.00834942192279,93.10335527086137,81.63119519711455,68.08423530803618
2021-03-22,75.21801143565997,88.52890054140002,85.99541417044674,51.48195596893986,87.74131349437391,84.65850236754778,100.35574259598206,74.00174921846957,93.17055683257453,81.54233750421055,67.99448263478274
2021-03-23,75.48118556879938,88.76767815087949,85.89179472405883,51.53886530463823,87.76894112701062,84.92094665392699,100.04665026391422,74.22695974762328,92.83650439151853,81.42984757647235,66.62685696994222
2021-03-24,73.87904001976472,88.58262239042347,86.2372445768599,50.790589133752306,87.67610217093198,85.07105735011277,99.80004638198992,74.3813440712937,92.55911157047403,81.76338935731408,66.84303580885857
2021-03-25,73.12194869329814,88.66029402018607,86.43395308865496,50.81266443648423,87.72854249500536,85.07739913192646,99.75236307809895,74.32657069078412,92.6333478131973,81.8788750469632,66.9885544128525
2021-03-26,69.5267337466907,88.75637352855108,86.78937319441962,51.462693767368386,87.91724155958704,85.70008642035891,100.0803224580273,75.14326114273126,93.15358868934268,82.55269154958766,66.08384552903104
2021-03-29,69.2404709110825,88.8586244600342,86.6018965157681,51.5411274030248,87.56695825244057,85.6510406642488,100.19529201429985,75.23624729739933,93.17944868282747,82.17236290966557,66.23811265045975
2021-03-30,69.3587890742928,88.17365194077074,86.37645156018985,51.68452509450551,87.21378903900406,85.61468985963667,99.92423293313743,75.18668516285737,93.35742874435056,82.32460454699661,66.35550538940481
2021-03-31,69.44915453522889,88.05074567672732,86.39793202304843,51.77814682155096,87.1692847871553,85.68296626003136,100.02411439535328,74.86016699960417,93.31456127336776,82.3641197342422,65.93135992025665
2021-04-01,69.42944715038831,88.2406949738967,85.26163027775489,51.834076983682046,87.42101338675143,85.20397156763927,100.04451500500355,74.80884661055444,93.54919322389135,82.44167359682552,65.85497426650349
2021-04-05,69.57701517428592,88.05967003724439,85.63100205498651,49.7732387331273,87.25743185359084,85.34928238804703,100.20378055541835,74.99198670031522,93.8372901397847,82.1883052529075,66.20327367165825
2021-04-06,69.62157717059627,88.16799549616431,85.51773023107252,49.71810709507707,87.2286028557838,85.12423152164175,100.25843590959256,74.83780443662448,93.91396877775259,82.23866002299683,66.17779247927874
2021-04-07,69.28129219940925,88.30764446439248,85.63829797088137,49.69040862266686,87.14649857823889,85.24707852511503,100.38304867534978,74.87001812317685,93.01875726288067,82.30687410686274,66.27989296724007
2021-04-08,69.20079211958198,88.3291924751988,85.73654499032756,49.38929781177827,87.20176366247213,85.30212193380048,100.49020448319307,74.54230961646573,93.11588377516831,82.11479330943956,66.33894958990135
2021-04-09,69.07820963064925,88.4128081104948,85.3392797082011,49.216314617212305,87.33745776938628,85.08392996084893,100.52498774134541,74.63360919505078,93.24081931500693,82.15135640085131,66.26839920322446
2021-04-12,68.85431067591762,88.42922154993518,85.22402223366578,49.13535523147046,87.3785944483762,85.14930525597225,100.56860801874947,74.50191059334875,93.30937780282828,82.12386537969634,66.30023708717104
2021-04-13,68.92897187011171,88.22461084046724,84.84156658111092,49.21945139287253,87.16494166939543,85.24152640445405,100.538872502211,74.54468951236846,93.3497716738231,82.18515133776931,66.12400968328602
2021-04-14,68.98267106235296,88.03401140805019,84.8821486567697,47.81185472195378,87.20569611572759,85.38226772896884,100.7237479262665,74.5762505242695,93.32693403387313,82.38267707958747,65.9685167108758
2021-04-15,69.29297550065594,87.8534157133825,85.02493694562872,47.43295466017384,86.66171843407068,85.26250282570781,100.492496082664,74.78121912204952,93.50276633284892,82.36540426833292,66.15002183111389
2021-04-16,69.06857188763136,87.98206841235506,85.06252662253391,47.21158139553625,86.74702814666503,85.2540420608349,100.44517919039694,74.74650212790735,93.46295902500341,82.37196035429496,66.24648806178828
2021-04-19,69.14426202235299,87.75604013287098,85.18760520899107,47.17645396166495,86.76116286911369,85.22981831271763,100.471063901209,74.81839400948758,93.56171655473719,82.04083516040805,66.3609106897675
2021-04-20,69.42305695916336,87.74553883195219,84.79925322838658,47.3141673945684,86.5225021825238,85.12684491381654,100.54786785177532,75.03309357488304,93.78827956572295,81.05782353266827,65.35983442577309
2021-04-21,69.24005503721503,87.97987152964771,84.9013560900967,47.500615661113436,86.8262731708052,85.30822147268042,100.73919629996821,75.25256602615397,93.8057505915249,81.0591933530433,63.79864853541729
2021-04-22,69.31099394594571,88.05783072173418,85.10228162044532,47.43206668398736,86.97752888797642,85.3600553095438,100.46846967189678,75.35126877185513,93.80904959511923,81.01017116955121,64.05159415128156
2021-04-23,69.5196416091319,88.15926113197372,84.3732577655184,47.44238925483763,87.03979026141708,85.5475578293182,100.5748481943499,75.5574073049717,93.87816895310446,81.11655474109617,63.65559793901197
2021-04-26,69.63503318576221,88.18951968870964,83.39775076519832,47.42296074377614,87.1663074000818,85.63838778125967,100.62850483057777,75.43938142570889,93.80480638989002,81.1448634154001,63.72636184406212
2021-04-27,69.71536283340984,88.25894916733792,83.36062457497512,47.17822252987137,87.1099713483936,85.57771448206607,100.34604681734484,75.52503133959095,93.85414657817651,81.18677670230646,63.804296870878815
2021-04-28,69.49257339846041,88.38409831496364,83.46858635977219,46.47569392085254,87.20271964231188,85.53863458862071,100.29577179195981,75.27882542941127,93.96469813559021,81.11986070939543,63.80647947715894
2021-04-29,68.21829458752144,88.16199752696498,83.6145939117019,46.77309942164326,87.37423278432674,84.5444769614935,100.52808407606193,74.79831072297854,94.2053472841128,81.42611917188799,64.08443217404795
2021-04-30,67.95110717371486,87.91132353152558,83.71916743248407,46.47654848958575,87.62321280643913,84.62346908781035,100.77119007692974,74.70281238788878,94.41380919180449,80.78533418378008,63.14757732806323
2021-05-03,67.76968601671753,87.6059497064221,83.59484751889948,46.33309814692559,87.81489837118907,84.57727714832144,100.80202504953216,74.43775937446732,94.34071604977031,80.35837041431455,63.15997423051536
2021-05-04,67.854721252615,87.62762889926738,83.74951963403758,46.363477973790914,87.49271182550137,84.68677476308798,100.6618362307321,74.2993725331295,93.48233072072381,80.46558444191386,63.31622441103639
2021-05-05,67.99753895072507,87.74400711359532,83.89816436614109,45.77559806053767,87.53052798459682,84.83610155598919,100.82568337003265,74.5179755421666,93.02033714095285,79.68976132374831,62.75322796042623
2021-05-06,68.20993142298545,87.44553533592786,83.97017228810992,45.815256922008444,87.63374797060243,84.50000117028577,100.84129916252888,74.68611650805464,93.02045239808815,79.74618547807498,62.92934640654116
2021-05-07,68.40744317432645,87.70023829310631,82.94555208366405,46.18728602518025,87.4676301755162,84.78537414853399,100.96041701967624,74.89710828769412,93.21837047899525,80.0677690785169,62.87320867459678
2021-05-10,67.98331227721442,87.40032464730231,81.88802163094891,46.370495319334374,87.79380153382337,84.8496898007649,101.30445691054136,74.3681162031989,93.62941706729195,80.0151554870606,62.19790601858527
2021-05-11,67.53392645932048,87.71930992190175,82.39927238807044,46.73998070119774,88.0327327312067,85.13551616677186,101.5309843152649,73.98670083927583,92.22640334999309,80.33179654744055,62.64291623944003
2021-05-12,68.46314119226157,88.67084430258934,82.34903812952666,44.764340947699296,87.92770553132141,84.29878244348112,101.79704229205122,75.01587404686695,93.03235622919225,81.14143736547508,63.73378295242808
2021-05-13,68.13584276744456,87.8219087453618,83.14283677445628,43.1255977514978,88.26414419286824,84.66552206197493,102.0361729544307,75.02619340431977,93.28394840795085,81.50646602593034,64.35982246263822
2021-05-14,69.09616162164197,88.48856147766689,82.57182963173624,43.93308032117324,88.56875798492997,84.07213328216393,102.03474419768305,75.72919797862474,93.20567549065386,81.50621642883377,64.46136890180792
2021-05-17,69.12633807766137,88.49961466601034,82.69623192867657,43.18542707431628,88.71312591095568,84.15647937173092,102.09634892444319,75.80977358491697,92.74321858539405,81.58606026228044,64.373967561641
2021-05-18,69.41090426514882,88.56309059149201,82.87701379693723,43.44084540055468,88.89643493236005,83.91976867183209,102.06295604159158,75.92305406500874,92.98799821552602,81.03536147502173,64.39407429742442
2021-05-19,69.2027967951409,88.7088418927473,82.96931850359803,43.745935720078975,88.86724391912774,83.99241583858193,102.09218562905555,75.73875524256512,92.70057595566624,81.09795078086974,64.36472850296882
2021-05-20,69.41815383602805,88.71460443815894,83.25259909829495,43.356930009400756,88.61321829652525,84.18095384849254,101.81790383577378,75.92906750081778,92.34203924004052,81.36552588013954,64.63480722857103
2021-05-21,69.40708504770151,88.61807299749269,83.27469493935394,43.36810593794524,88.35556143474834,84.22238343017987,101.80771974739721,75.9131562802775,92.37950357449022,81.35705424297943,64.60449854644267
2021-05-24,69.43222007680036,88.71019352699675,83.32002092920891,43.44109552789045,88.31671460126904,83.88762902112413,101.82629208641215,76.01014240600159,92.4577840862193,81.53670104087419,64.34293349031222
2021-05-25,69.49599500774463,88.30491678576138,83.33215573525834,43.48508622322652,88.22558892982595,84.00608704382944,101.91003673858366,75.88873067008811,92.57920659899075,81.37986089357992,64.17476074212573
2021-05-26,69.5321253454907,87.99171630129193,83.2340178040287,43.582879458127934,88.28800593390922,83.44626562049446,102.00013544002508,75.92284968138856,92.6486300633786,81.47752738457811,64.15622240629129
2021-05-27,69.61316032622763,88.08052250725089,82.9961897437952,43.63877556937758,88.09872329694983,83.53878326827986,101.2477249243859,75.92384669370522,92.57124945468624,81.6162865025054,64.09599698407943
2021-05-28,69.34411806599954,88.00050466493244,82.99336530025028,43.63581892949683,88.13216733548705,83.55966424322693,101.2884477354785,75.9839967363682,92.55528099337484,81.54099556473234,63.98562255741474
2021-06-01,69.61635173513316,88.33260504590609,83.067851872531,42.951396272834245,88.47213188167656,80.76888283759617,101.68137254449765,76.24240952633443,92.48566585422574,80.6151683487989,64.03954797671614
2021-06-02,69.64914551170777,88.47014820485697,83.20223553123645,42.91844256950037,88.46335191658594,80.66810653059268,101.35948201063464,75.9399680525747,92.26664947311713,80.25874923805657,64.15294657450691
2021-06-03,69.67499219201139,88.32943327716735,83.02383195990888,42.928236223743376,88.38640038041258,80.42615431183624,101.3900635191009,75.98489509357186,92.31254340899066,80.34141271178957,64.10096079261865
2021-06-04,69.6900307588515,88.47593594530352,82.97027563417083,43.02910526387919,88.44775944710858,80.40730809996705,101.47799116052603,75.829964891169,92.18299961086234,80.26674219264567,63.87808205671415
2021-06-07,69.6390461834026,88.59451653017486,83.06840663684417,43.08952399518222,88.40305855225778,80.22250100523658,101.37572263598463,75.93762584307696,91.76095934317223,79.86815856554388,63.947899962747854
2021-06-08,69.78380527780715,88.13981903741177,82.57774922306729,42.96427487239766,88.50217550873768,80.37320716302855,101.4217490946077,76.06012669550951,91.80010952285967,79.68914838977258,63.85093557956135
2021-06-09,69.94174149836589,88.36910639828068,82.59643719220749,43.094997241727334,88.49008783823304,79.17219142304774,101.26496083110882,76.14892895658504,91.91995248795371,79.862796983699,63.39303385104834
2021-06-10,70.18919938175915,88.65314456363132,82.80701830319595,43.24436220062821,87.64572093400685,77.73924770166921,101.08093456647896,76.40451257118235,91.25853343084192,79.92304397199253,63.55331687409128
2021-06-11,70.28775147224941,88.59523276483755,82.9282152109307,43.29314191690267,87.45657645613657,77.21709240821932,101.15980561707342,76.33934422289555,91.32607615203773,79.70913950317518,63.60598691020323
2021-06-14,70.16926974465828,88.71222667249006,83.05772629466712,43.394276984652365,87.26455078612778,77.32699572726497,101.22572729929304,76.08203174691947,90.81090646129628,79.6187236603023,63.54615474779199
2021-06-15,70.23988648035076,88.77028470549399,83.13919154280167,42.827195431920515,87.2959737647171,77.31122116338513,101.12196197982863,76.16787533448016,90.83618465442096,79.38386558456001,63.41926021791647
2021-06-16,70.64055363117274,87.96096266433825,83.3419841686154,42.64956908515269,86.81411226452254,77.36746163487321,101.44877347756753,76.28008832513339,91.24976826614629,79.5886840981223,64.02668997778966
2021-06-17,70.87312663962801,87.99694387698318,83.00990502690654,43.18725679739099,85.77697313481603,76.62394593035195,101.394303332372,76.05739296796173,90.3836815899042,79.57565438373953,63.99972218267966
2021-06-18,71.23629045659744,86.98951758723086,83.62893586773306,44.54953594452914,86.59368651414616,76.97863232070912,100.91747198086813,75.95946445759573,90.55888859395797,79.70965261681233,65.03117089029651
2021-06-21,71.13830631486,86.19798201058515,85.03862495357188,45.09721648832203,86.37018871310211,77.77651934942298,100.94539934712999,75.5408890369518,90.72097828409548,80.76986115708254,65.5786391668666
2021-06-22,71.2036905952975,86.12020086564478,85.06633435589583,44.98093778120549,86.379486149614,77.91181441888244,100.96214325173922,75.43052947595805,90.7940859891651,80.20428401260499,65.06517355017338
2021-06-23,71.35079011589303,85.37687228181262,85.07375348119737,44.886529560989025,86.34406047428526,78.01866316027026,101.05260158268113,75.53121993091682,90.88672994530737,80.25452227683054,64.91948923472455
2021-06-24,71.38701779243753,85.36623149243964,85.25994178470977,44.934286190047494,86.12754435272086,78.16402615140585,101.11818182865564,75.60693028201031,90.94794960694446,79.561351784164,64.76412404890137
2021-06-25,71.14311703385034,85.4970088103389,85.1985691189612,44.99969447920989,86.21842268047868,78.24917904035112,101.06259636564904,75.32468553907526,90.75371429714976,79.73685827265334,64.85553681805534
2021-06-28,70.69164030897186,85.5436006829107,85.29296137634584,44.23127482052462,86.24228344689364,78.34086534126479,101.09485898059687,75.22435082937976,90.82918325749857,79.80594796275263,64.74700330122494
2021-06-29,70.67063455470313,85.5500060610563,85.33803899322871,44.432383173987844,86.31098825942766,78.25040977345628,101.1520059621502,74.93762830149622,90.79397787772814,79.78837606809344,64.49587575402055
2021-06-30,70.67128169101846,85.63953656771167,85.08349137768661,44.425694338347185,86.39244610331399,78.27641161081687,101.07997449312516,75.0356546111587,90.88613359868766,79.1579208432663,64.45274618111358
2021-07-01,70.86431254288307,85.75780562682522,83.95051324390222,44.61652998177459,86.45755498376735,78.39009533223305,101.15573010810468,74.97096950915478,90.91706217296094,79.33167474885282,64.63262947987147
2021-07-02,70.87679966082472,85.81347333546859,84.08707964849674,44.61802975183918,86.28869907753004,78.18427871271606,101.143515646536,74.97456332385724,90.80367677724622,79.36406089864941,64.61209753519505
2021-07-06,71.08868003819971,85.83187937042563,84.32876812780187,44.71814778416942,86.1992651231191,78.40469096740654,101.1796928152349,74.8964649909416,90.63224459850993,78.23541804755779,64.26050303566252
2021-07-07,70.89669657891908,85.64055416282795,84.45186588781667,43.821592583453615,86.29611922970098,78.55168156240997,101.16689198861107,74.97006390636432,90.62820711293631,78.30504773518302,64.33580795934077
2021-07-08,71.0751021747769,85.30374280546212,84.58044225273942,43.7555988330518,86.08758948886042,78.89155377409467,101.26679271810545,75.170627373352,90.81238624092218,78.01199716384404,64.05070007040268
2021-07-09,71.3921765867665,85.4244743666801,84.8452627640029,44.08830843913688,85.76753733151254,78.53443929214114,101.38267502132355,75.19464169367605,91.02199885948346,78.43566979878429,63.2097452968952
2021-07-12,71.47419981037517,85.48536220609986,84.27463850773776,44.00736476114046,85.7117250218551,78.60567286707617,101.38447182764375,75.22552880276814,91.07604956053774,78.40847064564863,63.282542590135954
2021-07-13,71.63449048346376,85.54572613105097,83.83897746745848,44.01944871476424,85.87138291305597,78.5792198002965,101.49361589117107,74.67752323531846,91.23857002592278,78.6034646132877,63.53436597287502
2021-07-14,71.64600952083514,85.557933217633,83.40687477331136,43.17691910916506,85.8514770693673,78.59609106908664,101.63676902572082,74.69694370735158,91.33894689339108,78.48571286083515,63.400500938226806
2021-07-15,71.52032828019401,85.55984934720593,83.41539534393058,42.768076516854144,85.81369295391787,78.53616617849944,101.75253982867264,74.55779403078128,91.46749012367326,78.65838900309143,62.76258818413997
2021-07-16,71.71603857054531,85.62679560692212,83.17249935542735,43.09289418717429,86.01406370574433,78.17676941063957,101.91626300750973,74.64646617282838,91.42310871063414,78.57879767177789,61.41106458532263
2021-07-19,72.2244913502853,85.64179797989989,81.38637398056079,44.35232999491711,86.4012312084907,78.79097767537421,101.92376951748844,74.84278113889452,91.6356843769329,79.0220114790534,62.4146256925107
2021-07-20,72.59436505856206,85.82565893304876,79.75698975084444,43.92174385443696,86.81525864291244,79.96333588442825,101.6818361582659,75.0373619738083,91.49198170216914,80.3302023266563,62.52418958697131
2021-07-21,72.94404169539949,86.24401999253072,79.5541350882232,44.37051829669222,86.65118948666289,79.78618095038162,101.67977201774507,75.23804655426044,91.6819573280212,79.59386062603996,60.98828081243257
2021-07-22,73.10409018264203,86.1700823451072,79.71434119194534,44.38887841698634,86.42987944757205,79.10838367068415,101.8759478425049,74.99915039022841,91.74063609487185,79.52344899024828,60.91042968408875
2021-07-23,72.8696413203484,86.00114104071301,80.16032541252896,44.028197120224156,86.00044010384157,79.2458204520549,101.74126495719175,74.71803230921896,91.75291856756121,80.10351725991464,61.388656154367425
2021-07-26,72.97184267445525,86.23598547123274,80.16275841423709,44.11909780380224,86.12862891988838,78.29457004304356,101.67616409926548,74.6613893252906,91.87622724697543,80.10657757258974,61.40469831072808
2021-07-27,72.63979191608368,86.19771868402971,80.30018070254923,44.462578938667846,86.35037090199594,78.07519666067277,101.79016041510607,74.6509605963217,91.98978216763751,79.89461717749236,60.01588378322343
2021-07-28,72.04489074868468,86.2620258627604,79.35654783538624,44.26809915564897,86.42427028607142,78.09062501979454,101.89219386093185,74.76187309949674,92.07563960225555,79.92022942255505,60.14092888765296
2021-07-29,70.20445314646089,86.23376531310338,79.4911575733276,44.390100029485644,86.5223533708745,78.21913115212539,101.96304208829802,74.93472713146382,92.06547538711825,79.79890183823713,60.29829881522808
2021-07-30,70.41861500089658,85.2552491956991,79.35672518363103,44.62857515570103,86.80983258622986,78.453183547796,102.04485422708606,74.9181439795712,91.63565454279902,79.60735210195041,60.46990861778955
2021-08-02,70.51695891886979,85.18580687171854,78.93970767146158,44.649318921408245,86.91687441954608,78.44157342472636,101.92090202545135,75.03233154255007,91.29937067377882,79.70978999821641,60.14456684535345
2021-08-03,69.04346528850951,85.36538154157496,79.29606823068107,44.85484746160045,87.04878667252042,78.35823638829049,102.05562314333514,74.90311128322966,91.48784203782866,79.752584964104,60.15199941632144
2021-08-04,68.2867418703588,85.60392293472718,79.31745982193533,45.17826297037497,86.96327488761543,79.08618232742822,102.30693906231397,74.26768610821833,91.79776561406067,79.73246171167072,59.99722349970473
2021-08-05,68.48335838197744,85.81935668929921,79.68927763569889,45.217490798865946,87.08399818058463,77.72048928676695,102.50373138130676,74.1882676710553,91.49241115734654,79.94394113467847,59.88485999390562
2021-08-06,68.63565569404273,85.50580126159798,79.80869236727916,45.37425709693287,85.90576109227064,77.751708533874,102.70232811503337,74.31194642162855,90.93511512956847,79.84842505293446,59.97348391827399
2021-08-09,68.67036367229198,85.56502278491628,79.67889242056789,45.27838916333047,85.82415387124752,77.5764575645852,102.7739333140794,74.33013452780807,90.98389999538614,79.72564102441811,60.00308904596981
2021-08-10,68.8692666952408,85.85066536874106,79.68052547264237,45.47215046675072,85.95011189948174,77.33137239211896,102.74973840929933,73.61030766093177,90.768347588665,78.28912717079352,60.21433022453006
2021-08-11,69.05688513256416,86.10105290457732,79.94724675791817,45.66864306581785,86.18693168769641,74.58911726944498,102.53313622333344,73.71238329654422,90.79278167880787,78.50658384200382,60.334447292469406
2021-08-12,69.12844932745163,86.15133582425045,79.9563581854286,45.62910461997774,86.14668430694844,74.4299470119054,102.38492419964021,73.67405677294619,90.67495294239863,78.49315078408426,60.2702298722899
2021-08-13,69.10335918125998,85.89780940579011,79.79422512886512,45.55816086701341,85.8512431712358,74.28860917011083,102.33853232626133,73.74918705645013,90.79719637348884,78.48740900445763,60.36627560261302
2021-08-16,69.27735549145974,85.67426349777975,79.53872255761651,45.2540370673466,86.06656677583031,73.64401057697359,102.61775823126574,73.89764649157684,90.62278240170559,78.3464160606744,60.4034881680821
2021-08-17,69.57649170004228,83.03623443154372,79.81407855612422,45.459673633537896,86.41971651221786,71.05683569109715,102.92231680727399,74.23467784833261,90.87269926650855,78.30295938625508,60.624924574330734
2021-08-18,69.66706548458828,81.09153398343553,80.22018936653956,45.7031731277967,86.37398323970017,72.24646475791641,102.68697984926268,74.52390447972512,90.77256557456195,78.63873237911729,60.40125932191584
2021-08-19,70.04366118217843,81.42017160052472,78.46905177228581,46.07268813358808,86.56927325462927,72.12693963735441,102.75272124744353,74.49524323269587,90.77408263193155,78.02390352018726,60.25111755550153
2021-08-20,70.39171970095227,81.80493188909433,77.50990802380151,46.1986790327325,86.95693465516683,72.23602965553415,102.65936844512952,74.7708823459148,91.26533029100715,77.69755542969204,60.684404207338
2021-08-23,70.56233694573486,81.99250583607795,77.05124858273119,45.86314584442288,87.03407229422771,72.14667781761646,102.76771633058485,74.88740134036806,91.37346401577283,77.15750704746989,59.312040210682824
2021-08-24,70.6792883878683,81.5071513985533,76.70572659285968,45.55062066357939,87.21245431332669,72.29955557565319,102.90266729570791,75.13770105863667,91.24984639094072,76.98144360202421,59.1608796496102
2021-08-25,70.76782579349755,81.56626671339319,76.57045155946842,45.64019494440243,87.0012847016628,72.1153606538688,102.86874354653709,75.15770976575861,91.35275938242438,76.91920963392377,59.0512430794279
2021-08-26,71.02000547754803,81.78578900894989,76.63004884490175,45.98262049942323,87.1606150920565,72.14481423471815,102.86966433293765,75.29103336003743,91.55579586218603,76.41965624413865,58.98538978879912
2021-08-27,71.21229098619136,81.87124702416055,76.92397590151793,46.461141319407254,87.35440814880731,71.18982920182329,102.78472000867492,75.3883762965483,91.79285756579277,76.65209634909469,58.64593276516605
2021-08-30,71.20198649816896,81.9896899372171,77.09655354096857,46.230348891148516,85.31273554916696,71.41137039661835,102.87925037186308,75.37092419989477,91.8545500264749,76.36690418007916,58.707004197966604
2021-08-31,71.06614326179667,81.93225770777724,77.04791253316851,46.24637653935852,85.32247382944857,71.46395159245918,102.84357715616181,75.30962886870596,91.88968533502862,76.22732983441578,58.72939058603218
2021-09-01,71.16022852225565,81.97444939743468,77.13055664652708,46.085869521287975,85.15167071488375,71.5040568117983,102.70874751994904,75.36595362741983,91.9232843726534,75.13305963099252,58.60199566288043
2021-09-02,70.06593074697999,81.9217489830857,77.1663426311158,46.241518343561054,85.16627020916967,71.59061829528528,102.87729739213108,75.22829497102506,92.19351664620345,74.9605932737352,58.65204962887245
2021-09-03,70.11291563844469,81.89619886443066,77.13106490229968,46.20667690931345,85.22229921251167,71.6895283967292,102.9067595588069,74.94156470346604,92.08598739304276,74.90162707638304,58.57906585265215
2021-09-07,69.60148926013346,81.04633586167627,77.41991383891599,46.125555412109684,85.23720653534187,72.03275424150401,102.62970456688582,74.7568074718175,92.1412432941374,75.4123529366934,58.89896589881937
2021-09-08,69.68451811343525,81.33550123722294,76.61314169637367,46.35413541886394,85.4311671428623,72.15904929272133,102.7998582428245,74.74849998271948,91.74890310814965,75.27654984885038,57.15551858318979
2021-09-09,69.80576437769642,80.82599698970174,77.32775636761477,46.14575955005566,84.576003794179,72.2129100908904,103.07245133512276,74.8698104751148,91.51683318439663,74.50266124234595,57.630296944079404
2021-09-10,70.3009182787025,81.19864692496807,77.07027041201474,45.741996363293744,85.05731779282279,71.94731392932059,102.94164364255352,75.52947965872124,91.09975862108331,74.48356999784238,58.233292560225436
2021-09-13,70.27668100618178,81.22128205715399,77.22716766858234,45.18635062682916,85.02796521346471,71.37443620224944,102.9767533414737,75.55842984282036,91.02434473909577,74.55265674091225,58.281211700657536
2021-09-14,70.62309805284434,80.8634307490704,77.61976126026161,45.47897881943678,85.42485774504092,70.69015622360655,103.1048531023193,75.20878896153829,91.23649235861052,74.65886832219428,58.46772368258154
2021-09-15,70.49083019169268,80.86081822168563,77.86492713752727,45.537305894910624,85.56014958932329,70.86389142740242,103.2132433186506,75.2770743675098,91.36680934083526,74.60355671681617,57.99923420994797
2021-09-16,70.57314506505378,80.13612592170922,78.01862907144206,45.710544758945346,85.66680996589031,71.04805367656338,103.37154253113815,75.16211864095119,91.28591855546655,74.3541259267209,58.03220924908243
2021-09-17,71.3415876189571,79.77534129956585,78.16022219784205,45.513222192020784,85.11602714587663,69.71723178036964,103.58722860233546,75.90432094377857,91.43013729449207,74.9903456374918,58.607619766165534
2021-09-20,72.6652422363995,80.97834859087753,78.45917537738605,46.30521219497018,85.68169030300962,70.60097509563154,102.66677257806789,76.7528071409597,91.8879299404163,73.99396344499715,56.973771916441095
2021-09-21,72.7653943318422,80.9741334665981,78.28969734230132,46.25786957625189,85.61126286419123,70.47902720447392,102.63805721032239,76.88506566668676,91.96560996215896,73.98123215721776,57.007789702727266
2021-09-22,71.83910820224483,81.31503431447017,78.3207349287616,46.75759956494151,85.81231410310694,70.07601660784205,102.62192584066344,77.24581057566233,92.12092089657416,74.3374924854003,56.494549646276624
2021-09-23,72.33621470776137,82.01762386558151,78.22588535925684,47.51086001048279,85.6560085367186,70.39567424516973,102.66872801393608,77.88003822900413,92.40166867501559,72.14574631658425,55.133855680403144
2021-09-24,72.18956441907291,82.10347495345017,78.27814644167924,47.58204024457658,85.73649964860023,70.30191900052624,102.75894140860085,77.98828898132679,92.4102075256866,71.19148320358339,55.198401458795544
2021-09-27,72.3965661771648,81.87479063892759,78.47904855871381,46.504692142208754,85.07610427754364,69.59801034935525,102.87068568932781,77.99118948205198,92.07905856917182,70.62350820183639,55.46282060534939
2021-09-28,73.80345785447946,82.64098176122747,79.06542832202018,44.903911870376206,86.24941469849009,70.5058385622946,102.72118177517578,79.43259004592166,92.19848289837871,69.67139444870712,56.31213580432959
2021-09-29,73.86374513612104,82.73770594862368,78.8908935993251,44.91449134046994,86.43280567101921,70.752160098454,102.84728641487118,79.00614075737388,91.84567898825101,69.47628496071347,56.20996470908895
2021-09-30,72.50469587484369,83.3080919885938,79.99807653294954,44.84124798584356,86.61679809079159,71.74776149674746,103.1467445417445,78.49275532356027,92.12922132526333,69.8983217658236,56.00176307202316
2021-10-01,72.63374836459812,82.62489258325988,80.14564498686471,45.26954513554686,86.83887232638708,71.20052982576985,103.26552504404945,78.66194394261387,92.17548122927386,70.17911520246021,55.77980455041776
2021-10-04,72.5507373387061,82.78072592333342,80.76795104109465,44.51276106817292,87.793187167643,71.4651312371147,103.86929207714182,78.53630802301132,92.29692711382934,69.98128229590633,52.167586500012845
2021-10-05,72.4230013374708,82.9453174204168,81.17953840309758,44.268879205988306,87.77717950696393,71.66375649508944,104.10234609723145,78.56181956055937,92.44806020474422,67.81387537484666,51.864631723730305
2021-10-06,72.20779424297051,83.02560546611616,81.08338501114021,43.53357655452965,87.35373534666702,71.39144239373594,104.12640432132552,79.01490335386828,92.07318743328865,68.35392449323213,52.48996833803802
2021-10-07,72.13479188329339,82.99146716762156,80.88955253632446,43.7304173785094,87.32620371419824,71.60984200447288,104.26326188124551,79.26516189089698,92.40872215192277,68.30527311815575,51.35185781650769
2021-10-08,72.16836216592871,83.15135126551438,80.83544074156343,42.382538660887086,87.24598804610817,71.65780648634224,104.36902280530433,79.34855544328953,92.42893588057318,67.95082349899751,51.41540063006323
2021-10-11,71.99890348326612,83.15385957101458,80.38740685832342,42.60391489184235,87.4739484985044,71.85070564708697,104.5776633138226,79.45892094851308,92.08848767625803,67.24426472877309,51.46267463276707
2021-10-12,71.7283263173638,82.12662836687531,80.53295712473113,42.6556395243714,87.60771237783828,71.47411042349584,104.71985095148739,79.62257779693985,92.15029488926993,66.53696207365692,51.580821079301295
2021-10-13,71.78416779127195,82.09321942187867,80.55525399303062,42.69039638268787,87.09384174955686,71.19778940127536,104.81791997450858,79.72977722927699,92.13043194963225,66.64719999406283,51.347442085206566
2021-10-14,71.98422877138414,81.6636718108765,80.67556371695474,42.178120459434616,87.24146084295835,71.58129921460794,104.87101182184217,80.46341520911449,92.53775518261945,67.2068344048181,52.138772573908746
2021-10-15,71.5853349370317,81.19489662113742,80.12411895505149,42.177883395747834,87.08201596802463,71.71473569106703,104.81029658624479,80.67802544351471,92.6547791394208,67.24522755730717,52.049654066270676
2021-10-18,71.55185115027787,80.28888421112785,79.88281305102508,42.25042445808759,87.21389606578893,71.05846974743159,104.98771166402719,80.75003504815047,92.79097091921346,67.24384900465328,51.89085471936838
2021-10-19,71.73056918220011,79.28697077478708,79.47967776349934,42.35177769066126,87.42695166032065,70.89632912231427,105.07001322356753,81.02003384980186,92.94963811068075,67.07646363689568,51.91793073312753
2021-10-20,71.48664375429868,78.33085214433252,79.80436714260625,42.29926739882221,87.37140452354491,70.51818349147283,105.20619117715904,79.7054861179175,93.34192900637379,67.50189408139659,52.518710332800836
2021-10-21,71.57874448466616,77.24940312678433,79.81771064256922,41.825316148287364,87.35543171332321,70.67599525536592,105.2492341435111,79.79717292850657,93.30300408810872,67.63286896864403,52.61000379074959
2021-10-22,67.6562279629013,77.44774348366467,79.3625693102757,42.00498301116356,86.98905273624703,70.85835566653627,105.65062026902065,79.9842102504618,93.5012489078793,67.65154445730823,52.79644284667438
2021-10-25,67.61258376106638,76.06904207045069,78.98442719207138,42.69474768946695,86.68662563251745,70.85099724878188,105.83924923424026,79.66131250387812,94.07025487663604,68.28609986313407,52.56490610760355
2021-10-26,67.2434848834639,76.09659935823758,78.97649901201478,42.71126484981604,86.7816306505108,70.7579994648277,105.08215104788258,79.73941942196383,94.14270689164023,68.38396538442014,52.60436447991129
2021-10-27,67.27590726615482,75.09583109738345,79.60035506224757,43.49748127144334,87.12468806284485,71.57798698260758,105.17412525158194,79.34261410771131,94.44715494473081,68.67096842684988,52.68453182236979
2021-10-28,66.9259745790673,75.30179898834531,79.47673244292783,43.75735962845516,87.64294421051055,71.9560981832143,105.34902820151285,79.23923868117811,94.47183741897373,68.7578563334505,52.631774955846524
2021-10-29,66.84390979212854,75.28683000675873,79.59384169213773,43.901612853696776,87.91554322877555,71.040308269687,105.51517676380614,79.14671187576423,94.58181151452631,68.09678896420868,52.7221192428859
2021-11-01,66.90155593196204,74.6589001877271,79.82882054121207,44.269629187465355,87.77512575530059,70.82116000462645,105.65599194706533,78.6288933721486,94.69381079417454,68.1372342383548,52.92482301864142
2021-11-02,66.98095551072187,73.82826873041424,79.79141840115972,43.56222238717658,87.84837184811656,71.01792263699359,105.75257278163909,78.81042199631524,94.61361555661757,68.21507193491335,52.909104145572336
2021-11-03,67.07339840502367,73.51727905815515,79.68481024165305,43.25364290750658,88.03131478217804,71.26716804650184,105.30241286992506,79.04149335354404,94.450241095182,68.45230204345651,51.858856173883154
2021-11-04,67.20865959093346,73.17288324738162,79.97301536712831,43.45187028993512,87.25867036445533,70.94625154286217,105.34035849030592,78.08103808276304,94.73296177222151,67.2379537034617,51.767854012604374
2021-11-05,67.18112785255776,73.26407773984921,80.00323917253276,43.556834442852505,86.76081388432455,68.60084247831668,105.40815552584674,78.30288626499649,95.02367028138933,67.46575657554276,51.391942077534786
2021-11-08,67.49054995075963,73.16264061373106,80.16955285534536,43.82258347848172,87.08155933394998,67.09468091480069,105.6982059103083,77.62926417737009,94.01830901340922,67.59238962217663,51.22532559206497
2021-11-09,67.82527566635467,71.0444363753887,79.92449170174616,43.87211402104024,87.49179372252235,67.47263669311192,105.53547794634532,77.83950510120074,93.04528639887057,67.79448683585656,51.25521849267653
2021-11-10,68.18483271683135,71.29729643937102,79.50831415662621,44.193197930670934,87.14748975709422,66.90435230148509,105.59868214521812,78.10676226879764,93.25130323110173,68.10873108755763,50.35163995315267
2021-11-11,68.13396070684878,71.05893049381973,79.58769544438296,44.230367997194996,87.1012314832316,66.77247114579026,105.57332652171839,78.17028985608322,92.85270299552016,68.14508641767377,50.27956583004734
2021-11-12,67.75934379763093,70.92671076720289,79.18480924937838,44.1155267885116,87.16562366598387,66.88905454305264,105.66293985813537,78.21408824207172,92.95265703206248,67.96839407460598,50.05255917643686
2021-11-15,67.82678904304116,70.98628841625906,79.1120943228401,44.15214159555554,87.11822166661592,66.14373923209537,105.73438571318756,78.33190907071008,92.74541034413053,68.04071127326033,49.48660660676491
2021-11-16,67.48340166096652,69.01319849200246,79.06780745684526,44.287719497540174,87.35905689677912,65.98123984406688,106.0363798085844,77.77649733355707,92.76917473538349,67.97604382725295,49.78632988542818
2021-11-17,67.94552964955896,67.97612005565585,79.0790606459043,44.81139329251727,87.57630598806561,65.97509520420695,106.22318614006376,77.85986739278404,93.04016901085443,67.0325335803393,49.4691906105554
2021-11-18,67.99715784455593,66.77664846788295,79.18544313376407,44.84757872586408,87.61342905442243,66.17933979486708,106.34737496918164,77.36792388663785,93.23486658072477,67.13770126578392,49.64342846498928
2021-11-19,68.48301179106971,66.2042103269683,79.38186235969081,45.04527911816861,87.92486967501569,66.61189566163685,106.5595191480443,76.58787305730252,93.00893701153673,67.50618289421533,48.36464067313126
2021-11-22,68.53492130803014,66.66511341941468,77.96030832550584,43.73650183476356,86.67351291222315,66.81424136414726,106.84867378888427,76.4033366811215,93.43799596763856,67.99452263197843,47.619712696526705
2021-11-23,67.93922563746756,65.1612290282261,78.19349769177695,44.074092566076004,86.72439308400332,67.43768815450689,107.00080577908555,75.90120095882196,92.80850769477865,68.47344445800961,47.85800811454854
2021-11-24,68.1268590263307,65.31501924429315,77.70982719235664,43.97299143058781,86.68627544426448,67.43544018750406,107.2005915704332,76.01558041619018,92.177842964885,67.97977208619469,47.953152304794116
2021-11-26,69.13668255988624,68.64681353678554,77.98514689231664,46.655726055331954,88.78850312592135,65.13641618411843,108.16684391908426,77.79560317090116,91.04963092586705,71.9408225084696,49.39989135595271
2021-11-29,69.07428945061963,68.91278973866008,77.05832521242371,47.432368855490694,89.26760208969083,65.0896216081159,108.13577060964623,77.24360637559498,90.92590001634049,72.46813704554809,49.50930404998138
2021-11-30,73.00443238958646,69.21989199594515,79.94375077990041,47.11762210498082,89.53904781041749,68.32977989387565,108.3090110139797,75.09095364198382,92.38610668550344,73.75452916975668,53.142235062495644
2021-12-01,73.51773562572433,70.03474892069772,80.02429972856629,46.43682160317528,89.31687607798463,67.5972300726136,108.56978364834056,75.5982053925011,92.97825284861904,73.94329504862824,51.61373947549996
2021-12-02,74.6180574456957,70.85730902615705,80.3253209339602,47.91897579810318,90.53231416310514,66.07297338007845,108.47993392814033,74.31958912896152,93.08325165777939,76.33589596842198,52.097887810054196
2021-12-03,74.70369861762431,70.11889550593638,77.03675500695996,48.29916576739143,89.99410688597641,66.32594340304874,108.8196526253959,74.27919478043009,93.34822109599605,77.01742024054614,51.41231349118199
2021-12-06,75.02485053045547,70.62814380139463,76.8411891750559,48.49188661581137,90.3136715546018,65.96024455502157,108.86860184634622,74.51979802868685,93.36552559367539,77.24939321844985,51.60878453982929
2021-12-07,74.4807178672947,71.83934143459253,75.02831196036004,48.97817062133399,90.45323605586537,67.32540858551465,107.80341967340686,75.06104304822446,93.93504240392755,77.90029461476428,52.14843109350635
2021-12-08,74.9067238736594,71.4084434627016,75.13054796721757,48.83621674381346,89.71709633292,67.78051748624449,108.03774012311415,74.35394507420092,94.46160927322495,78.03033587038875,52.629553888537984
2021-12-09,75.24212503349408,71.53776987497389,74.41224368678638,49.01166848052697,89.43562092885594,67.29842632442116,107.94589425804149,74.80113572374478,94.57035535879841,78.37446281984148,52.783487730754956
2021-12-10,74.59901903694262,72.01046922015762,73.23571835750349,49.277697241872026,89.02095609623382,67.4555124187809,108.02402878639603,74.5597482023388,94.74401954047792,78.60651672709477,52.7322922489246
2021-12-13,75.01221153858647,69.54746823375531,71.05305693669793,49.83414912160004,89.50734439511933,65.78923755222331,108.10999499794222,74.27482569897653,95.16999733767813,77.42034100902542,52.50035081086289
2021-12-14,75.26949946074889,69.425500737187,71.13317912799839,48.97737215328736,87.14990618591396,66.67252553806921,108.39011874442247,74.44850991363052,94.78624381042641,78.59833780806426,53.17723492191436
2021-12-15,75.28992124821936,69.75347712483598,71.25257209591021,47.80330456822826,86.20272184521508,66.34825055927652,108.62772323014272,75.58646973399307,93.79126671920433,79.33638534401682,53.75183567900798
2021-12-16,75.72357295766419,66.45161442783139,71.62669876882863,48.09917533080364,85.9776717339191,66.34527104867036,109.30856231496598,71.0939482656381,93.9633387156791,79.51896081368648,54.34188893671509
2021-12-17,75.89979825516274,66.28534502936232,73.241824146515,49.43034443655082,87.87665992381213,67.15481509605132,109.81656698798255,70.09763359096408,94.0789113216821,78.47462809998494,56.075643776797776
2021-12-20,75.72271156092543,66.90861275452934,72.46476113831069,49.17129698055198,87.92994841577935,67.53741264530554,109.82028753205816,70.44500681557184,94.47212211491563,78.42106272552876,56.05698628839795
2021-12-21,76.29254923748857,67.86660764357028,70.57406388578383,50.30342043298772,88.55628430301233,67.37510564790004,109.90957053864608,71.2331007785783,94.38361266865135,78.24371863965493,54.894401307329545
2021-12-22,76.12350146798637,68.0834564909846,71.10864714375052,49.58330935907741,88.12817180442039,68.19775814305119,109.07737682274563,71.50203481339328,94.80032197406963,78.77309498419869,55.011158002832275
2021-12-23,76.39392189922722,68.28907709833717,71.36291156165431,49.52833792325358,88.2482299001545,68.32779032821692,108.9009179554992,71.31508202454965,94.9880100034613,77.78036609802611,55.00640626584924
2021-12-27,76.51650753174698,68.0563176137829,71.71073961896019,49.90905524683175,87.86571246451862,68.76807854186379,108.6539522643628,71.76514725437474,95.26149384467462,78.42000404429437,54.37751657654279
2021-12-28,76.59292912008439,68.1042583350819,72.00096669910539,49.882809830645044,87.90441156713129,67.96224104716019,108.7659339104973,71.58819295912475,95.45161471384489,78.13732226905897,54.56098598580138
2021-12-29,76.39653537786538,68.11998215323976,71.98324565014296,49.844552987144255,87.85687275160402,67.88741257954074,108.81032771964969,71.59441633035021,95.48222790703421,78.09303974177018,54.5060027512131
2021-12-30,76.04289430473412,68.17842978516565,71.93086967499177,49.88539306500364,87.92022894719027,67.91218001839766,108.88926322903859,71.52483890680496,95.51796350621785,77.96691601848636,54.35016018066662
2021-12-31,74.73397872451017,68.34275044696386,71.30431341908094,50.012861955112974,88.12824081951469,67.64998913497129,108.80974813689241,71.61189128053837,95.43171084547711,78.0731213653324,54.41305463872903
2022-01-03,74.99933695787892,64.80988636573599,71.82188344459203,48.93354035241593,88.16521147011171,66.89558042800218,108.64060554992531,71.91244584108254,93.54858216149117,77.78100766276418,54.73721901606347
2022-01-04,75.59249044260963,64.29477479192096,71.84904276358441,49.304034951068566,86.16172154490326,64.7195827274515,107.57700812818301,70.08983777637273,93.79003789853552,77.98593145918315,55.080050832654656
2022-01-05,76.8725482150611,65.71341583740988,71.45155021760684,49.78500525567535,87.68334265827562,64.67083804414426,107.74333459239331,71.44188788124833,91.03796654138014,78.56794547775482,53.663518890383266
2022-01-06,76.88871426300032,66.31082322264614,72.15776878004998,48.70332290863149,86.21854394305669,65.86588609698198,107.15729287924175,72.19102641622973,90.91028413712075,77.65111542607116,54.611720514975396
2022-01-07,76.83723499224043,65.3733482226786,72.26660955434647,48.796542990122305,85.62322750613345,65.71573248938628,107.28571174152128,72.2821606606625,91.01699793661624,77.71187975874155,54.58252164436696
2022-01-10,77.15117619530486,65.63643019243935,72.47242800281704,49.05068531290834,85.88825387699778,62.600974456344105,107.20279803831144,72.17221955130975,91.13727101566694,77.85203271175746,54.86046555905668
2022-01-11,77.52042676587632,65.75207369492834,72.27317366269355,49.314873124242496,86.02051886568564,62.882606392036806,107.20184226558271,72.54851950276402,91.41524857312757,77.24795203490388,53.29143305285288
2022-01-12,77.59812513491542,65.80622251813543,72.2544568130316,49.18158897292873,86.01847240427801,62.79133065437899,107.25311282433604,72.6162788704547,90.94261609868319,77.3014536190898,53.30672980275114
2022-01-13,77.87322417837683,66.37947679038439,71.7240681412432,49.25654150085422,86.12883833561901,63.072682556738656,106.0417847909806,72.75825203735883,91.45245126808986,77.42283431869171,52.159469526609584
2022-01-14,77.38406426370557,66.64404464650153,71.67780432583001,48.21395014792355,85.52652193392989,63.27026128726815,106.22737205876265,72.30876296745053,91.43868379999287,77.38065411810236,52.2485807819939
2022-01-18,77.62767317079322,67.86890547554734,73.22991419807308,46.96246564565634,86.23595676914161,64.41527314570678,106.1721587847225,73.43890544408359,92.03316869285588,76.43104578889881,53.399003209847315
2022-01-19,77.26751765999258,68.18647189186457,71.69053736937073,47.24076734402684,86.25919008076376,64.63477877489107,106.32742969639784,73.68997374176807,91.7187719532668,76.38846172352528,53.13717637288623
2022-01-20,77.75036275755467,69.3093751906965,72.22402880796682,47.36650571422549,86.06592606299938,64.64500111054225,106.55414851751267,74.24966905002101,92.30143159262911,76.75484535672605,51.81867820161096
2022-01-21,77.935540630495,71.13072799465816,69.92522200319536,47.87529235240346,86.86169876843176,65.93061181734616,105.79715341358256,74.98121992682665,93.31192313851402,74.51280704256541,51.16699919982304
2022-01-24,78.12469002546094,70.9470881742109,69.35490009694892,48.249130320962884,87.0847896538924,65.13346275503127,105.63885654120277,75.14236679925368,93.51914905942628,74.73138580510391,50.09900059109526
2022-01-25,78.60010942861234,71.38660893943788,70.12233421244936,43.79109419545077,85.75155372466136,65.6652764834759,106.04617123542515,75.67223449882921,94.04069295513222,73.70172952562073,51.37243732729769
2022-01-26,78.28435091729767,71.55578663013482,70.40325326345052,44.07901315059049,84.52863490305256,65.90483327605898,106.27909053316392,74.5758163386205,94.31006225272267,73.35135700663434,51.60570017714747
2022-01-27,78.1450023702376,70.23596022559121,69.82124304902143,43.92759481081428,84.62372259686848,65.88070871207024,106.13392666265791,74.9378943810391,94.32385131405123,71.76775007778512,50.63656451356864
2022-01-28,79.74279913431938,70.69751711452327,71.12363277174731,41.020815724102775,84.59929153497978,68.28480976068657,104.01533350197951,76.24206279199514,93.07468903634563,73.99906945023668,51.44018522303183
2022-01-31,81.71261875424317,71.85712934173192,70.92037747164375,41.13081636765932,84.19546586912566,67.79730534177699,103.45937241161808,77.9784704161323,93.32746127974784,73.24257122956321,53.203710769194906
2022-02-01,81.40769505846282,72.35050870602629,70.99042199086509,40.82428700896181,84.12495171275894,67.9257682665305,103.27342947370516,77.91837618536726,93.00575332682992,72.34148749647768,52.446723027219875
2022-02-02,81.9766138871755,70.63823763047058,71.52524181020355,39.65414923034185,84.20153658968083,68.84271613838348,103.52401618305942,78.1206824563473,92.93262858755946,73.01493996517405,52.681884044005905
2022-02-03,75.47295339392043,73.31927474297726,68.85147500122983,39.3708156780129,84.2274119054781,67.79382826428998,104.68333957556597,79.8348554044372,94.61938612933358,73.96883079934169,53.13617190017493
2022-02-04,75.95761641304131,71.59483545007461,68.01442880039633,39.41694724229774,82.87860825121125,68.16751117873606,104.39884632675506,80.29875096088546,93.31536269772961,73.77561308459786,53.33165311627781
2022-02-07,75.6720316280364,71.4659711191848,67.47074429760151,39.477069121353274,82.96278505538989,68.22428274342754,104.51249739563319,80.21312998812995,93.01717407819106,73.48266408490194,53.15938045986579
2022-02-08,75.01682393375158,71.91991313411094,67.9793212498792,36.7716768942379,83.33902428357251,68.79908190099746,104.75610334810746,80.56276958106051,92.788492609859,72.03357405424342,53.29902676139584
2022-02-09,75.00291353581319,71.82911254088846,66.34933415902856,36.62802320346681,82.82489874185369,69.0739699504123,105.05176725390588,80.9837854692769,92.77248698136927,72.08309739815627,53.2397360428028
2022-02-10,73.7022360182701,71.94736480077368,67.40593267814606,36.361056744459674,81.45646313022407,70.47257950608285,105.57114201737357,81.35365791730068,90.9688442182065,74.51920912736203,55.426835470166914
2022-02-11,74.34916807219676,72.73922097631437,68.03155868541032,32.0081029680072,81.80031324611411,72.09644328533709,105.52863907721374,82.14837904027094,91.0599955838572,75.25245592943058,55.42785866428952
2022-02-14,74.35050994059162,71.87790762924762,68.01865804536271,32.015803075690876,81.85972217474162,71.79178557373618,105.44540015517657,82.41378775710223,91.10296910784962,75.12377378047913,55.458310271474666
2022-02-15,74.78239419762603,72.25700934271376,67.45863555766945,29.997454492002596,82.28082363857392,72.00605059672564,105.62967075312301,82.72878749732345,91.24718292130137,74.72025498434722,53.414329997924305
2022-02-16,74.62070711959088,72.28880052350324,67.48563581104997,29.943202716497932,82.34742309084469,72.01442799783007,105.46706723831032,82.78063790572713,91.1517159128656,74.78194920346542,53.47559252796116
2022-02-17,75.91074453716901,73.46934792343899,62.55282875131441,29.050243006940473,83.28621273764595,72.99688088596068,105.87659369926158,83.65011151918762,91.84377563689144,74.70495233593641,52.35205403487305
2022-02-18,75.93913761927406,73.5657685855082,62.31355753623472,29.07075192245472,83.26936579386201,73.12515790695183,105.90306737803523,83.61575435889603,91.37425778299392,74.72457983626208,52.40093667816761
2022-02-22,76.15449954238476,73.73038559843843,62.77442139825884,29.376322826230034,82.87853357946554,73.0161920779507,106.19230581107946,83.9159606267467,91.85461286665246,74.36013665040674,52.157945501641976
2022-02-23,76.3646079862912,74.74405896206723,63.35957924118138,27.28970663164901,83.21885334051308,72.8170883076557,106.39679040287189,84.59163083599914,91.74168230718979,74.23835247796107,53.16197753444663
2022-02-24,76.99054465564903,75.60102097797679,55.070190868945886,27.177576642679213,81.28574182777866,73.35241564041185,106.77324702509587,84.52337675584837,92.1779343502192,75.35589020975108,53.95158990604405
2022-02-25,78.50469107154274,77.70261089305743,58.35124854776236,27.6265616794204,83.25024484297701,76.54941253678719,106.19525671367379,84.41509603508408,93.30853282076718,77.06416261795232,58.08305003429029
2022-02-28,78.79112607730974,78.08069140976458,58.03124294149069,25.263422489613973,83.13444905533234,77.03586494282258,105.51937992443752,84.7221066045223,93.15179106518322,76.1503154080404,56.44649013641353
2022-03-01,79.01567909922291,77.50282969358172,60.34037857464506,24.50061659872329,83.76303083166476,78.17294667640978,105.67654997768176,85.73571050615215,94.42433283896398,74.93843251850839,55.950773964351505
2022-03-02,77.31832595905472,77.31435687868297,60.849301599033225,26.00186623158076,85.53751082707964,79.18771748834567,106.06375594207321,85.25571638799883,95.30315412789756,76.2195336877121,56.17992647388113
2022-03-03,77.38883735145792,75.76102941832717,60.67507725958198,25.870289867402498,85.41044151590407,79.40984018922072,106.51006072230457,85.58700984674971,95.58055711027474,75.64910232523644,55.07958557848996
2022-03-04,76.4342726173793,74.61706916072997,60.9822078686598,24.741778044340123,83.72378999404268,80.03058008122528,107.23148568059577,84.56999727797653,96.15242723889068,75.82169322805534,53.42677625807832
2022-03-07,78.4708509616711,77.08759081693478,63.56129469612178,21.256114077921236,84.78710313251158,81.828755776235,107.3358192977484,86.19606306569196,96.93850062720063,76.60464340682219,42.950732884112455
2022-03-08,78.99048222463013,77.12198401869495,61.05570008163876,21.403302559164967,84.61354237302652,80.34372059820194,107.43426882053646,87.02775206492407,96.39173165299576,76.74755219676963,42.94991915657745
2022-03-09,80.31192825747524,78.36869273791675,60.41016623353555,15.74007098827721,84.74918009841444,81.3189420038185,106.99598914583434,88.13976729317297,96.38755953941997,77.49788507691089,39.80615216918827
2022-03-10,80.4895235451419,77.50731978042491,59.83242832316476,14.473223041253412,84.59145177505536,81.8498390656829,106.98682974283739,87.9910337531042,96.32137698358605,77.333045135376,39.525269720697835
2022-03-11,80.98391004140684,77.60165291270867,60.414626691255535,15.081682517660845,84.17666758459163,81.99866686783346,106.9120666312061,88.62716117473445,96.00966016517611,77.30584238185813,39.23356759493222
2022-03-14,81.19358320185475,77.66767053605209,60.36354238088698,14.445608701980667,82.64971782819251,81.9534235814674,106.28120785830943,87.98688198175017,96.2233584855556,77.37758517320655,39.34958140067994
2022-03-15,81.35143250113269,78.17271506879382,61.55604370392597,12.67793175197864,81.61434850466966,83.24313155838277,105.33016833940609,88.92218507558766,95.19546614210037,75.9646110782917,39.3265022780236
2022-03-16,80.69023954437375,77.68785544441978,60.46222798138048,12.073765504621552,81.13626978918026,83.18073884273977,105.26843193580257,88.22238103582362,95.39601481461527,76.20120864461441,39.243523829779235
2022-03-17,81.701644738004,78.77982226903114,60.26983992388132,12.475964209593773,81.18282074760094,83.49263345208396,105.25459487463166,88.68213565996616,95.64950715408673,76.36540646867773,38.84825094589551
2022-03-18,81.75648237770447,78.77857559848587,60.48989721883261,12.410195795741137,81.14229355724015,83.60634947317061,105.12343949226464,88.56566283071443,95.639864184616,76.31708127746074,37.50395830245472
2022-03-21,82.00276712994159,79.12454161816173,60.51054771504416,12.052019203975306,80.70825035703315,83.7703041411799,104.76361019109902,89.07271149227378,95.16311200827067,76.01359917182177,37.20666826341072
2022-03-22,82.44257820890179,79.3965768808074,61.1282747697703,11.181038432823453,80.99866776065541,83.52891078828597,104.73884727980202,89.36564973268148,95.24228691719414,75.22896656530233,37.13523252902478
2022-03-23,82.13840215601803,79.01943541010077,61.79840058486397,10.500944248748977,81.37521538122841,84.13436142000282,104.88829583460698,89.52030647550454,95.06046347774358,75.8989248697529,35.99925406737334
2022-03-24,82.4566265122755,78.80147759465855,62.25229167774929,9.97147674839351,80.9768992554283,84.13298298051836,104.78725997681009,89.70079997400916,95.85196174817594,75.9643953627441,37.09142827826393
2022-03-25,82.93960251604065,78.48529335130384,62.28505714228699,10.216473220926712,80.98151701758768,84.30243825758397,104.69328761806096,90.30674591822319,96.2030768659346,75.93636513830802,37.27808759442228
2022-03-28,82.88740225825899,77.98990954380143,62.59506057509075,9.768452975288005,80.46840849316357,84.70468158879217,104.37000161379063,90.64192736895181,95.36062998541897,76.08168435217092,37.40441673742494
2022-03-29,83.18231349349723,78.41810100882896,62.94356351180197,10.003443921199793,79.64761976694548,84.43649468487067,104.26206246253756,91.13097503703628,94.92243289784025,74.87253278080055,37.675909159407645
2022-03-30,83.28152706260964,78.42855618517171,62.97400060628828,9.848152542502337,79.60249668590308,84.34224763077188,104.17819029855825,91.31301382230474,94.79610324733139,74.97139656387405,37.29534678094377
2022-03-31,83.7656369801725,79.20995774027637,62.429467499103026,10.27648275239324,80.21773959610599,84.38476797337727,104.32730896958923,91.68215739423543,94.87543793641217,75.38058473554914,36.9745692385835
2022-04-01,83.70470280067657,79.05375441828834,62.97420977107926,10.646341666175998,79.66780170339246,84.51221779535699,102.44930035049589,90.86981008707343,95.07018427748804,75.32424588453026,37.68946453689767
2022-04-04,82.0427019998544,79.21418362544044,63.32734337146786,10.601470875176169,79.6116070772872,83.71710448404639,102.65042670530163,91.09319319778506,95.34359780193815,75.13700771596967,37.20621973855536
2022-04-05,81.11738724929339,78.94227515990725,63.65685190387557,10.919892351615516,80.30298743500161,83.26602756709836,103.37008625215996,90.50583899192421,96.19897131293267,75.36367502182091,36.50721539776781
2022-04-06,80.14652309638934,77.23474449935101,63.398250148554666,11.535997819382452,80.6387424871899,81.79162497516073,103.01220947138304,88.33374454800914,95.92001642473736,75.12802143811129,37.278333422619916
2022-04-07,78.8783064194838,76.82298248654335,63.547431672733495,11.566314853650798,80.93062793396835,81.24395101391046,103.46640733114424,87.81254344399326,96.29693292449377,74.46278941953233,36.85133963528777
2022-04-08,79.14950737487261,76.813394274503,63.452277272527354,11.674610844680862,80.4325572828521,80.46634201862614,102.9863178088892,87.65936683056047,95.96635104284783,74.65034854490615,36.957661376789275
2022-04-11,79.62918074984196,77.60946786943217,62.648663422418345,12.412592084292442,79.49395833189227,80.24114375421848,102.28464381598843,88.32137270448638,94.75871711758522,75.1046055235659,37.608423219017084
2022-04-12,79.61747463456716,77.09141923665423,62.73782144844188,12.331129349135058,79.21989669793666,79.29183315840041,102.37848975135158,88.1084881282903,94.70159326417026,75.20375708547354,37.56617121101555
2022-04-13,79.93365805150268,77.61115986511368,63.08102204619612,12.18287284726981,78.08922607735312,79.27462825867975,102.81855561233883,88.31850143450215,95.24501325080756,75.15557205128218,37.09281818444766
2022-04-14,80.03514271090486,77.43906859791507,63.025497375273574,12.375633984636123,78.66254215460967,79.29185377702345,102.32896578216597,88.03579910964861,95.31777189393028,75.55290390528756,37.157615772836444
2022-04-18,80.15434964785318,77.37119636109465,62.769661467308566,12.412686758959754,78.18727703737578,78.833989375478,102.40015125762064,87.92949096670432,95.2036751133114,75.56556294298464,37.23679962788067
2022-04-19,80.82209326920291,78.464472506702,63.81534202471622,11.359085917827546,78.31518997273376,78.63750662208787,102.71138968953888,88.24792696640505,94.51958782969372,76.68352784116148,37.07857886720399
2022-04-20,74.19773778921393,78.95443308521175,63.67226307276956,11.511596786148976,78.6966084680723,78.5073948870954,103.5166709980453,89.03543865500703,95.09052358124994,75.52105589090746,37.36513609855086
2022-04-21,77.25456794474734,79.99049825790439,61.47036226400765,12.255207696500285,79.63415735462138,78.71830568229754,103.06910791705008,89.15135321699296,95.76789529884775,73.92692191241977,38.511559453617586
2022-04-22,78.68332172509986,80.35993012084427,62.70447658881718,11.595869993049392,81.51386430079388,81.49720492818835,104.0115247520396,90.06848533889375,98.07228504001543,73.73912070702734,40.51210927656496
2022-04-25,79.16275863811889,80.93951594510982,62.83311101870043,11.121799747673393,81.29484334923535,82.13525027611364,104.02452509260438,90.90061228296439,97.95667190049025,73.19503138144853,39.974726669299784
2022-04-26,79.39882291876502,82.54479263973262,65.01351317767188,10.08988637211979,82.82143600039443,83.16266708598954,104.83167647615272,90.76150041530234,97.68423183235582,74.80380485269269,41.60783562532979
2022-04-27,75.66885005228711,81.9541481739535,65.3466754986425,10.51690261011523,83.47280211690781,83.1534162949533,105.16203821391925,90.09647658576063,96.95354939315115,74.88991328432682,41.135774632123244
2022-04-28,75.86666110054857,81.52096035146911,66.58987728206806,11.358038242761054,82.81850182036025,84.00907680261506,105.24882128123984,91.82032437988498,98.06122999130203,75.49861610066662,41.74860454856339
2022-04-29,74.41934472266823,82.4395668317358,70.40163670187906,14.533713701335309,85.49965458291628,84.65775101022632,105.18468815716037,88.69928615706925,96.63143201734249,80.52861828272547,47.48465529596084
2022-05-02,73.07451655438574,82.3555696574298,69.76012089828185,14.179831851636028,85.92390304744269,84.83613527916953,105.4497453165183,88.96096590934357,97.15997997304183,77.50489667817125,47.51876088787191
2022-05-03,73.29293894027572,82.50613507736958,69.34578731574264,14.221422284582362,85.90951735656654,84.77367762282654,105.47773618931612,89.09570874492823,97.14246292632662,77.48969610720818,47.540512881787016
2022-05-04,75.17476482455068,82.54386852039865,71.15511608787067,16.417457107688303,87.60579330896175,85.49946006837133,106.54570789570558,89.78851398931481,98.74562296446716,75.79298544439884,49.7898703011532
2022-05-05,75.80076590038925,83.54799246205948,73.20456652496866,18.437028527926927,88.40504039590752,85.77093825455249,106.13110671210235,89.7521618065925,99.25147876635494,77.806107601215,50.01073167860824
2022-05-06,75.1091390659403,83.33648124702361,73.31992534007229,17.814443942584777,88.32983654218408,85.79524330300944,105.97625257866672,89.61467755207164,98.7051461853328,77.99153486988273,49.620035839974804
2022-05-09,75.97337588916258,85.13206203139197,68.39419847180633,21.54263010502569,88.41947861643176,87.70142432636386,106.16419378443233,90.91199892695616,99.85968811888375,80.03100929592448,47.81275043541889
2022-05-10,75.99553332632534,85.60383002441897,68.4952558249779,21.20738397585153,88.56606514865194,86.9410421343631,106.50044014855288,90.62844475975358,100.1549948585081,78.82041770530083,47.856317140556556
2022-05-11,76.19026402782737,85.16968880294547,68.69837569844603,21.0400132401926,88.7682333573792,87.20985424403487,106.63111667926636,90.26589814361981,99.75666361548707,78.6222978227082,47.02661231696559
2022-05-12,76.20804542190751,85.42204329158453,68.82979218153454,21.10246464839519,88.70244539639432,86.82837098871101,106.8541867610155,89.72690078113597,99.96708007032238,78.33727487962932,46.12694134302137
2022-05-13,77.05361739037578,86.01459824323337,69.72189210711888,22.105789288177135,88.65501976772185,86.5743123952862,106.20636081393165,90.07290063072624,99.61854380118095,79.24957074276598,46.59416077700493
2022-05-16,77.34815517098824,85.46195719603183,69.57462046985886,21.46211029447508,88.47185837987901,85.96619743036727,106.45838970123955,90.3548211645617,99.72689172146313,78.76007918467897,46.59494812392423
2022-05-17,78.08841437035967,85.78351049464612,65.43701137129197,21.122900785826992,89.17691811797758,87.07033854372114,106.78703058574695,91.03615272246827,100.1016191393759,79.08129601825651,47.355315286182474
2022-05-18,77.95955328203388,88.38477693860085,67.91582673658779,24.563500732790867,89.03411017192398,88.9792300464396,107.65504064294393,90.68548281524296,100.78205519852432,81.16002827069647,46.00900291410225
2022-05-19,78.21577154715874,88.37092192939163,67.74915839817083,24.65590859057317,89.15639217497264,89.19539839976676,107.92308221213462,91.0634642388541,100.19621942421804,80.96046331330703,46.03342388327529
2022-05-20,78.37123082624149,87.78437171600645,67.69623878345486,24.744927643468067,89.3990931169972,88.36137120683462,107.42242612120094,91.25105137949082,100.320074882659,80.90203074082551,46.15947446881904
2022-05-23,78.6972269197628,86.33520785166867,68.81673346116389,25.876260848956008,89.77424538887013,88.1260047933763,107.3193123020923,91.74299195164963,100.3959915626531,81.19693036140069,46.774181266894495
2022-05-24,75.942032282248,85.80269149888633,68.38779735037987,25.99649956806737,90.26724247626191,88.41607238662301,107.83519564329285,92.04046972487303,100.6836790705579,80.85031383937542,46.15396085546125
2022-05-25,76.03473382628943,85.89006304620818,67.80123685936626,26.510853075280743,90.51877128099568,88.07348947940405,107.96051793260175,92.07245482011359,100.84473436315596,81.14724252067026,45.871102847371276
2022-05-26,76.61336189717224,85.50250455685668,68.22757103477741,26.599928128002972,90.9472654123565,87.67531598463145,108.15216106919101,92.38925365696663,101.15823674568786,79.54907873397994,45.87195729566162
2022-05-27,77.24534028530226,86.52419367953918,67.78152373700313,26.6435395293729,90.64191715837762,87.85070953075716,108.25070035027036,92.91111377632976,101.48523373098485,79.99809209972895,46.62948014030367
2022-05-31,76.43222296649571,85.06702038023725,68.35123630172258,27.288146718911264,90.41432497990907,88.09660743759696,108.3123414085345,92.39407867167392,101.48732590147691,80.48299655359789,47.52637302721562
2022-06-01,76.5129020654723,85.1135559987476,68.4114734733788,26.45453097838275,90.41907702615102,88.021518777318,108.33178635738437,92.22202307124617,101.59049362888095,80.67484767765765,47.3614315435499
2022-06-02,76.8987593446061,85.40998358330738,69.02730824837546,25.586894997305137,90.30419775836262,87.63708771677096,108.3324683512027,92.40486611100383,101.58555010291639,81.06615039231477,47.492862518120546
2022-06-03,77.21904565644337,85.52474862278932,69.5224002635394,24.668302399119458,90.50283166473277,87.93032686625585,107.54524388723263,92.47629285636505,101.56219273598583,81.41946870101373,47.719897950038195
2022-06-06,77.22607501257852,85.47565320970318,69.52839095630381,24.588738364227183,90.55127315862362,87.8946461434351,107.58223388537544,92.3900629828283,101.45375425583318,81.37205795311597,47.76790280830839
2022-06-07,77.32443982182723,84.88980199650408,69.59811040256353,24.92936370987936,90.5897151049039,88.0078018604913,107.669291330104,92.47183838868105,101.458866349242,81.5062715221844,47.88595724724646
2022-06-08,76.09415818831499,84.32957336030196,70.1754320862048,24.705598434206692,91.06941696792558,87.89961663477675,107.67502971078187,91.85375869836534,101.55623431505826,82.02488386956584,48.70592401732992
2022-06-09,76.97222238761852,83.24626271328879,70.14304042007788,26.038871601592053,91.67598387837708,88.49558827923396,107.76412746837909,92.1854046045958,102.1226450787958,82.39096212767004,50.42584770203383
2022-06-10,77.83023575348003,84.06066944971924,68.90844138007688,26.40922076665375,92.23147440333034,88.53574514901507,107.87309732231284,92.87177587039356,102.57286195178635,83.05682098787945,50.088306438110145
2022-06-13,79.98451196931538,85.23455402287928,68.39370716628426,29.87769342096529,91.37707364309051,88.75566885477366,107.12167413611283,93.95232157895893,103.05265899526339,84.52736292925555,53.92420800176275
2022-06-14,80.19761962181683,85.50981661768516,68.03320461824329,29.9531031891542,91.62723879722938,88.80445883750892,107.017600333073,93.96783108447241,103.27041598867923,84.4794483998379,52.592249989180424
2022-06-15,80.42689928243138,85.62437505749367,67.55164175752806,27.96051040425415,91.89998253860585,89.08107899260538,107.27044210044409,94.20896706316113,102.44487777528434,84.29080584059326,52.774007848730875
2022-06-16,80.4823959712472,86.4334634234581,66.25160027449638,31.68031336852921,91.56018407063193,89.29791321727834,107.41601690639214,94.32566364732142,103.23517907143638,84.77121757973417,54.62004122378646
2022-06-17,80.11523051965374,86.5608209393472,66.37064175056365,28.570033020577764,91.60618553120928,89.53779145165925,107.65575814829941,94.49521127423975,103.3626293580537,84.4969242987109,54.63205355638944
2022-06-21,79.33671632149795,87.00917998157,67.50741261509174,30.196520458388836,91.82008622060872,90.08548349177083,107.42237186152059,94.58752810594925,102.52978011716841,84.26417271900203,55.6302624764035
2022-06-22,79.54973545658403,87.35813167859445,67.60095302874494,28.820563613359802,92.17547565168779,88.33277331727832,107.64764470739243,94.92866889520104,102.37214617517807,83.45105236301418,55.36333533599393
2022-06-23,79.82295788192432,87.72354332983875,67.53509447762909,26.769639623983863,91.98025913385541,88.40155011005253,107.35687522984739,95.24840866899378,100.60787855169212,83.86233900700714,54.86853372458758
2022-06-24,81.51281571592875,88.11784540948918,68.24527201669301,27.452363682662302,92.57819572748082,87.78888469362921,106.90667654765083,95.5693215924472,100.13856443386999,83.91898167604819,56.09460314915223
2022-06-27,81.6278324569901,88.17741584591141,68.35905544885006,26.91638950635413,92.68029432513782,87.80584440894361,106.98315066076252,95.60750413999308,99.98083520606393,83.94934137059637,55.90463689030522
2022-06-28,81.76743042884453,87.94990702090873,68.6382664529445,24.95675049037308,92.61949157690385,87.8718108217651,106.99789203142139,95.6459595446602,99.9719751683794,84.05356910133742,55.775489377134015
2022-06-29,81.93257726209504,88.09047037533969,68.4427471214554,24.06684374968427,92.64692013061627,87.31495912589736,107.0375225036544,95.77270062681795,99.9350275863133,84.09893881326917,55.815545937282735
2022-06-30,82.10091357539144,88.22660882572161,68.49016990374093,24.14471213204816,92.77484562334487,87.58731586501835,106.55862738112634,95.86404927591576,100.01122045708496,84.14531390584474,54.642595367153746
2022-07-01,82.14833720604202,88.28575146102894,68.87683781727064,24.487232439324423,92.94476628367897,87.48305217180271,106.69822138448362,94.86258686002779,99.67265697445892,84.47981079599944,55.052811488962284
2022-07-05,78.74411295655537,86.31293178955531,69.61686903772178,25.207211796415315,93.28600874447929,88.20752290638495,107.30476406127343,94.21137050824692,100.30637562080139,84.79228831406967,53.06524581461525
2022-07-06,78.99346855607375,86.30639277203271,69.52981600507927,24.938160358600065,93.24621357724385,88.19756664523321,107.31690931676722,94.39581971775934,100.26113137551474,84.5985066326247,52.81762740943478
2022-07-07,79.14495587003623,86.25038805316828,69.48108134011912,25.100990608888495,93.39968546026401,88.09831386700836,107.4452185300384,94.41820191914083,100.30091884232736,84.1963801154003,52.365313354794125
2022-07-08,79.16408714895836,86.10889648256753,69.55842560860191,25.147764273758,93.44544654870818,87.92745946840635,107.46748560217601,94.28872454054057,100.07669432311818,84.2771458878505,52.433318247685015
2022-07-11,78.52377379412063,85.91242626079885,69.63972408029292,25.256552776724202,93.61552257372207,88.04212431723641,107.62576968069875,94.42157509250644,99.9983368565658,84.20380372933025,51.98943650730471
2022-07-12,78.6260231329811,86.13999192097057,69.64200708607073,25.41543234778574,93.70336142084415,87.86645856451212,107.4470635063597,94.56004927379948,99.72336397589311,84.25287317569777,52.04500726980013
2022-07-13,78.65152589453933,85.53962111387563,69.56013301799432,25.424297667712448,93.82597319739432,87.93556594280895,107.27464988333173,94.79701774114409,99.75762778460808,84.33930933503017,52.133110440837854
2022-07-14,78.81569365518952,85.42195108620753,69.53721856492731,25.584546506957057,93.57808067366665,88.01152080545067,107.55810564433314,94.3184689619166,99.45158513634357,84.53177735527254,51.87966820223749
2022-07-15,79.20117556482123,85.42938633013199,68.831737389099,26.117355915053786,93.39727052393737,87.94921287001173,107.7101985359268,94.59484600420645,99.32772119317077,84.91937877173964,51.37281504973153
2022-07-18,79.0250515912388,85.04608793657394,69.32025566240245,25.421863723567686,93.43574936142156,86.01499421236626,108.01760163393912,94.78260267531972,99.0056813006603,85.19028211394368,51.40150426357417
2022-07-19,80.13697793548089,85.45010083018532,68.9410258386095,26.70180681140485,94.28842999230812,86.14201117607458,107.84098317475153,94.40599841362071,99.7300711518951,86.29249969603963,50.91491008608987
2022-07-20,79.25762142457553,85.18436310665062,69.08093740806964,26.855164248542323,94.48582378968631,85.50393751969574,107.6675104165922,93.54391210464372,100.03083069131466,86.44137512410194,50.28788654252189
2022-07-21,78.97682495867498,84.98405444468905,69.07723945361478,25.833960504306265,94.54567002218403,85.3499959450711,107.7025992607232,93.61888882283105,100.1005940478998,86.5463860552706,50.2892312309099
2022-07-22,77.58200347411672,85.16581149224828,68.62303111346216,26.09001357429775,94.83924331882727,85.67574171157591,107.88116670688972,93.81304499952554,100.33091836753718,86.53651543327675,49.2727154395472
2022-07-25,77.06310702500076,84.30375467383854,68.71965493219871,25.892807861474555,94.9986360798927,85.79397507664689,108.02780501906864,93.17046826812549,100.42327838636783,86.54942218500457,49.56049447592301
2022-07-26,77.03974042946811,83.70482440762396,68.8377516365418,25.97272731700544,95.04502123604206,85.177688111136,108.19847541488606,93.29314116665842,100.60629234215767,86.28058505489605,49.27740461380025
2022-07-27,77.20978373684127,83.94497484675841,69.12519714110422,26.61614029758966,95.24488611080237,84.94958882791828,108.44689745754809,92.90525959251539,100.56623031233046,85.96264192402751,48.73793087291473
2022-07-28,75.50989592170129,85.02600976429353,69.57748924456504,26.10503926937696,94.8224485001863,83.84764242964269,108.96048970701176,93.94398372968618,100.89900640202258,85.51584990796562,48.95953793428038
2022-07-29,75.17787650657571,84.82991535004928,67.34183837936412,26.124549063254292,95.18153077174196,82.75689775972825,108.89584685064959,94.43386355657704,101.36662103833984,85.76432242468655,49.382009309237155
2022-08-01,75.24292366621663,84.62321304227648,65.37951208622928,26.30500198460255,95.3395136191653,82.96086854722118,108.81786907752037,94.48146604566841,101.42889799213155,85.8546379146439,49.46732925706509
2022-08-02,74.84842063778423,84.59443227124864,65.48951039175647,26.28510271320087,95.48614779137843,82.99637745657814,108.77558549238586,94.59387537359595,101.5610073704335,86.03682410355974,49.323996413430024
2022-08-03,74.96021757007362,84.61220841980756,65.72767498694401,24.62366057907674,95.52009903602408,83.20137150243826,108.86710308449285,94.47510088850467,101.15233576636273,85.84372344830706,49.49129670262997
2022-08-04,74.51115668528118,84.42314755680322,65.81627604511313,24.450962147814337,95.64127322493488,83.12984532849977,108.55640037123524,94.22025543149036,101.1884466135241,85.95420120950817,49.54909929549447
2022-08-05,74.55307202497936,84.1208339254749,65.92651997551177,24.13852170671317,95.3021825515309,83.24906860068246,108.5885198597833,94.31637354078164,101.21285993759683,85.89688281073927,49.62531931824863
2022-08-08,74.575955204223,84.15214875733133,65.91937036897531,24.18710731990393,95.32307856260441,83.3094696888013,108.60737241402228,93.9965934746315,101.24921898984495,85.82487572710488,49.65132584611467
2022-08-09,74.65355873535329,83.84125824296744,65.92888273686407,24.135904130145043,95.11489951372779,83.37178363931294,108.67557982512854,93.7797790395976,101.37815552422079,85.72315738313361,49.26429905123221
2022-08-10,75.29788232856676,83.99710120008464,65.94038973090558,24.126969332803494,95.55939046507943,83.42535774842604,108.69608604150086,93.9226898396141,101.46208276641973,86.22206618781162,49.09147380347442
2022-08-11,75.34374254671762,84.04718796216993,66.0562361592324,23.754074059510423,95.08692655623439,83.24889748071155,108.78169161138922,94.02708241234618,101.67184411452851,86.08594464602213,49.1260466613914
2022-08-12,75.6813605707201,84.27363240376421,66.16119947906813,23.52782463065693,95.37694971004058,83.41025757453004,108.80096143683139,94.0414476960461,101.87555499034636,86.34291979809905,49.92363725467284
2022-08-15,75.69175492724591,84.29044059410512,65.76909237030665,23.114870545240358,95.37339515909962,83.38967899821142,108.79985663828627,94.02417857487924,101.79620675921726,86.34466754721714,49.82594890744477
2022-08-16,75.77803749724055,84.30379518390953,65.42340932261654,23.074032665159894,95.41052257913597,83.19078764896378,108.90189825878304,93.93942241096074,101.82817849549821,86.15817152558407,49.88283695766585
2022-08-17,75.76634924732242,84.33039848167182,65.5186008480613,22.84533469921151,95.36520238928092,83.26126653240641,108.91208240890545,93.98587470522128,101.80868738452874,86.09046605533882,49.87808168848329
2022-08-18,75.67812755963202,84.28287881469181,65.61130541676135,22.684760358733136,95.41883184579032,82.91223148713945,108.93799150210495,94.05141161028584,101.75755011776222,85.73974605072428,49.96982980397056
2022-08-19,75.97862020858652,84.536231507009,65.6020932532979,22.635261466776157,95.37958222666498,81.8344283216172,108.98242708773275,94.22729534281851,101.65823895596125,86.03186396115268,49.88120099192624
2022-08-22,76.55741271859385,84.91992898508198,65.60937187480127,22.036029276567454,95.66860740196033,81.77848427777637,108.99544013993528,94.55661639135988,101.58681616914755,86.3229365445324,50.33771190527722
2022-08-23,76.55276858986944,85.07279044019236,65.63412005165631,21.483973967571576,95.80475809906108,81.0487811258567,109.050185339331,94.73034139403754,100.98672226249003,85.76298285306365,50.31354051370075
2022-08-24,76.56338200952368,85.1276454708582,65.67393344965055,21.5047287718024,95.83800958944647,81.00544925197934,109.0585290505243,94.63873897131995,101.03429935230095,85.66732397196543,50.34605751045342
2022-08-25,77.0389675031676,84.96265431586536,65.32841520431,21.481038853636594,96.0406682396202,81.2755462617799,109.12844170131466,94.71042075170764,101.0103178169851,86.0454256305392,50.34363832411405
2022-08-26,77.11990689134167,85.12234193908432,67.58999707850765,22.222254269523116,96.3645146731265,82.80331651497721,108.92559174147122,94.83289080968412,100.97877081828412,86.47885415596889,51.509295798590834
2022-08-29,77.09554823224533,85.12358196985492,67.5982665250141,21.85310412798259,96.36189015372497,82.70969001305895,108.83256101650525,94.44747534351302,100.8235570665646,86.53295753557728,51.210573718665046
2022-08-30,77.05175267783693,85.07661372047092,67.91372723863002,22.46405033991011,95.75697340571583,82.65388360479587,108.93769010427059,94.54649465537538,101.00672456457961,86.77549996614684,51.69163466648449
2022-08-31,76.46018867666045,85.20778971419193,68.01562720643105,22.450409006064795,95.78682562044395,82.73552830313861,109.03486060728574,94.6738541837003,101.08078821853854,86.74587689647478,51.88433953272763
2022-09-01,76.66028148886532,85.37797866284188,68.2236412978026,21.840874872939146,95.9973560715487,82.10735586483774,109.25629924612221,94.45168954846369,99.80812571293777,86.94560631434626,51.620413675782906
2022-09-02,76.79077749055097,85.3390473435263,68.36066037872669,20.6717644755497,96.06700011169697,81.90833075449463,109.34020022870229,94.63694860885677,99.08136717427459,86.92113345894252,51.772681836660084
2022-09-06,76.56738118660054,85.43647520384093,68.33387478567492,20.67264615263183,96.17081622062427,81.88925615687339,109.37727390702035,94.72211796298033,99.18451751196649,86.28370238257307,51.77663621100128
2022-09-07,76.72782850719203,85.71015320705524,68.88626762792146,18.93677746969824,96.28466871943687,82.15675996690184,109.25016337900568,94.1444017614129,99.31003907154431,86.55584777443735,52.558845875921826
2022-09-08,76.70394617066628,85.87093735965134,68.76624943683865,18.89979776577837,95.9578586972852,81.04904244076448,109.41623390220299,94.27999365172084,99.27058972771543,86.67071214612973,52.5325114062442
2022-09-09,76.9609422653265,86.00916952938783,69.18182965014383,19.45132435487149,95.82480459295802,81.39714240904065,109.46547460085627,94.45113393651927,99.50066699414583,86.48278766467806,52.14564350238429
2022-09-12,77.11717395823833,86.23682720699483,69.11385023962987,19.609427383712514,95.8420677690932,81.46757107362984,109.36739521508959,94.65089871779813,99.59704397697337,86.50812433449465,52.312126270778535
2022-09-13,79.17983207859615,86.4858838573715,72.11459514300103,20.819602502928873,96.09416983532635,83.04851704568406,108.87176566798381,94.53000316744527,99.30486853905188,87.44643521942342,54.78647527777371
2022-09-14,79.2072694033487,86.45002967476655,72.21564154875486,20.686139867904767,96.1626763942069,83.14767614533343,108.85242892800098,94.63207669922826,98.22311214295733,86.76593605750611,54.58644692749887
2022-09-15,79.0159972988897,86.20939071120868,72.50361734102653,21.095010342069784,95.19710194687286,81.57599522514525,109.25690424267435,94.95625530475299,98.77444775533974,87.08979500182554,54.348511560037494
2022-09-16,79.15416728617059,86.30735147635642,72.14799944099684,21.219734684881416,95.18034099393066,81.51234344385087,108.72573476310681,95.14411475325531,98.89741523811674,86.99119370285042,54.49274013913854
2022-09-19,79.27501666590426,86.54307966819063,72.40557053458326,21.41825327990754,95.39277476586074,80.44003253546516,108.69088686252002,95.22880570270559,98.75376488862926,86.6096035532851,54.774329561881686
2022-09-20,79.41260567374495,86.65031312056672,71.95474293405438,21.85518198137659,95.65374393745539,81.02036550643587,108.62742916114465,94.40241708776065,98.80956603040823,86.85218921602333,55.39503620604172
2022-09-21,79.77709485244016,86.86545538059879,71.1517057182081,22.04157628039443,95.82905210685854,81.38430433041941,108.56334399164304,94.24997041271787,99.05038977171112,87.09491346241366,55.89805957866682
2022-09-22,79.69671264374722,86.81180013908728,71.26518721746393,21.979262548028107,95.84135298313666,80.22864284980206,108.37127503546112,94.43865951760905,99.25946005818697,87.33888069397568,56.05413776073458
2022-09-23,80.04800718991157,87.21796897557999,71.96484722414249,22.919519193055894,95.8612221267969,79.40225879914922,108.51366837960721,94.0579232689764,99.48502535135546,87.3918111176283,56.45467817549625
2022-09-26,80.70270112668705,86.75362987067294,70.39408641348626,23.64812487267337,96.36579555754231,79.69986139381203,108.51257557423449,93.81340224722022,100.09027045178917,87.65702823959768,57.15011515342916
2022-09-27,80.94550942577321,86.70885897763748,68.96491833577588,23.450989247379066,96.5997332895786,79.71190567643457,108.7189457630652,93.98680975598596,99.67798521611061,87.74096724441299,56.843048311646044
2022-09-28,81.6631606106815,87.05428892242384,69.4587369227462,24.797119743552358,96.72286370448226,80.47422527530036,108.77102830683818,92.8459593819801,100.03023412634073,87.66477042416878,56.7096180658622
2022-09-29,81.82953182192472,87.568341398679,70.34898174018018,24.578267447695495,96.2863230868973,79.73983935904076,108.43893917759497,93.18872596944875,99.59156924192035,88.08965991572127,56.90217238201447
2022-09-30,82.11097236629041,87.90865604069408,70.30236947547021,24.76590280508702,96.15769020706331,80.02048086652694,108.73946961808353,93.43631016240954,99.15905755033705,86.04764102276887,57.19795393987078
2022-10-03,82.7428121145365,83.86292623698391,70.80803099600858,26.7567675513153,96.75132178161063,80.94982358031358,108.76088875554007,93.79814464181568,99.65426444607688,86.07029859840785,58.3968584428594
2022-10-04,83.24647533957656,84.24447372074876,71.50377621009142,28.27195464831683,97.28124471240785,81.59001306270225,108.8212621990827,94.45800774356732,100.3209613271333,85.18556125960322,59.58251167866604
2022-10-05,83.36850859982944,84.36976478331444,71.72627035498962,27.77570579911988,97.4479012891332,81.18384327948277,109.02829971048233,93.67316489455452,100.44058382539973,85.06598228652983,59.27636912282672
2022-10-06,83.18121890053928,84.1693721795621,71.95854416100481,26.564152696170513,97.72270106633289,81.34413365892941,109.21477737313809,93.40178909611834,100.71387135160826,84.18911979856452,58.902427661515375
2022-10-07,83.24525770181504,84.3143900177138,71.82164092821228,26.564960326564623,97.6672484643694,81.68104151808082,108.82715494119451,93.38349167382083,100.7990111753582,85.2134246667132,59.61536362876125
2022-10-10,83.39296000092955,84.49070846573309,71.74204539673448,26.201679828848512,97.8444770941357,81.79453077445056,108.43641465266049,93.04037150252157,100.71141644712488,85.23729080073328,59.56731533731636
2022-10-11,83.21889157161459,84.68805274353245,71.17897501384986,26.248834074743783,97.7137569287193,81.67670813674631,108.54858170634526,92.77903892084214,100.9577299657522,84.52405960593627,59.75475610360121
2022-10-12,83.27789694255549,84.74837738468233,70.66776986258189,26.084625090118095,97.78197499110296,81.85144912076188,108.82908714484421,92.97859973242217,101.22435005634597,84.72130033934776,57.67145332161276
2022-10-13,83.91048206296138,83.56245449314461,71.7321590921067,28.346042797270368,98.13449816741256,83.31572363247668,108.38420743875832,93.52013132443321,101.40047577728394,83.77339308752326,58.96774503648844
2022-10-14,83.37284800066706,84.47576426346527,72.5565390699237,30.01185595709846,97.67777930872164,82.49008480873381,108.32372103977696,93.62245473390857,101.27096629972192,84.23420699022549,59.63325802780538
2022-10-17,83.93320920589103,85.0915225707192,72.58390557944486,30.86142585791467,98.01713022204541,82.69797632951665,108.02495335064984,93.69214474055879,100.88067102732784,84.75804210688386,60.97020681788307
2022-10-18,83.98594258200465,85.23208572434342,72.67751199442448,30.75933727082665,98.09924484161068,82.29890957242269,107.60387130681875,93.6505844777667,100.94857942194953,85.0857958375866,61.15026161280332
2022-10-19,83.29621065013008,85.47638460649387,72.86843009386976,29.652363351072342,98.14099705719924,82.32225301872234,107.73531275073837,93.51900052443403,101.14884659573887,84.77613886980646,61.392509455755714
2022-10-20,82.70684268481926,85.73658388894216,73.02966713320136,29.587226447724028,98.32020911746511,82.54837448960922,107.33397243727325,93.0273277249651,101.35221169175692,84.69491702665158,61.08692102699081
2022-10-21,81.32164603184586,86.11835217690604,73.69932431728124,30.399167718606922,98.58700766034399,83.12599462190016,107.34983007196456,93.43645173609912,101.5364331456771,83.23345773463369,61.3213937482444
2022-10-24,81.4177494845598,86.01666636438021,73.21923368327876,29.849282191617636,98.94034740073543,82.9505470326168,107.58266202987613,93.79584575294986,100.99278050038227,82.74622933602578,61.75335136185478
2022-10-25,82.29653163833851,86.37998527460478,73.80940220838747,29.504833055149565,98.52811329566384,82.23882362212714,107.45017150618212,93.88674159138726,101.18849693657212,83.02192958372441,62.8994978855527
2022-10-26,81.45694597460135,86.66793768302078,73.78223066523816,29.359439216757313,98.7961204205494,81.44403183955642,107.71582881008413,93.43467918168827,101.23373049931439,83.12711015698528,63.20242569506755
2022-10-27,76.04060692127824,87.22155543339439,74.31117882139456,29.551294191107186,98.925584569443,82.04371971081812,106.96961923724933,93.87217038590464,101.87883112194692,83.64017452195704,62.855162241895
2022-10-28,76.25616843881008,83.64843297749032,75.0000272063304,28.829988671486415,99.48233160377988,82.60271071462446,107.41636536165744,93.93769247153934,101.89412820922159,84.30074475939347,63.866390497566755
2022-10-31,76.25545873661447,83.63964756137607,75.22477767065975,28.040396334351936,99.5351005840223,82.73149803490763,107.41985185398585,93.93811072395177,101.98963298492882,84.08925674581269,63.98339241381822
2022-11-01,76.25600739576144,83.5302596829316,75.13923673322384,27.997118485264412,99.52651339203314,82.72111860580675,107.48067536035782,93.89405596061981,101.98395247941839,84.15171374108724,63.871465222022636
2022-11-02,76.75791031810317,84.15812484483008,75.80225947301136,28.9238063461717,98.63464537303715,83.14487420673748,107.17883300881407,94.23797960713942,102.03128369893288,84.65487043659353,63.48476454633688
2022-11-03,75.6490386581985,84.44129330083159,76.1447087344349,28.65960240086561,98.9662774531366,83.49621991887989,106.52002025572038,92.4536177636392,101.75451643823268,84.97120172136366,63.724068418281284
2022-11-04,75.58019058885458,84.2340903190432,76.43322694102682,28.09382542017749,99.18577856973099,83.51315762503286,106.79986818238734,92.60506124838099,100.66458617083364,85.36511611164426,63.98795834158474
2022-11-07,75.27707166987607,84.06548933158616,76.44329917114612,28.157519003111922,99.45238536649491,83.55111833887986,107.11467738237118,92.66443740839081,101.05153341214672,85.60725389380741,61.65174479890038
2022-11-08,75.20888603246722,84.01715001732579,76.49715149734385,27.78425398863061,99.50659369938478,83.61040301696642,107.10279283276923,92.75272480807692,100.90259788933886,85.58461302409509,61.66643968251678
2022-11-09,75.08869296736741,84.70331929006944,76.9774569073868,29.25946609988901,99.60739110265227,84.05201554865337,106.84862180560587,93.05952094947895,100.42142700064423,85.19655513463674,61.489093390074416
2022-11-10,77.36506016300422,86.30292460708715,76.21337630332854,28.80520822993452,99.95826740069069,82.6727562377058,105.97440501834923,94.08544066115373,100.7342338528559,87.14173149870705,64.8842428365272
2022-11-11,75.86376364135559,85.62434734230055,76.8009829831324,28.4811619795279,100.59677518589584,80.95466113044313,106.12447864835161,93.79532108266616,101.24864427141294,87.19786106701626,64.15365259202362
2022-11-14,75.67782516676718,85.6984172876233,76.97456601849576,28.61347100323,100.61261918149543,80.60964313721202,106.25271948533151,93.80583002527635,101.11265361105698,86.88205756499504,64.36178784048118
2022-11-15,75.94640719155494,85.89225248159292,77.12994568234522,28.75242864155541,100.49860546657992,79.98643629508207,106.36510764459888,93.96873147003045,100.57688752016452,86.88485266312388,64.59555809661171
2022-11-16,76.0306775047113,85.93427536110124,76.73577568312547,28.83899088914817,100.58194459045913,80.05079395157186,106.45091860594673,94.02795384438974,100.64410778578797,86.94954816436413,63.90710368638195
2022-11-17,76.10817622193562,85.91069682636483,76.70768760897909,28.7309185863413,100.66937804530001,80.04178044774659,106.4321622881772,93.94740813584788,100.70553546190844,86.99994902835957,63.45217728004954
2022-11-18,75.82826974763397,85.92627853034688,76.78124041851567,28.36007530355668,100.78160636863565,80.0528729679838,106.52857920014499,93.83039090512038,100.76303309962807,87.05160834767058,63.13534097260975
2022-11-21,75.89765288299714,85.52722360536713,76.35851005230766,28.30431662833301,100.8943239622604,80.15411814334001,106.60877731429383,93.71224780364189,100.7257476864685,86.9746188812579,63.152052142412096
2022-11-22,76.0747338246394,85.52198002830814,76.33528559768257,28.704259368626722,100.85682050717502,80.29024235689619,106.40717829687247,93.79369181831466,100.61429653977044,86.78770553798418,63.290791373418216
2022-11-23,76.10877537157116,85.42926150817767,76.41798911843375,27.944008485870256,100.84874754768697,80.31303116553359,106.40467237613494,93.84032203822083,100.60857992389047,86.83033595668525,63.29913463053133
2022-11-25,76.0574384259716,85.45495345036412,76.42480173566612,27.920159099215617,100.87261655317727,80.28908967845886,106.41420079303305,93.70416658630715,100.63024266122324,86.81192835989563,63.30985713497557
2022-11-28,76.1941317841177,84.76163418654883,76.28190060148958,28.66943033727789,101.0434800263138,80.25361703949784,106.504271659668,94.01485893009064,100.84776434501623,87.03300014051251,63.513078499246376
2022-11-29,76.40595327627827,84.74541196116351,76.12818752557156,28.854392155145757,101.19434493537793,80.27211533589153,106.56437502377672,93.4542674694333,100.9127968127593,86.63545241753404,63.25568680760108
2022-11-30,76.84184272376422,85.11489168427606,76.56649703800912,27.787334230358354,100.71998497112591,80.84796697969455,106.15239876162518,93.21679926104903,100.6922978773069,87.04593240967411,63.92515800683985
2022-12-01,76.70619606979336,85.13195439534319,76.55089811383252,27.800613973398075,100.46321782290666,80.8429449684197,106.21952625578231,93.19476684041607,100.731498952638,87.0544185455514,63.9402936625318
2022-12-02,76.74005946602473,85.20451796382291,76.42532773934613,27.75752246690193,100.45004382829545,80.90176444854477,106.1343059332991,93.21833864514504,100.44931558498374,87.02662232867354,63.9263374790139
2022-12-05,76.6272540553114,85.65708280091408,76.9878055791082,28.86694294220202,100.66225318367998,81.07349482072391,106.03901378380503,93.20712070671223,100.40299837706672,87.42951125047114,63.109217195932885
2022-12-06,76.60035983209747,85.88223468641019,77.10449097993796,29.206249189520236,100.6471367963607,81.27355304054485,106.22114006173086,93.34612367079013,100.50760238531434,87.63976002690663,61.9304705005086
2022-12-07,76.6537946177683,85.8633524047593,77.09075396719149,29.262404777222276,100.63349462206337,80.68184831971831,106.27899537686443,93.3990910881855,100.57758845238382,87.64990563286526,61.91823529522797
2022-12-08,76.51536517499513,85.92099537969119,77.14220263841277,29.11142967864368,100.47382286664354,80.69014431338424,106.32422418605492,93.30792938643206,100.62714175569003,87.7031270684748,61.98947496030415
2022-12-09,76.00320470571062,85.91418576060148,77.3608699083616,29.417085925443114,100.43349750377268,80.70059267480002,106.39977082229171,93.30687413365061,100.71136234376645,87.47132243075424,62.099440187875956
2022-12-12,76.04860613494019,85.30563716338867,77.55674549255995,29.906353120787255,100.5593863559458,80.83340846081401,106.39309146117827,93.50723084152487,100.36435255581534,87.3968662970993,62.39495469780173
2022-12-13,76.31135544343327,85.06386884692822,77.27516818526192,30.17957624411207,100.44072181824167,80.81505058919376,106.37749916941401,93.74553996218387,100.49430353567494,87.21816880545674,62.37807153970499
2022-12-14,76.47388416359021,85.12398151308929,77.24787715151125,30.416521647285187,100.46104532840204,80.68173986327027,106.31199220480623,93.80030306025964,100.29690385181121,87.14267544385311,62.49724742117642
2022-12-15,77.05800688064288,84.68084707594035,77.8141092053386,29.882464839153503,100.5237250514493,81.14051128847461,106.33776141040398,94.03462010113853,100.4665443554776,86.83453877145077,62.421928198732694
2022-12-16,76.23858555212918,84.96512345427759,78.03752062336974,30.03450395446429,100.66248688918724,81.41513764147831,106.16366996751225,94.23531735369956,100.16134016162485,86.63823195656332,62.730758520522116
2022-12-19,76.08648692331803,85.07630189350174,77.70568781577519,30.077925429749765,100.24687358646318,81.52714134948015,106.22380618457538,94.32193893824807,100.2502194915217,86.75147847856077,62.75485571475407
2022-12-20,76.07864563295949,84.61950805473019,77.6753699107002,30.068066047801615,100.3306577289371,81.59065202901772,106.28596899630458,94.37602245951044,100.16319011413194,86.71403072300274,62.801792391587114
2022-12-21,76.23385126083961,84.72765243268226,77.93112217437057,30.384204686454016,100.4434927925629,81.79217789005705,106.22839940725027,94.43062549748832,99.81923597721428,86.61950604911151,63.11611804979664
2022-12-22,76.1497811031584,84.78492449734192,77.83185386292806,30.807438839479826,100.41781559987622,81.6028937256347,106.23575419535453,94.43537532712661,99.83530409922315,86.51815071422159,63.237831060518445
2022-12-23,76.29548083579607,84.79224807032179,77.93675073123674,30.86533428704087,100.41726730789753,81.30701027962859,106.20295743745565,94.07238105713255,99.79736514001692,86.62189216245929,63.39948754313143
2022-12-27,76.23534414753395,84.42067032457919,77.86180975847721,30.843717859634076,100.5115192156974,81.2578788819102,106.2615096166137,94.01113918776836,99.882958237723,86.68029376915106,63.34251993688974
2022-12-28,76.46122165891926,84.07287862575221,78.08831071012249,31.38293345318632,99.82049472641654,81.33459057776633,106.28847996535563,94.17930774426416,99.96937551933462,86.86305567325842,63.544613394212234
2022-12-29,76.74986589168194,84.3566152093362,77.73291235451154,31.638163795142823,99.85853387718325,81.60936482466346,106.17970721037241,94.25188246918385,99.8102444733583,87.0156114060889,63.449726588766886
2022-12-30,76.56333328481234,84.35613793486965,77.84630194840187,31.4670115608248,99.8604012823912,81.70507936484489,106.22791191220178,94.12987099266337,99.8131024048269,86.9675583010248,63.50762992748384
2023-01-03,75.8832846495301,84.47472486545128,77.95300531982637,30.62031908662759,99.71990225056875,81.80737409806744,106.20226979615043,94.18304628936029,99.94493994309082,86.94779992430252,63.586363773692256
2023-01-04,75.89291576759443,84.62178933455833,77.81766895328373,30.40437157287107,99.66745776137856,81.47041768062773,106.34677735324328,93.86758547121886,99.9896457055817,86.89432250922553,63.659980932081154
2023-01-05,74.64406370741546,84.60290697749828,78.27900322462743,29.232486755640238,99.629336770571,81.85890952953079,106.46257933007143,94.23853129731029,100.21368587882175,86.85323812385457,64.22887026498445
2023-01-06,74.59115363793467,85.16723760661992,79.33925031387442,29.68865942336093,99.70903773562053,81.08191223427622,106.43477342893084,94.62335053834396,100.43432767355891,86.99491831508416,65.2370981791332
2023-01-09,74.73640855827598,84.98329380016536,79.05949705141256,29.932140240305774,99.98757972286742,79.6561486908596,106.67825667997563,94.456957986565,100.2149253458359,86.95122070822534,64.99191241313919
2023-01-10,74.79199778034148,85.02919919201474,78.96733238839714,29.94145029078672,100.00992251175832,79.6734687682447,106.61285074732285,94.47575415317247,100.26007404863037,87.02833299999,64.81479430420903
2023-01-11,74.86117278901315,85.1574861848139,78.43926887920327,29.68948024423838,100.13230969648842,79.71567855421424,106.74091044346369,94.72806112602844,100.50726233281965,86.0556789148808,65.00964945622513
2023-01-12,74.80068858183255,85.31102329860424,77.78153176495438,29.472988518156548,100.30345215083558,79.78485787765563,106.89402789690885,94.85842139012854,100.6951796137192,85.29211518864093,64.89855367024393
2023-01-13,74.85870479441047,85.17135998060262,77.7449931250331,29.476852601859797,100.15019621056678,79.801471462509,106.88270854245722,94.92765422970719,100.77225086894954,85.20542678773882,64.7797181059088
2023-01-17,74.90187409988336,85.10561182089644,77.71821780016936,29.483768340070796,100.13766565055911,79.86212152804225,106.68323215789641,94.76083273382883,100.73545363985109,85.24008352198753,64.81033473434846
2023-01-18,74.93940877592242,84.87818704261899,77.37986437359118,29.943293329675523,100.3927929155158,80.18896334568116,106.84426285381583,94.45499642311327,100.67869389069082,84.99907940836673,65.50538459717092
2023-01-19,74.46784466209196,85.07668842922371,77.58411187501983,29.218255966580315,100.64966002955711,79.7102665724329,105.86560903603709,94.7083899218249,100.93120990015669,85.20398610305189,65.81890301956969
2023-01-20,74.88438412064922,85.34045862808547,77.96152485878639,29.31999648538541,100.68524844040687,79.24393842148588,105.79683739736134,94.80146883628218,101.0147993996758,85.26498894268929,65.73421591282097
2023-01-23,74.9550714907804,85.37941166828227,78.01233039506614,29.085583218572722,100.75159998798792,79.20207413019494,105.8499959150321,94.58577841710286,100.88952711377223,85.28147699562481,65.57793087742279
2023-01-24,74.95735048075824,85.44381554997025,77.95047699073685,29.09309865207176,100.8201754405575,78.72370985281155,105.69371024480996,94.6368559338327,100.9767307467002,85.33623585155516,65.58331233691094
2023-01-25,74.98586504627137,85.42549066620822,78.02387325049838,29.140607276446435,100.58157727521144,78.81319527123283,105.60131599597995,94.7470659278353,101.08769616199774,85.39359910244862,64.8405758622835
2023-01-26,75.17962070877076,85.46523098219909,77.16017661687837,29.261269015813596,100.56588765866759,78.84037019444611,105.52207421254677,94.88275119014804,101.01166045777538,85.54117399168524,64.94215768472557
2023-01-27,75.26243109353818,84.27035122295169,77.2765111533262,28.78551813745674,100.77213117666025,78.54168763544632,105.67878522914225,95.01192226192192,101.0465356900772,85.28969050395332,65.09310086475796
2023-01-30,75.47639324195583,84.45097284362527,76.80454891608125,29.277298994684596,100.58360581892384,78.84829576134577,105.73691052904768,95.16049592180941,100.97846506023825,85.40055280697247,65.06239987197942
2023-01-31,75.48225866318724,84.72723405503369,77.0733812752277,29.251770512483724,100.5504467904577,79.16345701899891,105.75185084565908,94.90307911689652,100.92794852253837,85.5751877089468,64.98664496957264
2023-02-01,75.50790784946831,84.59678454004218,77.17123562744676,28.008073675626896,100.34918369730354,79.30995956040333,105.83162628775274,94.47397255933708,100.97677773278619,85.68775606814961,65.04003275279308
2023-02-02,69.71626343378018,84.88048905310039,76.06210163678868,27.016291979703162,101.04390630090595,78.45221381782937,106.79175029888633,94.96974706992796,100.99383474507317,86.21786859990146,65.66551548435652
2023-02-03,70.21869071607262,85.2377532164688,76.23316263984759,26.787374740992078,100.46403704088951,78.38464478935445,106.4613514634472,94.24510233482353,101.14405180477226,86.54506531688918,66.35115525043908
2023-02-06,70.32431695057419,85.1042882541439,76.1589193658509,26.83479612826427,100.40302575565066,78.46741043314005,106.51742584789024,94.27421427579753,101.11393670282384,86.64742605834526,65.88406996788069
2023-02-07,70.6662909872147,85.05996661903966,74.87142991200884,27.310704943215644,100.73296437051181,78.90240137202649,106.41875940021242,94.20165504305787,101.28712881681035,86.05000124802434,65.83777451360031
2023-02-08,70.16031466728472,85.07039981006733,74.89811587853993,27.64172155995356,100.64151717166935,78.99776879894073,106.48280243466282,94.32572954688216,101.30963944409834,85.76030586699795,66.04570795582669
2023-02-09,70.52990656613414,84.66388501182408,74.92100437933699,27.80886512176355,100.75576510313245,79.17394260219285,106.46397770551566,94.02666980882518,101.444522604431,85.89564246048138,66.3839414822777
2023-02-10,69.71522099864795,83.32959005386387,75.36303712263526,27.900851981463234,100.82011952671762,79.56682541660525,106.75559471223826,93.49113222675761,101.48330554834031,85.93209498147583,66.48024097982184
2023-02-13,69.97090853583789,83.5041565016008,75.6480470347993,27.449528201778385,100.90054912097109,79.79809764814055,106.74697630049836,93.57592927746185,101.1958785653459,86.0654457022576,66.54671875321336
2023-02-14,70.03373352003474,82.9189287516164,75.44921689187346,27.459530720077595,100.96322694388614,79.85136699781276,106.86872214781604,93.57191551546914,101.09644461717775,85.99220635682043,66.65070272798346
2023-02-15,70.07614945191902,82.87403017033854,75.49855911133551,26.886065235427573,101.0470120810592,79.371424393312,106.87074083239995,93.6371677350513,101.15071686891977,86.04749532863288,66.6036715351996
2023-02-16,70.25728799354786,83.07707257254748,75.67741505345545,27.087485681285763,101.03161453238079,79.6150435284902,106.8389102342295,93.7345385908146,101.1023104548141,85.92315113898799,66.60276090824587
2023-02-17,70.50405172222277,83.3519459759194,74.57773090479839,26.01185392975277,101.30437605272306,79.08221924043495,106.71216638604218,93.663359658554,101.06294167733225,86.10816100469145,66.29517192294328
2023-02-21,70.61260095593899,83.67413430842296,74.2785445737363,25.56700427107441,101.37014521531093,79.35314960963663,106.61801789148787,93.72704596579112,100.94045031639898,86.45685022611578,66.87757213327455
2023-02-22,70.61310048659035,83.5656308067769,74.3141298295188,25.579464974517037,101.44770372654352,79.38881968459665,106.68358209171012,93.78072849485237,100.57990469765609,86.44715170901557,66.89091576478502
2023-02-23,70.42361483919447,83.53895161012264,74.32886080303504,25.62566939172167,101.51077537874644,79.48104955601495,106.77903038828117,93.53627482658857,100.64963817208321,86.38866892779097,66.70647244951684
2023-02-24,70.70437009758632,83.75932215773734,74.60398508169864,25.592380975359116,101.10496736739887,79.53492452653518,106.96819610012258,93.67966346100121,99.5144275069221,86.37340108470296,66.58164278156967
2023-02-27,70.75515254075322,83.454316451393,74.663525499787,25.60423477308065,101.18585965442551,79.35731998581588,106.80956288243209,93.72615213506532,99.56320344642127,86.43848863225193,66.4532130212694
2023-02-28,70.67866452212198,83.4679344326017,74.59197324121638,25.65935732179019,101.00125264303719,79.4943557045958,106.9319927380432,93.841408912665,99.22692674968077,86.37983822031667,66.00187855941869
2023-03-01,70.88148468284041,83.6173549169423,74.7768847820057,25.08054231779503,101.14328082567968,79.53295605095387,106.58432725750714,93.99646351716689,98.5690860782396,86.34825507267101,65.94963076508921
2023-03-02,71.17778774878397,83.00320757525415,74.92490046272829,25.177324966357418,99.9031196982718,79.71226894449123,106.7463637791025,94.26657274372907,98.73672975207016,86.55264849940365,66.04813425687337
2023-03-03,71.7193898672123,83.33971001937475,73.53928441707517,25.80822210309674,100.02394535213969,80.11219771365042,106.61662146112808,94.4365729198808,98.79284159550147,87.00279061097001,66.68751430276002
2023-03-06,71.79074270718404,83.37314943160234,73.42125669273413,25.82445397531998,100.1572170430352,80.26291968204066,106.77132345542337,94.350880303981,97.86378406829967,87.09120907254122,66.52257090115998
2023-03-07,71.5190915545227,83.11172960789138,73.62615211607525,26.155673392266593,99.7991640029787,80.68579024756832,106.63896506780948,93.82572676475236,98.30995862494214,87.51689163350093,67.05864867291268
2023-03-08,71.58158663309108,83.13508321540516,73.6875320663809,25.995556699415857,99.78320292955847,80.2315085492023,106.71504598576978,93.82926821730098,98.46279745857264,87.33645349057086,67.09334702310704
2023-03-09,72.43256470695228,83.7549011399995,73.7914766088414,26.580957218034527,98.13185228264669,80.52914197365624,106.80587083754435,93.51717605177456,98.91126497272208,87.70316384528826,66.89273750233735
2023-03-10,72.55835862174344,83.38728209413755,73.53357614510408,26.30403907809025,98.40516866900833,80.46587975874839,106.98603510448427,93.66430960218916,99.12294474096862,86.83672927398709,67.16734659879924
2023-03-13,73.21028376378403,84.09336862000391,74.00221017405757,26.293448512436587,91.35545114351213,80.0879094952913,107.77374543213793,94.38134619043338,99.75957488836188,86.88024017841244,66.71710018514932
2023-03-14,74.09452566950337,83.852944149744,74.4848538706192,27.370431338023778,91.27181997683158,80.38103951405368,107.75471476317472,94.67254183078046,99.44759191723682,87.0686014239786,67.35374439408024
2023-03-15,73.06637075310746,84.28830377311832,73.32723864507857,27.276826609837908,90.98392313419974,80.95679435241367,106.76978245369361,95.07383000177839,98.4429334404319,87.34107966907447,65.62043366436649
2023-03-16,73.66017516777147,84.51369063759338,72.84360497261207,28.18795728147133,91.30315560324755,81.39118513210354,106.86051842166925,95.44223148744506,98.23476847700914,86.52856735488116,65.71712737208296
2023-03-17,73.65051119503192,84.64663858882301,72.90860144487301,28.43032315606264,90.83269228266909,81.77314626392696,107.0949033389485,94.3663533313707,98.2661516299821,86.71837478154302,65.95934372785274
2023-03-20,73.45588875379259,84.16845941369799,73.30330743501267,29.207300373486955,91.25976182102497,82.24340419183449,107.31059014915937,93.26331520674717,98.38921492063858,86.77634077200636,66.07043395638297
2023-03-21,73.75743951254573,84.12260428916909,73.13577891895733,29.558655866706346,90.97332557275206,82.69252316152604,107.68017915946663,93.45649776153188,98.9483542887157,86.22253014169709,62.86162116180483
2023-03-22,73.70426747617128,84.45786754851409,73.34764907745328,30.480697415729846,91.46319136857332,83.06848497041139,107.80146737934673,92.47640735825769,98.90541803049334,86.09475130997296,63.344565911275474
2023-03-23,72.96061318703693,84.56589209669994,73.45630980915556,30.44687524645459,91.62009572623002,83.19898752178764,108.0088919055158,91.69699172829648,99.08489692713748,86.1031227544306,63.03774752062685
2023-03-24,72.83823388886181,83.76719325670311,73.50570440902763,30.68929385152989,91.36738560032619,83.58715485944744,107.84236981340223,91.08345919363259,99.27054828307963,86.33839745649999,62.8556263101455
2023-03-27,72.50394933189035,83.76118598208707,73.47362728073934,30.561150064995438,91.3364809789152,83.66491255701052,107.86665742926506,90.51545227764447,99.33997420283382,86.47951834239616,62.934661350138484
2023-03-28,72.3888151025922,83.81389877675004,73.54670204113023,30.57403295279351,91.37675146113429,83.35005128589306,107.8664200526782,90.4639244378404,99.36735016339551,86.46774436969785,62.96138093126613
2023-03-29,72.54751023547924,84.12347590612961,73.35969802754592,30.767450878216945,91.58625046329296,82.81664113087106,107.87181897383532,90.7320732724793,99.41016250474796,86.66320326469817,63.51934691600631
2023-03-30,72.57823278954234,84.1912852895915,73.45638571614417,30.752748777349403,91.02014395677982,82.93851710571772,107.71495345158068,90.79073244663296,99.55502355375313,86.62434633316204,63.6063551299991
2023-03-31,72.77339453378681,84.31253970435014,73.6502130071973,30.621324385066032,90.90994118278371,83.13370858621062,107.67793848116125,90.62338378919213,99.67205902033305,86.90546592199993,63.55062158720053
2023-04-03,72.96031830501988,83.69478679526458,73.82923500758525,29.596958123100226,90.88111118925224,82.69420197457492,107.78330610099782,90.54511854727247,99.97144874814273,86.73794379917756,63.441621202224596
2023-04-04,72.7725928648607,83.84522275876864,74.05632149697567,29.9129323433784,91.1427417155904,82.69163138120103,106.10383448093584,90.8225578237447,99.86917184954744,86.85530270448375,63.011434412010956
2023-04-05,73.0822541398454,82.30940761875445,74.4178067537783,29.837497307836184,91.70584958792602,81.61130873797012,105.05647339462485,90.49689458677022,100.52734182432856,87.28447523854811,61.07019085845573
2023-04-06,72.97586253231952,82.24390368263764,74.45436757575085,29.55590983593511,91.74597781202623,81.45738172880785,105.1264807886355,90.48301776643615,100.57702088085075,87.2912946958714,61.05495385573385
2023-04-10,72.9026856135744,82.3013062177023,74.47744123282948,29.600096479502298,91.80064546627979,81.37038916770486,104.8622778996988,90.48133639945016,100.60075321355008,87.35330514608495,60.945811336075856
2023-04-11,72.8722710895225,82.35079125551928,74.52713798805969,29.649332676618947,91.79043351940287,81.42296649058154,104.91622905583537,89.8525182245213,100.66727024636965,87.44742399062328,61.00414246314746
2023-04-12,72.94463202333789,82.15701922148794,74.51924258814623,29.72404275569634,91.887010071822,81.3394304010698,104.68483558186016,89.92962876528308,100.63020214453798,87.45781881485566,60.95513294116695
2023-04-13,73.14198294332265,82.32103615234635,74.6768053786417,29.81591526768955,92.11514260462123,81.43732504167582,104.49136664838103,90.08458164578957,100.82800020045684,86.30307514892147,60.64838464391454
2023-04-14,73.26237492829853,82.38513001382054,74.8482795761867,29.784744023867862,90.6704023874417,81.41169728610052,104.49132272513425,90.27251621035143,101.06953326657954,85.92776884857109,60.756786487484405
2023-04-17,72.73487646455608,82.66953709577969,75.18799936591472,29.16812713778621,90.68698728341454,81.26956133997695,104.64982779786646,90.31245039698192,101.26464660267735,85.65808056619977,60.942624276218126
2023-04-18,72.78013476069889,82.72037499195396,75.03825563388823,29.185521889997805,90.748329137874,81.05976160609484,104.67717182577366,90.30789676495453,101.27662750874546,85.58001003652713,60.93000588709191
2023-04-19,72.68855817387778,82.78514954968914,75.05665253604937,29.163273225230608,90.74627385430563,80.96341880606505,104.68933084929455,90.2987182616214,101.22037456412268,85.50063833556597,60.719864326564064
2023-04-20,72.80990665824982,82.71237976940687,74.73954271134455,29.274199583008464,90.80172740616203,81.07266997218106,104.68150560834938,90.36952902952589,101.09539800968048,85.48661705187308,60.65998005615023
2023-04-21,72.92129739127363,82.58501197650871,74.51684496570468,29.292522118892755,90.88078486897759,80.88652466460968,104.69019315515736,90.31979634337331,100.67983036705493,85.5615162451769,60.740572142719756
2023-04-24,72.92469387011074,82.6206905420745,74.62319039788329,29.422412923847048,90.59398741907471,80.94373850456519,104.78573531174659,90.04440984932404,100.67428508530976,85.48189156644943,60.8578219378831
2023-04-25,73.2784909851368,83.00025405332956,73.95671913347138,30.270401694242395,90.87151767477293,81.4442747622671,104.88804547766992,90.38355012371025,100.70625695999865,85.3498408163984,59.95678984654489
2023-04-26,73.80120110050761,82.93589352812863,74.44743090266174,30.62261560974702,91.13515340355855,81.90167258365072,104.98208421006038,86.94170937904833,101.1999859827539,85.28550721898645,60.23984679795729
2023-04-27,73.05600018489157,83.31916141451877,75.31959418776044,30.608208707616033,91.69932887503259,81.16969463743055,105.44210870335678,86.62266878556747,100.86293865872932,85.8732882340206,60.18997422403203
2023-04-28,73.34976630053637,83.20252909304804,75.37690746944344,30.778167626760744,91.67681022956381,81.310567024423,105.3973809964242,86.71850432377542,100.92294923148029,86.30217345016817,59.85572118585603
2023-05-01,73.42593263805749,83.13006455236358,75.43634361214568,30.7303148598968,91.77938774456213,80.90615560619919,105.07043624356088,86.77893559824413,101.00360713092942,86.19628278610261,59.86079675977161
2023-05-02,73.94330287123701,81.9467347533762,75.31290939298411,31.33600925905703,92.09155797384605,80.81063979732001,105.02524669608569,86.76757721162693,100.67639469956522,86.77271873303536,60.36536243357466
2023-05-03,73.97680210338714,82.09798616232986,75.47320590477372,31.462677399371096,92.12320124269601,80.4772279722491,104.81706344653064,86.93801956825466,100.81601476132768,87.17863284863947,60.23988080266875
2023-05-04,74.06257638533583,82.25372947817173,75.68231238125107,31.553285200347727,92.17064211939059,80.45800108718372,104.81298798227763,87.04105381417759,101.02288132883554,86.33739229037332,59.50320785519483
2023-05-05,73.47172924730238,82.43546162287423,75.95142970723393,32.18044852668113,92.33107034279205,80.54434883175081,104.74930766504114,87.30950105059897,100.97582323826987,86.92151437301074,59.27306546800564
2023-05-08,73.17081147757837,82.42108384863457,75.97208016918587,32.223012050396676,92.34633548463397,80.5845284030612,104.68382268485078,87.36507276308647,101.00558970988992,86.88496616340626,59.30209023578654
2023-05-09,73.23009683215065,82.3142724284691,76.02169678518221,32.18270267507076,92.40747828816107,80.45639793793492,104.39344905108895,87.402771026721,100.96968199394055,86.96802922380051,59.306751414559514
2023-05-10,73.27779937477699,82.45318896192727,75.63268560423337,31.863775411270883,92.10975232117904,80.6095394524927,104.1442817905215,87.31975290028471,101.05571299728547,87.06627423785375,59.37109587875614
2023-05-11,72.77357777779898,82.22212039970587,74.9689647584325,32.0623322578629,92.16457656361781,80.84280497706774,104.30957994968139,87.51566211654496,101.16792730908894,87.09003591349835,59.48699363818661
2023-05-12,72.81193818417023,82.01202901368747,74.94756407748119,32.09627167688822,92.10860192612193,80.8133641968066,104.35972244888437,87.47947082714606,101.21537052952559,87.12512821834383,59.4929946519539
2023-05-15,72.88267626070831,82.08593093093637,74.93054148010856,32.132611110719594,91.9544449993736,80.81647194929275,104.36744810607657,87.45277312175267,101.04009334829499,87.21820552626973,58.8695017212835
2023-05-16,72.3614621267013,81.67911321409255,75.32371643772935,33.00752645121594,91.7809365027548,81.006309507563,104.64048929863911,86.30788718459127,101.3378885082254,87.6252671813937,59.742467355862956
2023-05-17,72.6098678808769,82.26458954648054,74.7257059340528,34.10096807734827,91.88363115128917,80.94835271476643,104.83821608852205,86.65166771255163,101.21641392680252,87.16998014964518,58.326665525271366
2023-05-18,72.57059952550034,82.37255002827696,73.76156199472612,34.2283730862565,92.08099799840168,80.92813695215649,105.00829512088326,86.44932734130374,101.39081556809825,86.85752240901095,58.30359558785578
2023-05-19,72.46765803830671,82.1422800189793,73.8082693695429,34.120079899759624,92.10393631330444,80.74804103189396,104.99232844376844,86.49553518494567,101.39544939792856,86.84303125178971,58.34529096926929
2023-05-22,72.34902054982986,82.33516762728912,71.63738753520929,34.266206165303835,92.18755834482033,80.92117694829955,105.20066416586137,86.65718085021742,101.60645964448528,86.57604915592242,58.4523558352006
2023-05-23,72.55606709137456,82.29689568809441,71.92330692362692,32.71642305859682,92.381909604734,81.08148141397479,105.25422403361266,86.86698086472396,101.63246407801533,86.70127589498969,58.30662937465641
2023-05-24,72.45140190818239,81.93004927232265,72.13037654426911,32.30295184320031,92.44445418374627,81.1568253882016,105.22344668042075,86.92507526306952,101.7423239425531,86.65594893049692,58.41486237284646
2023-05-25,72.87669494481533,82.3554706399662,72.23630599337524,32.25872079370849,92.89861507387809,80.89506989594405,105.44806460679345,81.48711913556416,102.34275013091911,87.10512363721787,58.183960213368685
2023-05-26,72.93347211659977,82.3566726264285,72.35240170981609,32.331296797593765,92.97347700522003,80.48007061751726,105.43818870896925,81.25913911450729,102.29058943745974,87.27541339756426,57.9754685559979
2023-05-30,73.04674634956079,82.08093241919008,71.96064502767697,32.52666613874998,93.04164057414498,80.65116533968057,105.60203887283981,81.22706595393691,102.43941172121299,86.70862619229112,58.029394749185165
2023-05-31,73.24047732848636,82.2625639147532,72.15902667324337,32.60196817922706,93.18958472253432,79.0321961190232,104.99661034822999,81.44427713552969,102.5543482664783,86.40382331527442,57.61453903381875
2023-06-01,73.44955542291564,82.42863478697898,71.90287097871058,32.88846730716274,93.36122094784523,79.23303213297403,104.76577674362683,81.55325337887547,102.39610846323113,86.48721219577769,56.35674034059156
2023-06-02,71.54958076495205,83.4107615630592,73.0485002892933,34.43020524506176,93.95912893862895,79.97687583430725,104.91310636599961,80.11919465310463,102.69092234576023,87.07707557330737,56.638729691408926
2023-06-05,71.29538238989247,83.34868026759618,73.03869169703637,34.43497619663045,94.0150912518049,79.77731976276287,104.60756828735215,80.27671819907441,102.75837747471925,87.1494772005489,56.230320258522255
2023-06-06,71.49359464809434,83.42997756540547,72.6878345938013,34.571448135177,93.73781826080489,78.20914241713979,104.75142664395898,80.3474058730155,102.89054417687399,87.34454740953585,56.36436917242734
2023-06-07,71.00337809224212,83.30047531365497,72.29760506588244,34.79934223680219,94.15048479568601,77.90698765327215,104.59800920849933,78.89584233110443,103.24033088285502,87.06438056116914,56.14170063130399
2023-06-08,71.10419512133079,83.08271244303054,72.3813468461009,34.28328384489892,94.0804375615256,78.03346991695076,104.74065753229218,78.66780445952918,102.63762409576493,86.98151236817323,56.36493170546034
2023-06-09,71.1481659538616,83.05288289753474,72.46965988113249,34.29893519241422,94.10164482375413,77.86486401659506,104.78492916129055,78.73208489743172,102.4571796915232,86.86920575121138,56.26024922332368
2023-06-12,71.31090805309772,83.05134017860789,72.43521949817233,33.94006359124806,93.98409114245956,78.05651572888523,104.8935105030858,78.53549155174534,102.54575862151447,86.61023245557962,56.0551425884563
2023-06-13,71.11203361755796,83.2272443249561,72.67709842306859,34.141878383739936,94.11032151813814,78.26672812513613,105.02097727709142,78.54175373161353,101.42363554252418,86.70059943916978,55.874285139786565
2023-06-14,71.26280450210072,83.45683245492197,71.85460169505836,34.33919349615702,94.36817796163868,77.39268111781942,105.23388258969011,78.0217715636741,101.44470116477501,86.54600060094143,55.9934919402405
2023-06-15,71.42302239226136,83.08321847270194,72.18459960866184,34.556818106250276,94.54234046999262,77.41362824067176,105.3480344062217,77.93683608708854,101.25738012361715,86.3156797791576,56.32364639545182
2023-06-16,71.31231021805769,83.10196707857202,72.20706014160834,34.58170138633173,94.59010185967641,77.4336971377248,105.40289389299768,77.70947492246889,101.21367209185821,86.34850791502504,56.21998414319381
2023-06-20,71.43547546636108,81.69269201917947,72.51359869535632,34.926281618111375,94.67656285671505,77.07280922204181,105.51900113054812,77.93890490431743,101.35516648318207,86.59462129000637,56.56901881400157
2023-06-21,71.3462449201561,81.23727799036511,72.49284234715255,34.96839581037554,94.82408566114978,77.21144363571078,105.44126273934461,77.32548292955855,101.4665586395097,86.48872784737253,56.43430455819832
2023-06-22,71.16723711209488,80.95915995238931,72.44554344478306,34.88748391872983,94.8210211719478,76.9541682918597,105.37268237949594,77.23240123152135,101.72811819227417,85.73786003995858,56.33421197802387
2023-06-23,71.01641705132181,81.10795811294514,72.54275205681114,34.792901247827444,94.54016323596728,76.89333355289175,105.41976378631982,77.3667739795273,101.75962202746753,86.06668833879965,56.56021645683201
2023-06-26,70.6255067438029,80.33262509670263,72.8395168481466,34.81551488750872,94.57211872649165,76.25497785513092,105.59617632823213,77.27874891796382,101.94266862448436,85.06339611338817,56.90440533282748
2023-06-27,70.69602513182845,80.25448417643904,72.7849667603413,34.61697642198528,94.6506704094041,75.32060771587402,105.65396002047054,77.24704539674957,102.05372777812656,85.15405032741491,56.788454392876936
2023-06-28,70.65406933288766,80.26497553275614,72.82144019419069,34.24035750448375,94.81524764345949,75.41073005291484,105.74383010854325,77.3569633740685,102.02908893629521,84.71946956461629,56.6303727723609
2023-06-29,70.06415743293557,80.30778068779507,72.53453767995404,34.37819996717161,94.32076503494673,75.55139787979188,105.88221587508652,77.38428171686448,102.1601063914965,84.93046934372734,56.442718672978636
2023-06-30,70.17016451922584,80.32075310139594,72.79935100718666,34.32056817706148,94.32665208764136,75.74673020891726,105.80380068592635,77.63278639522478,102.24175443176131,84.86552742392198,56.7454210297241
2023-07-03,70.27431163082544,80.48475485041843,72.68492547397686,34.46662967425144,94.57607670056196,73.86804068344594,105.86342746097831,77.37470374883618,102.4939942752247,85.11842629250417,56.92526715488854
2023-07-05,70.13887891000078,80.69043008176074,73.01155121867653,34.66286516748481,94.95427104957868,74.15655714524364,106.1332535182016,77.64139681379082,99.79675990655961,84.79622399568997,55.7923918262424
2023-07-06,70.0385199766582,80.9168933689818,72.86835804550284,34.9615270124378,95.11114054955289,74.42853692601948,106.12492982830354,77.37722462478482,100.02732956663684,84.19872886024028,55.88234778971527
2023-07-07,70.28594021217121,80.81331156928704,72.17208847920045,33.508302288725815,95.07934553874433,74.1600672783079,106.24353203225128,77.71776682193227,99.3140520635283,84.5634151362934,56.26476466526518
2023-07-10,70.16777077023234,80.9313489944066,72.17431867231555,33.61820328679392,95.21829864848834,73.94715875301554,105.61269012319595,77.78583792697589,99.34031028379795,84.6360237475139,55.961970253216016
2023-07-11,70.49391958921537,80.90442196658645,71.52011864631697,34.24702764587925,95.5467392809993,73.40300086675116,105.96842579570264,77.33766179442067,99.10403318547651,84.97449075285415,56.472584869880436
2023-07-12,70.73774035428394,81.1196579558655,71.456388200887,34.48874576542581,95.77620300272055,72.29172099228838,105.15731024132182,77.58227361043843,99.30025816669864,85.29557164981073,56.63583653670335
2023-07-13,70.84682132227702,81.16107283929924,71.57439438760883,34.228900185997965,95.77233012022047,71.95426830812927,104.88643219779945,77.76299998263273,99.29791243376441,85.49121441269122,56.756978771549
2023-07-14,70.76910862932225,81.24731517563022,71.400249451633,33.84365108405721,96.02242248676923,68.67021288894402,105.2331026470705,78.03623513909645,99.58621591518244,85.66041108031652,57.02341594591137
2023-07-17,70.83864030810757,81.38161589362862,71.535779674637,33.876872468144725,95.45864079219804,68.72161638154638,105.23503751803543,77.11548515327146,99.76553241929832,85.6617374841191,56.69787611291562
2023-07-18,71.00067555877823,81.45827735895703,71.53620433737291,34.04477566783371,95.34776561576734,68.52401232104788,105.47067526381642,77.41447607487984,99.90090726004006,84.44064057845297,55.98941585551739
2023-07-19,71.12917225279337,81.56085405806166,71.30629725908453,34.2606606440201,95.63996439449444,68.74634797950785,105.23392894870673,77.14134696257867,99.03325297519571,84.39994449994813,56.16051716632619
2023-07-20,69.95470917566352,77.14336914476584,71.43078414271451,34.647627718489225,96.19309663348399,67.26840842543511,105.86745300090692,76.00215867692259,99.73032350617017,84.82830176960339,56.016300651436225
2023-07-21,69.44642016221725,77.13902737911651,71.3591300863688,34.699643901981716,96.05426285391337,67.00652045196037,105.65858015842625,76.10794935807772,99.81721025822317,84.84909912055853,55.95212859051858
2023-07-24,69.33552901485356,77.2582871076414,71.52519886730003,34.754796410723955,96.13474036460116,66.47339465697456,105.68440745578386,76.07668749794642,99.9274278365542,84.8838612705316,55.48880308026353
2023-07-25,69.53414902342116,77.45038626620452,71.70598763678562,34.861918657965674,95.58832802912652,66.646580859605,105.78215300517223,75.95912031908021,98.1901792829635,84.81935616069877,55.65359045414444
2023-07-26,69.14373661897282,77.41094267521906,71.83516535842995,34.920364511476,95.47280457769244,66.74890825259166,105.61298105835382,74.8317373685509,98.21442027844179,85.09829713426541,55.704240101542
2023-07-27,65.80330732952785,77.57512713608078,72.23534937601923,35.25010253136592,95.77466899889635,67.12514050115765,105.76188338727205,74.73465873828697,98.55309730381353,85.26420434880185,56.16614126839242
2023-07-28,66.32651958629894,78.00295611862515,72.41725678748038,35.38630090828344,95.75173440049649,67.34063159103196,105.85955951515126,75.0378623053211,98.55325459399087,83.35618930752892,55.856454612634735
2023-07-31,66.25548966425247,78.16770089478224,71.91843766772506,35.237575048287,95.88895374626958,66.27588489617344,105.9890693181226,75.14917716204219,98.70834659912605,83.33499531914603,55.9904067698166
2023-08-01,66.37696947383068,78.34108704196863,72.18953828440115,35.34690336650409,95.74220948774457,66.59170976432817,105.53355362881156,75.01152936293636,98.77969207192879,82.9791952231193,56.1855659706069
2023-08-02,66.99671273842635,78.87822245459157,70.65287911684628,35.999232299557235,95.7948088113847,65.87528586642598,105.78654653231689,75.27468867169708,99.3304136099717,82.86944305681662,55.94836449517052
2023-08-03,66.8833073020357,78.27083214453808,70.62975562474747,35.518070804257945,95.66911729433062,66.06201424392113,106.02534875537191,75.55480795796863,99.60455732895537,83.01796432792163,54.96597294012956
2023-08-04,67.03925050990371,75.39957481333805,70.61678564584675,35.52700715729023,95.87355639682238,66.10145194035627,106.28701094417443,75.63796177918752,99.81691552325523,83.41046417874769,55.277075090120654
2023-08-07,67.82792956657971,75.85485107052554,71.2977285156593,34.7659346483999,96.32931621799213,66.8714978646341,106.47101298192275,74.80408130168902,99.59803675236721,83.62017271823643,54.644512530125326
2023-08-08,67.84278473487791,76.0637354686677,71.15521536579665,34.78637360499485,96.32800040137553,65.60590291494412,106.67199000739386,75.01666986963033,99.18951851021346,83.77969157687143,54.25500637506171
2023-08-09,67.8028214286589,75.94215035849221,71.15861114548314,34.12622604670686,96.14831427272252,65.69009993459116,106.62211028698948,74.959261811754,99.32758262185783,83.65546890060243,54.26971667711258
2023-08-10,67.72284199608359,75.90069292088991,71.13644198409202,34.1286846962688,96.14401855772815,65.70604212034827,106.62594000306805,74.97008365483643,99.35327459555076,83.6593196031648,54.28148197841532
2023-08-11,67.5523280835374,75.8608559665284,71.19266368741803,33.992344014223505,96.21116361249045,65.59346333175932,106.66823036430664,74.6873624548137,99.20930725749112,83.68598669000524,54.30606512434741
2023-08-14,67.490014466447,75.94877986467608,70.83222356604347,33.969802781840876,96.26788296058783,65.54936535861083,106.8049403955057,73.89624620159684,99.3016061065835,83.71061664476292,54.04800535974219
2023-08-15,67.72354032402495,76.50757149213403,71.75042396916048,35.03012698684288,96.80467026128794,64.76225584421412,106.93441171159901,73.58367863051744,99.54254773363607,83.95719215476396,55.11162435419433
2023-08-16,67.8785474130452,76.73620086947034,71.74279372237473,35.37659439270978,96.33292185945552,64.94760809206939,107.06971042531254,73.72821606556087,100.02046170995408,84.34366896286647,53.844305394563314
2023-08-17,68.02194734893837,76.80563123442826,71.68987551828705,34.22379983882616,96.19161283018883,65.14700817419615,107.21888803324607,74.0182748418331,99.62353166921218,84.75668659148215,53.59209588542173
2023-08-18,67.68363907220356,76.78233117906943,71.65174015735066,34.16076027088202,96.18780672671815,65.1126780567058,107.24109798847876,74.07456758208366,99.63826591694104,84.75969780797594,53.58231903908281
2023-08-21,67.6915561484151,76.51597402657362,71.28146922255245,34.24113342398154,96.29214275557219,65.15218220444518,107.38998043513267,73.07542568732993,99.74863428266596,84.6457768806532,53.675184944481856
2023-08-22,67.73915943779838,76.47851943929936,71.24026808967491,34.30590726762422,96.0560268498178,65.21604034113747,107.45267824327392,73.09122014919072,99.65740797556987,84.69660692845108,53.42929539772325
2023-08-23,68.03964370921261,76.41725036001786,71.47062019112329,33.80259796725114,96.16318878064412,65.13711817150255,107.54593158460345,73.28928707798232,99.07731034621662,85.01002948048041,53.55098305022247
2023-08-24,68.84348733185809,76.96669295418347,71.9012347212163,34.115647593136806,95.4961836571165,65.8282299812955,107.7647611303647,73.63007551106422,98.63380727995758,83.62009366524707,53.627410217968546
2023-08-25,68.75977592988266,77.10789967204427,72.04839009653506,34.05116096949567,95.47943331391042,66.01704779891368,107.77600454960765,73.80109675773095,98.39673134238357,83.46307343945674,53.71067046085331
2023-08-28,68.99521974157258,76.87308735837429,72.26941719750502,34.34983347447138,95.49649447603437,65.96784314265832,107.86154258761123,73.8552144845961,98.54915947989996,83.70764799093993,53.45839220947818
2023-08-29,69.3665798759194,77.22346653173658,72.05098064147306,33.96065413076816,95.37195580879303,66.42274352275989,107.58637965561282,74.26159224595935,99.15096217933636,84.31576245734617,53.33828951958108
2023-08-30,69.26219303477049,77.24036205334782,72.02459615136435,33.95779018140631,95.37435579165799,66.39668565766168,107.61755807876541,74.10481071087548,99.192538091519,84.34544717458925,53.28703944105038
2023-08-31,69.2844874389392,77.07939319506919,72.15124620454448,33.80225658988777,95.50441665294815,66.13090393169838,107.70456314238366,73.77423707196762,99.12219094410209,84.41001063045493,53.56358564843161
2023-09-01,68.5972793852085,76.95143836019963,71.20634540808288,33.55106662094609,95.25136409525012,66.17053445131849,107.9204557334276,73.96610547671652,98.72203903607463,84.51396566681315,53.6207988745835
2023-09-05,68.13511792446278,76.82991606088072,71.92116336212537,32.26429388406496,95.59765157639713,66.9802676423418,107.65621737884975,72.87270074352584,98.67934400741584,84.888542671629,54.657820154883396
2023-09-06,68.12054005689149,76.82139793394886,71.7835289505322,32.202365002429396,95.59750443733701,66.899644944573,107.73446299022677,72.6590927089262,98.94406300818028,84.96251314159696,54.50269350987765
2023-09-07,68.2333561151371,76.8923053156495,71.89419986963914,32.22123166938938,95.68318166408052,66.90907826148437,107.70921295865638,71.66400891518396,98.91646691322131,84.71891673749288,53.9662562094167
2023-09-08,68.2616313995595,76.95914882329903,71.9626022222804,32.189419726989165,95.75164651428086,66.8761503315138,107.2557687878702,71.7609178485075,98.97592259509584,84.54215769622763,53.691378728997314
2023-09-11,68.58992994066813,76.19121991725666,72.24200195426586,31.09418445389472,95.93334297332105,67.18937309952172,106.95697090227263,71.6146279187175,99.26101918338291,84.00526148368081,53.97925890931151
2023-09-12,68.71153903726845,76.3719516983704,71.89496241058275,30.06554454926324,95.4788795767287,67.32641567344211,106.99341307360329,71.23902178555507,99.29820368728645,84.00939789928715,53.72806671475902
2023-09-13,68.77331869165192,76.16063338877825,71.94655053542269,30.031414154337234,95.54819821610889,67.40894084034097,106.80507389736647,71.33741592125324,99.32786995833703,83.57778331952476,53.0218250986686
2023-09-14,69.35818745560763,76.31929155883157,72.82667120679089,30.526682604106743,95.5101744832719,66.69447859353949,106.82367766548373,71.1233301104794,99.57398439520226,83.95130178565985,54.23721402333548
2023-09-15,70.26708497716717,77.07743536304423,73.41650344220882,31.33055556346862,95.40487694216667,67.65387040160769,106.5979198960867,72.13376594719227,99.37273600909049,82.42235191084828,53.58426327145681
2023-09-18,70.25203542073794,76.73559642086582,73.48073103821248,31.26087995755433,95.26227883997805,67.72347020249433,106.63988557252556,72.08198971604438,99.38039799650734,82.2414791209349,53.632258823894475
2023-09-19,70.22499199367101,76.73712740400644,73.51707876385157,31.274413228411778,95.11592581284819,67.57687869718453,106.68517571046833,72.12582982015003,99.3527792553775,82.2793346216753,53.61876300029219
2023-09-20,70.33897556049172,76.92501045566631,73.12308481941044,31.589150561257,95.24575316475612,67.41803240862565,106.71372686960211,72.21794066454069,99.46982876782383,81.84408460293075,53.515602989876754
2023-09-21,69.65124791369715,78.21730933216598,74.15120883323192,32.57756467911825,95.6510595322106,67.58618700193841,106.63875930852357,72.36855807838798,100.41816033591839,82.88462654124835,53.47764843064025
2023-09-22,69.62513647033389,78.12158042223801,73.87173054903633,32.42027254610714,95.7044943091453,67.64747286651155,106.67317122364476,72.20984593854796,100.41565341919,82.80585018477008,53.56997529480247
2023-09-25,69.61461993713486,78.17803200043093,73.2430494636828,32.49280256526333,95.76101556016386,67.66839118795833,106.75462075498564,72.26068732366407,100.42140375587417,82.55910094491078,53.555615227218276
2023-09-26,69.71365182643258,78.94205526337709,73.14123592510651,32.13839948423727,95.93326305981024,68.07138879660421,107.06675605046932,73.05053300512432,100.16829891501378,83.18270624737595,54.99542650987448
2023-09-27,69.76904266212225,79.0103964316769,73.00335195769762,31.327467118866576,96.00901224234023,68.10465251173434,106.3039627865726,73.20356425409994,100.11732841864193,83.25716330032554,54.26913386995412
2023-09-28,70.12447475432046,79.29680822382798,73.31875719971238,31.498292389720074,96.20188344070354,68.5000353930036,106.51874904965653,73.32694172135291,100.35292424720623,83.27787667668817,50.300172031030385
2023-09-29,70.40949499433282,79.05898397936942,73.45332603989701,30.92838470406383,96.14188838905771,68.68024946576722,106.6298319515488,73.06598547336661,100.3719423274372,82.6601510985922,49.34606564035204
2023-10-02,69.20297567270617,78.78432103480641,73.59947943539865,32.4241896553614,96.98989243363081,67.35738155609468,107.34645489948483,71.06336925489236,101.20598147118297,83.41480020600899,47.68668053284388
2023-10-03,69.26919239264214,78.4601630448174,73.67966921108003,32.690201224713455,96.98379784559036,67.59228909339203,107.6017954156924,71.0701088839339,101.50285905384725,83.16536954256178,44.90660295389168
2023-10-04,69.28416384644889,78.36197405890887,73.79145892812696,29.777284906353923,96.97689455605207,67.6503912799209,107.69642146770077,70.99113630574398,100.92475436119335,83.15734534246212,45.22376664385048
2023-10-05,69.59391563359354,78.94431778757298,70.57973811495859,30.17785027287748,96.56273571591649,66.22217019945234,108.15921898168752,71.20887070941556,101.35407091412301,82.38527308348105,45.542411322650516
2023-10-06,70.47088177454671,79.11821647215277,66.56358526755946,29.76489234672339,97.10557741488142,67.11771954014105,108.41970070212577,72.10573690628073,101.51115797970189,82.78995688161433,46.218755085926034
2023-10-09,70.81930319660312,78.75931399367747,66.18256957409118,29.584732708316682,96.69768014016512,67.02325273654193,108.1725764904256,72.09542464752265,100.81103685965446,83.2449045940826,46.61061239593626
2023-10-10,70.62587470019095,78.92572138248244,66.37281493639934,29.98516058324493,96.76634464202337,67.09826792826136,108.265998981158,71.5306086237738,100.77314434098255,83.31298779747267,47.21991421797306
2023-10-11,70.88402477881225,79.11797251618728,64.80704547267494,29.127877063330516,96.9515164885436,66.16618472308076,108.49259298116456,71.7647580982305,101.17548938251784,82.59979347693032,47.00057254964375
2023-10-12,71.73103296306589,79.53047692578188,65.90648084318802,28.723972315901836,96.95453331701313,67.29247104306407,108.59480141981135,70.8775157802011,101.58366233234413,82.64375578705221,47.13888156203532
2023-10-13,71.19228338820194,79.02132130529218,65.30835595756629,28.468254301188274,97.16702681076778,67.0757649105051,107.3675941804196,70.09570455528947,101.63584476312023,82.91538243754599,47.33316936100348
2023-10-16,71.570258465975,79.29616778758562,65.79605602959886,29.169986643452727,97.10558073834179,67.28353386418998,107.25267284845039,69.99621990541432,101.48087715804412,83.2015115333961,47.535641200937704
2023-10-17,71.67455521465871,79.38062315981331,65.70395660799579,29.31385462775132,97.24723543492301,67.17802692822131,107.39379531037747,69.68286352210784,101.25372230726836,82.70795640830926,47.44936460122587
2023-10-18,72.60883421412235,80.48014370533934,62.0260442103394,26.948643031718625,97.88820167775735,68.09204450086125,106.85743120297485,69.53589756902313,100.85055064786874,83.7441054331747,47.64016115301244
2023-10-19,71.49036022522499,80.90957098074259,62.59198157015193,26.085192743434384,98.50267418624705,68.95820942727273,106.66487318138121,68.70260516450568,101.7145565807945,84.72425659770487,48.459884766917234
2023-10-20,71.35208766027391,81.15347742488026,62.612756422815764,26.68271565962702,98.93513284731894,68.96778315518647,106.65365542388506,68.95487010522126,102.08734998422291,84.8074971273596,49.108648984685686
2023-10-23,70.77678967292847,80.95820796237852,62.44904265504626,26.917826882592234,99.20344355911931,69.05675500476013,106.69571254843285,68.79989356927837,101.95789218316555,84.92103146053645,49.25627053232435
2023-10-24,71.4800513005175,81.63577613547966,63.38455028069978,24.142461944322456,99.25676775495371,68.76204188758395,106.69936876984983,69.02577795233545,101.9668699342788,85.20425043280812,49.77757286352345
2023-10-25,69.7858285470081,82.4099381600703,61.07018663318622,24.16831737447584,99.07042121811335,69.88515512290637,107.3212693964351,69.41008409265808,102.05548574432547,85.4995966979331,47.5954293222477
2023-10-26,69.59395856237211,82.78488845443106,61.51358032219593,24.511833333203434,99.68400347970992,70.14728453253485,107.99389042993549,69.13388338023753,100.33582060274462,80.94231540615601,47.279790655969265
2023-10-27,70.33110832185767,80.98633598453812,62.694545229073285,26.29166234472918,100.26624825890757,71.87221157656994,108.44871611817722,69.01162028322982,96.90178316219028,80.74644514251035,48.20367132202462
2023-10-30,71.27540205782081,80.9281678594114,63.98031221716595,25.474832746907587,100.71606773443803,71.85265006637319,108.79023844042652,69.2480227685905,97.51444079477187,78.69090316163297,48.83776653875782
2023-10-31,71.8243848397378,81.26435473200723,63.88903536324405,25.450544273759895,101.1379514758506,72.18490310850119,108.98274582751296,69.66738201380127,97.2801140318434,79.04100651280989,49.02325158869382
2023-11-01,71.98889678110078,81.46710616973789,63.61750459869415,25.127864001272023,101.3234043960911,72.20182842978541,108.89552876090318,69.8264981279803,96.82723454000224,79.47750867592546,49.38994479416195
2023-11-02,71.88550240568564,83.08091765443778,64.51136786665688,26.945974826979345,101.84985763501777,73.53320738662705,108.70514051885314,70.75405146236092,96.58567203774219,81.04781611469093,50.434879504249636
2023-11-03,71.97169828419132,83.16815752700167,64.31709755382064,25.82397551377644,101.98023175221144,73.60647183205315,108.79540984969702,70.70563335074816,96.56485595978879,80.63130998312488,50.57972081339308
2023-11-06,72.10500488334264,83.23886858007131,63.78884738533932,25.845441338183548,102.09016203014941,72.54908707583061,108.99578668984073,70.67453729279903,96.73836958861749,80.16228571452868,50.71336288050342
2023-11-07,72.20835818719894,82.42545819685415,63.535932671974706,25.868855617398832,102.34479368230413,72.61930919043323,109.30863165925051,69.85445769585587,95.10377461484649,80.1740000494339,50.99936324622576
2023-11-08,72.22258357073342,82.40460968183902,63.618591976432185,25.678877640018943,102.428392721533,72.69066291490292,109.20851554953501,69.59020166750263,94.83644337069912,79.94928725655267,50.67758726400731
2023-11-09,71.78800500878562,82.86795977164083,63.10511464469869,25.878657309801074,102.09382551068234,71.49787161067448,108.62784564287355,69.7352651624514,95.02540497958188,80.3281914463475,51.39005076738028
2023-11-10,72.82951945788983,82.85529698490419,63.83965829633378,26.514425610065093,102.58530862386776,71.15669609981775,109.36736597831101,70.89263753083947,94.86051146590535,80.11890522476251,50.94464391469313
2023-11-13,72.99351508744847,82.7700960403429,63.48840714383004,26.23050074274501,102.71203124219011,70.4841130965639,109.47751442599717,70.75858558290966,95.04602946664205,79.94844969409742,50.738830103311045
2023-11-14,71.89159303082953,84.91469281446757,63.960808340631004,26.192548369081116,102.7004711915282,69.36030181289222,109.64726157056214,71.38733059805563,96.60287305622911,81.59866434856131,54.195366220482725
2023-11-15,72.08070162664833,84.81244711518139,62.92878909075449,26.264766010861578,102.76502065240614,69.39402089339163,109.81744126455263,71.28778862053453,96.61961633066815,81.45766676876814,54.26475426316985
2023-11-16,72.11814318537293,84.50713387639905,61.541125903812265,25.765116739311264,102.60997592633343,68.97649877196856,110.04976224695196,71.3722905531455,96.64390808161411,81.69216335141272,54.144190684931544
2023-11-17,72.22901814068678,84.57767162089297,61.62226025177574,25.740588380750452,102.66489024253225,68.51293737786601,110.12302804655184,71.05294937970015,96.74611394260467,81.59202017802514,54.203708204053584
2023-11-20,72.15290547962323,84.65312498492173,61.3029740149784,25.933751001149993,102.77272860469812,68.42320853235566,110.24609108372559,70.77685341922935,96.68088294243921,81.61559974546452,54.05091029367695
2023-11-21,72.15705831741585,84.71770985208698,61.124393641726854,25.941992184333234,102.86376897080709,67.97943411554382,110.33600539910307,70.52392947533708,96.60011224258703,81.61443835663142,54.06900469557131
2023-11-22,72.17613748615396,84.4902470683755,61.25664624263062,25.843766648081107,102.91996733725361,68.24506561447691,110.31538288818172,70.4300678563693,96.64020666355732,81.51942970538428,54.21129565803816
2023-11-24,72.03864842421493,84.51672394943199,61.3081790257769,25.886630495422313,102.95603987766455,68.27087332891566,110.33483265667887,70.30182244799285,96.65135612042518,81.5555241029324,54.21430350749371
2023-11-27,72.14950577000403,84.47701363628929,61.3817185387433,25.87626889687688,103.01213038725177,68.15053178521462,110.32347350137985,70.34941049913301,96.63825136516131,81.28464552887702,54.10404232218215
2023-11-28,72.21605924344973,84.50564146196226,61.23576097108961,25.88459372632766,102.9793826808492,67.66684371323788,110.14751016649356,70.39747706161813,96.73077777859834,81.28854515659246,54.167640677347734
2023-11-29,72.07420563822258,84.68369129364068,60.80060094682846,25.930080846923364,102.6006883840784,67.76281525628708,109.99585571750538,70.54707553030096,96.55873239156755,80.86999125970438,54.18079547960685
2023-11-30,70.3529687502611,83.6512175937442,61.15035479257364,25.769092981296613,103.1621738735174,67.98984972985805,110.45706342331408,70.1536660851921,97.12882970635788,81.42070237971994,54.03167888632402
2023-12-01,69.77537627163743,83.888697761601,61.443487941254574,26.102369970854276,103.42451866291033,68.2807136855057,110.40955200091155,69.49643375531105,97.51011968022287,81.8604059258828,54.55239550799371
2023-12-04,70.15965181040809,83.99391710456848,61.49189697464887,26.17833441359888,103.62288659815786,68.03231286437558,109.9379700734576,69.5375849398156,97.12841752718103,81.09040053843083,54.6444748385064
2023-12-05,70.4812189764785,83.45732634308784,61.680639042174036,26.546816309792447,103.69785140662661,67.80902586145794,110.00843239834215,69.03441347709015,96.9949023989297,80.96652364147955,54.88800980178827
2023-12-06,70.61649912713065,83.27301861352305,61.637385095568455,26.444431039473027,103.72685257964122,67.80229144432103,109.83389181762671,68.74492706433986,97.3349721257524,81.05527197881199,53.87559363592713
2023-12-07,69.63306739926112,83.45761883841739,61.836317205108664,25.982903767835353,103.86909189237643,67.52309849853845,109.86327847537125,68.81674813720737,97.33864039079644,80.89700378102035,53.93473106486034
2023-12-08,69.99426504489108,83.54713310569797,60.87784679523457,25.98130259841777,103.93948536503223,67.54288768558192,109.87131094967063,68.92636453195237,97.43384730368739,80.76820309673354,53.91778145515791
2023-12-11,68.74094835281504,83.57641605890082,60.65685545538644,26.078096199195965,104.14726592902672,67.63409222909942,109.86509520759245,69.12226759237166,97.58401029040812,80.65871558807407,53.93593315906803
2023-12-12,68.61753263392819,83.50319974912266,60.80398308694353,25.654783611089314,104.08724535275371,67.67536835792397,110.0524151951219,69.3116615941854,97.67251184638432,80.25972752278103,53.72572190607224
2023-12-13,68.70029570614284,83.1156819287886,63.18771203167991,25.733875904931434,104.57439122916863,69.93959103281051,108.723870167304,68.80610838436303,97.21987661437302,81.71555212172132,56.04927085650039
2023-12-14,69.38837758798157,83.86952576345355,59.336568421789806,25.58997694745276,105.36561545382493,69.4154838371021,108.61557067444586,68.63319695146687,97.21250243129603,80.5761784412575,53.90824462521029
2023-12-15,69.58289084825289,83.56149460389804,59.3298862843704,25.59264275484742,105.33501639852051,69.84803191735108,108.41119026338879,68.52562696766202,96.97591679698796,80.592227451933,54.5010647761869
2023-12-18,69.66911549221388,83.85397766954152,59.21149301065124,25.732005935719414,105.37320510984321,69.81082918825994,108.17758180687923,68.61898354211398,96.94652388463834,80.11636749798396,54.16336578132205
2023-12-19,70.16859987543876,84.02656427608967,59.35838264858756,26.140762981286038,105.39162449342712,70.04350958995954,108.12981627102212,68.4246398313071,96.99920845816476,79.95994302985797,54.173740471873096
2023-12-20,68.89123915510554,84.7805824662505,61.80696853233375,26.13981071999222,105.67313738643357,71.56131107452572,108.27933450100888,69.33399403721148,96.98326319076783,79.80504090117554,55.598102235531556
2023-12-21,68.82992300222836,85.00870548778767,62.03957746330862,25.903807941186308,105.5351673578869,72.20459991738997,108.14819840549822,69.15363372910308,97.1179888451369,80.62321728938991,55.23718230829657
2023-12-22,68.93860549799216,84.13998192049793,61.813311873890925,25.963607494678854,105.61675282851874,72.29665562733231,108.27718254214312,69.33828427593657,97.16645896248303,80.60424724186765,55.2586698221498
2023-12-26,68.90274358017973,83.93114191924079,62.033066223393575,26.196940219546065,105.60060366902232,72.30649359538624,108.35812458609266,69.35126735565166,97.21366351814345,80.70163809309747,55.43586042268635
2023-12-27,68.85250844877196,83.95582648132007,61.99049176850613,26.130359549809015,105.6202589376391,72.24896542707862,108.39218684207562,69.27529896016449,97.2394982382923,80.68952746486696,55.41805449555471
2023-12-28,68.8934649806436,83.76459575853762,62.03170648652491,25.718431165691904,105.58509618903516,72.2186449974109,108.4476999751513,69.34737497928211,97.14704153164287,80.56799037620198,55.28052543245769
2023-12-29,68.94537978154129,83.87100499738652,61.508404699202124,25.82320314359095,105.62295453063368,72.13120430881584,108.47477879548185,69.40283808091034,97.2498357770039,80.46272079895202,55.315454738669175
2024-01-02,69.14885021570691,83.8597678630745,61.54803842809223,25.999542497420688,106.21199499650184,69.84270829465487,106.86062483648519,65.6522797551438,97.69277437360662,81.03402771486257,55.72555141891715
2024-01-03,68.79332513670629,83.8342578495197,61.69356219168722,24.713303824700816,106.26149128369262,69.69617207957276,106.86751360364138,66.17389204988922,97.83262428224356,80.49084251068746,55.29438362795481
2024-01-04,69.02098991135531,84.24855934469349,61.92712157036346,24.374410090714193,105.20669258212294,69.14299433638426,106.46933267212313,66.47098417743887,98.18058551943518,80.72079084941075,55.51327239440157
2024-01-05,68.92985827509119,84.27560775046328,61.88208529483007,24.35562575562853,105.10012999169113,69.04697930352208,106.55062270179079,66.44278369799716,98.19084312413827,80.64525807782711,55.53423020782567
2024-01-08,69.30744052941046,84.50544848164058,62.17007143486852,23.067822339653976,104.92763835045396,69.36384939107042,106.38010920302736,66.47141998660186,97.85972192093531,80.88020318999949,55.5985608255488
2024-01-09,69.07804925532709,84.45873919425802,61.094534579770496,23.566537391807362,105.09167169543746,69.23878888034618,106.61331075296148,65.77533539883508,97.99445827615,81.13784974840203,55.91878428602453
2024-01-10,69.12334854480942,84.42421159549735,60.8920256153087,23.270390749112142,105.09028418454271,69.32942176589322,106.57645970422917,65.88644824050085,97.70827052109185,81.16590293883318,55.88287256759741
2024-01-11,69.35774361860796,84.49798448427501,60.76729907804861,22.947061210791325,105.27521788410168,69.35569777352696,106.73780282741149,65.38317543341327,97.77025414000745,81.35824750138603,54.90205994117137
2024-01-12,69.41817540020627,83.34967408947426,60.85552029037708,22.929724027274066,105.22419260761757,69.08533579251852,106.76222922714751,65.48974825556675,97.857551702019,81.39229177802522,54.9902759963162
2024-01-16,69.58239811610979,83.33261821949742,61.10236270987523,23.59726633877117,105.34897567697139,69.52914949874558,107.0222033928595,64.73332812856323,98.11992822948385,80.98527009049187,55.33460760053197
2024-01-17,69.77527972865842,83.4030625118815,60.54155330154876,23.89107492595089,105.17303119593579,69.44021104534201,107.28963270645389,64.80199391906102,98.319688332218,81.02713477109616,55.583954848689714
2024-01-18,69.80882253963208,83.52829856385013,60.70339252550723,23.891418862742114,105.48014441821653,69.55288675065728,106.08557902234702,64.19286245350847,98.53593300955802,80.3744905228535,54.52271017806815
2024-01-19,70.25844631715773,83.73644166472539,59.169768805793964,24.06008792418088,104.50414002032922,69.26934499225082,106.54260899401848,64.11534755763232,98.21921873854711,80.53884529479576,54.63451398870306
2024-01-22,70.31148232623148,83.6241402884429,58.96087508890972,24.063437846267327,104.536071203814,69.17169973036944,106.37725256464711,64.23777643024812,98.25507461795637,80.5385248744897,54.46184561194964
2024-01-23,70.16089733238755,83.34579401690401,58.10846289630708,24.153929388339705,104.72462851678861,68.9790292526328,106.30705010040064,64.34379160031575,98.44666409096588,80.2408139589489,54.59541662933157
2024-01-24,69.57814354635586,83.58070991706101,58.16023090354925,22.737346284676118,103.86438172695732,69.08383647544468,106.57281205856927,63.628210078853655,98.06926332763965,80.40642167467831,55.02637114222935
2024-01-25,69.84602978031351,81.08103438958358,58.51885252205322,23.397770719422294,103.97980192165458,67.01708872550445,106.88892919833897,63.689012058983685,98.36263449691293,81.03254707277075,55.59606627872078
2024-01-26,70.00814424216487,81.21390027959691,58.581426553641705,23.525808620247265,104.1273171565169,66.91444339575979,106.9273235060929,62.06122966132728,98.4353401778592,80.83396078608331,55.75211361192429
2024-01-29,70.14378388304661,81.34983386962053,58.78458320911973,23.16417223033734,103.88550265128558,67.09810434042656,106.95615800988703,62.02488988389948,98.45910539344138,80.92270752817961,55.69387506655181
2024-01-30,69.86651716976903,81.64285636714642,58.77206062417757,23.219407561919617,102.87922174663007,67.31264279529067,107.12769187428525,61.74914416065315,98.55314760458377,80.04204506007639,55.84404241910751
2024-01-31,71.99736080134204,82.14943082476861,59.64581156376197,24.511675090918096,102.36983141551237,66.37819608665463,107.24165194322218,63.68754470150623,98.70768796771064,80.25024533043506,55.92527049521563
2024-02-01,71.31711200546457,82.73925483753823,61.984971260902554,24.046593728889896,99.27556677811098,67.98620866359941,107.58935564802677,63.39134800785368,99.61031508219645,81.62669290666682,57.49350922207406
2024-02-02,66.52655767282891,83.34878137798627,61.82832802089422,24.210990430817635,99.64077108539969,68.09270786535426,108.08528081385224,64.03702244454661,99.34370446285044,80.19461510996108,56.82670857342155
2024-02-05,67.5185127120104,83.74667958410845,62.535305257899594,24.80108766062683,100.0279457848201,66.360626964702,107.78042095047276,62.78197611218488,99.54156115168834,81.41236845231532,58.520665954802325
2024-02-06,66.95067046614307,83.8811430648277,62.44014632074526,24.947560727439118,100.08145491555672,66.47127659325304,108.02741215694097,62.034801545104344,98.92111129952451,81.65355107195145,58.14350716262983
2024-02-07,66.62942847122223,83.97254421971844,61.87529183205089,24.9839863958325,100.11109643743708,66.67967559759408,108.20990623757996,62.03926362254507,99.13422323407117,81.53821541029615,58.243071406183034
2024-02-08,66.63175672543063,83.88399226089608,61.93500161057506,24.500553587991035,99.7935738473913,66.74257041440171,108.24773122744836,62.0557365016265,99.21148988817413,81.48529643980055,58.224516151803996
2024-02-09,66.53463743628326,83.88514470831024,60.79240879182145,24.05077511211653,99.88584291526203,66.88789084118227,108.40246703222623,61.663811133068094,99.34697761461717,81.5424897632736,57.85113817599748
2024-02-12,66.59733724558937,83.91101557363827,60.82725315691607,24.036764079821094,100.04549705231459,66.93268035380187,108.27551184983857,61.000582980275915,99.33011354673431,81.02440723983007,57.58003604520696
2024-02-13,67.14542294764263,84.62659892869976,61.864837360962525,24.539231208282196,100.445175617884,67.75548009566187,107.41405392291615,62.13006020878037,98.90109015014201,81.7185846378659,58.55473299091261
2024-02-14,67.57434060366901,84.67167640616758,60.472934762605846,24.471451978068007,100.7320196727006,68.21033468668848,106.89436039286603,61.93026731286491,98.98804093802735,81.90954075180635,58.98010593861373
2024-02-15,67.87082763243873,84.93048357514647,60.265956252186534,25.617664991599373,101.19221308096124,68.28973750531318,106.42266536409824,60.15967780982041,99.20923608339936,82.4221485127275,59.82200995776611
2024-02-16,67.51022889097929,84.99978819961363,60.08027223964002,25.73345109573565,101.42135318127832,67.82607273284324,106.52897959296287,60.262126192465196,98.35625557368411,82.35360964615788,59.99983452830162
2024-02-20,67.79383231349311,84.94298275823593,58.02697383985566,25.796381126913023,101.52269147813557,67.87580113622468,106.76140731147721,60.46547933748257,98.39245654952391,82.52638070610635,60.0744673249711
2024-02-21,67.20122957896197,85.20099555337984,58.42822951282345,26.556578370084434,101.24511175253383,67.79014736057897,106.85878239328818,59.022231767601276,98.71529142068839,82.89705470178247,60.741464823063076
2024-02-22,67.51291865475417,85.95471561193308,58.08485200009713,26.378871164537692,101.64471366629772,68.61081165693176,107.44067284874556,59.26796063678762,99.04930552088472,82.2746388265525,58.446857491185185
2024-02-23,67.37462248319676,85.80302491925165,58.11868733601601,26.237688283509073,101.7034952570907,68.4984006590629,107.35402697038904,59.11713171294829,98.95659720992788,82.23243329013118,58.246093092583436
2024-02-26,67.64455541365592,85.0301576464364,58.394139678105105,25.72698031276449,101.9799007570279,68.88775585048612,107.10871664136668,58.66139926701569,99.11874986023304,82.52929365305042,58.36187774532468
2024-02-27,67.81370023589193,85.14141077995131,58.267725656106876,25.760226881344327,102.16842896297662,68.71109118846366,107.22950828610364,58.693913083318094,99.31763316870433,82.47417778657201,56.47633988970088
2024-02-28,67.59833950375139,85.20422288801015,58.357002060452984,25.762007534255115,102.32428015004541,68.05728392687618,107.27162452644654,58.66224766723502,99.30178404075205,81.77190052079207,56.52245053277065
2024-02-29,67.6407452122456,85.33227980462937,58.317434127279455,25.846274078596043,102.1308763823305,66.66223751764288,107.41941373428574,58.7253848279911,99.38367166315314,81.8787276545085,56.59569259034256
2024-03-01,67.87182375694714,85.11164723573367,58.22143707782885,26.151953876621743,100.76196069551771,66.27431529433761,107.61877591886487,59.051008167897784,99.62514995526003,82.22068553587322,56.27977891653877
2024-03-04,66.64339532171259,84.31552620799891,58.44500475309468,26.054748056996154,101.11168256305479,66.49751173096928,107.86146071176208,59.21182206302207,99.65836974476902,81.09521905315604,54.671845703780164
2024-03-05,66.5771939270651,84.71967321039133,57.68841344236057,25.084796408750037,100.4242632364695,66.81556995840843,107.91904299702175,59.29842412616444,99.79490841671733,81.37900692108151,54.74653355590943
2024-03-06,66.47140501564033,83.45237504912237,58.214376052454256,24.98624323976611,100.68589932966054,67.28473785344006,107.948722118991,59.23818111065233,100.13115254824055,81.67014991684502,55.17939116440556
2024-03-07,67.10879258968171,83.63716742373191,58.46206836367861,25.404698219349893,98.68523906593933,67.60438828617471,108.46267960917643,59.83118247499424,100.6099638233419,80.83980303985287,55.36353700583809
2024-03-08,67.35443647098043,83.7785531645399,58.28981248112591,25.211744500903876,98.77672458676727,67.89896787386354,108.57281551218895,59.69470175942598,100.86166883862289,79.2494718087481,54.76043064136284
2024-03-11,67.44003665110667,83.8381632714146,58.12517175643611,25.21324216770478,98.9051368077718,67.83703619190693,107.87342225134076,59.6502203632872,100.17944671319975,79.32401622972208,54.85985577661522
2024-03-12,67.69822578133159,84.04803607139542,58.3337961496426,25.159773798439527,99.12010632424119,68.18578672152555,107.85600039083124,59.587852316907195,100.11543162875427,78.92728364658646,53.40645097896194
2024-03-13,67.87979144842906,84.26901752093984,58.449283529422225,25.073618164947227,99.09394040781933,67.61783084135098,108.04626364249219,59.069470740914404,99.76268256302642,78.09337855242092,53.49359259001197
2024-03-14,67.79263165731177,84.43207097473338,58.73210074273028,24.098788323407092,99.26797842774701,67.79656976276692,107.95293491239175,59.02632113615076,99.7060081922261,78.15697526961497,53.63873403138731
2024-03-15,67.95128020693944,84.68878590347492,58.71173719560835,23.832598383706895,99.08434501492293,67.99071218662195,107.8305823315189,59.220307238525045,99.54441271035837,78.14352277018153,53.329066414630034
2024-03-18,67.54754290118792,84.76611162709456,58.98447712796808,23.901207140114188,99.34864559124297,67.76702201263039,107.76070059035693,59.00960360862921,99.41211416375387,78.04280228673417,53.5262164947896
2024-03-19,67.18868031672628,85.0473083457654,59.20971888710622,24.12826643875453,99.39045474449327,68.07039954971813,107.87891651764174,59.104928022786055,99.17984710998218,77.6999854111773,53.82515986252248
2024-03-20,67.37173586557383,85.27684011132455,59.251233083130316,23.96290872295128,99.35334892620232,66.84669054149026,107.87724083838528,59.375936176675786,99.32185580768846,77.39567667444503,53.80056595254337
2024-03-21,67.35091494245853,85.4465011474754,59.22127806416596,23.985144215000382,99.3503780527007,66.82981800163904,107.57741463209905,59.25618451621277,99.34859355296172,77.3927595808997,53.76896738962823
2024-03-22,66.88070683999223,85.72066551383578,59.77038139290948,24.0754579376073,99.09363218324773,66.79718281494294,107.39369646324921,59.260461263434294,99.67184831646289,77.86158247854765,53.02411263383415
2024-03-25,67.00818316011033,85.90752687659304,59.83021791446511,23.458180720246823,98.90890434068764,66.90844786814644,107.1344570657086,59.45565173817718,99.4820093087155,77.97691453989637,52.32793855386869
2024-03-26,67.12334822142722,85.84477871896716,59.840658314609115,23.55616597713702,98.46625763007627,66.48479995388091,107.26698263513339,59.533862825679364,99.55601283199893,78.0863098436759,52.14244013617724
2024-03-27,66.5410471205174,86.2292421481349,60.75381345708633,23.834022230326667,98.69941876242437,67.83768527775707,107.52021760083261,58.407505816949225,99.69326846249902,79.28514126414476,54.08361988486319
2024-03-28,66.52708092310111,85.63293469599554,60.83908326639803,23.812767055943176,98.91309329459865,68.07373608677241,107.53715816766024,58.4971357733729,99.62007613140112,79.19055602791909,54.02058440348856
2024-04-01,64.99512895602935,85.90842277961146,61.095071363232876,23.253600623920622,99.04851700109481,68.24382154195337,107.6262586214717,58.18055983351269,99.62791107408593,79.22828398568122,54.21866071717814
2024-04-02,64.69898842990155,86.37892809367057,61.324202605556685,22.28446484622731,99.19109353764142,66.83784906846809,107.80006500382389,58.579272741452,99.49239898676267,79.48356165001371,53.14657167317628
2024-04-03,64.76493020749238,86.44757820800143,59.176521391136845,22.400882421958936,99.33660663305248,66.98401342099486,107.62849389755635,58.58411191658209,99.34984596829872,79.6310995696262,53.3007024627847
2024-04-04,65.42947531626392,86.58830342335368,59.653824188023314,22.452368704890045,99.85987360409109,67.97863301456401,107.56142022579253,59.50406072549751,99.65584752410403,79.34811773803906,52.06484779748036
2024-04-05,65.25737272323333,85.88534812978169,59.386768830023414,23.099402055921296,99.94657258026476,68.35663480114303,107.5289513356047,59.42635753282519,100.10227026501498,79.64239205530014,52.354758380024926
2024-04-08,65.22374294128943,85.41117917397371,59.3844653379782,22.936833626314016,99.795201583155,68.2401799843251,107.51007073683753,59.47323047093056,100.2499011495569,79.46399883908191,52.188131645204315
2024-04-09,65.38635372660322,85.51699437688721,59.47244980235656,22.9652975282529,98.41437513961014,68.39146834082435,107.10920832639802,59.620266283007425,100.451042645868,78.96803695282551,52.29538210491426
2024-04-10,65.7918244399483,85.9193013265381,58.289754840287046,21.174085209038086,99.13799200192528,69.65401706255301,106.44663988859173,60.28106601930187,101.03386751492587,78.95517822237824,53.286021288696084
2024-04-11,65.946916469635,85.72571053607327,58.455935345860794,21.251483793093758,98.32451402532881,69.68262144083673,106.58011238828679,58.49183386776543,101.16889719145348,79.0395919454408,53.502696706983095
2024-04-12,67.32872903804216,85.91139822299122,59.56512230413172,22.424746683464022,99.18460740636247,71.11827532079529,106.60176768251944,59.46139266026544,101.87484720103406,78.43104034179385,52.3191282721038
2024-04-15,67.9227910920915,86.64292441276586,60.04820247999281,22.885014838887134,99.22927635228349,70.51094628536643,107.10879439878333,60.07287433291196,101.42418352131943,79.11088633932845,52.61800870611042
2024-04-16,68.1106500107826,87.01367223667884,59.8418966760926,23.332306843540422,99.53076561557339,70.19292821836078,107.11012233946195,59.821596953427246,101.52555780575541,79.37748701709654,53.044369522168175
2024-04-17,68.26798450408134,87.21618434740121,59.781951775877296,23.448347231264812,99.61970152774373,70.31881561747745,106.78281432612314,59.44574288075758,101.6566927723067,79.12107439132778,50.904674245551284
2024-04-18,67.94901942722174,87.06688096934603,59.54137159709116,23.309671379747492,99.53930036319068,70.37084745713136,106.92223110561132,59.03210575927621,101.70148631811522,79.27636361670748,50.6298621180634
2024-04-19,67.2847802670484,86.69604151641485,59.41437787325982,23.62847923488734,98.30999741894856,70.58941717124756,106.86024167187941,57.04311671007962,101.7958235827068,79.5077547833761,51.04048995571152
2024-04-22,67.09334348678902,86.70733135855824,59.81086619638179,23.618453727319125,98.65588203328993,70.34432477313432,106.94844737756367,57.160654336125624,100.67559502194311,79.68575792954752,51.17599236188523
2024-04-23,67.50498079401125,87.20628929164646,60.3849665557518,23.779248848389305,99.15385711223341,70.54191942697722,107.28399417951495,57.60149976897701,95.67371783242521,80.00254102645334,51.30418922642977
2024-04-24,67.61494667839105,86.79386835986631,59.13337914154508,23.911405412495323,99.34260799451647,70.38210495901629,105.91397114798654,57.56392286931009,96.06091823107444,80.26922272991864,51.4702359706357
2024-04-25,62.2650207447131,86.20999630338501,59.44371808563598,23.85657057288599,99.91696584969094,70.81504403764046,106.06443273585478,57.78794711181242,94.85177935569513,80.92717180825744,51.49205836956324
2024-04-26,60.803518506561865,86.23342727582886,59.16932268041774,23.930447916674144,99.89729791974436,70.84483617709857,105.95154436014424,57.903705519543465,94.97981216061565,80.87092275854143,51.27962059369217
2024-04-29,58.636678069073554,85.38731524987497,59.41827154269673,23.94352386148707,98.34552729106049,71.15986547652383,106.49423865798934,58.24406305626523,95.67855149679775,81.57964259257109,52.00027343091522
2024-04-30,60.932804627581326,86.43916630099541,59.45426025246154,26.062952965521564,98.589272849058,67.41676737641458,106.89626950334342,60.245643001572624,96.99992847207704,82.84111978309058,49.925879076908316
2024-05-01,60.08677616874683,86.65960097774347,58.879169497996216,25.799139703759256,99.30584865685003,67.47284053493793,107.37898896209545,60.372177067481566,96.15994120139624,82.95837425428783,49.23020083980214
2024-05-02,60.74500667772358,87.10293592548219,59.31580204588998,25.916805496329236,99.04257004377011,66.64117544465525,107.62959780273519,60.80673737833452,94.37412888637463,83.42592465360812,49.44803262729356
2024-05-03,61.139092258913934,86.95537163721333,59.76356702640448,25.51150101948387,98.21870169112283,66.46370944208847,107.79759175376577,60.65985101779226,94.82430246659165,83.7013129299567,49.747195745306676
2024-05-06,62.036623049410764,87.16891567642847,59.63538397825548,25.83007897798666,98.76151801564922,67.06712514808524,108.20381585120056,61.42151548715129,94.73464971369336,82.4859514558466,50.09883198398806
2024-05-07,62.077884455660126,85.9863376908229,59.38884586006814,25.4800708195777,98.96907307493925,67.12263729872393,108.2554426105059,61.152501920213425,94.24458056753251,82.67507896696152,50.31391104425934
2024-05-08,62.17946723511104,86.00388715417965,59.458449230895624,25.540692490543016,98.88075708058808,67.20118295538167,108.36173049431201,60.9338675432721,94.23558581077035,82.60151322674784,49.30520668584289
2024-05-09,61.814512792222,86.08274474504086,59.86830357857857,26.22721790316566,98.7263506974272,67.52265843267057,108.46370300833745,60.281977561509706,94.45354972871975,83.01292828425196,50.10515876159266
2024-05-10,61.8619618028298,85.5032180000092,59.551331676479705,26.013526053895546,98.81466898484088,67.6190786156514,108.55617149558482,60.361412851845124,94.47361589615095,82.98533592198659,50.07526368428353
2024-05-13,62.0239114591194,85.61055624941284,59.598410150562195,26.212846997882764,98.79113293007444,67.70409315462334,108.57529485340325,59.86651033890046,94.47240972216008,82.70375948752249,50.26343825004667
2024-05-14,62.16400171717669,85.79203300098243,59.07344766520656,26.268261705566204,98.80024560807462,67.91287430275432,107.967102306873,60.11634298837757,94.33079171751312,82.89267325237093,50.363292081984554
2024-05-15,62.5957862258884,85.19139630693806,57.90887432198299,26.119295959426495,99.35381544478291,68.39182417554699,107.91082850533468,60.63601395385732,93.17968695351377,83.49528779293038,50.9451995413506
2024-05-16,62.61136452041207,85.52110110644442,53.58142160824556,26.31157769200715,99.56871385425808,68.71485733457516,108.07936967994083,60.592375159668755,93.20243277400331,83.87028969702759,51.04990401906289
2024-05-17,62.64261364216264,85.51746867338558,53.81691346684296,26.273718029821083,99.53737634567611,68.79797544658871,107.81126238002966,60.1896936731446,92.91828872274077,83.97558731641203,50.78650690871841
2024-05-20,62.24920161295887,85.82632103256638,54.21892416298279,26.61964729122547,98.40155981462422,69.04863684529573,107.5523287848462,59.00321836283658,92.5801104174337,84.34561080105904,50.98104049612334
2024-05-21,61.58588144289444,86.04930431605482,54.30329836535443,26.512055508375557,97.9838004565296,69.23426064578423,106.96233980760532,59.28465734923625,92.73604265471675,84.31101161805603,51.13311915873704
2024-05-22,60.9676415480695,86.46551391982007,54.45267963127211,27.360674306548304,97.89003985401054,68.6581469899427,106.32570802835029,58.767819824603194,93.23378916463376,84.74637655268506,51.78173650060286
2024-05-23,61.83996576078923,87.51164585563241,56.84780214835807,28.022221483223728,99.32695671427484,69.81829389997961,106.30123622346494,58.127886125246725,92.22818043918268,85.88368518015614,53.93658855363485
2024-05-24,62.213778736165274,87.9210471260119,56.82026433253585,28.02354304825674,99.28823250846501,68.55081748243549,106.13993592794267,58.35414848707654,92.67149999512634,85.62942366331264,54.31326852874677
2024-05-28,61.85401551629565,87.96958853162009,57.39500767800228,26.86702584587304,99.07574925766106,68.82219330382969,105.43941603375588,57.564889192071114,92.76550991400353,86.0790874938256,53.80078835451609
2024-05-29,61.4408687023961,87.12570688171975,58.1832105125232,27.915385487382345,99.93208822206756,69.57751647565162,106.21382391339903,57.733439816621,93.16252371534952,85.50220246389776,54.34049552457478
2024-05-30,61.5504183710673,87.29369538745757,58.451912062909244,28.256216945206166,100.1812418882496,69.33630816490158,106.44444220057007,53.35375391102103,93.50980547340683,85.32859771844306,54.79105718173883
2024-05-31,61.57787711391212,85.28842813609135,60.45994613238331,30.644779095184894,101.07525723363293,70.7543838052932,107.03308697988459,51.27836862065025,93.59181823987947,86.65017417875782,56.69045250117084
2024-06-03,60.413324304130406,85.27485641032823,60.03915228450755,31.282126107190955,100.86808160195893,68.53562389684608,107.00465337412226,51.39811981840432,94.05963741202717,86.47811818479137,57.454431728110265
2024-06-04,60.42620230168042,85.5834097384552,59.305050343167,31.07590400016749,100.61030391268073,68.93209619678184,106.88868704463482,51.64887261612891,92.795121477104,86.0143184856245,57.17170086443909
2024-06-05,60.747414976126166,85.57039948296783,59.12955872771069,30.96920605450967,100.26483527974639,69.10818649768308,106.57381332318221,51.78730430308828,92.89808888286592,86.03751652944413,56.380589495658455
2024-06-06,60.98041505443342,85.41684854863868,59.01944587190226,30.87381557064308,100.43513439084008,68.77279579841498,106.19184394732851,51.78492467997924,93.07094373657911,86.1487285014497,55.571574393689026
2024-06-07,61.13608816498601,85.61555675431417,59.19936603060968,30.905810054276493,98.96294655315825,68.74104758885592,106.19458435746121,51.730861809307804,92.8861991710462,86.3584819264869,55.49483164280865
2024-06-10,61.13416290725878,85.57292113209832,59.103113439634,30.74882674211849,98.59195451954184,68.78668509447537,106.32990765603135,51.79649489406189,92.54678021920336,86.50369886498932,55.15503541703664
2024-06-11,61.27870152522515,85.7398588533125,59.26976435769531,30.718654771256816,97.54218754849363,68.85320297253566,106.48856007792507,49.89330856693964,92.57923732515218,86.63981551758624,55.29601417282772
2024-06-12,60.51622453252509,85.96021178244784,57.600511243411695,30.378376069684492,97.52318649625583,69.12098416448134,105.75114546002894,49.78969919401745,92.89974568296952,86.59769923008778,55.38458524957017
2024-06-13,60.19464158350205,86.14389958603644,57.68324164115391,30.45692696980052,97.5829537821193,69.12579120641381,105.26548352081585,49.427847862697824,93.02937768247453,86.46677574678034,55.2109365241126
2024-06-14,59.90931268775745,86.2770805209972,57.30861197227629,30.510306415431184,97.8067106521546,69.20513700534325,104.2728528907938,49.30484959332372,92.80222437912275,86.40567206525267,55.37199839825922
2024-06-17,60.27892836892328,86.27357284662966,57.503563998737874,30.598433740104646,98.29075821614866,68.42889074159753,104.2205892243106,49.98580349786478,93.22306212386717,85.36276320587254,52.52626200827998
2024-06-18,59.93753049129611,86.29340116101326,57.3030561741914,30.572225033088422,98.06348351141756,68.4654251766855,104.15257611269745,50.08580625221145,93.19790072521721,85.39170725019616,52.52632848614283
2024-06-20,59.747252733299554,86.34796616434406,57.00173237574018,29.865287333010887,98.19765431337949,68.52091936392611,104.22113273484358,49.39157067741618,93.09586636080782,85.28190687456095,52.48947901314646
2024-06-21,59.5299941616952,85.35702410542142,57.0930706614811,29.946002296693976,98.15500680929537,68.53702536866533,104.35311496672207,49.34916808547741,93.18771935987616,85.32428358205536,52.3205951863477
2024-06-24,59.88617201366254,84.26700825062652,57.93439283934412,31.05765821126157,98.18665975193618,68.90007594228764,104.07928528052778,44.660860151174575,93.33938802173877,85.56594503132143,53.33741443750065
2024-06-25,58.395908486275175,84.53041642790168,58.514200867375756,31.521575583696656,98.09573334441018,69.18718318909643,104.10656814240429,42.1854445427476,93.27366696821339,85.87484486816066,54.10726128609378
2024-06-26,58.35684019709685,82.28899771110574,58.67593806766315,31.599856156095022,98.25757346797407,69.30372272224004,104.35740606810546,42.289384700174196,93.40991930953027,86.09308388489666,54.20090844730098
2024-06-27,58.341712690742064,82.1420240294888,58.11144908089295,31.607649163309357,98.30418503407924,69.22759476879747,104.45122141279778,42.29641194745107,93.30713118572997,85.85740244648123,54.28136561842538
2024-06-28,58.419128479978895,81.98143984199595,58.27125307478655,31.49733724027481,97.75469472631598,69.4714341700108,104.50639846033299,42.39405212379813,93.45771177997108,84.52684515828,54.085293606338865
2024-07-01,58.86269805853963,80.8266615927438,59.01250020980595,31.445445469125122,96.51794365132893,70.09031858473931,104.49252677246434,41.80087077930657,92.68844614310323,84.88421402166449,54.63612521751122
2024-07-02,59.500625729305696,80.26625149847804,59.39495426072575,31.538531099394223,96.55581783597884,67.78502281209649,104.67274881119287,41.826243835801385,92.48980739923269,84.55633705097979,54.789899570348105
2024-07-03,59.605738133024715,79.83074363957667,59.52585530320734,31.67180536395233,96.33927527836931,66.60077458391979,104.89485329889183,41.40734196634614,91.96559398744266,84.6690905480149,54.542072215760285
2024-07-05,59.56957964286121,80.29150686944668,58.95537742863589,30.06509812035076,95.96131783950013,66.72370430896146,103.70531511383,41.14904166616193,92.0052559058607,84.8692523537369,54.93752857550431
2024-07-08,59.24608888203863,80.36534415951596,58.9060695975331,30.00692214831732,96.01566227051939,66.79410480322058,103.84719470031553,40.87452584208156,91.36001117884469,84.73919670556559,54.98928824506276
2024-07-09,59.45032281433751,80.47532575498681,58.82757693105087,30.076550486614735,95.29757457988781,66.40203316811484,103.78477514057751,40.976939253767235,90.21882783210353,84.95430270053765,55.00910621867637
2024-07-10,59.69565377741863,80.63010028867525,58.3550944785369,30.212138590278908,95.39518271573378,66.83411724313801,103.77074930267167,41.489262511182616,90.4324966339548,84.49539844063534,55.046268718048864
2024-07-11,58.1408144297677,78.47072786099692,55.98989390689336,31.254261773719385,95.8277134715257,67.59085033448015,102.48981536101122,39.611906253002005,90.23590295910553,83.11213154517912,56.35265157738271
2024-07-12,56.30649010921149,78.36954415353291,55.97672916049501,30.5769065881272,95.87480943592327,67.96554530479602,102.82428824526613,39.773671466818804,90.39878039834696,83.5472579303565,56.67759800897993
2024-07-15,56.51312436580031,78.90378532488594,55.77104299575956,29.57871491065778,93.61987670088698,67.86603563208783,102.87660954682384,40.06664544022301,90.79103142758667,84.00809938814288,52.307462938635524
2024-07-16,56.324993393106155,79.72659376477544,56.87256109617862,27.51536733410668,94.43795312260558,68.83470461956517,101.64142191579371,37.08007673525156,91.29101722687591,84.14286303400347,51.797430632552356
2024-07-17,56.42910189239624,79.77921207615844,53.855879301324435,27.35958133409909,92.81680042293901,69.36135882817689,101.01287627535767,37.36083407973842,92.22113410612548,83.49101131784637,52.28879714858854
2024-07-18,55.96262010495944,80.85997043691557,53.730078424638165,27.256611879013505,93.54002132904358,67.35457249999745,102.74184729171863,37.554310878076905,93.1665109983114,81.79919856335064,51.73280372856511
2024-07-19,56.610646815004635,81.64172017597963,53.701070355213595,27.556181608022193,94.48938958640427,64.0763316156421,103.2846960047475,38.44069301491768,93.3010073707658,80.97986377406366,50.93485954373372
2024-07-22,56.184510802284294,81.95303005795729,53.0107764590926,26.886959299040868,94.30653547474002,64.65116260324425,103.49671861776733,38.7839369010046,93.36337023736112,81.43258289228709,51.25809833688301
2024-07-23,56.14076357269535,82.09971911927427,53.45896438368426,27.217389038553463,93.8914043118946,64.63384104993527,103.2257118830877,39.00870987829427,92.39270868055081,81.59384922569954,51.66229334804352
2024-07-24,58.47119740614611,83.04479270308032,53.365243010985864,26.964133555186837,95.49607832247945,57.29269174188286,104.2068444093532,42.70243103908616,93.2211354297209,82.91215689781004,48.601517471338134
2024-07-25,56.97978962883842,83.1418218626603,53.42066446868044,26.147269460105473,95.02693045490402,57.69552921167194,102.11613254417023,43.32973985515829,92.7404839038969,83.0407763531142,47.475698376253916
2024-07-26,57.831408823463626,82.68973856634926,54.74915065033976,25.49379786253914,96.15443907593689,56.9780035426415,103.38066077780802,43.24708958347007,93.55382767470094,83.84726814795003,47.89435150534424
2024-07-29,57.449544563751196,81.26824553984396,54.60664679055768,25.107680140330245,95.67047020120114,56.82454224703225,103.32486072225109,43.172434541121326,93.54259475041064,83.75879866294063,47.93545807150633
2024-07-30,57.02152722131083,81.42614146804993,52.959088044387144,25.379707510965055,94.69664634541927,57.03330506680656,103.51602841897581,41.50502197236584,93.41272453789654,83.91527645736801,48.13923415511476
2024-07-31,56.98357273893781,81.3879994582243,52.31808814543402,25.608348533762594,94.38969770895714,55.97183075543981,103.31612189879195,40.885342410023476,93.57378385269038,83.26564920747892,47.804931709972536
2024-08-01,55.452215387462,80.48023751037275,51.45401865423414,25.375836247935535,92.73518539560328,55.069010969692854,103.0849288984959,42.239507989558795,93.6200640013243,81.52815401113311,46.247311360280534
2024-08-02,54.69903762366265,81.19890307258618,46.35147586610701,28.212692788861478,94.39543440184056,54.17014082713943,104.72020289197317,42.77578240442687,93.6392594158978,76.42854922761965,46.70095989190324
2024-08-05,58.18027698702399,85.44470759742978,48.57588506753742,32.63423468120946,102.74268590131001,57.35249244477789,105.5006675030107,45.05406520620866,92.93735945377706,74.9950047320636,47.27507019672822
2024-08-06,58.21438575183417,83.87045540274931,52.10740609308102,31.392578651568044,100.00442389538003,58.27936257690544,104.76186385661336,44.63797376189993,92.52863125884706,77.63354088092424,49.32600706476436
2024-08-07,58.27022065860417,83.69949370402362,52.29728566613192,30.53739953741313,98.1804841205266,58.87375305468272,104.15131229173646,45.18194719688471,92.69252251946423,78.52984685883216,48.81271861304235
2024-08-08,59.339088134841,83.1007251539382,53.093716540799235,32.39270736992537,99.43142009355466,61.39514564711124,105.02594024139222,47.008888552683004,93.42874463109737,78.46596642663835,45.379252609699726
2024-08-09,59.29434661419425,83.20936844232519,52.89277005873181,32.652142963897454,99.69170199871755,61.19964917915985,105.26517937910735,47.05580911420222,92.88808602989275,78.44100015170474,45.398119300285806
2024-08-12,59.45441809036145,83.25446686963603,53.05660392269057,32.18062702489243,99.70893161531386,61.42142585059299,105.33787576064256,46.4134125789369,92.99512391054517,78.60652386529321,45.17625929221795
2024-08-13,59.60697603371305,83.67266606963997,53.70728641110703,31.00449934946313,99.38425594790105,62.6134015081357,105.06031762022715,47.618046273201315,93.41450067353477,78.5625721727475,45.3415061694033
2024-08-14,59.099795672922454,83.3980641164846,53.72143792082887,31.245895153300342,99.21159799584413,62.82320175485476,105.2744258342528,47.52297134352773,93.42321853276586,78.45780971887625,45.13154680307758
2024-08-15,58.87271759814614,83.53796335662562,54.13717584296753,32.02097383162495,99.93510685364873,62.99668786091106,105.74891285413617,48.53459279993125,94.08120977958568,76.78161876207724,44.04073640033771
2024-08-16,58.870278984590506,83.50237635978007,54.13342533896124,32.017293870488984,99.96809387537505,63.00601592361831,105.70493160717817,48.52033469504999,94.14402961191281,76.42178107630623,43.930705885797465
2024-08-19,59.23008224899393,83.71420146338487,54.00722044555455,32.025441068402635,100.29014310690773,63.240882082968795,105.48694212207342,48.812781673796884,94.12064767555744,76.53770549279763,43.89389990595541
2024-08-20,59.22794731514317,83.63161593408006,53.46426900224033,31.565337468916915,100.07366012746199,62.91877848551243,105.39511833908708,49.14984055757724,94.21099548264367,76.57265662266201,44.02173176462099
2024-08-21,59.85438339819555,84.03459952198914,53.8902684344092,30.259917484542253,98.56006494758954,62.98419058130267,105.59901298375387,49.513734082872695,94.61970140029487,76.61707462085384,44.48340833138147
2024-08-22,59.81181178453966,83.50799166567914,54.01779054889568,30.245056598731235,98.09824795937347,63.01108187319161,105.50503840729557,49.23294397716215,94.7385366993085,76.46316791365636,44.55522372935668
2024-08-23,59.95959651174277,83.47896334034212,53.87597376519399,30.707112177644362,98.55261516628408,63.171434943512686,105.3768841189391,49.36916321740456,95.1879830838485,76.56572503093382,43.906559333112064
2024-08-26,59.921168993663976,83.23658587980022,53.73809204674215,30.785711035264875,98.87555659443052,62.96640895009355,105.58923590371457,48.723129123022034,95.24411719975677,76.08297546592037,44.12324786809297
2024-08-27,59.84828815798814,83.24167633674512,53.67228943433301,30.328360788090905,98.21468166128388,63.01378130564855,105.74840254861554,48.56437500487874,95.34678900064078,76.03969642010811,43.77533847657829
2024-08-28,60.0704294197235,83.36029387266737,54.02355148906727,30.70633733868471,97.39285021092049,62.628550682215554,105.61521363714294,48.799662264397064,95.56927196803107,76.14832721136828,43.7212500596986
2024-08-29,60.226141261935126,83.43282621072943,53.630694928172346,30.834098283497035,96.86310471573935,62.66604644554914,105.3987123932398,48.69902810245221,95.43846544888397,76.05033622000124,43.63709559770635
2024-08-30,59.99405836857819,83.44874363355643,53.823196839695,30.691851300309654,97.04009057980065,62.59725484059733,105.45307458654423,48.71740043198866,95.45477833178973,76.04532435561076,43.56088411498754
2024-09-03,61.725783123774605,82.38391877341364,51.08548699070529,32.66361728670117,96.11810409122164,62.82774224322983,106.04045095768069,51.29721774610678,96.64444202437421,74.27187459222324,43.86500068537417
2024-09-04,61.76132342521103,82.02722682173368,51.002707507538815,31.318923217925143,96.05049460194351,63.078714373384685,105.73712429453552,50.61394599687702,96.45457084496906,74.4271058746683,43.87472845557644
2024-09-05,61.2407395054109,78.75260929255178,51.58045431077943,32.06269196623744,96.50121275927455,63.22807535651702,106.0185510243693,50.78001002699522,96.99417802476717,74.41227837208822,44.22740836155838
2024-09-06,62.472598374255035,79.43987010515593,50.08728897499987,32.71113152212126,98.57487289627282,61.91285311264467,107.01418274218328,51.867099017035905,97.21110553801742,72.91460875406172,44.50564802431617
2024-09-09,62.39842309596522,79.56752365954357,51.5197121138842,32.5821628861173,97.77067073026761,63.26864095581604,107.07378361476158,52.46199299145287,97.62659431106898,74.16741966866972,46.04997564194144
2024-09-10,62.47244834876836,79.37183220605387,51.427595644159084,32.705536134281516,96.08129892016896,63.335264557097474,107.03925391067013,52.25784382733398,97.79319814291073,72.54520306851397,46.359679858679996
2024-09-11,62.865455828741446,79.6322477227046,49.37477974966876,32.475028555747706,95.09334116591546,63.32310738416102,107.28910987417146,51.93469878695504,98.15958685488152,72.06165348836811,46.510456153333905
2024-09-12,63.63945472863092,80.02677058887453,50.86400493885034,32.69551350181441,93.9792659987549,63.25550029705998,107.66718196637298,51.64328283486935,98.80604961733161,71.24181306547925,46.307315800583616
2024-09-13,64.19404240577691,80.40084568084374,51.03804405478287,33.239516580699686,93.5211608714533,62.688917936866744,108.38604755412214,51.577363920979614,99.3575327873206,71.18500562127079,47.20676572046408
2024-09-16,64.67318023670664,79.72448840972028,50.5763928202868,34.16292929254483,94.08057779955202,63.15106898866573,109.13284586642601,51.02143584667815,99.83885332514386,70.37456715538048,47.14281508266569
2024-09-17,64.62193726499056,79.55910594730453,51.04293653879492,33.67932210834996,92.79165443480109,62.75831550659795,108.41230352259791,51.19078978283093,99.5756261338111,70.82303072016735,47.33895804557055
2024-09-18,65.32999723243546,79.64883823722676,50.98303635707887,32.96403107469426,92.86318536428422,63.449677167032775,108.01953439076385,51.80893992123329,100.27615904147086,71.27860260496033,48.306176299877976
2024-09-19,65.54738397808671,79.83267800508136,49.625083287624385,33.47830934707459,93.00890819949063,63.59989513193875,108.01762470981043,52.67570511557265,100.0848414903004,70.21005914231009,47.59345453004469
2024-09-20,65.99711310420511,80.2701678893861,49.325920439932524,33.38978996390879,93.40280808353707,63.48837980556564,108.14682643456109,52.96558882020948,99.90863934117846,70.20610931087995,42.280760116487116
2024-09-23,65.45924101069762,80.73534019112098,49.655012576802235,33.96356793334792,92.80494887627816,62.24570516952305,108.07239954871311,52.5789754412865,100.45301654048612,70.94826270953673,42.50882638455432
2024-09-24,65.6869812963719,80.74953575556405,49.70079254037711,34.1347482819723,91.37906264361196,62.420934887194015,107.82674713198084,52.900718737669344,98.63356348558858,71.0490862355496,42.37813706296048
2024-09-25,65.7758614800502,80.58733835035257,49.73497677166111,34.10462185348066,91.91616829352934,62.13611457321926,107.60603412113565,52.26690577546731,98.67225630661866,71.23098027965712,41.389110278433826
2024-09-26,66.14571272747004,80.8762587643787,50.015532389832025,32.335324460685854,92.1844376585575,62.720213884187544,107.9953923850135,52.71968890753662,94.20910941751728,69.50010639433215,41.042199899761535
2024-09-27,66.571316853405,81.19952172309412,49.93139302974187,32.15797794132441,92.15486043321955,62.5757448598292,108.29264052825053,52.47129010803052,94.14835212401904,69.59744688908484,41.41524869113254
2024-09-30,66.67988313397544,81.01659300454499,49.81363500172951,32.34263246993833,92.34633106028468,62.42296810985107,108.45108604863631,52.53403424316499,92.82122865043402,69.55405311039247,41.41559560075485
2024-10-01,66.34553610038517,81.22228247631736,50.11137593921178,29.54845852263735,92.17234607111827,62.87949950646006,108.16658465994698,52.055199242100386,92.89229714875232,69.88841499375282,40.49965267470115
2024-10-02,66.65223670383709,81.51629742629487,50.183036731329665,28.402021396096373,92.07353528459791,62.95272253630532,108.27810684737338,51.740583891089564,93.10489620214798,70.07015021445163,40.174117161903986
2024-10-03,67.02649231854507,82.31733272264735,50.645424718892016,25.451843426575643,92.12678894134557,63.82883271872895,108.49765040276185,50.897116996619104,93.43460278750246,70.45618938649284,39.55738847576125
2024-10-04,67.30356340679154,82.61832729876487,50.95695184206705,26.068145793997317,91.01162899111343,63.563296165561205,108.53662562243402,50.85907929125696,93.44181655409486,69.51391198645652,39.52952046805944
2024-10-07,69.46680708153593,83.80488737932248,53.487127970370096,25.354741852451195,90.99481783316753,64.36168546538576,107.38187585434922,50.47485233932685,92.65285733482894,69.58755793562997,42.046733582711944
2024-10-08,69.6155750591853,83.58017415522039,53.73437399673396,23.672966226777902,91.14010265771661,64.60132874919073,107.1225724805403,50.27019617382283,91.77076630524725,69.69024017202307,42.24230509513839
2024-10-09,69.45818684939212,83.6923434996398,53.74891797735063,23.53511824164178,91.52428544748861,64.48388160762184,107.40511979419304,50.58153109562346,92.04043280298781,69.33204099452793,40.172145559325735
2024-10-10,69.75254855943885,83.85715947020509,54.3859782125877,22.7852462087055,91.69394660898998,65.02234586368525,107.3718086739577,50.331429206970185,91.13058694179408,69.65762593573197,40.11506640058485
2024-10-11,70.07311744487846,81.59248167581035,55.027342203152166,23.211141106318202,92.26526729981718,65.806951314135,107.27484421174191,49.96680874608633,91.29546735922683,70.4488705424516,40.807071100524986
2024-10-14,70.06353284687629,81.36594687825732,54.903222553145326,22.776523136879515,92.1534349796915,65.79142568313142,107.44415299694069,49.924378301722285,91.34942061922057,70.4500425289585,40.570874235172475
2024-10-15,69.86231910009838,81.1979522277966,54.47731038776584,22.116773533209315,91.15377334485045,63.81327528214221,108.0897178042721,50.148451371415824,91.55417630381254,68.70975233820738,40.559112315210406
2024-10-16,69.96981866260312,81.47611480184936,52.92925773397438,21.92023601668546,91.99103546870825,64.20072081640619,108.04003967317647,50.243686071645364,92.11102487820355,68.90263463798514,41.09771909477014
2024-10-17,70.3616802277843,81.41254228759479,53.55884751510231,21.702946367283445,90.73480057548403,64.82263481031835,107.82248831849496,49.784124974692105,91.83475075755021,69.60578795352792,41.94827786719995
2024-10-18,70.42198011756595,81.37534317730578,53.78840000730535,21.596040263809563,90.32950932954697,65.00018376702913,107.57160237690626,49.73801658096185,91.84411090166141,69.72850496915964,42.089815652787024
2024-10-21,70.28736315696555,81.44399195617123,54.77425447192644,21.563498685998876,90.54421397954512,65.79839850480589,106.81718114857586,48.70310932972916,91.98492169246748,70.18968144469959,42.12358366089382
2024-10-22,70.51354414735363,81.79191214617238,53.30879566012507,21.219323941302182,90.89250772745206,65.79243711177648,106.12897720390521,48.747153145184505,91.90903454248743,69.92818407787009,42.30204119957311
2024-10-23,70.49597761860815,80.99171472278704,53.447695294203314,21.267943711287174,90.87237107218473,65.8105571059742,105.91874788161907,48.91924331199284,91.74748186604374,68.56952625497613,41.8270955358756
2024-10-24,70.97032323179042,74.9261489833003,53.78026417320751,21.36059574259062,91.34358170166506,66.17571944565094,105.88858198372392,49.334209353665436,90.39848247121223,68.58210909325855,42.1642087475632
2024-10-25,69.61631147516532,73.4238212213479,54.32261398858207,21.097456990555845,91.77117569277114,66.69234821152074,106.51533705893199,49.30965278029041,91.02163517425998,69.08527727449645,42.96164588638863
2024-10-28,69.80641064917094,73.40344126372445,54.69920715029181,20.726669752321115,91.20591489564758,66.6702948238536,106.30846733238606,48.9573021055241,91.04990637911904,69.22793575781353,43.510359993739826
2024-10-29,66.40048961115254,73.88293318376041,55.786702155956434,21.545300079806616,90.6635620445747,66.55657211530743,105.87482184529098,47.77086745999682,91.3823792745573,69.9176732529485,44.94151830542741
2024-10-30,65.83620245247317,74.02388043994499,56.103922228072214,21.411547383280098,90.51493268272645,66.72879112133012,105.99688874455269,47.085445207396816,90.84075348155808,69.81993569841653,44.930739628950526
2024-10-31,65.91916242766601,74.40788441964573,55.10962497192364,20.47854633424097,91.08269462946019,67.29325287840012,106.44495426512945,48.654478223510814,91.58213418341464,70.55295202743032,42.06149616220282
2024-11-01,66.11464850292404,72.83632325381627,54.89388757969132,20.549163536442205,91.25033784614428,66.29273171787983,106.91039987739991,48.84420445308525,91.8727240426604,69.97852352681122,40.81061207310075
2024-11-04,66.37950518922457,73.15331652174567,54.55796688729267,19.453625222838376,90.78428367758255,66.11777665841439,107.19763115013339,48.95234871798299,91.76661704961596,68.49707827011243,39.803561821503834
2024-11-05,67.25655055335774,74.3706472684461,55.43476000592961,21.13609694038521,90.3580839776389,67.52855224864425,108.21321039204216,48.867827746162796,89.78403722079194,69.37812916177758,41.6501578176812
2024-11-06,69.01800566554488,75.85497899492421,50.91810009750195,27.08723624796804,82.8661509859693,65.63897657795653,107.40922666337028,51.14617652056532,88.35463038221006,59.61425562097706,41.525113461168694
2024-11-07,68.82314419562363,74.92169606150723,50.493712851706015,29.208208693711722,80.66327234302562,66.26728410968431,107.00239492060949,50.14246224090969,89.75384243048667,57.69181206309942,41.66923905199564
2024-11-08,67.50092645835554,76.66940495553102,51.83620227362559,29.896131098061666,80.9271361799399,68.02867738773246,107.96032778046599,50.303963477733596,85.12920859404585,59.216709603215435,43.38431445169196
2024-11-11,67.59281142608496,75.21030683133674,52.46144661562239,29.917468661954356,80.21506359939376,67.82553434688194,107.60211697175413,49.88997837172717,84.53737428689966,59.52022320573776,43.05784453952032
2024-11-12,66.56398286115027,76.2720745743458,49.69891664787372,30.236686530164288,78.95507629418199,68.88607358669118,107.84360670881959,49.63848785928544,85.57251746945118,60.54961859121606,43.962773761896266
2024-11-13,66.5039189425366,76.18686178650125,49.509951214013526,30.095261170841248,78.98673006339028,68.53102569940661,107.83764785644198,49.56683018587501,85.58369133003774,60.259635741617544,44.001949672092415
2024-11-14,66.1051703970814,76.99234578981977,49.218835905592016,29.096627540098282,78.81821007083636,68.9602772704565,107.37216219793653,49.49386061509225,85.99442516024412,60.88118189179712,43.97839504612584
2024-11-15,66.6014317348023,77.34292475352711,49.19981553114435,29.03261071925092,76.11275327278948,68.18171472276589,108.83608637404802,50.97443947503068,86.47281118317942,59.88879380795488,40.496847628910714
2024-11-18,66.8925665553279,77.47392045466951,50.35225769404242,29.1553257015264,76.10161358714826,68.06757584170346,107.51667275765712,50.36380763430932,86.83959913395633,60.312975472617644,40.83071266803805
2024-11-19,66.59623492699382,77.63190455514548,50.13796017853626,29.33597237071344,75.77837184465004,67.6644285762613,107.50944551760244,50.392601628147155,86.8953243888506,60.36284693063588,40.720553262097425
2024-11-20,66.8811160076581,77.14120325141045,49.34168170870129,29.26552343318131,75.00410584142658,66.06172423407209,107.71758686902722,50.512690444993375,86.92164485702351,60.368761366266746,40.87128630499853
2024-11-21,65.14488522184189,76.97476456601981,50.405615286683954,29.649095114941332,75.7976107246626,66.73244504561963,108.265374785869,50.924803346133196,88.16109279528692,60.19031667648095,41.954842710433354
2024-11-22,64.01732686619238,77.30344169392987,50.4096899299669,29.743957740051606,76.22635689216287,66.60449448630042,107.85115490344928,50.87185917453172,88.37039983243994,60.45413663681314,40.7564318319061
2024-11-25,63.995684556141896,77.43166014228525,50.55449418661212,28.003252784393716,76.16758860653817,66.66514121725187,108.06751263651834,50.543410921066794,88.18201129506002,60.718915288203334,40.61561617516681
2024-11-26,64.26040203062361,77.74005682017571,50.58961206024903,27.73582449492403,76.27538625559497,66.92551596971651,108.28391440953935,50.652121512369064,86.45139309778787,60.77192703012279,40.6130703621634
2024-11-27,64.19920081211902,77.53859357696977,50.69836938898119,27.758423305503634,76.29146715996545,66.58412461453331,108.1557257625037,50.38204276090717,86.28950562072916,60.622974274369525,40.70317417248818
2024-11-29,64.46271357999842,77.70582642981913,50.75761904616589,27.73339605606031,76.16998794331427,66.78064221556355,108.01471934263847,50.51065728265937,86.46871189382834,59.85639292329434,40.42952495836056
2024-12-02,63.54284774539077,76.45894624653785,50.51772320285819,28.179656797727485,76.47365452863508,66.70454851330027,108.19021476291222,50.30981950554171,86.01302418687273,60.037279179623226,40.93781240035992
2024-12-03,62.51471624252985,76.35911040561753,50.62921330573016,27.921985055470213,76.28744154688677,66.72709490615249,107.86521259070173,50.394103902074534,86.08584311824266,60.426954094837356,41.20173546788334
2024-12-04,62.48379395580494,75.69178135372464,50.602891520263356,26.86810438078037,76.54787411339021,66.81472529562907,107.3794820009003,49.89711534500189,85.60619229208812,60.50873066061483,41.345046857508535
2024-12-05,62.88606477970847,74.74139502677423,49.677438219136036,26.61227136520981,76.44056893088552,66.21624868529454,107.20021570220919,50.043106901263116,85.04807988273423,60.69806050448311,40.83796546904843
2024-12-06,62.58469203554857,72.67452258063997,49.612043015746885,26.31424095108197,76.26409922091206,66.65107180057794,107.03115441121776,50.05141949612711,85.30451361810147,60.716637386481096,40.865398333573786
2024-12-09,61.16781163620858,72.54414010168472,49.309256306121426,26.844488136260225,76.89091792964108,65.17514363921217,107.72219881635115,50.194090166428445,84.52685921917676,60.43285383857551,40.62000751606554
2024-12-10,57.15460518761652,72.44234776115863,48.221492243265565,26.997207356332005,77.47056553479536,65.54195112045633,108.35895858763064,50.0370577450732,84.9167444519966,60.219373208929994,40.784971686931044
2024-12-11,55.98981248722039,71.84237617890412,48.04978163590147,26.855723740910857,77.39041533589261,63.28090880155292,108.04843263155585,50.26379430037512,85.14439242744797,60.75211669259505,41.08650906388023
2024-12-12,55.603833133231035,71.96946604454821,46.68126330504751,27.00121517887289,77.32369633963904,63.08367050333516,108.264999848375,50.50237825574727,85.29798041480194,60.838114055589244,41.143615300631275
2024-12-13,55.27767455807493,71.64255906730342,46.789384144680255,27.323963166387085,77.51112153658512,62.58146790263291,108.64506097262516,50.07317686639248,85.29846779510903,60.936916473646114,41.035699910926404
2024-12-16,55.22106486596449,70.19405870289991,47.14827011533686,27.708946122785072,77.64654531594397,62.73085246524889,108.11729476608352,49.6192162470398,86.06627954754705,60.991840863032564,41.334349318138734
2024-12-17,55.46417574424515,69.81140818297635,46.878124750663005,28.59155198014996,78.0482459909132,62.33163323171732,108.234588784263,49.70970599544401,86.33336526355917,61.070636519457054,41.222367937901566
2024-12-18,60.7678793067412,75.65105511143365,49.71840363005838,32.730276263652364,83.52015283672488,61.36020806695363,111.37532585798941,50.90333871182721,90.70271784917243,67.13730640579601,43.165847043071444
2024-12-19,61.1284605381058,75.44029635442236,49.609050851240696,33.885662630002315,83.77343046308714,61.44424675304231,112.40965560702237,50.7700425292533,91.06463223254265,67.10196490315067,41.26053475222046
2024-12-20,60.38569328275736,73.31125703039852,49.1942986034707,34.05441009332769,85.34972569572176,63.133177054607614,113.0573378680157,51.505626918972936,91.37609689359401,68.07144937670301,43.26828664797177
2024-12-23,60.43640878110401,73.40426756361052,47.88598315330627,34.114309063159936,85.5531710249831,62.004739669613684,112.99082069652069,51.49179032577352,91.17292300415444,68.07245728536438,43.427612489034686
2024-12-24,61.07552204936712,74.00580225300205,48.47700403501541,34.61170122553219,86.08046347543842,62.195964779613725,112.58152537498896,51.52485966568545,91.24894060421227,68.40196380348041,43.374462440999096
2024-12-26,60.96707228013973,73.82934666384288,48.43261692978983,34.62777995967263,86.09454600027784,62.209173559121986,112.65785392210545,51.58283523986657,91.2586781802713,68.40419114628722,43.35876090179604
2024-12-27,61.52992023815517,74.49462624768564,48.90526907863405,34.05733929464042,86.29038598191184,62.36811354707174,112.63499250641956,52.06334805723682,91.31582111407333,68.73659915931876,43.37366505519078
2024-12-30,62.429885574324615,75.34806999531351,49.9649220378987,32.975236907004394,87.11264524042117,63.64075353160118,113.1352282719117,52.759823126565614,92.10084375649856,67.49567884919551,43.306319232438476
2024-12-31,62.15904499327729,74.81522985364413,49.951876261911806,32.62890632999787,87.05264680043972,63.540660130406906,112.94508728606054,52.539732980392714,91.9043475552667,67.30300606393814,43.14548397432024
2025-01-02,61.52340953473485,74.8172478654115,50.12568582973286,31.675762250516144,87.16858133332646,63.33579987387347,112.97274111851345,52.783089727453685,91.36400480186305,67.34566493587195,42.57970875889653
2025-01-03,61.43706499254325,75.3290080231871,49.431681844871136,32.28249963124744,87.21646932290545,64.04258464422746,113.18708853478573,53.11044350066166,89.54566382495797,67.8110265309225,43.25979806403443
2025-01-06,60.48174951657129,75.43182083674782,49.28516467839439,32.49539936212066,87.41208186086347,63.7346029530245,113.20640703437499,52.759721918034884,87.90379563749222,67.85432124526595,43.87766807129075
2025-01-07,60.469840693116545,75.46555238215466,49.383903346601926,32.20944248304377,87.45275862403585,62.74613555151978,113.02839110658057,52.46424990924398,87.47296108518823,68.02908469401108,43.96813292183572
2025-01-08,59.7805965211335,75.50796838575823,49.43082011150393,32.11144740766649,87.53651058186405,62.69573194713893,113.11601543675188,52.43882095570348,87.26667622541524,67.94608381228137,43.86391807144733
2025-01-10,61.69037710575039,74.75399935173311,51.32509844809896,29.51396632685423,88.52080107715501,62.4113164893383,112.81652440812798,53.802380543254976,87.37097412965706,69.72266717596982,43.3475445284366
2025-01-13,60.23754587098621,75.73478928373133,51.569926384834865,31.217310332820787,87.06010383967104,63.991005207253274,112.84482429381383,52.00478290824585,87.43801617765327,70.93648409255873,40.24416932871028
2025-01-14,59.68626369429785,75.89060423321304,51.26846889201104,31.8316919057664,87.33802190851343,59.47362706891778,113.23668268449697,52.36812369522132,87.37913340878683,71.27225168602618,40.61109473600099
2025-01-15,60.23210634747236,76.43688105384085,48.915208864106965,32.87883842117445,88.02577580866831,59.44110895732114,113.01127885812923,52.996306113653006,87.77591785544756,70.53907229229576,41.42389922017613
2025-01-16,58.85178265599259,75.0911997434329,49.2154705533808,33.46199942860576,89.41243988687421,59.13888778037776,113.36069074721483,51.97458837741364,88.49615466429968,71.02153815078752,42.910357564063375
2025-01-17,58.9205198066729,75.16000682815202,49.07123995193774,33.610064440914165,89.53760813197283,57.23886793654374,113.59677583710021,51.99610385455244,88.57167676690776,71.07972779050851,43.0249419552975
2025-01-21,59.20380250106788,74.5961318438291,48.77850977724485,32.63820756262929,89.81567374323502,58.59528030274812,113.97434822785848,52.22615083087793,89.56532660313523,71.76802145795986,44.313831668367996
2025-01-22,57.081680083800336,74.97854892096454,49.949777382273,33.959403588214535,89.87023425026686,58.70460973318143,112.22088234603329,49.56461545907506,89.40296824397211,72.65241100480814,45.785072788418624
2025-01-23,57.30557560155784,75.10639213338703,50.384750575301126,33.52561577791377,89.78312446577098,59.31110817773365,112.38798819101885,49.67660637616643,89.48777672806966,72.87091750661082,45.4435056741647
2025-01-24,56.54024531507986,75.03329476636085,50.381048372082496,33.2910483462225,89.81641344443207,59.2995774581366,112.41175094275873,49.426950416773,89.58970688787697,72.84073982857235,44.972952982390694
2025-01-27,55.98160982048031,74.84883999142193,46.83578506231415,34.13613307937334,88.88112779484824,57.06433652824399,111.20377321649154,42.93374706652981,90.07372989884107,73.33042186474509,38.2710829934842
2025-01-28,56.03543861186172,75.06497065791997,45.177762267996584,33.379445810312916,89.01211993141143,56.67859840031187,108.52632485075267,43.100295386833686,90.20370792165609,73.42410894637453,37.771515374290416
2025-01-29,55.219974102593824,75.16404090111868,44.76097301306939,33.35166994108259,89.05110736181263,56.53693563517826,108.6734336992655,42.99490180083698,90.27961440809865,72.87947137546743,37.883159909284835
2025-01-30,54.45942386936759,75.54441972778444,45.8504703492318,33.39795425955131,89.18050028259152,57.73638891190896,108.73018856320168,42.36067548867396,90.64372592683344,72.99380665133913,39.41564820092134
2025-01-31,53.75537718234257,75.94112986807052,46.69290392655494,34.007248594458986,89.2139289207468,58.12083106542136,108.52724316683765,42.450047152587075,90.85877277709255,72.69065845252034,39.23142945637022
2025-02-03,53.279682640460535,75.45073156862264,47.14616845638787,33.50839609183103,89.09941062834264,58.23024768122279,107.7656457862477,42.41512136648209,90.73656038457251,72.86896736992585,39.289379227835965
2025-02-04,53.435896864104855,75.42085486114695,46.62550672694929,33.037653682218206,88.26239871601584,58.05428175886038,106.93998027312297,43.15315664744706,90.80913536102439,72.85549281786373,38.64538467755039
2025-02-05,52.05238194739506,74.32867395597879,46.949313925958094,32.94932069343579,88.07132298217628,58.083828864364555,106.64712811158486,42.833001744399745,90.5207240795995,72.88416309279688,38.9497625399907
2025-02-06,52.24172565077274,74.29204893956211,46.89263743110847,32.14361521816805,87.57484168642682,57.22021580147147,106.60072368320496,42.963129401626965,90.2442615427378,73.05198187447265,38.97391367095901
2025-02-07,52.174008063376796,74.27309093392121,46.912750897252224,32.385000544571454,87.49254677914125,57.49814333150866,105.77471221942308,43.07872385339291,90.45662274427714,73.16491880385868,39.197517932886385
2025-02-10,52.27718041967713,74.3240802603982,46.91307293966084,32.41597046863471,83.76044291769045,57.40036799993947,106.10328147233234,43.04490039555712,90.60365002057759,73.34597959479832,39.545899890589986
2025-02-11,52.42583765064813,72.97866434115363,45.939090277809846,32.38794716616964,83.7218259249069,57.075939744632365,106.02526746247207,43.23228259776709,90.51953309226441,73.39900620597537,39.643802608458785
2025-02-12,52.280040096234636,72.5011795843108,46.31844293568044,33.082627054928125,83.96447320825077,56.598538095544924,106.55211546939647,43.29611709452099,90.83821016193987,73.95503623764431,39.945293225765894
2025-02-13,53.62459644493915,73.99879567250143,47.53802227123491,31.5098596762259,84.10199974553345,56.671298830969334,104.70836227067258,44.047809083,92.32631665589896,74.76021595369178,39.84103454945455
2025-02-14,53.17612248696144,73.7592866668605,47.62057057024573,31.28375615190877,83.91089740075937,56.27424186422354,104.60206741244488,44.0216471713382,91.98648389834935,74.8050289705926,39.92932606469815
2025-02-18,52.47494200057855,73.36494183919848,47.930829079677856,31.559234079327105,84.06903941538852,55.768188212959224,104.73430761966374,44.10841526101599,91.44417225580705,74.75863233384138,40.12510438468439
2025-02-19,52.47589706834646,73.5873067704709,47.99838390018875,31.421907870728592,84.09230041500916,54.478199081035925,105.05644560651692,44.30892886181551,88.43848337447844,74.7686117204056,40.34252679248651
2025-02-20,52.92728080479903,73.7939955285152,47.96781602301374,30.01191680554259,82.82976181611434,53.380590508504405,104.95204429619051,44.676060757704576,88.52862763293408,73.87219700240676,40.17825658857117
2025-02-21,53.75564115905906,74.63083251376064,42.78549887611858,31.391893957641336,84.44965399393128,53.53827856775745,106.03463748054698,47.01891724566157,89.489540563231,73.89947292376674,39.52273887207633
2025-02-24,53.48597435259176,74.24469320481401,42.9970900459508,31.30632887685455,84.51386539092049,53.452214405769425,105.06396279494275,46.251768226190144,89.49408711557226,74.38762088887032,39.34286026627294
2025-02-25,52.31440715477057,74.16096056044942,43.07421474206888,30.62034703623183,84.34270602300448,53.603993114408155,104.51091042811252,46.39547653149365,88.65172835400816,74.44889919612172,38.070540069507175
2025-02-26,52.276914801582976,74.16281149190428,41.32494007284769,30.8506895812679,84.38767313577358,53.766666056387024,104.34612341364237,46.43860820117242,88.38959352263993,74.07467053802286,37.16522161016317
2025-02-27,53.05720042419158,74.98590934043908,41.39918523550939,30.714682801344207,82.44864744668226,54.684937716921546,104.14086229433862,46.63561333752754,89.4518375480932,71.79442196560287,36.88711977789821
2025-02-28,53.82137672923391,75.72744632127095,43.267766055707334,31.882309072503347,84.6628501535073,56.8106082971798,104.20198418907982,44.739914807625496,88.7553341286576,71.4243438109661,37.5753420481182
2025-03-03,55.193119913402754,77.23724529692933,43.01561290894718,33.50156103230864,83.20464111636298,55.76504196948048,104.10709261893308,47.87460320677956,89.6224745834396,69.56108600221062,36.838829900905424
2025-03-04,55.20521272340811,78.11633089566337,45.23684236306878,35.4229388049126,84.33385953202936,56.083060495872665,105.72096308167298,46.38125799312317,90.22072214314385,68.22452884386266,38.195020081302275
2025-03-05,56.7510922814631,79.483497952946,45.16247783877471,30.25507787010773,81.92955437550934,58.0116585817785,104.82794284696134,47.33924056686762,89.76419270530138,69.49417841077383,36.13988109119126
2025-03-06,57.63413313133831,80.4559285346652,43.059415598450755,29.695484069393835,82.87252885666639,58.350350616276415,103.28046808224562,48.18138007035898,88.6517132440879,70.68217104709805,37.58377007884603
2025-03-07,57.592506537016156,80.34028978478547,43.08278249870041,30.442887065395755,80.20087385304453,58.082540205392085,103.4427881121557,48.27996334531565,88.37020804627514,71.69586589727635,38.02000363431577
2025-03-10,61.08756729997857,82.60360684643689,42.99690074991724,25.590085025306212,82.20424297825755,60.235291961168215,102.69686243612126,51.08399799885507,90.04718185846049,72.78684798496647,34.035050249061456
2025-03-11,63.22322446190513,82.49267934473015,44.33528459854615,25.57919097561865,83.67375572578273,60.36223109831182,104.88517688537286,50.710759429212374,89.86803471860263,72.5740263829781,35.417775653576946
2025-03-12,63.140165123957374,82.0780096948888,43.24706390352897,25.68222786770601,83.47820250460903,60.50169857559705,105.10405962949767,50.54483701858997,89.80703906617654,72.24338815873868,35.41504120239553
2025-03-13,64.82526307813148,83.55626480204648,42.78249032023271,26.284692396397013,83.71170673718044,60.529028118103746,106.0910334428578,51.086643537006786,88.4544892302073,73.46273137232183,34.169998200095904
2025-03-14,65.9644643531168,84.73546354651148,41.926243868547544,28.574753640412837,85.46054200311656,61.3192735826297,106.35424128970149,53.21209149508039,88.68734077964652,76.21990611678605,36.278750717430015
2025-03-17,66.43919714749637,83.15318102876769,42.522574744920455,30.75067905626382,86.44593386796322,61.73962372823035,107.44695544947965,53.35554087415028,89.63982248390944,75.9122842061045,34.74286011783159
2025-03-18,67.06845953457209,83.86251701161186,43.138543251606876,29.51461069380049,85.6128167970708,61.20092879389653,107.66380020896807,53.599120337130785,88.8033874838974,76.57642294322174,35.55857160445046
2025-03-19,67.46103696589344,84.00565986611115,43.31189717728956,29.89158978955541,85.74150665555575,60.9552086125025,107.72011357271737,53.82993970488884,88.16650724363006,76.54238154910027,35.56607701111455
2025-03-20,67.58295097294256,84.0272423766316,43.32743039127352,29.566582658126595,85.49574602552484,60.96235953297601,107.72295537104678,53.84850952996925,88.21450971064748,76.66179441669314,35.29584090704865
2025-03-21,66.55864768558209,83.8005814080418,42.98312187194682,29.73545857858432,85.66160436950369,61.10246870140055,107.94597132687075,53.84663429220341,88.22526185553008,76.66623334286453,35.56380137041985
2025-03-24,67.00941124418937,84.78353767858864,43.285803065065544,30.200218406220213,86.6631852840719,61.56820930455323,108.48288550541169,54.12629366200593,89.03624337669423,77.87880644063108,34.61359463311134
2025-03-25,65.79541330174996,84.28460114507487,43.92933989459383,29.700219583691613,85.93801140236836,61.159581786317275,108.06896013589677,53.986092921061946,88.87950960364805,78.2023069635215,34.7510533898151
2025-03-26,66.18363971466053,84.36727304794233,41.60368075504982,29.767678340323386,85.97644572218348,60.90996564006018,107.97366257342476,54.6729129103972,88.65288788054913,77.74157703763358,34.47701256573035
2025-03-27,66.1124681940197,84.20974024498211,40.66308046172385,29.922937523533836,86.01772134774146,60.87512330238464,107.86627141051606,54.757853114854385,88.46364143915392,77.55158570823669,34.44468726053591
2025-03-28,66.8447786234941,84.57419002844897,41.13265577450532,29.316137219559348,86.61538300552134,60.16675946392513,107.82800459037546,55.32207469164375,89.07546456654178,76.40589978627804,32.562953419222126
2025-03-31,67.05000057859554,84.01233552720579,43.05242319684734,30.004237003732534,86.87340814775843,61.728102609314774,107.25848448994367,54.292041349831614,89.91744929902126,76.90943052930723,33.57292045502714
2025-04-01,67.19850388814056,83.83482819577307,43.04565728180256,30.047589896993355,87.07853255865439,57.15529830249685,107.27631819197492,54.51567504277358,89.82692186879466,77.21107640587812,33.67463105373052
2025-04-02,66.88407065177172,83.8856538770331,41.957515485040965,30.04193120085848,87.11731803212983,57.91825603895671,107.34422288151725,54.75867588720761,90.00773102421202,77.25485766410308,33.70087410999221
2025-04-03,72.68146291795422,86.13082889637121,33.43402238134682,45.45050901806546,91.68909095470306,54.61980220645559,108.63782421164301,63.06310633759723,94.20471477112778,79.40220419381882,29.325590800237148
2025-04-04,83.4922862313241,79.96746133546723,39.738929708741054,71.19564146830187,102.70354650257994,66.42837486104924,112.77150243645428,69.6487493468786,101.40697612552266,75.30712201877513,40.861346783358655
2025-04-07,83.99713289404892,78.9947266850365,40.07474177730362,71.50951231474723,103.05942811168887,66.49832161234366,113.05612654543869,70.15666638550702,99.66685910740523,74.5094703653666,41.231672885195536
2025-04-08,84.43704994984036,80.48936469801166,41.73773520632179,72.67687113731075,100.26764341848936,67.48558863494296,111.76250585824371,70.37102421750383,100.57093605052496,76.49367834107345,40.7995333369451
2025-04-09,89.42383995688294,86.0931997586509,51.95098521476021,72.74620399240861,99.78601534035207,72.88710025790392,109.75295418483687,78.85734592906475,102.46887403438895,81.63221770478077,48.80264009032006
2025-04-10,89.62682114702423,86.20297168453419,52.37134072080808,73.44188867628998,98.87532806596683,75.99940781901111,107.4724330358339,77.82454001742258,102.6628669595832,83.95613940294696,50.602963731288526
2025-04-11,88.29188096997073,84.37375350202025,53.973128735943455,73.25668615389814,98.79756313450982,77.16390852472935,107.42255976202063,77.64616950539694,102.65252731474392,84.74316830156148,52.06533069097832
2025-04-14,88.28360579720425,84.12567502673032,54.447146314439536,73.11844803549343,98.75390242668668,77.39534504891516,107.39330196429636,77.91447178276604,102.76009269495101,84.81602062075379,52.530726470974585
2025-04-15,88.15512585838607,84.14655846175742,54.12899836189561,73.13406496537944,98.69682910782123,77.4137788945969,107.43706360328301,77.83572184366959,102.72829415284188,84.80752890124951,52.54156581517159
2025-04-16,88.26221060667291,84.63165836192934,54.95354888154575,71.38457797654308,98.96515438699217,77.9846067236057,107.56219272957198,78.23724754268314,102.43345864847538,83.74015819874954,53.310601267919395
2025-04-17,88.37473762517828,84.89618833811832,53.83542824034771,71.77198449940747,98.70353087981285,76.73360242203835,107.72677244220358,77.56726475562051,102.74694781271748,83.71464138431905,53.59611183232564
2025-04-21,88.53567025008547,85.3568659083476,54.38336465574937,71.60114500165197,98.66796373112281,77.6646238941714,107.39411535965901,77.73157358416917,101.75882544694964,84.36854156749047,55.098303312681935
2025-04-22,88.82012943344793,85.92988979085489,55.61237474638959,71.07367732254687,98.52199459774044,78.66804853032512,106.04728079089662,77.37592804035155,101.62842682445716,84.99462464424062,56.64386386412717
2025-04-23,88.86173338544657,85.90904316498785,54.50624421695215,71.06183248975245,98.79885783546615,78.94579535078205,106.20779966721817,77.30644660573569,101.5518491526428,84.41827091751409,56.77007729349248
2025-04-24,89.06390488620312,86.065258035219,52.227290571513116,71.57927736331746,98.88008003693254,79.32597664195987,106.1542061442232,77.45909755619978,101.61469031441325,84.31197851619189,56.78216138077796
2025-04-25,89.12710756014789,84.86290076188777,52.12195053930823,71.70541174260032,98.94288408538682,79.52348765915113,106.33244852375213,76.96449727042335,101.40822273505476,84.54581838199063,56.78507074080023
2025-04-28,89.17593760405978,84.79083867614503,51.861665862986904,71.798106863634,98.98730866244725,79.62227938664716,106.37309768077601,76.76958543067666,101.41235347887256,84.616549113038,56.8540379293912
2025-04-29,89.24505176130592,84.83957656938624,52.017826902080806,71.30389759501442,99.02040454963344,79.65923446845588,106.40261622273417,76.71849675066798,101.45385382136733,84.67827060740834,56.97929626203109
2025-04-30,89.48145442486145,84.65967552795294,52.0157986236627,69.7034527445599,99.28373617291476,79.41990437163929,106.43367297157882,76.92278382875143,101.61118867035928,84.8591125885638,56.78195315209272
2025-05-01,89.76553121791864,84.97081536231234,52.12220970601073,69.99198195954041,99.78081279322943,74.39098749969668,106.61070921853904,76.98205265160333,102.05818005327082,84.9327823994019,56.969224831130546
2025-05-02,89.8342071890575,85.03321886080842,51.92495450297047,69.89150408732704,99.80021277732406,74.59700875854367,106.60629255012327,77.0931633920822,102.07270329198717,85.03955927529373,56.814578567078165
2025-05-05,89.55418728108218,85.12888163521362,52.01176564162738,69.81700174516476,99.83921851763728,74.70927971724646,106.41107845356844,77.1449464699041,102.12851694345775,85.05101134201465,56.93246274283109
2025-05-06,89.64315488344232,85.52095980817653,52.130955640303604,69.96872401085217,100.21512706890931,71.7776259740071,106.8011883084425,77.4959111545935,102.50649821078623,85.43962865923386,55.18607391169137
2025-05-07,89.71301609284487,85.52602552038671,52.19564086798091,69.97149692093852,100.31676675837123,71.55146008884414,106.86206828759835,77.29973371025723,102.17959791395332,85.37457696052985,55.24349057914229
2025-05-08,89.75517767318455,85.66095266826595,52.33912475949613,69.91174849361778,100.45160004400722,70.72464300227287,106.64334998930788,77.46040377065364,101.99714753073395,85.178617046429,54.940234946643464
2025-05-09,89.8446641946687,85.45776544013134,52.383016560936674,69.57741632139734,100.59016930312794,70.51699582979295,106.7376697077782,77.54990316008812,101.99182190589288,84.74462927917327,55.09924143284924
2025-05-12,90.21317596779713,85.09041630979713,51.766888407168146,70.26897532613044,100.75882906963065,71.43765441000271,106.7360968330651,78.09718760254194,102.4160758324648,83.51889910328579,52.452087471712304
2025-05-13,90.38591516649753,84.73520743872706,51.81602914233404,69.64182080925471,101.03686917215686,67.0582000349458,106.94571895983303,77.53856392571753,102.82917360268783,83.70044296870475,52.77142722534919
2025-05-14,89.46997540522196,84.54662675148843,52.259729913373576,69.94019477381198,101.33368523887408,66.48246543537496,107.20316921280121,76.73653847836658,103.22777756167343,84.18727080081818,53.36002045572792
2025-05-15,89.39554445089585,83.66438792829081,52.539042068952014,69.56387558818304,100.93308847647788,66.95547519030005,107.28640290892614,76.50680052920235,103.20973696745372,84.40486437779577,53.67406907835045
2025-05-16,89.45512111057666,83.82140011040899,52.975664915698246,69.25147350741094,100.73159777485986,67.26028662670554,107.40846091438637,76.12743371853891,103.26490723109653,84.53929566705779,54.36404341634311
2025-05-19,89.49068247346067,83.75249784029943,53.094098192728154,68.75233399981808,100.8067491146573,67.24325202743627,107.51175437083069,76.10002081734974,103.355086507283,84.61529609736618,54.58383236726992
2025-05-20,89.49599800959665,83.74287652151774,53.04276595545731,68.70856447966618,100.78409937986011,67.23689912797185,107.52332121473985,76.1150469675073,103.38115287984883,84.51918456783321,54.56385906840251
2025-05-21,88.71588185515515,84.05211676217073,53.475970045999695,68.82877818515189,100.9634811146898,67.98046432361188,107.46053341971162,76.1982829841719,102.87507338961817,84.71290352206299,55.310792191673215
2025-05-22,88.76476064741347,83.7366006039273,53.56814436216777,69.02246489335224,101.0441538135495,68.05506635335253,107.46801634446464,76.1844602395264,102.85656731429265,84.72989412706688,55.019298857201804
2025-05-23,88.7514088940457,83.69743569506026,53.52514108474191,69.03517584590459,101.03469122867642,68.09879646935957,107.49784988961468,76.0916418189711,102.93326817965826,84.78416374055742,54.352960470969236
2025-05-27,88.87581574599321,84.05259845084164,53.83893917577385,68.76897483918312,101.0045375495728,68.62205394885716,107.37084642360223,76.32276689258858,102.97158607099131,85.12299137136715,54.42360461410539
2025-05-28,88.70027353886246,84.16534224475045,54.01688895052236,68.81413763833636,101.036479209218,68.72386212899595,107.36486372154243,76.28438693373269,102.89117900299594,84.69133741886685,54.33154518150636
2025-05-29,87.92978775987577,84.24478456318909,54.10019847565997,68.84837007513948,101.1276933382846,68.74245253662498,107.36848419812061,76.34069149304868,102.9550342530449,84.51353841169573,54.36801848569398
2025-05-30,87.94391044562934,84.049920333234,53.974660559309775,68.66716223376034,101.18406670165173,68.81012095697602,107.38954156669942,76.32449748628956,103.00853065266217,84.51105314181349,54.28746504656658
2025-06-02,88.01813401350712,84.05793301818649,53.94531273257223,68.54491621017408,101.17571119205107,68.81864416833335,107.24146046871132,76.41969437520922,103.06172992267909,84.44711869268093,54.32157776974282
2025-06-03,87.8384453655808,84.16796031008748,53.8411476572635,68.54153380520077,101.23936009480295,68.91908353396184,107.35139530262241,76.34566038812292,102.89524032199486,84.0325767897555,54.37557663520851
2025-06-04,87.58080342724512,84.38852738306308,53.934650345726986,68.36798487387622,101.46827461232894,68.73721929436797,107.4750506369399,76.34213228715409,102.60099828141922,83.75570999022841,53.70646475736244
2025-06-05,87.32505194603003,83.80963236847396,53.795246918186514,68.51645557347365,101.58114998868948,68.7120735689995,107.51010544458696,76.3812293600586,102.73510537666374,83.47682441062105,53.895575708936
2025-06-06,87.19188528513085,83.77519299563745,53.82354973508006,68.54506727326944,101.61294536285331,68.70517557468447,107.57574218137296,76.43945898517842,102.5779009700604,83.36575973502624,53.71615374926962
2025-06-09,87.18693959826342,83.65780960399202,53.88917612422475,68.46487930186059,101.55909747233218,68.80042294581415,107.63718832823933,76.44399134248037,102.25906657121908,83.4384318601719,53.66842542952065
2025-06-10,87.42350583032434,83.93692044780747,53.94721483416298,68.60763334048568,101.2129076585577,69.1856903245356,106.39307674762779,76.50127300780873,102.3781645305993,83.75671548582568,53.72261149919588
2025-06-11,87.49838052154197,83.89166919349744,53.87602438796546,68.14618803288413,101.33971728754848,69.19413655975538,106.53003829337888,76.58676643674114,102.11185531795188,83.65516650581351,53.75325605929609
2025-06-12,86.85846290203148,83.6993684771689,53.89432593665574,68.26025484750821,101.41050984413616,69.1370028085121,106.41936114074181,76.59783113925717,102.22418128215068,83.72969336462164,53.45535373866683
2025-06-13,87.21976195243448,83.99136744569455,54.154135726185444,64.90107247854493,101.00683356790844,69.29673474309448,106.75937217827605,76.85871287277456,102.53666005553393,84.04089657659935,53.606518166298585
2025-06-16,86.80095173215308,84.08466859416625,54.39055792391201,64.31176086979528,100.96626557504283,68.98162974057256,106.85977513401542,76.92244798553128,102.68500072177618,84.22981807980364,53.363641698136284
2025-06-17,86.85215644884619,84.34346542384887,54.90870432857715,63.0569797096048,100.80854475506574,69.32037978408489,106.83360390444788,76.81101325290214,102.75852983967096,84.20841594414888,53.789946823663364
2025-06-18,86.81638633186954,84.30597824275034,54.908719582524,63.23465497575498,100.9505338689014,69.21035196373532,106.94860841255327,76.81407683211344,102.84091237030692,84.1342508882995,53.837138174728594
2025-06-20,86.5971699769867,84.40709267056512,54.58144933996316,63.094890666260355,101.05183023248676,69.04080185112632,107.06487906982564,76.82693784799052,102.60532287743308,84.22348827481682,53.91789636543803
2025-06-23,86.84424117914827,84.7135422592259,54.97306918331842,59.823246965197974,101.27018208441989,68.99501842837107,107.22673050004649,76.90974746227992,102.82406686796253,84.487804661151,54.240905946815786
2025-06-24,87.15440966103718,84.7516916574433,54.42879454978834,58.472416218326906,101.38594703788402,69.4725696513037,107.38032852960914,77.30382325469988,102.99524809122396,84.61494708315733,54.591951983248144
2025-06-25,86.95183156238458,85.08894243341138,54.799348764796996,58.860287730496616,101.09727099482633,69.1540342314974,107.59659519759298,76.24210408657999,103.20882019903388,83.64441299188911,54.95670435619438
2025-06-26,87.03272105671077,85.19549234410687,54.87673834313698,58.99803497383198,101.18923281542031,69.14789479338643,107.64711032741252,76.20754600350293,103.17644270152782,82.77285389884932,55.122336258596675
2025-06-27,86.9680359021206,84.94624508498391,54.98605383852175,58.82878779000756,101.29842085303333,68.89761337732733,107.60046548538186,76.06781649469475,103.19216691621193,82.89529471245982,55.207280193254796
2025-06-30,87.117502391897,84.30617058913316,55.08672591574567,58.66739567829971,101.39213228570509,69.02039754743653,107.74417537455331,76.1876808540961,102.92910016506312,82.97412075118416,55.3368382392503
2025-07-01,86.18053776368944,84.65983557314011,55.44250470235594,58.836000675204694,101.67806534578705,69.32037353249511,107.91390454314245,75.42268695177987,101.4471968656953,83.28229474143032,55.210502216135225
2025-07-02,85.88468783018838,84.97650251413634,55.5809178385918,59.064916358558804,101.98174330140898,68.25147470015341,108.18886831040295,75.80958528341142,100.6832022694788,83.55333938455541,54.189924195976126
2025-07-03,85.94905586891306,85.03938175809354,55.360584165553036,59.013799499543566,101.93796097280561,68.38679550715038,108.22208883081501,75.78830152801517,100.50939468075624,83.34099884112689,54.30705918473538
2025-07-07,86.10196157163733,85.20393512776451,55.192066029190165,59.136412379672294,101.95631557112887,68.69749922014988,108.00993058129212,75.83541612314073,100.5899204191658,83.54122650620252,53.917294578711264
2025-07-08,86.3662388360541,85.42846742648824,55.006539419906325,57.000944665223,101.77748661194671,68.41475013414886,108.34936242535255,76.03460668642086,100.45071976370093,83.78701421743816,53.60998136434773
2025-07-09,86.4666136353678,85.47318154044426,54.11335747832768,56.57173712538328,101.86395145498935,68.47835143116217,108.38704581625188,76.1076331041932,100.48653393269618,83.92294125541503,53.44979536231642
2025-07-10,85.51994488983563,85.60762912005012,54.34075735135387,56.634414844408475,101.99720656013515,68.58857837325274,108.52938665524545,75.74328658784346,100.60184965064508,84.06299655913787,53.63320830297705
2025-07-11,85.5320955552431,85.6003339437334,54.43387524076783,56.128318153065244,101.88059655504611,68.65927373187301,108.58631396024661,75.82201226643285,100.64564784920235,84.01642910328758,53.56016635564354
2025-07-14,85.3656518237082,85.69853044856721,54.50830460070636,55.81625222830879,101.81680663529244,68.75347302257018,108.63436763551111,75.80825520882918,100.34565381564326,83.96238335126178,53.60138730709781
2025-07-15,85.64738786007595,86.01754704339376,55.17477399015128,56.33493456396752,101.98048489214595,69.43808898818877,108.24759074543078,73.61845424848784,100.54885532827245,84.33998965584749,54.07270433941934
2025-07-16,85.70168544468036,86.05678248091877,55.23114364994403,56.008525003626005,102.05131920193013,69.0663824522493,108.31248623296503,73.71368863461417,100.59653593691677,84.083072093193,53.897161518415345
2025-07-17,85.87593096748614,86.2545022494945,55.103039553504104,56.21013303513625,102.29455847506868,66.87132901279297,108.54266600034332,73.96510256820306,100.85002259120282,84.03161137618018,54.11091920897112
2025-07-18,85.948679617462,85.9936365644013,55.13613202605538,56.36108096121223,102.47221145222815,66.80859483344362,108.67101677817004,74.08615189589995,100.96343879963337,84.15232668955527,52.67923535025318
2025-07-21,85.45607001993908,86.16630061101303,55.19888459361147,56.07423681340656,102.47476467926506,66.36059230345222,108.4605527136912,74.21105907214088,100.99269398871283,84.28912943357493,52.78792684004639
2025-07-22,85.40184810793045,86.67576975248042,55.91403164021126,55.66527242191567,102.23545061654548,67.29773950518215,107.92698934062322,72.65667489517432,101.26474868012932,84.68407630833943,53.59297951941374
2025-07-23,85.63303925159065,86.79759475084094,55.54075710673237,56.52310022710445,102.68806709827521,66.8543070357004,107.72998995524733,72.83218919069499,101.25530503801096,84.72964679539231,52.323522591057554
2025-07-24,85.6571662925288,86.52317692074301,55.721431419610255,56.12524542671008,102.71020096426317,67.10203273038817,107.79483192849449,72.8327686253823,101.04457929070567,84.60873359791029,52.42128043101699
2025-07-25,85.1569506464591,86.41215000959754,55.79287431232183,56.027593176223334,102.81387808838699,67.12882766728877,107.64515891761373,72.96449093739946,100.66072230099633,84.68503029461291,52.4651981451181
2025-07-28,85.46061197509576,85.89918287654139,56.14479652434593,54.720884596350494,102.99939417365287,67.40533649397132,107.7098143846426,72.55139436846389,100.56199759532754,84.49164916041369,52.736481562712754
2025-07-29,84.99267838881832,85.89436060013604,56.01194906241936,54.63264108636779,103.11493925143117,67.5486871689107,106.72342919164807,72.9025511425491,100.8027054089476,82.96110766600256,52.302959710363496
2025-07-30,84.14111328212041,86.23496584131561,56.25367701926697,54.82386460333871,103.36941400254489,67.56587467964266,107.09836775725614,72.56381010957863,100.09468766918607,82.61633479643939,51.47900837268044
2025-07-31,82.50535499937797,86.79210120651489,56.895430809762026,55.032528900267586,103.6463475635927,66.26099965991908,106.8009951429493,73.01305569005213,100.49281502773756,82.8761865097903,49.67866470316154
2025-08-01,83.07535019379064,87.1005839107599,55.66008070330656,56.32157853243722,103.87839628569358,63.91296217071659,107.1127574845074,73.79497840827753,100.7745731543756,82.98299378069454,49.81043823861161
2025-08-04,83.73914003347868,87.33626743103169,55.867593811557015,54.61424191317276,103.73080100694699,64.8431447063913,106.72168867414115,74.36352528296719,101.08209707867925,83.23154432399603,51.11744389492366
2025-08-05,83.51690376846203,87.35526549123831,55.94986021319281,54.664967309779584,103.88617582387424,64.85946962775154,106.87515958780558,74.43282690721284,100.67118419267635,82.98413651486702,50.57209649209254
2025-08-06,83.89585382971444,85.99087267124918,53.714577237742525,54.77687022861532,104.33215676667663,63.98201519916424,107.4103875341159,74.53217600868433,100.55817375889963,83.02777044365304,50.25001891957441
2025-08-07,83.87491661677889,86.04364294320628,53.50855925842428,54.7668058823536,103.40377801606549,63.643055108070484,107.60650666962681,74.62808980763882,100.60447677168014,83.17381102901192,50.19233748876747
2025-08-08,84.07176679629481,86.0967632657721,53.5775102525964,54.93014373503012,103.42334535115134,63.72257452019715,107.74576893973402,74.79669759284785,100.82180012689338,81.66842422087505,49.62625900541853
2025-08-11,83.68814683912309,86.11667167107554,53.58811170282922,54.89237660468147,103.38274028404655,63.57840300188231,107.80550871224727,74.83009091799977,100.91759895855364,81.65638591563324,49.65638853498393
2025-08-12,83.82646516522371,86.16584183051556,53.65943577948622,54.66384969472724,103.48495156083317,63.83262086947042,107.83142412533687,75.0622203480647,101.09524875878769,81.34252310774153,49.92470763464803
2025-08-13,84.01302067330624,86.39474916646,53.2079040223256,54.89361422966279,103.52486250520438,64.05899669548599,107.58319142269877,74.75824314249891,100.9140790444122,81.54583295939896,49.842438825042436
2025-08-14,84.0936594043242,86.49447223496735,53.10259307123927,54.87895966853187,103.00522692423596,63.736958810295256,107.42266040580678,74.82922768369085,100.90963513805868,81.70253771317374,49.94948040636896
2025-08-15,84.28120161574105,86.62702408442718,53.11958786844519,55.03600679323224,102.32781428824121,62.29725600929805,107.40054697357603,74.83009884099705,101.15814173069995,81.48913426439611,49.919776576822
2025-08-18,84.09999171170736,86.40969560163603,53.161512678202456,55.015635937972114,102.37947065908754,62.3053387405006,107.24926408512506,74.86995147294355,101.22011589370393,81.30212929062971,49.97774542688727
2025-08-19,83.26726010328139,86.4407243021605,53.40892119278272,55.01263775781144,102.6067715559807,62.59592562890806,107.50495689275947,72.97072409203653,101.4768256211925,80.74865830522513,50.211823502061506
2025-08-20,83.17593384381328,85.82329160407203,53.392263728351686,54.989062932879754,102.720582496984,62.6449051205237,107.57334343377529,72.56315127925254,101.61410278316822,80.85533063168096,50.291118681378315
2025-08-21,83.12464708661709,85.95468640316072,53.55863612784569,54.39998658655788,102.77294083319578,62.79480945378663,107.67511028806528,72.69746546632119,101.1311151438149,80.93919660997955,50.46673462794882
2025-08-22,83.33154062838875,86.09143576234823,52.79508701824075,54.930165822151984,102.82270042771839,62.88761706917808,107.68667141706345,72.55441853121341,101.24689374544383,81.39666366163208,50.49157640607768
2025-08-25,82.93974061083074,86.09283244119955,52.875234017178414,54.095928616133634,102.92912774280795,63.55138831641231,107.78842513911408,72.5699129722163,101.05339382037494,81.28709990000749,50.986276311529146
2025-08-26,82.74581465926279,86.19938448381373,52.57445243531879,54.03168891244685,102.95415165500707,63.3688679889162,107.26576879306123,72.6655663586778,101.13430072703099,81.38650199234245,51.02994675205633
2025-08-27,82.65618237173905,86.13133730800492,52.58435533190044,53.957799394028015,102.98679125447455,63.34657339344871,107.1941918919682,72.69931035703165,101.17256126674127,81.37694947680068,51.053484349559
2025-08-28,82.49884777211014,86.16343590026662,52.60320010668723,53.62904191307974,103.0159593069609,63.40630402076161,107.22313726256095,72.54137381074698,101.20620835925222,81.4472989571588,50.79294007013933
2025-08-29,82.67757763777541,86.11461268365309,52.155071375988115,53.55395685864451,103.15975359874786,63.03760409947801,106.72059751472503,72.31584180060163,101.36664672002497,81.33484507527726,50.71236834803814
2025-09-02,82.4786621382283,86.20906879504763,52.093542847007186,53.375362377223304,103.29340558364282,62.779822563964764,106.82077682320183,72.55207765365792,101.49237238297201,80.87191478277364,50.77071504738462
2025-09-03,80.687275704228,86.34714584815747,52.177511438496694,52.360630035957875,103.47814813491463,62.90966375646625,107.04118299444852,72.45850349435881,101.61829228764486,81.11043305124673,50.88770795154737
2025-09-04,80.91773632240366,86.39222570565495,52.168091095170055,52.437544961126385,103.61828942342588,62.97026763435229,107.13149597421037,72.42487931646178,101.45028161442741,81.49055303382967,50.528186695286706
2025-09-05,80.96511614081352,86.77225518873584,52.329794519264425,52.048946172680274,101.38609439135725,63.046893887541955,107.496144041083,72.72691566833782,101.07894391474218,80.95087101699748,50.666793515067624
2025-09-08,81.02683060328384,86.72831111336819,52.238446148038406,52.142801641356684,101.40241441961221,63.06038567333727,107.54526923902124,72.71132733076072,101.10996052863355,80.85848395110143,50.28644926621456
2025-09-09,81.15228401036829,86.93861430508349,52.41354849210248,52.22187754343152,101.60475262451969,63.003743436163774,107.19071531583322,72.91490158888813,98.92307640838183,81.09564710328426,50.241442211774526
2025-09-10,80.63495011588137,86.25061800499174,51.63487331645297,52.007129506672655,101.97510740611843,62.57808400887391,107.39713351374918,72.51508244330843,99.35828417479327,81.33162574058517,48.77650675893792
2025-09-11,80.8552375473418,86.51250818609752,51.98014781196964,51.314432098890755,102.03690749439608,63.201530596656525,107.19670004020509,72.14739428594716,99.37104442248977,81.60852432322756,48.12336352479462
2025-09-12,80.52221384479735,86.45654861884258,52.07823839712467,51.33349231266309,102.29933302250045,62.377921680160426,107.13358718398477,72.32914922735252,99.21689549406261,81.6565771315619,47.46519941482507
2025-09-15,79.45800140933238,86.3313761032364,51.48641636689668,51.435115574026014,102.4514762756639,62.20804091845807,107.13338532956598,72.36539282251371,99.0799861094456,81.8568944869627,47.43387561820853
2025-09-16,79.71308084385818,85.99042377286791,50.685006152011894,49.74245528791103,102.78625867522395,62.30849284637105,107.41218248097249,72.58389165619596,99.3793559255191,82.06155189607294,46.274809475208734
2025-09-17,79.84456767148,85.98149483599471,50.66883500745544,49.841814522688985,102.28058293444732,62.368864476102274,107.120118817425,72.31340843746231,99.49941292714738,81.9942303521143,46.30320690765
2025-09-18,79.96160918239428,85.78551680489663,50.25000117914517,49.76595407826637,102.46800537941925,62.40023519004644,106.41419714826931,71.7314910128803,99.67907424485107,82.11929784250339,46.35428735835807
2025-09-19,79.941244707378,85.72813955801236,50.17525735063852,49.398543790634896,102.60847648755899,62.50974375158514,106.51768992012582,71.2938207824803,99.80646108862275,82.10712178174435,45.94983457622689
2025-09-22,79.69167997229728,85.692753328572,49.03844236109033,49.45006344564747,102.80003499623696,62.63906257540303,106.68236955880586,70.91342773531922,99.99458231925846,82.16695774807899,45.36005245040223
2025-09-23,79.78005471436258,85.25325759449002,49.0193846917513,48.74884104677028,102.3951390371275,62.74082545709238,106.82797458271072,70.84855939703846,99.9310581350293,81.91564107159559,45.419203683114944
2025-09-24,79.92539160809076,84.5190704339069,49.070184514928634,47.67389931191231,102.6670982223351,62.963357992949184,107.02421040869214,71.09453587403871,99.50908695310889,81.64167618220023,44.969455034633874
2025-09-25,80.14245345378622,84.88859958232618,49.84059864000717,45.74191557355225,101.8419980617144,63.436657629998805,107.14161455911761,71.10282202438088,99.70568888552806,81.47679927285917,45.43342785134762
2025-09-26,80.22225560297015,85.06165882105168,49.63203040046679,45.74686621514736,101.55444128614653,63.83300401879884,107.08109990381392,70.67044737922805,99.83154694507365,81.5767691456731,45.56711710132368
2025-09-29,80.26061540476842,85.1489653510912,49.80495970976064,44.218531271581675,101.57436213481179,63.846765602590985,107.20940044539623,70.75809769016587,99.8838298268473,81.6482661904852,45.722284239132705
2025-09-30,80.03172319009384,84.77748964512477,50.1627144550934,43.59425953565392,101.06076481860757,62.17675106431632,107.42736391685055,71.04741444414576,100.17216195795834,81.9495232134642,45.94014922015915
2025-10-01,77.61773905332164,85.52146562398669,50.135808330752816,43.88885951042401,100.34040547336625,59.23867926023698,107.79065506586119,71.5544076864288,98.85722271626133,82.65670130229653,46.3956086489806
2025-10-02,77.64075717053093,85.3285228741673,50.32307846668763,43.5607005892989,100.60765575503471,58.96750199261818,108.05350357043304,71.86152619786829,97.32109284635199,82.60713275869178,46.61700471503292
2025-10-03,77.55547692330867,84.69484690295229,50.365417324425344,43.563465303962836,100.6868796610773,58.9585235863562,108.12558121288438,71.71323488218059,97.33863293463219,82.7265085194636,46.412421790337625
2025-10-06,77.65366871523587,84.54062172166077,50.211302223882264,43.61457311964605,100.81285248547651,58.95024616611083,108.16739056790331,71.69018552638724,97.44146162561435,82.02407895304682,45.74522493258756
2025-10-07,77.74645790394604,83.58953158091444,48.92747664812639,43.55385293819974,100.8049029840266,59.031889190207636,108.26158217788047,71.89847258151411,97.59687665034328,81.96087620128908,45.639183257276564
2025-10-08,77.68457318259674,83.68645407930089,48.99707254734814,43.43206018461577,100.7060401955268,59.10178839154881,107.92814814523416,71.12768868212612,97.6345467185625,81.77644322569597,45.696116914451196
2025-10-09,77.88460797411372,83.69947086147513,48.36202295445022,43.81927428723971,100.75431493042902,59.238950033979236,107.6079716548233,70.80890137706602,97.55767349132901,81.87869469603821,45.872433122281635
2025-10-10,78.30219755058273,84.0166033924003,45.542790669764486,45.94297725323323,101.15236245332997,59.718429057511074,107.76072535040969,72.09123030534964,97.77474916084645,81.72713843839635,45.64541927743281
2025-10-13,78.43311957614965,84.85681491059121,44.42418813068612,45.99026097316059,100.98197663609082,59.467298244497705,107.5215407790752,72.71017759915115,98.15268871717893,82.19070206036764,46.34086459536957
2025-10-14,78.62981179486783,84.46086176925348,44.806348391494424,46.24138461607293,101.37577421671904,59.05582494924824,107.89403921141627,71.27937465759153,98.41200373344222,82.24611574919557,46.71719813071271
2025-10-15,78.82372908459057,84.44566231711907,44.530318785736014,46.351957407256506,101.61179707801841,59.133430253951786,107.60009962073968,71.39908742480699,97.86175436605527,81.67740552737696,46.635727619722616
2025-10-16,79.27868332122421,84.70740146048549,44.87708957397034,46.78645832034142,99.49210924327645,59.053912356672484,108.00517992656941,70.36955697145216,98.11186862117898,81.37478012132026,47.321045183414164
2025-10-17,79.62869349454249,85.04335011937856,45.45888056393484,46.89000135241492,99.52260495705958,59.413500769631085,107.61068676149912,70.07633558894034,97.44212864183757,81.79240440076059,46.88635016509581
2025-10-20,80.14164981292376,85.01430636335712,44.21590111463794,47.72356758244851,99.896920076836,59.83264715915052,107.85963114254174,70.0953286927256,97.81657481115289,82.18386776957489,45.85045891884958
2025-10-21,80.18592627442807,84.23354144721593,44.35979204011272,47.699659093515145,99.9843398723317,60.04339755488319,106.97357352308445,70.17355740255432,97.97324390689612,82.42859229993833,45.61325758948373
2025-10-22,79.94542089082725,84.36910268112537,44.213712840199804,46.678232006059396,100.06145941272165,59.69239517918748,106.3115406515423,70.25420517843693,98.13950934273245,82.36453923281704,45.68794920047652
2025-10-23,79.31155295359125,84.50553317547451,43.82846118357949,47.11344742975841,100.04192370391274,59.661629776123476,106.26478416284291,70.55585525917446,97.97209123857104,82.36678833747769,45.581828129977524
2025-10-24,79.47864690343476,84.55643538656415,43.45639045387227,46.78507579864039,99.8372547058666,59.80791783710737,106.48669674328514,69.810915707727,98.05886980895404,82.4763185609586,44.87275985318759
2025-10-27,79.46196511025023,84.7640650715602,43.78595103401141,46.76036489396221,100.02100511048701,59.77996583163049,106.36760230057315,69.92252509180955,97.34762733433625,82.56867481574497,44.540522564130825
2025-10-28,79.9263079082982,84.59699274247382,44.63850428641953,46.99140624672115,100.05566389163134,60.08604952274911,106.59392464898207,68.41593931124575,96.14289402965503,81.74269413978746,45.21512945476274
2025-10-29,80.17221794312508,85.19425666486468,45.46429498073151,45.65833006223595,100.46177564280578,60.340530925316614,105.11996476455411,67.0165756913582,96.70104818432031,81.46697072216193,44.34254417430416
2025-10-30,80.674419268017,85.66440690910049,45.43739073721562,46.195460841011936,99.60332309100167,59.836213614011115,104.57481158430326,67.7220817203884,97.3425287852288,79.9753790630221,45.055364903814365
2025-10-31,80.70676027571751,82.32270932757226,45.61146724751798,46.309383011700454,99.85371149990716,60.005498188732616,105.00300330377749,67.89830482352369,97.29248307055357,80.20951985312705,44.73714063520315
2025-11-03,79.74879276647225,81.53111357029779,45.10010886362642,46.39930130239234,100.09603078024284,59.80415528356728,105.26963283797933,68.02913612072928,97.50276044328754,80.38864659090653,44.49390608990261
2025-11-04,79.82428810114597,81.50047228338725,44.982819059892435,46.573116236192135,99.07615446328182,59.38229922617719,105.11940137162571,67.41823355646783,97.61064633032856,80.14398963842878,44.57787877995416
2025-11-05,79.85075385558163,81.53128137545326,45.02916012315519,46.42786135635961,99.10364420941801,59.42435448457595,105.06791461217881,67.32373085293555,97.62905983669575,80.17078575504158,44.46359504630169
2025-11-06,80.07368958153388,81.18030868117754,45.234725610096014,45.220149419823514,99.09902103377266,59.01278495836762,104.97583727268915,67.25168224454947,97.65803013023773,80.3600746058981,44.66666435786556
2025-11-07,79.46920493620301,81.20103492734913,45.07655842274245,45.57542825494876,99.05371643947144,58.42353913988768,104.86438256584205,66.8897874155716,97.68077078237418,80.4335273181578,44.89519068449499
2025-11-10,79.6210009520743,81.33344616485073,44.455003611193376,45.71545334499457,98.91480949851145,58.598416339341405,104.80393630078626,66.939186311933,97.79394306325607,80.02030986837038,44.328670319323805
2025-11-11,80.11492019364076,81.15361945865801,45.68354401799778,46.555633515598245,98.75505461596188,59.127063498838396,103.78428523324071,65.53274331305379,98.25801813453471,80.6653737435852,43.673329336462785
2025-11-12,79.94823398505946,80.97547638689198,45.90746886285079,45.44013732188438,98.11724572588473,58.55262411017508,104.02961122339794,65.69721900567487,98.31989042754019,80.35861775193163,43.844980329536405
2025-11-13,80.37063806113963,81.24208895061594,44.37768732291552,44.505498451327284,98.13232797131352,58.833333352151925,104.1801194843013,66.52503319179074,97.84284836761674,80.80424126914677,44.656479807630205
2025-11-14,80.58851417820777,81.52551296221094,44.38620425004848,43.698988387788795,97.47369156391291,59.11152354616853,104.31034029425658,66.3071383958218,97.60288582386406,80.23811522379101,44.848341631808054
2025-11-17,79.28601831336282,81.8021288744992,44.97952757787053,44.470603600368314,97.63718084847079,58.115378430126334,104.84207731556914,67.02416948079807,98.32528442357149,80.99006616766594,42.5277602768094
2025-11-18,78.95316914932155,80.59993616814057,45.30681620050721,44.27160159469749,97.87608223710423,58.2428353485219,104.94852423977927,66.20735230761572,98.53651760331034,81.25858103086743,42.43908319598815
2025-11-19,79.44712905345416,80.34960721422895,45.94439392955594,44.33746519571979,97.01337413948545,58.71801879243719,104.70176330621742,65.68098484304824,98.08338021210288,81.69504276722444,42.953522557723375
2025-11-20,79.69351227213052,80.49348381466734,43.63907034177123,45.31395473919554,96.99434408790863,58.89469685695053,104.792618771842,66.6133179442324,98.35742002161426,81.37812429124875,43.220025458213044
2025-11-21,80.79689555636801,81.51104132825354,44.875508516749186,44.64813743269032,97.13713654029928,60.91736312459298,104.69509370882612,64.89843199965708,98.99427038679913,81.91973177777491,42.03652693077555
2025-11-24,81.04966176248627,81.5544401888049,42.55589477912163,44.393263766969696,97.38993786462865,60.58238769833619,104.62110970228524,65.51542554789847,99.01541215683093,82.28657056158748,42.05280060008816
2025-11-25,81.57013170199278,82.44413557262922,43.94496556303615,42.25802433199254,97.92539911128061,61.98784694699471,105.01111156236713,65.02133068069048,99.54539812624127,82.5951534573711,40.69746224281212
2025-11-26,80.82532970246378,82.25496364777972,44.930250278427046,42.79668550573751,98.72878753226203,59.3760000189303,105.71788465746735,65.21943182892304,100.32397121082184,82.82137394866385,42.166889891465345
2025-11-28,81.0046568719068,82.1814441276357,44.99943915182486,43.41615048843225,99.0247577398271,58.445089021562964,105.86202675702269,65.193079870785,100.42030203882035,82.9152368010776,42.22355410458699
2025-12-01,81.51406273315368,81.85776951487209,44.44432424656864,40.58655829366737,99.41708579338491,59.23922044967131,106.10957386259568,64.94846647908777,100.04140479053747,83.67564581703823,42.52156579352572
2025-12-02,81.45760706134544,82.09986881812145,44.70190875183024,40.23517473490165,99.65849155488118,59.28340639818618,104.97909371551326,64.37619926159044,100.1486412632451,83.43154606152426,42.3065141642758
2025-12-03,81.09801929071519,82.32332600349999,44.653150796011595,40.25559493444125,99.39415754819906,59.55566945175824,104.90018227552476,64.10263947597728,100.3322263358834,83.27140586540831,41.720481335224925
2025-12-04,80.63427366061858,82.40736623897581,44.819653836524495,40.19340338741926,99.40309964380947,59.720045350912656,104.33838684953925,64.09804206447728,100.37566382817315,83.37287961855465,41.862220064270176
2025-12-05,79.04294091112428,82.37156424016486,44.798598829774456,40.35424220668256,99.59184796198522,59.81285805508791,104.49359578526943,63.93673846315191,100.57625503036203,83.5168230438444,41.75612815313832
2025-12-08,79.56204643386133,82.85348778265711,45.27165449170856,40.80898034564667,99.1518078960671,60.36221387943675,104.13334108591187,62.640364679021495,100.90790483012375,83.23277818766952,42.42237722950486
2025-12-09,79.46160117958706,82.9382655703665,44.95968479472134,40.63001702280438,99.2833700526621,60.19998910643344,103.88900905008937,62.589467700093074,100.92766881257373,83.2997425351574,42.4415337315219
2025-12-10,79.1546786027806,83.4386089031376,45.024318439570195,41.355251390496605,99.66885346668802,61.0813321747849,104.03915071765763,61.9619749847799,101.08574312782241,82.69754238190275,41.793524277385245
2025-12-11,78.43910005976976,83.7243456361107,45.42519532837971,40.36106872850369,99.58616345740087,61.43302787642651,104.32883335053678,61.232530294050605,100.27948914371154,82.78043437923836,42.074737274884065
2025-12-12,78.61427430632273,83.23633182851864,44.616249982408,40.77083998182925,99.38421308133492,61.31457114926527,104.54707824100554,60.35147083602179,100.27760974887835,82.88315056976111,42.250828051119534
2025-12-15,78.58692353335546,83.29730688372698,44.86836366317897,40.35370153474055,99.40614346885376,60.93584398976651,104.59670312530453,59.629798349624885,100.09687275945902,83.03480758121647,42.22915643389739
2025-12-16,78.09380345648641,82.69451224247138,45.169626872153984,39.99572338506879,99.56222437477858,61.29452307990961,104.6500023385318,59.01423113425204,99.76892258674745,83.4170933973809,42.46992889641776
2025-12-17,77.97173760221858,82.64728515999965,45.45140556265952,38.17561352931078,99.7484733562992,61.63717799307031,102.98329787064388,58.62183928591343,99.4811317849288,83.38090326931741,42.57039856891137
2025-12-18,77.97391942245925,82.2411803519158,45.63055520291024,37.567476300895265,99.71993140365757,61.65100960609926,103.01144986106573,58.362775471564966,99.63040283378945,83.40310451322583,41.7316217107253
2025-12-19,78.01241778147836,82.13214623281277,45.32161001291376,37.53905240297477,99.84803669855492,61.72779613153331,102.52883474453779,57.72818371353348,99.8310664027611,83.24270099951136,40.51076076138633
2025-12-22,78.11854762902087,82.17049064482225,44.131105506669854,37.78341073547658,100.04841245961896,61.812361007584116,102.72379086139709,57.617906399275164,99.91205997610669,83.49246982038778,40.63585632166248
2025-12-23,77.92958000689472,82.08611729537448,44.015032424264646,37.700975880264885,100.10076196212009,61.847451771468634,102.69302545284886,57.569193308575805,99.8854526003724,83.51535960501474,40.543741444817755
2025-12-24,77.99196747979394,82.06839333880741,44.06923413534196,37.483983819079,100.15632973673732,61.902121011066846,102.60124194386633,57.551069561013634,99.73654657689103,83.5566940723465,40.69263373016819
2025-12-26,78.00912156020892,81.91454908856251,44.11151579883616,37.4794978303038,100.16852588868592,61.93416957250587,102.59172386831649,57.58191267527927,99.51561548638142,83.53845698131143,40.72280915556534
2025-12-29,78.07282999525324,81.74445352357397,44.11524785064255,37.0342638444467,100.05807238379904,62.010063200475216,102.66337107763522,57.66567874067248,99.22568993001738,83.20964043426086,40.71692350170673
2025-12-30,77.88718704479068,81.75815233130633,44.126622874761864,36.69771371064318,100.11275080766247,62.05870410506133,102.61833467086338,57.61877817292573,99.30707581052216,83.15557948241369,40.688749807660315
2025-12-31,78.06144133500389,81.87144374284674,44.36846359258082,36.587986875272726,100.30067725068359,62.32003214768767,102.88289436539615,57.89188425643331,99.43350411175737,83.48621804470396,41.13548603142132
2026-01-02,76.39590606655423,80.54450388832119,44.512748035662206,37.152112642313654,100.44100646035224,62.70236601874156,102.2190233014909,58.10109723321864,99.27392287049285,83.56951815839511,41.65941676021464
2026-01-05,76.51693745032102,80.29331295216646,44.082915974437526,36.848796357900966,99.15759021802944,62.573053009844415,101.80549988852137,58.01916976177266,99.21297624404536,83.69768635323442,39.13439847418242
2026-01-06,75.89142736955856,81.06360460298258,43.976855977117154,33.24814899212287,99.62902033145843,60.687455101514,101.77161667410664,58.14842385328749,97.5235981790386,84.07323438145951,39.0018797874001
2026-01-07,75.19961408277511,80.27240190970129,44.92382723766282,35.07767986807074,100.02956225893422,57.718867459796215,101.97905765436062,56.97866786211555,98.12677368150328,84.63863174722485,39.67434318215394
2026-01-08,75.86975037702038,81.49647408715846,46.73512413214888,37.15811894719068,100.62858562431057,50.504950162155126,102.28362549413941,53.175335982742574,99.61242568806578,86.02377326577626,40.34248727337743
2026-01-09,75.8787508942973,81.78382265449287,47.00246071129251,37.78218130344562,98.4808427535248,50.399355763272766,102.51692998725541,53.44552035236759,99.53730469180493,85.23754498458005,40.73169359950731
2026-01-12,75.52659989662982,82.09128996454172,46.784288714456494,37.603848605012864,96.93378243826133,50.56548279591251,102.24521417900897,53.56765501901892,99.74399988478983,85.45014992692143,40.9002992376902
2026-01-13,75.44281718308369,82.38344361908864,46.886982162555505,37.71493880043615,91.97092861478767,50.52583852380478,102.4220674308153,53.731464071638534,100.17615103685108,85.6661338002238,41.20801255578134
2026-01-14,75.54232213093528,80.43633746621128,46.952696679344456,37.61763946245196,92.41202647148518,50.5552691282821,102.50348377199231,52.971987874838796,99.96036544848688,85.53224029003744,41.35269765216933
2026-01-15,75.36064135826527,80.44280986778493,47.154914202684,37.31184185447941,92.33525671997526,50.266097805642325,102.26293214667808,53.05738604174556,100.03857332974121,85.28246882278917,41.300666600156916
2026-01-16,74.76392317833039,80.75065381956529,47.26147085355609,37.384197033440074,92.54113622580748,50.279843166849034,101.23116222794437,53.2179766083156,100.34014996227728,83.13284456116203,41.37854672800652
2026-01-20,75.86289466872795,82.37732294613322,44.656853087705414,36.463237421984935,93.8719250629725,47.946147327987106,102.13810800213618,55.34099006199511,99.47255258678103,84.5597371357344,42.67911414004365
2026-01-21,76.32767567519885,83.38750439425782,43.880996345703224,37.23012161440897,93.14659192054427,48.57375884057228,102.62565777348199,55.907800571641545,99.67896879786241,84.47264160569694,41.52127288549406
2026-01-22,74.78288116371377,83.13488256003907,44.06457831111541,37.22683750729049,93.30959764203928,48.91211636044378,101.94041096387785,56.07128192970671,99.82748359831825,83.78046141670919,41.51521602092289
2026-01-23,74.89658050349793,83.48034477513312,43.24918827125872,37.18108821174236,91.62263319061985,48.86114135424545,101.14391628257488,56.36909574781272,99.61954463078838,83.64021709171807,41.57103059498734
2026-01-26,74.87815503530794,82.90010869849635,42.97000293459122,37.27912332254583,91.33333915104134,48.98826266613281,101.09626875498122,56.483446508116465,99.69625196662051,83.64284722367732,41.42364634297206
2026-01-27,74.21097963534073,83.24636573855693,42.6191684992891,37.30281805049631,90.94265228058207,46.755218793456386,101.37261792449166,55.84378294938335,99.94950293691086,83.87752719190813,40.41156743705143
2026-01-28,74.3361999511333,83.42118749347551,42.74387488073396,36.61020876578825,90.61467058996287,46.72239811921904,101.50960038147991,55.41985800507858,99.59931461253704,83.78137512282859,40.51503796190549
2026-01-29,70.67694384534829,82.87873128989504,42.85680630069181,37.04315284329108,91.04612463808319,46.6012354652367,102.03005466077775,53.485365713020045,99.89333812710862,83.3225821346081,40.576661704766494
2026-01-30,70.1878007972527,83.05513786398663,40.368967475804276,36.121984512586224,91.19625166714982,46.354141116181964,102.34910785693862,53.86747432324187,98.16609679572994,83.48586508584152,40.69721361846858
2026-02-02,70.57650811257965,83.52062894038465,39.10914346776941,35.284324568965694,89.49000324791255,46.47852185515331,101.5948280537019,53.91380086873563,98.4331036744263,81.73095927663914,38.13920757338137
2026-02-03,68.8670127864947,83.08998358877935,39.790236608144056,35.85483447806389,88.36418643452548,45.451765171989855,101.13135496158516,52.55053844441567,97.0447027103473,80.97827923020972,38.710108829712844
2026-02-04,68.62189001195533,82.93777162246792,39.8769349992731,34.92717126630125,88.6816977530159,44.88016837755494,101.32481696339192,51.432759347534095,95.30928877568053,80.34610040397418,37.30813471849234
2026-02-05,68.30837533499151,84.02524109995986,39.134750634587505,34.864245103031735,89.95476846082613,46.26614820628047,100.9268888283303,51.885629556182124,95.51627734663384,80.75599973358794,37.043313343809416
2026-02-06,64.59253184613402,82.68799020803726,39.34385570431941,34.96636201314911,91.86893817108337,49.05259726563986,102.14089306996685,53.816256451279365,97.40807929014176,82.56366357238038,36.73197963281947
2026-02-09,64.42933426119743,82.33328064465967,38.980778971737884,35.468026864037746,90.83002477687346,48.269102963821,102.17439787214835,54.27504503889313,97.1372002883377,82.31874981883519,36.897316308200345
2026-02-10,64.74007028314861,82.63734791872798,38.39881408452551,35.300046714783306,89.50684766886833,47.115371445951524,102.50569433261231,54.20768437976115,96.18230915322037,82.01625362569148,36.38795069218692
2026-02-11,63.19140790619513,82.40865897552672,39.08910768012976,36.090654683565475,85.10978971008835,47.44175923689255,103.3608373833303,54.51251951914054,96.11515589825137,80.37533231991029,37.01410539371762
2026-02-12,64.28061311935875,81.69775847820385,37.99955275459271,36.82500635555723,85.56648696819708,47.327079747389476,103.5469948130335,56.21410320761814,96.59453471937145,79.73130158984607,33.576849803752715
2026-02-13,64.88331792539535,82.28449255606226,36.97484959791328,36.09972024300169,85.72820854034528,48.05304417049567,103.99492450013932,56.673339325653046,96.97129109238978,80.23552265748769,34.074475577898774
2026-02-17,65.10612007288559,82.55769884285971,36.3829064911394,36.30007190789116,84.28711682780137,48.25634306700734,103.42114376376101,56.90068058648457,96.90553120469805,78.56251088448941,34.36032635500534
2026-02-18,65.06342672786135,82.63172313298072,36.86849301600625,35.87482719217322,84.46248541575649,48.295892270775916,103.40056324255656,56.98837643524581,96.52062144456853,76.75656794725317,33.568729202934136
2026-02-19,64.902452640492,82.5608911148312,36.77586351442958,35.715538361011234,84.17540690406133,48.301788687323565,102.99547818501344,57.07231440136527,96.42574226135129,76.93592773322825,33.04294183775085
2026-02-20,63.70519375543503,82.35766893192994,36.902313207220786,35.30232143175997,84.04737478524538,47.60207843793366,103.11224221469475,57.12362654126529,96.532611014445,77.00581195434943,33.07023792410368
2026-02-23,64.26791659472134,82.55221837475389,36.997873751978766,34.87110025222855,79.79856033461529,45.6110847177126,102.63318603343743,58.34492220360424,95.92609114613018,76.97005753677351,32.77547437291848
2026-02-24,64.55040224580365,82.84326770433657,36.998925220073225,34.586630060333846,80.20126224935977,43.578535354728444,102.96260305326982,58.70114157623601,96.08327988527165,76.39377175268767,32.964512844213786
2026-02-25,64.78953373914872,82.9196138916626,37.11426579796047,34.66277864625414,78.0042864706747,43.610665393167864,102.00198494497812,58.93904728510621,95.6676099744225,75.76957639963003,32.68818667367444
2026-02-26,64.70460421392922,82.90603545207053,37.50885957607352,34.78893016880064,76.4626855923699,43.705475195346615,102.14443225495286,57.567266345732584,95.71531754882879,75.98014712607639,32.513169988256706
2026-02-27,64.16401263917321,83.02175479759106,38.93601594913646,35.40844146575541,70.31926112324295,43.77161875265451,102.23049444548249,57.22868573998395,96.04329241985114,76.12201732400108,33.42037099893381
2026-03-02,64.45327436474834,83.5466631559056,38.80091415007026,31.474900534200124,70.01383102008104,45.58278281875853,100.47844245818433,56.51238433473875,96.52222505965996,75.7663713515386,34.000163214011835
2026-03-03,63.505722734474936,82.99383718238457,39.952626446912866,32.59709806131345,69.54591461631739,46.46285669682999,102.12946318922425,57.09689704272223,98.03525142452112,76.04659365069615,34.48118988735807
2026-03-04,63.51505764910146,82.80439396989455,39.48436680099925,32.30101686892646,69.60510418324019,46.47926610907745,102.0826939041057,57.39366825108897,98.12610972551127,76.0641218921446,34.349015217348395
2026-03-05,63.83649170283941,81.81230314708505,40.892376986202834,30.324614231260977,69.63357813981675,47.78977321084895,101.94709888968154,57.04886066044653,98.59826508793924,76.16557119203912,34.32599037217587
2026-03-06,64.81684602111866,82.88801423229994,38.9703186117087,29.304456143745508,70.44560432664795,47.90952437263531,101.7074653544077,58.65255002509455,98.40772468021366,76.40844373729907,34.42945081423222
2026-03-09,64.75747510646327,82.8051182502395,39.07502960598181,29.308579709365073,70.02667522404647,47.1678852985614,101.82924647954269,58.0776892951746,98.52213334881169,76.33927151958922,34.435256956775135
2026-03-10,64.7120742291567,82.59471594057723,39.05648436870963,29.537190481250164,69.99392446288792,47.529379938407665,101.96318256694609,58.415000705375476,98.40847324152654,76.14241654487724,34.63155748160825
2026-03-11,64.76733294941172,82.61594183569683,38.986705968094725,27.555328144868493,69.89557400260395,47.36519116124002,101.92276024969956,58.23990993045396,98.0908303245304,76.06995542845003,35.03243811590241
2026-03-12,66.16184251104605,83.61971233914583,39.08210172318183,26.161613797687387,71.17650395836363,48.87356983072567,101.29579133122375,58.687306490863016,96.27731293873835,76.05991785949819,33.02029249201701
2026-03-13,66.20410034845706,83.95642407777602,38.57681725345389,26.145132149297414,71.09471589771454,49.17942837008101,101.37543446736844,58.96516010064012,95.74614391540736,75.94065720411164,32.820535133533404
2026-03-16,66.67931936285548,84.36751220750165,38.582922508075775,26.188486173114555,71.24183714223552,49.614301733210795,101.37478446749591,59.37078226394578,95.50740351438945,76.06832327850151,33.051669229788814
2026-03-17,66.50094157516723,84.13960342972119,38.59303608260431,26.255848059363437,71.28050238723681,48.64686452574695,101.47971192741475,59.29243096601693,95.60292667945993,75.95081218799018,33.045365182659815
2026-03-18,67.8194683462505,86.09009238789318,40.76270414840756,25.357446127479918,71.78360795659393,50.09407570509242,99.85470616313218,58.6892476415689,96.80145659010826,77.64910076951058,33.728708196649166
2026-03-19,67.98076202020152,86.0779837316393,41.58070741644271,24.704380280607904,71.85720986286168,50.339824394430515,99.95469254712191,57.66413365253373,96.63728884561411,77.74122456596545,33.964839924538346
2026-03-20,68.17260449350765,86.83481314681498,41.25969758309107,23.626524862238835,68.33864527618847,49.83749227583231,101.01561498979822,59.66490316190703,96.89246766357363,80.04101952767547,37.26622029031364
2026-03-23,68.20047602023926,87.7987360838667,40.72134248938504,23.573839825513897,68.38173687309883,49.225495672505,100.84262503854345,60.838832687176094,97.38358109145057,81.11020885930506,37.14942020957808
2026-03-24,65.69586154311456,87.79899218440025,40.77475860395878,24.027522283703753,68.59476258474771,49.428406484954365,101.09696066685942,60.88816067075683,96.24023033861894,79.58085183437244,37.25436451803998
2026-03-25,65.63605705596034,88.00600861396,40.884491756230354,22.85694156002056,68.08132453262459,49.787729469983375,101.38978695868094,61.01052171163602,95.68056204496365,78.65186901418775,37.207355683620804
2026-03-26,65.77373421128902,88.28235534182035,41.03335289147053,20.884569827279616,67.31718785429561,49.83946691871621,100.65078362985439,61.420706473575144,96.32524428317163,77.77417444139418,36.97396317927993
2026-03-27,66.90746194858717,88.08160594345537,39.45814940701758,19.680082923527493,67.9294304421638,50.18942805833758,100.56243311071592,61.43877593336557,94.7747100506263,77.46192364031648,36.51176418334743
2026-03-30,65.87771492016142,88.20120768750209,39.635254344184986,20.108373922447655,66.34736268900907,50.141928021062625,97.89601156590808,60.859399881559966,95.10282079750789,77.75232323673941,36.82129665788621
2026-03-31,68.4930702273094,88.62810113727576,38.57603315292542,17.726710547813543,68.14126600920636,52.33629000337251,98.6586282098699,64.17281235035236,94.89308371901141,78.96009908559026,34.44069200498805
2026-04-01,69.40551071745905,89.40678207193544,37.80477951680309,14.077425405816795,68.38306268154206,53.504643919191295,97.66628714977367,65.03396448263732,94.07116054825455,79.54613225563779,34.23283874641673
2026-04-02,69.58910449639934,87.49078298515442,37.84035522391027,14.0347830890813,68.72541280136248,51.5791710063489,97.74172307344526,65.03246823323525,94.3587595830826,78.76140500580128,34.69501727155938
2026-04-06,69.19847354566292,88.01466503212166,37.57092127561073,14.171317038151772,68.65752609760696,51.3976379027223,97.9703398654272,64.8014709961266,94.08828338992336,78.51317020266082,34.04993770234091
2026-04-07,69.18325252368686,87.3433124701436,35.95507709979149,13.794600056565313,68.66792064050776,50.900945787594345,98.12949248986719,64.91465289145037,94.2683371209635,78.32163563565581,33.90014240848937
2026-04-08,69.68115250398863,88.38584507529238,36.48877153762138,6.449801047419361,70.34259944020523,54.97858722872748,99.23120155037232,65.38786955053249,94.80858211396726,79.41728144102187,35.2010526580593
2026-04-09,70.0471913358494,87.89266533102555,36.66534483592061,6.191806215266905,70.59384979855572,54.2955698404034,99.33857040550899,65.15689062943811,93.927242437158,79.80522615179879,35.440264189575764
2026-04-10,70.09534924806331,88.22981712422673,36.92772224916142,6.1984274705615965,70.6980206572402,53.92810469647249,99.67255817216977,65.10347435684356,92.45038946785859,79.27396364121651,35.64958985735615
2026-04-13,70.3797488452145,88.61507756934479,35.59507645234613,6.3519631484753125,71.42233645908387,53.976577458731484,99.59250436722951,66.34930481069873,92.16450261040117,79.30717894532097,33.686664242547494
2026-04-14,71.58715135234328,89.29964823821884,35.21631136106918,5.627626247802767,71.19504584817301,54.920141357024484,99.26550466676625,66.89811658162782,90.89905761749431,79.86630147668814,33.646459104255584
2026-04-15,71.84682045298821,88.62449890523523,35.36661834145747,5.936721119705186,71.17404586904622,54.542980049489,97.6174732231324,67.1245970508019,90.34964387073711,79.96382581899535,33.64927039643063
2026-04-16,71.88613963266891,86.48282371041833,36.12083663231115,6.274981080515213,70.90570239197814,53.868452686798285,96.93282078613063,66.77177198698237,91.46957693852676,80.5374147471234,34.61321628492142
2026-04-17,71.0894240714763,87.17565631286985,36.035052090742106,5.284039508000019,71.07533435302926,54.60531382701934,97.01437920725698,67.29772957231663,90.55721176850152,81.0979056186174,33.061694729106904
2026-04-20,71.18811818709938,86.92543035525823,36.090189378111184,5.327004649277085,70.97412409753784,54.005854438034376,97.08849048411074,67.096703348241,90.5411463270739,80.72934471789979,32.56424264065727
2026-04-21,72.24824096944953,86.65140819613995,36.43607683108766,4.772804447942868,70.85343170714,54.845737294998735,97.72784507688274,65.34527464320242,90.28125888027267,81.6781552802596,34.073498275394584
2026-04-22,72.43974126808294,86.88096283131868,36.52748883995675,4.609100913733869,70.82658080947236,55.080008506841864,97.74935397683146,64.20019412061795,90.37906896298462,81.36892850526101,33.969359373982094
2026-04-23,71.78037184160429,86.13845607128683,37.557015240441736,4.972510668171967,70.60697035125621,54.69615848240028,96.67249317594687,63.00877986060008,89.33273601629521,81.57886075234468,34.27189624871294
2026-04-24,71.77534859822256,84.28872646266947,38.5536226639168,4.937180430043798,70.85903794839375,54.80028639765039,97.3189215923317,58.62772320016125,89.30093581962674,82.56836155731578,34.385430590469724
2026-04-27,71.84973472220014,84.35071000253268,38.15553929497655,4.958274488380023,70.43455574308412,54.71851137925469,97.19767359269305,58.96119661104356,89.2278976905528,82.05417723219597,34.40131895782244
2026-04-28,71.81467324283335,84.5681869249592,38.04742421662099,4.908239989858484,70.12490971015725,54.75117313770634,96.70490451498343,59.16206670868488,88.74567292651207,81.41987516378136,34.467088079234124
2026-04-29,72.06642129123486,84.75820505271923,37.74978939147858,4.247872172088871,69.51264461879236,55.068108025090034,96.96297639766892,59.07450853375509,88.71108051149528,81.06913837756463,34.50207591596512
2026-04-30,72.78077806425078,85.39080715573115,40.24410854771555,4.176660249901316,68.20623258414705,58.48230657662745,99.19075713056411,56.72575113263857,88.02637152864689,83.59445168479758,38.02090980141006
2026-05-01,72.31505085567176,85.55409992631795,40.25934226354072,4.212440821481779,68.3241359689834,58.92574494850604,99.11832428570415,56.31143444438965,88.1135816636374,84.09654414971851,38.3493053740233
2026-05-04,72.65132721972147,85.74134268275229,40.637430862467966,3.9987141416261416,68.44917900159007,58.75773517874799,99.29982233892855,55.91796346152323,88.25946856052433,84.23595136432938,38.53109377549013
2026-05-05,71.2782429292682,86.00736640217436,40.61496597377133,3.887558437572694,68.27826930768153,59.01249395641268,99.6593285365565,55.869944993680456,87.921474575375,84.39760584498276,38.329566363959046
2026-05-06,72.03370370890426,87.10197161428175,40.43546246953279,3.821983301340758,67.64724893681895,58.835253162822546,99.44329958855445,58.152432077767536,87.548940498851,84.2414879583161,33.8911454689922
2026-05-07,71.92972629479867,87.21555027108882,40.1383281527659,4.228181153500404,67.70155815379728,58.65717328205219,100.33026561310398,58.71936669033716,88.14316227326793,84.98603591488478,33.93883365676403
2026-05-08,71.82091685436745,87.41743949798894,39.86499583885736,4.465927272153433,67.69545788981414,58.419191635757024,99.88937952020358,56.209536382766586,87.89480985180583,84.74237126190104,33.8019084592754
2026-05-11,69.78960360422738,87.22097072616843,38.377014559844156,4.72177830110255,68.11096611356668,58.78878093878305,100.0455053865771,55.40967334705467,87.62477090685404,84.88017979318425,34.15617029320282
2026-05-12,70.34758906070547,87.05518682830643,39.30505915737836,5.174933262008512,68.39757400374786,58.15914927570281,99.16012308495718,54.630798315299195,86.82889688671804,84.4237704148101,34.04556658729953
2026-05-13,69.19414795990934,87.09010833721423,38.73413937335083,5.018029425120801,68.61543367131253,57.47122462344129,99.44034942834381,54.267053133548046,87.23648122704384,84.76698244146701,34.24650074882115
2026-05-14,69.12461994990176,87.11833756319893,38.731374902117025,5.001811247334568,68.44055584520673,57.43833624252021,99.73027935563822,53.96900830253315,86.2995436852036,84.31542802373595,34.450361677229985
2026-05-15,69.69708333476557,88.52696775377723,37.809933617075146,3.7393012407438215,66.80317652702509,58.23096848752608,101.37439504848925,55.80891529383021,87.89958705311228,85.87715445371695,36.63126770283896
2026-05-18,69.91311750254283,89.17994915732056,38.11638509420863,4.18620274990405,66.36306466568413,58.56729813522861,100.41585300646835,55.56246044071952,87.76778934141842,85.52113403057284,36.48214954044405
2026-05-19,70.45005777905695,89.67702859366487,38.31194855705497,4.319122977760238,66.69090814246361,55.6194286653107,100.46465602475854,56.28028811244452,86.25836506983678,84.68910101855482,35.7408515619891
2026-05-20,69.31879812137944,90.34873575525822,36.82263526017292,4.588753709035389,66.89236124941088,55.38659998423314,100.38527853250878,57.01554057201206,85.87961820922827,85.04044036960317,35.977716269886585
2026-05-21,69.20791258262318,90.44935137788768,35.54866658833026,4.2636749199628685,66.97775567802105,56.052532143393,100.36698342931328,57.3249894502784,86.32143329182027,85.3226311579608,36.23435320054003
2026-05-22,67.62109359171289,90.32335810838424,35.834239805467874,4.161063142016501,67.12471395901612,56.136483139659546,100.75921815484628,57.29239073725894,86.47218706796238,85.19798784331499,36.5426329380485
2026-05-26,67.22103597355914,90.49164123557165,35.39279086669738,4.529550914966322,66.79145614288888,55.73230121481957,100.4566635677122,58.0914061620652,85.88878874156875,84.85852417665208,36.661607262777395
2026-05-27,67.59573337351466,89.69780645064205,34.72385646085037,4.575834538485977,65.05226615209133,55.6778766181051,100.94494073665996,57.85454610983637,86.34713658670627,84.45779394644416,36.46963055548315
2026-05-28,67.83150599974742,89.78845973268098,34.547058956212204,4.7443285760950875,65.05609719198318,54.07568071514308,100.76996621480141,58.08396207053366,86.44263461375961,84.21626645981263,35.58428760868433
2026-05-29,67.9499969497594,89.90829360395394,35.64257994919939,4.884138157860129,63.513793088524906,55.09154276141069,100.82141408198079,56.50788043903558,86.6946573881925,84.26299195834645,35.34176892580542
2026-06-01,67.96556774743114,90.2136946766453,37.184234896946634,4.680588135518021,63.9040605932548,56.228852463177745,100.58026173260241,51.512921493865925,86.24651246378167,85.40563111648959,36.641798296362666
2026-06-02,64.28751992430044,90.6093658874516,36.662140201323936,4.868761069198568,64.31622938919153,56.06330840837349,100.82873999169013,51.319082402772835,85.55079351381048,85.5077388255131,35.363724135759156
2026-06-03,63.954658956673555,90.63444823273063,36.69809854933705,4.894091970754317,63.57388012194742,55.30487496958439,100.71664026486805,51.342339869237485,85.53189576003372,85.53907717089383,35.10013117317106
2026-06-04,65.54998619754653,91.01304257190995,34.869975926802745,5.105276927289851,65.37497279481747,56.51125444582447,101.49072137787722,47.947899294710005,82.97827196701424,86.95069490729338,35.03978770871529
2026-06-05,65.6025852662058,89.9796415171559,34.592753110755254,4.23780915823175,63.957029833019824,56.75213607061491,100.9103661669718,48.224620954359594,82.00090936234365,86.46902839495883,34.5634854581636
2026-06-08,65.89900140172345,89.11900266395031,35.54256214033006,4.44768928633895,64.24129525711403,57.54604480258925,100.2409346177526,44.8183809714198,82.49247517466593,87.59507674958475,35.95931163754097
2026-06-09,65.81591661571757,89.4653842760233,37.080256372171,4.562054345850733,64.51572449315866,59.11697878832857,100.2206729441603,41.535605832122755,82.56875845991131,88.37222742208442,35.881010660966695
2026-06-10,65.25800147010293,90.55264606903113,34.43873677822469,4.977725149203298,63.34695605977009,58.976380152795706,98.57510548337625,43.932685462348715,82.30761580889887,86.72158622656988,35.41834045365508
2026-06-11,65.38997635619837,90.88912971555133,34.32005995552767,5.717202886507567,63.49558740686367,58.773220126062064,98.13349725646384,44.89197069328404,80.80308324696125,84.4661550650512,35.05950944822262
2026-06-12,63.82096131986285,89.78544727470107,34.871483752607354,5.029707471834283,63.94327805461721,57.86416144881531,97.37612728204275,44.35333245981593,80.82114418972515,85.854080562954,36.042916883457366
2026-06-15,63.560026733587186,90.41640260702073,35.14751553914555,5.903005538349036,64.50070345977443,56.360965293852466,97.60067200548858,45.553630333391034,80.85128895311524,84.60967657239543,36.1747419935583
2026-06-16,63.610587277841105,90.4632713562295,35.51570226406477,5.545985630166178,63.26410199452591,56.61186319450382,97.68055022003287,43.24199266142915,80.91204890497905,84.72085519109271,36.417837551808034
2026-06-17,65.67627757653287,91.3574344545596,39.32577268625138,5.212120756089506,63.44227436192612,58.83776318826297,93.72527941696201,40.55916798795061,81.44660175139167,87.38895584152814,37.35130406687882
2026-06-18,64.7652945981409,90.58864270329266,38.65102194589168,6.251056216331038,60.97433727519771,57.89476836554898,94.1841628476914,40.92911182843473,80.25541035254494,86.1567042206347,36.39064686686569
2026-06-22,61.31326644641123,89.44680580172277,38.34182004851354,6.061218414928666,61.27753103696018,57.584974836040004,94.07017170909074,41.052128367317174,80.50157937441591,85.85410333030133,36.72419826611376
2026-06-23,60.8690136042441,89.19057085149974,40.70087167880159,6.767655034392827,61.0775938282958,57.81362192727971,90.74361495820112,41.73190477943015,78.66647533093223,85.96336534692189,37.237340353852225
2026-06-24,59.74993636938462,89.2278725747484,41.11029083634006,6.717117070621799,61.04176881205027,58.2500823460902,90.48347541848139,41.33275255823334,78.54320366911634,85.57280299520684,37.539701744111284
2026-06-25,59.60176379675969,87.23261514599483,40.55145547159049,6.470670644907529,60.61489220436564,57.74732501207787,88.67344084947669,41.62094832877003,79.00538297208846,86.02377340697136,37.84091772497209
2026-06-26,60.19346881046289,87.62954822984332,41.03062677128154,6.5212659673553475,60.425120440831456,56.63311133150177,85.08232364790989,41.5426366532096,78.4743081093546,86.81586695878597,38.30673279047867
2026-06-29,60.02517274502417,86.70065367554379,41.18088354546702,6.337999184545671,60.67298450202441,56.18565632137445,85.82681208978626,42.239672405950344,74.42808467018058,86.38570057117293,38.350248696854166
2026-06-30,60.31882173369167,86.84350347012423,42.69462660634592,6.690718484495275,60.69679612618292,56.7518667869883,83.64190522702954,42.83891519082993,73.62615651468218,85.74871574311746,39.008634501168586
2026-07-01,58.891252324199314,87.07560043677123,43.210572192608566,6.920022169325679,60.281253261968985,56.83167523128302,82.06953806330598,40.56508630668725,73.78970118198242,85.41603360797167,37.4771804483901
2026-07-02,55.876973424436976,82.62485375419541,46.489036504762915,7.129725798557906,59.74582334171327,59.33436643820462,80.6068959011983,40.77018422973901,74.04198942218774,86.75472106575175,40.75972466630522
2026-07-06,55.61181805909439,82.58888093086495,47.091073436327044,6.811196412921988,58.46286790564247,58.77668121968144,80.15125580418835,41.14798110684091,73.41829213692264,86.47753877903273,40.981868851471326
2026-07-07,54.81486747283822,81.97453951042664,48.38181711664588,7.493528300902679,57.73463724875874,59.1892635419053,78.32246718019701,42.14257526101928,72.16392496433197,86.83754242244449,41.66089879036469
2026-07-08,56.28679587943433,83.36520772466584,48.26272333282622,7.167456566024017,59.85130416778091,60.72445980244244,78.96866801552984,39.53440096553392,74.26296586512814,88.11340316439498,41.90934566219775
2026-07-09,56.103576122695436,83.2063589731473,47.92179643688553,7.683940227005376,59.36548938598869,60.07010448354822,78.3226779509617,40.514194307274664,73.67882838657532,87.44130421157891,41.994993517770965
2026-07-10,56.315524318724066,82.88450281035482,48.33660009130119,7.535197011508681,59.134430644742025,57.91315672749924,78.44642638250653,40.3077579522895,74.04545841969627,87.74809766256067,42.57194098825659
2026-07-13,55.853137466233235,83.06702441856426,48.114805277185525,8.362633851480995,58.03289224369712,58.18264046965848,78.39208047135011,41.3509715579991,73.68207265203331,87.42690376180941,42.38829958426081
2026-07-14,55.80288234130852,82.94731661857611,48.58644824568102,8.054402530291618,57.6260565429239,57.76272680451521,78.44436445027495,41.26842231806355,73.19903918229384,87.3259863290955,42.278901441816366
2026-07-15,55.1469968018881,82.89874721969167,48.72017316700449,8.258752006117385,57.70053628268373,57.29784022082166,78.39735099843608,40.69429779126891,73.04507673532386,87.1256330835851,41.82977253135679
2026-07-16,53.28896306064846,82.31957202448183,50.859289285672155,8.376305599177709,57.46891149472989,58.61027109555888,77.66755177467084,41.211335237702315,72.90171607546581,87.72386827549447,41.637212149550834
2026-07-17,54.11655714256728,82.98632130431336,50.56191089562442,8.638835742724448,57.445237611143945,58.487055305648525,77.68967850703983,41.45437483548182,73.08826120413674,86.90792998468315,41.732526394874725
2026-07-20,53.72041584333997,82.9890855594631,50.71272374967057,8.58292339658395,57.4859504288692,58.66916793542121,77.73339568688358,41.298105260537845,73.28258270341611,87.04723260654566,41.89290986007965
2026-07-21,53.17405023824719,82.94394189778129,50.515907617791314,8.408195940720084,57.672569500931615,58.171115942546706,77.82663158973784,40.81794071573091,73.43093408420741,87.20534984180674,41.89673833645146
2026-07-22,53.18141495737672,82.98004055157261,50.913790661704276,8.887413122298572,57.709033405400056,57.5986460082195,77.71020844395485,40.84310737021545,72.52955849074425,85.90733518678248,40.99007755833761
2026-07-23,53.133197064863,80.25929816547493,51.21857881909929,8.66597304340741,57.55101537262068,54.355090542854015,72.17848271776393,40.90251435831229,74.13820509204709,85.65586492288953,42.20665467342423
2026-07-24,53.89592316322054,80.96916478393986,52.357655528294735,8.56958017368792,58.15697083655525,53.93549114318873,72.1625465466791,39.72403212891368,75.28874038710295,87.07387511478701,41.617144468762035
2026-07-27,54.87978064220647,81.53473459704935,51.57142377735432,8.92124699983783,58.670997308443276,54.096777900689055,72.41334596886404,38.93910718559629,75.51571730210497,86.45701151685111,40.030206571461946
2026-07-28,56.32632142192237,81.57502218137326,52.99889102495429,8.850593145773827,59.8135842577004,55.658306537118264,69.68409551581318,37.39182322146619,76.06962573798165,86.02081613869213,38.52816025776073
2026-07-29,55.3042990735421,81.91547292745398,52.13146018967825,9.642082544401475,61.65299338482283,56.4640091837884,71.78256727615853,38.606281689598916,77.04397260983949,83.18975357357614,38.714186359873956
2026-07-30,52.38511809742123,80.1735652489776,55.02596108500605,9.45647888818221,59.88049242026394,57.87632272510039,71.23188470138125,38.996896861734996,76.4586074042214,84.08644590459105,38.79489475313494
2026-07-31,52.767827278070484,74.36666440831033,55.52950310207011,9.040206693366144,59.76008804921438,58.514704312753665,71.23477346663029,38.77426523870435,70.85808063538545,84.54002889948562,39.14814669810843
2026-08-03,53.818929645881525,74.94481031649839,54.88753090421255,9.787407791319989,59.96053800904435,57.187207935788145,72.86628868912013,38.868633501835774,72.41946249420374,84.54122786737064,39.34349528775934
2026-08-04,54.49711453853084,73.80318183481523,54.35356683396353,9.918597593602781,60.02717694284042,56.80580641787237,72.92966895310688,39.617247237896535,72.16184738097829,84.01967273219186,38.96068778776661
2026-08-05,53.762408120842295,73.68795281161222,54.72052442127905,9.824472587300736,60.50037425157181,55.256825801603,73.3079105075466,39.279855992806695,72.38585811686477,84.1791429286517,38.37678829566768
2026-08-06,53.391490565191546,73.7953121418833,54.77871664187376,9.807462113518513,60.578522612125745,54.81420407111155,73.47240630368326,39.147146740375895,72.36032479728226,84.26376899419769,38.63122867201848
2026-08-07,53.295746250277375,73.99689213614239,54.61777038215063,9.92564489265799,59.57580275565436,54.92107596229508,73.02884450127189,39.27858092800773,72.42092878984424,84.10641494900311,38.59999276722
2026-08-10,52.918015672504445,73.70827637897328,54.760890760732,9.119894906041205,59.89583281639652,52.8069085961899,73.10730736527385,39.47855042033214,71.5987022175758,81.92447127599863,37.38160449196691
2026-08-11,53.08716136667296,73.67329117792892,54.8044498868508,9.431298244436906,59.979243670088145,52.81896560620617,72.91359928623343,39.484302490202474,71.57071190151288,81.9260473551926,36.777636395706125
2026-08-12,52.7825336293747,73.63478319499171,54.559738945125424,9.484923622164764,60.0277124107113,52.920904646949566,73.09524288998554,38.53656796127388,70.45072404769968,81.31257805444834,36.90015611756172
2026-08-13,52.91396045895933,73.30601493544857,54.990221251202115,9.421689407896904,60.444448531737045,52.63138518380044,72.78553105225404,38.37297126841017,69.74509970995345,81.60117336529092,36.96127388065225
2026-08-14,52.12437406495696,73.52997257710419,54.587479802494705,9.607912197670307,60.40977524364051,52.32129529190338,72.66972147976014,38.433574898321105,69.65460121790855,81.13366574148253,36.76433498993726
2026-08-17,53.33768180473382,73.68575746835614,55.292623936081974,9.606718301790787,61.25586154781307,51.921465932403734,72.23518928573563,37.84441639241519,69.8634829558887,81.99082893505336,36.79240797265819
2026-08-18,53.39822765846385,73.54020570706668,55.08171235948632,9.933322736819,60.76420130093331,50.78242277691926,72.32124945461429,38.93277407958066,69.71713057821643,81.26175043233138,36.56364919979824
2026-08-19,53.99440124224054,73.67230266330729,56.52709889239972,9.777734076826794,58.35737853301918,50.613837853277985,69.36090849238477,39.13645460584857,70.07204328232523,81.94311765453949,35.49155110539073
2026-08-20,53.80217950488817,74.71885250248002,57.05672560292772,9.707489328458358,58.920178784261225,51.432583817494205,69.85183574082839,38.645934049520356,70.23145366423633,78.3298857159103,35.97649175943892
2026-08-21,54.06787498674978,75.09656279094484,57.06466759042879,9.92855186596885,59.32113690920832,51.67279875870585,69.60064119662569,38.56208402299476,68.88037534271336,78.06462392641876,32.06446727104505
2026-08-24,54.557039674486234,74.8192475116901,57.65546020338694,9.72494562860235,59.34097001662181,50.73672560748921,68.92278495721793,38.438669112159964,68.23410422240508,78.59013251422667,32.61157586854811
2026-08-25,54.32852119133347,74.5482778025023,56.91367856727204,9.763171188081241,59.63341806205108,50.65502441336482,68.13621729322848,38.39283528497039,68.29121413174266,78.66912251469819,32.80113964336201
2026-08-26,54.550001535134015,74.6061607508219,57.053140404539455,9.6658392076383,59.69634496908628,50.6622109102565,67.11382096656442,38.427321001423614,68.16821846096023,78.66166541236123,32.24743572390716
2026-08-27,54.89895174108711,73.96716126974066,59.06960077584426,9.527105271381682,60.148975322364784,51.98316347639261,66.62652098418437,36.69684332750715,68.48994259644543,79.69640867645558,33.0632474153514
2026-08-28,54.176667952718674,73.11020854418517,58.955281886263165,9.57537557736771,59.93682421582229,51.849077110793445,66.67693552345986,36.5139802604069,68.50099099930353,79.26933932829661,32.97220466389954
2026-08-31,54.89973724412449,72.91621209315896,59.12436784939129,9.720210174379444,60.43237771941603,52.07546033488709,67.74668106327248,35.98772443752729,69.34249134472158,79.35236187649951,33.448511685297376
