,Communication Services,Consumer Discretionary,Consumer Staples,Energy,Financials,Health Care,Industrials,Information Technology,Materials,Real Estate,Utilities
2018-10-01,108.1593032759851,101.8099890325766,48.68999572574268,93.64079013082907,96.71969590861642,80.60729885617125,100.42964614878625,101.82083944738248,89.23982040848438,61.79209050683813,53.10649136799359
2018-10-02,108.88043163790614,101.02596867301693,48.3032699340375,94.06504127536688,97.24750098209218,79.91524081797427,100.96570062770621,102.31716684156507,89.19814873423259,60.46493529072954,52.502642970982095
2018-10-03,104.26310214990113,106.02491195939993,51.305912425370195,93.8982195650122,97.99580750014717,78.1596001081716,99.53330661563129,97.52010226931064,88.40384124380219,60.11432050378078,55.078964179131525
2018-10-04,101.79087473401354,105.45178378683718,53.02343744287505,89.32829089692416,99.88468287210347,78.77089929432384,99.37326329331361,94.28575590693312,85.24772987063844,63.60738562698631,59.1467546583074
2018-10-05,100.48697593107514,103.087705541726,52.20013536995245,89.897044994931,100.70845989020462,76.1683289188443,100.12285204147126,92.12442817328676,86.85437652916822,63.26557016708283,58.914628138247906
2018-10-08,102.20959860719182,105.12148478117274,51.19121461411469,88.7114093916241,100.50339621169118,77.76806120243883,99.79103298678544,94.164518737825,85.22102778693049,62.053710026033755,58.80279355891919
2018-10-09,101.55816542143107,104.38287357741136,51.12639718592846,89.21769094551975,101.11515493876325,77.00775689830323,100.18195941078436,93.38596238198745,83.87812314409618,62.19966538474418,59.19958822965484
2018-10-10,98.5576019043156,106.47465142080458,46.78261380269138,98.36800441349517,100.02538170210471,84.53197416669,104.25137648621089,93.17708346479293,96.97801488663312,58.57636477149053,49.396278968283646
2018-10-11,98.2380366686118,108.05614854820382,46.92671324125971,100.6611177139131,100.7895819776867,86.49066501054851,104.93657373527353,94.64353811260952,98.4357428080665,58.177353443257694,47.14387215797147
2018-10-12,100.67980361826767,106.87655380916603,46.876896101976754,98.4013189868057,94.84743235444293,83.02345069224182,102.52493479062267,95.12990530787245,97.09168672457628,56.33793806538963,49.5532813324871
2018-10-15,102.2348182892933,107.24764212353607,47.90697499686952,95.8813956340417,91.12000620306893,81.3139303424176,101.03304729396083,95.0859178477568,94.72974799898964,54.04329954800943,54.228696354976755
2018-10-16,102.4880489632799,108.49904666076338,51.02438141998074,90.19470295723426,90.8167557720888,83.419369451995,101.28081746068636,96.02258763720104,93.05303882432904,57.5520824934308,54.538797174498995
2018-10-17,102.48741286634501,107.18395664802719,51.270808475573304,92.2510540716418,89.47524729340783,80.73980836596975,101.1167521528259,95.79167635476541,93.63463812319567,56.98234372088719,54.69680373593188
2018-10-18,101.89647065497425,108.24296473888147,51.00849494341957,92.58012478121887,91.88618849350762,82.86143430663644,102.58528190731468,95.92407646837154,94.73510592243814,55.60261310473989,51.21474515805344
2018-10-19,102.07088461306584,108.43424458100051,51.120235216068735,92.51727846828733,92.01491549580349,83.05984884768743,102.41967797940907,96.07532633059796,95.22573767356239,55.09168797901063,51.05798139130455
2018-10-22,102.04231205224939,108.23231100909304,51.24349957624346,92.81940032184018,90.84778541367496,82.75459699657743,102.60523582935078,96.28528364362059,94.9056533957424,55.37514511202944,50.63698149095453
2018-10-23,97.63108032036413,104.92688134233573,53.39114660303158,94.52177294990034,96.10495937402078,85.28409802972718,101.41468914070195,95.23405618014877,98.6258818785365,57.85030880518088,49.307249809470484
2018-10-24,98.71266375979704,106.95090609279292,52.87268395132636,97.23080656726192,93.55171108191159,88.76529524681737,102.34328577276096,97.64449388470211,102.11640970448902,54.72966027282444,47.62983839781715
2018-10-25,96.50083448075976,102.56999992920804,54.14557984741838,94.6087747606434,97.7461564697888,81.31234516387836,102.20511914547801,94.27455652914074,100.04002796064236,58.844871633838636,50.25881260742631
2018-10-26,97.31671311461476,104.562955604168,55.77240323432812,94.13299388577765,95.09543341975277,86.35452450178062,100.66473590615898,95.5717364872302,99.5356100051496,60.31938598735884,49.91722956667789
2018-10-29,97.78639856695057,105.22329735579216,55.49565531691804,94.18270855296421,94.5215111380832,87.20324896773565,100.39035177152176,96.28699544517585,99.45429704335855,58.293349052471584,48.98506410882703
2018-10-30,95.83445358877199,104.21394139701091,57.113133086470164,92.38710218967803,95.53977918278156,86.7901706210083,99.54493454219133,94.81355204997303,96.44445225059187,59.96213251317521,50.806111432670434
2018-10-31,95.19808258827395,104.81700331363336,55.99443911275216,91.17328948189282,96.38135047152315,87.92472703889857,99.62204171215288,95.13173361035668,95.28450895669545,58.77573337884169,51.191081738205604
2018-11-01,95.20769262620294,104.16085971290116,55.99372661096773,91.22937564437245,96.00635242784301,88.03155015153393,99.64099397656636,95.26899083292443,95.35270699928743,58.60180918840725,51.29666362359257
2018-11-02,94.42687619114272,107.16745177817147,55.75762514523133,95.62984834712364,92.52658470356393,88.44110877541728,100.17118103220756,95.73797588123638,98.65012831987075,57.603958274344556,48.79902710384598
2018-11-05,95.8824917343473,107.53427344752907,54.850277457309616,94.5436260227491,92.18058864640008,86.64798762772442,102.31706643784423,96.02286182912691,98.04162232276734,55.69326935054379,48.51843521504209
2018-11-06,96.14816442864034,107.42663152845404,53.99949022463694,95.63786190978969,91.92552733701132,86.19211248098169,102.26611499152772,95.90306469400366,98.50090243326832,55.12569323925821,48.386514127633205
2018-11-07,93.85677471966343,107.07287996817948,54.100419069019075,96.37364932052428,91.86917214801842,86.9486221490008,104.14838476444376,96.6836446447876,101.74298725728039,52.64140972759036,47.21625463578958
2018-11-08,94.58301677241313,106.98096226375426,55.3223875747116,91.01799179436416,90.68642623799182,86.47688627756645,104.30963977438735,96.71667891923539,101.77555575177982,54.093461180332284,47.69061276741378
2018-11-09,94.28010758966943,107.29937851211459,54.48333688959206,92.7444658789143,91.57486433787494,85.49353230655161,104.7718843133576,96.55124695415483,102.13054623298467,51.227964207940346,47.78683885422274
2018-11-12,95.60635509286243,109.14774901682388,49.89144942807644,98.06092790280695,92.1895525085119,83.99027668265792,105.45735628416922,98.6955354999074,103.51926605927574,45.70760504946422,47.914953665611506
2018-11-13,96.05661845455788,108.68058434529833,51.47411846521885,94.27491679003349,91.76240708532147,83.54712679874885,104.69582030970521,98.10265065875419,103.39290562412013,47.632275825329245,47.50223081388839
2018-11-14,94.21648400068607,108.62105127143028,51.65079128077426,97.90843030710104,92.04135655843375,84.33769607563555,105.81260550773158,98.74711967847539,104.5302336628815,43.90200375909562,46.69379313895199
2018-11-15,95.20233830635377,108.63791542347656,50.26229712374583,97.69720028952081,91.18019040949872,84.18705166851737,105.35424996521589,98.65754055296286,104.91245372498915,44.3987330740977,46.66738088746932
2018-11-16,95.99754320238418,107.85660699956917,52.95395631433259,97.8146868880609,89.97142752172198,80.20330633308298,103.97408429354353,97.43308800658191,102.79971390533888,45.07791547584548,48.74835884944197
2018-11-19,95.87588176842797,107.85770057724442,53.14319783630291,96.35554657837196,89.7105265990207,81.19656469687106,104.66622885739311,96.90442891093801,103.5307213844994,45.44160801366874,48.19852350380106
2018-11-20,100.02303649792395,112.80063869660623,53.29623850614995,93.46256948745571,86.13947688522947,83.31355169930187,101.98683600017148,102.28538198000363,102.83651537750569,44.87201415356056,45.56649364425658
2018-11-21,98.9635756374038,109.83966567048044,52.40198471938937,90.96617868614632,86.98842728634992,85.16639785027469,104.36125415163971,101.5437473976526,104.16020217083296,45.831017279342575,45.94339058185394
2018-11-23,100.41328782755234,111.13463456472753,51.275715780367975,88.67577141062263,86.2098496146257,84.80579017682405,105.25113655028551,102.14971954434364,104.44638203025359,45.900860260966354,45.88137758294664
2018-11-26,100.18454859858869,110.72941433107698,51.37997018691441,89.25174109321291,86.54187218500842,84.81652054456964,105.43934193160426,102.04126545453245,103.71334630119566,46.077855095467974,46.08075476377894
2018-11-27,100.69066709924351,110.8315287043954,51.70020847992214,89.65170052735957,84.87631699541768,84.19275494905067,105.95839466563373,102.6931878080992,103.36025068182424,45.99052797934739,46.13460927864498
2018-11-28,101.32068584348318,111.16268968872944,53.875239028798035,88.0035724038392,81.9902388438349,88.6469276284926,105.511339938815,104.47008082463131,106.45818889016606,45.42804821403812,41.73645020773335
2018-11-29,99.85647987378181,109.60613447476072,57.362473481717245,86.30698685390499,82.76765210948311,86.00221395171991,103.57863078880817,103.29228373195518,101.00829826520474,47.231426749285,47.47744833405235
2018-11-30,99.45452011810077,108.85041505326821,57.07407805373031,86.57980812058314,82.40729274072199,84.94194771290528,104.368860559948,103.3391206157382,101.69941411747851,47.46787234606238,47.84768075008897
2018-12-03,98.66793663892085,106.70109709188804,57.9207300935069,86.6796083257732,83.08300396304986,86.00006449816397,105.36704734500344,102.44860231683508,102.02002990168835,46.38026930194967,48.9692890939956
2018-12-04,100.6947858053758,105.34800842778402,60.11892190478092,87.34889115888086,86.75604905246294,84.59881681504952,108.72100762949063,101.48221130763999,105.09278944738341,42.65805327163591,45.30484965735541
2018-12-06,100.83136427685149,105.72456019388352,60.00745642827034,87.24450244327801,87.06909846997445,84.90664930556804,109.17767877939814,101.72543509980939,105.6750910626325,41.69567726679798,44.877006063203574
2018-12-07,99.71752737114826,106.12951247876724,60.67532774720004,86.45419528184749,87.90709187692579,86.1113230796128,109.98402532361258,101.6217983282163,105.70444832034094,42.03274923242271,44.478304104969034
2018-12-10,99.78746412806105,106.0960764303353,60.78524186015703,85.86873477405051,87.75555206530487,85.97394792080014,109.77186283740198,101.65939662629177,105.27045434006082,42.417806974769924,44.73445119771969
2018-12-11,101.23042336112415,106.34595879971911,60.62568228457721,84.26815186253813,85.7543064591929,85.49003507802676,108.6397206442685,102.50436422810387,103.86485507212704,42.70803152451213,44.56502198363938
2018-12-12,103.1353635216693,106.5936891898668,61.94616778320389,82.4549547393467,83.76186523227068,85.54416218659159,106.78477759482692,102.95181790353854,101.66154110007233,42.723398380296054,46.44621533891957
2018-12-13,102.86805389674865,106.39532710010707,61.0372023726155,82.83295348255781,84.6159610878686,85.78755894068497,107.03597661474929,102.37964204810439,101.33597551234023,43.7818919823093,46.30028994570529
2018-12-14,102.82086980273115,106.63335023497764,61.42442395579846,82.63080248421592,84.96023851133396,83.51775644484562,107.50537289693438,102.89521409435093,101.38576396758785,43.126144705541805,46.184741863545256
2018-12-17,98.43830828245679,107.15372744665618,68.70418390746504,87.25232936257758,79.17907818486934,90.64178884881275,104.70022725164878,100.77403493547811,101.68691188808232,44.857224647874986,49.23371991512044
2018-12-18,98.83958180584713,107.6899082281139,66.49396613281272,88.55199566838196,80.09996379293521,89.77817012564309,105.56338010319875,101.2941822605364,102.72237882491325,43.9489898086001,47.53435150758865
2018-12-19,96.48256142115542,106.47031747677997,70.92299414846991,91.15163869964603,81.9432813672156,91.93478544225881,105.95331251026802,98.78503058496669,103.06506527526203,42.187572861325684,48.09887781920809
2018-12-20,96.34933863173572,106.3547783102143,70.83475278635876,90.87849196287074,81.11595757263042,91.42850717686005,105.84986664855113,98.66968664885357,102.5028182829591,42.51160156941959,48.653779748273735
2018-12-21,98.12991061278241,107.7920190843879,72.37189817006552,90.10636376350527,79.24831118841291,89.99559730870646,105.51561148595155,99.70716632377142,102.49276413893492,43.82439825163527,49.60452864188841
2018-12-24,98.93127317951715,108.23287904984977,72.62213496541327,90.63503375488762,78.59350370044487,89.7516804814486,105.57393107575905,100.09416917888089,103.07523665894144,43.434211175459666,48.543972807533876
2018-12-26,98.92150367902117,107.10037303786577,77.08815119382173,90.16727415916085,76.9021339012139,87.3663704528772,104.7672888794207,98.29257592456588,101.2362496861522,48.6328008659791,53.403332454989176
2018-12-27,99.12747393388238,107.25189640216334,76.47890701126612,89.32302062589325,76.50833809509997,87.49346692220254,104.6318719158513,98.72075016982828,100.65552360508914,48.11970634560507,53.60508053740363
2018-12-28,98.93310604717615,105.15845687985328,74.9209083564474,89.7560048448793,77.44659221967737,86.70302274353733,104.34072182257376,98.12225454169638,99.52692195262252,47.69122240326046,55.31378374205623
2018-12-31,97.31436671324813,104.65667610965022,75.41087548597966,89.4956014353017,77.77603701620346,86.79076602194651,105.05668932977007,98.08220413263264,99.63959506968351,46.45038178575791,56.471283298441435
2019-01-02,101.37965986521917,104.54263228085908,71.1867276188262,92.99817920815717,80.01909600939949,84.74283822998333,103.70698703006772,95.10279427542046,99.05409154139357,50.351461094394764,56.84299817134486
2019-01-03,100.98210665513345,104.14517074244384,72.75284311869012,91.54840291757078,80.41064273846654,84.62070968199146,103.19588972372928,95.42096770405867,97.9161989751405,49.824040051379946,57.50328798984203
2019-01-04,100.4193294581458,103.45457075583711,72.63719026577897,91.99336791584996,79.39285940612682,85.66066447613684,103.89779327853466,95.70265579635735,99.11012899502036,50.50641195455175,57.152809791467334
2019-01-07,99.67095546136787,101.8961310553496,73.11038427706833,91.94178607603892,80.69190826528671,85.09790270566995,103.85251127611119,94.92974974599858,98.0055392694732,51.36301526645344,57.76667166706361
2019-01-08,100.26015240015457,101.2038696337158,73.21893446792211,91.17528034515178,80.26320754332015,85.29475885489681,103.8864195426905,95.61010680392549,97.50695915372764,51.194746009981,58.429579654412606
2019-01-09,100.74774544084273,100.7992265917895,73.25044211690361,91.70948103980648,79.45895118664747,85.07768198423399,103.70100673864762,95.91903947717752,98.37199096440736,50.665465214171775,58.22843624851444
2019-01-10,100.25025963879503,100.83300869835186,73.8724438161293,91.82783585738547,79.05494111600166,84.62912964497028,103.05590540132667,95.72816251432894,98.47708871370232,51.27469006652544,58.43569935102393
2019-01-11,101.02141722269695,101.62902759029207,74.87819776597254,90.96589655363994,78.60845214240986,85.0491366822414,101.69203885241976,96.62393077404154,98.86491580293792,49.66763392369258,58.48530883770843
2019-01-14,101.00221049540637,101.9537306891439,71.9282203463842,92.40910293534118,80.35616619978055,84.08622643218594,103.09849064591629,92.34149815737558,98.88737894055437,49.80309416187625,57.27229964195685
2019-01-15,100.37607518062651,102.0131076814099,70.08177934709,91.94127189824684,82.8336533611262,83.023394061923,104.60120145379629,90.17529474309087,97.77089211387886,48.631055510314084,60.638074214859664
2019-01-16,101.56629498611785,103.38993643930982,70.41300915513251,93.68885022762576,78.99466408402395,82.15071487158752,105.19981269962119,91.71494993111058,99.91286475948536,48.36434563101653,57.584019386754704
2019-01-17,99.55540416072436,103.38860212605559,69.6591584022149,94.46881248999262,81.92097875498106,83.11602372911085,104.39076673834191,91.04308020081321,100.46343056892992,47.44674001088438,55.85526885300322
2019-01-18,101.80617109817874,104.11043102417011,71.00217026309991,92.91277983315568,80.11056991532926,82.68237787534574,101.71953872189734,91.61492752636454,97.33905662761472,49.08367324657397,57.98391625942076
2019-01-22,101.24067684532677,103.99175200090697,71.36359584061366,93.40929124232851,80.66147774820995,81.46757831364563,103.02181848442785,91.71075030024708,98.48180668557112,48.01086343016978,57.44442218535507
2019-01-23,101.54887423783002,104.34886275639542,71.32823419740889,93.6022974470392,80.72739720895086,81.607814812103,102.53113777811701,92.14759531529204,98.59797764860744,47.22025823009764,56.47724475047504
2019-01-24,101.95354382138103,103.3908466451461,70.75411091286932,92.55984260632293,81.23570846758132,81.44792960513958,102.73884855726048,92.12570929834409,98.55444467469734,47.61002706786914,56.72864352760036
2019-01-25,103.2220969320978,104.7593707708199,67.61075578138207,92.16005543477141,82.2620440178475,82.42402045919111,103.97674712170863,93.32696372585166,99.45957476407575,45.70412074410721,53.910910011936
2019-01-28,103.14658891156657,104.93852108342176,67.80416851416938,92.31197898231648,82.24385185011812,82.6164848686514,104.07323605554204,93.39551080376314,99.33829014583709,44.62695913825826,53.363225932323736
2019-01-29,102.48867615766342,104.62443544993613,68.07626639280835,94.48967091106206,84.34578695243052,81.74519991557402,103.66286524622467,93.4101622798601,101.0529553498139,41.077958579996164,53.93528329506316
2019-01-30,105.79987785512485,105.17518964840143,65.80098010458502,88.52056611248297,81.21082596291663,84.47450890303179,105.15125214677106,97.93481281167524,100.6519649459571,45.09197598220046,50.99306736285899
2019-01-31,107.04245565414293,105.22107964138435,66.04426723541565,86.1328264482394,77.69500953136546,85.5987548926316,104.62270035777563,97.42053799348031,101.72250549276285,46.25757706712119,52.17260898982745
2019-02-01,107.11210660391802,105.53621030550013,62.32140862079238,91.49617138801648,83.4345290469216,85.4007135537289,107.01093293576685,99.00913957462038,101.34369595706427,39.82322004962732,48.83906846268813
2019-02-04,107.27696883078458,105.82053520519638,62.77977055247058,91.54001795242503,83.00369459923826,85.27540717894014,106.87464195560561,99.04373619209613,99.49773946583012,39.856394924021586,48.93904832007376
2019-02-05,106.35317257861851,106.59178115373327,64.04049471895898,91.2092908230049,84.88419911088315,84.54157658269347,105.64864616764623,98.85949399638893,102.93814422104741,36.891276308477735,48.42193309581152
2019-02-06,103.6961285414284,106.60982380554641,64.77779660833568,92.17818625775435,85.30364127029068,83.71449977140975,105.507946624823,99.24308909119024,103.47594770925372,36.47807741191941,48.93607240538902
2019-02-07,107.96132824400729,107.29795496256428,58.99803662258398,88.29047720719906,85.5315637846309,87.41011330748033,106.25724022303584,100.95694689590347,100.19768758336731,38.548035795318135,48.28153529319216
2019-02-08,108.07937324207444,108.0718868314677,60.621801342511965,84.9180407560079,84.45326399324578,88.08175400229614,106.94952009023893,101.24342908479281,100.00793205017054,39.30898607761518,48.01438086795734
2019-02-11,103.98931288325383,110.2353534598221,61.969123820918426,81.48786616369024,84.16163408117268,89.72535169725944,107.03210525767925,101.06983798636088,100.21640516609284,40.92675423877927,48.846252467162834
2019-02-12,99.39133050410638,110.06973801081277,62.19626528350899,83.13288598236201,84.21958804434449,89.93765177139811,107.0524951834962,100.95090056901489,100.56413542215684,41.37199073074479,49.632082719033484
2019-02-13,102.94661966151382,110.55626573311989,62.56000137758475,79.07093854008343,84.8070609345842,89.28547860195592,107.49898688105067,103.48838145373747,99.23110526352117,40.268646833012646,50.09340938929962
2019-02-14,103.39611203631503,110.84196161667946,61.935424216686805,83.32755697448376,85.02691397164857,90.19937112852593,103.50833972480551,101.42548960162789,97.86969371648749,42.07564291821025,47.70672298567935
2019-02-15,103.25596381196877,110.3641160625938,60.539093234214704,83.81628099124761,80.2563103096021,85.01334018184323,106.37245243351008,103.25434758759613,99.57378144300488,43.42501292028047,50.47011490550524
2019-02-19,104.38415665494604,111.5956384787594,59.88582639345719,83.80122095316672,78.65936228439887,83.66276438344198,106.38521278246242,104.33247613503211,99.02289885556134,43.72010589683512,50.810501897915685
2019-02-20,105.04843129672238,112.42020086363483,59.05118194941528,83.7467930451018,79.33079944521322,82.84224531263077,105.48298997907534,104.63709392045152,97.20693169585121,43.694448734659844,51.048456733245104
2019-02-21,105.50129405328282,111.46307003446125,58.85839737245786,83.54159907152591,79.39061926020008,82.90077403255303,104.12327209291357,104.62767699069843,98.53500050859638,43.874666807582514,50.2801633174732
2019-02-22,105.8652141188426,113.5959985520019,59.171372895773246,82.33428242860889,80.86829668785707,81.95528931253138,106.23981974954981,105.19663163992999,99.10013961826334,41.9313715741658,48.685033184292166
2019-02-25,104.76585485937827,113.52078110855042,58.40343145888449,82.45750077580826,81.08313773326525,82.26377987164226,106.36201649519703,105.19788676365607,98.6163941101027,41.9261521509963,48.7519357595949
2019-02-26,107.72848159554205,115.81547754162787,59.40011377862302,84.68026910216267,82.58482596177325,84.00261268548459,82.99269114406506,107.83644223853638,100.46108759284306,42.93779557651955,49.969394988174685
2019-02-27,107.87583721093732,116.49733362129024,59.99725816258645,81.06211665868504,83.06056440753237,84.43423280102697,83.75145200102554,107.87312155460253,100.80145425940555,42.70495790994985,48.628578439897794
2019-02-28,107.05067511719685,117.53452686413819,60.989276855704645,79.163400903044,82.7523487563458,85.40578237646987,83.4031966180532,108.23913421054536,99.84890524197978,40.71083575735239,49.02538774276296
2019-03-01,104.31394184226515,117.78025783717443,61.43524556321969,79.51606782324824,82.25948168220849,85.71255890364066,82.91030012545731,108.1877089480405,99.70188494134416,41.50515946477888,49.43146767225666
2019-03-04,97.0084863612668,115.56769881797872,65.02259915944576,79.88069022154886,84.03015437235484,87.91582540883873,83.97125698963033,105.90401224261393,104.25704640923225,43.38952891129023,47.02575904563102
2019-03-05,94.41385622888211,117.32193427175366,69.96600423476039,79.49549608291902,79.1044379536664,82.51844074864432,82.24525077108638,106.37358645183821,104.7487422944435,45.31326123673614,53.21486286447139
2019-03-06,94.56242127257654,117.90435440001053,70.0245176638451,80.12383937049611,79.80813803893368,78.40612561230326,82.8255550358302,106.75616444027906,104.56094785798857,45.420448434903015,52.739871781182146
2019-03-07,93.75109866443202,118.15988121552058,70.10344058332736,80.1718003409266,79.46873181756075,80.62806571899125,83.25155602590705,105.83760653149828,104.6199861962802,45.42710852688198,51.33334496786732
2019-03-08,93.68646891972229,117.65362515912608,70.04300477310537,80.39797208318176,79.65274854286281,80.53130051312682,83.3351818702402,105.40508727142948,104.51965457452003,45.623326050277036,51.88633361735937
2019-03-11,94.337714696803,117.61181815560006,70.3759485660888,80.00266964146289,80.03404847102232,80.70397422993392,81.4556718885926,105.61311740195754,104.87237795453586,45.530513377956474,51.016602388955306
2019-03-12,95.96397854945197,118.9735237803362,69.55346380062399,81.82581040866293,82.29260492364199,78.50304621509451,75.7991405466774,101.55907858243556,106.08112937362857,46.29452997803199,55.38487792839459
2019-03-13,95.91233719050868,119.21604355781673,68.6974556830063,82.05309926616916,82.96125477240959,77.39792359193265,75.90070957150786,101.48373208138798,106.55837248155224,46.609548907089255,55.26571051473602
2019-03-14,97.32381428950391,119.39930455882953,68.48277278328948,82.92125790304198,82.00390792189685,75.79623308161331,75.49492766753242,101.82111232359576,106.16255893154667,47.48151004872402,55.71335564822667
2019-03-15,96.88042776983184,118.90549681551751,68.3453682238309,80.94826837291582,82.95817683845647,76.29232334245381,76.14349630577709,100.778109828937,106.45484100492186,47.0280601816084,56.2008180001785
2019-03-18,95.99936372494474,119.27800601874102,66.41871402235236,79.65738258408724,83.36343440137372,76.85338891160255,76.04660514767724,101.66071182466573,106.78478525484152,46.64633509296637,56.634993278844775
2019-03-19,93.87922018567245,119.95030623864449,64.28974729834106,81.71157115726649,84.70269626241348,76.53130577398261,77.71768967139354,98.55662947150174,106.53447849786747,46.481841756169445,57.59793474232082
2019-03-20,93.57161508203176,119.99470851218337,63.30142260950189,82.29486411005753,85.6582537841099,76.37781399210586,77.95085158178011,97.38345735651424,107.04225375299643,45.91422415725114,58.05191081457669
2019-03-21,93.76874983786273,120.2832246500591,63.23136516205477,81.84354478185979,85.89978746457443,76.50379119997021,78.08237767753545,96.3919012438967,107.19604826199445,45.79248617610732,58.07786169475977
2019-03-22,94.02356340721957,120.43866309411017,61.24683096480207,80.45182885626751,85.61074541645536,77.47746693701846,77.81380632077222,98.56676785778963,108.15686030359649,46.87643924342736,57.55239974006495
2019-03-25,94.83093980999557,117.95803957598491,67.54779972745429,80.36098659540978,79.69930401804939,75.75121567705814,77.91154043571655,96.68732505061618,105.50807896069139,50.108567398138746,60.92609292963415
2019-03-26,94.98658053208885,117.84743188175182,67.54567032679395,80.73107138128266,79.69515149940985,74.58409099819218,78.26363836556465,96.07064054153038,105.8626520714398,49.69578405527717,61.34045439070149
2019-03-27,96.46299669788543,118.76290602802223,67.81447840687778,80.93147309905201,79.21313910557794,76.54807903183959,77.75356802621691,98.42704653566624,103.99567230441936,47.36143080309864,60.02713778190729
2019-03-28,96.06040726305312,118.65514192124297,68.29493292755404,80.91820581820402,80.54190216498489,76.08279632408572,79.00290917100718,97.09629295161973,105.92072085088374,47.624272546906944,56.21941812427989
2019-03-29,96.39784950060516,117.45255151175465,68.68960837158004,80.34176830559699,80.94469926776515,76.19476930939676,78.99553698752658,97.40267721543972,106.24590686330976,47.55673534929835,55.743381080217155
2019-04-01,96.7747119304081,116.56792767544994,68.62476471697524,80.66019687801635,80.1949291279305,76.27691339511634,78.2205238092501,97.35529304095246,106.84228916000446,47.0595570709345,55.63856411938639
2019-04-02,98.82046560457512,118.31499333112497,70.02455242811784,79.96196355863934,79.16654381438128,77.12425090863061,78.26554204490351,98.38772662723885,107.59579843112611,41.922337429760546,55.28215499304295
2019-04-03,97.27287700941507,112.86950598962366,67.98534025126713,82.73499770386032,79.49820856429889,75.61949940196246,76.84563151530317,96.16624634075335,108.94648059513466,46.19249782996192,56.63802664325088
2019-04-04,98.29335695183937,114.36255584533566,69.09781291384539,81.3773929971324,79.84903673180798,75.66633056066196,76.87843444985103,96.25967432477219,108.33157515823032,46.37812757120987,55.245242548961514
2019-04-05,97.790897470379,115.28347116987852,71.19546976168469,78.4484920567756,80.77244430622298,75.58083087147834,77.4606176446927,95.76311088425561,109.33678601405113,46.43969713264298,52.805561329045815
2019-04-08,100.55219898944998,114.71115716370399,72.56413570387654,77.02644555337741,82.1903946601124,74.63921547009176,78.76988658232288,94.63191951193274,110.5402439183671,45.75262584740311,51.52646146155791
2019-04-09,101.1814590582803,114.56261963718234,72.74868811545379,76.18658801819478,82.79634168428663,74.61697705114031,78.6972542724415,94.3018603652427,111.38981988954528,45.82499073818315,51.30639172510033
2019-04-10,101.54195185917784,114.68305809881987,72.68734898118055,75.84034558298389,82.58702208723008,74.55948137714495,78.54120812786505,94.52279357690585,111.55241775359539,46.256760843976195,50.01244068377424
2019-04-11,102.23094676325991,114.95675008859274,74.06498812941783,75.24620681386807,83.17677170332274,66.73785996551938,77.89609422822646,95.90227036928309,113.48963508599353,46.37822607683616,50.71533624657927
2019-04-12,93.6735874925664,106.95351056675732,72.80004104884944,79.73019892118833,85.05774763080056,73.74294270600605,78.04520254851934,93.21264194136393,110.93767942375624,49.233502284669164,52.05877114607732
2019-04-15,97.66177015917033,109.65475156327382,74.15446003033227,78.68261585267561,83.00971122667134,70.79701069908954,79.4345777278148,95.15440523354354,113.35370168223156,47.308079308545885,50.14230147823219
2019-04-16,96.02268468625525,102.36533933054514,76.15244421284022,77.27643657988152,85.20984592034678,68.64015820643021,77.65026839754675,93.26907809256565,113.85160586587772,48.83648574329119,51.89664820067776
2019-04-17,99.40324656658116,108.23276361008772,77.23131796551321,80.49062627196965,84.8555024635702,53.22057797983652,80.0127617731532,96.991441097186,114.14302682912789,43.364112323065825,50.72574161779583
2019-04-18,101.4004297750678,110.3643687641552,75.88864444652276,80.5285282095171,83.14562283356467,49.353399361476505,80.65729991768926,98.17608052771257,114.05807535817658,41.73532140078542,51.32589355450409
2019-04-22,100.91637784057727,109.99055980600785,76.82748086782745,80.07473703688726,80.76472145869933,50.868302312359084,80.48694667554446,98.58777634343345,114.03951024707241,41.283548210877186,50.252766012051104
2019-04-23,100.49161734761415,109.2081728740526,75.31110027856215,81.35153730945757,78.74794317022867,52.17231848266328,79.49622881755519,98.83284914496245,113.70644185384164,44.36079178209229,49.13882213456256
2019-04-24,100.76745883925082,109.70900123871262,77.8651294807074,78.2746481225965,79.39815803557255,50.33521897265824,80.29419848034988,99.30700783741187,114.45936800664484,43.16595185251634,49.79510345088741
2019-04-25,100.57104709667843,109.25992623299578,75.24918323555407,79.27511405325393,79.64182029704594,50.2196785929488,79.99560950708639,98.97371838379307,114.6756036779121,43.44765840592385,50.244777067717614
2019-04-26,100.39200554845124,109.13078966739718,74.83825975513561,79.0102774375568,79.72973563755816,50.664406688104314,80.10869259109714,99.17655012874663,114.7403720097866,42.92913148714643,50.49283006994057
2019-04-29,99.38221831630645,109.49274451978616,76.62619413303244,79.86696101145367,76.84630260458538,50.153165447775166,82.37245537729866,100.17354880431522,114.40512550570959,42.20417872003375,50.87043220008952
2019-04-30,101.00017471969562,106.6729021025193,74.26621438575579,76.8286584128719,80.32828139549862,50.63819790980399,82.4337126474284,95.12592878040235,109.97269333426338,47.08337262852663,53.878092608654356
2019-05-01,100.09319973244476,106.31473222068036,75.6124194137205,76.45845929312436,79.65312679958897,50.525013912458256,82.1025037330519,94.49667140467754,109.87217383265235,48.182319501973836,54.62903735190622
2019-05-02,100.37980916250763,106.50978361234924,75.3026674952152,75.48407196154652,80.24290691950029,50.67901485292982,82.59759759636893,94.25305379656795,109.18279014845476,48.17938660853643,54.60114109667386
2019-05-03,98.07180852976495,106.12450403285949,76.5516836413137,74.99317527651408,82.75633829738207,51.755177661879344,83.20633002053592,91.91731960652646,109.07120523924402,49.53501512882203,54.868870898267005
2019-05-06,98.78722198703203,106.32382202607245,76.38733664745382,73.82775967559442,82.73201129281424,52.15123101917397,84.33872168807054,92.46236128213789,108.94566945903247,48.64127921149333,53.56044439875593
2019-05-07,100.65728568847736,107.21668397071997,75.65156385030164,70.41068207852504,84.19501323734403,56.0792061865143,85.2952538735916,95.78559138563608,108.50715941901142,48.51567243576592,48.573758782121466
2019-05-08,100.63501251751349,106.88157661174439,74.48214932669357,74.59199209423065,80.43138840323086,52.93324328642133,85.56340285887602,93.64021674871832,110.53101178942254,46.82715573040285,50.97842416305465
2019-05-09,98.01987230678805,107.57821371579763,76.06773829268306,73.90385506231497,81.50286101929144,54.77802648766624,85.77436554486808,94.4838362341134,108.75172710078941,46.5620499721133,51.57275423575087
2019-05-10,97.08672413874932,107.86044169138742,77.43202408854197,73.60992505133848,82.70894955722959,56.6325407865906,87.39185237877963,96.84574817775311,109.31075879098525,46.396820675481976,51.08662833555279
2019-05-13,96.98636173596104,108.08179490535096,75.72509153903792,74.61809464772864,83.12788037274093,55.214745093019395,87.53820357632613,96.94074033921041,105.3529984263832,47.303811464442525,50.300888743677596
2019-05-14,95.51515937642145,107.16295470658635,78.12734943606394,75.13377648462739,83.79181125996934,54.94011516276479,86.36076140224884,95.73755080668117,102.94764592789846,48.647408719514566,50.469514627876706
2019-05-15,95.36826720968644,108.1098719442728,78.56416726140598,75.26984570369997,84.00791977527795,54.959485369754645,87.18393491789831,96.7013885450209,103.66697101713123,47.958913431148886,46.50909441793981
2019-05-16,91.18449836670732,107.34929802346832,77.07175186894496,76.88649533132045,84.85979744634452,53.681604228241355,87.40058495657308,93.46804719258098,104.20118762613157,48.870008322696485,50.51953669232709
2019-05-17,91.63471001832028,107.50802138201756,77.28734041984814,76.15352318121003,84.94828097919662,53.68159306766914,87.52433350218918,93.70043139651673,104.0553975922672,47.65967870107241,50.391507349612354
2019-05-20,91.17926298686086,107.05893882903743,78.60806943483423,78.35633001439533,85.19918114164547,52.48398372327456,87.84977824959779,91.38834482673167,104.52782599005317,46.57765835389757,50.60800872064128
2019-05-21,91.26891369930527,106.98171449563918,78.71099966643138,78.7448458718264,84.46085163934748,52.53232611607587,87.7839776829428,91.26071496896346,104.71012136669974,46.523365591232626,50.65615180754052
2019-05-22,91.35096396740273,105.74878821641869,78.28725255587179,78.43046881732371,85.14382049206526,51.87137952201467,88.25692474193517,91.94370274095607,104.79979200721468,46.64952971593529,50.729139484847366
2019-05-23,92.31345366707572,107.47780773797801,77.48590576042852,79.3178051599649,82.62560145286196,52.57524845110428,87.18181382522098,92.2490389438469,105.23777682139547,45.59463610577231,49.6165811124782
2019-05-24,92.45896327820357,107.31813440491835,78.9703423842436,75.76599692887608,82.46444102857338,53.61607259986961,86.94593104298274,92.13153023396137,103.8448465287077,46.66241676251564,50.68463594787539
2019-05-28,87.77089690094027,108.37690860024057,81.89164212581147,76.4695891952265,77.79495188720531,55.06341982348281,87.31785771591301,91.35826398990625,105.54531788200369,46.698444960290196,52.16207775567388
2019-05-29,88.95630505406328,108.51067139769961,80.53449317609443,77.24509290499459,78.64171000992921,54.49341293266012,87.54726249729653,92.10294307854494,106.13627860072707,45.42718846157605,49.609554635109454
2019-05-30,90.37104616541339,109.51337547516587,81.34949198285591,76.79749285416047,75.93812219227544,55.73817580270199,87.60238510079768,93.29464819597044,107.69526842620272,44.39527418571209,47.78359470025738
2019-05-31,90.22977266998204,109.75427548042335,81.43242366988048,76.74704473897019,75.29350677132138,55.78905411213481,87.27944368275269,93.46927922194338,107.56078199553653,43.833122580953074,47.92776035398879
2019-06-03,90.03861217194138,109.28359772506066,84.2430452060542,74.76730443895325,73.91488990082412,55.25479389738782,86.00088633020266,94.47874627838628,106.04082235074189,44.9941974465085,49.09282479426001
2019-06-04,92.29966006213407,109.02430787468307,80.35261840805265,73.12425191221038,74.16273198530527,54.0756564453406,85.95153758810112,96.36783008862534,108.32669557344047,44.463722229056074,48.93285169388294
2019-06-05,92.07495892251158,109.92981949023581,79.79748373337993,72.8485437675985,74.44946114886712,53.251384637019655,84.87622115320039,96.91325055503289,109.29950164328689,44.22158549718407,48.836893014894564
2019-06-06,93.19521954748471,109.86769657162924,77.92869328720334,71.81778652395484,74.86154004460037,55.20352556343083,87.23096392261867,97.30157586609437,108.74718582109429,43.60057917710335,46.717253585162815
2019-06-07,93.58713743046027,109.43997791581204,77.61898008635035,71.64206140232798,73.97249149347029,55.92464659557686,88.0325300297251,95.5810684625163,108.82703988791985,44.48399853486962,44.66957494280549
2019-06-10,92.4196801441158,107.35951364289218,77.47771285256921,72.68391553533061,76.049355163067,56.427850306474824,87.8941818131013,93.64984655363989,109.8766614055375,45.65738742849647,44.20077330337973
2019-06-11,93.35445565644206,108.68771815739377,74.72862112539865,72.16454369702875,76.19991392481819,56.28324633836352,87.07842722576882,94.41311398423062,108.87403563723669,45.53679475711755,44.41518066758716
2019-06-12,92.6917435885714,108.5555838682117,75.87261984077176,73.07512241591617,75.26298610296318,56.848032396841035,86.01997919348307,93.91442559148767,108.95777828679768,46.35312206010738,43.992787087412665
2019-06-13,91.6406063191314,109.23404500318868,75.18525638520278,69.64361292699986,75.57261518886777,57.404097725690804,86.93413788544083,94.96504364509255,107.87005071814237,46.75149293704015,44.29134038395376
2019-06-14,91.19868276506007,109.18098381255638,74.81530768988709,67.63642278031699,75.1133657025907,57.853028195479496,87.5056071627445,95.4227928712227,110.077287429308,48.21510926886579,43.950041758241504
2019-06-17,90.90941965883293,106.87982351845301,74.24511602734069,68.41850302295626,76.58820025746114,56.52063600317924,86.59135473581594,94.8734625481146,109.46899026536184,47.64444077006949,45.22808013378112
2019-06-18,91.85490992138587,102.13782649322809,75.67887912743457,70.15526016401067,79.75054112244644,52.77546656557237,85.36253012735835,92.96543323903992,106.65414622589113,48.0309123198392,48.454130499938046
2019-06-19,92.24482083100001,103.42733259543479,73.667037593221,70.8174307526254,78.45344032883474,53.75052513223567,84.75217407547974,93.57088940544712,108.78952773453658,46.91313728985335,46.30275099277675
2019-06-20,92.06979966689235,103.89303382578886,73.10583584872559,71.88209818702228,77.48209022351688,53.20275554265978,85.73104114652675,94.24703288533402,109.55737216133366,45.52520656736969,44.588786364394075
2019-06-21,92.00608888403059,104.3310091258074,73.66307386221263,73.95825721825736,77.02106532270986,50.907291583348034,84.86859411977309,94.37128869735706,109.29012864525515,46.15962127134296,43.849756947269476
2019-06-24,92.03675796996903,104.7978480341377,73.83715800928982,74.21699898731646,77.07519586984873,50.75433467514447,84.76177221335249,93.76703665315651,110.31567953841952,45.58669608490964,43.338057012100094
2019-06-25,89.49052280410332,104.5051289432882,71.38824228483003,74.76687571841435,78.32346769805964,50.98495278042953,85.32417796208851,91.79874766471387,110.27489858354164,44.974602910280105,43.364980373808876
2019-06-26,92.61280026523805,102.53834137163446,70.84577492032217,74.34525077426767,77.61480894854205,51.54581552315345,82.61636448981383,94.04306011235246,105.4288989259986,45.792402420514726,42.807872960597564
2019-06-27,88.72636644850402,107.02834751537816,69.4462185128263,72.0208877639925,81.03162423961129,49.564803462987626,87.18503637815115,95.53914513995785,114.58334077803882,43.42534060805035,38.70062896228842
2019-06-28,89.22093592158305,102.32734369103984,70.244850219993,72.86381046806102,81.03641497110472,50.366155815286135,87.72616296752366,95.15749443430254,113.21858153873603,43.13221885656719,39.27852829319124
2019-07-01,89.73762569959891,98.05876477560786,71.01717887161104,72.17038672431595,83.35257313143047,49.426936597005174,88.77242150486018,94.34339631241969,110.6869102435336,43.04254520190089,40.710325423064496
2019-07-02,90.34930474165976,98.17693825662211,71.14457754161144,70.8937914682431,84.02498820573805,49.74560303164859,88.1241122738024,93.85568076443624,111.14379594573025,41.54950136579224,40.73115721615539
2019-07-03,90.94052213466186,98.59154507891405,67.5319576178928,69.0410601796595,85.53163429745564,50.11494253437186,90.62961029784192,96.54111802545536,113.16880411977502,38.64884796728364,40.08386644169252
2019-07-05,90.40286928043868,98.27776335044852,69.34820995915281,67.35532748923565,84.33474441242794,49.244555164883046,89.92896645603346,95.94179113379873,112.19464073750106,39.41801413700933,40.8926593338322
2019-07-08,90.1574083777462,98.98403596125813,68.56199786522039,71.11732101864618,86.98149862803957,50.748330413010045,88.59696585123388,96.64290362691179,111.79287816159253,37.97042285401031,39.93096927890046
2019-07-09,89.90905341697271,99.20063735693445,68.62319332740553,70.46703569123554,87.22895426998943,50.024234614699004,88.28482665650814,96.87175820458009,111.97774725381227,38.08649103630771,40.04210643038184
2019-07-10,90.10821234578229,98.84288604204944,68.5782281890559,68.90412099533101,87.31803292918552,49.754521005761916,88.32611703189782,96.98199878115426,112.3710726098508,38.05358971464868,39.772839267432154
2019-07-11,90.821391778803,100.86643493050742,70.63672886731914,67.94576496699523,88.20137233262639,48.99211623134033,87.56938164982655,97.99507555171749,111.0894714460085,37.0042102919916,38.99807929546742
2019-07-12,90.72574250395762,100.8447324110128,70.87435119001836,67.62529353277174,88.68230732309169,48.06176639558818,85.19550245762096,98.4596167171641,111.51924586025565,37.22553363751669,38.65879534472178
2019-07-15,91.00629003295037,100.96570008638773,71.6268020496505,67.36311978768242,89.00470193263901,47.352090976069,84.49633776632004,98.7953862308641,112.02081938387678,37.190198261288735,38.71629423601459
2019-07-16,90.61546439874755,100.9373095472971,71.66856478055651,67.62449708582805,88.8666322357442,47.340664133210566,84.82516486765448,98.64681347813774,111.25316145174568,36.60852014467679,38.72186749648092
2019-07-17,89.79634133931064,100.3454972686882,70.43250110310024,68.79781141225477,88.39233923701944,45.40476730414578,84.05790567541412,97.36813240265037,112.29633727388122,36.02277424678904,39.62884257344484
2019-07-18,89.76025820245998,100.46519749076171,70.0472952764666,68.42935313265454,88.53813810375358,45.80147796741199,83.75878966516368,97.29592709544652,112.31500657297734,35.988243966406465,39.65822655074574
2019-07-19,89.19281219905122,100.78136545759381,71.07022978488017,68.04994537149564,88.22248601833563,46.206258881222,80.8484633351443,97.68623337836974,110.96123407729533,36.15159549209209,40.2349714453847
2019-07-22,86.52866845418897,99.9463457160297,68.31906301170491,69.6383788468035,91.74334766013067,46.618135886132976,84.63965241692564,94.3610011224894,114.27525819856079,34.82486761446613,39.67272979036547
2019-07-23,86.4835475779456,100.36745962399802,68.66554107955334,68.81430793577796,91.80989648552085,46.654251807395546,84.87310840345282,94.55675094296552,113.19696655665423,34.717579291929994,39.6676092844474
2019-07-24,84.93407233540498,100.86940781092967,69.19094834231964,68.6524216710813,91.6122541072891,46.7754368639163,83.82722933212486,94.92276066094009,112.13437871318091,34.53520120551636,39.64115919057414
2019-07-25,86.62071819673878,100.51596133229887,68.95339964145607,69.13021899051584,90.64670300003033,46.99592908922288,85.08542802212293,94.23283740501007,110.36470379974604,33.538208422466454,39.57851793946414
2019-07-26,83.95994768023596,102.3062706833688,67.67607579030718,67.63095653977977,91.86198081815321,48.67571091867014,85.6220031739831,94.22270202353572,108.63270526133516,34.349360281204575,39.93192388107871
2019-07-29,81.16796541837846,103.66639695700344,66.43415867345334,66.57109645083291,88.6683103538921,51.71196419514808,89.38926692412585,98.5718551364339,108.25587800917266,34.65228034311675,42.24129394091306
2019-07-30,80.65681168895975,101.84735970589968,65.2184877384345,68.53747732435468,88.33745495613155,51.50722244219155,87.72415004612238,97.43740314233202,107.14687999062564,35.2741269621353,42.85233728966804
2019-07-31,78.73389540886441,95.7072467291694,70.19307314973018,73.15206791676951,77.07247789114294,51.18202726187209,90.95362133202381,96.61321675511046,111.70767991653042,37.825357334671644,49.151882184647505
2019-08-01,78.60360648160987,95.85073486814404,76.00682892637451,74.80522080229997,74.6599825569671,49.91155749414555,91.5730715023884,98.97024029686547,114.7534288144806,38.62069416813663,49.6316017843418
2019-08-02,79.40117435241245,95.09729901817035,75.9881872161152,69.78509145873548,72.6967156576558,51.70227155567998,91.18256373857997,98.72548390160966,113.81914480710256,39.18039167374302,50.413584189905855
2019-08-05,79.9572457034398,92.75758557749407,76.18899923763317,77.20766956847751,76.63580967493348,52.052164001486325,89.32652763658334,99.21959757597698,112.56998466552302,41.26133645929191,50.67384879350021
2019-08-06,80.24627973271797,93.78259734554562,74.68316756243118,77.26698161259642,76.26039057444129,52.03285783646636,89.83265924617508,99.89949005192734,113.25552481387555,40.227672686705695,47.74303424494851
2019-08-07,80.0878455212279,94.4547603305335,77.56538085316981,75.38883370250208,78.3019323577182,52.981254491391276,88.75709353583993,98.54927724850448,112.16933407054172,42.9653211578645,52.12089828921266
2019-08-08,80.7695938479162,94.9227364256547,75.17027364939615,74.47416712432582,78.09227732631233,52.969398218509525,89.45035256723341,99.40018462090671,112.03372246535113,41.32272857157473,51.43859062147893
2019-08-09,80.25768025505114,94.97574830872226,73.11270422018671,72.20155718749177,78.6344165368677,53.02194904834056,90.4890933132517,99.22311351509778,113.29730137532441,40.650353311709615,51.200927922522666
2019-08-12,79.96267236301294,94.98371539009922,73.26769366919459,72.29088842133692,78.71396271246775,53.039398213905834,90.47240410476012,99.22261962475608,112.61328755891346,40.556955912174274,50.50656659116173
2019-08-13,78.55083468057795,97.23010544768785,74.78004492274442,75.82173319468946,81.53340933482282,55.054671033410386,92.09330325377053,100.55725752939684,118.68005473852443,36.75568319245346,42.851771492546355
2019-08-14,78.65715295367804,96.59652143526192,74.85579486260723,75.23601867089452,81.35181432500124,54.927499749791224,91.97121582100408,100.13571149784877,117.86036265657297,37.06346145733687,43.521106890824285
2019-08-15,78.50037266933043,96.05796058389679,74.65922146280414,74.84381716990309,81.18548203058202,54.897249442555584,92.01975501882185,100.77227253440779,116.86388771143403,37.34112756158949,42.32019440333042
2019-08-16,78.90757372632196,94.87963070919548,73.91477361269125,74.94173807125786,81.18106331366327,55.77563005356271,91.88584280260699,101.40491223791439,116.10968094332907,37.28801646897094,41.44581888401853
2019-08-19,81.97756399914728,97.06539498869992,74.3447070060946,71.814993290248,79.84690713323239,58.646020781284165,92.26913346467731,102.59828495183987,113.81974705133601,37.72456066786452,40.0868248925828
2019-08-20,82.20194821038343,96.99311817053471,73.66127751234099,71.10752475909555,80.03297075044303,58.71843056512374,92.3639691536578,102.9096085923354,114.38232002896594,37.78462880462515,39.51937386139527
2019-08-21,83.79816212461526,97.86819870309482,69.71679086641852,73.31404623999532,80.2582288034201,58.039320459880045,94.64219365993753,103.75330446523735,113.61921524327818,37.017331399543714,40.89842428506906
2019-08-22,83.51649105866413,96.83197348582968,71.42782477483652,72.49115201514098,77.96491883547577,57.79579565985068,93.26836712221004,104.34501156880688,114.99141754942252,37.26911485821178,40.33055713407831
2019-08-23,87.62011498769965,96.6748605871488,74.36873658115341,73.54631641517602,77.8634548393611,61.95078909204329,94.65222517475374,108.82944439968304,117.40449316148342,39.33938818229524,37.539811962138714
2019-08-26,87.49423242197798,97.21699453501493,74.65800545806383,69.5883648086569,78.44957288269944,63.95283072587781,89.37255125888238,107.39907679410045,113.36012862111647,43.02886780400105,39.48373985365639
2019-08-27,87.22158459440912,97.26964973952181,75.1841776555724,70.05185354829595,78.43482120722001,63.8380500638741,90.17009879872525,107.35945104162225,113.15191887474181,42.62572658499189,37.77978573483017
2019-08-28,86.5906502710341,97.09180969294073,75.42734343968459,70.8463353304766,79.03599855785406,64.45549763125314,90.32165683234982,107.42477183857714,112.99050142617472,40.26139192763319,37.115314725411196
2019-08-29,88.53621069901371,96.07695756494574,72.23644756515607,70.26588085195904,79.17260457737162,63.77202969850275,87.26885634709065,107.76460882534137,112.69238039869937,44.53414747211711,38.987747381349976
2019-08-30,88.95663007946958,96.1929500186656,72.7219709014972,70.14931969772084,78.75468397604818,64.15326420719079,87.55534939019815,107.73056770727132,111.85497707466563,43.680608427220065,37.31539937647934
2019-09-03,88.8832834126489,96.67307514069772,73.62566317113621,71.95823668991471,77.66648366878297,63.233075078871245,87.11138447061757,109.03684382315866,109.74101529696885,43.568637813237025,36.558197558266336
2019-09-04,87.38023869184738,95.8654662868335,72.43570777680549,73.89819007962885,80.2742425969252,63.58861885790025,82.17815312588431,108.82356395743048,114.10956751228059,44.64096716255029,34.778163949964316
2019-09-05,87.28210490576359,96.30926179567724,74.15349633052197,72.4788305170709,79.09934532860089,63.745557342470185,84.49646223484788,108.74982975864498,112.60058245532211,44.80626567422039,34.38376494548935
2019-09-06,88.78294985434589,96.88488796957758,74.16395922767622,69.34280176251045,78.81504151161808,65.42436290105061,84.60696805980078,109.21846471917007,112.5320874624781,45.4896582257844,33.90886737582966
2019-09-09,89.44603772289975,96.93659543618602,73.04218585985383,69.73568393456276,78.9942888740449,65.2922928854933,83.94697021669243,108.34181605124671,113.14619020121467,45.494239753932334,33.02654999701794
2019-09-10,88.50663798335418,96.58021734726046,71.23785250439033,70.19281720904164,80.04523930482492,66.27341577920106,83.51835309887451,109.58892728773895,113.21435727321553,45.480822295011755,30.75863271314201
2019-09-11,87.23826081409067,96.4806851636876,71.41250564011055,70.12236316391544,80.07305064657324,66.52564694363231,83.70363911128099,109.72927261766822,113.13008999940384,45.30222156769613,30.0951413621073
2019-09-12,85.59757956742891,96.75754807990509,71.19640565546479,69.0118406748592,79.93396734756233,66.78391441702126,83.66587133240829,110.16889488296847,113.27150745268143,45.350353953888025,30.092391703611924
2019-09-13,88.85723839631827,97.68880692182141,72.21125181243548,67.19255103776347,78.99040154589052,66.68261306615017,85.21061617351795,110.51102632121348,113.28488920827675,42.069899181332204,30.098525358210622
2019-09-16,87.26320590127368,97.89755872798146,72.83335800443204,67.80282708504657,78.2129062776657,66.2871010834954,83.02731689438379,110.53298975077159,113.3412407741614,43.240589550248835,29.171591635462068
2019-09-17,87.9029117754647,98.15751084293781,72.18629579717796,64.44454518313898,78.92513599796565,66.91922921638964,84.07257326309119,108.69935486326297,112.48269408096454,43.5573908582185,29.64127823179026
2019-09-18,88.6660932027772,97.99712885383327,71.9166264908805,63.46334277899775,79.5088670607837,67.50875518209675,84.36808466640761,109.65454137633061,112.00082570355333,42.138086106155605,29.79355263834923
2019-09-19,88.74799341389158,98.23980342539751,72.21033865450515,63.21460460403036,78.49628414292953,67.55866946080404,84.30262704909437,108.42140366753885,112.76592855607294,41.93660854702843,31.3700763782039
2019-09-20,89.34926539107437,97.5121135452348,71.29998513662241,61.80719679831146,79.210344138852,67.06557471509953,85.08570594050134,108.26137029399892,113.06353847927465,41.38440808093809,30.849518884908207
2019-09-23,89.07562902950654,94.04215871690197,70.62201045153991,64.85374557255906,78.57528813797562,68.90925773575147,84.23013254377412,106.89501644699084,112.99429510462576,42.186151091860324,32.64469919412174
2019-09-24,89.39805763674636,98.03477525078134,70.78439716967276,65.23029879685656,81.53759668424549,68.98338213350573,86.19220963539588,106.504442983375,110.13366520808253,41.98594877038223,29.885418815556534
2019-09-25,84.07518475514787,95.09984605100264,72.8728819327163,65.81905314412619,82.25287142442842,69.42394719893026,86.37119612431394,99.94281226290155,109.57702553702876,44.75947211740662,32.26957258901388
2019-09-26,83.66769260695341,95.12566759265114,73.08019678354623,65.64566918093216,80.62658429846765,67.58017083999485,86.8093492887079,99.98922797572432,109.94556259093355,45.166669341732884,32.51144042276074
2019-09-27,85.3432981551813,95.55298872437372,72.5788068914399,66.20205068034429,78.0458411291775,69.12268339420642,86.07535851187238,101.04401382966829,109.19446307634827,45.5657429088866,31.281583920409005
2019-09-30,84.36188789648482,95.52213726788231,72.06265284110697,68.43042107024161,80.40551637815494,65.96954548860039,87.15539898399028,97.68161871560315,108.43292769421817,46.694246031170024,33.44777362413427
2019-10-01,84.06681903004072,95.48224945533366,73.24360209491228,68.79838550268549,82.03629073583744,71.1759524773752,85.28061753520196,98.97363653884291,111.70073131791338,45.37923563174351,27.735835627488377
2019-10-02,82.69453465819656,95.2079659583538,72.97244336193731,69.49469285432609,82.41916647627087,71.33791100599315,85.75325781454166,99.20254125128378,112.48502708191953,45.06241653936046,27.411248914600534
2019-10-03,82.56051585767577,95.08977655032803,73.09016132468436,69.59500092486154,82.40389206379187,71.37221254572394,85.72201154413004,98.97899479087542,112.33146122154095,45.271642169974484,25.98357109686421
2019-10-04,82.72013601304465,95.651951262964,71.07537291768324,68.92090072908579,79.76280917504866,70.71432621096241,85.8216266403584,99.15136926331954,112.97764258203969,46.194348418168715,26.548953335802388
2019-10-07,82.76793334736746,95.93099231996885,70.90306240060674,68.98593454402248,79.16178969935473,70.63338398055284,85.75274398932018,99.0268103492612,112.68620158809838,46.55910429545494,26.07037039325297
2019-10-08,82.77218093347695,95.91687063961024,70.90497818020509,69.05970020414473,78.95261965614779,70.6697799628679,85.78463751872377,99.03445261647724,112.83234711025473,46.4971995192441,25.744910472459214
2019-10-09,83.53649798808968,95.8324737457645,71.1528667826465,69.48883129295439,80.10600640837922,71.09966342680897,85.54574243194718,97.84259330645914,111.63344259044818,47.39627703144025,26.768541476671693
2019-10-10,82.94289572310319,95.6283266353687,71.70388915919807,68.03929481277231,80.33303345922643,71.26367957261087,86.20122630656327,98.10110041488804,112.20534701422126,46.27413054350266,26.96183360762783
2019-10-11,82.94004558724359,95.54860574944804,71.59880211831066,68.13616797350709,80.38412797040917,71.37911227611387,85.93674538545724,98.17437682911957,111.62285692277146,46.12955487579233,26.879500454034606
2019-10-14,84.79841999429647,96.89174258351763,71.87566265848407,66.4734980299723,81.25912615551572,72.0350375180556,85.67057202715222,99.19447001950391,109.37064345843856,47.54784059452561,25.848578950496222
2019-10-15,83.78211998152577,96.22169034771584,72.30540980463644,67.48574344734733,81.35043204791018,72.29098282533204,85.88292530707528,98.36090987407775,108.4394080378787,46.93019096513316,25.991295413148602
2019-10-16,83.11575377045172,97.10753180550029,73.01111332948727,63.87085263418719,80.80070263615856,72.5820098307053,85.96215790719933,99.0906378019402,107.97821313451126,47.77405696225516,27.311204991553165
2019-10-17,84.10766748802416,98.29982947840597,74.45648311960676,62.91827991799344,81.10231395751833,73.15744450549408,86.26259798741997,97.56995542308371,107.50453006681222,47.90724767835629,27.90673459137322
2019-10-18,82.42938923665415,98.3313858231366,74.78757961021262,63.090979451860164,81.32851364070129,73.27340905832398,86.35661467836955,96.6394381611506,107.2030743461284,48.14668405700016,28.083907492499563
2019-10-21,81.30095253918459,98.56309102003291,74.53281000128668,61.828857687179884,81.51408515330766,73.54215185258298,86.32035995209343,96.86494624952297,107.2306016773945,48.153186801257796,28.133350960131008
2019-10-22,81.38333489101309,97.16726513161555,74.36029902417216,60.87341478872937,81.29293520048589,73.85751725630038,86.5376574840959,96.4643795184264,107.80187657607729,47.485998032315145,28.103974989093352
2019-10-23,81.56504961871231,96.7513100607222,75.48788309545334,58.22715367636459,82.09469769785672,73.9202681038215,86.03457611596423,95.89723079941263,108.15530357824333,47.735338924294744,29.0831381899498
2019-10-24,81.38804848327086,96.17230584030028,75.91533036569126,57.389779540557946,82.51481184263011,73.01121893493472,86.90060192222305,96.17998824974084,108.07289080490645,47.45750600705078,29.19289677023658
2019-10-25,81.99545720508858,95.31691275415105,73.25807109124476,57.496059760734035,82.02480474939983,73.11395418319444,86.26989745801698,96.31599190418203,108.92721667187769,48.00822198457333,28.941204165659272
2019-10-28,82.26107129573809,94.83064325012165,74.68822850547603,57.24475804892341,81.8199633726763,72.84760074876974,87.37395822065028,96.0898355820781,108.62094555174079,47.4003960099325,28.19394675949104
2019-10-29,82.52905826701785,93.00202525717864,74.7478036788617,58.42273791336265,81.05125411983995,73.26250953937001,87.52573727400996,95.5864664966368,108.63375082809296,46.93690839726828,27.447017072944544
2019-10-30,82.7339761957438,93.11931083849275,74.90011579634617,56.16550889762439,80.92603117560392,73.62546304108615,87.27753316835611,95.74343811284594,108.82578591432335,46.80470784803542,27.41006279602283
2019-10-31,82.84253581509469,93.03385078272585,74.98540838960666,55.328463286501524,81.33792263914135,73.18882194746504,87.73317693883055,95.7450887936557,107.61775116225846,46.95155063849144,27.60197609966143
2019-11-01,83.164560835466,90.24042519677874,74.7835779858675,54.32740088574865,82.79260393645707,75.37758533066587,85.42647183602624,97.13420646295913,106.50720621473288,44.79722185498767,28.399504636131418
2019-11-04,82.65762121493421,89.05806798054675,72.91644673848117,52.98167090900598,80.34808676316187,75.39769792784881,86.34418927730334,96.61534165091702,106.30496773109421,46.15377495663769,28.05020991167499
2019-11-05,80.68637169912958,89.65778105233267,72.33457004754605,52.89627015315216,80.74624527520737,74.551563898309,86.64739212585691,97.06505364928711,106.87468083753609,43.52612911683964,27.808468299631574
2019-11-06,81.93361614202598,91.07734783421257,71.65568118892534,47.869511681881015,82.09286332830575,74.85773616873303,87.65233229528725,98.16868709818267,107.10223452570244,42.60043678354233,27.95445073180381
2019-11-07,81.26008549884023,90.21918677017801,72.1261326456318,47.57774344017356,82.17123608564746,75.3468448079173,87.94708299851182,98.76965464062694,106.8726288857954,42.64615726353011,25.280250269842995
2019-11-08,81.4590815263126,90.54118706171047,72.1313611298902,47.306121038687806,81.96158210965622,75.18255053761492,88.02679513760316,97.77620301544238,106.31556521089182,42.777468914390155,25.424669374916466
2019-11-11,82.53624139855542,92.25431518777141,73.31180373024597,46.68301057162383,83.17006162763037,76.04992691300819,86.61924435078681,94.83168531910506,108.327176914308,43.77445279095111,24.940952665390075
2019-11-12,81.73460176781629,92.14218143962225,72.01507711147809,46.58141811150383,82.96317763830568,76.04021006353612,86.76479559272148,95.37661308072776,108.43210582613439,42.758450387424105,23.840326333448
2019-11-13,82.51192558098822,92.32030182358884,72.54141934325575,46.234983829968854,83.2564305212542,75.74935802620386,87.36437433478055,95.4692949837003,108.77670479894633,41.446245360828335,23.755972761898384
2019-11-14,82.65948866834987,92.57924989113941,71.4898125314932,46.43647586326479,82.9846416634768,75.88408482675595,87.45048630644025,95.40593643892191,109.04451605551975,41.42079689948842,23.748362528174717
2019-11-15,83.65834633263611,93.76855693794461,71.5936406571108,47.15727606239816,84.54229474655604,67.42954613437018,88.65973722718758,96.4791326881032,108.09757904916141,42.291390385364494,24.82648824534631
2019-11-18,82.43582692193908,94.83732091301229,68.00066244645767,48.034020969608385,84.27060485955052,66.09990405366618,88.24691897113172,97.72990938275296,107.81812327282455,42.65246044660981,25.010232204117422
2019-11-19,83.03658006370257,94.26536197302882,68.65278601993674,47.71675375632018,83.6657492539428,66.17663222073996,87.81783004129501,97.72372906022004,107.67026271399267,42.202422848859854,24.57413975085341
2019-11-20,83.29653632980994,95.51286592722397,67.5783570167898,47.66978435770565,82.08468257898858,65.55532364287389,87.7834468403689,97.78825304395602,108.43404549889506,40.5096020511222,24.53461280651472
2019-11-21,83.01330394910578,94.57375771686453,68.81020487660251,44.50257400957836,83.47127732109556,65.73430461759462,88.77729343792882,97.59669427765937,108.53935555118781,40.58835976610311,26.021077661786208
2019-11-22,83.22791291252038,94.61930896037902,68.68487639546686,43.406159330998825,84.19296494569267,65.83804773610318,89.5784100357835,97.22636722758268,111.06950851030953,38.51475523678728,26.603869944964867
2019-11-25,83.18361528702607,95.73675175162147,67.6205411354788,44.35546977776513,84.82292093125625,65.99247991686462,89.6444842735468,95.00092849016129,113.04541495811324,38.32892994912721,26.30357137109317
2019-11-26,82.02504909427721,95.75920312517901,67.37303030174907,44.339074968550925,84.34750980075643,65.60902400948191,88.8876029850386,93.72732210597019,112.53437450237224,38.15135508849162,26.02914941766351
2019-11-27,84.33789971330327,93.25558198816967,66.86528789790702,42.616732475234954,87.06136954798035,67.37534728971282,90.93232487233396,96.93695467674307,110.31038682654739,36.90814975461202,28.643758567173936
2019-11-29,85.08981215732095,88.39505533258385,68.62176771294759,43.18832808591034,89.25279277542693,68.59686815731911,92.62949234033559,97.82767051923696,109.89037848690629,36.60725700732714,29.498045315691897
2019-12-02,85.76299506070372,91.0718949991842,68.36876698422564,41.98403903165374,88.15320226107083,68.18332799338896,92.66966083822737,97.18407625921736,108.76751460990377,38.55468736978154,27.040111793287107
2019-12-03,82.35371470309273,90.41146744726612,68.19819148841486,43.68258437640265,88.83196917195659,69.07995378466434,91.10116714063622,94.80310189353355,110.26390655710517,36.885238732376,27.551050270090233
2019-12-04,81.72760551925539,88.76348049781487,68.78989184181607,43.98239680647397,89.18201296460484,68.96025996346603,91.6486751634975,91.89955698534075,110.55361344522859,37.40931129747956,26.77763560307493
2019-12-05,83.70798296611889,90.2008584603193,68.2872237362226,43.63047990325298,88.51829681803179,68.34029905213548,90.9522203487055,94.85904016651087,108.63999953440417,37.922022313056004,27.75858786315969
2019-12-06,84.86663308588007,90.76381895968233,67.64742066710886,39.333526390565815,90.36183009865333,68.10713145260125,91.79338723070782,96.22690340836729,108.0663312528132,39.81395410060622,29.40813871729833
2019-12-09,83.68657416111574,91.74262825768598,67.86087031639381,38.459538249399905,90.59884234328658,67.90992769322867,91.88471820962464,96.68728771519879,108.52394894957457,40.513718575896824,29.456710672636728
2019-12-10,82.05896419375627,91.42945855453203,69.93451855588742,39.15530531882206,92.45380678143884,68.10960292644718,93.8336635511185,96.28512100052855,108.82422420403323,39.35159700405934,29.848256049460968
2019-12-11,82.85655585452119,91.5863586544643,71.17573449963643,40.79583341766813,92.88878585762879,68.96029953369091,92.20682988360029,95.3881525130312,109.70505244318619,35.70551507246061,31.696573745510328
2019-12-12,80.33665738013667,91.38026167315792,69.82737533621464,42.89635250105887,92.47447974213058,64.73319893963517,95.8552132479749,97.91676415709516,106.63145614484554,42.839731168608324,32.30025208003048
2019-12-13,80.72131611251766,91.23355760016483,70.27665839802651,42.328063565087035,91.40351970870805,64.86507974524659,95.64121710006,97.95834265847334,106.14363857726222,42.478126530438814,32.39623880232762
2019-12-16,83.2726131077985,94.88020897005823,72.18038937039158,42.4839545977206,90.02104821521858,65.01402813221924,95.34961702249005,99.0823673611439,105.6926341999851,38.69638359627363,29.607093639932735
2019-12-17,83.63333465989918,95.69558042760205,71.85591294437182,42.12620590523139,89.91444702705712,65.00776854638737,95.34997262961444,99.34003715991484,105.88689809374365,36.3411047840869,29.023354740611424
2019-12-18,83.49480092045506,96.10500006748936,72.44938569155211,42.14169310010575,89.93529789570297,63.37111879872128,96.01915866065845,98.2521900266528,105.68397442281822,35.64758399902908,28.96607420602002
2019-12-19,81.19573492291234,97.62205321186843,71.04342163177229,43.95216430507269,90.92019191518654,69.0503410475513,97.22299540123929,100.4826335432232,105.52426408228831,31.40988605893017,28.9373456578536
2019-12-20,80.84478982147643,96.27130727733318,69.5954656006636,44.4333231947707,90.88608412405003,69.53205736080992,97.66283961987352,99.12037575652785,106.02481098439769,31.53431108110997,28.166724218489705
2019-12-23,80.68983130924101,95.99733830111009,69.42986963802622,43.7945554607287,91.0233683059715,69.32287778444717,97.45737385567128,97.90965193427459,105.85967884801413,31.40661602914073,27.48071169797447
2019-12-24,82.18782258040481,98.1109209084581,71.8173142821162,44.8263635357782,93.04943523857003,71.20532691926795,94.13017245958989,101.84179166415609,107.34051595460322,32.54069945589319,26.850357668766115
2019-12-26,82.37976433068756,96.1020453833999,70.87751579656589,44.08571777331114,92.09593751475828,71.4971657409537,95.36339925829736,102.57402949780702,107.30654374443358,31.916402420044857,26.548882340619677
2019-12-27,82.27847154885153,93.08012018067164,72.09286897738166,44.51984628657497,94.18312229938714,72.23437725612682,96.40939555803732,102.47750964236369,106.73182120623127,33.409568526865904,28.25206920118513
2019-12-30,82.77861076666474,93.54723656751922,71.89051925020887,44.41868998795064,94.10692144396263,72.24237545065827,96.52101948605102,102.7722285710729,106.19004794585777,32.43203487171787,27.499664514031195
2019-12-31,82.74588396814899,93.10952384147784,72.22431240847914,43.9992943273815,93.7504655628324,72.4751703015233,96.65534096724109,102.6003780217349,105.72563048075737,32.22355119174631,27.79289183284801
2020-01-02,81.59727582459857,91.79258681171531,73.20465277630036,39.601867606121225,91.87924404553732,71.34303560124849,97.05059277888918,103.56861936597818,106.64572949621248,33.876215306319324,29.18706464457134
2020-01-03,81.7937172965743,91.79157199125424,73.22270163727967,39.31727022258259,92.02815058950455,71.12851497044502,97.03969463368124,103.71598226481235,106.48366318931265,33.34570428911756,29.081762257854564
2020-01-06,77.83057056818532,91.76236395205504,73.7941152844717,38.847179892572655,92.87509179454034,70.37080202852191,97.44364350075924,102.22730305189319,106.57528706371049,33.260654318870195,30.27729212760585
2020-01-07,77.2248970422377,91.47542150579768,74.36075404329758,38.7786752086884,92.9872362408845,70.45789953430072,97.46559866618674,101.901486353412,106.60081754524073,32.103472313312004,30.5737602915379
2020-01-08,77.52453559949556,91.51813968711926,74.26623715316235,39.725183707372274,92.44430236619156,70.10804293838439,97.66752679338202,101.63673622497375,107.48050491683875,31.984751947654196,28.210065873204826
2020-01-09,76.64988148917729,91.67220635920408,74.39496291295009,34.21851331911464,93.86691675659634,70.56712791702347,99.47797176146777,100.0727432181941,108.20004802226926,34.43178996649665,30.417018606539564
2020-01-10,76.30164546591318,92.04913840650732,73.68622403915985,32.44929977094253,94.56272880137476,71.32440685832567,100.09737704086436,100.06902248639875,108.90622029346872,35.32969605781378,30.141975562445808
2020-01-13,76.53097965260113,91.30370587900462,73.27113745613558,31.695434358483883,94.75645017531572,71.31653840831372,100.53900621115552,100.42152176562401,108.62393805609675,35.51092814414041,29.909372151260126
2020-01-14,76.80453480366143,92.61321287685554,73.00104979434575,32.68178863754935,94.18535330109303,70.07518896821317,100.79198654856786,99.9616499565541,107.63143449196185,35.61281304513685,30.356948570512046
2020-01-15,76.01996691331072,92.4652263499721,72.29796986340676,31.609597387703726,94.20523900860357,70.5641196829078,100.70377437752526,100.37668778968992,107.83771973331056,34.734155192869665,30.4308046550183
2020-01-16,78.22773953534178,95.64615542684571,72.22143703649468,36.035791239058845,95.5740724786376,69.50138065505926,102.91194615133703,97.77264529045004,105.05376622001715,35.84008854882335,29.07926575942896
2020-01-17,77.80821726260976,96.2208807497633,73.41732214843253,36.22235250642213,95.73142717860961,69.48994382792627,103.11069742175144,96.0600643796289,105.39830806617947,36.017933747290755,28.120798954758605
2020-01-21,77.73584853682421,94.54473024152108,73.85675778240491,36.96398334505721,96.03913924039738,66.49776207848628,102.83778979644609,97.14552391683861,103.28808201993962,35.80026925401062,29.56482867647637
2020-01-22,78.8924387505959,94.09909421673392,73.55877950392605,36.98533027220994,96.0444012009815,68.02147467113113,99.73394162377053,97.47159156448427,104.05380107086458,33.06584849287718,30.426874941364588
2020-01-23,72.37784694725896,97.60112464032585,69.92881887285222,39.19901140819699,93.29866396086844,65.97700988316362,104.92983767995871,95.66155932046536,105.58684297592329,35.424350410144385,30.281197369544504
2020-01-24,71.25380013003539,98.01698488289554,69.87656565468217,39.72044553735872,93.44892589053072,66.30746197056112,106.20853204175711,95.03937144630386,105.88936384993983,34.29430662364297,30.352402654473813
2020-01-27,71.5179118809312,93.95825880028181,68.77123296057057,39.82500702099552,93.49128643741385,65.03725589974958,106.24453113252508,94.82473442740859,106.54011334745468,36.54942912257491,30.386190556462687
2020-01-28,71.54631282892339,94.36344543079987,67.27605672025871,39.529230109155634,93.62860450787541,65.17646415726013,106.20861947233334,95.07329698676476,106.34436695033199,36.23368399170995,30.432238527963506
2020-01-29,71.37171702010654,94.15860893975872,68.06483263861497,38.34069838297643,93.64744071464828,65.48724258451333,106.3468090374254,94.84388376015669,105.44524129411987,36.299816096343456,30.772848234558936
2020-01-30,73.02363909288785,93.09961188348987,68.56039125746969,41.287688797789585,94.2804402059676,64.19819549623344,106.56119312812329,96.00375231970398,103.77750382588454,33.914006135209725,30.689203414902455
2020-01-31,73.4282964924894,92.77457365394166,71.4076939822005,44.56185959602345,97.54370774525813,64.56511974709501,107.77934761667255,97.39377778691959,104.2527745494225,32.090279606404415,29.229086688844788
2020-02-03,73.53623552892472,91.82646200175189,71.41896420393012,43.850458260205116,98.05026655100751,64.22909524381352,106.04945060043957,96.27667492465599,100.20577640078096,32.403117569076116,29.52904512372215
2020-02-04,73.54321386014158,91.9290933497156,71.64280074446206,43.575205597994255,98.2305212972068,64.43965321198974,104.94694996392043,96.78307665939076,100.3798462990903,31.817117322640094,28.8309848129534
2020-02-05,74.61096456377456,91.96688360275303,69.3196347084842,45.30992316242164,96.91288837836642,64.07366342723337,102.40000786965855,97.6387654429661,102.68553036488122,29.66782069927742,29.299310189562338
2020-02-06,74.54191211330868,93.71321181713824,71.66865690841628,41.232579058511455,98.67411839267692,62.29804226611571,103.40899813708532,95.20866721147121,98.05434330984573,34.734703120573585,30.42555068290956
2020-02-07,74.46422724861371,94.326592281311,71.58640112747055,41.155061740437496,98.73695673099371,61.432385868580674,103.80314948264605,94.88345024161376,96.61866889887312,34.576749494125835,30.900722284058133
2020-02-10,74.84712819425349,93.62882509207523,71.898911708482,41.025297667136556,98.73239066420786,61.3303342516581,104.29987566658788,92.69539319389776,95.84029064286044,34.90074507920369,30.94854436126853
2020-02-11,75.09168700517195,93.55047799817225,72.01160241639231,40.480029237387164,97.76987003738701,61.15978430709425,104.28857921982176,91.98142943000288,95.84687271307854,33.65352429563134,30.627631115545135
2020-02-12,74.70465784292962,93.1988596935334,72.66978279697408,41.00190862179996,98.11523990205151,61.32723696817306,105.23126261275878,90.60293041102153,95.48732133020971,32.89554352012889,31.338081318313694
2020-02-13,75.49323766839896,93.11345342227814,71.81012785083298,40.98637355308053,98.17547323960314,60.56395820258275,104.77938590044981,91.36013988642084,93.83645303542389,33.26809016194036,31.795658686125165
2020-02-14,75.67031875753256,92.60914271431183,71.62211759810722,39.46877415528968,98.85324858317512,61.72696619031915,105.41056030315679,91.2359962002361,94.56449204570984,32.81245335128983,32.01455084430438
2020-02-18,75.75975162975666,92.92361962156339,71.22580686514846,39.54988086619873,97.88419041778769,61.74444503981972,105.71593179787075,90.94746516570812,94.34618920999618,32.47141936043478,32.00097810667303
2020-02-19,75.50338957877267,93.25615427027786,72.49930666340258,36.5777241889072,96.65692449905144,62.83314467932496,105.81822569959517,91.73476737095221,95.26579745535156,30.383745968994038,32.391928786001735
2020-02-20,78.13960913717993,93.1926354002934,70.36525910442552,38.05217053495257,98.23442677408421,62.5709358526365,104.59358429207988,93.58097356462547,91.5057281534913,32.90061198174327,30.019598743795143
2020-02-21,76.61891996218817,90.62174460237901,71.23628947179984,39.21507348556416,97.71903442657431,62.68627618697103,105.03392072859805,87.82436701403395,91.04079511438931,33.395768214937064,31.47214863608517
2020-02-24,79.32286374920653,94.33497267338684,72.5917452014001,38.83937363805151,98.77065762438102,65.02373354764022,101.38435314638636,93.7552938906093,85.4645100600884,32.88951547248808,31.21352163596352
2020-02-25,81.70145353021316,96.56400727581148,78.67957158145842,47.563005427571746,98.69931101153364,74.14591776688721,100.44959567957989,101.39422245832024,85.34776573979727,41.19023622009487,35.62920870221354
2020-02-26,81.81661278327248,96.82896860292091,78.68913366047803,47.62438677421003,98.50307468378352,74.10059903350587,100.58091713213852,101.6129697926252,85.55603399466136,41.35599120376135,35.94100732329087
2020-02-27,81.63190144719321,99.32545909659771,81.92216212064044,55.365896235653075,96.73108185589055,74.9605918818997,101.79748797858568,101.93764058716437,87.49810197835369,47.54995907334318,42.823486983202635
2020-02-28,81.49432990959184,99.62319522367243,83.70153609213672,57.990208252749426,96.06257711399886,74.81789942523555,101.13221236583202,103.15521441866497,87.41549105082291,50.94134594417996,45.84524136629837
2020-03-02,81.38784019083397,99.75152768321082,85.66896136805462,60.67358081092602,96.31513966428533,75.81707141936516,99.62727023586928,105.15940476608317,86.80120545976432,55.158222253521124,49.65374591737108
2020-03-03,81.08827896102497,100.02541073679818,86.59724878729007,62.107685398860966,97.22468173826547,76.95197026251778,99.56086722514306,105.19279176959002,86.35274494180236,57.28353944329777,51.99828552863754
2020-03-04,81.38710197772897,100.15050580093838,86.18363010831803,60.83333838006798,97.18507253198425,76.62708795954623,99.19105440910096,105.49142431589814,86.07516912430377,56.6418484059881,50.138073814873
2020-03-05,81.37546589830362,100.24004984526117,86.47343541168681,60.70102253495296,97.35128314231537,76.72928724447638,99.29045731311228,105.48547213097629,85.6130836896126,56.885835948639226,50.56083635261319
2020-03-06,81.67896975656022,100.1469431370144,87.8172647647632,62.5399969827223,97.1457096719954,77.3777613551927,100.63387971201443,104.73995188593864,83.87999942603498,59.611343231199825,53.879509958688615
2020-03-09,82.5347967303441,99.84593994760961,88.9375638513263,67.64226898760634,96.84546317549449,77.2444581050108,99.37449604892582,103.03981123950607,84.23553543504967,62.57233533478462,58.46206456851296
2020-03-10,83.3423923014304,101.58604171427454,88.65959635555653,73.17628857348281,95.9317063504008,76.74428285795175,98.83625353205946,100.8926156235081,86.19666527166332,64.67619385737683,61.04005509976143
2020-03-11,83.69822784257678,101.71978199813805,88.57474268210484,71.43667666745854,96.22545373830093,77.25759310816633,98.83632734548691,101.27073909367604,86.43042324266774,62.89943280116507,59.84191097921412
2020-03-12,84.36450729428732,99.33417230534592,91.26187698723977,73.92871121137392,95.73745500474998,77.047951718804,101.88921711745284,97.21716439383755,86.56650601383612,71.88575075908095,65.05712706060422
2020-03-13,84.5076299560528,98.56802430087505,91.34278093977173,74.04041529913452,95.66590421222,76.71607235399806,102.32456933709673,96.57713564724588,86.76703390164649,74.23748494746245,65.60285656231109
2020-03-16,85.05527872108388,97.5928034748469,91.31636293001681,76.11917659662627,96.40132623314649,76.5802494612679,100.16454398242307,96.67282353565083,87.40220696647926,76.73998444005606,67.1480655600115
2020-03-17,85.26594008819062,97.36270133951584,91.2940740034831,76.03526283300077,96.51163737906231,76.23017026400866,99.74798664255836,96.74232927000098,87.91528282705609,77.16504141421136,67.34233037141632
2020-03-18,85.12014835226029,98.23221291790021,91.18893866261497,76.29421712780909,96.34603693576595,75.58213273382496,99.24611535867139,95.91692507117142,88.52378793730925,78.68695754913546,68.58175655542651
2020-03-19,85.32331933986167,97.63981774259804,90.24356579212453,75.97332636117793,96.45707541900916,74.88020481195679,99.58956934601247,96.29514834722491,88.68445075827451,78.6173337029363,68.59810207124164
2020-03-20,85.28380360034505,98.9787099984811,89.79875751738588,77.11064344031637,95.71685566778422,74.21343180578876,99.66668215280815,95.8617585104,89.17425823138478,79.03430235664133,69.35552629825193
2020-03-23,85.44145406175065,98.95405970868666,89.5442899979996,77.15013789277683,95.99081359863649,74.25454306290305,99.83157313422382,96.01954953236374,89.47487933488492,78.37300095378016,68.38749738202104
2020-03-24,84.87958013787004,99.1839998052948,88.82403420793875,77.12542332212927,96.07863921072322,74.41033373772615,99.92952207078045,96.31029369265045,89.60148284337781,78.27206827251284,67.80593315510451
2020-03-25,81.51179779112756,97.42236189003552,85.19471326431841,80.12695421407744,98.06485410133902,73.60709328088859,101.49376045924522,93.83012250985813,90.97419172593823,81.21028338043288,72.41191636197867
2020-03-26,82.43202445099314,98.67688217814674,86.23492015212689,79.1194126664871,98.11627030916749,73.36404251521733,101.20521483010839,95.10188722670118,91.14923488581478,78.8093724263482,69.79514837638597
2020-03-27,82.99139302600567,100.14864393668091,85.8106451463039,78.70746913810812,98.53141944041977,73.35129988954307,100.52986151984447,96.07159196473754,92.54810579300022,77.05618260754271,66.63548317355267
2020-03-30,83.07577985438033,100.29538159675135,85.72342490577144,78.59250185904726,98.4908114484178,73.4846867975668,100.14438542757668,96.32192747855963,92.91211038219296,76.89347868354947,66.1503001215656
2020-03-31,82.72764875918487,100.53361130242267,85.47537210308155,79.09274161759393,98.87120812283747,73.01657095904075,99.49456805257769,96.48902675956944,92.79228432236933,77.05461313816106,66.17584252455498
2020-04-01,82.46214509718651,100.72742966270184,85.37579499993039,79.68632505908528,98.80367619687287,72.42499844319563,98.60475722795675,96.91639208567268,92.52566714871062,77.92207327663509,66.09638938134194
2020-04-02,79.75316182393884,101.2559440631166,86.67262839678811,81.37686584189147,98.08749789353594,72.48223236774679,96.64462261551154,95.78334706379965,92.75588928136409,78.43360716385627,69.18447741526752
2020-04-03,81.14215434563594,101.86546966283146,85.90450980665248,77.57419765505053,98.71239910525377,72.53795651091818,97.18328031919022,96.97025580799823,92.63029156859888,78.44927250982889,68.18344286317799
2020-04-06,81.44798401843319,101.42522736551398,84.70170197955889,79.46374245045456,98.56766229065109,71.95181900202512,95.90710812492844,96.8956356785751,93.60708822562175,78.37859633180179,69.08119344198137
2020-04-07,80.79411280581319,101.75785308765352,84.80821355840477,79.62042051424223,98.56231604682235,71.99724301728828,95.74131519565653,97.10553812539347,93.61470201875537,78.4513547229565,69.22805725815806
2020-04-08,80.63579593083868,101.72627824287314,84.3975348729415,80.09801353763056,99.197704473747,71.95383469330909,95.7684719311454,96.16732625664899,93.90417753935994,77.66269216799546,69.14589146791857
2020-04-09,78.65131393665254,101.58268472439326,83.25285556797876,79.70018293503296,100.24891123206898,68.9540228769243,95.39346879447321,94.7439019742602,95.44391608964015,80.43124721743362,71.05514127119379
2020-04-13,81.8827750269427,103.28670494090035,85.37257243380449,72.71915076494047,97.85907818644058,72.82076976269894,96.85541796564519,97.93742843983794,94.6332359032628,76.48415274225023,69.34700254323371
2020-04-14,83.3233470507288,103.63374245486305,84.86900477565943,72.5605770738766,93.34050076615401,73.88902165616368,97.08492622994933,99.78751321339027,94.72250014684089,75.60517768764005,69.62588623456662
2020-04-15,83.36077036769737,103.82879275751452,85.0278069573006,72.22476005736615,92.12954566405043,74.09409529910786,97.49008078476213,98.2142582293103,95.21460539994244,76.09953470198991,70.04513499425457
2020-04-16,82.98018636950863,103.78380591572765,85.18396218778679,73.12797199469067,91.40466714650691,74.15623985613053,98.02605056850551,97.20230880814657,95.75038495334235,76.48248009652578,69.6408241843223
2020-04-17,81.48462458602552,104.49774195746441,85.77083723642153,73.12529978947967,92.13560102973724,74.14989227492046,97.94133755401135,95.94621809820829,95.62463649891471,76.26200876614996,69.95008655146934
2020-04-20,80.79149813781522,104.73733069964129,85.88707669398228,72.35930031420585,92.43028141977723,74.05606255360914,98.10355895499114,95.09429111342575,95.95808495073327,76.24172372449169,70.1621937918675
2020-04-21,80.62697421367275,105.03941264765574,86.43861019339232,71.74582935743759,92.76545669698244,74.16317730124894,98.24050922867826,93.84529300857619,95.5875549227454,76.33059977505275,70.29966583760798
2020-04-22,79.90250659202896,104.41174642705867,87.17427500874554,70.02329791967969,93.16657478399368,74.21781892998374,99.35410177185385,92.18139405108644,96.85037485616141,77.36721119659781,70.17373428279959
2020-04-23,79.90022619500883,104.2733210067625,86.83505235575166,70.68120478234606,92.69703041348188,73.69511464957594,99.14661437180345,92.64541001280784,96.88164694712387,77.08752030374443,70.91007668313297
2020-04-24,79.59815003459859,104.42334023309148,86.29020234291363,70.19411765038421,92.87482266143668,73.80423805172701,99.40977579489818,92.80381668332141,97.07193832826736,76.52018036464739,71.16181375402074
2020-04-27,77.44464809312849,105.62451710823785,86.78635051508552,67.40003540199787,92.50735121607934,74.88490808804148,99.92843194806167,91.2450633475616,96.54331179126292,77.88835099607029,71.17612171031163
2020-04-28,75.40715306753748,105.65864731892236,83.93847630468267,69.39783489557475,94.21245580119759,73.93004995798557,101.504891633245,89.48290742969655,97.98680928627905,78.9017034875048,70.79249433928018
2020-04-29,75.88554877202702,105.77990447299632,83.36767789913394,69.04442075119948,94.42383470680521,74.32198729068492,101.81542709734585,89.7596392828533,96.37721833125381,79.05605242402605,71.10370099806894
2020-04-30,75.18641563753442,106.64370051449,83.42931270810529,66.86633518532823,94.6625579884075,74.85959750963622,102.00370392497359,89.30036554020697,98.06506323985283,79.50847303889775,69.85777968811992
2020-05-01,75.94559155892084,106.90492639492071,83.8450680350103,68.44013935180399,94.06734414409325,73.96660955571218,101.74301268918715,88.32685900025041,97.10075169408401,78.98222289587545,70.44546179585137
2020-05-04,76.50637876291559,108.28531851568451,83.05835061975046,70.83203756801453,93.0709817571539,72.10883304394878,100.12108688071555,88.9114145545176,97.04126143901166,78.73373072867098,70.19545411340553
2020-05-05,77.89986334431923,106.52536524672198,85.94768319182855,62.732218731895145,93.690511091028,72.25807013016824,103.55328359999342,89.31509713042311,96.91743036722065,78.95292740989404,71.66765204043652
2020-05-06,75.67764565088652,104.04272269327153,85.73309464116446,65.94693477985815,94.65270693440266,73.1062725647331,103.83408492450197,86.87033857428098,97.61343347937292,79.0658407944868,72.16883243595802
2020-05-07,82.22030920590966,111.65422059286009,86.69295512279325,63.52232896844758,86.23798724606851,75.5232741188558,103.23603189030446,93.66429172713205,92.32301851922023,77.14236376456893,67.94087179128286
2020-05-08,81.62263862430305,110.63225880642347,87.19544975605474,63.86110893409173,87.54842559633416,74.08020831163381,103.93359506458569,92.4584411114518,93.10900835118477,76.60353312223262,68.5357072828108
2020-05-11,81.79844906583477,110.88961449508238,87.74502037879218,63.546798524400344,87.33660635466995,73.29051914306591,103.9648851060897,92.42734042887675,93.1147486299263,76.48664735934673,68.68267600464367
2020-05-12,82.50214520149618,112.18807258208352,86.01520785786441,60.480302851235955,86.62307804914002,76.95817466654945,103.80740285073753,94.6882867904703,91.70886591510299,78.93094989474972,67.66415180119874
2020-05-13,82.74040341336966,113.33961480866452,84.6917016617991,59.5582294819861,87.58772253437542,76.82268450110594,105.56717961469369,95.10004473079672,91.67888494255715,80.69638857518902,64.27792833246733
2020-05-14,83.702467273729,115.29509370919239,82.12720724660636,61.267302923330824,88.20863322350081,75.22048417553114,106.68388083409046,95.56391482603121,93.04010387371923,80.3025160021565,62.240744589957146
2020-05-15,82.97397826619581,112.32427058630854,86.16696656313188,59.87514911278255,86.61825024830218,79.14390479740652,104.4350365896899,96.16322475132442,90.54891844799383,81.67528860815811,63.16068337426147
2020-05-18,82.53507277023132,112.16364603361939,86.74537477241306,60.03156243545618,86.20379348924034,80.27323827965874,102.36944743256535,95.86627280254098,90.75075151673022,82.05850255043336,63.326778113332956
2020-05-19,82.4964446574175,112.22006225009143,86.37977719534582,60.13110809972747,86.22943978345054,80.29890082013911,102.42234901077136,95.9086626558628,90.75323435439005,82.20549483805641,63.06983539132126
2020-05-20,82.24013615065324,112.00988770901576,84.57824564674642,58.018808453275874,85.20716406280364,81.11914752177613,100.07724704639381,98.68777333394812,92.45799728938229,84.29320894904701,64.16155516964443
2020-05-21,83.96950258454537,110.99327728580674,84.54706793960972,60.522918745557355,84.5816374027266,80.31330244098807,100.82027874183335,96.81613918060927,93.11174073302817,82.01003937090321,65.08062846161891
2020-05-22,83.63178295205059,109.86254211789208,85.61648142952073,59.128030242254674,85.57327044335673,82.85521040170764,101.13602577670656,97.49828135419136,93.99135912872131,78.70854153661105,65.12953994461938
2020-05-26,84.21885637689067,110.08537199524893,84.28103931585348,57.05497916883127,85.90541492032253,81.54371673757913,101.6524247778372,96.7481637363918,93.31808544397943,81.10151616457608,66.31348522645106
2020-05-27,86.00390260873908,110.41765407350407,79.47564797647212,53.23177574593471,89.36809797724595,84.8246579709943,102.31957208003068,99.02993623721409,90.39434725417856,81.4030161457318,67.73384027136926
2020-05-28,85.91043971732026,109.589175319802,80.24437516539703,52.819107313783164,88.60068472439212,84.8721180484952,101.71180350698118,98.93979436177824,91.04369198740318,81.40706855961649,68.11257965009233
2020-05-29,86.05548007925327,109.48388727912157,80.50515945563072,52.72879784140157,88.4530130672732,83.50963498819574,101.63180449545357,99.067448222825,91.3246403602413,81.94024404788264,68.22254060653009
2020-06-01,86.39743706438787,109.9208478330703,80.3918742105371,52.45685502817582,88.85252389023464,82.90932943652223,101.78718035957941,98.44687229279013,91.22997455064113,81.4140099823918,68.11928515485428
2020-06-02,85.75520463784032,111.21217968264682,82.24225529753471,51.44571037134042,88.97463573001683,84.06373093857944,102.175473643456,98.93401246372468,91.12683384386183,79.37380791753571,67.22513710723939
2020-06-03,83.12023138362129,111.84329899196898,77.38267912560612,51.98246304698306,89.81764152813992,84.36009251924371,101.38174540653439,99.50240563415758,92.86435497041822,80.49937156533015,67.76356031218569
2020-06-04,81.89858122023892,112.3541813445755,76.28656144925232,51.964828053990345,90.51573996821952,83.7159229223227,102.56341105124874,98.90379771833634,92.85266041664399,81.60206310949205,67.38263782938904
2020-06-05,82.0687846904528,111.94611358693965,76.30751866650274,51.965884948116354,91.16200048957084,83.36865991222261,102.72875034750047,98.87636042503914,90.88583049909457,81.60112547898377,68.14914239873013
2020-06-08,81.00959668367985,112.58779907931529,76.86779318647993,51.666293752544384,91.17591517244522,83.4685790111997,102.24197783043611,98.94327041453343,92.32881338010061,82.26872744441746,65.68150764553177
2020-06-09,80.44586002691622,113.20669470379563,76.99531355973707,51.41044164017069,91.09929447082291,83.4763738948739,102.38043545960699,99.10778291103021,92.21784952531165,82.68415364267568,64.83699032340317
2020-06-10,79.61408740995549,113.54022676922106,75.60586653906775,52.16591262160365,90.58318263665227,83.08483164723333,102.27952628994589,99.69360345524663,92.00252684242851,83.44297443968617,65.17741130639502
2020-06-11,76.06985266048977,111.09377258755818,70.31952141535258,59.79889217951198,100.05786156183501,82.01468805489306,104.54267160697466,96.92419750526173,95.43189652520624,86.38995885444662,60.14002947104427
2020-06-12,76.21642774679832,110.77947966601675,70.21762344563682,59.854486149905824,100.02514788503663,81.54502017891626,104.18127972284239,96.9645614116185,95.19397401638915,86.50061182822458,60.444529082509106
2020-06-15,76.63008693078223,111.77145665351937,69.78799111248425,60.35095945487808,99.73009217485124,82.02957956488319,105.46063400126711,96.49171305740832,96.28341040089711,85.46657902333874,60.12721479830086
2020-06-16,77.40616530885995,111.50379538935432,70.69271559563047,60.005399335819426,97.93001851942591,83.08654475203153,103.2262147740307,97.71780142216971,94.87724446630041,85.00347688420537,60.89506905699498
2020-06-17,79.40789237376119,110.08359261524602,75.52868981732804,58.80916587281358,93.75611662294793,85.9794041330082,99.64465831584005,102.01080069607549,90.84552064983885,83.72939325124462,63.010824682488035
2020-06-18,79.44466538781099,110.84054323431789,75.83837087318126,55.9870358649707,92.50089508220316,86.70726347230413,99.49756334815818,103.35870583300357,90.74867785206602,83.78636134671734,63.37426702691376
2020-06-19,72.47075558628107,108.25127523780525,76.50214258630392,66.50866778158444,99.80079234724536,78.81662977611761,104.63351160610382,96.61519832002777,90.22406282017901,82.14993930982587,67.61235789934781
2020-06-22,73.91861245313211,107.6284161743047,77.96987032023523,66.07007972955043,99.07987337448513,81.47928039212898,103.24990465265054,96.43678855202018,90.16501616948926,81.77313609961548,65.02265178533332
2020-06-23,76.28191272865087,106.99084966954226,78.92918201509715,66.45274619372705,100.49718606351277,83.09974843151859,103.03326568984069,95.11702057095286,90.02945313577956,82.65429248454467,60.878483175461966
2020-06-24,78.03100371219628,104.79269638106906,77.7281452023855,67.64536447649392,101.50356282915155,82.88114916714437,102.48692547059275,94.47523196698943,88.73886906106111,85.22418123533181,62.390394292051354
2020-06-25,77.93269772818934,104.44938112308422,78.19229090608424,67.48849094047131,101.26469084837838,82.620449547846,101.89810390526252,94.61193163250033,88.8186988225747,84.97703292168839,63.116185604735804
2020-06-26,76.25317665094018,104.37215767840512,78.14510835681348,67.68989679628412,101.28256761725628,82.75854372201947,102.1553695803193,94.824438921207,88.64056538901846,85.342779694059,63.47054055649617
2020-06-29,74.78050520040667,103.24651004787589,78.20484104912953,68.19549210148207,101.16816324219283,82.5927352238595,102.05070170926386,95.06604756589603,89.25193806763095,85.87539320442427,63.47860523900253
2020-06-30,76.06983709139517,104.37894888769937,78.24894070099887,67.41931046598562,100.82690330508706,81.87704840043443,102.79700408053884,95.68376278259046,89.19515630460302,84.7735781128085,62.87166644564651
2020-07-01,75.43473730390224,104.9085797984283,77.78158708609065,65.89261551143467,101.53791463927132,82.04088498477167,102.81517373538145,95.50764495993658,89.32469838471376,83.81588504807942,63.60627399557023
2020-07-02,74.6141129997844,104.4467438323685,80.06424788132017,65.11027172815572,101.0834144381346,82.33270122067141,102.08512917259164,97.37085366108711,89.68183200561006,82.66626753298995,62.87750383214343
2020-07-06,74.5176945472499,104.48531174044399,80.31264928247161,65.38255750613112,101.73783726507622,82.25105167086338,102.10631382588993,95.81454785357174,90.1994019130103,82.91022449342162,61.15495419580861
2020-07-07,74.5534081314088,104.60163502480327,78.74821489619421,65.7671148933035,102.0069139417036,82.58307759426681,102.4961604608792,95.12650463137003,90.15756017703416,82.60249103490389,61.58468996024507
2020-07-08,74.72272357786437,104.99235374728484,78.55419820492664,66.20905415341745,102.11268931620627,83.00674471540917,103.00799574455887,95.2393333334581,86.54429298684289,83.4492231190195,61.977625810827305
2020-07-09,75.28621408610762,103.97724824174523,77.26486514629397,67.85884160831083,102.58372520695713,83.15936564594858,102.03119298208557,92.99036060008093,92.57371717907007,81.79589418335634,61.67107947641255
2020-07-10,74.94956075102249,103.964664778754,76.83639789700175,65.73330072381964,99.06330546124323,83.41525872994826,102.72090420106515,94.87772826340569,92.21662782743788,83.45198875119037,62.7947824159711
2020-07-13,76.9732772763656,104.45940128692556,77.894434551079,66.11512336652818,102.1245832582454,83.43151495889289,102.45714146584565,93.05201768803528,92.98017907915019,80.96912572337922,59.622644017003424
2020-07-14,78.45087790154676,106.16631656513586,78.29750460409386,65.20492361960545,101.42012542856692,83.71293548254975,102.43241873155412,94.45303465232786,92.90908893607667,78.94705614686406,57.930305050653544
2020-07-15,78.18267193511339,105.41778441849077,76.39148189446621,65.49882716967278,102.83766757086069,83.47947600698997,102.10425340188726,92.88865171962613,91.96985521382707,81.45218328065417,59.216130859199275
2020-07-16,78.10424683229257,105.37264821873089,75.99530157417352,65.35412656849897,101.05276931741525,84.08805201384813,102.25786151412356,92.72295593706515,93.53975281014013,82.13405766122699,58.41222799951733
2020-07-17,78.27243916817116,105.90025491688681,76.75359281138437,63.77480300443979,100.04853867515654,85.08154792931636,101.79243619571972,93.37060007201833,93.13319208401286,82.0507983634579,58.14186978752518
2020-07-20,78.47889513864295,106.37081235267232,75.5351981445846,66.15976688106514,95.08001028936617,85.72563031672526,100.69325418812863,92.63954074882697,92.07892887258171,84.06802987123963,59.12833125107426
2020-07-21,79.60256347826018,106.79152963905238,76.10325086799367,64.71397515922385,95.235908761413,85.28542245226551,100.81938334675775,93.88121427626085,87.33502414048482,84.60399277190125,59.526354329339995
2020-07-22,79.31078178251599,107.8342234204927,74.50465889612104,62.55127680720432,95.00171637276888,86.6367049478146,101.97625485486498,93.17026084485573,90.69286438214188,84.63140234621659,57.55559982884458
2020-07-23,78.01101492115495,106.93615993400003,74.47031509212968,62.191723654108856,93.87231106676767,87.33213164668344,102.15720151325024,91.37205832561986,91.30133692599128,85.68795002211353,58.656608468905034
2020-07-24,78.63088704696325,107.5763748948033,74.17629804891985,62.109634077687275,92.95303520690582,87.69732810693128,102.36489155596931,92.10669204633487,91.09823259759673,85.06257474830012,57.43259818722701
2020-07-27,78.64330705480297,106.60428118456703,73.74397651176436,62.640366432192586,94.44791691431361,86.5873929106966,103.00635347954018,90.93136538980148,92.25637233018696,85.95271026817379,56.37443294808684
2020-07-28,78.5771163303785,107.04546734153007,73.47578200769792,63.12103600116991,91.47681575418136,85.780057935688,101.23757790339921,91.06776232641948,92.86585151744453,87.11011981235754,57.39133072897638
2020-07-29,79.50960110396333,107.41541704379414,74.83743171583792,62.00430278514306,91.01291456978933,87.13402204271725,104.38008454374969,92.22091611300873,92.41872938838495,83.90987184824051,55.51092053402799
2020-07-30,79.52587870346328,106.40051102640771,73.6113791654476,62.85937128542986,92.43757428219531,87.66968850097987,104.66796373729221,92.57233649078837,92.11859835509458,84.36129050459029,53.144646548336304
2020-07-31,80.12221219242807,106.89001108340909,73.5660753374867,62.6517984957232,91.9113058034851,87.63792368739735,104.4557257386952,92.9601840978534,92.20156674581139,84.03583806279508,52.621023248857945
2020-08-03,79.76702995555809,105.30521888957254,73.91669907980605,64.35712376241808,93.1067614740326,87.30737080639149,104.23961598321824,91.15103916612371,93.11969629351627,84.06118502830981,52.90668001717807
2020-08-04,78.48167251471801,106.50110298809496,74.12333562133249,64.86480311133826,90.54081557150181,88.0799584686786,102.04867890539471,90.95609077926046,92.8801247597129,84.99152154891894,53.775516634850774
2020-08-05,80.9888494635027,107.6665844797279,72.96882199544571,64.05123963336139,93.58143974525292,86.0903472073959,103.81861239362487,92.09899875098226,90.85445413504142,83.66933452457036,51.15468258364105
2020-08-06,76.08105305953457,108.66059956930198,74.07810680552724,64.35388564180512,95.29758764920992,87.15352616257289,103.67513517820217,92.18244601985089,90.89363469918447,83.90294342827738,50.072166966656646
2020-08-07,84.20396198634175,107.30262897697651,68.85583095507388,63.14027195047542,96.5252297962032,85.2153318363136,100.23041592585705,94.9844770752207,90.4758996133779,80.79093625678752,53.02814471173234
2020-08-10,78.1814377173572,109.73799677993769,72.87084512216701,62.44037328244545,95.9476142965292,90.09871016079832,93.4005886774625,92.61653306216843,92.782204447649,83.00199880166775,53.63833546971218
2020-08-11,87.19106614427508,106.92599431218925,72.99613957983819,66.07373646719812,91.62940839393178,83.40192747226067,98.07780358823771,96.52669295272145,89.87320103766953,80.13286543933407,53.683958481485675
2020-08-12,86.95829204778474,108.98024438796234,72.71082877816856,65.86967700462786,88.61917460955323,83.40052996661136,99.89145373396597,95.50049478923759,92.12032917642135,79.26236894832485,52.744473642378104
2020-08-13,87.5461593076497,110.73708087796993,73.27183896949018,65.23303993033693,85.01320964303628,82.75437619348389,101.50617017201176,94.26390548911267,94.7473821284753,78.87978893766795,52.977693938432566
2020-08-14,87.46509215329726,111.32451530744797,74.37975718096762,64.4827428185366,84.10874009034745,83.50282438291302,99.52443856661264,94.58678906703615,95.23137887554168,78.64702654413576,53.49627837219346
2020-08-17,89.85839825370844,112.24538114455731,74.92057140877499,64.34290941407184,82.03934022766192,84.11726156137878,97.51900650355134,94.74663792855499,95.02971531699848,78.786612205757,54.16031560059559
2020-08-18,87.98235883264513,112.47096519065205,75.64250896494718,64.01667187686388,82.82910274926012,84.02392681643262,98.33309279689544,92.10159741592236,95.69413598191254,78.67563308784615,54.75281318614555
2020-08-19,88.2519752880608,112.79300926358965,75.71595971055534,64.29866022190583,82.66594063662595,84.3254173412105,98.81436518840117,92.11081195914032,96.1115966338751,76.98720972700275,54.001950800623135
2020-08-20,87.50718705521071,114.21951017431746,76.32563547059354,64.97918371262907,82.6963299941957,83.26266868388457,99.34429121408999,91.41171151385313,95.89211051962411,73.07590134301762,54.92662514680145
2020-08-21,85.82904654336241,114.10389463342278,76.7968438743514,66.0935324844377,82.69403510377087,85.22836247682557,100.85251326063636,89.90090189959992,97.73296198137257,70.71201741181866,54.30279129987324
2020-08-24,85.19943687531263,112.08944776146113,76.86383759686935,66.14788965132709,84.13935262751434,86.26566248679057,100.32566172608627,91.74083342259597,91.41591003224254,72.5575299802042,55.585611907753496
2020-08-25,85.06226209337453,113.6871201798374,77.94105885088986,64.2287051325144,82.8846241458743,85.97620413223157,99.26636209962689,91.92041056539115,92.6123674257222,73.03061150349603,55.95907939407598
2020-08-26,81.95809225004363,114.06350805117211,78.3278238463358,64.64906824890956,81.91983250088794,86.23133063777993,99.60698841459765,92.3569349100603,92.92561701945165,73.05174507040758,56.022553825800216
2020-08-27,83.21214940988197,114.25144605551432,77.93415872997272,64.84738079149778,81.0567331456351,85.64395913538812,99.1981021520074,92.5534557525468,93.21933151292656,72.83991501512314,56.051249508215065
2020-08-28,83.62922366495395,114.28900821310631,76.43185600053094,65.76268238388845,79.89618675318019,84.49461996594106,100.33196694603961,92.99754559985985,93.71557636630503,72.23240999979357,57.389595334089414
2020-08-31,83.59810145484836,113.69629273806964,76.66031349971612,65.03012536851709,80.02144469028647,84.8246430037466,100.0024209104991,93.01206059954576,93.67574754849448,72.38029261320636,57.37941718601766
2020-09-01,83.05459568722515,112.57487924122498,75.35949668048391,65.2291557953742,79.79739388969752,86.03303951467893,101.24993709211492,94.51305246545425,93.73903461271416,70.32849363154439,55.801265711852274
2020-09-02,82.57142190150921,109.21277136522629,75.77895387877994,59.66664751713094,78.83859687274945,88.67283737995808,101.49465267742305,96.68134843246557,100.68487140400296,69.0515230733677,56.07251987433353
2020-09-03,84.11644098071149,105.58054007963497,80.42919945141847,49.761152312404796,78.10999085321336,93.56941830511745,99.77323978382833,99.12017185228632,103.64221088650007,69.9448083259799,61.762848161932254
2020-09-04,83.79682611585916,105.05858082989852,80.63533482081743,49.870842514001964,78.52039172185341,93.71799275348668,99.78610382020905,97.31131441764359,103.7893844729012,70.18792955277982,61.889101501046014
2020-09-08,81.62998386461643,100.72184878905122,77.75851859099672,52.68699696993832,80.05502175078874,94.01679862388524,102.07538151069312,92.05455539951693,104.81880280408662,71.70101439186004,64.1831449466656
2020-09-09,81.67422366998541,99.99626614158494,76.71597298997239,50.7907072228328,80.34435103605995,94.0446539670253,102.7901229070283,91.28602907142695,105.39421245768128,72.18194231855483,64.65672935023638
2020-09-10,82.81562594702318,101.8249761173571,79.41207517296372,47.83791742670721,78.92224256283771,94.91573368089462,102.1473438603481,93.73329198631728,105.5306325199793,70.0410070868097,63.57819951543385
2020-09-11,78.76191922104073,97.68671910848305,80.00182971001205,49.09271575315294,80.33549688362783,95.13096391542493,103.2243220600489,87.06217093857092,106.61740756361723,72.76845557503522,67.62292703442107
2020-09-14,76.94456088263917,96.79435045276185,79.92781177643342,50.749216229420526,80.84506121340155,95.52158537398145,103.5744060052796,85.2192185670618,107.06623946270591,72.6109596038715,68.98724583653114
2020-09-15,76.36268316120011,97.81472001843193,81.1011890464186,50.659255987983485,80.3817293114626,95.7493265793046,103.64660336289121,86.01391518952492,106.80251899407686,70.89858228314894,67.86562595090712
2020-09-16,78.1332576399317,96.90838279393088,79.65645645104809,52.618349839718675,82.23378493715566,94.96157455704183,100.72496884201104,86.60911761308265,102.9162424876464,72.48601582072877,69.11827367842868
2020-09-17,79.62145407548252,97.06673576456978,79.24893238460801,54.55792860540671,81.3661609984303,93.83600722361054,100.78623830796136,87.81960630272387,102.62732079734232,72.51321077036611,66.40583976272652
2020-09-18,80.04117639173671,96.87819494399753,79.620963492817,54.220967082042804,78.23165647361051,92.99285064716345,101.8080087960341,88.25401783746867,103.49903993652376,73.32921265617541,65.92490922617233
2020-09-21,80.63247459909782,97.50025949037402,80.6141215042873,53.25940172848321,76.93081306852721,92.74124251779843,101.63847560043726,89.55912676224018,103.65227405777226,73.31690199650052,65.49195202404567
2020-09-22,80.09245941480452,96.40124553838407,81.88246305370974,53.7231974389981,75.48241261392228,93.41545228962252,101.6999818540998,86.17678097061001,103.34534344370795,73.3598428425799,68.41934113647565
2020-09-23,83.853399353996,101.84949193466451,80.66162339332473,56.18765711095232,79.79543823138519,89.19651769929405,99.50547344604216,89.57504195606211,99.2216014399141,75.35640146390264,63.07029027753487
2020-09-24,83.66848308853396,101.42140519219386,80.64278356848553,55.91716767692424,79.66367457679223,88.56687466836676,99.55616954653853,89.36430641785448,99.19698594432654,75.50706110649735,63.815151213494595
2020-09-25,83.67065886972621,101.86825969238681,80.49707965185885,55.12369166632394,79.80694343341514,88.1915240620885,99.67108452811644,89.62050788135946,99.45467834413827,75.53816864392859,63.94748144526792
2020-09-28,83.2978536754369,98.3706583893713,83.62288367807183,60.97808240412411,81.04245580234914,87.31570859634081,97.96764085149121,87.86531003520842,95.03921068413067,77.32184066574706,65.38953178934317
2020-09-29,82.02304924849763,97.51182702551432,83.95953562675524,60.20633304006875,81.78726491706789,87.66624040630893,98.62347683005477,86.27134471980962,95.68205239340587,77.3515266973333,65.72896453047105
2020-09-30,80.22086502986639,96.28271086002762,84.74320720812801,62.79411495423473,83.1862354065581,88.41227872746722,99.23781251587056,84.46779322401035,95.45878381342692,76.98978846741164,64.35721081252802
2020-10-01,80.2251321629948,95.88051673148966,84.93876351742288,62.81427224024078,83.72477137709005,87.91709447092539,97.92550740884113,84.57820999374651,94.1285361730209,77.3135586258132,65.0004503888092
2020-10-02,75.44016099273183,92.03095386756667,81.89155004242258,67.04083921983315,85.3144729511155,86.83534472987317,102.43256912041196,81.94783417835369,99.32157726771275,80.21336079601154,63.26494464503309
2020-10-05,78.46267392843906,94.99515329111784,86.92032763449721,64.57925318771488,85.58850188578731,88.51592349231478,100.42889585260778,82.96933437698269,95.48191973523092,74.53327786830874,62.39545154277824
2020-10-06,78.26333900329797,93.9009495722723,83.9438544139727,65.90394393481759,84.24251995163775,89.40533081335528,97.93688904152663,84.10731937582236,97.83241227696021,76.1008720176142,64.22210626787374
2020-10-07,79.16936867836759,92.28347526033656,84.35634284559468,65.05834881047923,84.43187953003205,87.7818499278771,97.54515153154406,85.12890965862972,93.11563936822701,80.67152076845852,66.50099124742367
2020-10-08,80.11465120790207,92.37740357537778,84.16636646127604,61.88834980410154,85.2609716503967,86.06883034013823,97.54631245853548,86.45392611848185,92.2091965905869,82.22524456705236,66.96194612703188
2020-10-09,78.18229417150197,92.57558902181962,84.14071672007219,61.588315359867266,85.33260970840698,86.26608908765132,97.7806933201908,86.52760507024475,92.4563253436252,82.4064138636917,67.17693965334054
2020-10-12,75.81133977213344,93.41417926393363,84.36363704520801,62.36405504440815,85.9481899779145,86.69166667804862,96.05437389484263,86.06775530061267,90.8094502190825,82.64373263060055,67.68566636963926
2020-10-13,75.55079684229881,93.42164786826176,83.97003855141669,62.57800989428668,84.33255024739397,86.8993561222988,96.38159457017875,86.21385321510398,91.10990161605348,82.45156354461274,68.01041739756793
2020-10-14,75.24656168946593,92.22910665746731,84.10832844682395,62.72485673241519,84.66261952745243,87.20759359725196,96.62321203851901,86.23667489640003,90.42437284722448,82.68428640359745,67.86771340170235
2020-10-15,74.83034641007781,92.39541018630983,84.42450964531498,62.8445210128925,84.98760934272379,86.42112641784283,96.55245537166294,86.513852111878,89.7866735877513,82.79537342178789,67.81459260596554
2020-10-16,76.8588221086383,84.39671887440964,85.91517444910161,60.65733652461796,85.83884231705511,86.77654434873524,97.91091428501497,87.34111728245934,92.52843066297307,83.1372934419487,68.22836398083253
2020-10-19,77.29234551928106,93.8763642068002,86.27390944805742,61.666617790412566,82.61402554905715,91.22344757391717,95.23686183001078,87.96729690817916,89.86053453436995,79.27932960170527,66.70768443471219
2020-10-20,74.05680625324544,90.8559588402646,82.66860492454147,63.57386588783731,84.70919358800614,89.60002749178713,95.16993580962455,86.24000738733335,90.61039871034906,81.87216638300661,71.44014980549024
2020-10-21,72.88721788853466,89.57466799707778,82.02491618352539,63.74557216164199,85.21744988560319,90.09393588201169,94.42467855990579,86.32239326103758,89.84917731030433,83.5793534203441,72.90942982404852
2020-10-22,74.15460679375413,91.4773803053665,80.25658135613094,65.26107222991043,85.71841628904662,91.05268983451988,93.69825432556156,86.99435704097709,92.81549667694128,76.1866258581502,71.32939956854946
2020-10-23,74.09778425689498,90.8863925874571,83.88864491453776,60.238236960604524,84.83639275356846,89.19420866742136,96.02111431912218,86.90681009881871,91.73944019038167,79.62929778329107,72.33212150416998
2020-10-26,75.59246427775746,92.96434939746328,82.47116559148684,62.35775885513672,85.47740988804505,90.03302150803098,97.11280551242704,86.60086030203074,92.73950192947801,75.41568858434536,68.86911627104082
2020-10-27,74.95979460628052,91.74971468137778,82.57533983018239,64.13507715449633,84.53846226196565,92.11734594349744,93.35924204789846,86.07787729223068,93.21751476922617,75.95213270882407,70.7565395463151
2020-10-28,74.84201250747849,89.6451521073785,83.79349388810608,60.60524786255688,86.26438798340727,91.27975271151651,98.52866800843398,84.59737272481226,91.28260725925962,77.34832358697093,73.3692817610457
2020-10-29,75.44086523093537,89.11956739725186,85.02601529292619,60.70158663246689,85.74277351697296,91.26118461276127,98.94756961323324,84.41760706660439,90.94088617127753,76.86535807989686,74.91439864783979
2020-10-30,73.13247136375708,88.94829592679206,84.73491296671484,60.1369909045568,86.147412006675,91.69601403028413,99.56959237202133,84.52495632382403,90.61388453548902,77.31607228681048,74.95785190760247
2020-11-02,73.39957955176871,89.23376595263358,84.50295463515305,59.51027606851076,85.83580185196489,91.30628844402311,99.76133633252857,84.72489567790903,90.68404351312637,77.33974301296273,75.03831561232634
2020-11-03,73.18676153585162,88.83580138149473,84.28059400546631,58.92440642666221,85.85088545823689,91.9053951826082,99.24450857641438,84.67794012635444,90.62850784878798,77.69733335024404,75.3496970099529
2020-11-04,73.78354074697255,90.35098315671189,85.70771297648037,60.89004402526369,84.9710168546264,92.21318759435866,101.23754378347866,84.86829399437313,89.46535829143531,75.7107254897972,74.37481926838502
2020-11-05,74.96941197508923,91.82372371196355,86.97299891254654,60.70888034021952,83.44551185029724,89.260163596921,100.3423701458152,86.59050937735624,86.07172137020171,77.40918443222724,74.85636475798802
2020-11-06,75.43287781087838,92.28449354720613,87.23177067604324,59.46529909604098,83.14738216853222,89.29611663558637,99.98080641285566,86.48261900022322,85.075987279213,78.19402143099454,74.91125058267453
2020-11-09,74.25074364436082,90.514303175877,86.8352460616089,64.59326267993218,81.61365399597287,90.4877550304722,96.7961941477412,89.60040721090535,85.15054904078153,83.15371276280734,76.67719496121755
2020-11-10,75.07377513164026,91.58624900693407,81.28428302495226,65.07313704659434,85.60667245961905,90.71381258946072,95.47749029779763,88.33484548975107,86.70731121608999,79.72622423225552,77.37581480667042
2020-11-11,72.64686786452522,91.72628635798016,80.86028814569279,64.66535109642894,86.01710295846385,90.97114601186641,95.43271458182521,88.20908539001775,87.19693474513251,80.34905932680121,77.77368663945879
2020-11-12,71.94690812190183,91.61887846918326,80.6391589421465,64.78747672462926,85.88736214155652,90.21270632775045,95.75389371141576,88.54908967737954,87.65228942530096,80.5962489913705,77.72314338852468
2020-11-13,72.6114986701896,91.7336174083494,79.95206597154716,62.945608239688,86.75532412866202,90.85352316059763,95.93317852800135,89.07346938915599,87.54502724795367,79.94569560213662,77.45546230465473
2020-11-16,71.2238926031324,91.50814081326536,79.14388708665865,63.266699345835875,87.00182042672128,90.79614650909807,96.49327735498571,89.12064177555979,87.18225890576807,79.66493918416957,77.72147116487275
2020-11-17,72.18206083515119,91.95007911437118,79.52399716178253,61.87684079176471,87.1893533028778,90.43362319461815,95.63469425576636,89.35034091999697,87.6897284975956,78.95650538234793,77.70169673330427
2020-11-18,69.44093298410887,91.06031751588324,79.1413087906077,64.20196977104236,88.3674906085812,89.78108985206498,96.5338580747762,86.96125009391378,87.17845939218431,80.07963560900905,79.20959040254532
2020-11-19,70.92806874745128,91.96900423359492,79.08290336701408,62.2325545233441,88.10252359853133,89.31920895782301,97.06399837960055,87.96959450640121,88.11951150300379,78.91573234112576,78.05387153446473
2020-11-20,71.70529960685938,94.83864516744956,78.80295640094893,61.37950835078108,88.28893569461522,90.80222385407673,96.61565862582891,87.25025595842023,88.26732958812389,78.94830008803812,77.45124298418209
2020-11-23,72.01571688269341,94.48608917859565,79.62286985918166,59.52770615643162,88.58495440160796,91.30134780336944,96.52829444252916,88.31884450331069,86.78493585662667,78.64990427444286,76.43101755621836
2020-11-24,71.23433714559523,94.94472934942667,78.39914877355064,59.83056473997378,88.06078688926989,91.78542085385027,96.63453033840777,88.38822947503331,86.81518238337866,78.88799393403292,75.7011514436901
2020-11-25,70.16722829341943,95.55532771084134,81.00403057416214,58.37199163977498,86.88527290209811,91.92497715146746,97.40946718233224,87.83458963957852,85.66446613264834,79.4250839649044,77.29673727222539
2020-11-27,70.27725436525088,96.77564757695292,82.58922725466718,57.333970314918766,86.47216010466984,91.53079358892123,96.54419070546585,88.76794237150615,85.63002550747856,80.16512128001872,76.27748246700375
2020-11-30,69.36964380234346,96.55696742596446,82.02110223715209,59.40356103937809,86.66365918199963,89.6197906613595,97.58460961584072,87.81577160120175,85.79079489989374,78.76333156861746,77.4646357142883
2020-12-01,68.55781463959984,96.83881634600544,82.40607396409402,58.639676907235646,86.77193362491555,90.19807210228575,96.60168596365821,88.09979119862237,86.36227906030311,78.21863756133224,77.62655158210106
2020-12-02,68.3292735882999,95.00785819535947,82.71757474032619,57.030628354128,87.27490976829145,90.34079523935264,95.24906077812342,88.49363529923225,86.96652060110083,78.97688552081651,77.99576980758405
2020-12-03,67.61471634320576,97.99619377608136,82.65831215302188,53.30509195857144,86.9432218950602,91.12107536024816,97.12936437326171,89.77987826630212,86.00560807539287,79.55604920573522,77.09352262109297
2020-12-04,66.1402288902049,95.8715385826482,83.40802359245893,52.49859409857679,86.6654515176496,91.6838788637862,97.91351718633244,90.47638812306427,85.58611313609148,79.86692135477153,76.52264840172933
2020-12-07,66.6601783399794,98.34808898877922,83.15873252948646,50.70979089180827,88.11122637253933,90.98351457966139,98.157712284636,90.7715792024814,85.06264884017725,80.39843133733976,75.3297204395493
2020-12-08,66.71632033902955,98.29005766206157,82.58707878447314,50.527476699905904,88.29814438356227,91.24018145806441,98.33617130645504,90.89849510345056,85.48343295508832,78.10301398908594,75.73484765802154
2020-12-09,66.07480560629482,98.16593499581144,83.20069954066193,51.62498445056623,88.19317965696443,91.79164962793347,97.4397256562553,90.19156237721766,85.54592731177169,77.3596990015659,75.12381181756915
2020-12-10,64.46735415023706,98.37687428434012,83.69518541663805,49.23847130684592,88.84322559529846,91.78198057402365,98.30843421448557,89.61100379718835,85.82096943586726,77.55265107491564,75.96723663751924
2020-12-11,63.77551941338848,97.68405033229368,83.57860922957173,47.839197889249135,89.17387113463235,93.08164096181156,98.9865664395706,89.59903700285632,86.22338748800472,78.2457689509735,76.67504155459281
2020-12-14,62.5344055708058,97.57422850919797,85.24851113620832,50.276535826369106,90.00873376394921,94.02386595567096,99.91884141959997,82.9934185712271,87.85210165360682,78.81891631520244,75.02028133635835
2020-12-15,64.02169435708792,98.98678623831246,85.41491050544492,49.22099198388729,89.1425843673781,93.25759915354931,98.47637627407525,85.57491524280603,87.46186581640072,77.82410746297285,74.13537481551452
2020-12-16,65.28648523572151,100.71257528199504,88.63437512902013,49.51532401328525,86.46055266982533,93.54069407273305,97.91283423599964,85.94663021888985,87.55300833779955,76.85680803275741,71.3053001512573
2020-12-17,65.34110055577689,102.54420360094834,89.38174031561374,49.32669351364988,90.39568410163416,91.82114589187506,98.06348532558695,86.21558188161454,88.54818128966112,76.44547884082944,68.72585296132843
2020-12-18,65.97686511231174,100.53068388293124,86.78343398004206,50.65316856261472,90.19745414335394,93.83478292063938,96.7334674801498,84.40849988719813,88.03404851554046,77.90877207733506,70.36061613393287
2020-12-21,65.40964386960506,100.23481718301313,86.44750120509616,51.367504488303446,90.70749133988382,94.32608452808783,95.90162583461965,83.77950463749552,88.22576624012314,78.13492757496175,70.66881835293216
2020-12-22,64.92642807319518,99.27777751714608,87.0272878875453,51.21772890424646,90.20860671198537,93.37764433697487,94.67844878159858,82.75608732245043,87.9184602086682,81.5089224227724,73.05575118358941
2020-12-23,64.73886343478364,98.94212843043518,86.51779913745732,51.70749267830301,90.15355684362255,93.62926445315581,92.37483302990677,82.83811530849356,88.72017931873302,81.78670483121694,74.27348730455493
2020-12-24,65.28598432505247,99.86185870771585,88.31832060446916,50.79198987288745,88.1754652117903,95.53555065784438,96.70685163893489,84.23830466489184,88.13489032807595,80.47834797853764,72.43580835106714
2020-12-28,65.36459868079915,99.72541421511427,88.65016427804348,51.09472811089961,88.5588566505442,94.33370267349322,96.65077993328208,83.35268509250996,88.31822652091228,79.75032482683837,72.65952334050094
2020-12-29,63.60719083942509,100.24202325954043,88.8012700890036,51.40538427809547,88.18912959761067,94.19439238387703,95.65477137327628,83.44969601268208,88.90191495730436,79.60215733609058,72.68977624748213
2020-12-30,64.37388156449656,101.01892239336766,88.2910326169077,49.69435557491645,91.09720229433603,96.33356332055529,94.11900687996092,83.56565995496511,86.91816758065123,78.09902193985393,74.92491573605926
2020-12-31,65.41482109892503,97.85084338149443,87.96914830653002,47.354104468866595,90.1084451570032,96.15708960907192,94.4496889996321,83.30166851846565,88.28103931757794,79.4064282466268,75.36378868861213
2021-01-04,65.9568217423111,92.37240976668797,89.77870529462096,41.485460628665834,91.47438899767452,99.49087048938671,95.09354205550444,82.34312703270756,88.17953739601327,84.79640364915514,79.74491478445067
2021-01-05,67.42457621886896,92.56854470941258,90.23442323349406,38.5173442087777,93.33826949178979,98.18484771598875,95.01444254052845,83.48318584806538,84.10329759772655,84.60123219401234,79.94983101073277
2021-01-06,65.82986262620425,94.27214955655415,88.28824112753702,40.63645469744773,93.58180127300517,99.76597692643323,96.184855691707,82.60316843003172,87.73869326174997,78.50774179065868,79.90551492951022
2021-01-07,67.37135998732958,93.52958886610918,91.05196607127888,40.847906663051305,92.67424864362029,97.01459580843081,95.77147341314942,81.73969739306978,85.4017512710989,82.02044039666801,78.73639503418269
2021-01-08,67.5361559975228,93.5133098874812,91.31812846316464,40.72650191372639,92.63424362116501,97.09577407606743,95.42754794627433,81.9630794021067,84.71717898379356,82.12699263255367,78.38169362798921
2021-01-11,67.20205721561904,93.86840515203673,91.72113447079674,40.26323074038523,93.07043863825449,94.77040137949125,95.7319711237414,81.65926610968293,84.42498854152592,82.35861519962964,78.91562641689254
2021-01-12,66.33594074147828,94.09915381821763,91.73933942580987,41.13785545377043,92.67106375881805,93.95090419591905,95.70819469249832,81.07300121132026,85.01520253522463,82.56870258737082,79.13796850841094
2021-01-13,65.58605891072432,94.45906391748147,92.64695201735249,41.08145128121933,94.14700178741725,94.21037212302613,95.50789008103116,82.21438726291196,83.27248675975966,83.0921975795784,76.95086791679458
2021-01-14,65.77662267504938,93.90006208000209,92.92473856725096,40.31371931027701,94.34306424183838,94.42308428998011,95.6637814530494,82.24811995444229,83.03740947606398,83.0574970278446,76.59161785343782
2021-01-15,65.81777435498745,94.55992052729313,91.92204837074799,41.29086548968856,93.73328573637563,94.24397043141703,95.25849933878158,82.48719997638631,82.5063870066617,83.51175940983251,76.48904385127139
2021-01-19,63.679804685873684,95.0686893592085,92.19977069622385,41.62369224743977,94.3502113917659,94.94245739948634,95.38319419354836,82.92010240568632,82.54505312363213,82.64094373138187,76.7754075848875
2021-01-20,64.73548771679329,95.40741081660589,92.93213204586579,41.24569722196302,94.13604722904763,95.3186984885164,93.65360600730159,83.534400585689,79.0181549328108,82.63305170978566,77.36612384126289
2021-01-21,64.49078649331966,95.71230745136894,92.9695277723566,38.80795203454174,95.57174156494088,96.3083478467055,95.87830466172215,82.40733200507314,78.70974254285075,81.38460861793929,78.05356850429442
2021-01-22,64.4937099872686,95.7454534128931,93.27410692565081,37.78027044140876,95.63931856134425,96.30288048615407,95.83921495680305,81.98899527177672,78.55976864473287,81.63921722577388,78.71694314001516
2021-01-25,64.79927407687725,95.72289435628382,94.64050049604482,37.554521830808135,94.51979702365662,91.36335056262662,96.8101855490248,81.94858538979712,79.91581952292739,81.71855397159905,79.72729740798135
2021-01-26,65.50094401502814,95.36847890061216,94.8279907013745,36.62703977168209,94.996064336749,90.73457958038709,96.72201716656033,80.1073233203234,78.93027132150806,82.39505590002793,80.48341576116755
2021-01-27,67.37420613181592,93.46357359548632,97.95377147223397,40.56751510912491,93.52110236615309,88.97106024297571,96.57467509224446,77.89381299852374,82.00183419507778,80.2668111668326,80.03380343840982
2021-01-28,66.92083693266835,93.24452671079301,96.2913050876638,40.282751485251566,94.70672495475452,88.31245053838899,97.8195195281727,78.25542039512256,81.60388772024424,80.38389384630013,78.03164828759915
2021-01-29,66.70027693472063,94.11047340788828,96.66997262846374,39.72884200491774,94.7444991862394,89.24187246984951,97.9041075659227,78.06439356968946,81.43692896499132,80.44717153067455,77.96125526932316
2021-02-01,66.20399490883818,92.75479726453388,96.81073708292277,40.458193441362496,95.20244048763182,88.99129094146275,98.08199721443147,76.60000802197155,81.67934794530831,77.8741309913921,79.4221551800877
2021-02-02,66.12684024582155,91.73454133713363,97.50875272244296,40.50275022703012,96.16052732972068,89.56130287312186,98.93693125055964,74.2945203357782,81.98824615709815,76.9648906530461,78.59885307805905
2021-02-03,66.36887888088586,91.65965017582025,97.50308623218494,38.818480657374394,95.92384013286915,90.19283248334871,99.22212089227976,75.25172887450623,82.03858059260308,76.24603545137663,78.16231579439395
2021-02-04,66.2639802363222,91.77497990579168,97.44243280931784,38.150905808789076,95.39147286948119,90.17702901872126,99.53013646408603,75.61179793594842,82.68239857702936,76.02086763481245,78.97022071708346
2021-02-05,67.8591545200616,90.71044711170134,98.08110950749135,40.09369297481481,92.73373797439031,88.91609585757055,101.67737821163082,76.13339585012292,82.28850653744882,77.27553319546026,79.43278525266406
2021-02-08,67.98244245176805,90.44897735605824,98.12579477985437,39.913254667183466,93.29584392442779,88.50086674060874,101.52671630450354,76.07350811438756,80.93333323266685,77.96803956284931,79.10989395930947
2021-02-09,66.8813666442078,91.32441650715243,98.47297892908088,39.54922548589802,93.56861348420334,87.82914724840202,100.29460884952353,77.16471238293869,82.0312677297849,79.17628828113095,77.79798337891113
2021-02-10,67.99107584095617,89.46678879852941,98.4221202259269,39.88813289055379,94.11957097697154,85.58695090280965,101.4536268136229,77.13296733326763,82.56460781153146,78.1517410692012,76.96073996243138
2021-02-11,67.86891241447081,88.9554502575773,98.48863114613061,39.55713919380879,94.30332803829243,85.571312805947,101.05091371390776,76.90945457690084,82.46716899710604,78.53951477880864,77.37019590066132
2021-02-12,67.96917570598907,88.48601156136618,98.93114235498302,39.30552303706895,93.90715632122607,85.68893842884972,100.72209437382784,77.33792241312676,82.01344269448555,79.04127965933618,77.91035302107741
2021-02-16,68.0639036575943,88.680113089853,99.01588271767412,39.22184897554278,93.81392396891313,85.17809299732109,100.63010265314531,77.45322798391811,81.9900061523982,78.53658868344135,77.98804537851457
2021-02-17,68.48907138938596,86.47039718963237,99.09036975142355,39.74488133625156,93.78068445369557,84.54998874300416,101.54862924060615,78.23463065834113,81.72819172188582,78.14798461563622,78.35389428522817
2021-02-18,68.8069167360572,85.47840923424474,97.05029485294455,39.87614710962727,93.81244391850498,85.1313314098227,102.53344761576122,78.08083982560211,81.51090545404254,77.41092178507635,79.27892501995689
2021-02-19,69.02608579041254,86.57646760849158,97.91581450337208,39.286165254542965,93.3633264857373,85.21946902092657,101.9373906422399,78.33288116154021,81.47521116267893,74.66984995463683,79.52570733697029
2021-02-22,69.11324109909751,86.8080175369878,97.37353550867877,39.26072896111731,93.41525316051997,85.42445726560403,102.4639827901061,78.05222440023459,81.20317513619267,74.03340958286769,78.82497812327773
2021-02-23,68.28939774419152,84.24268588984033,97.2295985265934,40.533924413676864,92.16738167893872,85.66802208562538,103.91785441347062,76.69068706628141,81.32806761634085,72.14236591060782,79.60835249676896
2021-02-24,69.14080009156336,85.36453055937679,96.25240660567542,40.95897267531186,91.82100990363372,85.6130717001259,103.59768170985566,76.17022946921459,81.78544962022477,71.19132246013088,78.52934157496348
2021-02-25,70.92751444173962,89.2035319967625,93.2619986054349,42.0661970366334,92.84704267705565,85.34148627684706,105.00682269970761,80.25610402917462,81.68513060939557,69.95681116032145,73.57758144738797
2021-02-26,71.33204538547864,89.847461628703,93.43201914696928,42.14466956683807,92.98391432208874,85.03090945298774,104.10012502724223,80.60142141734308,81.66887846789362,70.2049245374913,73.11164604516217
2021-03-01,70.75820429955505,89.509974225062,93.18600198895594,42.2399825428296,92.4169269690793,85.92564917150808,104.55247820277812,80.26825787259816,82.11961969113892,70.1100158374407,71.44637101397879
2021-03-02,69.763711250995,88.34640553193512,94.1958620968611,44.64790826960758,92.41051910068492,88.35441414666865,104.30758504881007,77.10160380533638,82.48843920058388,69.72292025382761,70.85813261312684
2021-03-03,71.13481498041097,89.78180198142334,92.2687851820533,44.07977143398506,91.65680016044283,87.53660846522511,102.97882235785465,79.14517796197472,81.81056803789647,69.92228861256162,71.31356082860427
2021-03-04,73.934063605752,96.53184303459051,88.29562271868991,43.16546011247489,92.86110517945885,87.69355690058947,101.50246691264549,82.78047720551889,82.44634161573474,69.45187816850999,72.10757049216602
2021-03-05,74.11975491430118,97.46633398112307,88.62043349911625,42.20649543476729,92.71314445053204,87.91925423543475,102.08800498037655,83.19136589047355,83.20443396645058,69.70959784044265,71.31925654033324
2021-03-08,74.1597967034772,96.19425463811119,88.09373704348017,43.153798906603356,93.0603246076178,87.91304560415539,101.4350818364988,82.38185808189344,82.07069716011382,69.51018037632475,71.67209026078345
2021-03-09,74.13555783625804,94.01688550610208,88.18029340901052,43.54674373159214,91.94592639395812,87.8126381035508,101.70851340662603,82.03877522100153,81.95413736919691,69.72412769138364,71.60851987079229
2021-03-10,73.89803971465324,94.57650720049783,86.64352316963141,43.6515878101518,92.34485872856179,87.58281831805931,101.91915488223673,82.1799327024603,82.17061568396407,69.68303896287586,71.35285563307527
2021-03-11,73.71575555038972,94.2376942251979,85.77261591924449,44.25907504157138,91.45143878480927,88.77307750611746,102.06957003883053,82.59241096986501,81.75576438482888,67.50538217027258,72.71516888196983
2021-03-12,73.24908872480161,92.7852269393578,86.8570411601974,45.6738817602799,90.97282634659977,89.69031399589076,101.77469530349408,82.78862423005154,82.37087085377988,65.7359653724918,72.10236456641755
2021-03-15,72.90237838027768,93.23635754223015,86.11213845986246,45.25011138084827,90.55921056013767,89.58977390344452,101.93711303604518,82.93539657980509,82.09122984649873,66.04920547719502,72.47586477929335
2021-03-16,72.52506293420906,91.18356601637248,87.62934883505156,46.06081764162178,89.66896105564484,90.27817058066758,101.22503396928938,82.67660211661882,82.28996777723768,65.77522199615304,73.27812721323293
2021-03-17,74.07795867536171,93.55633014038781,85.58172023659704,45.230867505595306,90.36426067582333,88.86575954223956,101.65470446934701,83.88057131042244,82.95331823098039,63.04421091661549,72.16254590955538
2021-03-18,74.06612447306023,94.10731811957581,85.5022833924321,44.87789863094962,90.10708797510459,88.70299930232363,101.66941638220902,84.09308824157507,83.10549299120059,62.23951953596173,72.1958328731515
2021-03-19,74.020451867395,94.08519404069779,84.69554352384586,44.73645055527829,90.03289095654267,88.94092387405733,101.68459126231853,83.94417140483775,83.34696203055714,62.27552385341541,71.71672909357169
2021-03-22,74.06865213382508,93.85779004769581,84.52167172342318,44.82392120711524,90.94279111452126,87.81745522485772,102.50215860673697,83.39957058458026,83.38993252396463,61.07063981120218,71.55236630623872
2021-03-23,74.55883691973261,93.63406083047029,86.06817886538705,42.92839538903378,90.21867179755755,89.48828985835188,102.23281042977378,84.50421130804463,83.61188786597933,59.37519280901686,71.28002387470639
2021-03-24,73.92137909175419,92.14860366749926,86.49882014222004,43.00859049882742,90.55039645312435,88.64955394282214,101.13311747944249,84.76138369663634,83.49317435180474,60.491409454516834,71.35548415992693
2021-03-25,75.13189351005629,94.8876867575873,85.5851979721147,42.882005030659776,91.11255429927252,86.06140451598469,102.16826320560295,84.43490102100671,84.42658327427954,60.11124223670512,69.83803770317346
2021-03-26,73.80262407699416,95.25041044312823,84.8994223442169,42.597401370746994,91.08838279719389,85.84231750667904,102.91306871684105,84.04682126720684,85.01479527499858,60.36825758093628,69.32133307930445
2021-03-29,71.83468650341136,95.41547935094434,82.92947039627634,44.324655727224076,92.28662311201532,85.01450996462869,103.12426098303641,83.35669848418638,85.11856681375271,60.24437132410914,70.33208962797956
2021-03-30,72.03193346322946,91.17130625790888,79.62484516218672,46.446327437328165,92.18082127277937,85.04403738922326,105.81134848191743,85.75415279185418,85.79141984475174,60.94489750455128,69.12961543894059
2021-03-31,73.07527291998916,90.1137167677502,78.30239573059461,46.569971834925184,93.15270276278365,85.35084536518585,106.4642501458637,85.63575053159516,86.35386775382948,60.32619900511027,68.69512159694678
2021-04-01,73.90630969440461,89.30989697571663,76.3351905817094,47.16381730587839,93.16452399071247,86.22585976870769,106.78744540803673,85.55988750582422,85.9772105075359,58.96465556612933,69.79502544675267
2021-04-05,73.97218492189596,88.25252544479154,77.64232371498586,47.91494192356036,92.37788511791962,84.72974341969763,104.39235199542988,85.73446672100354,86.12378776953793,59.60329335672108,69.17678492509252
2021-04-06,73.26113256259644,88.35968065969318,74.21358729667404,47.373475300992,94.3323965873147,85.82211811178652,106.8455576773633,85.04956155853544,87.15737469687423,60.59700768273913,68.1056578636701
2021-04-07,74.81391382265387,89.09469666637635,73.53287440405146,47.70042432161264,95.79374717999906,85.88038971211357,107.42012168265853,85.58834250005805,84.04910984789888,61.553796719659104,67.64007103148454
2021-04-08,75.83487053182571,89.61241921102732,73.47601568338807,49.120473477551286,95.29632490849596,85.86331561284507,106.8148851047969,85.67597986853389,82.43237395448136,61.30656115322081,68.25463684562813
2021-04-09,75.98412426831419,90.04316795438748,73.22576373688386,49.22160732133571,95.2490050273965,85.40561639527122,107.18446534686684,85.29071547288467,82.81767457563905,59.872052836186995,68.13641883069069
2021-04-12,77.50253999869742,88.56068259858063,72.73273410893351,47.54523729677587,96.46772045471455,84.61962468647233,108.22580392404284,83.87000857259338,83.35877108110262,61.91005839893009,69.67395246317143
2021-04-13,77.74326020981499,88.60303407182109,72.6158709289252,47.54707095506291,96.73969485894291,84.36002159586226,108.69502279381778,83.97406708600367,81.87870349959037,61.94111477604642,68.29912352893402
2021-04-14,78.39051602545784,87.72978486675865,72.91920015488645,47.37221884879978,96.41638532025647,82.8085106707172,108.2862187197618,84.66421264498356,82.48842350877041,62.26230263917476,67.90392695425429
2021-04-15,78.7870288577548,86.00952534045315,74.75032992916836,47.60215572701058,95.83563306691838,80.00074362342305,109.89641564568227,85.22580801345615,82.85579857061552,60.32656773917515,68.53944734813096
2021-04-16,79.661077129977,87.38363588714711,75.49790827185299,48.37429761625544,95.41143715395067,78.3841855532986,108.94269241885098,86.10780415997154,82.67120475537388,59.49035888395159,68.79072947957454
2021-04-19,79.18516761299527,87.56961404271682,74.4910460756385,48.25107358815737,95.74784017686467,78.33406275467787,108.56745207748509,86.46507980327358,83.05979835520093,60.41660564391322,69.06947652672065
2021-04-20,80.63739098721601,88.30277744149865,77.905046412343,49.319152097147736,95.00645537433668,73.8092083219767,106.00120823821153,88.93198443647077,83.06609937472388,59.61064576198934,67.4409063335971
2021-04-21,81.22079517452529,87.69686625303402,76.3758290302768,49.0391677479973,94.22241919485718,74.43209431730207,106.17111570685677,89.37893614519359,83.48872149975651,57.63007732453724,67.73749422718568
2021-04-22,81.50270014077772,86.23589729610863,78.24187716566904,48.53844277480807,93.45781577976182,75.36823434863973,105.60943424721334,88.68853632256136,81.8091380235775,59.96450557054121,67.70129090200913
2021-04-23,81.68704796063192,85.90141163580886,79.05259329379544,49.15190308986393,90.24305706112801,75.79035606776289,105.7722280963816,88.08241850331375,80.34152698620473,60.851654277018035,67.84992451112866
2021-04-26,81.5168233556977,84.7780512467331,78.22555697333367,51.38035815984254,87.05711168989184,76.29420018531694,103.74071579862141,87.86604035167134,78.9306298828169,64.00936246399222,71.82115843020549
2021-04-27,84.29746880503296,84.67931610755782,75.93627654677937,52.32888000785982,84.81721690416519,78.31602693997988,101.91186031411033,89.11665769405946,79.11517560500917,64.97333279436869,72.69761633506553
2021-04-28,83.9624712113424,84.99957958207244,76.13057740279145,51.21046243431027,84.34326464472419,77.67826487706742,101.5265687000155,89.10818692297869,79.24712537266201,65.35095339422796,73.04056384739803
2021-04-29,85.01427438539149,84.96002021717584,76.0779902685526,52.37565208088709,83.96481384744068,77.12276427111765,100.49037189684071,88.40148754926598,79.36219117740801,64.29946314850734,71.85080655356818
2021-04-30,84.98124088131405,84.0704291728123,75.49829786613485,51.49793847341094,84.9404591049101,77.15867271883458,102.67465463400897,86.27735677967256,79.43405441620047,65.31591726059764,72.9282015599076
2021-05-03,85.0300068407575,84.15197890862662,74.9145544497593,51.67071625998342,84.47202691310423,77.12403347258493,102.44585027342505,86.45840615833339,79.55483261985505,65.19705129641218,72.96066045427523
2021-05-04,85.36949748405375,84.98585290876726,75.8299210382619,50.72894017303169,84.21546008340104,75.3405775390174,101.6260111245626,87.11107804411229,80.5562730033136,64.87343504511324,71.51029868490798
2021-05-05,84.36099359034682,85.07050726309137,76.27322500311388,52.22695653800671,84.5078579361914,77.00278325286851,100.80495382354198,86.44463557501197,81.15222587502696,62.88976793279531,68.09830124727884
2021-05-06,84.53524394243445,85.07895544514598,76.03961559854524,52.37482740472243,84.37401349823162,76.84321182552034,99.74556023299687,86.4701938948887,80.61778638757177,63.05016576487296,68.62936902151525
2021-05-07,84.16593009889685,84.99572021399196,74.91997739705846,52.69791063620433,84.51289357159197,77.49341629041581,98.32559561789337,86.68479676815925,81.44540706630954,62.87354243609853,68.13117733735236
2021-05-10,83.79131204082142,85.39013208466218,74.38372957003727,53.40560806017686,85.15006971863637,76.35317365828118,99.20733263256709,86.10123794840683,81.73097693107299,62.029560076972594,67.86292215974426
2021-05-11,83.53762507621325,86.41979054668614,74.60569742463305,53.51567594780977,85.12294068802153,74.79795954501857,99.00072970379522,87.19628681974889,82.66409037362261,60.37970204889651,68.61289787362419
2021-05-12,82.12466469210187,87.71163326512148,75.17465873732353,53.35901186616378,86.46501882468141,71.89063936872667,99.66779165409412,87.80951099610306,83.85928672717283,60.01258006004164,70.14832283254471
2021-05-13,81.71207021770488,88.22516104431435,74.61708838384929,53.501457075202275,86.66038089490701,71.51412148595817,99.93494678353446,87.36227990731449,84.02974405225125,60.035942938745485,70.03929642090637
2021-05-14,82.92034262740955,87.50685776077272,73.01431305298517,53.5720461381523,82.9669695317058,74.49846222556084,97.74256306439453,88.29390115928474,85.06300861024238,61.330914856284615,69.2351426507205
2021-05-17,82.42127687375441,87.78906843982348,73.35755446785075,53.56380888979275,82.98662281008785,74.26137986080968,97.98744163885651,88.37825835393228,85.1341006578404,59.13973055389731,69.25943657680958
2021-05-18,82.74826136739286,87.99442298544953,73.52130122838052,53.79573318429341,82.56728560993128,74.19137059618586,97.49709837912368,88.55925880490221,85.55568892920232,58.88346089588478,67.76919807932842
2021-05-19,83.22066951946572,88.37387690647107,72.29717586830634,53.88092546311481,83.45447092070542,74.43058518399948,98.80963323809723,88.5860132657258,85.68789250651616,58.78270013536973,64.85915807790494
2021-05-20,82.48068956800856,88.75173320638528,72.07917415437161,54.60707943115015,83.79253089013893,73.14150705009843,98.82082222254866,87.1662742398037,85.20800554981325,58.34857620380753,65.84258657018667
2021-05-21,81.5029495041023,90.08832230653715,70.90256599382411,57.26710446564493,83.68011216339482,69.65941039300861,100.25706604277111,85.57611236181884,88.47603504561754,56.78876058843011,66.79003218915534
2021-05-24,80.81249612910759,89.5791526601939,71.11423209108116,58.073579008746535,83.53696317145341,69.3770590757077,99.94539696177658,85.27360599311271,88.68303118585301,57.51514927774527,67.10482801680703
2021-05-25,80.71853374635585,89.74049520480504,71.25189011157296,58.74128891975735,82.23468399398428,68.40325639523641,100.46177329971236,84.82884683986771,88.687675738244,57.819242599056935,67.04761138974439
2021-05-26,82.40949504043124,89.46912303950401,73.92970085531653,60.176201074944075,77.63316760321352,68.32621507083417,101.31554861448822,87.78122667228345,87.62801515811826,57.656667781082675,66.91865466836308
2021-05-27,82.74468218589682,89.00654097359114,71.79232539069848,61.25601288751589,76.75916289474091,67.69513451705276,102.81534736965939,88.94228024406165,87.82600684251979,58.22723207084109,67.71951795589155
2021-05-28,84.82109990202831,90.66571751787221,69.54420482954436,64.09840941319145,72.11354540528589,64.676419496529,105.24298052841536,90.22046402408623,89.26866060566067,60.61701042633807,68.84897373052458
2021-06-01,83.242608417817,90.86898183590594,69.83717521506327,57.338422959675164,73.01726826486775,71.11557698018737,102.79950471304338,88.06450565176911,87.37528870261805,60.634423018285815,68.33716759352868
2021-06-02,83.4940821656664,91.6048311879571,69.34137265060484,56.88649737058979,73.7111903307658,69.63735084659594,102.00864108379002,88.49253478492929,88.7126714566678,59.66142114556486,68.3107195812856
2021-06-03,83.61230165928116,92.04804589588898,69.5120260336531,56.601738041320104,73.95814513884933,69.57716522576523,102.403798756028,88.79242421580398,88.83600774381772,59.03332885515043,67.5570127557881
2021-06-04,83.54553695065506,93.73437329939367,70.11918439761165,57.49961375058195,73.06937588518524,69.34033182419522,102.62464609737198,86.44202427436876,89.45434971626298,61.815092513783156,67.04594547188343
2021-06-07,83.91865377713593,95.33564970302425,70.8983145142073,57.73100165526957,73.7235760554828,68.4691392310626,102.38222486589147,86.28297951422388,86.7141874302634,61.94168353928424,64.72918961884623
2021-06-08,83.08434492820497,94.62107256691417,71.37190990713853,55.68799135400163,74.73403272212047,70.4821038335763,103.8698356836858,84.58107837978824,90.38802405854771,60.25835413488878,60.762644555395575
2021-06-09,85.00845392315156,95.66847997462017,70.1537360796417,55.73798184096669,74.54993562884181,66.96532397159534,105.38610440917084,86.80094355071958,89.90223469478842,63.72069418971522,59.120497676410224
2021-06-10,82.87469973804203,93.24912360544988,70.34124355568242,54.82861897495822,75.27427865603954,68.4239040361155,107.14318391016215,84.22936590165618,90.97615824431409,61.641768915150024,58.870630619853564
2021-06-11,85.80377328369683,97.44793281543448,73.03532794549032,54.42429035633267,73.17053192719659,63.24667976770838,104.5115717643314,86.57636116204634,87.80551002675239,60.20294946587265,62.55195384842449
2021-06-14,86.60012000927748,98.2574054599808,73.26611720918987,54.53612942381831,72.28419093071352,63.15654725166279,104.24843878618756,86.52397045828788,85.65017117593118,59.94019386704942,62.39295144934742
2021-06-15,86.90183483758227,98.63366667226038,73.54838525330334,54.50016469902654,71.46771734037631,63.31087924196632,104.31843275848456,86.34536284079817,85.09387083850056,60.265769170578274,62.80792396757157
2021-06-16,87.8565014215755,96.40057636343256,73.84127894056071,52.1659841877632,73.45881309591671,62.48254055760071,103.63692283729499,85.13345886106309,85.64876127090908,60.97242633011969,63.97117481647561
2021-06-17,88.1136421751762,94.13603068101789,73.33536046145012,52.010712409258566,73.63408723568718,63.094353213310086,103.20975716378403,86.52361075981025,84.97199952059562,58.24322740474678,65.65323535675037
2021-06-18,92.0490865253956,97.74129921294154,73.63380242059473,48.232061119612354,68.74489168028292,64.53020169278513,100.87199957850343,87.84290855100141,82.78157399031824,60.431081015384734,61.59154771570863
2021-06-21,90.4751547845563,94.40488460562307,72.7146138047448,49.003112492850825,70.2478788514863,63.9451826537399,100.55676293687524,87.22420817320955,80.6271918027355,62.817466780058524,64.93484121009618
2021-06-22,90.84907254374139,95.15118825577126,75.52428185451721,46.503147409881024,69.51078239732693,63.96678557514883,99.37489243207763,86.97146951805813,83.93428393099215,60.9578945792596,64.34385232539461
2021-06-23,90.46724257228148,93.32397294779362,77.09398718111504,45.85293023972024,69.6972127463036,66.25683169695517,99.81096130319271,87.32759832786932,82.4096201724898,65.31732447908948,62.87252217215608
2021-06-24,92.03180474864799,93.33166378663896,77.91042926959054,46.07429362270456,68.8051504432492,66.82327012783314,100.30280882914299,88.29537291405684,81.86581678979009,64.01623651956862,62.70387972299696
2021-06-25,95.08000771325028,93.78275221516691,75.95186232184261,48.26426591968978,63.78457303358058,66.17753659269759,101.33033666219771,90.99367890436504,81.3194219171821,62.99204718438716,62.831265360656815
2021-06-28,92.7722260624071,92.17925346362803,74.19659185892665,46.973427730207604,66.91102313730829,64.14829241886717,101.173314862128,88.10605534773815,83.81139269410603,64.17155647508143,63.08998367201199
2021-06-29,92.51824859923757,93.3526649238043,75.68410863775627,46.124859161859035,64.33485877823975,65.30217359684184,100.90225871196407,89.42645801791583,83.23454557456964,65.07696013850095,60.27877097257102
2021-06-30,93.16301901320182,96.56967263475933,75.25476782940757,46.920146279003006,63.05007128848252,67.04447586344926,99.41417998735417,90.29452468234538,83.06834246073,63.65177322124374,58.75714570701009
2021-07-01,93.58976868787398,95.01119844970127,75.46440671204292,47.469947154543306,63.13315566065677,67.23328996646184,98.59169631666165,90.35352966729974,83.61779451623978,62.84528041553422,57.92129721965526
2021-07-02,93.95294709742352,99.93757695453486,76.12041843608901,48.35804589083738,64.5100176959281,63.76840887111947,101.24621648671757,91.57928192343104,84.10574286716528,59.71275732889997,56.77370771854159
2021-07-06,92.45303963481972,98.46120961346523,69.07749723775777,49.40606550701191,64.46590271056341,64.55064258265621,102.67349192964963,93.69295458856818,84.41666043865855,61.74077748076278,55.79153727815026
2021-07-07,91.65094531593546,98.77413374091513,69.8740126441799,47.68713131371944,64.30550597557269,65.34514685702162,101.91997990638339,93.92919952757522,84.01153270289979,61.64031853137409,55.68965786716901
2021-07-08,91.18163570168457,96.65415314469449,70.08019065233472,47.88250260059267,64.4544271837035,65.52591653206412,101.95856192750023,94.15279595621841,84.27325668667179,61.63356129013881,55.24830792589131
2021-07-09,93.51898280922244,92.51691991290924,73.35725192580743,47.82882441281888,61.36026155416979,67.9365378195464,102.37137891080815,91.743472806052,85.0359234263036,62.51752136798211,57.66109108346772
2021-07-12,93.6856002384859,92.01653476547756,71.9492951657808,48.01731257478134,60.12680895529995,67.72510869553523,102.41462921302733,91.97572378206561,84.36460142677115,62.957843158094015,57.68464486754066
2021-07-13,93.605879202307,91.0765772866178,71.21865362596282,47.71592838596036,61.33847035546862,66.18425454169618,103.01036134014976,90.62935435089506,85.39961636550191,62.893171629605924,57.634017481356146
2021-07-14,92.58909229255126,91.3892750514808,71.2101777519126,46.20588705172581,61.403995200597194,64.54093759610875,102.66789973855055,91.03327341607034,85.72180291498502,63.34730028615268,57.66063738683923
2021-07-15,92.52519360536802,90.55127856078019,71.61938255116871,46.922805577524585,60.91305325317737,64.45283278394948,102.94713650865144,90.93816935254829,86.18730888789348,60.375946250610184,57.92479182590715
2021-07-16,92.77940270774887,91.86512291645028,68.5026046828262,47.2653627844468,61.9361155343642,63.75261044743032,103.36843711617205,91.25928269844177,86.22508786546099,56.74610076379831,58.497530923097855
2021-07-19,91.2795503860601,93.02740684852955,66.20938234109333,49.67457419249744,63.61832988906942,63.20816257799595,104.02535730100026,90.96654760990198,86.45043274776054,54.58688620144027,60.068275811195484
2021-07-20,89.56824205397865,92.3500603858441,67.56778826625047,50.11910365952116,64.86176267816029,64.76893684671734,104.98357450709031,88.2497410907972,86.2553960571719,55.661481525009435,62.45838037479847
2021-07-21,92.43517104026041,91.90241501802802,69.25194203844244,49.57263586281822,61.11529144112813,59.66334642930448,101.37421058827958,86.94619230947521,86.57128527707243,59.0660340096787,64.80393362645003
2021-07-22,92.92338163325621,91.37938478990758,68.1973065396813,49.66390652785232,60.12413646266699,59.27617981364099,101.35354671786092,86.60899211063563,87.007846940072,59.37113068019026,64.9587535871774
2021-07-23,91.36991631539343,92.51419834134862,68.92232523111288,49.17217166857277,61.06678692650843,60.14496838827636,98.18849719931494,85.17345553475214,87.56207480054152,58.97826693977771,64.27747766762916
2021-07-26,89.57692945078304,92.90681827679353,67.7555214865944,48.625181639179644,61.111248831010904,59.81249032991847,99.99591432601216,85.95069356905799,87.6943804103231,59.69084390621301,64.66489568383106
2021-07-27,89.96664258409933,94.07900833299684,67.7836746361945,46.675117538882404,61.3811934476668,59.18111298148672,98.83620226627825,85.88056284966233,87.58766747320182,58.837676946171975,65.72761960126915
2021-07-28,89.2694285879762,92.9122001751194,68.21166525903232,48.193168768162806,61.913012854886894,59.888217686176866,99.99085477637084,84.45811429255266,86.69442355178228,59.40525275605303,63.56718670605888
2021-07-29,89.92507781764473,93.41698724961758,69.4037518810789,49.8768727224909,60.918747217265334,61.76005383581739,99.91342405154468,83.39106888974362,86.95029283386484,59.46935009042196,63.164422576703856
2021-07-30,90.11109408857324,94.80241679572913,67.33858874476853,49.36320714286675,62.088964615253104,60.11279546462185,97.82496769244418,82.05880288215354,87.23898676009635,60.911286395195205,63.6031416860445
2021-08-02,90.42529523161889,94.65212527101137,67.27339202209299,49.20238651788003,62.42142416516337,59.65241695824169,96.30604938354782,82.57829452162021,85.20928619140682,60.91212638853682,63.307839734518254
2021-08-03,89.76755202579837,93.44998210532769,64.94915425105215,51.223552279411415,63.947111209528316,59.0622575204768,98.83036681677508,82.44644474062818,88.17802300776272,57.4277711957932,61.51442227048376
2021-08-04,89.650175885227,94.54037023299394,63.88184388949453,50.289769208781365,62.211858221097984,58.94528143728205,97.41729530699507,83.62822020685665,87.88499882237433,59.23893066744742,61.58138430449024
2021-08-05,90.78754142964272,95.31784641036015,62.53080385184561,50.27608847983746,61.62533425827696,58.28541065448969,97.22639071090249,84.4854948169549,87.20929430366331,59.34463051287713,60.95973332857087
2021-08-06,92.75724180082591,94.59305208621353,66.24811611855598,50.75612044504126,62.288247014663824,56.13285787550117,100.2870100729985,87.43691990252348,84.52240270921041,60.125759771237085,59.4134219778245
2021-08-09,96.93016453413178,93.33483598472056,68.61191416331616,52.82465828526636,58.763769830849625,56.302430159529635,101.70745839997252,90.70247709394137,82.11254791445697,61.139432720020835,59.28637126486874
2021-08-10,89.98891387137319,91.35010661097454,66.94757218447957,50.85106949537061,62.34389896316228,56.32213739679052,102.87768258236633,91.21760532395642,84.12492105712712,61.08455922893914,57.477551926774076
2021-08-11,90.977567300069,92.25307567611658,67.56500055818353,51.752511072398974,62.22093205104312,53.48955152105924,99.79617603497556,90.19661298371591,83.7771497946145,61.18450146124604,58.46847074464082
2021-08-12,92.97179465635001,93.5283195892859,67.61591093687697,51.89871173024145,62.09760414954835,51.98689660089286,98.68516428068395,88.79544123539868,83.38765368861932,61.99409912891082,58.676863208959375
2021-08-13,95.04428118233551,94.40615756813875,66.21227184159596,52.53420420967327,61.00528527372104,52.436786938738344,99.04550091366752,87.76834035433136,84.05175487936279,63.964094347372374,61.34913391563912
2021-08-16,91.72285768123723,95.16864335141233,70.49720180770396,48.17232291899186,63.97589118221248,54.06954850877952,98.5770120814829,89.26427988627786,77.11961352577634,61.132067823736676,62.02433885413299
2021-08-17,92.54026436971498,95.42829052378409,70.20674312303663,46.81147907997483,64.51662966124653,55.6481018224963,99.58096658760184,88.8633430184521,77.07365626210431,57.98441188520571,62.02797167067438
2021-08-18,92.5085119915849,96.53456947157018,70.05846467566657,46.876084483342126,64.75059395073163,55.85677104779408,99.96478923786349,88.43012339312207,77.57184102127944,56.84894426839507,60.43407011793898
2021-08-19,91.8893504316552,97.47525275066735,71.31754229271536,47.635552329381326,64.63312954792518,57.405003604615615,99.55664308487509,89.41989534316191,75.2198997174826,56.21464206474866,58.88807917554466
2021-08-20,92.24035236393483,97.91002511271832,70.34985516249702,47.65524152484427,65.38081730442589,56.53435261756572,99.62174657285614,88.99825577801477,76.33692027008777,55.07253085091665,57.46274119366687
2021-08-23,89.27872950465037,98.43700038267757,70.38518135547605,48.22382177852616,66.71569486765068,56.57688419980327,102.14563644518371,88.74293935874014,78.6359559783101,53.534388603024084,54.4832566410906
2021-08-24,87.73273234742246,98.48658239100395,69.88248055033898,49.5000885701493,69.31582616146675,58.09255193525193,103.07885806489513,88.01533153216018,81.11716380863038,53.09648182218945,51.49332598608011
2021-08-25,87.23548442800565,99.45900423887662,69.61627419497333,49.856139824907125,68.11386357806722,59.03179205352907,102.08484307475742,89.78626256504272,81.2764450260001,52.82415324722635,50.77591830619281
2021-08-26,88.39730023876616,99.97601467454027,70.06327967333172,49.628524043675114,66.72694526029477,59.20487745205395,101.3797786286439,90.8309230966157,80.66168245474759,53.682165041641994,50.63477908242391
2021-08-27,88.32342106627429,100.9346389010766,70.06395778490061,49.87441921525237,67.52745207856307,59.64093065873542,100.43261022025331,91.37216864838649,80.81730273659952,52.735298621489235,45.87049028085782
2021-08-30,86.27329448442799,101.34214522566032,70.25222972965429,49.94184520170921,65.96436360535496,59.273180812504734,101.189723698088,91.77965842194432,80.65405892522361,52.15044356303146,47.12392580024685
2021-08-31,84.90508918128948,102.2823444703174,72.4185493000332,51.04768237287525,64.06460656072846,56.68348301482748,103.60891875896584,92.17920941684727,83.79512209195995,48.83379809226987,48.7293139153897
2021-09-01,83.44980667313104,98.86964822158166,71.31188804369582,50.509015623493795,64.0802665536428,58.214463925742436,102.82618011621214,91.73835725940386,82.86470592904215,51.01007646488391,49.550920493955324
2021-09-02,83.6524026194742,101.1328110206866,71.98663722403035,48.98876028409849,65.01135447770606,57.80695545521239,103.21271681413634,91.98931215182171,81.9693613986292,48.709075930396246,49.49253419169365
2021-09-03,83.13927746077898,102.25741979115884,72.92178216965058,48.337738971990255,66.23839897415158,57.03280845160053,104.59359238663114,91.24182539946703,84.14433464069906,46.79792939359729,50.742784149292675
2021-09-07,81.51758666727497,100.20173710837862,73.7179654269087,48.10647235374658,65.80957646505546,58.38857702430052,102.4777340046451,90.66462181886045,79.20935930707897,48.376483492447534,51.55207457924203
2021-09-08,79.82395996073706,98.5566461491852,74.75302829587564,48.23671874976792,65.41571199177136,56.19148501812743,104.0699722755271,89.62802628012531,77.24883679435774,50.1450832394366,52.08628174857285
2021-09-09,80.42059895918207,99.11451483626753,74.79222638635224,47.16060255399552,65.70509434724174,55.17332864723195,104.43748636538052,90.12437682879498,77.94184010449072,48.25121999289987,51.07804732214284
2021-09-10,79.68338074335959,98.68928382501817,72.82969653216901,48.23097828707319,66.24993757053969,56.94572086828708,105.42666660553175,89.86710896745767,77.35140740743071,49.86961476103652,49.29244890066609
2021-09-13,79.3488195950243,99.00020368263607,73.08025624992659,47.98202609323197,63.50912728692333,57.16811094692222,105.6362576814197,90.5499916581807,77.24845898461531,49.95581599010825,49.48418354567984
2021-09-14,79.5095746913522,98.83482413420393,73.26280704548523,48.1141018742197,62.506413348981454,57.11168069743739,105.35210535347552,89.9836975157656,77.42066921987181,50.102511658125955,49.56895815368063
2021-09-15,80.18341510864447,98.35890444403319,72.14709784047783,48.594466063913174,63.186637844126516,56.88894842196663,106.65605090584165,89.00304734747478,77.35785043779582,50.17390056501222,49.13395053021999
2021-09-16,79.87309904876699,97.58972766129865,71.2837201720253,48.89442388176586,63.305081190009176,55.696475316509456,106.40910635817382,89.68800425587418,77.62623611466162,50.475174141539426,49.4277178291543
2021-09-17,79.91804039020757,97.92740386955256,70.43348148445477,49.17888481045972,63.23193481215923,55.037010631416855,106.74934508457632,89.89864817080175,76.36522221610593,50.506321177615526,48.530952179087954
2021-09-20,84.73216398107076,97.44553283747732,70.04813377727052,46.97669202782475,61.2166940918837,54.504386713449605,101.08933290264676,93.26797461783357,80.52085532280599,52.1276130604505,54.10946091292378
2021-09-21,83.15689178032925,96.31254102333826,67.47012244530256,47.36603405648754,61.93992795992952,53.92987141302234,102.23136724944784,92.83717783618665,80.76306518217643,51.829750069746,54.133376383326784
2021-09-22,82.74268240524145,96.07549185351206,67.02959983252298,47.369045309216624,62.176331311926525,54.079403327856596,102.00422317001184,92.2829220846348,80.7725970583854,52.04945030182079,54.39889521651709
2021-09-23,82.52668341168263,95.98241763475242,66.46252382901439,47.45032048072546,62.189229779392356,54.25280121378444,102.07076194587414,93.06700145521066,80.29897346798086,51.76574731522112,54.15245028072751
2021-09-24,80.80683870972635,96.37095211555096,67.34451657132085,46.70252252847003,61.92556999456358,54.6135162273555,101.64862136662454,93.33892476906638,80.539927206196,50.87177049972678,54.54705884764715
2021-09-27,82.74824350008673,97.25261255385517,66.16524985668916,46.00441444180672,59.508797761197805,54.67771951618856,100.30318171329571,92.146794686226,80.05458196905619,52.00947135596733,54.66037735228919
2021-09-28,83.23707918332013,97.60802319408225,66.31281206971869,43.71629314728098,58.68179846872683,56.395776538456666,98.91884048031338,91.72902996275971,78.65368001778565,53.69660388607046,56.610263615666916
2021-09-29,81.35472778702564,94.94353814006969,62.13427866934747,46.33727479699738,59.172113431111356,55.652364825159154,100.0364050554169,90.6391215906393,80.60163561749916,55.45828097525603,53.48449227292796
2021-09-30,78.78559538997764,97.2823484472663,70.27131055142135,40.41239096568148,58.71872828401396,59.89504435971578,96.68481267702956,91.5670826632575,78.65546721169251,54.036669850585454,56.388883023002734
2021-10-01,77.61875371243666,97.77776439031985,72.83336004916627,37.775255961818374,59.32983990551932,62.31120527058667,98.65954576395887,91.7818045821877,79.92500861667173,55.55720842129284,53.12953897173708
2021-10-04,77.68062209025545,97.6288248057297,73.15249351123329,36.53631333672385,59.76891638468115,62.80120509428578,99.05992628141519,91.70471573941356,80.45195535883524,54.33488191644088,52.83182550685547
2021-10-05,76.84133023508318,97.45507179862848,73.00937361189852,36.97425065215333,59.11603314258379,62.199171872041696,98.53879951406572,90.9386808693724,80.08419716650012,55.08307917256227,52.59090256466357
2021-10-06,78.12536475573862,95.35543526858677,74.16120475163366,36.061216823308776,60.41013455802474,61.80699003290694,101.94592437852482,93.53785806622393,82.10198340431872,57.02500530741736,51.086615751168225
2021-10-07,79.15199081349218,96.8881308343518,71.23889391446025,39.7675125692206,62.39086032701293,60.39856667444076,101.55742199203942,93.5878287002961,81.00053012284285,53.1541744297762,47.8355071474488
2021-10-08,79.60194621338601,97.27925044119061,71.91396935803981,40.13943688378266,63.03436969812339,58.83445723294818,103.02861775682784,94.54353065043054,79.99640624701695,50.89744338153592,47.65304135587338
2021-10-11,79.92747583669872,95.73379031482845,68.33348570411545,41.18347799741211,64.03825936869248,60.14803223860654,101.29632943471071,94.9013321537684,81.19855044273875,52.00813779042701,46.89513128925776
2021-10-12,79.12473565144403,95.63746301834739,69.05866707949579,41.32769384887505,63.51105251105858,59.853799589426416,101.34848565473347,94.9012157418155,80.84168820041323,51.087078100945845,47.00748446116218
2021-10-13,79.11168585360475,94.73427726738373,69.72892840817711,40.82523001528175,62.95900401698224,60.20593379536143,101.37181710138753,94.2505992210341,80.26340671026766,52.24111104474016,46.954676495528076
2021-10-14,81.54824680758523,96.22269491210366,68.47886889906937,41.54524848735677,61.47949707883159,61.1129129360573,99.88437651867719,95.1030240258061,77.19158910783132,51.304696861651024,45.832214304291895
2021-10-15,83.1938951798475,95.61150454077678,67.00296988932719,42.65202419574829,60.304365773937384,62.010902325038096,99.79498442738506,95.14324352998038,76.64738798039355,49.80505952249373,45.86058507805509
2021-10-18,83.12012909667193,97.43722275637734,68.28723432720372,40.22273582138816,60.017555390747674,59.782466529536045,100.08163359686664,95.4737030537392,75.2943344461844,50.77600632785768,44.52216317439115
2021-10-19,84.44997015045254,94.92136370092193,66.58306082913586,43.0367390945633,63.47051389390817,59.145657073821994,101.02888440516067,90.4346997274148,78.05158518413108,54.99377025583955,47.52106119862134
2021-10-20,81.3494454501049,92.2576101880697,67.53536754132097,42.75603161414741,63.62499174394193,60.43491473898061,100.70281810208891,90.57561080344941,77.7538433480799,53.851076553563885,47.39203470199749
2021-10-21,82.63700048542425,87.64542606624876,67.9611891806157,42.346610881892005,63.93710241836566,59.983378584120906,101.19357093317315,91.19620306525259,78.35177205516526,53.839785690273715,47.1218575718495
2021-10-22,80.77048751990166,86.09411561340382,68.66161831744975,42.28744303923068,64.15566281983384,60.08122876664491,101.90367300567712,91.18421715876045,78.4201113547673,54.83076902064769,47.86281886160462
2021-10-25,83.80068211997907,85.2250943649405,69.67664302590032,39.64177675170611,61.55242344365154,60.130889254670045,101.67777279790795,89.9221486920676,79.45182804917248,54.31115082396513,44.825558893159894
2021-10-26,80.57368815336443,77.62346307190607,69.45651101406231,40.32020636278526,63.0919838965562,60.20867327119889,102.23554073868102,91.30890995443276,79.13765769064312,55.25632187562977,45.795524416650025
2021-10-27,80.97594101756633,77.33250503476872,69.38666508721379,40.20069670307769,62.99961967773348,60.3908576836671,102.15040294295545,90.33524640536224,79.31893402228803,55.17857122143823,45.89877558299571
2021-10-28,79.63206236627202,78.07245591330027,68.9032225767759,40.30569090610219,62.93901705314083,60.05575237993418,100.86487886040892,91.39614922239443,79.53776352992564,54.068200663838034,46.59306427074904
2021-10-29,79.65268370256167,77.26309388687079,67.49686731088158,40.147910867676565,62.355730074324555,59.4158779679251,100.63600430556585,90.48543532012094,79.94445435717675,54.7330230486366,46.59610710952738
2021-11-01,80.19377483961222,73.11726328150486,68.5309188269861,40.89867270658794,63.52862068825905,58.67039678637293,101.66530837536683,90.05468807469106,80.7620069203167,50.77172252802823,46.93234168527837
2021-11-02,80.43746647953316,73.43062679969378,67.99472600465269,41.01088040553915,62.95402931339538,57.47462057484504,100.15412957993738,90.24155224797205,80.5308324100588,51.211464114019364,47.15247377576654
2021-11-03,80.49000172382719,73.41158367349067,69.35393759281348,39.593114224455,61.52765097213073,59.67879990341332,96.72724266570535,89.74416589347533,81.14611484681576,51.91343785547555,47.26619605833588
2021-11-04,80.84533033994582,73.34265589609282,69.84328085900648,39.73472325604837,60.94363249257444,59.31000715125044,94.80417632375503,89.23825665217285,80.74386103416369,51.08446174360868,46.87776304106129
2021-11-05,81.91056763946341,72.94133059531117,70.80980988574899,39.80831302044239,59.62985311795079,56.88215476202699,97.2184186787148,87.95133767864057,82.82553576451146,48.84550287127503,46.021179224298436
2021-11-08,82.03285970218874,72.79071389031786,70.41855762743619,38.5731344410551,59.66237839624692,58.03545053438302,97.77690344874665,84.8138675100794,79.16533082337031,50.12200530162871,46.531960084215385
2021-11-09,81.22939411049194,64.5955380265555,68.5159732067735,40.30655253716849,61.19858805450564,59.42252660088578,98.45343107648392,87.31362992628745,82.36954288943505,50.700612047124146,45.502782425365524
2021-11-10,82.50884870217973,67.27463454953718,66.99153830696434,40.22089587067737,58.418661855853074,57.67294596129373,97.97687678928112,88.38688308460935,81.5030757276052,48.59361465049925,44.33221141510111
2021-11-11,82.3919022724598,54.45262125344482,72.41311354700444,41.5602503897687,64.51527418178685,63.57285669591889,98.948425730632,88.2269214459991,81.75038261397569,53.27961617144833,45.72305824625628
2021-11-12,81.79750383922479,55.004432812240104,72.97635444732148,40.506391298949694,64.28859118538018,64.2931765789612,97.95580339540072,88.5150975827032,81.37495700409349,53.39792010765281,45.23715465599733
2021-11-15,81.2077071569142,54.952700113341706,73.52820160834754,40.79900662486965,64.80085466335605,63.41104985702084,97.167476749129,86.89702004271564,82.36378436592823,54.630760655747224,45.841040686373866
2021-11-16,81.8065413314829,53.28216871209323,72.8695494154046,40.93392958542025,64.92842895389185,62.823697435505665,96.69593397598028,85.48706456943961,81.8466862464788,54.810634758509096,45.90249594693303
2021-11-17,81.01331953532679,53.47296271865102,71.88524728261268,40.73073942198876,65.13753593996313,63.18092151901364,96.47074937202623,85.87630723207593,81.17083091678839,52.1527772104844,45.80586742226032
2021-11-18,82.76238184684429,52.7126779463856,73.62631468280114,38.842880596585616,64.85627059235898,63.852444564450344,95.11571646914331,85.27204033047953,82.98024961493252,49.749487053685826,46.602684111731406
2021-11-19,82.67822224885964,53.056620906961165,73.7620977671326,39.3913275868174,65.18316816912221,61.50766046489743,94.07816148315707,86.15103279969173,82.30030752923852,48.80427040162398,46.31023167654252
2021-11-22,84.64874167991073,54.32331869962883,73.70073584913945,42.647264248603946,67.43856114698437,63.20241987361246,89.47941504158413,88.20980161532374,79.60318951392266,46.124370229690015,45.29098360513881
2021-11-23,84.84334384593535,51.856994915955696,73.76741432146859,42.88229929118595,67.73675770189371,63.1695604090563,88.83610340679085,88.21082468480799,79.91381274101197,46.158737155326726,45.48856592205627
2021-11-24,84.888965446815,46.341342595805166,73.8711739499818,42.367124376112244,69.23994574575515,64.45090002493936,91.22773355387443,84.42948461791843,81.24707928172764,42.41150139850707,46.94083685017813
2021-11-26,83.12035096923607,50.8134222656958,76.09680104209507,44.41153800714757,66.78888348565566,63.817781011876775,86.59349779103914,91.02871384456837,76.74728952728636,46.42059100081646,45.88448365253535
2021-11-29,83.43182726425314,50.96929667870522,75.80892008711243,44.22321772233001,66.70221296024961,62.77155505283452,86.75414565425066,91.07531305075396,76.64275555740927,45.695456092090005,45.35012627638985
2021-11-30,84.86836959419347,52.70303353740593,80.76643924338691,44.04731012233801,66.8392833324274,61.355062605694364,89.18853598617365,92.52435373697759,76.64438736152755,51.11142722923494,51.2108103147522
2021-12-01,95.78832386911718,57.32728984761279,86.8762079398803,42.3674283095966,66.6937934092385,63.980100545420946,92.33565550078025,92.4503959561963,80.42170081696997,56.103842782176436,53.819062465214074
2021-12-02,94.48161783769856,56.96604641932199,87.12795046458903,41.369749573445105,65.62077994784367,64.14631424327484,90.69813744382289,92.59452662060883,79.7662765497411,53.85210916894427,53.9910750770409
2021-12-03,94.88865611199091,57.03809925619471,85.76712860105161,42.906530352097555,67.01446502871141,64.23333643450742,91.14227788925565,93.47830631743525,80.66258199206153,56.00911217605659,54.20742411690874
2021-12-06,94.36853096059971,54.71938939040824,85.92376048786289,42.90048135845494,66.99463758502961,63.34655052160353,91.67844479596636,92.77589356048425,80.62873254433386,56.07111996410577,53.85646348427896
2021-12-07,94.18339865311161,52.26511846633029,84.91811433500818,44.36454589906083,67.65066148987037,65.74644025150205,91.94506884097785,90.29683562455205,82.08304823251407,55.32967078218584,52.775084543085526
2021-12-08,95.17080439099708,52.44341021810937,82.24608926786851,44.320296908796195,67.761244625078,65.71097513999632,91.54868705053322,89.84703692756538,82.56917634307092,55.276387406732084,52.909796717935485
2021-12-09,94.89572885906794,52.07959558284233,81.44352098663686,42.72618138208919,67.77888310809004,65.5176971446544,92.0464175613525,89.03232687501735,82.77879159678048,55.5529600941257,52.8044716835919
2021-12-10,94.0122447255491,52.17582447258113,80.29722422973926,43.42544649467331,68.00607804896123,65.80545631762388,91.16434323901815,89.20395280092639,83.18380740384742,54.048047889512866,52.753798213422726
2021-12-13,94.54273696369589,55.02128952253685,85.56621769429485,44.43540444573838,66.55995955000552,65.09571773468444,87.52700695059372,91.20404589313608,80.03835260663611,51.6246273719673,53.22451202609656
2021-12-14,95.09493677812019,54.442009784185764,84.44753731487508,44.662495140465424,67.6382245221259,65.30673078351052,86.52239870345758,89.34655330389484,81.39779633152031,49.99010618194366,53.26430409846943
2021-12-15,96.34867083110214,57.5964732614036,81.35245424113283,43.092684373034004,66.36457789982089,67.18715972203331,88.72314249714977,96.24991715538546,79.75687496267302,51.04635256387832,52.93890296212734
2021-12-16,94.41093380506847,55.023954725575464,81.94291089607948,43.7053344110878,67.65549645845552,66.29601201240838,89.80933934097533,88.33575684833288,80.19619061869955,52.02735521176608,53.562612252183676
2021-12-17,95.03660763784417,57.20030691979127,82.5739123265873,43.24481136378591,67.27886412055248,66.56498386744312,90.0981082344324,91.09730317761311,77.67341208076043,50.3981528915338,53.57793560735475
2021-12-20,95.43630224166735,57.637132197816435,81.68705365706649,43.3064447528514,66.55607116133397,64.95256032970849,90.09400315614802,91.13045377513032,77.88036611532218,50.690394934575075,52.050272104256045
2021-12-21,95.13886250244859,57.344791806799336,80.93194263026581,43.678238293816065,66.84815060388597,65.80456712002226,90.56390467386805,90.00912667551783,76.79033850945086,50.1744738974359,52.87003851036951
2021-12-22,94.30253294756064,55.53211866224816,81.59926690799428,43.761828779277565,67.92128474836565,63.58082641033589,90.16883008526386,87.32007544375764,78.61201566965114,52.068882254854614,52.96821702206918
2021-12-23,93.81209986424177,52.774346422268,81.46928988289044,44.20262415868703,69.60964687878601,62.80647356025941,90.66529474887652,86.35652421344633,77.2697852274973,53.725792136482255,54.66647439361577
2021-12-27,93.0711408893869,54.056788433031585,80.41304837782089,44.161790749968795,69.10521371994376,61.20728763997369,92.11266098000557,86.15111456550933,78.60370581800781,53.72722317237693,49.57418038847987
2021-12-28,93.41442675654004,55.92081738995404,78.377119872424,42.07176998252,71.58237736173812,64.04161522046937,91.9741492954004,83.36630884639885,79.01145516803831,52.53286132424343,55.77567173697184
2021-12-29,92.48079315354403,56.578510448348425,78.12517054949782,42.42756448277367,71.79406694839201,63.9521552869108,91.6575472970618,83.39953303821173,79.33688086584529,52.67435608083319,56.128968740645035
2021-12-30,91.8163821949094,57.36748185334592,77.99101935770291,43.85611179428793,71.3561985095279,64.08783654509209,91.52749260557835,82.5237411871539,80.42173766509639,53.20171313046666,58.7100832016694
2021-12-31,90.94799157509495,57.32023948151276,78.59599929989704,42.58268294256334,69.98705190145942,63.7609950685665,91.60435937665784,81.90519916723851,80.41055630775217,53.40922788633322,59.037692079099436
2022-01-03,90.21807855453211,55.83898124546923,82.51988561295184,41.52612193212723,63.00763398051277,63.95711257909704,95.27145333469923,78.99112667243791,80.63293317434673,55.44817009472472,61.46759683039094
2022-01-04,90.19471686156704,55.717046293283325,82.58903635738831,41.565459570567775,63.075502686748536,63.367077638904114,95.51060708533393,78.8296216398782,80.46438952181053,55.43909839978827,61.55495521518976
2022-01-05,92.24571068618458,58.762419317996866,78.24938500657379,40.544292430443754,64.26683379667827,67.63232687414603,98.44515273565109,81.67598307130456,80.59750982778421,56.069789019679575,58.13175558386138
2022-01-06,87.42214608335452,55.969166427586906,80.4433419672419,42.25287970831802,65.02387901703047,66.90072638996455,98.72154217926462,81.2100628877141,79.58816793942162,54.20676111701588,60.10460010981292
2022-01-07,86.40941007926982,52.350927848426664,81.32869105327401,43.32620436385933,65.16625157209661,67.34369812792366,101.40432071520515,79.1155544646245,80.06708853976,54.703248578986916,56.49843081716435
2022-01-10,88.17924589372026,59.99159570241408,79.94322577472852,41.01925044560512,67.17878034983956,65.47064441890711,96.25376510841511,85.07917228087548,77.27080605993302,54.560059772065244,59.72128018555617
2022-01-11,89.00157553144605,60.77474142366784,79.56191020759644,40.8814474270418,66.4595858108944,65.96558876398522,96.45143801919417,85.87909810157937,77.28577928959398,54.315729291759105,59.576754992855264
2022-01-12,85.79154417471156,59.22275879070834,81.82149190180081,42.43759563064868,70.16301733754639,69.52872242301905,96.43515982712857,81.99198839295411,75.66538914799533,55.40903015294029,58.45296036245751
2022-01-13,87.53892099299178,62.25650571921069,74.11581100381379,39.88700989744675,69.85159960329426,68.6437660881704,96.27951771177419,83.86043369580183,77.6975667173571,54.24864269805378,57.06870960358138
2022-01-14,87.8765192040733,62.8161071571641,73.51968233026474,39.7554820903399,69.36329307961437,69.06345681586134,96.27377204689796,84.39490435708063,77.73346783736254,53.98851072356207,56.98892536364026
2022-01-18,87.94685180473053,63.06078024458651,73.63467767331282,39.73565983752854,68.16742544797795,68.6602228825326,95.82696720431271,84.47204893979598,77.73579539287587,54.282538409704976,57.0648162440245
2022-01-19,88.23667289182215,63.711008111592975,73.48164946729739,40.71090552176631,72.46737251332137,67.5317435758826,94.76556768071848,86.635280506125,75.66264396317342,55.942620531230375,55.674186649917516
2022-01-20,88.97266345700555,67.75538282804017,72.91890837144878,39.78131005719908,74.94077195950966,69.49176664826032,95.54077171796933,90.03012911915788,75.09680389825384,60.05240669246563,52.34982820327247
2022-01-21,88.63478444419623,67.68253002596354,73.24061595389391,39.480693768815485,75.02964631772731,69.5327102821188,95.58613374032414,89.96085274767717,74.7792809552843,59.72951752710538,51.5886348395278
2022-01-24,96.51618774012245,76.66873400800364,75.81899398361784,40.0456965383254,79.76594141451164,76.18285579903808,98.45471625408706,95.02170088533522,81.76932980631766,58.544716169653796,52.722800195294695
2022-01-25,96.32976081752652,76.69925025106329,76.0130513717169,38.026200894493996,78.36484992830916,75.22921256981319,97.47293107818086,95.10459606076547,80.69553678164608,58.22030682956216,52.22514863835635
2022-01-26,96.60558334230636,78.71738170282914,77.13439654798277,38.64549935601451,80.05914508472749,77.73194141708848,101.02342850036813,95.25662721194107,84.02568383883427,61.202853602652944,51.182833410972
2022-01-27,96.52142890992316,79.1193178464967,77.46931601472372,38.22937577991008,80.02914823385666,77.64550277558536,100.98018625136767,95.44945657898116,84.20889150777157,61.02860662421998,50.29954025214097
2022-01-28,95.64640489759289,81.30037772532634,79.66392975413798,36.75467159423908,81.59509431844494,78.86162106646947,102.38289898250005,96.25796685372777,84.20971634973316,64.6032220212539,49.09418216702342
2022-01-31,94.35090941869552,79.97995090179481,79.1463520602256,37.59853137247384,81.88707009776532,77.89653336366399,102.8338784282814,95.67991495555746,84.84056687402334,63.80509089551288,48.20918623381772
2022-02-01,94.08095261355271,79.8967307768532,79.28823943203297,36.02579552281733,82.02448535076593,78.63113806364916,103.06584055536794,95.78673308702986,84.91883686308768,64.02179248502331,46.213109663651935
2022-02-02,94.37733523611158,79.90941798836629,79.33420998697878,36.17647224595848,81.88029762605329,77.91729166965906,103.20970209574281,95.23881082266539,84.65069089057731,63.96927260719403,46.48006411634097
2022-02-03,92.67107341326107,79.35309776943274,79.2448940708488,36.60081578655575,82.48274144830776,75.23385521159558,103.37182621579183,94.73205605481448,85.04174858267282,64.17805884603803,46.295953583499376
2022-02-04,97.23973420417606,84.19152678340394,80.45047752737884,32.787948585934195,83.33441713539143,70.29553186255366,104.39084594425152,97.95152937138657,85.7661041600805,61.121379200974275,44.24802865147422
2022-02-07,92.18616138885503,81.80508086526879,80.02019556847132,32.295169444619205,83.12116858212389,71.75261549183425,105.23135594248491,97.94212571164144,87.06091870080687,62.307752810221885,45.60239710408324
2022-02-08,91.11159116056055,80.55460393119893,79.97970221285331,31.752268339390398,83.57675565112594,70.71512980991469,105.84245441459771,97.24097780474342,87.55142401150424,63.27175865760712,45.52403534336226
2022-02-09,88.76816790313042,79.70977516202767,80.56717190115106,32.08457076466894,85.33180900519767,70.32925071139661,105.95336792333823,96.45161011530483,86.67998839573616,63.84800638929758,47.420832316056824
2022-02-10,95.70501948839316,79.60924681842923,78.66865250812157,30.55951663573726,83.65455835659036,67.22387278011706,103.23500664966697,99.60679169361913,92.32786646642754,67.48830928359942,44.96261625705465
2022-02-11,96.51307654223928,80.2115123708383,77.25919240204874,29.689316247456063,83.91694013535137,67.93330500049287,104.16000234458546,100.48608019206937,93.4335849246345,69.3418641485909,43.51211924216658
2022-02-14,96.1848201243465,80.06166962896667,76.2817866361711,29.91591273161536,83.49724516021075,67.11714039679354,104.3320871054202,100.30728393630598,93.88882127680847,69.02336632373257,43.27640148159965
2022-02-15,98.57102037901255,81.58730811885762,69.93416518838194,30.117405640263264,84.03341035007875,67.26492655600593,105.88667107454762,101.29462085756956,93.95354769512468,68.94179795813719,39.937171835361774
2022-02-16,97.8963005783764,80.87881947388941,71.80371264561836,30.36222896023948,81.31455175316555,67.28235728851487,105.50309342012463,101.83715751077345,93.90130678508586,68.68302468597881,40.835753227459016
2022-02-17,98.58854514469398,81.4537973772512,73.61272246964404,28.942063541307625,80.61263119295225,67.77531375821928,105.54630433119452,103.25432521599143,92.01179787784096,66.70206409191707,41.322246874462756
2022-02-18,97.65365254233545,80.67895132374154,72.7562360525556,29.312698362939976,80.26267584614423,67.29659180950691,105.57586957524579,102.56872226068087,92.83981069603158,67.59983482863775,41.26730836106246
2022-02-22,99.323260458961,82.04824698986306,72.683075924975,29.160732355389143,78.77340317767775,68.13080397017497,106.96435643010096,104.14643484543075,92.76025246589941,64.98888980776238,39.97228029445673
2022-02-23,101.28110038356945,85.31853347660011,72.40294294353444,27.10477338445641,78.86609784436241,66.9138766068765,108.26463688228374,105.42416675789339,93.31103866154761,64.03410405621614,40.28673799661033
2022-02-24,104.38706403844621,91.92011991448345,71.3862477729121,26.366778165362156,79.34993752910607,65.75272466498143,109.94243460936981,110.11470363887207,92.64924856721416,69.16561281116714,39.44964274420533
2022-02-25,103.95552631914919,91.55829931239036,69.29485878382647,26.86654540372166,79.92897137035648,63.76383785713045,110.05306917244741,109.39037801620532,92.32415864869218,68.91872893499125,39.85123684813983
2022-02-28,104.52565584756633,91.51146143063654,67.35312110636389,26.876591143889325,79.86722564333257,62.7243758896665,109.85367547482099,110.28154421898354,91.34009186483412,68.46098617976352,40.10556027931915
2022-03-01,104.4182055536637,91.54823983053063,68.93297648991737,28.11885872870815,79.66607134444448,62.08864467575773,111.23857504610187,110.56217175885108,91.24583474394827,68.29859935614417,40.06405814417028
2022-03-02,103.7506097438801,91.66826601119025,68.9752270242538,27.61566490564749,79.45755590950833,62.10655492450233,111.14226475520037,110.64709035512386,90.48484787892737,68.5027719469017,39.9958452827865
2022-03-03,103.77427777048614,90.6097817333648,68.51741476255762,27.462100434563318,79.69939575308088,62.298861510413865,110.5939796760215,110.73909663780498,90.64213834212941,68.5978265701064,39.99106251570163
2022-03-04,104.64845938956344,91.60975461718625,67.91521134566179,27.3290973190727,78.1331533822348,62.1444686940213,110.3037769472393,111.38771493360315,91.14006999608587,68.60716849797709,39.31498434122745
2022-03-07,106.28832705856213,93.55091067500513,71.60292239456368,28.839938195375442,74.9188569770871,63.750544013157715,109.44224988938106,111.65096568627439,91.99515342020855,67.67128924613611,43.31035887620139
2022-03-08,107.75724635267463,95.97247977792986,72.0105450213119,29.57801345011339,75.13479089484716,63.360684757871134,110.22593025561734,112.79959510562081,92.80076343267784,65.23000722817147,43.35241342606461
2022-03-09,108.01861150526419,96.77144427490907,69.96381630758954,24.596579355389267,76.56139355495347,63.05971292072111,111.63475149376075,110.58670698054333,90.32984467796788,69.05848281767601,43.617357068624464
2022-03-10,107.2730427136915,96.20345790822351,70.17068391122567,25.54092575106541,76.0089137615436,63.570902193490916,110.66344710082105,111.02043391883547,91.48224818459138,68.48769254916243,43.939607012787675
2022-03-11,107.37513688415665,96.9831698417291,72.88119763500976,24.689475987141282,76.39873853877971,64.81302264508359,110.359099881224,111.16726638214314,90.48252702796027,70.29075317027768,41.51824814892198
2022-03-14,107.04981636332765,96.64069887741466,72.63111850151172,24.884251310334633,76.4126313349478,64.72270143789292,110.4070392759767,110.95224962005088,90.59468854779887,70.23786249028583,41.786581676800914
2022-03-15,107.06385791005954,96.40742238763995,72.48939582879461,24.914793606498982,75.88009485075405,64.81041900205007,110.40302557439195,110.61851377980886,90.77790658065533,70.43879009627634,41.04792940641559
2022-03-16,108.02962269905466,99.29019879959452,74.87379308230979,24.870395156432217,72.3114035969242,65.35870787892206,109.16477057810707,113.61883468871285,91.82395791257453,70.28690518873134,39.22664727709641
2022-03-17,107.5329969230423,98.28722276382209,74.83175240131858,25.889777828208647,72.61947186763783,63.87191895696639,109.17002538775803,112.95786274500712,89.74480408012988,70.11314235326586,40.524992851877
2022-03-18,107.67521165607428,96.811400427053,75.33585626493488,25.76841348472977,72.30787276676747,63.43048897021409,109.06838054989208,112.28821226642293,89.18571351844618,69.54501790591728,41.212162315255895
2022-03-21,106.84330810382066,95.33855730706976,75.13966481254002,26.80896210495931,72.89062301827872,63.532557711306744,109.06578930065892,111.19542393624269,89.3553060879556,70.34667886939178,41.34584219962179
2022-03-22,102.62221043464574,93.32008493626113,74.58548082019125,27.24250594896828,73.82426880327066,63.24514376813581,110.11389693287187,110.37178132554641,90.71835191316404,70.59597016996055,42.75218786654338
2022-03-23,100.89770015698585,91.80110070566838,73.77326546026461,27.76510581631612,73.52631887756897,63.22492834789887,111.3604050872045,109.3287006424672,91.3195455959243,72.06881879596149,43.34123921248502
2022-03-24,101.0972747522991,91.82379720708589,73.19595936266037,28.14186946810695,73.44442460877772,63.13728810244861,111.9542532103434,108.17129216610059,90.8745980469366,72.27921374119356,43.45703765520353
2022-03-25,100.75321310325921,91.93950646540993,73.35782332163372,27.590082679504096,73.71139686069209,63.218101524297964,112.01428949460681,107.72437666262566,90.86991086263083,72.4112898578615,43.34088368789875
2022-03-28,100.6066974731909,92.16436315082663,73.60156818712237,26.47554761871517,73.68196087359408,63.3047517066709,112.12677936919238,107.31753248677765,91.02564674900944,72.52150974894883,43.20432758686456
2022-03-29,100.71526711519164,92.57296376826946,73.72025392339943,25.970512678253023,73.57375339022539,63.31286255784303,111.14967995132997,108.09534558436658,90.90399683501322,72.02777949151424,42.682370873227995
2022-03-30,101.23573333351442,91.01016391414882,74.44785281253931,25.840198904767178,72.8317319787566,63.66894681202195,112.83984725567436,107.12096990277192,91.25614540062423,70.57483849451654,44.841158840058846
2022-03-31,101.33957307477496,92.52341437215382,71.89184049703678,25.44627933733572,73.71820934681722,64.34605245131567,113.23729092685392,107.59413034175049,91.51380954916462,70.13150631063519,43.047895792645335
2022-04-01,98.94044694004657,92.75733819138726,72.62497312960863,25.312899230425145,73.51080191806851,64.55032630582106,111.43970407581615,108.46679222737215,91.75840694383352,70.0859417802911,43.10395492286946
2022-04-04,99.19539935200359,91.85741408967274,72.82018466285429,25.109510427798153,73.6533149928867,64.34330488730745,111.48837874046785,108.86224221650437,90.37335830255809,70.2728325071303,43.18623222769968
2022-04-05,101.09686370470746,93.95107774730627,73.80894953308537,25.013419061007234,72.62709369432937,63.90419753890022,111.4338108485461,108.35768375883627,88.33524180326947,70.32458945188836,43.5235631253201
2022-04-06,101.71082232078606,94.45481922079613,72.79692884258738,25.383276167970532,70.076205466969,62.53746262202546,110.54476340718756,109.22492324134825,89.18975334115375,69.07149005251163,42.838679173877786
2022-04-07,101.89231301904178,94.91357440382845,73.69340489176857,25.43204534415182,69.6968344504241,61.26288984097193,110.16392032849797,109.34348562783093,89.05422794807917,68.36862905510057,42.704513878396504
2022-04-08,99.6651759027803,94.10521606761026,73.75137728820366,24.717007221014555,69.79752860516922,58.13596472279395,108.97276699431278,110.3177777732632,90.60217268633721,71.59371561231532,44.308867197998495
2022-04-11,100.18920105134312,94.24707132384245,73.74587191841272,25.08879033406129,69.12393119609648,58.0275793247173,108.96921285412137,109.6747300413152,89.2741812078424,71.703129357151,44.822017707013465
2022-04-12,101.28268294584807,94.90589621109103,72.56597225040807,23.58646602009548,69.112968748518,60.53872636871949,109.13075694975858,109.44000516986885,87.94793736372539,71.40023320696247,45.62181252248355
2022-04-13,97.62128242941594,91.9182901070349,74.30463940076324,24.963239540455476,69.10788633561141,60.62296456689094,108.94841774702796,107.6156652951593,87.41107376595161,73.3115231843655,46.68742732429711
2022-04-14,95.40987790596027,91.11761580539596,74.7505730392716,25.25866915056445,69.62789219955968,60.79304032237553,110.21620609682205,105.18255323599749,87.3089054634834,74.51305915052885,46.67866698328364
2022-04-18,95.00513742988224,91.25688904896649,75.36804431103877,25.48988646953753,69.48848174170281,60.12940995752832,110.2092932770988,104.57430075524456,86.74258284879471,74.35615502291137,47.05593716974376
2022-04-19,97.67808090273222,92.5056697499887,77.54764941496983,23.37134803770024,69.07573863643943,59.90307356083499,111.5397319559661,105.1875658904641,84.67788879234367,74.74065508380595,43.22092412531751
2022-04-20,88.15833463403386,90.08732599096312,74.85795897203526,26.758469250871233,72.77857100793821,60.253189519690444,111.59540464621608,104.05682678984253,86.56562825233405,72.48766778796286,48.311013485459206
2022-04-21,98.26506868456592,93.69883085715703,72.64719366793638,27.610058544236203,71.6389103040061,61.83760871965447,108.16933661013213,105.90819790793154,85.49729939992486,70.70965379057405,43.02590169258995
2022-04-22,101.11107065294934,94.35003028741933,71.36966630770154,28.292923899903272,72.35485266823773,61.65133541616147,108.47703476968051,107.03087632036471,86.36286838842543,68.33218026297058,42.302725198474874
2022-04-25,101.80080923723317,92.87447662399556,72.54812151663742,28.910770428806384,73.33261589402828,63.98626517982243,108.11376447694728,107.22164303212601,88.18790704348669,67.02107829883445,42.231846722496094
2022-04-26,101.60765118663575,91.25748612961179,73.68462096993659,29.275474312514227,73.99218471384354,64.69686849702845,107.57504678858508,106.6032573243967,89.58507262463728,67.37850863606194,42.98901672702074
2022-04-27,101.33110689232967,90.85705356678014,73.56378566234271,29.054084618603984,73.12328499757592,64.86553665818424,107.8883588723794,106.64706135961748,89.53996385200517,67.54085499263257,42.922529792168426
2022-04-28,104.87809165396428,92.42520533765526,75.11308793091742,31.402899420656624,69.09641381646735,64.31290660163025,108.41343616980835,107.02014684294934,90.74689947830228,68.47361106130647,41.34712802472177
2022-04-29,108.82388596103884,93.77677342263786,77.12897158416037,32.33881757474849,67.9275916957611,63.40749535397274,108.9718233050431,107.54684143883313,92.03331036266329,71.26302529276997,40.559749618207206
2022-05-02,109.67312622597197,93.41148215508719,76.83436712810416,31.02779577923316,68.30448959832887,63.46421015121734,109.47803755010752,107.10894530175312,92.590900041118,70.97860512932445,40.8015271573066
2022-05-03,109.79370140820251,96.4733776808641,71.67164166600607,32.794912944682906,68.73595857917154,63.6787627485129,109.4853810483921,109.95223557909314,93.1915592552927,63.975174411825975,38.62783321602931
2022-05-04,113.98160691973824,91.32611731296167,76.8635067036222,34.342175546377895,70.94433694284204,66.20415651144624,108.98988065760032,105.76577998654463,95.33574438150437,68.70002887484554,39.251127474812364
2022-05-05,114.87738645024088,91.65530839266158,77.15361937733688,34.24037995550805,71.01157809573144,66.832726834261,109.0189533699826,106.0822009553685,95.51863212157744,69.00606692151918,38.502615436728945
2022-05-06,112.83346388880437,88.71582850202923,77.54115642797989,33.429568551609606,71.92592993324247,67.42986812821769,109.0002165214367,104.36239359081412,94.18764969897656,69.03074295417736,40.1658235199935
2022-05-09,112.68034776097807,90.83243835723412,78.2090711396745,35.690937623018115,70.21861878425722,66.66821342070591,108.48516178802805,105.08256108663842,94.83789236480425,69.30677608888715,40.013737973671454
2022-05-10,112.19688679236982,92.44275636528192,78.2150315479459,38.663929608352014,69.67596404805565,65.62607782712463,107.92480590598603,103.05945601695285,95.19015230491705,72.27040962590989,40.85495729138262
2022-05-11,111.80998539820358,92.4336234418161,77.61604256745632,38.85875856118575,70.0792452536455,65.50652366521587,108.2004197706742,102.47753193490045,95.80057591987176,73.09756505891455,41.529716184792484
2022-05-12,112.00017571596747,92.43018797260497,77.53034346154894,38.71960577756187,70.33788262707654,65.22928476342283,108.42765186976091,102.78556380592639,96.0134279025055,71.94231602897202,41.829360370435204
2022-05-13,110.95372326323607,91.59696471919978,77.50688753549316,39.097921012876704,70.47479326897104,65.353859380481,108.43841555716271,102.39765854994766,95.93162242502119,72.15224822977736,41.575791034076445
2022-05-16,110.02574025405873,90.93104444175779,76.4448372942952,38.76996854040331,71.55988577212126,66.79219667097554,108.65341451003232,100.58024258764863,95.56263221949825,72.3077110192029,42.95557986531527
2022-05-17,109.43976196317138,90.87910834552788,76.65064416977299,37.903114745439765,71.54653959046735,67.0008673171235,109.02607686576623,101.01713993841189,96.09148644310694,71.47589069941381,42.44364054906876
2022-05-18,102.63898516071129,93.99046553785956,84.99277743734127,36.7973704819528,70.03843458592492,67.37098786126711,111.58786723159581,100.67033547082974,97.51097449777063,73.53209358091249,44.010683091952345
2022-05-19,104.66521022108823,93.20036220602259,77.33058597048223,36.079861708889354,72.56730018307135,65.85696323574987,109.01746834589237,101.15154993212211,98.14882437220794,74.65202573331771,45.69402067973479
2022-05-20,102.21287713405606,94.43282119183607,79.83305416186661,37.56547527282251,72.26224540183811,67.74022484053646,111.94813603873754,100.61538184824713,100.79143223516525,70.70978248399064,45.13433954508946
2022-05-23,100.24641733285907,91.68178446889644,79.86178868618576,38.629255467852815,69.03365865392612,69.10376938718105,110.50344211887962,99.48824988952957,99.78968279787256,73.06357951093786,47.50640147283385
2022-05-24,101.32239026459158,92.92269755138285,81.46320893181215,37.84046474077741,71.61853799093677,64.36117091397591,110.10265533607384,99.17991910020447,98.8918490583857,74.90560939602905,48.4605079050701
2022-05-25,100.84744079282808,90.1505031651879,80.97816655030452,39.413949460757564,71.08975769275075,65.97282444472444,109.53103313980262,99.44713404583506,99.89226689019625,73.23437656606283,47.890019242303936
2022-05-26,100.97191591202497,88.64254666777988,81.51664973428313,38.471011388263804,71.35987062901815,65.07617948467535,109.29943032338674,98.63947807645646,100.34252710025574,73.50709342880536,46.81521259401374
2022-05-27,101.56137789817663,89.68528103355314,80.7510152609292,37.612573607869436,71.48100225341858,64.26419125413499,109.7475821077932,99.68930553104815,100.7140394354491,73.28252322152946,45.51379220869277
2022-05-31,101.7383748847496,89.5565493554718,80.4981583558766,36.77358820643017,71.9026866246983,64.19714709008124,110.32865020911868,99.62872417146174,100.25794316611041,72.96367745212615,45.32950569327453
2022-06-01,102.59488925249501,90.28256444594469,82.70489131166727,36.783212801301076,72.66826887793715,65.31617613415962,110.6934365295143,98.76100508447948,98.5918825166794,72.70117652165098,43.90271698948057
2022-06-02,103.25831899613074,90.38652514329789,83.71292020123089,33.01982793221322,73.08132426767425,66.65004614845738,110.96007914730312,99.05784597888257,97.19354374386555,73.6228989900809,43.79474058258923
2022-06-03,99.6794058098166,88.85807582091114,77.74072682363827,41.118126520188994,75.63823221731973,65.70206295671653,112.30633449135274,96.61517093494305,101.26927862044465,69.84480277891663,46.53117218237646
2022-06-06,98.87002033144505,88.27038207125946,76.298578503136,41.9819549579279,75.24828687322844,65.80482938291617,113.24618814029647,94.83567880674914,101.88513409991579,70.09697075564426,47.78286744930415
2022-06-07,99.50116201669115,90.22668378325301,79.15793480827821,40.413085593409825,75.64686832603252,67.06091454811515,110.73287610215894,97.70090069036287,99.6349239356536,71.2989457393845,45.54886907828252
2022-06-08,100.4039654025204,90.78788440428958,78.59659202899678,41.04013050838376,76.56417863051695,67.49596382104392,109.36068582955092,98.03389938573966,99.1388444354418,69.29472505821991,45.263770200920405
2022-06-09,100.12344136293429,89.33814808706627,78.69907659700256,36.89784287669517,77.19105221064797,68.13271869513389,109.54204603021297,96.43766776862734,101.295885871358,72.76963623213692,47.61381078414983
2022-06-10,99.54056860987585,89.59871536489217,76.54465309909449,37.560042874372556,76.75506438576593,68.24062010449592,110.38392917398689,96.62072230373958,102.20854490909079,72.63845841255798,46.57443905245965
2022-06-13,99.66783159538116,90.16514671561819,78.70181689793114,39.8224309686144,77.36700651902713,68.62451710253393,107.0095748860959,96.10460308634164,99.60148998806744,72.50623527151212,49.666293616342344
2022-06-14,100.04481137822211,90.1198110414583,78.53225851032091,39.75020978669111,77.62942613974045,68.84763525681201,107.51772369821413,94.51287855179962,99.90052242489776,72.51097985129897,47.0872615341526
2022-06-15,99.12454560933436,86.72312691498394,80.61402090163595,42.20295600629733,79.22916362671877,69.31631107717007,107.37761530923115,91.09971840015652,100.15724383980644,73.36194993157537,51.98877438073493
2022-06-16,98.96239905828622,86.93662844541481,80.40038533226281,40.85982316536869,78.07547796907656,68.93541391053594,107.69345402496874,91.3687194586138,100.08401925616491,73.57808110707757,51.997595398726155
2022-06-17,99.78872949270288,86.63225466128914,80.7652057037663,40.4725570697559,77.28707592017379,68.05265766595107,108.10058052673809,91.47916640467898,100.08730057524099,73.31981552875504,52.109730977331864
2022-06-21,99.90433845288737,88.24768343226464,78.93035660177992,38.24350101512733,77.75735512685426,67.63689228226457,108.60356285092185,92.63027133782062,99.40862608763473,73.62146719835133,50.846209738904534
2022-06-22,99.70277406593414,88.17323988823743,80.02549246088522,38.64842144495629,76.63694949921835,69.02408479273748,107.5600279789959,91.43409398353259,97.96441281950445,73.68957477889555,53.14408522634777
2022-06-23,99.61619789483862,88.32452930271053,80.09900172025867,37.24503084314994,76.79463353179648,69.2660303333679,107.72503815457495,90.15477295954163,97.97033604683436,74.04239464443489,53.36959032394049
2022-06-24,99.38658834233307,88.1433918695107,79.55088893483293,39.0188363293011,77.04691849972923,69.26457220900508,108.4285954556249,88.66305315090118,98.95537392719325,73.40713574281175,53.22894558186015
2022-06-27,98.5633514203173,86.73907344535533,81.47829163979746,38.660561583215646,75.6007592183012,70.31125346859112,107.50995152383582,90.74597476438052,96.84231335993856,74.21553925040192,53.43928144739601
2022-06-28,100.52993030783273,90.50042830381187,79.43767639731131,38.40280818491934,76.34095914474679,71.16077732383083,107.09493772615122,91.42927150192642,96.7588912474857,76.09195116258346,51.71144270606961
2022-06-29,99.62601922677504,89.51247791951661,80.56845123312937,33.83393643208946,77.03320311216117,70.34689336737424,105.88868211531356,91.66188260091795,95.94004370462383,76.64681383631378,55.14978827508295
2022-06-30,99.49211239024669,89.29169719727845,79.27730128319573,37.644245275306744,76.13296469416086,70.20545283671566,107.0077146494568,91.41513090201416,96.87187438718247,76.93059991211294,54.25091542953013
2022-07-01,99.69510665493384,88.92521384346152,79.35306310809541,37.68344719449192,76.0732746750567,70.04027819026113,107.13820509230396,91.03316481925654,96.54763833041366,76.9736919167594,54.15646942298022
2022-07-05,100.37765008574426,87.9014865427177,79.0673633011621,40.265752111138,76.12261979630135,71.97694776656682,104.13122376810117,89.23145950115756,95.95415976613705,77.97851986178925,57.79721043862672
2022-07-06,98.69660250097355,88.3251449356886,80.14881127206026,37.601319645972,77.32953570870917,72.97346529876138,105.24484449373104,90.34377534582838,96.43159927988157,78.01286162200248,53.942986834931745
2022-07-07,97.38696390207392,87.21446345733585,82.3889103332733,36.36979755119832,78.26886856377578,74.74018134628271,104.34847030856992,90.41304340135046,96.28501611390203,78.39770199079236,53.94001208127023
2022-07-08,97.46747724654269,87.30888267502367,82.6179278068068,36.2512052944407,78.45436557224829,74.31640815942153,104.43322641574122,90.64838662341612,95.93160059761395,78.28526850412199,53.151038719246
2022-07-11,97.0744204403632,86.47642613607941,82.83071726575255,36.27088800266436,77.96435121025101,74.29837440061877,103.77860191981354,90.87036348949691,95.9533916963233,78.52025063001744,53.504164960053366
2022-07-12,97.03156572398385,87.05569038687597,82.84252661544069,35.79004873103389,77.67844328500553,74.14506185614262,103.52750367946172,90.87496051717766,95.89540405920856,78.4596050773722,53.727101417458286
2022-07-13,95.99508229340441,87.84780755312977,83.74946575358115,35.740671511459425,77.8767695536365,73.32902264119437,102.61163434629009,92.02489089238337,95.75382706954015,78.6289404037615,53.96896774403264
2022-07-14,96.30136397130728,87.45748737693273,83.37547178013442,35.36852894723271,78.28887924417921,73.48848058793646,103.18018318494076,90.54597557801546,95.92542958465822,78.71967971940299,53.67664836022076
2022-07-15,96.59482512305759,87.32159269596805,83.54819281289342,35.548668863248615,75.79704042787611,73.41212721405115,104.07208830218147,89.30754210345482,97.00252374655986,79.92340591050254,52.29798341990054
2022-07-18,97.12237383682907,86.60915047936473,83.06601393350772,34.69507418997888,77.39492201711639,73.72895936842716,104.2063108230172,88.70123176195577,97.3404489522291,80.35420826555384,51.46616420443757
2022-07-19,97.8852906005579,87.32611704004887,79.67518330833049,34.467865960454546,78.01267831012245,74.55000799393184,102.50255812061422,89.41122862165993,97.69838611722088,80.81360540432152,49.76178762582577
2022-07-20,97.66955218819395,87.68029943778315,80.21128534553766,34.13076019914184,76.82552355361807,74.93499226969425,102.42111111218419,89.51148689648927,96.37804385962544,81.04050466522855,50.26524298254858
2022-07-21,97.68556657160474,87.66810241950905,80.02233817702367,34.10079753586229,76.98410087049139,75.08202372834344,102.54785180305691,89.32512237695545,96.22950782058938,81.1356887567586,49.529992819721926
2022-07-22,96.86249474430667,88.06509899090895,78.89618464544907,34.23321135868406,77.15011107528639,75.43428218062651,102.67193333198321,89.68824370040808,96.10841114081924,80.73030716634993,48.728972387225454
2022-07-25,94.6515851374623,88.17587907275262,80.98420287105903,32.51228590680981,77.5912360924927,75.73206405020109,102.61698150062435,90.08583885912539,95.34061688912863,82.152540204285,48.66359276572472
2022-07-26,94.01925024013389,88.54479976598896,81.36530414807463,31.251506940506616,77.21422305661089,76.53960261514688,102.84769552420742,89.63303635220204,95.39320468108518,82.51769799608047,48.63753905536231
2022-07-27,96.62586150151009,89.22404762948263,82.42178760802373,33.46878897560097,78.42001172590997,75.77311169493413,102.63280856033181,92.09988316256786,94.24567256201227,77.21273312391574,44.825922643721555
2022-07-28,96.3178313294347,89.63948542556948,82.61138845044775,33.54193496833298,78.61357538639884,74.56576236777408,102.93866816424865,92.35519953385744,93.35652717209024,77.13813598280423,44.84934708171642
2022-07-29,96.98598020891102,89.00782890231797,82.91233991858024,33.470745028414825,78.97435340224435,74.36847815847585,100.56163208422831,92.58592056092037,94.54123366249743,76.94380788996747,44.64478565525198
2022-08-01,96.70327728774517,88.71771630952138,82.08640759862354,33.3697144600136,79.09331198853651,74.64613727595204,100.31311544505235,92.86585910007634,94.51742629624692,76.96860898190954,44.73587326930615
2022-08-02,96.41309754818964,88.5422069356779,81.70597420926327,33.429262124502046,79.35281040404638,74.94464237894181,100.35814622660028,92.87498707718883,94.19307483704556,77.3377088965178,44.862313364835316
2022-08-03,96.63029889328453,88.77223180834586,81.66522377149214,32.97356008338956,78.75255426058935,74.43038517157206,100.79641876796231,93.37622008482539,95.2103731108695,74.38925610175426,44.28367443770041
2022-08-04,94.92948638797495,89.83454485566095,82.28222691629104,29.206490869106815,79.53737500791162,76.69004923099692,101.50354149147584,93.44853933654936,94.91297986998741,77.43547445154636,42.85366249760901
2022-08-05,95.13668783534574,89.2182048827189,82.44670878242225,29.863950034783183,78.62510979817456,74.33631981996663,101.44146381087262,93.16055079571974,95.43757866817472,77.08101853966372,42.935127913097716
2022-08-08,94.89790988615158,88.796377747528,82.61085920390772,29.61261998832922,78.16077092401068,74.76789130049346,101.70752106812385,93.34759878982533,95.46535168925807,77.15792194776303,42.981072414313395
2022-08-09,93.6288874847299,84.90421301154791,85.0534899624677,32.90556490154061,81.2455249243999,73.90629950298802,102.7221530100372,93.84218839666276,95.68129777949989,77.1060100908962,42.61267029718015
2022-08-10,93.66892376057393,85.06701012494696,84.87646437806004,32.55054860628553,81.19030737846157,73.4661034326269,102.58889024480564,93.5299199276403,95.34730897653048,77.17307203114501,42.72076494901837
2022-08-11,93.96919822236381,85.57273593767646,84.32309036230487,33.33145908003322,78.66622554586111,73.06784697750409,102.44287738046326,93.4365858158668,96.01305877534642,76.92432563420094,42.06324265304453
2022-08-12,92.94227516196875,84.49064800688713,84.65899417977856,33.80873834581173,79.78634685674037,72.72564940059581,102.68213248089646,93.72207995664913,95.86994334203628,77.36923374071526,42.68055772200917
2022-08-15,92.92985101510916,84.15780294645708,84.17154137994412,33.41836545494701,79.86262556879905,72.7939853079526,102.83019087842152,93.34733210992934,95.77131900174598,77.32313701829821,42.810831510708546
2022-08-16,93.39292522888736,83.89660031466958,83.31666254943437,33.049796394915084,79.52589680116131,72.81047537029508,102.73661043312117,94.4343024609674,95.91062408787866,77.37278428594963,42.8918511669055
2022-08-17,93.30917620620656,82.56084232072841,83.11049975466165,31.988524727586324,78.7677545636339,74.52520091507135,102.24734059229763,95.0880159929332,96.5229895848195,78.70321862577747,44.175362630152925
2022-08-18,92.86862316594589,82.17896869143851,84.96817969405602,31.529436265659452,79.46313741836843,74.6773066255554,102.61523028111176,94.98252217552587,97.74310729028139,76.03883535488524,46.068371971441785
2022-08-19,92.92389631467617,82.20188478335062,85.18920219434446,31.609364529781786,78.85820513208685,74.64995648523373,103.1989562391819,95.2510502169204,96.90768149940523,75.90164925475578,46.579565991011336
2022-08-22,92.88994435591606,82.41512091234696,84.90004109888721,31.127063542831845,78.36874143650219,74.6169875226368,102.77231750715421,95.40082863545888,96.58292628302486,76.03335739802017,46.386609138301104
2022-08-23,92.59921368776634,82.81383197656888,84.75517182808402,30.586497568677487,78.88482363484495,73.99922962097622,103.37479061361326,95.43481412540129,97.36308479059574,74.25805122574913,46.6359396451689
2022-08-24,90.6967995977719,82.44898980787602,87.38889659504395,30.529559385224623,80.092286531505,73.68569363759711,104.0187776354706,96.85049130016036,97.18853666952354,71.81961654010186,47.86448452622302
2022-08-25,90.79569467954116,82.29028306781252,87.44910899079426,29.681664529781653,80.08389916092554,73.83291360415309,104.20480603211445,96.68177282016335,96.89358120378122,72.06775111168238,47.89686065694716
2022-08-26,92.3884274351759,81.3942525266118,87.8095317951514,24.171757965231354,84.44328118564539,78.45458201744466,105.32869927743313,97.24352405647298,100.52453098766716,73.45194882055742,46.29170510819739
2022-08-29,93.12090680342259,82.60552677554675,85.84064193820836,25.721234783776328,83.67818017385083,77.7280638317834,103.40956591569149,97.49228706220906,99.63999916637682,75.10696429329329,44.46281027124419
2022-08-30,92.07732318725752,82.42666844659341,86.53364809668174,25.808065569103768,82.46260759741546,76.67789355353946,104.15465903443625,96.74421528007227,100.25080948343027,75.23864600753255,46.859758230306376
2022-08-31,91.85124565211382,82.40788350985369,86.68881484808978,25.55828586521769,82.62635039562383,76.85782159739522,103.71992888319384,96.83430479600763,99.83583524306937,75.1901903273707,47.0650576620971
2022-09-01,92.05356559500242,82.30482562598795,86.5262998616562,25.964944085231032,82.8931630864361,77.02130811135702,103.06837291565951,96.93975411905943,98.81490483927918,75.41503356652396,47.18794582340938
2022-09-02,92.45100730936699,81.34750239591911,87.86483590627279,22.539375263324345,84.09767026837231,79.07437752445949,102.05224510934372,97.06146957292249,98.19984104760049,76.77147642889828,49.03387973401036
2022-09-06,92.1826872898756,82.03623280665175,86.39636999753509,24.070709523147258,82.87094646148809,78.5641991416542,101.98975069039406,97.20116916087925,97.99123008694491,76.25408153816042,48.841270908989536
2022-09-07,92.17080201948282,82.49875573608143,87.16382853802827,23.157632544697808,83.83293654587278,79.54518276501369,101.60817867032077,95.19210830454648,98.07262659673334,76.0030735780608,50.08627353396151
2022-09-08,93.1836563011197,83.1158991424666,86.89088292752317,24.232466025998786,81.89339270195987,75.59369174787786,102.12104981036688,97.14355250751395,94.60739359039282,76.32936954818793,49.02832147660767
2022-09-09,92.77619782308227,83.84075405393828,84.59884987919705,25.226707857650396,79.20549076551542,75.00928687062098,102.21691129794164,98.00438670514173,94.15566934306949,76.84572108614549,49.89461764101842
2022-09-12,89.774699237069,84.91466349716812,82.16598148922073,26.22457905107398,81.8758212529437,75.61665879758942,103.03156126231391,98.34376055846259,96.09282443899315,77.59788892453057,50.114570939851404
2022-09-13,91.13114336511786,81.4299319118231,84.20070832491545,27.4127669190192,81.89598378434064,77.72230850682743,104.50975997822368,96.62926075721106,94.93500995641242,76.55430650055203,54.06346297422361
2022-09-14,90.93738351092418,82.79043314186154,83.31969991397054,28.00487499707755,81.30961248733742,77.44124339775125,103.51681687254876,96.84115362709262,94.90205899368306,76.04622319808892,53.941169672258745
2022-09-15,91.13325305229435,83.04322313589245,83.17885977758398,27.088293300123077,81.44416120568202,77.14214723261185,103.52425334104107,96.77492282985318,94.93409156957969,75.81867849201564,54.06265389807858
2022-09-16,91.71436942977205,83.2493247006338,83.9096624540633,26.679953815730556,81.79281331341228,78.08287515577587,102.69715802495189,96.37079074367259,93.66885610369891,75.45280498612513,54.52913038520131
2022-09-19,88.96526563136109,83.53028946108788,82.34412408716746,28.23631802185781,82.24968584216943,78.00184341485956,103.66393148861296,96.46665751222118,93.7222034495122,74.91818242754117,54.41927951806442
2022-09-20,90.62131834078659,84.07818755282804,83.15092373239668,28.462396249496205,81.56200709185002,77.80709572184988,102.99139813012647,97.29024347260162,92.75727315530344,72.88389093463094,54.04699902608487
2022-09-21,89.71878996705613,83.89849036284474,82.0215537054529,28.033889415744333,83.88027468154843,79.43594162272248,103.53536389315198,95.50293760871259,92.64622608698028,77.58667688554385,56.993825504687436
2022-09-22,90.06046623070712,83.50738493268773,83.63139961941235,28.555692287577582,81.58444697515023,77.02640820109957,103.05713662196537,96.2544128376819,91.29903142867838,78.26962473243795,58.037221021575526
2022-09-23,89.11105812925206,83.90770049061254,83.36023380468973,29.745510533223793,83.0596448132356,78.51921653462338,103.86793161707425,93.82784648718912,92.12714753223004,77.31695357158102,57.35237423908954
2022-09-26,89.42878302618684,83.48123360526965,83.25591137032089,30.55189881964261,83.61338299270588,77.04457696859383,104.35908240120246,93.35199279085606,92.42044183706358,77.25146690808442,57.09026105914211
2022-09-27,89.56927245337047,83.36869490673294,82.96481723536581,29.227393172750425,83.80510929777071,76.39894811854758,104.42694764572883,93.2942445286275,92.8746173356724,77.94137955411293,57.80151835605799
2022-09-28,89.67306039533233,83.09676042383929,84.35561514333352,29.35045409499695,84.12898431540529,76.23079021983834,104.4738063455784,93.05125204199834,93.19686878057152,78.84452260641677,57.98215120849714
2022-09-29,89.55562533690389,83.35020719913422,83.8458874348747,29.120291164694606,84.13693338491187,76.06250578691088,104.71025783382709,93.37697975840487,93.24399075391707,78.9011536365544,56.17433192249586
2022-09-30,89.61137463271726,83.41778253391251,83.92329413749053,28.25111923487736,84.23256250310966,76.19369695275428,104.81176089675736,93.44402817620517,93.31355616320552,78.14486294334466,55.71887746227946
2022-10-03,89.81702844273708,82.62231730240795,84.03574332732785,27.09107445413542,84.38078075378665,76.58302636594016,104.6241856910498,93.91882101859753,93.4292730380954,77.97352542493068,56.72038523252031
2022-10-04,89.96977676867542,82.87655609100939,84.12936402988123,27.088535621681412,84.09965706332231,76.59264133554768,104.6607208123342,93.06377206623993,93.4807784836852,77.95771208108721,56.59364281117667
2022-10-05,89.74115806293244,82.57759956617784,84.2538188386027,27.65969085321248,83.65163175389935,77.26945897893722,104.83864233747262,92.1694772861389,93.26244351571671,78.15350018496648,57.47033258704207
2022-10-06,89.6272743089821,82.26895795905968,84.42730605827644,27.775921274466292,83.90484473671806,77.4317227727478,105.31875274198546,92.14450582821084,93.05775318289864,76.12467472541317,56.44142114791085
2022-10-07,88.9686898293282,81.70874564809195,84.98224027344119,27.88841778982711,83.69535926950853,77.48499098377097,104.16697067260401,91.74221722787446,92.82682721234116,77.66953384425159,57.72053384774976
2022-10-10,89.35201544993218,82.14344556814181,85.30123443672879,27.363838081802374,83.98747347609432,77.73802734451053,104.52813629550394,91.07970495125468,92.19111944757688,76.22414384131618,57.56222575513061
2022-10-11,89.32421654139978,81.93709820742413,85.09294229400773,28.489880079428165,84.35612264006005,77.78124826789863,104.90147449385569,91.76122260265132,91.11330036406942,77.64054691594208,56.57755301440535
2022-10-12,89.8124766237935,82.76744917013643,85.2757415517185,28.412791689461148,84.93887024606069,77.65055835100782,105.56657113686059,92.35930798162973,90.19511438016869,77.29461262167096,52.321848134784496
2022-10-13,86.72611865891989,80.82277074130872,84.42336681339584,34.085250099660584,88.3033972422034,81.40388581631287,103.4535446188954,89.42824694883018,87.2135566079665,82.25930121748425,66.10096236729595
2022-10-14,86.5663650981348,80.96474752446784,84.41676828332504,34.35180934112864,88.59524273567786,81.26561668341509,103.40208022591659,89.60241687233523,87.01194048860754,82.40093222880441,66.34298482825022
2022-10-17,87.03889958424915,80.66610363100564,85.31379722947989,35.577083020563805,88.95447999559701,81.5374704239114,104.12974332905227,91.11643773233986,87.15655547143804,77.10559572001172,65.24140812984665
2022-10-18,87.26821187950007,80.94842870086907,84.96461362186727,35.46277306678413,88.95843858597728,81.14796459541763,103.93693267537103,90.79782828111206,87.19963581897431,77.64963240069548,65.20725273757748
2022-10-19,87.4574545953669,80.68722168457381,84.94804296009943,35.569752790522934,89.10765347764672,81.04926577527024,103.96836192826346,90.77661213836785,87.35029423368746,77.75925190294006,64.80987431282095
2022-10-20,87.58132206317235,80.87836862241952,85.12689780582997,34.908759811064776,89.23641885239218,80.94624129646687,103.98443910171048,90.9954919218683,87.29755949440298,77.27702062112655,64.67973345421454
2022-10-21,87.13503535418484,80.95236258806774,85.20900418378932,33.32539108127146,90.20452883407653,81.24393664570425,104.4962162374976,91.03576323349112,88.05544711635471,76.08499673666407,66.5887050414397
2022-10-24,87.17917448636669,80.49575552554606,85.14387712071101,34.23293670564044,90.13718267313624,80.55095885257518,104.2190143206763,90.51473300563617,87.9113168727742,75.70680037886301,65.70604754209323
2022-10-25,87.71558573861735,80.95338501904455,85.69468654277898,31.37537537447389,90.57888511781411,79.61787953602835,104.5698016764709,89.56453799276852,88.0008593735864,73.9771181404245,66.19794693166048
2022-10-26,86.95198340223197,80.59208667840483,85.36971218125345,32.57048795758675,90.35099872333272,79.99877584955506,104.6078727951959,89.71023598324389,87.44698765093409,73.17138796979302,66.4576148018399
2022-10-27,85.13668170400774,80.69445151287925,85.1953338042721,33.12006527695346,91.02625986706283,79.80550909577134,104.63879713985446,88.83161031212079,87.71360294880758,73.25460784369535,66.48553020891045
2022-10-28,86.32730851232701,81.7397886091353,84.59469591339796,32.11277028241439,90.37515739792593,77.38046255238852,105.2055375618858,90.92587757739328,86.59937778071883,75.03058259310424,67.8198207507693
2022-10-31,85.73118644697114,82.36529696382924,85.12797625397414,30.83455051630639,89.94577007399026,78.37100233689827,105.48329339636416,91.12261970417799,87.77010363594238,74.14118417830966,66.72891506466492
2022-11-01,84.76703809132154,82.03750073401666,85.21541276404852,29.431942428065796,90.66375607380198,78.59445754978753,105.76939879104862,91.2350466739107,87.61823187287011,73.75678118551404,66.84296532972574
2022-11-02,87.02515294334057,83.89697784581838,86.37673148282626,25.674637580990698,88.52853550284922,79.84595476347407,105.74694494330963,92.80384882039385,89.76529781754118,76.05264427681752,67.34886386824087
2022-11-03,87.35271714188026,83.72088869797761,86.62817449943458,25.805520965472834,88.65700926673449,80.26973965170268,103.94136495225315,93.28123743119826,88.78128260608501,75.61461829538754,66.45612503968961
2022-11-04,86.89034267398459,82.84344406871662,86.46095297579198,26.075022357453804,87.68816523847138,80.14557196313318,104.83634859837164,92.91481554706608,89.65899121924993,76.6296295160443,67.31497443322903
2022-11-07,86.99634157771055,82.63874302648003,86.85921589725528,26.67836971677775,87.91169430342342,80.19569314271062,105.56688222270833,92.90429082119454,90.17212155175257,76.83318737974841,62.351919048054086
2022-11-08,87.0659256713034,82.61162386543003,86.721869750348,25.954653166770328,88.66556064615224,79.55588760099134,105.82948381667366,92.52961447228928,90.13884782272692,76.96407899923567,61.47487915021683
2022-11-09,86.97046337596274,82.87615540855015,87.34702097900072,25.44192151354234,87.98320308999759,80.24787344212598,105.59813930951731,92.46916138123248,90.76266919253783,76.94365458222535,60.74850443201554
2022-11-10,87.03094805515784,83.46669212699959,87.99979863418181,25.528172041817133,87.62538895453773,80.80489807607162,104.9618148066585,92.62181658007114,89.99843959414147,77.62978045792403,60.96820952199938
2022-11-11,85.21962410246803,83.1864289175061,86.97503217921668,26.412238976690237,87.49760509385494,79.9818847773443,105.21497179750986,92.4176850482954,90.94661338802243,77.24086215947182,60.222210296676394
2022-11-14,84.50990961427246,82.6739384046783,85.66198075308421,27.060498873563404,88.6985389343698,79.48309082261089,106.46179431440795,92.38506639469128,91.82150808818399,76.24439667821541,58.95732920541638
2022-11-15,84.41579441972806,82.81015482565633,85.80269858472191,25.871200121196104,88.57644794506692,79.52348087790396,106.17337152425597,92.51949967072102,91.86416864755083,76.2755087655699,59.06751834098613
2022-11-16,84.3506585600208,82.92399712505818,85.87688146965304,26.847212756073993,88.70564959364297,78.99396846222736,106.95801718011968,92.78607663446026,91.80988158894864,76.38791527652953,58.57454993423504
2022-11-17,83.86314889325413,82.7771241883293,86.02580649692813,26.894416770618673,87.82158002460257,79.21909098858026,106.38441282202685,92.52570857487106,91.96939204352543,76.35200941087842,58.657510691424186
2022-11-18,83.66661266768256,82.48886935232608,85.80849108761834,27.010562817175586,88.06543902635168,78.68598264688497,106.38636396437786,92.38448565073509,92.02127439424183,76.54641389425441,58.59357948473862
2022-11-21,83.2478838267584,82.59885457958812,86.0490485371994,25.27838943080043,87.23811561440752,78.77713385948638,106.61161475717417,92.22615919948674,91.23888404715143,76.77657096732344,59.127062363770285
2022-11-22,79.89656236081694,83.30276284558094,86.62016922062394,23.298292180578873,89.34108697995075,80.85659104664703,107.93128158628137,89.55785574727042,88.2160161295388,78.2506487044068,60.65943991948626
2022-11-23,79.06550937857006,83.5486494122768,86.75353710828145,23.512867303363482,90.02494591340667,81.16352340656546,108.23865231621814,89.4508984468082,88.07716952599102,78.30610756157112,60.01928510861427
2022-11-25,79.7637661253717,83.30886892295949,90.62288308005594,25.98616700957183,92.33044191619106,83.40382094948139,109.23189329685493,89.80855819019003,91.5557155764045,77.48534215195596,60.622308758519004
2022-11-28,79.56455901336057,82.41870412008069,86.82453410668013,24.698346203540197,92.6228128373313,83.94890635266992,109.60383107795838,90.23485796192477,91.23656668807864,77.74292985838052,60.93299678473307
2022-11-29,80.20768337800465,85.0377474503044,88.92021544595434,27.488206224099926,92.32377602251846,85.2394780223359,108.47440798400943,88.28599389131305,91.58653865616644,71.6716802207478,63.79360456372423
2022-11-30,82.38962802370172,85.94258964110074,89.78200902835952,24.495440701280675,92.4909683487953,84.62885222977931,106.93698000342214,91.39356212466629,91.1957006907528,75.26424590885506,64.41033543138091
2022-12-01,82.03679154584594,86.47275080556905,89.78543271842598,26.004549802818786,91.44689931262134,84.93409181561084,107.28210276783963,91.13776847042215,91.43018768397442,72.62841169332937,63.69304421538775
2022-12-02,82.27676315616512,87.20603750303952,90.23737515848934,26.315237467973155,90.45331200117968,85.54242213149625,106.48044879891866,91.70940034323355,88.8348237354303,72.65528623871104,63.93492152495468
2022-12-05,82.69589864101685,87.46170923480489,88.9034549367922,25.08248029189024,89.00592089826714,85.28050501031113,106.94436046896625,92.165120012658,89.76993290227423,73.08341370997165,61.76566532664101
2022-12-06,83.42639877454708,87.96768344240513,88.19430945543135,26.537602067449438,90.14985290831446,84.68798624783649,106.74943599092593,92.79988397334921,90.49208157241632,71.56506447813491,57.76515725317573
2022-12-07,83.25685783497369,88.39046306117918,88.4299149103733,26.423577923023956,89.96670176733417,84.81545408862019,106.50594926484925,92.82255459574769,90.66694236397402,71.62851501656881,58.235018190758225
2022-12-08,83.17210906399266,88.31791148519387,88.46456473795064,25.14211467525786,89.86693643949398,85.03287564721018,106.26438750461945,92.35935963498363,89.8693142042556,71.72347629736426,58.347914015466806
2022-12-09,82.92268849181333,88.49606488319202,88.688905361484,24.100538696705577,89.61689431334597,84.27616123171553,106.52502093608034,92.26753367004358,89.77630930197245,71.8741472697798,58.55023490475476
2022-12-12,82.9385017046899,86.24083943241598,88.72346320290555,24.15318850061222,89.71518629701764,84.38387704600181,106.6038243058447,92.61261547346422,89.52559054766543,72.14446233072267,58.41817725687079
2022-12-13,83.26241304206762,85.07766372425864,88.7939573233893,21.28586444567513,90.54882572660782,83.79868765707539,107.02956817010133,93.2515953890957,89.13871897184914,72.64857252590302,60.24671800859645
2022-12-14,83.25958535955138,84.71161694665119,88.78718565782563,21.219247955803286,90.38004165434704,83.7728980466821,107.01587590858219,93.21225325772927,89.25234373313482,72.70110900641215,60.12398790365605
2022-12-15,81.49902661055332,84.05026011638984,88.4154593004122,21.53603490366761,90.67418425858972,84.11420073409056,106.68454408176993,92.27678901073179,89.6806259802713,72.91641279617713,60.34237711733694
2022-12-16,81.71037878352924,83.99019855531773,88.82159464710698,21.147872936380736,89.90804684193041,84.32427748383326,106.80519318054766,92.5891818484938,89.52963745798743,72.00983801315661,60.01139727002709
2022-12-19,81.87693825285282,84.09012267625836,88.77259434584909,21.328163762283022,90.30298120999242,82.95552941704037,107.08197400173033,92.67609303509003,89.45557956787665,71.74800333245709,59.843812217412456
2022-12-20,81.7704838974633,84.33519295782872,88.66358627239751,21.562811835388437,90.52749951777764,83.50451363713336,106.97406833274556,92.69572260997471,89.35566057855293,70.97478517857876,60.06040128141993
2022-12-21,81.60417332874533,84.65741971373922,88.763614645154,21.88916982905224,90.85942306140288,83.35944992856722,106.90218861462424,92.3815588706023,89.57639115840563,70.8042960294077,60.342834260715875
2022-12-22,81.31206385291854,84.56283683006887,88.01210643709956,22.53200171991751,89.8046643395252,83.03776266901829,107.43986146782005,93.59122750825463,88.74234121615936,70.81731012006415,60.93132410284678
2022-12-23,82.03048120011374,84.24905138204481,89.09437111023311,21.95078819288734,89.92415544416505,83.93946796842022,106.7988564761855,93.04738166709853,89.21377825664345,70.61308110173337,61.000448369419225
2022-12-27,82.14121350957012,84.15771802187861,89.70698195873922,22.827315626629897,90.44745858191374,85.0747816896522,106.51864248352868,93.1608250022141,89.42356646726014,70.48504571227518,60.88593315778296
2022-12-28,82.41049451773998,84.19204672139824,89.80745031839518,22.31952673617429,86.62501404323444,85.23736358474905,106.86493482115701,93.48093925334766,89.77015015400264,70.89051425446925,61.56981949729479
2022-12-29,81.08562169639572,84.72048682152527,89.51855683781345,22.874362615920266,87.20807111860849,85.21698406283949,107.04344122200872,93.48718646939118,89.5738835396633,70.02417272713504,61.370878921192265
2022-12-30,80.48104173376636,84.67170015803686,90.28731757701952,23.204468919143537,87.58896086970043,85.25105904391572,107.27106767921525,93.45082978602895,90.32573796158206,69.66490458950136,60.13198548629653
2023-01-03,79.82443500950959,84.15357868353942,90.67520271012754,23.30487100597412,87.04992697268315,84.43228184506151,106.15344067465978,93.75106867157942,90.06428449051018,70.72118877728296,61.446075413075064
2023-01-04,80.02857081256978,84.00558343676494,90.79634356011124,23.160757513200707,87.23893980963761,84.64510421106978,105.93805477064004,93.70190008651045,90.30043210342669,69.50107669239515,61.487198750197784
2023-01-05,80.24915645741375,83.82047049262879,90.99704644300532,22.779407011508535,87.34120829459171,84.6403865067989,106.07598758235488,93.95227323837082,90.49266446206909,68.11375073263328,60.839393559554786
2023-01-06,80.24926654244038,83.90513518214867,91.27871098097023,22.147310451432638,87.2386800479224,84.41886168169052,105.90396864141019,94.3909636661776,90.71986933371007,69.11469885877048,59.56100761488976
2023-01-09,79.63911003439661,83.7957887384333,91.05803147188585,22.52869513990703,87.3926529776667,83.45045007203694,105.85880223690778,94.37310080219822,90.79884935169827,68.78705798904913,59.94293899123431
2023-01-10,77.47354152233572,84.30752224164966,91.1196753552252,23.245576873769735,87.94154553975184,82.84906036236933,105.92744857508666,94.61670758648157,90.7615146818201,69.3745160054597,60.09449339296269
2023-01-11,76.91290893570049,84.33809549343569,90.28359134377995,23.720698716436573,88.20655911883617,83.31304981668998,106.71771729785834,95.25763693314249,91.04940946955273,65.94114050017785,60.41981070961003
2023-01-12,76.8117904482445,84.57973506297819,90.63418088999995,23.58468420016262,87.76345118408327,83.29293287945566,106.64260535167149,95.47718103253725,90.81867170601411,66.44479705044364,59.239818627704224
2023-01-13,76.65576528554543,82.77634477698841,91.10851467972509,24.109122993150244,84.43049849897048,83.25432224954015,107.17930689659875,95.70125070654929,91.39243921087629,66.42813138075023,60.63286015441165
2023-01-17,76.92329473283827,82.0432925627014,91.72381347028579,26.14316083701953,83.03003883186537,83.3142414043042,107.79812010891618,95.86087702515331,89.52093996758015,68.33292674685836,61.58745356929301
2023-01-18,76.09899975958871,81.71009401881538,94.26061446819043,26.38007052228127,81.60647968132746,82.41539834959369,108.81870474968893,94.05466512927542,91.88989643531532,67.31038799163295,64.34458357994151
2023-01-19,76.59172509622066,82.37739985294037,93.22762291295376,26.500256414901614,82.38106310483663,82.90493197238062,106.85992733133897,94.77658351506187,92.16111799813858,67.87397448067657,64.02427065356933
2023-01-20,76.78200487994133,82.50606959150765,93.3836272162126,25.77897023887309,82.33724190055939,81.8951562450234,107.12201669942144,94.82274259701775,92.19935721235453,67.88007825246531,64.19529343513702
2023-01-23,76.50352577318796,82.5459474011948,93.41106337005517,25.816754134851504,81.8448214233977,82.27996605560969,106.50105472578927,94.16598125617784,92.28497032883517,67.9934693208554,63.93132974120538
2023-01-24,77.11486251468594,81.26728438299983,93.39896394936702,25.212521427495467,82.62987181067848,82.23101743095712,107.44362727920469,90.22059242648015,92.50015732467938,68.18426844196262,64.68334282538827
2023-01-25,77.372216333173,81.01220309889639,93.11728903190938,25.698734908630154,82.40567201999133,82.64648477342848,106.59569368791287,90.94160054374214,92.99396425368163,67.60595386258622,64.69354035101354
2023-01-26,77.79550347213878,80.8570638276117,92.7977313338723,25.38928786113823,82.5483366889115,83.11458291692134,106.08922575295875,90.33698164230042,92.19902522486419,68.40400691837581,65.01965118159639
2023-01-27,78.16835123714404,78.61948904299882,93.20953496938876,25.483794276387048,82.50329451284928,83.32245881323067,106.11656436499017,90.38641374892713,92.34630648151422,68.561444986399,65.31391232091283
2023-01-30,77.80203830075652,78.40137713741817,92.9905977708761,25.709471036081403,82.95620379356494,82.85412888576755,105.90062641073304,90.11199727961554,92.63613570362162,68.53172657692012,65.65806285894216
2023-01-31,76.003986893978,78.57009149226306,93.27333468754762,25.758917140965202,83.10842183541415,82.99108996001573,106.02721481462257,89.42162811224568,92.6557932760074,68.58944330484022,65.89395315421544
2023-02-01,74.99752442633756,79.20243539086448,93.13518364489583,26.288176338608366,83.09638545433222,82.80414681167792,106.51078540941548,88.93813790916106,93.68271958125342,69.99794784704098,66.32378496221556
2023-02-02,74.42074273577612,79.47648934874066,93.33220405751075,26.164918784898163,82.91675783255877,81.14963288600094,106.89976760899494,89.16343185995126,93.99094616709313,69.92243552954747,66.30000388777745
2023-02-03,74.50622047711845,79.64588402101447,93.56319165614413,26.071089625530004,83.27458923068242,80.75339972607333,105.99371449423313,89.38941298815311,94.23012450591031,70.08635755515687,64.685700162048
2023-02-06,74.47093970741501,79.827334864017,93.68792726288659,25.03401861114212,84.52707564036697,82.72108967720655,107.55771565809411,89.50759324506178,94.07748477446069,69.65052713885149,62.12714114190743
2023-02-07,75.20612550798451,80.23221330078125,91.82668661246856,26.333172329008654,84.09764084510876,82.37661493995785,106.84479282768245,89.70130666077236,94.27794193260979,69.18775020053867,62.857783070553495
2023-02-08,71.75377997616272,80.92027758370139,93.25104138953618,26.97511280673695,84.46669902309606,83.32001060012212,107.28796680553683,87.52630557184652,94.78753758870569,70.82375080065657,61.868176628685454
2023-02-09,73.49128865135745,81.27605132181796,92.11220629863315,22.07582067853494,84.8925842943921,83.13096669188587,106.70793663185053,88.57094569318772,94.63353017645707,70.04319527613129,63.26183121219019
2023-02-10,73.26715180210306,81.5761100425796,92.15670993267064,22.68388957962631,85.07953969903744,83.37014197650748,106.81157913335272,88.41845216674038,94.41677783480262,70.06498008309961,61.90315136278602
2023-02-13,73.72663746371362,80.56173258551472,91.28238767622035,23.484955142071513,84.82802201261303,84.3369016674164,107.57482179020518,89.23788098581234,94.82962129992616,71.14114289560015,61.93999532276199
2023-02-14,73.88657479393375,80.84118261974359,91.5658476811194,22.56175390623449,85.25308425616974,84.42538982328828,107.49566977176607,89.58449572214218,94.5027740080214,70.69214792571432,61.55637659606801
2023-02-15,73.79093380168584,80.2976266561252,91.87046414300002,23.02538302170992,85.56101921690019,83.24773921099184,107.09843218533993,89.96750331427748,94.83762294567856,71.00322035854347,61.54849626995794
2023-02-16,73.8611235293871,80.2720363013002,91.9317555491345,22.898245398704958,85.60478070633437,84.26056328758614,106.90008256875234,90.18125294583685,94.49020151244744,70.23635791569804,61.58866171202584
2023-02-17,73.56578750985032,80.5591210920419,91.1738615006752,23.10525706781762,85.6910957871685,83.75570838978025,107.33525544522703,90.3907053330625,93.15171499679884,70.18979043511328,60.931781310006954
2023-02-21,74.09128116269267,80.74700255183406,90.797539800816,22.371518598160396,85.88928671792449,83.47063700169704,106.61571983451921,90.72718412455676,93.92272556929638,70.04423522181752,60.524583972174185
2023-02-22,73.99508623685477,80.89525881557392,90.53689020484305,23.294911368316832,85.79392154785947,83.91536599267494,106.04620211621481,91.04423194703637,94.03203826963187,69.31775795178905,60.344052061413024
2023-02-23,74.39441105686235,81.07954485571216,90.5791044887146,23.246100077964574,85.64798873097482,84.08320918548169,106.01595736469955,91.31034493656067,93.32437203466667,68.78533703257108,60.37944974820202
2023-02-24,74.83774392575327,80.9026305396683,91.34962915955735,23.95381018080815,85.41446293863297,84.72709970898889,106.53551751052046,91.86237399819356,86.5218614026798,69.99333265763426,60.09137869423807
2023-02-27,75.50730836919925,81.31515311199492,91.95667941825106,23.68621533704323,85.44041592578448,84.37617866892319,107.00664455916281,92.30907179872885,85.87764677741704,69.21860648131195,58.13867540296144
2023-02-28,76.22290525777464,82.16829864399283,92.19567405460646,23.220905415315823,85.73097494623256,84.43131296565814,106.80386641918251,92.98443280045238,85.90233174186598,67.78645209172156,55.29685045807565
2023-03-01,75.67289197164702,82.37079479809454,91.62231081215772,22.75755226337045,85.52340603888338,82.83202278994092,107.07805197638676,92.85016051633691,85.65337901285542,67.98749631212554,55.24287790917673
2023-03-02,75.32505460530479,81.08661917947303,91.8708710219646,22.266922451677015,85.24626571977613,82.74191451554667,107.02835255276385,92.80705551994137,85.9193405887527,68.3401669362126,55.54483476467851
2023-03-03,75.38581128715074,80.95877950557617,91.90752719469698,22.032720155790397,85.31960389300987,82.83411868481527,107.19230091752912,92.8099843318591,86.06435017310746,68.1662636951971,54.74895473174509
2023-03-06,75.80752336112448,82.40113799354646,92.51844561185615,23.389439816268133,86.17464960214161,83.80919273508314,107.41706909930762,92.9100330755092,84.45933393908963,69.71365169812937,54.98817878293335
2023-03-07,76.65741789668506,81.87949217138393,92.4513773182554,20.962802328696647,86.49379283751142,84.04807106711436,106.67705266090965,92.39214375404353,85.80380106249376,70.50032583285405,55.7357956082484
2023-03-08,77.14840657865928,82.77773795709814,92.53073032966883,20.811572740755302,86.1026249657898,83.85664571845517,107.0958053437484,93.07549756616048,86.11369581113394,67.80940837368664,55.686595327356216
2023-03-09,77.37953964357784,82.41798353534091,90.83485325371404,22.754497935040668,87.65595327197828,84.20461664830738,106.34593127553828,91.3473663525489,86.5702689669568,69.95623606120918,56.62986636336133
2023-03-10,77.58953757702992,82.36119625155942,89.61846952438688,23.286829769385726,88.53343009248118,84.34824217162608,106.6645439852422,90.66954444522894,87.20429189951275,70.21754479899619,56.81556825017207
2023-03-13,77.75872851983003,82.17976147059939,89.1951876161274,24.504692424902746,90.04862304993794,85.02255092497307,104.90940783213425,90.2363136270806,86.4063662850839,72.42309618148411,58.19839965651668
2023-03-14,77.50579071909756,81.75040010487903,89.46024088724886,23.5218078649824,88.72133893952147,85.51259329564462,104.64126051191053,90.63059853268022,86.55160973189165,72.19928533496173,58.132128472012724
2023-03-15,77.17785276990635,80.69168031435781,89.24150604902657,24.277404112357793,89.2084005278738,85.2105625894877,105.2839152183333,89.47836593007996,87.06051506659759,72.2259292949289,58.272204413470824
2023-03-16,77.96389649939485,80.20399492788036,84.70260647640015,25.594756783183428,88.4101483932487,85.51881036580558,106.49697136487119,89.58357953456299,87.71266818191572,72.5202854471609,58.56878752836771
2023-03-17,77.66588811826031,80.3987465125217,85.68757404132074,25.24784497053448,87.084415921066,84.86936190836785,106.13562964233373,89.50662823272279,87.73660374769955,72.68540209051436,58.800541620217615
2023-03-20,78.49097368224562,80.26700637440042,85.64900153780522,24.822507334486872,86.60892653609618,84.20064549069309,105.86145537704091,90.08725245565788,88.54270891571399,72.05759714530168,59.29684888545121
2023-03-21,79.12789415068414,80.84703080122566,86.29329826228809,24.994478771430998,85.15924073760382,84.64088489089808,105.9073004255568,90.78158533432413,88.67222244403732,71.20066511768975,54.17489353388541
2023-03-22,79.60517520252,80.50456332989458,86.25317670699252,24.70986084492898,84.08249536570001,84.3330085255924,105.06792331957217,90.29294224867736,88.02407607026556,73.64189775317786,57.386311944644675
2023-03-23,79.11436618773189,80.7298585974823,85.73976846036999,24.9373477321389,84.36884799818004,84.5561822328832,105.35913696934914,90.1361328936597,88.05761249243378,74.25525848939216,57.78728579011733
2023-03-24,77.60271947283063,79.11148847607052,86.12640408392546,24.918894872600003,85.01304982524063,84.74317460810441,105.92435744773707,88.57113737255455,88.4719700654852,73.74080581549907,57.62113216105206
2023-03-27,79.21196774802364,80.56005102567657,86.69195660302967,24.762448385228065,85.3563003763471,84.78420284246636,105.98604545226083,89.95006404719929,87.25355512855302,72.17478975569402,57.588820863592346
2023-03-28,79.46396731636625,80.64727045299333,87.24781743660026,23.950799577057314,85.65170286226564,84.46828056220721,105.92435728768645,90.02693909767129,86.79954668285941,72.45886315274157,57.17679502228545
2023-03-29,81.65974347265471,82.35229064731453,89.73657682239018,25.929510727807347,86.54435945813009,83.28137008482008,105.78764739358594,90.24438259196795,89.39337746563884,70.77956965010824,55.633743299749725
2023-03-30,83.34451023433785,83.06671359830673,92.9418331478449,29.412248973444626,80.35012165893909,83.5977891422998,106.2321096455054,90.56270079705978,92.38457442542634,71.20753104607876,53.993680159300126
2023-03-31,83.10119079172016,81.78584346768181,91.08100036419076,27.997276910380723,80.80586140019354,84.17761698930323,106.85241846235486,90.45152986193757,92.69442409529097,70.48987143836838,54.40339983964444
2023-04-03,82.96060853859407,81.53601684746839,91.63273342932463,28.426568054885262,81.11522032224616,83.55661676585207,106.92186267285176,90.0772910686228,92.6404022426625,69.93942819382684,54.63778174417868
2023-04-04,82.68045323246268,82.01245995387562,92.14872844068428,28.253699735985922,80.97702748395639,83.53159978099146,102.47520701702987,90.4013895069761,93.09204995508705,70.01992571400436,54.5512716406586
2023-04-05,83.75536194789899,82.30755520472243,92.63287358871852,28.103084012555218,81.32560690124414,82.17648159557538,101.58510015650691,90.90900319872827,93.63806543229703,70.79152980060938,51.50185071858475
2023-04-06,81.61818939318258,82.81553187907424,93.2613959476646,28.31482164532967,81.55568115025856,82.36524731531199,100.8749021605368,90.45123031792974,93.24685617164747,71.34327411936312,51.36163550799101
2023-04-10,81.0299534178672,81.97341599931713,93.34434255045983,28.720927264691902,81.96878826992948,82.83121113099658,100.55295221692107,90.44134832249667,93.93973781423729,71.45504295785078,51.18646898582236
2023-04-11,83.09113519763808,81.75473810517438,93.56740906861967,29.970964497709115,80.57928209837269,84.63812824295267,100.13977077839196,90.84427861806797,94.7460292966177,68.92884588264327,52.383377267452204
2023-04-12,82.91264329708235,80.62215732470098,94.09338160985331,29.415190130713928,80.34882432287908,85.00448741319661,99.70690982599956,91.45570877672054,94.89358151954389,68.98240951350319,52.375722367026015
2023-04-13,82.92727743103785,80.64083489687577,94.24265308629263,28.842948226295455,80.24526204241417,85.23400432263983,99.38170456479389,91.5715185064578,95.11489698932004,69.05043155054085,51.283742879545606
2023-04-14,83.15533047438704,80.6910928889897,94.45091084474906,28.40948506559087,80.38834513979916,85.46821967031177,99.41412260391674,91.71298263560116,95.1791198887392,66.69204303004734,50.88028940462136
2023-04-17,84.10508698006193,81.22413256805157,94.6831669876975,30.353322276578435,77.83401715899015,86.09812545229123,100.14610749268252,91.97534808500218,95.21570632733459,62.96755505842288,51.991842846909364
2023-04-18,84.6986634156469,82.06090928927229,95.96749667211918,31.3339278566184,76.70657307938201,85.63358459314854,100.98309201778562,92.55969734293939,96.21221276654563,61.91338999002933,52.235365561078936
2023-04-19,85.04558985678797,81.96986448339321,96.41209708185421,33.00227452069696,76.9738592984516,85.09488837189136,100.94833754259948,93.14167116148104,97.40567698405597,60.624863304386025,52.556145179291164
2023-04-20,85.40007703418172,81.44380589199908,95.95665610414511,33.81813204621867,76.96913860698506,85.14631614148838,101.54725549237698,93.06666063516546,97.96028309129417,60.319924334507434,52.88194045699802
2023-04-21,85.50250801215397,80.90538769059839,95.38283928638424,34.883984209783485,78.0954170884279,86.01547500512997,101.85866799693856,92.2906607926326,97.83667941512061,60.88720388176528,52.6108081673093
2023-04-24,85.86994776508857,80.47336238230874,94.86578903032024,34.10761424935338,78.54616722548072,86.39160670341434,101.99523931181143,92.6060083786918,97.09216931274104,60.38795868105811,52.408294124906966
2023-04-25,86.0792635801735,80.5603947166176,95.72299466495038,33.995723178943415,78.96102414913214,85.08773182171424,102.04868599515912,92.48037203911493,97.86298643289948,59.71810341205716,52.221766831723194
2023-04-26,86.05281571130976,80.11518497391259,94.74720169850868,33.937528331413894,79.4557288939136,86.06701653886554,102.60268110053124,92.24776348369485,97.85946168697691,59.0030927097183,51.66530519747001
2023-04-27,85.60134535556996,80.37140395116745,95.05016879693642,33.34833293960485,79.36253302592095,86.17273403216808,102.36547898234032,92.46563557668479,98.12653427403671,58.95577219118962,50.48709344040178
2023-04-28,85.42490281823589,80.62469529432398,94.65064289289451,33.58842932592953,78.88086117755468,85.67988258185834,102.28448398098848,92.02379462554696,98.01637689720418,58.92058644556261,51.00920601526939
2023-05-01,86.4196138432961,81.32213766502935,96.59471486156156,33.54484606630374,77.54462818317475,84.23909483412085,101.59452618115152,93.60289711144137,97.86404167270724,59.28534483677703,51.32112162930713
2023-05-02,86.05529983195959,75.51910070724972,95.78681151312806,36.071391915550535,80.24860862470926,86.0366203566828,103.29430762366044,88.87440174402425,95.94500664672843,60.36143554362276,53.65929564185885
2023-05-03,86.02609447705065,77.48167893153303,96.383047665297,35.22013722925307,79.03099415537676,85.66567881371667,102.81612453026732,90.09761516755034,95.63378268230952,59.34228872256052,53.86532254373673
2023-05-04,85.7751158599942,77.58473617902644,96.4199821943069,35.30906632633398,78.88420319708547,85.2455650895347,102.29085763941171,89.65343530058357,95.507772469925,59.43795896588841,53.77093165141654
2023-05-05,86.30816361901005,78.73994834554654,96.58332876644414,35.74213342943557,78.29046781028076,86.28553284698636,101.41126274250271,89.19592645365644,95.11511196908472,59.54310052772504,53.6230804378276
2023-05-08,84.49550465446855,78.9001334337002,96.84862150038883,36.486265916366655,79.29484403823422,87.15352339251486,100.32106553156936,88.27892692518782,95.39200232837318,60.49422748127917,53.412021531808854
2023-05-09,84.23602132594371,81.55381303698212,98.910823011621,35.2204261517487,79.41478527275451,88.24891400264161,98.96241076933104,88.61170893634525,94.34465546764123,60.29645363718495,53.855062229824114
2023-05-10,84.1172919925418,81.09463427786412,98.71276269660375,36.46321385232435,81.13454631922554,86.3925237201641,99.71189785399554,84.74190045414203,95.53845063965117,60.2239285065822,52.81925173791793
2023-05-11,82.69304120569329,81.97225479326454,96.1303531877551,37.30578490727833,79.3381529709715,89.08373252219819,98.09791238290101,87.71858161615884,94.8181425190669,62.41307728460421,53.28556274389912
2023-05-12,82.38818741510092,81.32193609999777,95.94544279072517,37.887082306286416,78.24360296847198,89.40098480180436,97.75604586571887,88.48499846448834,95.57174623110087,62.865551404038335,53.12962076490504
2023-05-15,82.79375881900589,81.36421871858047,96.24324674487025,38.19712932947135,78.22688226585132,89.46959739194699,97.28088516898079,88.85299520009673,95.83653397133618,63.14572867348651,50.26199330174
2023-05-16,80.70734583758326,81.08212277207106,97.02218461045241,38.09836905892574,78.62313271229938,88.37217914706237,97.59429387149217,86.81659245113389,96.1235392603576,61.810136395262454,50.18931574645411
2023-05-17,80.99612605334687,81.2746920476804,97.1279220692257,37.99676018648916,78.19986118687089,88.38350285960263,97.48959565852405,87.17763637744896,95.9143208327949,61.584360293066815,49.932306497714926
2023-05-18,80.69662648255489,81.30772154126211,97.37542893012589,37.98287794614424,78.11400066702586,88.33668442356581,97.49248076613944,86.5447471584065,96.0967070628849,61.61846612843914,50.071068073806074
2023-05-19,79.4832523541852,82.50885678543645,98.2936357738448,38.696571835184386,77.56923015888852,89.12346491691055,94.85879894383928,84.70949774300546,96.4198125937101,62.082626461053394,51.27916985984153
2023-05-22,79.21726001498811,82.37408538028939,95.94897174343082,38.36650939775917,77.38918470673374,89.51788606249504,94.53529529308683,85.01671986569849,96.88885128152022,61.84496387385417,51.58570117475392
2023-05-23,79.12687616891105,82.65726156117388,95.68107454126579,38.485283914645066,77.44518463078111,89.44491073708782,94.3925145944454,85.14807919334699,96.94995050266105,61.41861306420731,51.73090202288505
2023-05-24,79.37965014088289,82.68239528713886,96.2013166121057,39.184174187561545,77.62844712121488,89.59077024895205,94.01851406908406,85.34737492664675,97.15121310880676,59.194618793210694,52.16003885148685
2023-05-25,79.25992660423925,82.23794629123985,96.50468975489684,38.943589342164174,77.15023016091544,89.28352560320289,94.27391654546298,84.77698192678211,97.03600453364561,59.621781773098185,51.711640781468816
2023-05-26,78.61991049248991,81.47025887305561,97.03267761748783,38.66684066183424,76.59474681231781,89.69121851187928,93.65778195269984,84.18967203955292,96.52021786036634,59.76645014362175,51.80524723471908
2023-05-30,77.81322234518555,80.40891319194603,96.28892482198542,39.1767101550368,77.73533444028166,89.2255640895446,94.8697256381382,82.94016687149575,97.12182907128515,59.77563903122888,52.695608850955395
2023-05-31,77.20275520560793,80.53285312900643,96.39679850036603,38.637243950353955,77.85537559060039,87.98249764286273,94.76821684869401,83.10825044286419,97.4636252050752,59.77555694756673,52.31491837547379
2023-06-01,76.30972403877092,80.96660213888535,94.20354097165222,38.0418244122869,78.21804685906969,88.92761948926989,95.41608553740491,83.11105482349647,97.57233665254842,59.410383669960325,53.19584515763097
2023-06-02,74.72251386915326,81.09804027204017,93.8228700091621,38.26658613101319,78.37733738845222,89.58534117836581,95.10304343238889,81.90437838252204,97.7767787928396,59.453771747123085,53.415435313919666
2023-06-05,75.85314419752011,81.13524342328198,91.96447425828568,38.08482419325555,78.74089672644344,89.44132202771708,94.33209322522927,83.21010570849427,97.20111115350417,60.02784403755604,52.52575445901544
2023-06-06,75.97964536610779,81.96073902095344,90.2634281149766,37.62991830503294,79.09700400526908,88.12042546016491,95.11834804737819,82.71214325395431,97.40543908169958,59.904188001266434,51.9523231558499
2023-06-07,75.72597715950172,82.39776993918056,91.35092196291988,38.350507329142104,78.48002793040274,85.91786615648093,94.82945085566334,82.40485664534299,97.92205806249345,59.088098177510844,50.64992071120818
2023-06-08,75.44123878621266,82.49828360716793,91.73343947250085,37.33437345161446,78.97600875422307,87.06693094881561,94.54137955211779,82.19462202722082,97.80330672985424,58.895735086663024,50.02681162965834
2023-06-09,76.73330642826252,81.87335471591567,92.44151404505132,37.94027805249656,81.55109278894142,83.79457444888955,94.64555020479914,82.6254922005121,97.4608694651932,59.39129731230284,51.77419344865202
2023-06-12,77.04471917371991,81.68275135180835,92.63280604068053,38.386433523793386,81.90132222652704,83.65874566207725,94.63567716742713,81.878536498843,97.53509957221522,59.027527394248885,52.186283210275846
2023-06-13,77.15793617025149,81.09797970428174,92.83385793508027,38.41899071856921,82.0032929952673,83.84330840901167,94.82553807306354,81.90423652599605,96.29091143812428,59.08196886559034,52.2793683586068
2023-06-14,77.17591901959086,80.91385658528704,92.1129592144202,38.546363521219064,82.27752887564081,83.48886511695005,94.86393154415902,81.99893507064706,96.79740894438403,58.4210716008699,51.73836885101154
2023-06-15,77.02244705781763,81.09043863639944,91.96636614610033,38.68475738849863,82.089054922486,83.0443486833915,94.62597456009435,82.00915245872415,97.07568971687482,58.41556026470039,51.01106812050871
2023-06-16,74.14781747192826,82.48202109951332,93.7107074752816,42.39503537662025,82.60364325067721,81.37760151555172,92.7139394368741,77.27009629072847,99.38251238640001,59.827704132747066,52.83993306245063
2023-06-20,74.25102024863594,81.99852283376131,93.60743092606651,42.16589530711577,81.16024660261382,82.13537944785114,91.19432863278331,78.41645760999127,98.27018774575862,59.727637486571936,53.220986975954375
2023-06-21,72.6946228418369,82.29656502227826,93.56434460549559,42.102305724084566,80.68967304452585,82.32992843665866,91.23853118698644,78.65657368252702,98.52328047131851,59.76351420794664,51.317244441865775
2023-06-22,74.55672200269042,80.90879146398525,93.56991243425706,42.959012822626306,82.17758401716765,82.9284689350452,90.9501228416166,78.8882334502155,98.90689236836208,57.88831943809997,48.526052182440424
2023-06-23,74.40984513783776,80.44019529690097,94.42770463972454,44.004935595525914,82.28127789638035,82.94943613279305,91.40382606272001,78.89911528255482,99.10348198557466,57.49060074072456,45.02959450061073
2023-06-26,74.42036518131792,80.99727433505201,94.02584841616692,42.89384958557996,81.83765552778002,82.26556237180272,90.50100503098169,78.82286600602937,97.70283497506911,58.039145837717726,46.79620400966337
2023-06-27,72.19800580498453,80.281314085567,95.41257691202276,43.863737528134905,83.61995095757169,81.67924813536743,90.90798658521364,78.30873857126659,97.34779977508474,56.2297494416617,47.55226002957623
2023-06-28,71.80577427783265,79.81861809810876,96.0588040240118,44.26265548261334,83.61786912720511,81.38034080365496,88.92367023173985,78.02560204908424,97.27575293660527,56.323710422361884,47.82378082564081
2023-06-29,71.29610723981492,78.46274553487838,96.18253200614296,44.241339045046786,84.0684438500557,82.24274780595597,90.18526575792418,76.98174408389417,95.86622545554233,56.43176699389966,47.118285978764504
2023-06-30,73.62735645967857,80.61948663972666,94.77154215113514,46.84474915232863,84.0947014394568,81.08287531739835,89.67138388766686,78.80411041551909,93.80364327073465,54.40722839726206,47.41649884398389
2023-07-03,73.66862924764825,79.64240050237001,92.65440357791435,47.04064994450494,84.4323594024019,81.08036964300835,90.01726217275224,78.23203619848441,94.14125541812102,53.66850218431492,47.666766513273046
2023-07-05,73.18563866764788,79.72360352713112,91.35724254005267,48.22099345785263,84.9921608548787,80.94638816714644,89.40440758664795,79.18205133592869,92.27691926337668,52.817175912149544,45.25044943889418
2023-07-06,73.34180002997283,80.84582908525778,91.5821215320526,47.044409131529335,85.57514873734341,80.70612033653038,90.11651123875964,79.25975527777692,89.0643502676451,51.94859971231219,45.047038512974794
2023-07-07,72.80624839597712,80.30469731819944,91.68285173150926,47.15309212267367,85.87912252918068,80.24901104552383,90.25197625959372,79.31242535331981,88.94681836255354,50.24212374557173,43.78270241663886
2023-07-10,73.49745939247917,82.26032336977568,88.82767940465712,45.83128646526769,86.22990386835559,80.83262825799831,88.3120109696127,80.80143043204691,86.87239995083674,52.85679328249748,45.52584079226036
2023-07-11,71.35567197135688,81.06452536662458,88.90144830094293,46.0909188010404,86.46570912562282,81.03992326869398,88.37656696713583,81.26353575830723,86.42157389486749,53.044567524736436,45.61966128528936
2023-07-12,70.41885337716816,85.06271312003678,90.64111673211794,47.18145005555679,86.44277472720653,82.22117709003659,86.72270199317772,81.58143919537267,86.98212719789868,54.99732538402217,42.61937371065657
2023-07-13,70.99365727359397,86.15633677986796,90.36800695292278,47.37541257733186,85.50215916002445,82.2101093976628,86.43935738989173,81.3778360125619,87.02578684203348,55.55923912710871,42.31031903173832
2023-07-14,71.11042345411673,84.92751139904753,90.56842282387052,47.189311393935355,85.0384916711805,82.4928798002093,86.2860816580153,81.29927701017944,87.31488997426044,54.8096432401845,42.545816800603916
2023-07-17,72.06653578253477,88.75103584223605,90.09144628594085,48.43817734048413,82.00438319573246,82.04657413239076,87.1412749859383,77.62054035343112,89.17648896977929,57.80868749902753,43.899003071746264
2023-07-18,67.54988749990828,84.83331027718333,91.60322870101403,46.92384622388693,83.48076480260286,83.64065195050166,85.22302256846326,80.70611597277316,87.73982677518559,57.94227268888099,45.859725565573065
2023-07-19,70.82187260893618,87.68950970366504,89.07606781914406,47.76981769148599,85.8530316715362,83.89422235007292,87.5771144408882,77.61938030492499,88.78865509137243,58.385174989878365,41.640909563875695
2023-07-20,71.20345179122633,85.93178091509621,90.66581862941368,43.84101679908102,84.41044826063006,84.73546259136002,86.76897728976094,79.16342816667368,86.47901073165312,57.89069828439683,42.76564564526596
2023-07-21,66.57067280482657,84.37040647598386,90.7870561203495,48.244542587369985,87.2017422331701,79.17483794345665,89.69969545888696,78.17423824388594,89.97237573731559,59.60833233772613,39.12877535219963
2023-07-24,65.6852224993145,83.90374075587445,91.48240523371675,48.88340785993115,87.05119705335598,78.149227177262,90.8174005964253,77.73860581629162,90.38122331477966,61.239740349936476,38.693898179061875
2023-07-25,66.8620396770409,84.07371630249673,93.16691784550085,47.4223239972137,87.06143624737652,75.77602781803432,92.39299906097335,78.4342603619308,87.19692884221102,62.663871240560375,40.05802040182292
2023-07-26,66.76014954835176,84.0231987966971,93.37484106790552,47.298048054404155,86.85288452101003,75.6936935963138,91.89912724351005,78.72035549494737,87.51945350319157,60.76299145460364,39.616479327468866
2023-07-27,69.65973883994496,84.98088240716214,94.99834539002903,45.28972397709478,87.56466744743388,76.47446636416544,86.5419331831118,80.98311721610781,85.688154277942,59.691587894243035,41.7022914967578
2023-07-28,66.12505682216306,85.05993510945419,94.20787539863407,47.73984795948171,87.47866484586064,78.1509130931513,88.7240260505943,80.94413795887131,88.07654208961563,55.50344539801914,39.20866428519428
2023-07-31,65.43647754285269,86.16219933988275,90.860449141969,48.519780238325026,87.74303546263118,78.04933870152892,91.39686531591082,82.61290386043213,89.4798565455011,55.09108929764981,38.23961470468466
2023-08-01,65.90879754173216,87.47051045115448,88.26120026272991,48.94185069574982,87.84993395717092,77.28491650923283,92.12053839022967,83.68493808623627,90.34623121155585,55.439290525893256,36.59476628336307
2023-08-02,65.95241045568793,87.05550810851747,87.21802068553906,49.00825132273089,87.60157123679565,77.79878002932338,92.83368122046801,83.5015603956225,90.00410310041177,52.78927580906339,36.444806141058095
2023-08-03,66.54571848043555,87.64737747078041,85.70363649883592,47.33172527518244,88.2454762197536,77.03098277129493,93.18583694238502,82.58961210538294,91.3110492976627,53.10133559783098,35.413772190620854
2023-08-04,66.11756954434718,88.1565577219505,84.49634647534609,47.3635140457851,88.89044377761515,74.57192990040811,91.53025142182915,82.65280545239854,91.15782747463507,53.947993692258514,37.626892539062474
2023-08-07,67.26955181570602,86.20855182041446,82.20040160029964,51.61527401013472,89.11330432869526,73.95745434132893,91.09648803589849,82.1720010048983,91.970585434395,55.486697289227465,37.42555439873615
2023-08-08,65.87916080698635,86.00625826156492,82.62675931864803,51.22150116464843,89.57185958529821,73.87354958688005,91.39741439793909,81.80388698638635,91.97428434495333,54.826066049469084,37.39293628135899
2023-08-09,66.2377095054402,86.42661495531725,82.53276992240912,49.71896688244944,89.39935520388833,74.52451187414091,91.57369929024983,81.49897068046559,92.01162671017697,55.48529682491278,37.5994411829127
2023-08-10,66.83291448501527,86.96455620053723,82.64190161218201,49.77668328587945,89.34996523054289,73.82693656075928,91.11348693254426,82.50890523317983,91.1531630118725,55.0495493871926,37.594985913326255
2023-08-11,68.43011285518884,86.64673524058921,81.96413962191008,49.4646475428004,89.19608408757657,71.41210285019098,92.05169156814883,82.22777920955107,93.57615090695504,56.45348720997131,39.044585046137854
2023-08-14,68.94838380041764,87.106360911986,80.26230477445012,50.17712842404178,89.82235579958562,71.61163092349044,91.12927474142006,79.73684939028395,93.97540953879964,57.37893227298864,39.50467990709909
2023-08-15,68.85722035552578,86.8794008547009,79.76120423869916,50.76548021876346,90.11434107225382,69.16256464253779,91.90262898942285,79.63333915433141,94.34925843351442,56.76426375286437,39.40393956973494
2023-08-16,69.47478114016275,86.50157320673463,79.24517078886167,50.256209192354845,89.74275499073315,69.96671525826147,91.77634172809678,79.75855344499683,94.22533965385163,57.26200015519199,38.579884270181516
2023-08-17,69.63457531677916,86.89574912172648,79.12313579406626,49.60500002291582,89.27834533440735,68.8840613331682,92.37526402780223,79.90649521720796,94.12223132857929,57.66021814348152,37.95804928139643
2023-08-18,69.537780128869,86.34293863472034,78.36687900548948,50.37846204412743,89.51831286465975,69.73857782777827,91.55760336871458,78.5717773865885,93.9356611143252,57.904031757217,38.77986358814016
2023-08-21,69.5356649134888,86.47295869122081,78.34381742592534,50.40098425059122,89.58945156347319,67.67923815219325,91.66640451929189,78.43612019496305,94.00713158691889,57.902309146187925,38.97504940476269
2023-08-22,71.83956232981664,86.36134926989722,79.2291235112349,50.49252441912516,86.12575329065379,72.33391586260441,90.44217416770977,76.58306597888625,94.41796564078969,59.259036958753995,40.18178508853562
2023-08-23,71.13992966036099,86.51470521851043,77.19893839399832,50.56030519245877,86.56060392526145,72.37560899058559,90.60499851428801,76.17381138306033,93.76008631700012,58.95293266712908,39.862296458290075
2023-08-24,73.85803797059047,88.27634647710262,75.49436697689461,48.249758795708935,86.01619871356307,72.74910788581843,91.9577599704211,78.43487793322363,87.88046507219462,58.85163564948578,39.68967228259895
2023-08-25,72.59909332030553,88.34137594456297,75.66819249651569,48.37042870811602,86.17617756917775,72.88017507343898,91.27478468203682,78.14241224266074,88.3174606385908,58.334562187968636,39.74168477551571
2023-08-28,71.81726266437316,88.17616612733269,77.49932231429295,49.679721235854814,87.92888276833756,72.00860471035348,90.40674805620583,77.302073127014,87.93241823864518,61.910744609261855,41.987518570567694
2023-08-29,72.51717392889947,88.54158400353577,76.94271791351053,46.25659066627936,87.27455341397824,72.21471278675571,90.58079075590571,78.09575297967214,88.01063742190718,62.06948062902952,40.00596371680174
2023-08-30,71.89481598635871,84.63098848293417,78.28844487004147,52.780149427291434,88.08400520952272,73.37411548887471,89.97611033081937,73.9402780087954,87.44060028664325,64.17431794180686,41.59489001501638
2023-08-31,71.77990599104733,84.75071056911004,78.22159941643933,52.905135022258705,88.37150067637931,71.09685792118042,90.18802405178351,73.36573302098112,86.43755324246818,64.07187109038635,41.263468705554104
2023-09-01,72.3388953566203,83.70975633562519,75.28058870562984,53.19260934619083,88.3449355257324,70.91670433029417,89.88960382858212,73.72146692776232,85.61230281910792,64.61487887392964,39.69398887800673
2023-09-05,69.9285529326425,84.17491552848338,76.630915184945,52.01550930398892,87.16992981081894,70.97586079590744,89.0621595224616,73.85696019130594,84.13768684302816,64.3095479965765,39.41923614291405
2023-09-06,71.31636187159783,84.94657183101685,76.71080378417591,53.28834748405792,87.1434733148724,69.92730408967462,86.58887140081433,72.87871999718163,82.93421063377527,65.36262740490132,39.13285771057466
2023-09-07,71.09745984850912,84.55681270066289,77.14959006099393,52.946888784039984,87.09342803989367,69.74475670807615,86.13057088955021,72.73524178062564,82.50520217202077,65.42393472881746,39.1297823354589
2023-09-08,71.06521074570432,83.35315587629961,78.16282957732238,55.952007209658966,88.80499461173083,72.02876473320208,84.36493496848185,73.3000343253984,82.67585482511828,65.561600429644,38.006140245476615
2023-09-11,70.85901559254278,83.58333203564649,77.83979611350463,55.49990532159312,88.53081796915637,71.91942590859671,84.86532900035618,73.57392966438181,82.46138341103655,62.93420901969409,37.844368021764005
2023-09-12,71.19583993341392,83.96613962799768,77.14493129822613,54.323422936207336,87.1020140840469,71.66843822812064,85.32607914947783,73.58885545643173,82.24227057266272,64.39512908187008,38.53333445820642
2023-09-13,71.79557493599317,84.25957271696782,76.92364489634521,54.32508962086331,86.49804371222129,71.63121104773367,84.8478849862366,73.47173628912829,83.38846602477507,64.57610179707515,38.37831099498281
2023-09-14,71.59701956921394,84.024189615167,76.59672850329164,56.190857458461046,86.26969612546993,73.89506532964346,84.43133294205113,74.4438376152557,83.46992510760188,64.44977332457391,38.197952604693846
2023-09-15,72.36938531586098,84.86678721898406,77.29304953566013,54.58438417765326,85.57338864401606,73.92841179388188,83.87049967057376,74.65333649340012,83.83616130657977,61.11980111566095,37.61498842833416
2023-09-18,71.99730731198422,84.84180126715793,75.69711418414818,55.55046300995214,87.29318049240709,73.30072095871677,83.87236592112238,73.84895305875376,83.74112191698782,62.844119144193684,38.490219930728365
2023-09-19,71.81486328920556,84.62829694248727,75.58141957826062,55.32796203517412,87.51160244385372,73.42253465919022,84.14845222253105,73.80519635165747,83.8025841114917,62.59547937056365,37.47814254716949
2023-09-20,71.8361359186081,84.4882591985197,75.37456597650213,55.997642819806956,87.60968053058401,72.4427619782165,84.2086491651699,73.69868196127928,83.87423406574605,62.12895460262308,37.07749952313038
2023-09-21,70.49154228957838,84.87385157802292,75.69196231018604,56.36466556884302,88.1684542486186,71.11355505058181,85.12085680562403,73.51831787122666,84.94905425825665,61.03438650795092,36.17526394785825
2023-09-22,72.73949088274745,82.24245256668563,74.19912660564518,56.137230298789476,88.48146641672778,73.14907245227994,85.33339531095233,75.427806617825,85.38082418315723,57.301897957550416,36.8751265613477
2023-09-25,72.90904907539452,80.75699054778104,74.29772839315875,56.611545043368324,88.89639017603197,73.57093563160961,86.20952360231169,75.7953379557835,84.80885178545087,56.872386043177684,37.00370733055456
2023-09-26,69.46908221789556,81.43045982780238,73.73668374907143,55.98301375454243,88.76988662886515,73.93023405993516,86.62024360811448,75.74893054445914,84.9167306503853,56.457024608761806,34.67593156925085
2023-09-27,67.10080590105693,82.79092258017432,74.39531015146677,51.857127008904754,89.69506796078383,73.9656614785187,86.55752940599528,76.06056789259671,85.83996579307637,57.95702499797052,40.11944640900513
2023-09-28,66.7538926372322,82.24677528015755,74.34093762064558,52.769790899710486,90.4233268570116,72.79598328390388,87.00233850898837,74.6405339507336,86.73967464814679,57.901225269113965,36.36078989382804
2023-09-29,68.14075360100952,82.7987301102508,73.86685877502995,52.27269848790521,90.11500072816753,69.45102555254746,88.29605770333453,76.8250286118429,86.25912915289877,56.50351287123702,40.28316790990597
2023-10-02,65.16280107870952,82.60482488088266,74.5101741556849,53.51644215176452,89.62745336541295,69.47415031431444,88.51882750059225,76.12867559457435,86.38076640476636,57.369565985751876,39.55794332335368
2023-10-03,65.21280497893291,82.68214711979176,74.51276849154769,52.535103517665014,89.4406689885313,69.32196058569284,88.6707921558865,75.69989673849908,86.30245763699294,57.568651415183766,38.043591025675084
2023-10-04,65.26754731453012,82.80014006395508,74.60043498210202,52.221910815024025,89.56316936598436,67.9162844627366,88.78811017873394,75.83498003804117,86.66169753346507,57.51782897634793,38.79541235675774
2023-10-05,65.78664591485135,83.3951557061137,70.02918873900217,51.987919097884216,90.21538851600205,68.5535788027741,89.40632711805765,76.6341366031799,84.70211512655449,57.850837770831205,38.246758578362
2023-10-06,67.68667023605278,81.46897593157804,81.97304911138299,49.78287190000203,88.05164279708319,69.97727588205713,90.57058961324348,77.18298654352807,88.944151519994,59.23058281907996,44.542468414349464
2023-10-09,66.74195275281924,81.32745396429631,79.22248708511802,50.791658547564985,88.72121321532862,70.54263309568883,89.8142986024702,76.85788558919239,89.67770361299115,58.40226499588534,42.41736101643819
2023-10-10,66.73245228012398,80.80008818460234,79.12544954613365,50.80902027519909,89.00064245549946,69.82618936266093,89.82163521646248,76.93703440777966,89.4968668667095,57.84456351678572,42.49615543593045
2023-10-11,65.85924795068891,81.09780928666251,77.58202544949371,50.53743991763557,89.10351386461781,70.2127845865685,88.90739291605357,76.01837272508746,89.94383124909497,58.184414155531435,42.67720655874517
2023-10-12,65.25379226207923,81.13102003410603,81.14246207360591,47.74303115700792,89.73687377720611,70.8794041781311,88.05890846625172,74.40006320191313,91.05299542306514,57.82522625069994,44.24387926506577
2023-10-13,64.70325669233567,80.95728647729787,81.45109981436687,47.52940169110665,88.82677370067239,71.10384073613015,87.41970882324212,73.62851578886807,91.01044204258194,57.71489348751839,44.32816295471939
2023-10-16,64.59600168540824,80.84440627279915,80.87803442581473,47.56514483763369,88.49217940375684,71.20523407203802,87.28273995669761,73.59078368509131,90.96523672684772,57.818831989757214,43.950139225396086
2023-10-17,63.64499151048319,81.31587044038655,81.53598193373469,46.332574359299876,88.06957849813838,70.89752176425405,87.47819298356472,73.51365261608704,90.64587038925556,58.493752046587915,44.193553547804875
2023-10-18,63.46334999885464,81.7420428013372,80.69991183471421,43.79284327403671,88.78724460171127,70.82350298611011,87.14912112890394,73.7080694347017,91.45138753092978,59.26272614005896,43.920166859522546
2023-10-19,63.86546746903845,82.28713610971407,79.0986049441577,40.986685627639375,89.53060791872203,72.4014634735772,89.00101695751195,73.09492566190025,93.12500726759198,60.28993646695084,44.19099202171882
2023-10-20,64.19857161865288,82.04493412101064,79.48843155103427,40.93991966480474,88.53309866251202,71.12319270803843,88.95154595994586,73.10938141207924,93.26979714503715,60.215848833133066,44.16265080807561
2023-10-23,64.35871455142293,80.65015412932567,79.68481563941441,40.76487259398684,88.73676570511628,70.58208474614106,89.23884681104072,73.10345063686727,92.96622468124917,60.152437257435935,44.10335726054153
2023-10-24,64.15230319106817,79.77455205917303,79.7810357535517,41.3151338202096,89.2851355471436,71.11345764460633,88.97481589208276,72.68412339071789,93.7091216798596,60.431602569169115,42.71997743571626
2023-10-25,63.31436485330258,79.78731182968991,79.72327783869049,41.04155771952326,88.80397620718995,70.34534666760409,89.23502515940915,72.56719636498508,93.76784225953132,60.49673317346249,42.82596572951302
2023-10-26,64.3978140115871,79.87899348167313,80.38820646786534,39.483307314939125,87.81183823813308,70.87871720850814,89.49561983411019,72.3071912918056,93.08600319642231,60.489569164992744,42.603903564738616
2023-10-27,64.4087777780422,80.24681923495838,82.43459528640541,39.870142020287545,88.35749352528626,72.25757963742647,89.8242979145464,73.12006660897123,86.76444636727032,63.845010070126484,43.9482351234728
2023-10-30,65.05371760611915,80.89662824533374,80.08515256125298,39.36774681618221,87.2551047876501,71.28898904460098,90.54152877341151,73.85092909174689,88.3441677528215,61.502584102510895,43.28962965019636
2023-10-31,65.08052359413219,81.37458179836707,79.72792396278115,39.9550275719968,86.89457053035629,71.58092405074086,90.4738990604009,74.16748802332383,89.23442639670941,58.87762023786602,43.36770577174988
2023-11-01,65.06171039623563,81.31328862706886,79.71855918616153,39.49953427531266,86.68386033401246,71.55899474192762,90.67802856271335,74.39497607920548,89.23545906607477,58.599735716884304,42.717551732370126
2023-11-02,62.110001366162315,79.26652116005536,80.4078175490628,40.198761911306654,86.98956001019386,72.1849059322778,90.68144763313627,72.22802231762857,89.19779069075737,58.72947222354095,44.69299316758663
2023-11-03,65.44159977667687,81.9342309936622,79.72055059058644,37.78914245653992,87.07048100518018,71.85842151166715,90.59834168677916,72.86257620304823,89.4914869992337,54.66310138509024,44.02218126553518
2023-11-06,66.54481403067817,82.82159143835791,80.4910688126234,36.11713704060486,87.66235895407698,72.8695023410796,93.01441113638465,72.86829208280399,89.32201378959479,50.428386039015706,45.024960601724324
2023-11-07,67.29275013789669,82.56863663473368,81.44788825156519,35.194644930601044,86.16294361226848,73.39664247617094,93.34193660639814,73.50057700021699,89.4744025970096,50.07158414437109,46.25354711921442
2023-11-08,67.62375896407018,82.45122605962655,80.6052459670173,34.904593080953504,88.15872561363248,72.3762878607077,93.79281391064865,73.43147805609806,89.25071809354907,50.541537199989,46.21458052892261
2023-11-09,66.61883780793185,83.02508946386773,80.38893191626617,34.10587928132135,86.4847366474979,72.19256346907105,92.99317924551127,72.35584626242097,89.23012556171876,50.341908571167004,47.282132193697365
2023-11-10,66.35744123228832,82.6727726389071,80.60906610697066,34.125129918455784,86.77631552867324,71.23738924687656,92.788374704677,71.55523987176859,89.29357169896389,50.416628525385725,46.66684437691892
2023-11-13,66.34942888288113,80.03821237749689,80.33829826286231,36.42232724942615,87.07290371915704,66.84629987016308,93.14093146653582,70.79657339475077,89.57857907437263,51.59451018776384,48.46460229039281
2023-11-14,65.82496168349928,80.36062477806644,79.9767719874815,34.552516616422274,86.25965714485103,67.81665968823282,93.11161991390301,69.02293943086238,88.9628742860722,49.53747748140787,49.211769444292486
2023-11-15,68.60561203396855,81.4436197300058,81.00482967522044,37.425658435368604,86.20592997795521,68.5994939148063,93.45895612513125,71.7271303370263,85.09936122600153,47.88350183420681,45.91984471135096
2023-11-16,69.90937144974104,81.23227091297987,81.85923169394465,34.89014005707045,86.7440265921521,69.94488770849404,92.80692599001992,72.80327775068479,84.42953154016402,48.237551924330724,45.6504449145673
2023-11-17,71.65796175090239,79.93219578244481,81.73021777238225,29.611353164291298,89.68526803506855,69.71720394409638,92.62086600851225,74.15537161620175,87.28793722620495,46.424280221850914,48.07875835774073
2023-11-20,71.53665338100849,79.0466559694345,79.74991901218398,28.60794099131843,89.36803562414697,69.67115963410612,92.64105331132541,74.64141613830493,87.22671324341528,46.702389231408304,48.17774856572067
2023-11-21,72.14319541654723,82.00888792617123,79.14132997492626,32.83556650075752,91.53344406521649,68.41593636501916,92.49320141003813,73.7496650641289,89.39754727672344,48.26354461407528,45.69314173925926
2023-11-22,72.53252488988284,81.77177225962966,78.73079036884239,30.309616778667195,91.92206714381877,68.16027641760584,92.27681427039062,73.4281953395901,89.64301778029723,47.95841327784065,45.798537058999344
2023-11-24,74.93555034595,83.91081237329921,82.35946113461003,26.93415641043776,95.46532530700843,75.10795975480029,93.18277689128364,74.58942988706502,90.67721619830466,45.00501737030511,49.1496399504324
2023-11-27,75.62199347304417,84.44521544842549,82.89582419876815,27.0191257583897,94.85737408869414,73.49400507904924,93.40936682880421,75.41462823166867,90.83418664446438,43.940529873850274,49.671814234328394
2023-11-28,75.41630429457892,84.5204670826926,82.49663042588604,26.840348769884596,93.68641659096365,73.3111243685969,92.40323980964355,74.90836692312914,90.88999785825442,44.23244158825986,49.70853278826822
2023-11-29,75.56544189791308,85.09395660385361,82.90056555536242,26.991546736547853,93.70400489987355,73.05321864996455,91.66534932706217,75.07774334166436,88.04010993319692,43.288505453130476,49.965521052300616
2023-11-30,75.94766798156556,83.41742622419116,82.37444350856524,27.498414480289224,94.20368265412456,72.8400482693573,91.78509341291287,74.74561676972827,87.73913683277416,42.951415384798466,48.51191806404214
2023-12-01,75.78455113093324,82.90417293287786,83.19912205072654,27.729038625696944,94.41327522583065,72.58577948793838,91.26272702587285,73.75713865661102,87.9627300490468,42.438606837995955,48.10020862285041
2023-12-04,77.24423791588421,82.86503629567908,82.74274542079635,27.714291868286494,94.32088409765475,74.61513078544684,89.83893200482922,74.28902455656906,87.2835429541792,41.87043929798247,47.424962878276595
2023-12-05,77.12882074404502,82.5128150159472,83.29347644586294,27.75185716178839,93.4045540122778,74.46095253073963,88.88764980295095,74.89164128694125,87.54934636535069,39.957234183970535,47.40020087236206
2023-12-06,76.62842398170955,81.90662498191386,83.37156679614046,26.606236311923595,91.88184197797243,75.37428721234194,90.76651073372736,73.1868946746085,87.63185516203013,41.10700132604726,48.55268028091274
2023-12-07,74.57914586380481,82.89065773821521,84.17338549001357,25.59437987588262,89.59709610773464,77.52279361374725,91.82377315704068,72.32888477881468,87.98068665396146,41.56422748662525,49.482533560458556
2023-12-08,71.79247663167737,83.87048854937845,84.14908634019652,25.21344255458406,90.70040080673003,77.82094829038321,93.0143569710614,72.27728773135414,89.33345004600906,41.75553841622488,49.51278838748954
2023-12-11,71.08080100907135,84.35698973903453,85.1656708407782,27.166070651027127,90.87179266637021,77.98685193368306,93.48340378279717,70.38093334684547,89.02000727347138,41.97178932874611,49.57030985483985
2023-12-12,71.34292427569756,83.8514607411872,85.18552002430108,27.50172639855036,90.8965750908334,77.97784387210262,93.71136780629573,70.27434551315261,87.8243743647644,41.880632305596464,49.53175383623719
2023-12-13,67.1267069843086,80.61507890130477,85.20124584438503,24.53531545784538,93.08062272535332,83.67644684108107,94.32515974773499,62.383199065010835,93.85871712791874,46.387504794165245,56.53307160695829
2023-12-14,68.78719899262849,81.18843093508184,81.4432049042057,24.548302464799878,92.89440815708133,81.50341780871352,94.66097981788305,64.95080446007204,93.2951982590216,46.261807418380684,53.14701600563958
2023-12-15,70.98541703250778,85.71445768913073,77.76246503709133,26.439361286909403,97.47925105546877,79.05689377871394,97.57541717690683,66.09089564013078,93.51805458501755,44.44640058598603,46.12824459379752
2023-12-18,69.11937749794487,86.99454082295333,75.11869419426856,26.66848091549747,97.86662067029201,79.10197551225069,96.99320036586498,66.62373055117779,94.00733775655432,44.60794742580383,45.86007006775831
2023-12-19,66.60807575465117,89.27427366405637,72.77965191775003,26.567866002579404,97.99228720536901,80.54074436534316,100.76404720274401,66.68776051486937,94.86276133472305,45.5226079440183,45.82194426427513
2023-12-20,69.34995882204223,88.33421411390425,73.35972144449218,27.263586953401408,103.54037963393883,81.66009136196638,100.57604294516636,63.026930603196845,90.49695941474968,45.22265408721632,45.62941879193387
2023-12-21,70.06102967951985,88.3073172427338,71.60255492860036,29.47140072746964,101.55679480098429,79.79908469646494,99.9216776154754,64.63516966084423,92.75443960758379,46.266700208987324,44.66590276440989
2023-12-22,69.94421564687352,88.22867503496612,70.75901442868098,30.9587459463343,101.10666079279454,79.73315965157491,100.35673712114888,65.13983593947312,94.71240609852393,45.961631126218506,44.57502371522534
2023-12-26,70.37167739099642,88.47083616568031,68.44696136446449,33.547798260620894,101.42856414627308,80.37828539283333,97.73040517706963,67.07863818054687,97.34624162005356,45.536379131728445,44.5582679615252
2023-12-27,72.33756239724643,90.91119960105196,67.43848893205954,35.19683520718799,99.46322219627572,79.76554284855783,96.59297734163555,69.1130757348638,98.62203459073244,45.64711202979506,45.22634337764459
2023-12-28,73.71678753563206,91.66321994151473,68.02336595686288,34.886070452542796,98.05257062450339,80.22526392720627,97.27936665695157,69.29244545606778,98.96983511099259,45.91035073705431,45.573333658142545
2023-12-29,75.00412004635008,89.4880622312828,69.70119328645134,35.37094776155194,96.75535780369718,81.65755419292657,97.93732834706832,70.87073266422615,100.53885676991425,45.90191788444358,45.733432569745894
2024-01-02,74.21968232916497,87.85065418814516,70.3668372033568,33.44059409556176,96.43268261235261,81.08279992998423,99.45349229573903,73.25969318215009,94.60553612960254,47.87160892953516,46.9878604930208
2024-01-03,74.16079972830752,88.0700358264629,69.28274635629192,32.98932141270927,96.55057724492926,81.15135166318224,98.85896375412456,72.78075773918955,94.88116551078241,47.78882435332356,47.11128067533838
2024-01-04,72.23428833863007,88.23941430103736,69.53188498617881,31.678502278918597,96.65997452563634,81.26129043727272,99.290905249838,72.35449543773566,94.2209480418603,47.86114500348658,47.12788683266961
2024-01-05,72.95887698434572,88.3319499175306,67.95330790368845,31.324802847024205,96.64347590731388,81.44249540021286,99.28758621824073,72.76960902010077,94.69214917834793,47.4664657532516,47.21799265100244
2024-01-08,72.69282488897117,88.49725616014021,68.32612078876792,31.211726933082566,96.67074937234348,81.78415871978284,98.81517864152663,73.20084792869044,94.6069595896649,48.61841933722084,46.443359153653354
2024-01-09,74.30273696939733,90.50615958063932,67.71177632967417,28.910251013002895,98.50419116488203,76.83407000808894,98.37828149728844,70.1497413880662,95.6816219827889,49.28295441005464,49.66334764958933
2024-01-10,73.8095111997358,90.27102859932991,67.28746290763581,29.04961703275643,98.50414689137708,76.59720127869836,98.56165065759058,70.30339056033144,94.2288678992757,48.96637060118623,49.629615971604665
2024-01-11,74.99103612183107,90.15664877267594,66.93565631768585,27.35296223226205,98.57905446664219,75.48871977470985,98.88734491769544,71.40535690936859,93.5681106785889,48.24237564360415,49.51478541266041
2024-01-12,74.2132152665099,89.48156769834041,67.98841302728479,28.446151283519953,95.37732644841303,76.72377475940458,98.86954686876163,71.30941221266704,93.12745315335701,49.21170314995361,49.12269000111259
2024-01-16,75.18866294269382,89.2979978981851,67.49364799808122,26.729680956348247,94.669945626236,77.13344170802517,98.79093424569135,71.26140888884072,93.04574161995836,49.60088467827112,50.01539759789984
2024-01-17,76.41538765092527,88.78153506541418,67.47320596514503,26.561041087099344,94.72770312533288,78.04945110431194,98.92796675924102,71.24155577884333,93.20332722049095,46.74574464121643,47.45064484571269
2024-01-18,75.37598382330765,87.46699423271265,67.05719318252392,26.06450208501904,95.45308236423412,77.81892755362358,98.87630731319514,71.22879739067692,92.22924587420621,48.216462610699345,48.553242278025024
2024-01-19,75.62091139378808,87.5957651925803,67.34913715300404,24.812706638612543,93.06340307611339,78.0895122552585,98.25508387530802,70.94306266931783,92.56709279167765,48.09486065996731,48.15864163191383
2024-01-22,75.68010794473608,87.19310407238736,67.25674165780106,25.9093741932768,92.28132529011837,78.49715114380896,97.0523385296124,70.79959992105574,92.69317051428509,47.495665771147245,48.32393252479429
2024-01-23,77.74564308184786,85.56444953945115,68.6060107879558,26.172016593145546,95.0550917659871,78.54774397919154,97.52058905620078,71.43892601900282,92.9185193429292,44.74173404252277,48.60763754095925
2024-01-24,74.56285517029654,85.25233852673182,69.85473579214226,25.3617667769103,88.9076928855099,80.3179176118866,98.97582783656512,71.1436319274582,93.37413033844618,48.45344485715998,49.79407295016336
2024-01-25,74.0254143964442,85.25976760939132,69.85325886198765,25.08030404002314,89.06376909613384,80.267886291738,98.96633049004777,70.90418877831127,93.17900656999076,47.81496216655635,49.70468955006373
2024-01-26,73.45113963500282,86.94834255691462,70.78253093108172,23.248804855069146,90.84889442164831,81.55003577365285,98.8990821283104,69.07413789476573,94.1299674438223,49.248612747813006,51.07514946062577
2024-01-29,73.73425649387464,87.05702572988584,70.43138941943822,22.777418755409112,91.1421894155221,80.47049288194353,99.26566864279728,68.91266178251485,94.23362716234276,49.225993591924734,51.0917346031741
2024-01-30,73.76132106342563,84.1161849366809,70.0268828636602,22.312773934297503,90.81032117254487,80.14052881470383,99.5176817508684,68.86624026081473,94.32292497011653,49.26408626043989,51.376342454455035
2024-01-31,71.31278143107996,81.27331474117526,72.1068474872494,23.516626627506977,92.94376570661498,78.58308178308646,99.1007528801814,68.9682605129826,96.17790916086034,49.41242699766372,52.44925657182228
2024-02-01,67.65337946790503,81.82113658589203,71.26931032899206,23.729199609438883,94.29719026142878,78.67353847946447,99.5580492655888,66.99423441499066,96.69566590528568,50.11035624828221,53.17080995222561
2024-02-02,66.29866231498144,81.69317988927207,70.94089048625415,23.856808659621343,94.43407435056476,78.84539104826659,99.32514106448255,66.83241852769666,96.91942116213173,50.18241576270444,53.18652651089578
2024-02-05,65.19306656837755,80.86355823639686,71.75914411534097,23.951398367791928,94.6152872121798,78.8579998285579,98.76930627968609,66.60732727818493,96.91247018176814,50.11739182269839,53.37131536930179
2024-02-06,64.42294533692231,80.74964939036076,72.81479625816989,24.03274419468304,95.73120166942375,78.51451976811299,98.52616021978547,66.22196214375029,96.87736679308033,48.79876562195638,54.02230664387848
2024-02-07,63.87994620021482,80.9470569212112,73.43909707002625,24.23002244323495,94.6538589691626,78.74704742804997,98.72827255678864,66.08661205608364,96.21376211752015,48.54304810374289,54.35429314667084
2024-02-08,64.8686367098007,80.19524554738759,73.57270725183054,24.378441278883127,92.43199582078998,79.05541235808438,99.51642049103894,65.10862815980524,97.1444620428129,48.65725008155394,54.43379301961656
2024-02-09,65.76659463743911,80.275245545847,72.6320135775089,22.996336525567557,92.45537776792823,79.81043156244431,99.53885131333125,64.80976732602053,97.37451995667035,48.128935446465995,54.7684560451027
2024-02-12,65.99086532934902,79.70441733918561,72.00760313722871,22.370122057919808,92.36608563885983,80.02243192501817,98.11569440747368,65.15297618525607,97.70534718281992,48.269519670930755,55.21446627464588
2024-02-13,65.27537202041599,74.76866240935689,76.65362880337497,21.96218862103132,94.67692646440923,81.50606858118097,92.2670497238469,65.78991521794289,98.56584843720502,47.454921027775995,58.156897550998906
2024-02-14,67.23211704508499,77.0845560307865,74.27292012413777,21.904212997826452,93.71626845719601,80.00351120901418,94.47662715003942,66.94994992052176,99.71490331761046,49.10350734220023,57.038036318701025
2024-02-15,68.46473223554234,76.75354626127108,67.7308231478738,23.50339968227881,94.60325210795162,80.41087601155441,93.5783099919371,65.00728382182055,100.01504475008362,50.070343102272,56.80730778779245
2024-02-16,67.52181928706347,78.64691380772035,69.77826094306755,22.46267341120334,93.10401412816819,78.40161475720558,96.19707496261316,65.81972269792792,99.06392661220461,50.494952089589034,56.31549180777074
2024-02-20,67.79188563544655,79.2280374120958,68.2826508137822,22.983948470106398,94.17535925756361,77.80993876238034,95.98232884244239,63.010542050565014,99.04774965865246,50.44284951013326,56.320125664577056
2024-02-21,67.26035257747031,79.17751296708012,68.00532291716245,23.076840271393273,94.40058151248863,77.68292822401571,96.22793140693842,62.910786459428586,99.12256838435977,50.03355313144503,56.311700951907355
2024-02-22,67.06854308635727,79.47073933080128,68.18215539954834,23.32617238266081,94.61639869589906,77.78651360462241,95.77838445490742,62.922913187055094,99.38017642299275,47.2240165266347,55.91461280116734
2024-02-23,67.27757270665295,81.40540806918787,64.27386316312281,23.713206872119216,95.42903047372141,76.42869031560252,98.4980637809745,60.68674725720252,100.55914219705942,51.57258534320427,56.863977409500556
2024-02-26,66.35616228944995,81.88848768018991,64.22975062207804,23.934133810709003,94.78395278091405,77.19825217062704,98.66784064856192,60.07817295361095,99.9104189279302,51.24887850960102,56.08652807416381
2024-02-27,65.43912989608457,84.92037207379975,64.15666085654117,22.611128760542407,93.35741277415974,76.82097309364413,101.71731996275194,61.16212707157645,103.47547452386209,49.947920587719885,51.67441348757878
2024-02-28,64.61138890469353,85.21449697686232,63.939278263411936,22.755003520085275,93.75022106115432,76.56968106820041,102.37649193566845,60.296880768305414,102.29780048547275,47.86612382634467,51.316361277445004
2024-02-29,64.93524469995921,85.4924632837135,64.53869341762464,22.58985651158839,92.92454404641872,76.11194478256421,102.69999356495718,60.6658479224085,101.54414372743199,47.45637096542293,51.907597181449994
2024-03-01,64.82374579329948,85.91215437521188,64.70272138481093,22.83805100942883,92.91666834466952,74.73766876624896,103.26404461787473,59.119305189070296,102.07048887097682,44.981860743388836,51.97469189014597
2024-03-04,64.72453789940568,86.1371476936105,64.17874749958537,22.879212634985713,92.84024403737591,73.42018350406448,103.08830349996495,59.15747893780592,102.26539294031367,44.81802212042045,50.93310877399516
2024-03-05,63.17395260384788,85.46757341578501,63.14702684343147,22.79380082264547,90.75075679678757,72.91498045165014,102.21523259246206,59.30432556702497,101.88039061936445,47.33086976250286,54.24200242780152
2024-03-06,64.13234636067726,86.00938302771793,63.78464390316284,23.27366702097461,89.4459309473063,72.40370040948423,102.03212515209616,57.42345838323868,102.38714331741429,47.453551283917136,53.49265463515474
2024-03-07,62.442868786365906,86.397872614039,65.2300599176817,23.64844190405658,87.07602868636283,73.21366193236011,102.53372653771568,55.09081431961947,103.49203676694191,47.42260773156777,54.70115587401044
2024-03-08,62.27157956558579,86.68328197038093,65.15123626856413,22.735784934013452,86.66160928093714,72.6705611910298,100.02647524525288,54.272623608404864,103.98175358320691,47.25107737844329,54.4900465025565
2024-03-11,61.93722764133383,82.92853102762315,65.63575160598789,23.34808468660392,87.07911980419158,73.25388787723992,99.74017957978802,54.21734598187201,102.65304105077882,47.745938851329434,54.930430725504706
2024-03-12,61.84361206594524,83.19019676723282,65.90618301009889,23.582868128280243,87.51730095380105,73.04923041997922,99.07977354067904,53.045737600251066,101.58794750667879,47.94651143645732,54.98471441242634
2024-03-13,61.88351858866634,82.95647983184384,66.56647887927835,24.802150519770805,88.35984184358848,70.33702102515873,99.10524652002843,51.42259882872073,102.3170943177464,48.0687554215085,55.11850296765228
2024-03-14,61.28671233325456,81.42418671394398,65.86127827909003,23.21178581411467,87.2159012326847,72.56933918859467,98.71625422817645,52.334599981404715,102.10404245231581,49.77895055023723,55.722290721212154
2024-03-15,61.0058596281925,81.48303900572962,65.58848591102515,23.68405083571871,85.76426986873238,71.90117157617695,98.48760305978813,52.57992036722023,102.3509402958744,49.63950593535987,55.677268419646026
2024-03-18,61.33128255814731,81.52758487297547,63.80125815885644,24.950745405217166,84.61407655805638,74.66000149731482,98.83175061782254,53.23328860588647,101.48749256645308,51.02978630333766,55.15713692721189
2024-03-19,62.244279467676414,81.24145793784145,63.01913538414163,26.26694414788677,85.55386249211197,73.96768786079352,98.98538200059002,50.864507088567855,102.67373473156754,52.14773306432425,55.28776780908873
2024-03-20,63.97063033127353,82.2863600648489,59.486891748604585,24.194368916370554,84.53768776925689,70.62744077354463,100.47082256861486,52.915713745680016,101.61383695233981,53.00932303225731,55.0361324905694
2024-03-21,63.708852635543934,84.05960785669131,62.09277690262543,29.32411031373645,79.93866104062823,75.75929124976359,94.88331619934057,52.27245008960996,100.18431658128453,51.09801353651398,57.05474739298007
2024-03-22,64.28106474144603,86.27499461077876,61.349932931130354,29.797637569786115,73.89155345917234,76.70134700936352,94.4977141957227,52.56538047034196,101.39185139636764,50.10472876509355,57.40390475105166
2024-03-25,65.64610153804558,88.34630311360675,60.03318073854306,30.326554869559697,73.13673820450758,77.31150985144784,92.60022339260591,51.93948177631889,102.64937550677789,49.7307174540783,58.72272632403553
2024-03-26,65.96717884567725,88.83049197540421,59.21577092291529,30.293463792865808,73.55864855873362,77.47924549084004,92.40859647360486,51.990143319554804,102.13891347217367,49.34632593554919,57.54887810231499
2024-03-27,65.91004971012873,88.22447210287547,58.07772277406072,30.154332742640797,73.71538695978644,76.8717365099811,92.71054229872409,51.79749713627322,102.08119006090828,49.815664089152264,57.18817642668347
2024-03-28,69.59195754855659,93.48258549337619,62.81404808811571,31.562136265117473,70.40731691760226,81.65571250832262,93.22007385630062,56.58710679132726,96.20794988926164,51.58226790865973,51.14826256989985
2024-04-01,68.99073549865273,92.14569574563335,62.80390729004653,31.45836025004676,71.26717561461776,80.24304686052757,92.95869933110136,54.280008839023196,96.38188825894966,52.29975281371233,51.459406696651705
2024-04-02,68.39740018253706,92.39227458380813,61.40910518917262,29.95924438932939,73.09917697979621,77.42649400883873,93.96151039822954,55.959864348921414,97.92135859775388,52.74470853629944,52.08344099624023
2024-04-03,68.86709460590876,92.13282132956682,59.18048720814702,29.120300464248757,72.89879410910606,77.4773070981938,94.11284131667318,56.23028500176764,98.06905417352364,52.114950421610075,52.00898575176822
2024-04-04,72.31608396653156,91.84834797609969,62.971131150379755,17.439732483037652,77.67318684896878,83.02718986037607,97.10389736410784,61.73369607300668,96.61855217336374,52.927607125126954,50.33592452181185
2024-04-05,71.6904280785162,91.37072326916218,63.26726997543291,18.612129013357723,76.81751778541599,80.41751395673838,96.38462796002753,61.38795918641476,96.23047454799138,53.447197130750446,50.18088457019975
2024-04-08,72.12880008044365,93.7305040398518,65.96374033896001,18.96445457291193,77.2710458505195,80.25376107028664,95.8901505171996,61.000111087168875,97.42155454527548,56.07224390198834,49.684277752664016
2024-04-09,72.5703483563272,91.91760773717984,65.20328419081493,18.613122932406448,77.62655995188133,77.8225284611042,95.4105319294106,62.193907107899406,97.51854915556675,55.74358553581469,46.618678594012785
2024-04-10,72.20498829782262,93.28711930899249,65.3255620182497,18.97016724342195,76.12995566656171,78.54536325598463,93.97929104376196,62.334688669872314,96.61868094165986,53.430172085139816,47.52114935557127
2024-04-11,70.54973862708016,92.13771123723745,66.47369966090704,19.23292988293133,78.59372813376086,78.62445556457514,95.54000017802448,61.95783273544882,94.75384024773277,55.18466442901814,47.88946306206991
2024-04-12,70.35867975614141,91.70113966258322,67.25944798104747,21.020701519661646,79.977159621385,79.28698014536153,95.82503027151013,62.46853998555403,94.09018707578802,52.61076881655133,48.38635023226637
2024-04-15,71.000265381416,90.88820571325267,66.56867330032198,23.32211840740732,81.7939753505934,79.93706752676414,96.44668545598114,62.85451765459196,97.05335404654792,52.75504922130834,49.45507301135713
2024-04-16,71.9419628182062,90.59269447467467,67.66096658159536,22.691461174469786,79.20027289899663,79.90329242430244,95.36366252621096,63.541979806543345,96.27750497189366,51.53370065285959,48.64632845106019
2024-04-17,71.73438066447511,90.51429264421053,66.30709480171873,23.4394454737839,79.67091777836082,80.2563711873111,95.85414766087145,63.982260131880594,95.85954670803602,49.58986439407791,49.64628489600145
2024-04-18,71.722764937541,89.92230594360339,66.59054326937557,23.458911230024498,79.89705627011242,80.52931037827213,94.40572056158476,63.15725622289694,95.66855093849499,49.966311192178395,49.39385094201912
2024-04-19,72.04378434584044,91.24111415517773,65.84518805349649,23.120695118699828,80.39748835773453,77.76611808552398,95.5554643692141,63.33154118356301,96.15549065975449,47.57658140351848,49.614752135401034
2024-04-22,72.8858034182694,91.30425892634413,67.44074481810098,24.218624631802072,80.8587626596111,76.36422681464866,95.58084063631827,64.72929406001529,96.29032559631946,45.71604234738234,50.00996331589456
2024-04-23,72.3794315079839,91.21959175923158,67.24061740464283,23.263169054200304,80.63893257083355,76.1263605426712,95.99569761681344,64.67355767417777,95.56367367395684,47.20914211364632,49.88025149962357
2024-04-24,73.15497971984749,92.08171865000259,64.8111700680583,23.272366241290722,78.57270588357426,74.73568428743856,95.64423844102878,65.00725243831995,94.70811179425532,47.63819053539581,50.03842085022928
2024-04-25,75.28005476031672,93.85650427348537,68.91744806780332,21.055240847639475,75.28235786077637,74.1499210415944,98.63857393726505,65.07086463555969,94.44522284578784,46.36407367149968,51.316971666715986
2024-04-26,74.14558555195508,91.96289049559502,68.94769369479629,21.613208264225097,76.50074363187943,74.82013818524973,98.39231374301622,64.4454153513406,93.89763094098953,47.56512352097826,51.69284486979819
2024-04-29,72.34512461042026,90.4893704383413,69.64358275514726,22.101651857166434,76.45153000084721,75.2962010882942,99.8699602160496,64.7379989280127,94.31900209889473,48.341920440599,52.65922526975069
2024-04-30,74.31774734119985,92.18663519684758,66.26390171595813,22.72262765918144,76.47570443955028,72.49095765753984,99.3411683336255,64.88911018281965,93.05392393577539,48.53382903460103,51.66489783022616
2024-05-01,75.82637848368681,94.7653615145348,63.832061563672085,25.5637503320811,74.72663031451333,72.06395861235939,100.22335810082647,67.12056192845108,93.40607173291286,49.605187903779665,52.931562965010116
2024-05-02,75.25844956277216,94.13651142543384,63.10916788041397,25.53127568959092,74.55241270391322,71.571821543637,99.92500536149701,66.82828865017606,93.18268225856002,49.48605789906057,52.496241531709316
2024-05-03,75.38337936874913,93.85773111542026,62.39611728238725,25.833597708405264,74.33336078217727,71.61332643925235,100.022934976178,66.21483452368933,93.09213292938819,48.82149982938062,52.84501327280482
2024-05-06,74.3238508933815,94.31665845898878,60.3864458679765,25.832815834012937,74.2981951184569,72.43230861998669,100.66830946837419,67.73522884343821,93.82127810199286,47.89478705242991,53.83469261993028
2024-05-07,74.53936834594569,95.56712463539343,58.72983251747268,26.270608196299865,75.58258082679167,73.22863379369684,102.70120305018261,68.97380278603497,90.54995773463685,48.0666651612747,55.12365625017168
2024-05-08,72.54523261455013,95.61664979744883,58.8824174511028,27.72400910876174,75.97898058303174,73.32149821312728,103.24103259440697,69.71599490667556,89.8693906748347,47.772070344770285,54.27833785035223
2024-05-09,72.34639666265187,95.77589870322515,58.99432928806804,27.737181815512216,76.2001000970933,73.52015536223834,103.40148738771148,67.04065086442027,90.09449310705304,47.896270706007954,53.74358387604824
2024-05-10,73.60071005076003,95.38619399436084,57.86069821696845,28.586556944549052,77.14428782452215,74.96321126931713,103.29569507430715,69.6592217603904,90.73546652858656,48.89453306694327,52.38095624167185
2024-05-13,73.46664155761418,95.06262998974437,56.821825765270276,28.65698505719389,77.35503509304813,75.00424159254558,103.24158862806438,69.17173330993693,90.75271472439763,48.8849527970837,52.49104585711498
2024-05-14,75.2132222804019,94.8787950893896,54.198098195730715,30.261684440116607,77.85594271004437,75.02290997637,103.35726173042373,69.72635079846015,92.01067188995138,48.94509077360915,53.81986950347434
2024-05-15,74.78613381570206,95.50728826307504,53.94935573923624,29.805631172698575,77.09842516481011,74.75402522339607,98.8826008115901,69.43565304370688,92.15133102077756,48.46441078784638,53.101909773196084
2024-05-16,77.09787535511167,95.92056796366037,51.31149242558487,28.665926059357194,79.76572069710832,74.63911379440613,102.1976384889077,68.63034748808069,90.06936239073546,50.93671126854535,54.55954610689807
2024-05-17,78.381883467579,96.53364281742316,51.29860851002094,28.954529118603375,80.43003457156235,75.03545545517775,101.9058251389865,67.91190710618707,89.79369220947258,52.09782228861371,55.30109910733486
2024-05-20,78.96350958656735,96.63359883294245,50.73627460003827,29.310110574173496,77.69593423532218,75.13532532635905,102.44475049606463,66.955537909919,90.23233979838324,52.57715068045503,55.01037436940877
2024-05-21,81.47358207727176,92.89021888226199,51.00410752918532,30.627205130113072,76.46099731011597,76.41953235972936,103.64297265676767,66.45946904329728,91.44438323288871,54.28695128687119,56.39050702708142
2024-05-22,78.41123360190197,93.6608810046641,51.0395794355145,30.46837773856703,76.3832961919264,76.77955225127594,102.82642538193107,66.01188322802508,90.52680970317174,54.19497445403082,56.39175139844369
2024-05-23,77.03736600809833,95.0147079965929,51.086584842742454,31.632479925791788,77.97489290034821,76.07360989903641,103.14749939415897,66.33017795756365,89.66649100050397,55.84653636660006,56.15576102414656
2024-05-24,75.61644520988258,93.68095906163045,53.73063726093155,32.02517849838054,78.72017328809845,77.64483083874602,101.2734131370793,64.19038915653368,92.33708957617202,57.66849000606656,55.00598626169691
2024-05-28,74.92108905239306,92.99938087375094,53.471956417762,32.06449185938964,78.69251351951735,75.8938672374942,100.47402274286591,64.33656456791849,92.55086666567755,58.056429628497504,53.82558105136351
2024-05-29,76.26379733588779,92.60337021210015,53.50822945273589,30.121998548982894,78.67855947683476,74.98597296670196,99.1752896621069,65.15795578280283,91.90566329310282,58.43879891137827,54.68922955517946
2024-05-30,76.4915267416377,93.75118021301805,53.91567379689834,30.13823437024195,79.25011355603178,73.34558921020096,99.54781784246737,63.325027171032914,90.98617278890316,59.09833823849261,54.769217935763024
2024-05-31,76.43437547904266,89.84480860429949,56.19672435396373,29.392917759733876,79.78639058616406,75.27875960242832,99.25860582267161,68.40970963617792,94.15289308421255,59.53552106257741,56.34722907103081
2024-06-03,75.61442274054968,89.03410622972333,57.29872361077501,30.16640802046657,80.43001595742159,75.73180020257064,97.74926986046874,69.40406914895959,94.78054066508552,58.65717231573257,56.225515197631545
2024-06-04,76.80560958039536,90.11263513976695,55.562121491595946,29.55772601772026,80.10294256955544,74.60864122774652,96.67092707392582,69.82831470139618,95.11684609648631,58.80434090298149,56.168724724585715
2024-06-05,76.97058248162924,90.368748349016,54.94032231167176,29.18085054023458,80.32833748726453,74.31170658214502,95.7631852081841,69.6013930474893,94.8643544529979,58.359189691146625,54.90998148444079
2024-06-06,77.7422181623141,90.36557155210527,54.221304316141655,30.661158145415765,80.90188021607416,73.13442412951926,93.87929497654666,69.37474763433148,94.40502802647556,58.740489596695426,54.84196850095161
2024-06-07,77.80922546840362,89.39873745273361,54.45455046739615,30.79210668816599,81.00259474943502,73.32140080862929,94.08471840915048,68.84553680686699,94.20855731408673,58.419067164434026,54.72815734550062
2024-06-10,78.18251128531988,90.23670430771656,54.02954935379044,30.743487903275838,81.28203485785173,72.7619064730496,94.04989120480437,69.62564083041117,93.25299730926616,57.03748050068104,53.78252852948342
2024-06-11,77.3240508653464,89.82726804564759,54.7330321149692,30.61762356447531,81.33856517311423,73.1790959011935,93.80548309127062,68.48020762834875,92.14201513575446,56.50343370289197,54.23479509281282
2024-06-12,77.59719079807728,87.0325194376152,56.23793748189824,31.062853433102937,82.18989100376825,71.34595315407273,92.3677631160733,71.23360972308157,92.8005181125568,57.079354579375746,54.80963738200215
2024-06-13,77.4385021945412,88.18051118157791,56.214005341503785,30.74708554747258,82.55592171735726,71.35253485155198,89.43084341885118,71.25222769647478,92.73031804811939,57.544436575811396,54.44950087600186
2024-06-14,78.96710162271428,87.07117811928647,57.07206635666162,31.54786486612345,83.47998925872635,71.46236425778503,86.09497334563724,72.00239434015991,91.60042749370534,58.09664282216513,54.95494027697643
2024-06-17,79.8112314284444,88.70481397202255,58.196057548713945,29.4546455322714,84.23764021989145,68.68404726120815,88.61946218648991,72.02015180766311,93.29998648495307,57.03698510024519,50.777562207714894
2024-06-18,78.48601222012351,87.14777652076512,58.044921278063015,30.753268928357524,83.38287876144683,71.71696995947894,87.19034294594304,72.38111523503885,90.7048769880614,59.333881345694266,53.926430917423964
2024-06-20,78.16100523067819,85.91500455565019,57.89560355802064,30.30864707838642,83.6949814068841,71.72806504662518,86.69809585925617,70.74768023377891,90.65969427977595,57.24079213230201,53.50876904269401
2024-06-21,79.55493672426795,87.3219076631298,57.78073246651461,29.71728924536597,83.56264356469055,72.29576405896958,85.40557832019451,69.52239703380286,91.3953033005899,58.88745077228274,54.28714256707913
2024-06-24,77.20288998211602,86.53841935386359,58.47356938647121,30.32236704175012,84.07437903138965,70.80195641538916,86.67352351037593,70.01629354240816,90.2046702130111,59.58935727317148,55.033640382027116
2024-06-25,77.6392605053321,86.72580521549486,58.27442009162131,29.470509510678003,83.57571498013516,71.4376908184986,85.97433946236235,68.87611817744437,89.8059268652891,58.63543838319713,54.71689499471056
2024-06-26,77.97597789776655,82.55048466849978,57.947269886563454,29.69937623844913,83.73921465473781,71.09333584722654,85.43349723054813,68.95042089681012,90.36271375654218,59.025643514269916,54.04389402510719
2024-06-27,80.05651325099915,80.52301383470346,55.57589917553903,30.99466577318725,84.1320958993534,70.4840831623784,87.64770774938775,69.59069301464665,91.77639356200017,57.933903645765795,57.05726903649709
2024-06-28,80.48184946449557,81.38795892346478,55.8481136273133,27.71333577019021,84.18531092340132,72.97352971822285,88.25438123153064,70.35823506812554,90.1790255208821,58.191048215968074,57.20075647972029
2024-07-01,80.24775775318373,78.55111467667912,56.64265134266337,26.379876850169083,83.51036213062322,74.75310195366258,89.53229229573326,72.30763843175355,90.48258136760067,57.45302409966227,58.47459577117036
2024-07-02,80.23224308528509,78.68987213337009,56.25610513135163,26.452214481553447,82.45164756495576,74.2881825974456,89.65692214210593,71.31467979175662,89.62052364851542,58.46976054126326,57.561113026659115
2024-07-03,79.30084136996513,78.84358868535108,56.87782840259113,26.977506071333888,82.52378682442959,70.59305084532369,90.129699078746,69.5262141448348,89.96489939357242,59.721174559746395,58.61090457135913
2024-07-05,76.56517237935401,78.89175188249531,56.00448337585766,27.12809518929366,82.57728745860179,70.05794472843388,90.49618379144552,69.63850386304053,90.18947278844036,59.05530052730145,58.37702887900743
2024-07-08,74.01426797381396,80.10301142111912,55.53164183167179,26.630560756868263,81.65621431526633,69.48906358790816,89.37906610167663,70.40260739888994,91.0214821891069,60.101164968338196,59.83209025810505
2024-07-09,71.71020933728974,80.10747120382766,54.706818012502325,26.791386215628336,81.83324322490796,69.88530427681378,88.48801174510993,70.40511138043405,90.99405862362578,60.16027387008499,59.5429861647596
2024-07-10,72.25584791106986,79.99488874246185,54.49719618079916,26.844478367298176,81.29144690387992,68.94711441520514,88.68310872271248,70.36671810646756,91.22796200854756,60.289501699210135,59.48526717958777
2024-07-11,72.81469818790725,81.0178920473345,50.89971673620485,26.60349573757783,81.08356616403923,69.63101200682027,89.4256049885498,71.50138386400839,89.98619287057323,60.475700063943414,60.00069775375477
2024-07-12,72.80401130598472,77.86577848351338,51.35384007113047,26.53320434162481,81.29655014976738,69.64724202935045,89.01104692340195,70.15189431075548,90.42671619756935,60.26737212748658,60.0998282131061
2024-07-15,72.87001443417526,78.32549357347297,51.18998230658979,26.529287609505744,81.31815344398085,69.53077066161524,89.01442127919854,70.52887627513766,89.46211305361196,59.413071993044134,60.15292194315836
2024-07-16,73.30295490660359,78.50460730291518,51.162255078940724,26.77782034884005,81.49123558322349,69.7856848007384,86.23286168684938,70.90972378674275,87.33022025442502,59.91500948990991,57.83557920197815
2024-07-17,72.25416351893669,79.06647798442957,51.74999963614045,26.38611212047373,82.02096223845139,68.99143606452023,87.2594217715584,71.3897586242122,85.45856644743837,60.04726412471412,57.25629532685709
2024-07-18,68.89189309130175,80.59794088137059,52.61993484031176,26.094580991691398,84.00873468854552,73.34973434032344,87.99315147212167,73.40037084329984,82.9903377809331,61.2357972898971,55.1869518995076
2024-07-19,69.81204805282269,80.03700460037822,53.24801461565864,25.502345003545035,82.14392492274574,72.24154883657344,87.8091807401048,72.10255626706214,83.30941356526446,61.73305752054674,56.51879684252792
2024-07-22,70.19447316703202,80.02121769806278,53.49910828219887,25.731440690428187,82.01693611047959,72.7022320906412,85.94037133095671,70.71529920899935,83.82912633621434,61.23753037803778,57.711395417810664
2024-07-23,70.20661731978272,80.00300500049914,53.62712580783175,25.69272479714926,82.31082215555813,73.21995418325749,85.12887372679542,70.63586593301092,83.7241177325937,60.68435236344188,58.31606592222666
2024-07-24,69.65922128358244,81.71875372169477,52.158344893263504,26.368589380603566,81.14745918577877,73.27210087300514,87.95904822568441,72.80811012422397,86.00510700047849,63.27511335344078,54.876689635451925
2024-07-25,68.81771544859077,82.45332919771252,52.241828768320964,27.419732654919294,80.94491856176147,74.97081496487533,90.51861159958366,77.96108846601652,87.53085889567998,64.94853889966731,55.86973091840638
2024-07-26,69.11116112424163,82.64212688210975,52.26448282640697,27.736621562444455,80.65589687705675,73.78206752816106,89.82996921302886,76.45137129769773,86.34542344220297,64.42790894985762,55.401158682836716
2024-07-29,69.19155869220963,82.74750510474837,52.421164174731906,27.79794056954577,80.65057256727154,73.81677490143512,89.51637659122981,76.42705116936251,86.3272480024408,64.26571654389099,55.090391875502114
2024-07-30,69.08192807558157,83.70436410785227,53.099664373050985,28.715662513722304,80.18087471214913,74.32982999196204,89.53888568367302,75.77704749282928,84.96632492417592,62.83171878610874,53.104023464493494
2024-07-31,69.03304468679636,83.49762619160992,52.74640652517617,28.33517212131606,80.01210755199327,74.19397026647329,89.54578564771217,74.57302406744283,84.83046647547839,62.986680138042615,53.603892105066414
2024-08-01,70.80126811153764,87.73006701166396,51.93644264282757,31.093523164927806,81.77297510586284,71.6655270796575,93.61971594158703,81.57626671276161,88.94647534886163,57.996635358949035,53.315258956326424
2024-08-02,71.52435728430493,88.29741764173167,52.35789026543746,33.20109240206828,83.0699962200912,71.58163269915448,94.52404904224974,84.90415133140294,90.01167576406795,55.53273844435269,54.15661216945508
2024-08-05,72.98766977524241,89.25831755877766,55.552089543412144,32.798840748712074,79.35885194580722,72.72687355494422,94.7767246715881,86.98055135529431,88.43476455566842,56.71127591013625,57.766754975058525
2024-08-06,73.15294759047596,90.66750053599846,56.21490259314493,31.57250672646168,78.96537747301821,72.80024791814346,94.87845882845878,88.75962959016715,87.75143085771573,57.281874097747355,58.01645626695769
2024-08-07,73.76480382585743,92.43889313175649,56.264496506383715,30.34692161572426,80.97111076990635,73.82896864420216,95.6944084857891,90.34796628152169,88.88361305780106,58.78858016511293,56.00411322710707
2024-08-08,73.64606884587585,92.15836487152374,56.29477834301911,30.46172471924244,80.77835581779978,73.71162800239914,95.73511462230513,88.72868622021733,88.55481333385039,58.86259342010503,56.21975485245204
2024-08-09,73.33724291842205,91.85477593699923,56.057101808009655,30.568533176606746,81.27424936139633,73.6324013539919,95.72238912584386,87.7685482614302,88.87369156605912,59.09121453942238,55.284515995257
2024-08-12,73.19805466714483,92.29907173880034,56.15920412065336,28.76981161842505,81.35528871999715,73.9438066301525,95.88552926001944,87.39415639525889,88.78312236186746,59.09405701312187,53.836528105736726
2024-08-13,73.50122355040021,89.64264699871852,56.07919200955125,28.056879773385194,81.59711642990298,74.02283099961652,95.80249914814492,87.52938058385466,89.1784902136715,58.152991680480916,53.11097339509893
2024-08-14,73.94915308948504,88.55423250045969,55.948660696113,28.948899787114016,81.16552795292654,74.084923872326,94.54583625002304,86.25416478668126,89.33545053732563,58.97113867007167,54.29201354691499
2024-08-15,73.97171218039033,88.11805240645396,55.36202089238582,29.05129105231955,80.94100237432944,74.19931415963235,95.20940157927058,85.10244751971439,89.6342732794592,59.22830160325782,54.40458080926279
2024-08-16,75.90216234818884,86.19554776807375,55.88103720333023,31.433148397301782,81.16777645495443,75.53073396003433,95.36600115208479,83.27590161165418,89.2338513365584,60.475332235755666,54.57743073317404
2024-08-19,76.1881155538151,85.5831640163025,56.76213691488829,33.12602647866229,81.30980428608818,76.59412192919737,96.13767586133599,78.28400570310474,89.6492598174458,61.37892085740454,54.98556056798205
2024-08-20,76.21963107202892,85.40661125854267,57.19849210433596,28.92708958462346,81.46731228679572,76.48699202215344,96.54213255750338,76.7845539429116,90.45847701194946,61.83850355793615,55.76125921050189
2024-08-21,76.79960985256542,85.67933168398915,56.6669725137626,28.40842683730771,81.60886205631677,76.5996838891055,96.71031046920643,76.53704150418402,90.1794535354967,62.18962059917258,56.406571154353145
2024-08-22,76.22339016574594,84.35884285429134,56.96163052735045,27.493547637435256,80.12836533553386,77.18738467185703,97.61216097526433,74.52769898011717,90.4058042756002,62.01100629954896,55.985972312911755
2024-08-23,75.60176948047729,83.63498559453876,57.107174676805805,28.403016432927608,81.29204422227599,76.4214203925464,97.9351805502137,73.31150915135808,90.75225904251978,59.68557584550479,56.27743567842053
2024-08-26,75.28355741067485,83.60307660488665,57.26993096954654,28.426122931282876,81.38272496591394,76.8556598827472,97.57496306794481,71.9107583778412,90.45581789864461,59.29398049952328,56.83798198135291
2024-08-27,76.64585529180188,83.63177449464861,57.55349746557049,27.786799252924748,82.13359378619364,78.77237527004257,97.60063906438353,68.45052331645803,90.69642477213053,58.424688285245495,58.651011348743964
2024-08-28,77.03811318995872,83.43783957116085,57.68373549591801,26.530875536200288,81.56813053818301,78.35452740407902,97.51512305385985,70.39975567437769,89.55123567739317,59.0399952071753,57.641679422638305
2024-08-29,77.70994041858847,84.05031427756408,55.59185212439053,26.78234126888447,82.1351438874727,77.90138976093074,97.95887800478675,71.7031288735583,89.89923010386977,56.83285130441935,57.26295503149472
2024-08-30,77.75937908465129,83.8365142770997,55.5329359448222,26.833474989632325,82.17111886717888,77.84721119076076,97.86239217376355,71.81698692731692,89.75039110796335,56.80501338688774,56.89341814574803
2024-09-03,78.09536642600459,84.45664050899697,55.588935243435714,26.731928686782783,82.63525978238984,76.66891862617952,98.25684067732526,71.84776556433822,90.44250555689503,56.54328524851158,54.94463088869526
2024-09-04,79.20996656470464,84.39304358737644,55.221160333008825,27.009613498615032,83.00425851438406,72.61385454614924,98.34086395150698,73.45215548934871,90.95368266272956,56.72403803515833,54.083773538130245
2024-09-05,78.1495829479714,83.34931084153112,54.837301357619594,27.773369859517988,82.84056870555202,74.69333626925072,97.99922010070239,73.99927361421972,90.8717338020284,56.06189915794128,54.12060208535765
2024-09-06,78.54101885905544,84.28079789491719,50.6097566574066,29.059975556661552,85.9921402347078,76.99007554810866,99.21700625480287,75.30797615061938,91.68322153992801,51.97723108805455,53.390669878823765
2024-09-09,76.41266167273984,82.54095722185443,52.117540119100575,28.830678359475275,83.91619149717137,76.49933754466153,99.1777516820034,74.25805473641731,92.08791192298216,53.745046361748436,55.149442075694125
2024-09-10,77.03251082936733,82.70239218449188,52.14159355913596,29.121037356885083,81.89020136586721,75.83633525968801,99.23806885864451,74.79834456608403,90.14007215014361,54.345546017253795,54.58869391590969
2024-09-11,79.66524629886933,84.46069307542784,53.27936429722416,34.982776486758134,90.22547865879228,73.78626610626213,99.48125234552592,77.58446667060554,88.47109814663413,55.00145938011001,50.90974102034063
2024-09-12,79.94175407285005,83.3684186090521,53.48962045181052,34.37414637102866,89.47388296417861,71.66272139545346,98.76472477909773,75.84394417969906,88.02958013134895,55.99608644510709,52.56557621739559
2024-09-13,78.58797427172661,84.24765648628879,52.73269888078807,35.26504576887848,90.33930820895887,71.53611073812222,97.63569463771329,76.1710657420186,86.28843071729914,56.71970368912507,51.86612547441254
2024-09-16,77.53548415223516,84.73141764121186,52.6273461563062,35.77875680210471,91.18421359997602,71.78545841939378,96.18776049249138,76.08021590526592,85.77986609390723,56.99876507965538,51.53804562363378
2024-09-17,77.5028499463432,84.6807897063199,52.842813550198144,35.841730941433774,90.08537323373967,70.81715022862407,96.83643843389713,76.21510590807321,86.19001924415278,56.63273780082369,49.48468717000841
2024-09-18,77.81257411349495,85.35745875759501,54.5092485145416,36.367579737709995,88.28391676904216,73.49100341491162,96.66480013281745,76.84138338784726,86.36899043068921,57.861456763172356,46.94326647338022
2024-09-19,78.54127423593478,85.32057077619056,53.948985080219984,36.10002358104644,88.35383229188913,73.21661087344187,96.7243151387075,77.17481199004816,86.6151481571614,56.57772354559192,47.02280783050128
2024-09-20,78.98679770043478,86.20036349250711,53.474403304668215,36.1018155406148,88.62634478208986,73.72363915520668,96.82542529337422,77.21716411696926,86.53297707689823,56.06210768176029,44.680579303606685
2024-09-23,79.80927383834383,86.01396848656131,50.40156772763233,34.8114233667344,89.495396227766,74.31387815631459,96.83516632167677,77.0074255000726,86.78758215390701,57.198866549175925,45.05769709320907
2024-09-24,79.94080377705893,86.00808421085442,50.21571053187232,34.902197787566834,89.43434056677481,74.17128745514765,96.22404652796928,76.9643829205122,86.7371588653622,57.15710654729096,45.05278352444918
2024-09-25,79.86114605729595,81.62939614020932,50.45341530186511,34.736386703887774,89.76553039975285,72.76247994541367,96.41857382248305,76.93393304381743,86.80107466998632,57.57239515270281,45.610612616347076
2024-09-26,80.49919989282333,82.86038314630022,50.639092327697625,34.136026715950834,89.42922824786272,72.1133627168745,96.28809737308387,76.60891046133966,86.12141170464272,57.06013360430633,45.6903082003916
2024-09-27,80.96286036423687,82.41084531930935,50.82687756638942,33.42459581382477,89.90232191842176,72.9178504700408,96.9830095213777,75.9887410281752,85.03462754616329,56.839131763261975,45.96106202619277
2024-09-30,80.11985862022767,81.29609609988731,51.00194039004677,33.95098185420107,90.06454574752642,72.81452446041317,97.0294311708681,75.80651059195044,85.78356186915967,56.92123812149633,45.52224447325143
2024-10-01,80.12569689959152,81.79048276922607,49.421937090652875,35.93317329721108,89.89255067590949,73.52064833316476,97.64648073774796,76.83896368727002,82.92508583648005,57.55018146182135,46.14607312812067
2024-10-02,80.67476224963136,81.81060240371852,51.13381529212841,31.678274182891155,90.78800986562018,73.0359697497775,98.27304438777182,73.69241371212802,85.853705923533,58.959375941082186,45.46007367325652
2024-10-03,80.77580372454837,81.88897493946338,51.17039460427073,30.49895051028998,90.78326714000309,72.78360567663798,98.3808961734462,73.51431237914396,85.6263141590713,58.94591461255175,45.54076335904396
2024-10-04,80.8068961417588,81.99655439938378,51.13817927441204,30.293548661946836,90.63112557030648,72.7186338424422,98.15171664502162,73.45465948029022,85.84048267111933,58.978204519868015,45.65989968492241
2024-10-07,81.2348881654777,82.4369668891542,51.20206955558232,28.972496085504503,90.10705231085122,72.84788340675918,98.56251868630099,73.13510607725821,85.11679524980505,55.988640764969475,44.80832413803706
2024-10-08,79.15963149110851,83.74095485851501,48.192143672962764,29.074208978548874,88.39069677031345,74.44838825383125,100.36372516054402,70.99421287880374,87.45234645927222,60.09361387488936,44.52032677222091
2024-10-09,79.3814295977871,82.87060069010128,48.778493638219196,30.502525119487498,88.03770367349692,73.89405086226563,100.57992810403411,71.70775515437703,87.96524508311381,56.30133076183463,44.18686311602659
2024-10-10,80.12622196063992,84.01198984964851,49.060727184390316,30.505083452453263,87.39971880513492,73.66486380180083,100.50572900770808,71.75121287730477,88.1614870843065,56.33639004165412,43.49542222909788
2024-10-11,80.69496941460385,84.6777841395252,49.27981273847817,30.622365099404405,84.90394865013859,73.96032441128165,98.69239744776404,71.14818736720338,88.73728338042046,55.908732387393286,43.24888495380763
2024-10-14,80.63796563701324,85.144060566387,49.614574020096,30.722510643413745,84.62057592503129,73.37053618030835,97.74882877839109,72.06891406917876,87.3141013513662,56.16368081377757,42.70038835555077
2024-10-15,78.26652100179032,82.41779803189667,49.90083385068287,29.306028037030508,85.09555930406806,73.73483046942472,98.82777489923346,70.479242801153,88.22371448378394,57.0410853698446,41.30120070076055
2024-10-16,80.38880127576135,84.53288766616431,49.605826417883996,30.6729748850298,84.13515275856014,72.21201091232601,98.60017045269113,69.40346691330407,88.87396141584485,55.39521211123887,37.169606031228064
2024-10-17,78.86120524349215,87.17127992014463,47.342026079684175,34.646547267512254,84.2812909264712,72.70740759261031,98.94806703248165,68.88602651430237,89.86406822298757,55.68845412921817,34.17492018817245
2024-10-18,77.99698530376129,86.89847495233647,47.08555486267608,34.44006159224065,84.25719375719886,72.1746887819671,99.11397233456748,68.34318761035784,89.85515973525342,55.897601795093365,34.32457054215516
2024-10-21,76.07194893054464,85.301884153835,48.069017163853964,33.93217429475,84.59347426148281,73.59225892780834,98.0992733646263,65.23805884838407,90.07256607679714,56.401367201815965,34.827654909402966
2024-10-22,76.86575955536843,86.58109921433605,47.49671367747114,34.77177376263443,84.8459432184018,73.83940606379167,96.06075025313507,66.51280904566602,85.46092249476833,56.32910861476519,35.209202394850315
2024-10-23,77.08828343587741,86.6198107472191,46.266310307488816,33.35665321036667,83.79414406822072,73.78508046157826,96.81205117955477,66.61018166285079,86.18383609687542,56.3506501875488,34.96554080822046
2024-10-24,77.4099396393606,85.62465533104529,46.7815063112942,33.83099564554263,84.4825130151015,73.13383925417841,97.1716340185074,66.53899701513838,82.64155936979341,56.36121859984991,35.135984578715664
2024-10-25,76.74832008148053,85.85697162968654,46.070613789057965,32.08448468866442,82.97813776669615,74.09488359833887,97.16712659720865,65.9261141113788,83.93076778667243,56.36663374550687,35.81637574814723
2024-10-28,78.10421358460691,86.0755876080101,47.75543842931135,32.490111192817736,79.10685381750793,74.30945761844946,98.11945126486046,68.64638536238111,85.77094801973226,53.52885166283267,34.839882314169245
2024-10-29,77.40361154899256,85.6125156856673,48.115496460626346,32.282849090820854,79.08389920046075,74.59919322740812,97.88157862739324,68.60760976575165,85.65378899699164,53.29598033208018,34.900878671568776
2024-10-30,77.17281203930068,85.40506402350314,47.79606540883635,31.515294923814412,79.30914630617885,72.19856831623399,98.46480678904912,68.44430258989452,85.88175796666991,53.5894756243659,34.915256074281245
2024-10-31,77.3411030292994,85.30505492203746,47.10739573265964,30.521900039799984,79.13687374529857,72.40881982983171,98.06235186099602,68.0920479685104,86.22486730427893,53.74906335458367,35.040269579912405
2024-11-01,76.78028078670137,85.58446208735992,44.854761872819694,30.3432163643758,79.8157041019654,71.51608875120992,98.48510528287035,68.41537439021693,85.22009928766224,53.3513998779896,33.94979613055979
2024-11-04,76.91407526400715,86.00676293267624,45.235523942059984,29.660212097274503,78.26934955348253,71.69008087252071,98.91909256845146,68.7605951002016,86.15108263821347,52.704081496330204,32.53476967710953
2024-11-05,76.22752333974661,85.89825211440144,45.16235829272238,27.782642245126517,78.45660571170382,72.12536145262247,98.81223969435216,67.9801195504687,86.29566367164495,52.59999223101808,32.940869668187545
2024-11-06,69.90315447383905,87.50662470051425,49.54203500184545,25.879844752859693,80.00981850346967,78.62029967276867,101.68044039259183,61.98814625644643,87.08859848071302,58.82499058253526,33.34430062931659
2024-11-07,71.86267974085764,86.6907185753666,48.81038506349513,25.646632003991577,76.95558063192277,76.29515336998371,101.54351528467816,64.86070046911111,87.11802314371425,57.20701858440714,32.98257060333576
2024-11-08,70.60450364603362,86.38932553676972,48.43245995298954,24.58812215611351,78.35240545489259,76.6381487679913,102.34696651668708,61.08300282361262,84.65985947970304,57.89060470167906,33.83115766136811
2024-11-11,71.89215294096327,84.76462942409134,46.33615587237673,25.443158566228092,78.40565571449838,74.8386818380198,101.61656330178836,62.644518621748574,85.96592232746241,57.99175179254978,33.78717173836682
2024-11-12,70.93961751555118,85.75963882747196,44.276069569358896,25.001941765376227,76.35614151238569,75.60594169183608,101.32227766858759,60.391634210625895,86.10927028975232,58.73912772705891,34.24392140777223
2024-11-13,71.52164560687545,85.07011646107094,46.88181134225765,23.185715267924625,78.54382954602389,74.57386312735954,100.20175210196255,61.65531302897451,85.39763988007061,59.510933067068855,32.927254063329755
2024-11-14,71.76565338287588,84.64638924318565,46.73473275926281,22.4313546900836,78.82247169916384,73.90950007792762,98.55991292518503,61.137917531924145,85.71288408047005,59.05923918373925,32.966047557087066
2024-11-15,70.8384918792679,85.21704659003414,46.4723250507351,22.276770822025593,76.88015015548058,73.13166009078775,99.33322312344717,61.17600414498503,85.81660265056642,57.52575968455151,32.88179085652821
2024-11-18,69.17444320980727,83.94794165765472,46.92180096019424,23.04505514378672,78.39199704443567,72.59637971497871,99.9375647316908,60.88476452304166,86.77755219087618,56.67496309631068,31.973245090833018
2024-11-19,69.6359378599565,84.99677638503313,47.24523615215859,21.17265170882448,77.84083041382377,71.26183712948126,98.67586681941897,60.9297759477974,86.58661972604429,57.700172431559324,32.51408152380537
2024-11-20,69.2444510301773,84.7037495401091,47.3059738235172,20.75821010744576,77.57756779167275,70.50849581604447,98.88103805878383,60.79996949382626,86.13460003736324,57.2059746421318,32.19981515526009
2024-11-21,70.57228981883442,81.62837300821425,48.253383258855166,19.546178271564322,78.7619496342621,72.39604684813179,99.02788730163452,61.44502917781997,87.42157873048141,55.43924775938519,32.54369345087431
2024-11-22,70.9114941664048,81.0235277549261,48.98821192577078,20.665751389145,76.32920266153785,71.64375477579317,96.40104151248514,62.06499790282047,87.00373398668256,56.62359537048259,32.21980562691776
2024-11-25,70.74659586249699,80.91118549934728,48.90102501520789,19.5574526157935,76.12726323809815,71.6236179134032,95.9907591434314,62.05089945669767,86.92825484665536,56.67375863087952,31.835764731166464
2024-11-26,70.79864072275927,81.79195915301649,49.36416824547197,19.115647710210567,76.30270628169215,70.75574321208693,96.99902051528852,62.59735879058527,87.32125366032886,56.41325392047456,30.165168644964815
2024-11-27,71.23932626503645,83.17163852031001,49.721176950783494,19.47836635453735,76.32806754007039,69.16453639016748,97.27620005426597,61.89020220211876,86.73389898036118,56.46732578895377,29.64832612247026
2024-11-29,73.40080603494012,83.22848241816406,49.57849418966475,22.931907323237354,78.36445589589833,67.87159892907275,97.95087849729637,61.37711510173189,86.30399486359748,56.6421351248087,33.4488823554128
2024-12-02,73.3662516837498,77.88724760373582,50.41160102448932,22.5074186011544,77.78320220893865,67.11022880393725,97.8390101330034,61.047313476450476,86.49485768542057,57.83369281969003,33.29058433661733
2024-12-03,73.34392477454774,78.86397294976766,50.55393420665365,22.318788387671983,75.27192443648882,66.84424186454785,97.09828484639904,61.53926647898558,86.38102921790498,57.799067619165754,31.36773421161342
2024-12-04,71.9694076298353,78.75333040132092,50.54959815180411,20.944010503346135,75.03412923304222,67.29154803706042,96.92788090682905,61.325571413352655,86.09226009781867,57.80859044926941,31.536401563974735
2024-12-05,72.9047982436848,78.77138047403267,51.039803909243744,20.844012133916795,75.72171659516466,67.15549930731966,95.7589679042828,60.710728807466595,83.70982345313361,58.04704071185764,31.74783201425299
2024-12-06,72.92348487695975,78.60111368580242,51.034953590834,20.860023810723757,74.41906279775185,67.07787765412711,95.75444479002095,59.809744363019554,83.78506739516318,58.188071522033,31.406696922894405
2024-12-09,73.38776866350588,79.87977417871976,52.10478411040552,21.334837523569437,73.61570578122551,66.13192815646352,96.10163542457138,57.35337506331962,84.0173120133727,53.47125078915312,32.469754009824854
2024-12-10,73.58516776267301,80.08887609181161,52.133678300264926,21.387653531877813,73.83383055935619,66.02346713837886,96.0215175061084,57.12713923382885,82.7897305210335,53.24024330471451,32.29432471077137
2024-12-11,71.61088823113182,80.54256262215532,49.23042980113696,21.75077638951131,74.13731911363234,65.1158334597217,96.83927913983567,57.31356040599503,82.4527352729536,53.13761777259306,32.542916559175175
2024-12-12,71.2275690837258,80.83936843305759,48.78069339515161,23.043534269977112,75.58481736675047,62.64110275893116,96.25242084220113,57.70643756351675,83.37405460761397,52.593510010421504,33.03141759874507
2024-12-13,71.92582116251603,81.65889452688343,47.04618553254919,24.144652680427036,76.47013993535904,60.87634814113831,96.72433330432452,56.79207414116544,83.33701758172542,52.833998854346845,34.22887641147659
2024-12-16,71.81462502571848,80.62881140850592,48.52453104463887,24.411956020380877,71.62492210395445,61.163002633571594,93.5780059777711,56.80701171121055,84.47032847054818,53.043358772904966,33.262257898793806
2024-12-17,71.8463762097597,81.03936539267359,48.491999263480196,23.812298816547536,73.89309182146837,57.82779009655734,94.5853773327518,57.4126548346026,84.52561239538919,52.49905219264434,33.67765770128037
2024-12-18,79.33748947805654,88.55706052234655,48.21955540571817,29.07544179759909,77.29869590124099,63.55065609803352,99.65870208029601,59.84968997908142,89.94844915835539,63.377966861638825,35.25233224631295
2024-12-19,79.34988548445597,87.19283886124994,48.74102510102108,28.457247240214617,77.01253736541861,63.222187398073395,99.33997226123476,59.21326675701574,89.25657169265085,61.739750317657005,35.56050270298368
2024-12-20,80.31223500620963,90.1012532041891,48.123379366139204,28.17577581171733,78.25354444828871,64.3788894029269,99.43034132437066,59.260927674638616,91.0010789646303,64.33935051497562,36.57263558956032
2024-12-23,80.36485326645636,89.93388329166314,47.10019052502456,28.429167416590836,78.27787519437707,63.0397205539702,99.52361469139719,59.53100917479433,91.23885470818121,64.15491166484888,36.347039978380714
2024-12-24,80.4267648818098,89.04856131448994,47.251295530636824,28.496041707308194,78.27111732006564,63.1825954885037,99.6073737026204,58.51271387491476,91.3385277831195,64.1931861690147,35.950632996197285
2024-12-26,81.94103174625346,87.5464198414489,48.78918181281731,30.933517755307555,78.1725858132744,63.758421351315874,98.34618674489663,60.40825028201928,90.79351608476367,64.69842967903679,39.66346578249605
2024-12-27,81.8021451786062,87.4076002536196,48.6859654928856,30.041675639922143,79.06773770945856,63.909937221924096,99.0306809446651,60.628928070957414,91.7859530123323,65.34405825262148,36.7662465758449
2024-12-30,81.80952241494057,87.38908564249056,48.505607995956346,30.033961516203213,79.07302791797842,63.91768260906565,98.81439708357942,60.63050261990304,91.84341173108989,65.34100844064079,36.53705201414105
2024-12-31,81.81554400435587,86.28258399708544,48.502275408232286,30.091040951617316,78.92695523413212,63.98090764195828,98.73130318607367,60.67233372288968,91.74937678109698,65.46907749683628,36.6906869836102
2025-01-02,81.94680076419661,88.67795170560083,49.47146977321575,29.47611632856621,79.19664092323085,63.6930109717065,98.66090429809617,61.62689706861333,91.60148699821549,64.87042895069854,35.81944433160915
2025-01-03,82.12204360527443,86.69165562135417,49.72066215427742,29.570326122329586,79.2362626941737,63.57932797580125,98.25313371878794,61.77134858406333,89.83165999110011,64.84979057390879,36.03092732373679
2025-01-06,81.16543512526127,87.06783835475923,49.494795042380666,29.52467366476022,79.35163846580815,63.720580933070714,98.49353866310561,61.64799500824593,89.14828457649993,64.86153058211275,36.219058038875275
2025-01-07,81.18680209229393,87.73037957703481,51.25634232218118,29.88531725996567,79.77900387312212,63.829828264118035,95.62222386841331,62.522294933225496,89.75090564523872,66.7329135952938,35.88869115457997
2025-01-08,81.29741841662239,87.60484002289712,51.08945354433898,30.06469582543209,79.93992682119041,63.05420639995613,95.62277635041144,62.63140181510078,89.5802384241022,66.68239671564591,35.51686725997366
2025-01-10,81.79428266901947,86.86354547640325,52.114508760693106,30.565206668558986,80.04278123163492,64.14158481950189,94.36554162413269,62.89086201164821,88.88501979767031,65.37575016275423,36.84305781042203
2025-01-13,81.99167986686602,86.82723367817766,50.999922806784724,32.35968923885609,81.0584576777282,65.54938671393572,94.42121261305512,61.75752413472194,88.73042274314986,64.98323665678191,38.66126980530284
2025-01-14,82.02551244914696,86.26977722603935,49.6856413290343,32.45269188915702,81.38574457588491,63.18087740127857,94.51448575202532,61.9381925916351,88.64378907593147,64.43235451693842,38.61453524533381
2025-01-15,81.8455022920719,85.99410493699344,49.36955966439333,32.53009625053037,81.52621524232865,63.01008984277494,94.88532183458074,62.231872025456866,88.58598098230495,62.44696541657074,38.61687959780073
2025-01-16,79.64178608456143,83.7958481667944,49.20824128002606,32.58802149135474,80.63693680880601,63.071163628319134,95.33609487207686,62.49344015394923,89.29381759410924,61.77502375909253,37.687261562175436
2025-01-17,80.1880299048483,84.82355911784036,49.08873469655721,32.70544028813358,79.99167663407945,62.65633170994024,95.4931269545986,62.56245825661796,88.62545900476232,60.759395273624015,37.800128055414056
2025-01-21,80.17088299794706,84.77870794462065,49.20306259755563,32.608334415333715,79.46338654185274,62.2515080939431,95.31738586223607,62.531258853123646,88.39008469871085,60.58202208114717,37.9790990620825
2025-01-22,79.5986931371841,84.55977053838342,49.242928832818066,32.71915272921409,79.40519719021812,61.90563463609095,94.77718568046687,62.65650642896038,88.64805300805196,60.00207167681684,35.32385208274651
2025-01-23,79.30871005672064,83.3649977737854,49.80658787548591,32.92788946764621,77.01264368806353,61.69814483029269,94.25692993269493,62.69889818856123,88.97303257067648,60.510632722622255,35.31684343252402
2025-01-24,79.44580902110536,84.35731460244776,49.96393020321978,32.04075231662401,78.46604869913689,60.147020356802685,94.41202483140583,61.768590941911185,89.158032942714,59.79408338687557,34.385560831698726
2025-01-27,81.84580077665298,85.28690900265228,52.607501631705304,32.29913573506723,79.92311981160685,62.7969721268471,83.34820470178397,65.29247333152011,83.19260842326142,60.21455702648584,38.331096152548376
2025-01-28,81.74614351957608,85.72047320505685,49.982311881698294,31.952859156480056,79.7635517590944,62.71892693171239,84.64271795210158,61.093573864205936,82.48700933867575,60.57935920284987,37.34902994415385
2025-01-29,81.4449753980769,86.14186262429662,49.76314607645075,31.523272429600368,79.95787287398846,62.74006305971903,84.84771398030713,60.451016266310965,81.33273941803547,57.58971279303861,36.76020327705706
2025-01-30,80.31556398232779,86.00183463200382,49.410272439233935,29.814790073910117,80.40690786117221,62.63263941221433,85.61050669392104,60.42803657786084,80.91154084139345,58.905900726074364,36.50394051702848
2025-01-31,80.96382265337205,86.38458421160861,48.80094135043787,29.46087129153872,79.52179878632282,62.92039345075727,86.04185719118905,60.59850985347771,81.49637803985465,58.75931247864236,35.03295420801704
2025-02-03,82.06699345614733,87.73813632919008,49.59486688357942,32.38505705578843,79.614403669594,63.21038084238021,86.21683658960653,60.98113843392588,83.23155772363285,58.607241345633625,35.768857423903576
2025-02-04,82.17216772697054,87.62859750991596,49.609941090814196,29.21042814120767,79.75591239632048,62.45537332320458,86.73360607936516,61.26426675181614,82.51895955125968,58.488010463497176,35.822329946276525
2025-02-05,82.3464425548436,87.38417133111025,49.133440266202655,29.074737583236733,79.87968310682523,62.40510279070295,86.9771649173059,60.765333676080594,82.75217931367817,58.06666158797235,35.65337221958312
2025-02-06,81.79488396618724,87.39370724054153,48.49285436882971,27.413651452490907,79.41172778562694,62.33457703484281,87.18100718752018,60.12869368869918,82.56013658150711,58.014226732723465,35.83360059193492
2025-02-07,81.70264921838962,86.88330079494754,48.01103519010454,27.86248554199265,78.89255495222545,62.676607159964554,87.13943774414011,59.82671378278896,82.91615944193941,57.74453869380757,35.48924550919965
2025-02-10,82.233485278709,85.81213108501588,48.327836331247724,28.65215642540564,75.69487306272046,63.178312733306946,87.95773892781055,60.02628932286484,83.13999308486497,58.81266550134361,35.58776520209817
2025-02-11,82.48207963539876,86.04266108774824,47.66373492016713,28.64140176811157,74.79108600161626,62.553778659389735,87.44050114703622,60.10305249381623,83.08192142530142,58.912774406556736,35.29023312571813
2025-02-12,82.44163208442755,85.93054941397715,48.400615388133176,30.073367633574804,74.99549566185675,60.101805500097875,86.96439689077067,59.75111316278453,84.24472861201508,59.47663186624916,36.6475428051781
2025-02-13,82.47242846495422,85.85330304316463,47.82633066356159,29.878613948494284,75.35448911972323,60.37347936058657,85.81415773817447,59.888866044042665,83.74610535495184,59.06284605890153,35.78348056904372
2025-02-14,82.39251235578284,86.20549714899073,46.71460035953983,29.212472789213113,75.86986303848205,58.28717079263345,87.05913547270876,59.783466997377936,82.13466188559181,59.14772853992978,36.50207653287069
2025-02-18,82.56748892934381,86.23735987203767,46.12806717238619,28.37871839385624,76.33384572295022,57.79106486313262,87.41735710819127,59.98728283714652,79.5013767910709,59.36320319419988,36.3418270334415
2025-02-19,82.88587346490094,85.96067187465053,45.88773326392585,27.911461560767375,76.90623667191112,55.235836834021896,88.18613933742814,60.13238103249376,79.17261748672057,59.849837306412766,36.86431888007317
2025-02-20,81.66703252446104,84.83745202787115,46.52139713299136,28.396332689113525,75.81490960975731,55.520157250317766,88.30922824410526,60.28815148014304,78.12726649764504,60.07499480928494,37.15818284543161
2025-02-21,81.39484110479624,86.73413455231443,48.136751716327055,28.52991983360044,79.69242068968902,54.69028609268459,90.52707800706472,61.4701359614539,79.04270392487584,58.994815653731926,31.188675799628854
2025-02-24,81.24906024591392,86.25657925211425,47.58371143251384,28.54762002134679,78.92073198847855,54.36567137550004,89.97206295089642,60.91464268308112,78.64996095312233,59.22225876698007,31.876802263062686
2025-02-25,82.63846099833981,87.54947573076002,49.13092909133789,29.310045305384946,81.32389991214325,55.52162159527758,89.91235297815899,61.55532449909516,75.98063950879806,57.05837824163379,31.900538932624485
2025-02-26,81.96640428585236,87.14296431447869,46.11040859534145,29.08648666065134,81.14237120437515,55.63359372584989,90.08179336832909,61.63330192282726,76.27197526564062,57.369451979555535,31.900637905720448
2025-02-27,83.78471584656951,89.57809824001265,45.72847415213517,29.14618847402687,81.92054910651976,55.8913683601845,90.43698306028199,63.47553649094387,76.37769028286932,53.66074930585032,33.41013301278128
2025-02-28,86.08091512117069,91.1777223483955,45.078663873414584,30.354673943778277,83.39268135207365,56.77796994213928,90.57721153558816,67.12401875215579,75.18318685467234,51.10828950248417,33.535340088879224
2025-03-03,87.76608613550783,93.07149492223856,44.72629489070034,33.51315510352413,85.20069432193469,53.11933340423052,91.80466340562258,69.7012917050073,76.17421726383407,48.00386331843232,29.57267658799407
2025-03-04,88.91986403670226,96.92147366727674,46.847275993465416,39.67356130149065,88.88443164596944,48.00715102506646,94.60053427331589,72.68131291398596,77.37275652398763,46.953063059470054,29.339444264734382
2025-03-05,89.24306088437602,97.1458032457314,46.43948147487744,40.73170869292413,90.33093211275985,48.26802779215599,94.60283198144847,73.48432726930619,77.3615735110504,47.17032409751194,29.206056499240287
2025-03-06,89.60814186443481,97.4466241036116,45.72989583987344,41.17073184667554,90.59591143114258,47.670347268248314,94.43466361099212,73.88800624836917,77.5786505127715,47.47591707970452,29.14070636948826
2025-03-07,91.96287497631101,99.06040416727446,46.28953187160767,41.18370401934256,92.02959585603284,46.05339718067152,95.06740080852144,75.5304912934556,76.98132975834129,47.45863036067002,30.077493781333473
2025-03-10,94.27879639075272,101.97284259538995,48.83548489190461,39.914646595294265,94.08882588037369,46.078202234520376,96.77505127723381,77.48466937762126,77.80983130982062,47.939991121335204,30.33275174899832
2025-03-11,94.82130312845081,103.40809622224809,49.38957896799425,40.174022619660164,94.51594846633827,46.93762815322388,97.31707011448503,78.01071994610632,78.25708785986923,48.43295215325707,30.01563159938391
2025-03-12,94.69560791550592,103.30346367162872,49.16028080158324,40.0675354357394,94.53135975914105,46.97594046599721,97.20116502276582,77.96615718241542,77.89091152310479,47.122474824491576,30.106290293556256
2025-03-13,95.54679980051311,104.38445415676003,49.223737970784164,40.195359933160844,95.3434790637592,46.421839090684124,97.79883174211885,77.75761312777999,77.97326147346348,46.58712789549664,28.472367668912145
2025-03-14,96.20755704101528,104.32239620291084,48.2428787392761,39.69383695359578,95.33599602793387,46.58985867956603,98.25105131408735,77.65195778501393,76.88578887584723,46.80536546802732,28.257279024899535
2025-03-17,96.15081101264397,102.3714980049846,47.712699645887895,40.90462054029931,96.52179169227718,46.62444079823707,98.73271349208994,77.25449584996498,76.41109362564305,47.2674334139596,28.8181311239847
2025-03-18,94.31608722641586,104.20943055913706,45.64558008665881,40.828779114527734,95.7351496239062,46.63374167410291,97.48154881801041,78.3791911443506,76.49860683822774,46.43453290758149,29.70155927109598
2025-03-19,97.42884526682997,104.9616178223842,46.00460174647104,40.818874550063434,95.6969482887931,44.45192681542022,98.65579220890858,78.66768184822718,76.49708386062126,47.2033117377082,25.455098202467205
2025-03-20,94.34520802883591,103.09544838815687,47.531748078721364,40.61331818779282,93.4315144905153,45.99047875444393,97.70008399440086,77.98676922765635,77.19089149421633,48.156525765656056,27.67061805845955
2025-03-21,93.01712513525221,101.56665246912571,47.538314701107666,40.70682320957766,93.19903585935035,46.510192639669455,97.6035711709813,77.98550390997974,77.13333855485425,48.72041888117593,28.367626584310763
2025-03-24,92.15361582200646,96.07257989691364,48.84577749304886,41.69069138517783,92.99086026450584,47.62002534590862,98.17036532341126,77.0068318751143,77.39758693535742,48.675369724587824,28.74251660944443
2025-03-25,91.43100644646458,97.87238287843633,48.565318475408866,41.73082200250568,93.29134127221617,43.51385393822865,97.98249977233787,72.97448774493508,77.17176671235126,49.00954313201782,28.66719075267438
2025-03-26,91.15211952671534,98.76646045075752,48.93551376405409,40.79753123582417,93.1791674407473,44.89205917554216,97.65020425179112,71.52127879132108,76.93617612724833,47.17535044483264,27.573288679517827
2025-03-27,91.5274961337334,96.97140013856288,48.17318603122453,41.43019125066536,92.90974774897997,44.53987497910287,97.22204249547174,70.8243966049174,77.05206084885633,48.08263724373976,28.274725077720937
2025-03-28,91.77139687095138,98.79619953486156,48.57270801064311,39.22154970754979,93.16173011286142,37.862968006551,98.00268152604923,71.74818841145935,77.72524673832413,46.63609664941393,26.5965437802301
2025-03-31,96.85470147631808,102.56422980879029,50.34894308019024,34.91169226151462,98.06589873598624,36.50223138943976,101.30731349630685,72.70926452940408,82.05575099833018,42.49125184865722,23.192413564796446
2025-04-01,96.69692463813286,101.94450596630985,49.257551351191545,35.06601112511118,97.79444856928389,35.27995419368863,100.75892382767924,72.70033509270914,81.5979506005839,42.74564821865265,23.44349552097794
2025-04-02,97.21155107332976,102.77329065387784,47.442716806214406,33.05728337036757,98.18307470671787,36.308601248600006,102.00659877889875,73.39157255503314,82.36665191101756,41.600626292390594,23.026877402197346
2025-04-03,98.22676799764952,106.44154420192844,46.97489016205679,33.13478667303981,98.77795287289375,36.596451768838335,104.61987068641346,74.51512702672844,83.65280219869364,41.95628579050132,22.01330112270384
2025-04-04,99.47000447409003,99.94548034341139,58.08107582302109,48.524260908190264,100.88388504190908,45.22367821866915,110.00709116657126,72.04828012724566,89.21150513470556,50.755387839277994,32.30607038282736
2025-04-07,100.78317704408073,97.64068242612203,63.46816476781407,63.210855125760204,106.12741843973723,56.78345491547193,109.7411052234546,73.63625627664437,95.86391897728137,58.266331571401125,44.203862789716695
2025-04-08,101.22554099879174,98.23444596233915,64.20002747781025,65.99615712797942,106.99944059996935,58.994355966129035,109.93621220117844,74.66903092717136,97.56795034352675,59.724260279174786,45.5556642514016
2025-04-09,101.36343448881163,98.20962162588536,66.21487120642641,73.7802590807475,107.61242146831844,65.61219683103498,109.73417124183008,75.97376270320296,102.40523124228724,65.90285729339033,50.28017944881199
2025-04-10,100.6207629727248,98.49737095424855,66.73043322615811,69.89304437767572,107.2639698717101,63.14315243919411,109.31181883564005,76.36298276230778,101.26255364197239,63.616001900736954,48.46091616700877
2025-04-11,99.84008980240543,99.02096872888741,66.78881872549766,68.32115397279412,107.58756541784382,61.87698690556406,109.5859139893675,77.00958617070717,100.57306846252871,63.01951164959208,48.11572617549146
2025-04-14,101.38958686212746,98.93632322318689,65.49659422294711,66.75883670289991,107.54435878637763,61.696981367660825,109.49870193135428,76.71333779461322,100.07536100811156,62.997057372197446,47.84385497601214
2025-04-15,101.90068599383861,96.77854415264916,64.24689067510738,65.5521704909589,107.91398936325639,61.99639430451172,110.58970088383403,76.54417272234863,100.29822246060947,63.617372822316405,48.654970485415475
2025-04-16,101.55186929500569,99.3080866762017,66.12133516453217,65.46773439303554,108.80719466999182,64.35302075562669,110.4977326136706,75.7402311353156,100.98449253929915,61.64502474568303,47.05843580826315
2025-04-17,101.45904908415481,98.8622397268916,62.72840962648872,65.059409230047,109.00277655111395,64.42201079048148,111.19082838670003,76.1433717240453,101.54388011912023,62.21910075836668,46.96891349166987
2025-04-21,100.1712026993138,96.42103794772984,67.97547344773147,65.97618296605253,109.92823521028456,65.32832286450615,110.51809724645447,73.77163946237293,99.71524742454288,64.09366469360278,50.18582923721122
2025-04-22,100.14541332614239,96.20354776842622,67.68992715890035,66.36304919459509,109.39824757225614,65.02267788324237,110.44777698851179,74.18301824806622,99.80483793039892,63.805850863829335,49.735628589905446
2025-04-23,100.2646792021435,96.6379279196962,68.32170676009497,66.54053724924388,109.96691858389015,65.44769789612882,110.2986017709013,73.44658003216054,99.67014552805487,63.543968199620224,49.98788432978084
2025-04-24,99.99895313038016,97.04779092581136,66.88704999025218,66.80997630391927,110.15262111265113,65.53793761686413,108.6155705969636,73.76022216636343,98.30074880343844,63.79043909780387,50.434628663379954
2025-04-25,99.65442378963449,96.09186182565472,64.70207377679117,68.40210490505513,110.79942321895625,63.28697741189285,107.95805362010233,73.13898108868011,98.00168948674344,65.35298847377229,52.228158858511385
2025-04-28,99.48557401731887,96.45478803191722,65.52813404801624,66.97417554946671,110.91139623175962,64.03879842660116,108.05380694026033,73.52718737084835,97.91810280627791,64.10597309192187,51.996512444527895
2025-04-29,99.61291957293871,96.68349400612522,64.88888625799794,66.46861038101584,110.8840824166631,63.87661317111183,108.17682873909745,73.30850219848448,97.99015600041713,64.0858667777969,52.14147583847172
2025-04-30,99.14459225597797,97.40125211384739,68.01677465934628,64.61948470748088,112.19380471138122,66.40438198080017,107.75860352522515,72.3185240050839,99.2705886563489,62.88236833520454,52.393279308473836
2025-05-01,99.09389482008082,97.3898954461748,68.76451286018869,64.18271210335615,111.42285306750958,64.60600815994515,106.86578169797885,72.78917298302402,98.86362462208355,64.25229230322249,52.303743364235515
2025-05-02,99.04408979820566,98.04449862552849,69.46385964282918,62.224025932275694,112.05233143030306,64.22467407978344,107.01282172124853,72.96244187243408,98.93796806821047,63.080295104932304,52.418557405107954
2025-05-05,94.88287594262326,97.86220159577766,70.83395686472116,61.723211638612156,110.85520331109349,65.07136628517432,107.05940706736659,74.14915290535161,99.1881111667643,64.93143736651201,52.43522811237887
2025-05-06,95.8078945712023,97.2531292309021,70.72022538453444,61.353200011682105,111.44741156423407,62.33942949049863,107.02352032934188,74.20185255211213,99.32687712972556,65.15861487019264,52.356946873230335
2025-05-07,91.50590884348179,98.26988870086808,71.53081646646055,61.937294030976304,112.20234266697895,61.715206770029155,107.9760358723154,73.63044233076135,99.4787059748842,65.58258818909778,51.85837879378735
2025-05-08,93.06177032605262,98.32371236179524,71.19655781394529,61.561502707447865,111.21105515096772,61.86461757509505,107.59969353652565,74.37317928731147,99.85270837165429,64.85919320439714,51.61673542855953
2025-05-09,93.30296376401967,98.02484998762858,72.3159075154506,61.829465120672296,111.72623069956568,58.42638246739534,106.76254843419821,74.53509206056829,99.73872550312588,65.87679558582798,53.09750554852722
2025-05-12,93.07456506641702,97.17158083897793,71.56663452155044,62.682470999295944,109.62482928400043,60.48392892509841,105.9251869142811,73.55879608143108,99.69492324783432,66.67552607003636,53.032461904081885
2025-05-13,93.16429469714453,97.08150357262583,71.32439171599961,62.984921891381035,108.758355790555,61.064415512889056,105.76813333975124,73.30632684290876,98.51123334584122,66.82619062357793,53.34789461759049
2025-05-14,94.61023208363461,98.96004660480584,71.20112181931296,64.14031010044545,111.7178213294504,50.35554778212155,107.06163973430156,74.12124186461058,100.7691159049188,66.83019520397262,50.96988889991012
2025-05-15,90.68528714200036,96.43060719814355,71.66557964678353,62.370282665970485,109.1030600635828,56.895945716921325,106.37828723106006,71.89617831424042,101.64776027633782,67.92080991394207,54.29820358647914
2025-05-16,92.40748648365707,97.23082952674011,70.15590058182654,62.6451332948216,110.51194277359572,53.033807043026144,107.03205638750809,72.86272838613634,100.63964235304482,67.88768708800075,53.28926899847046
2025-05-19,92.30599410700992,96.72773143318489,70.06205188914265,62.2708783238954,110.47172807561569,53.470088471325084,106.89632494116616,72.72024738757622,100.80721212904659,67.97531116996375,53.49689990649388
2025-05-20,91.72888627410055,94.140072336733,71.1438903227128,63.26241488051213,111.01941330800024,53.795293846632646,105.88166571800139,73.47548789318625,100.61781314496982,69.39844263456588,54.44175455416097
2025-05-21,93.61057938684844,97.23034633685754,68.98485301289917,61.943065590852754,110.9802848646272,54.684002429516475,106.88729892573191,73.19198248265944,97.17211328214604,68.10574453689303,54.62178457962163
2025-05-22,93.46800680740115,96.80279898745394,70.09146823191443,62.69803550219574,110.79687775869543,54.50415476522614,106.73221410726343,73.09240340819127,98.10270375556797,67.25057704418005,53.631571271745294
2025-05-23,94.14843762708479,96.75278895368568,70.02061153220566,62.63837088905534,110.41272410756102,54.810835691589425,106.88315460844063,73.63885986536097,98.3854683949249,66.54370885702745,52.36628415322562
2025-05-27,94.19918549195914,96.15258680955397,70.04357172179266,62.04626534602032,110.36830851211703,54.81217624943823,107.12143985526565,73.79714947812789,98.45609825954787,66.44687802597682,52.4684931004412
2025-05-28,93.41156609722402,95.46448656880662,70.68690949062318,61.68902602390919,110.17679974334126,55.30971191851683,107.2674809167512,74.46862361037194,98.19256968583484,65.65467299232621,52.3905042896872
2025-05-29,92.0339204127472,95.57702206351948,70.57936533801475,61.812766747759845,110.29724884194556,55.4452142498602,107.30291953771072,74.31360240537813,98.53900398899515,65.57786898797602,52.65570778694491
2025-05-30,92.9077334096411,95.59298068347039,70.35493702701527,60.38301575482146,109.54126105427686,55.514632493814325,107.19098293034534,74.73827524662342,98.74871606226631,65.58792864328626,52.74008237852331
2025-06-02,93.56440796686161,95.69994225349171,70.80745168793548,59.98254234039834,109.40464012206066,56.444556498860855,107.24993292797774,74.3341570133372,96.95278251471566,65.29593901717287,52.86030152172872
2025-06-03,93.41015223666076,95.63973771023629,71.58281579019561,57.958060399974364,109.42935101055261,56.52199102242506,106.89841329051207,75.62380026185144,97.29412175479513,64.58933621490958,52.79564643685922
2025-06-04,94.65440518630267,96.98567959279801,73.05516111029398,52.412747795272494,109.26037118552834,56.9389600041857,106.90719030294349,76.31720733659516,96.59367089069524,65.74931351747408,51.26836926624017
2025-06-05,95.49713683166082,92.58047236331566,73.3643238786229,53.58206534453956,109.43853069066289,57.082566179124086,105.78044166693272,76.61224274430712,97.14668031124741,66.0516477366047,48.74562600610624
2025-06-06,95.56827484562629,86.57005957090988,74.07511797648489,54.11118327819809,111.53435901265323,57.569320685685376,108.66665654273993,76.67124633755112,94.92876631313169,68.10602621772476,52.64883579862372
2025-06-09,95.26407005962523,86.23219706819035,73.45065233405785,54.828193868846384,111.76041323327208,57.87048780586908,107.3899408882701,73.75998261357122,96.1581221394619,68.8768938375972,52.12258400920441
2025-06-10,93.90739775958745,86.6924493037363,74.19622992704504,54.953084509579796,109.32011674222416,55.952156702697145,107.03173794335605,74.725570398228,96.83907405943908,69.64881354197898,52.94655089660595
2025-06-11,94.34262166426628,86.28909552975679,73.53266864021163,54.361574338317396,109.12937849767962,55.89055696850148,106.9089108852526,74.94370277359674,97.24298085565412,69.39544248266344,52.18506925794975
2025-06-12,95.47304543875282,85.50837406294099,74.12007766275964,53.10047200604759,109.56056474983804,56.60153434212844,106.1491084296173,75.1991348191485,95.6305443255504,69.56142722717202,54.13120155053127
2025-06-13,94.41488740165632,84.45883334406143,75.18802135651983,53.996780809644946,110.0574881458777,57.26641625087141,105.41442921669277,74.74340299059642,97.05595743746663,69.0610907254727,52.053907289119685
2025-06-16,95.2400297750808,83.62834895535448,74.33326957474777,53.600179553688946,110.2475299706519,57.05321193164835,105.50241970920429,75.38207387086142,96.85207136826665,69.03001194044487,51.56391621440911
2025-06-17,95.40379243803382,83.5597411011182,74.34948442105653,53.66649207216083,110.10858722703809,55.983702352911806,105.67196091888403,75.61017835583287,97.05482968523376,69.04555820249809,51.08958106865998
2025-06-18,95.77583918655374,83.66599974501135,73.33573067282877,53.43357036967709,109.823912410091,55.287138852056735,106.05358722620537,75.86195579956835,97.45610749971198,69.25285972299878,50.99850813184687
2025-06-20,93.6466853901896,83.99208670306223,73.70364400903154,53.57127057807622,109.40054291770232,55.41203731653448,106.44501280337136,76.26526498817726,96.70474505861065,69.4984168383792,51.129444774147345
2025-06-23,98.8204777267767,85.79213701314055,71.7755947151995,55.514825918561115,106.75912761838457,54.64703810693547,107.32283327196409,76.19254038189223,100.46101244023018,67.30292165984588,46.53210861555976
2025-06-24,97.89753631142727,86.46894721992156,75.21563966734422,51.019503680950265,105.47215226733245,51.92365283378544,105.09010939768567,79.81636535442846,100.06382463010111,69.80262591357757,51.392626379494445
2025-06-25,97.37256686870785,85.5991605396593,75.13554025977837,50.90783148960418,104.65334515142453,53.03777434833577,106.08891541391566,75.7557027207605,100.8259808831994,68.47371414535256,51.42744883813449
2025-06-26,97.7075704214056,85.61584042931858,75.13025664050953,50.66476056434226,104.72708537628698,53.16865788088366,106.30362259712409,75.72274656051428,101.10461143522635,66.62020608952777,51.291900325963326
2025-06-27,97.7674271022604,85.66069898892152,75.32701116929336,50.51587807505772,104.96282073423997,53.25173296113683,105.3621275689699,75.93952197342296,101.27507785308556,66.13601728586369,51.53490072583271
2025-06-30,98.00295906157594,85.76412897662351,75.41831783698281,52.46887309716934,105.50257144581606,53.68793680288176,104.75855751933103,76.95438259301386,102.29230130547684,61.707012583684886,51.40515524372235
2025-07-01,93.517128853312,86.79974902218049,78.07642458936328,52.08495269972481,102.26873555363724,56.12402860261339,102.71362739466545,76.00191669783393,101.35992143161991,65.48859888018582,52.42689782141478
2025-07-02,100.5493578604071,87.19312300549896,76.8137318130646,48.955914944624034,105.29826351779832,54.03685108097107,109.90214526246268,75.3140214782166,91.5490406602047,65.7888078544269,49.9301285377313
2025-07-03,102.20412252815998,87.55321169287924,77.00934229707484,48.77570716758305,102.59722673865443,54.441636097786244,110.70692233418815,74.93741133006108,91.20596891652924,66.15313965821403,49.24524507440782
2025-07-07,101.36734660487936,85.67022979121772,74.17382503363906,49.17285478915485,105.26880989333453,54.446524810145675,111.4086888519461,75.4352415269712,91.48883632131994,66.63120593568813,45.492736261474846
2025-07-08,101.91409937015656,86.54630587133711,75.70885417470211,44.89267859457955,105.12182255770422,52.79231899752569,111.40055345796317,74.73775961078351,91.74638754582998,66.36156394145371,46.68392429917791
2025-07-09,102.35778660125291,87.77979211259273,73.11428591672717,44.0144901838126,106.00514703617678,51.91643222275806,112.29833718087134,76.64686183125353,91.30783504191305,66.86077153163127,45.443971556434605
2025-07-10,100.45946440028366,87.56993593558488,73.89865731184577,43.93297815084674,105.77271229325484,51.19525550098315,111.84689625075654,76.63891213839713,91.66562269212012,66.55341317622279,45.5851764511398
2025-07-11,102.30264155731682,88.05246082711228,73.7915327733194,43.7433157915961,106.38850949304927,49.358688523127995,112.72434643744535,77.11240987722717,91.27560984473554,65.78746494280331,44.71831102164063
2025-07-14,102.46498459686833,87.07798992624936,74.02882685782211,43.84826366350497,105.89796548596166,49.181878395843725,113.12426017287088,77.27100065839736,91.29043680903219,65.68415058865182,44.53265923972035
2025-07-15,103.18210828233117,86.47313903828649,74.44536000596136,44.837158980064444,107.60276084728613,49.90080493642785,112.62473555299857,68.82306880818722,91.34219673359864,66.08007370837504,45.600989280558125
2025-07-16,103.52895316229255,86.94234960601881,75.41052393639326,45.16315146830435,104.40324933091499,49.32319366048575,111.69333456471223,70.89224307857494,89.81740931293758,66.1090376757545,46.062748684183305
2025-07-17,105.68799006173329,88.03570065692219,75.86888869454145,44.86608242557365,100.09632381204729,49.229952975093255,111.03870083799302,70.68693047889876,88.58761906009047,67.89783805204497,47.187103300113925
2025-07-18,105.91390371294354,85.74074141353378,76.58974522583071,44.29560739660917,97.31301969930283,49.66690392734607,111.24226377761057,70.33684201582221,88.84354079181497,67.20965816057785,47.04041548798773
2025-07-21,104.95586390607006,87.3283835808638,77.08029509159783,42.23936614648293,98.90549561259799,49.38234172340741,109.82393512406773,71.93509312398182,89.40484501419219,68.37129584760177,45.94684209670085
2025-07-22,103.63674801965166,88.5496905717312,74.68097260733013,42.56129984935809,98.46203685190098,48.5840027673944,110.49200202286384,71.77326332786622,88.32314971014426,68.12461857161644,46.50416414061443
2025-07-23,102.40452420339071,86.73294305748111,74.92681925452898,42.5575259579148,97.64960301375024,50.08963399115015,110.0687631849078,72.6371417009944,89.69275669011785,65.89430240733557,45.34779034900987
2025-07-24,102.15828914189267,89.44671041421243,76.65827810621263,41.81259887538006,97.32730793247687,49.344938177752354,108.23471857611256,73.24446255477311,89.75770409947656,67.66457393368644,44.124446167540725
2025-07-25,102.00751531856561,89.95369270831293,78.24729464183955,41.579952308385494,97.08409498164922,49.54334215701647,106.33850833183507,74.7560183470728,87.19701399960003,68.84735618620083,45.74083770373881
2025-07-28,102.16244811989588,90.10335582508228,78.65949155468218,40.37468995054294,97.25691316896176,49.93578576647555,106.18978819211011,73.88682775257973,86.45628306027969,68.49117705288643,46.081395499297116
2025-07-29,102.12374818143824,88.15067816605331,79.70817184611639,37.200848245655024,98.15928531692987,51.01801684756873,105.66050891860752,72.43779609677001,86.23890264948434,71.32205766416634,44.820338326686986
2025-07-30,102.15081687580948,88.69943568568087,78.40649156466093,37.67351938365882,98.42138638309085,50.68859701242961,105.17633060640397,72.51956566785799,85.65210229561714,70.47734016554,45.23876862734926
2025-07-31,101.8519654372537,89.09389609102693,78.90092289564814,37.51461207322953,98.63310249810395,49.521520687328675,104.28432767436215,72.32249214379407,86.623123098011,71.38664787264574,43.53287946525421
2025-08-01,102.22684700541464,88.95419293359993,77.4644737557433,37.42468607260817,98.4387534044366,49.89436246807404,104.21379007122864,72.78065259733143,86.85101987846801,70.852112916726,43.51916881873942
2025-08-04,101.02587186395282,90.17453736275492,78.90588712426921,37.284956456721126,98.43370948119068,49.57756498400227,103.74251727247778,73.06104256517072,87.3598083138285,70.40269039593305,42.148970813982906
2025-08-05,101.40593879798438,89.6468048296669,78.50360011109102,37.358797867723744,97.6812097497864,49.081567684289254,103.68388377898381,73.04168387465924,87.50958084895576,70.59282990662821,41.400317403803804
2025-08-06,101.60721044870827,89.5810999060082,77.39045135522609,37.482701332927334,95.78411772735983,49.13696824714882,103.83190012493226,73.1907977774642,87.92627294118064,70.5997751545808,41.65140411675992
2025-08-07,101.46425618062148,90.96069228560282,79.54010670287683,39.38553019017999,94.46791249596608,50.1602824601931,102.87507401655267,72.79885387652776,88.10781897814101,66.06591741936158,42.08020406150676
2025-08-08,100.31610250182202,93.47644369199479,81.9671621851602,38.38133021681066,91.85220344388362,48.89817593541655,103.82344783073569,73.06260660016893,89.93378703745996,68.82892307160023,40.01998807377391
2025-08-11,101.79776551266139,96.72032665862773,82.42595654711566,36.77251986114102,92.59186931388207,49.11340041381976,104.56647054552121,71.08756197495559,88.0404877324634,69.12216875384588,40.16567142111464
2025-08-12,99.01598742946123,95.84261823241476,79.87396926028921,37.95905464090677,92.28339668351427,49.201708340444895,103.77338096736764,73.13087799910957,90.46692210663454,68.88172899679722,39.07786449589913
2025-08-13,98.78265818979806,96.14504729190081,80.29743338308133,38.001289332297894,92.52743256831403,49.22729243665756,103.6390640476204,72.91605204719238,88.67637601068097,69.0527564092336,39.34487182441884
2025-08-14,99.02052010184083,96.74465948993665,80.31228208339954,38.302271866956204,92.89752692740149,47.23649942600149,103.060924743672,74.30825002451984,86.74750569788648,70.40792390861756,40.686269269902844
2025-08-15,99.42265122061099,96.96627478396434,80.37309055927815,38.49960082405969,91.07486640705376,47.40761206722804,101.38943126558286,74.60876469589726,86.8513054348201,70.66984896499132,40.93762916514886
2025-08-18,100.73349091445962,96.4510358286382,81.8290250905524,39.118714414517854,89.65676253400189,45.87153720843878,104.87505466695141,76.23186962182325,87.1056473867826,69.70104110389994,40.78325934318574
2025-08-19,100.58218849773897,96.21187205616133,80.8954473016063,38.4050859987512,88.15122012789229,46.546444510975135,104.39783655065806,74.81982231830185,87.04792658590617,71.48360903547841,41.03165571066144
2025-08-20,101.08812989033919,96.04486202694818,80.1832395674209,37.95532329109639,88.12068964802553,46.29025684088646,104.08613866957482,75.00471929383734,87.00573218915083,71.35970912773412,40.410410655546784
2025-08-21,101.73599256680919,93.84215245090408,78.05444252237763,39.42448892993569,89.908986876171,46.35543913717997,107.3174502550441,73.96123747992397,86.56915319458747,73.81987475705203,39.905142381836974
2025-08-22,98.38039135271183,94.36309053799705,77.40363569724754,41.177666598701194,90.96355880386834,45.5618055528372,106.25434328607487,75.71993841947075,89.59463907087226,73.27596456183464,38.19907501761702
2025-08-25,100.05709456668072,93.46041680002962,72.42678733321698,42.33799586534105,92.18562951617719,44.61220698265576,103.33770287280204,75.75778672513003,89.22722445910323,74.70425766864571,40.15718883383118
2025-08-26,102.44560868722542,95.53267692347491,68.52000898382714,44.54837031454415,92.1819879122664,44.079754892730804,97.60398197469475,77.97608150028799,90.98065199509317,77.23930991739408,41.109699616739086
2025-08-27,105.66418652063899,97.66426805317244,68.72694035441705,41.68781602051326,89.63050966186447,45.52354857908154,95.13045112514159,77.37710900827037,90.6592462203276,79.96652818916886,43.5070252568229
2025-08-28,105.41299662572968,97.10553982698104,68.29127796495449,42.463501643191485,88.15779389624892,45.54926928147349,93.99835531624963,77.70706736509275,91.45799849210701,79.61247490677312,42.712870794104994
2025-08-29,107.20704759610855,95.54660375277938,67.57954892303306,42.539372967809996,91.40481171821769,46.06308090561156,92.01580925932448,75.795279563124,91.40887592437116,80.66438294682507,43.70887216156012
2025-09-02,107.25927269341973,96.21621619022457,68.39334525028286,42.209289911264264,90.38536775814472,46.42933022183851,92.3995341635044,77.96881958802865,89.29236954253113,79.22768551863834,41.763530711028324
2025-09-03,106.8748317658504,97.11270465299556,67.34259602741692,38.91737568362295,90.1769544774758,46.523024082289915,92.53644631567812,77.95364919596788,90.76537717678927,79.20403659282523,43.02520814812041
2025-09-04,105.58350405659289,96.9550075777549,67.0121990785066,40.679354202558585,90.11696353713612,46.85471657207174,93.14035526821334,77.64072126832471,91.15216468589776,77.82085595837673,41.950871087389224
2025-09-05,103.02283299195793,96.72718451205618,66.11503133751572,41.38678543945187,89.39708605295806,46.114125787261685,94.08202941656225,78.41619481756344,92.44393650545645,76.28848238893504,43.8015633030699
2025-09-08,104.77175695904899,97.88400159559582,66.23688100769634,40.50105794652935,88.32006104760862,46.47658675067644,92.86294660024959,79.01626397226312,90.63350909629229,78.81113180050319,41.49731760539642
2025-09-09,105.22258407567051,98.8915108998317,66.63557952386813,40.50468821172144,88.27269050573824,46.789694007875966,92.60400915570497,79.7920097280772,87.18522560366057,77.97458685528677,40.98881290277065
2025-09-10,104.85855050285713,97.65890851611611,66.54484781729253,41.27337734201551,88.64405794315478,47.149630472288194,92.74547367481507,78.82865833331562,88.39033860578733,74.97680633694476,41.80613407610912
2025-09-11,105.08729098368549,99.31249285617373,67.61291985085622,41.22221203490219,89.19756562599768,48.31440927840802,92.96433773647236,71.54755908172933,88.40208232273064,75.27011796751788,40.59369046659293
2025-09-12,99.62066936949441,98.70350559889478,70.17895132834231,42.688388973829575,88.90571882727369,47.23591337265608,91.9221939764622,79.397191327387,84.54330004332755,76.58335595993536,42.088567622680436
2025-09-15,99.13004537121587,99.04296513380953,68.7401025421118,42.39367417751382,89.65035564991942,46.25157900467368,91.11250035399894,80.95880889470828,84.46956144535383,77.9180192542733,41.70407830062176
2025-09-16,99.09893863755016,98.77469578726125,68.75609832404699,42.30371617005024,89.91433618492525,45.89420472067969,91.43153359971986,81.23564663578307,84.20000304100833,78.1354357638295,40.54539402252294
2025-09-17,97.53419527409399,97.88609809477644,68.7835924403969,42.65509071001294,90.09009632796166,44.39091836401847,92.03874982171916,80.39466840189255,84.44645695354056,78.70934646958167,41.66675750651572
2025-09-18,99.21226114185365,97.87172625302937,69.74358450733112,43.1895213611184,90.1519836466627,45.820345239573285,88.68635170850172,80.75926231276443,81.82749283675052,79.16530032295928,41.64737085350286
2025-09-19,99.95023564647933,98.7806952311341,70.74262505867353,42.08317557983724,90.09852288021075,46.63878965464972,87.00581162809529,80.61433946827425,82.08132967037062,80.3376557577328,39.61787362431864
2025-09-22,99.3951439586817,98.26098830290178,70.57979619770776,42.26681249719967,90.2527227683246,46.20498957469039,87.22030016227654,79.79952092710403,81.26625491149392,80.38777654010218,39.44718113413828
2025-09-23,98.24803241011473,97.99050988771286,70.69142395699542,41.93293052549688,89.82328497053297,46.21865914836432,87.64511615096207,80.56210708044576,81.15248669831641,79.51667351336297,39.50974847010765
2025-09-24,97.9968155740819,97.8105132284379,71.13898744233765,41.47993784292245,89.67481282469726,46.459443615098245,87.6615403657406,80.04793438624277,79.77317776969822,80.21938358359053,39.88383434389051
2025-09-25,98.04110161383119,98.15302705501094,69.97304846363357,41.34508215320393,89.85933400887959,45.929461569148934,87.03120362747356,79.97996744893202,79.96347073608959,79.9174782509685,40.08595447987427
2025-09-26,97.90628903599175,98.07028392956384,69.71732948917517,41.43121766274483,89.65615444322036,45.93556715031455,86.4562818770042,79.95719184652934,80.06785368296177,79.81761155086625,40.11937509011448
2025-09-29,97.50508940887092,97.36242122321048,71.5094372226645,38.58990271043916,90.39339391693895,47.28626729750771,87.8310288741981,81.53772087911592,80.22249125299447,80.84414468772167,38.783853162674454
2025-09-30,96.10243790216482,97.77680023889157,71.42236923829722,39.05023806174937,89.63068692632304,43.616301827349155,88.27280909963709,81.12632342098078,80.39539650869862,80.1672598828424,39.142688072213105
2025-10-01,97.01137852522228,98.01233792593835,71.98561713617273,38.523125047653394,89.96672693053719,37.72521585423137,88.27902603442875,80.47907967665068,80.15790308624172,78.90973051162888,39.36373996817753
2025-10-02,98.13252216844779,96.83152156698726,72.53325896488398,38.84288667002588,90.96798682774383,35.29397074115175,89.2426027520074,80.26587399516711,76.9646148077863,80.55798591331032,40.018799804393474
2025-10-03,94.59463893639769,96.56072304792094,71.47753297776083,37.336327838470666,91.32871359147529,35.65950220403957,89.91239810594735,80.59282308786867,77.02733611933303,80.71306247596863,39.42511727917903
2025-10-06,96.23672595172381,95.40919596021021,72.21745954608159,38.68027508893884,89.08420875321471,35.13180666672185,90.35383237945265,79.95306146503218,77.79829634145119,81.00777613544135,38.34583299123898
2025-10-07,96.49250737124177,95.88188497750185,71.40542475444296,38.65503508936739,89.46185266369572,35.23974960427531,90.52249152476902,79.36568020297024,78.12037387203246,79.61728592364896,37.24906419650025
2025-10-08,97.97768056473453,93.90685801748315,70.2892027186132,38.02218171758699,88.81436367524284,37.1841160355149,87.50595343767262,76.05914514135527,78.19784011154707,83.11759616377896,40.731478848166084
2025-10-09,95.24568646948599,94.24990478648559,68.21588165910194,38.5304015489578,90.53931681213601,36.241638065800004,87.4149668785953,76.16057188720761,76.52516994172709,80.64547342356875,39.90833261999593
2025-10-10,93.2584133216546,92.45611176178696,53.07676082661311,49.26644316792064,96.93142791903088,35.85965345173617,101.84694940228775,75.10593550314104,87.93530970300701,78.22435591150902,37.0331762497426
2025-10-13,92.22071114136472,86.26778959136487,59.92013664631728,50.560957191842476,93.24850715908201,37.34254788520921,97.23330742093152,71.37394465195791,83.6474131956501,83.08645226416884,40.07871945810254
2025-10-14,86.86404392683772,91.67970900265838,64.02199425955592,49.06217724176645,95.45492291776443,37.58835906275807,98.79020974971775,72.29342112326972,88.56567144312616,77.56567996234836,41.65389338926235
2025-10-15,86.78006599175006,91.30475412207593,63.513443294905514,49.169036499708675,94.75449178119918,38.055439458101446,96.68561002438575,72.25624300103351,87.19683007155493,78.35562823590743,41.71822662395842
2025-10-16,87.57931639031169,92.00885825928113,63.88327045277623,50.411535608711695,96.03949711565043,36.990895492638764,99.16720389888022,71.98785351664047,88.80764256106448,74.56058388357603,42.073384825154434
2025-10-17,85.80851862460335,91.54091327053139,63.10099101740688,51.81610720194457,92.61291925917178,36.86123176993169,100.11617790580206,71.04449687806031,89.32656584619802,78.15350157332341,40.52296328189873
2025-10-20,85.4372725824745,91.48308118547047,63.658049800637066,52.98122823938994,90.58608101880745,36.22123002884241,100.49011052587355,70.82369165987582,90.06662161839904,78.87226864179428,39.838102230877816
2025-10-21,85.36020397187657,90.6409022479403,63.53824406848487,52.021488997643615,91.24978274092253,36.17055419679534,100.68562186718698,70.31440102996629,89.45129052740309,77.55670913905715,40.16810393686551
2025-10-22,85.69705521810216,90.97566125221891,62.704994960392675,51.9583540372571,91.55410082003439,35.961516836525945,99.84263451416561,69.4605999204119,89.28415915413022,75.77146164780622,40.48400704849068
2025-10-23,85.0143993236341,90.20019538120913,62.497635397059376,52.157040199366,89.86497549524665,35.98711494071061,99.86912225906687,69.3269567100367,89.66261039381297,75.85801565617822,40.41786578586338
2025-10-24,87.76144492092013,88.48984132416106,59.683905134257145,51.784290741888526,92.0874810551996,38.08222121348568,100.09842442389066,68.85269566372764,91.2664714447846,75.2934772572034,39.65622120830949
2025-10-27,87.83000475640917,87.90820599350243,59.6859108370617,52.282831959818935,91.446593983638,38.473874979009985,100.6402697496069,69.66145067417149,91.60488885050424,76.83568710023296,37.297795969787266
2025-10-28,85.24882901031974,88.48116093794414,58.484766613755795,50.441119814568104,89.27351644494385,38.421887057446504,100.07559106380084,69.27945291769758,91.49552052684065,76.01444329422426,38.17498787232966
2025-10-29,83.04793723676094,88.81629887384108,58.48647134390782,49.25762664711311,89.15422853583003,38.744551486571126,100.37036890897919,69.42489065577477,90.72664006016848,76.44372760920216,38.38774089673584
2025-10-30,83.04305022372628,88.91734491602863,56.73121774687956,48.91922800475055,89.07302631780335,38.852451975141776,99.7456826001546,69.18036789430043,90.71735589785527,76.42977468359969,38.35210200387989
2025-10-31,82.2280290429959,88.836204070172,58.20483051386646,49.504156690605825,88.72600311859543,38.78396640434049,98.80525203119026,68.88342712220059,91.2335481238968,75.77452318208314,38.769905092204795
2025-11-03,81.95991256835303,83.90033180921029,58.310338133047566,49.32017390457818,89.37407096423942,39.312959580581136,98.70376621648128,69.47202875864267,91.65439739077027,77.06859906409349,38.71791686765317
2025-11-04,81.11651030511278,86.85773716763447,58.89927797434385,51.1754108754163,85.27289540011876,38.508306458921446,99.66532245721184,68.5327738586955,90.11194091024221,77.23966089063033,39.786706142678675
2025-11-05,81.26824657444713,87.52659353302488,59.22437368156088,50.830101070976625,86.58230998287466,39.424864282625705,99.39835717638205,69.742363448696,88.60567667745246,75.68055125873654,37.5776633581566
2025-11-06,81.57460293807637,86.32463669142926,59.483148962384014,50.948076848267505,86.68291400693684,39.119688793939915,99.68021009318852,68.75530735605888,88.6669006925826,74.19673568690196,37.49970118369907
2025-11-07,81.7824899426601,88.28294604073317,60.100145440343375,51.250967248439636,86.2611280598176,37.849256917168795,99.2902760236766,70.95111727941857,89.20410808799352,71.98126623373778,37.262273058721185
2025-11-10,82.19075838843443,87.9370808523422,60.21389379942533,50.648441531603716,86.12041585043387,37.96126220253034,99.15725786659956,70.9669411797338,89.16349784837061,72.29600714227556,36.57410198057428
2025-11-11,82.77239215958062,89.33110458873254,58.9378329999305,50.0334572941853,87.00843273876598,34.579799371902496,99.20235775443571,71.40477232141747,89.09576932115789,72.71060082093634,36.572777568957484
2025-11-12,83.04574728789152,89.87770660433435,58.54883059975472,50.126120285675135,85.6300281551895,32.07886616219715,99.74605313358623,71.93598208064981,89.1116274255359,72.98916018781654,37.050781574007054
2025-11-13,82.26854463255194,92.3914532869636,56.11355770720778,48.769408571611464,89.10770229824007,35.84289965492213,100.35644603082065,73.82413437139643,87.75779124142974,71.06829647385752,33.52442167200152
2025-11-14,82.28335213694746,92.40786993383887,56.488587399221885,47.84500318150563,89.02453000409695,36.03517557843916,100.8738244892045,70.28419939373032,87.6835490487642,69.68453830594555,33.79428158086905
2025-11-17,81.78426159380417,93.66936287661251,56.693390901224575,50.08206614929916,88.85246369375984,36.583827369421556,101.23211382647557,73.67629289499752,86.80384738001415,67.37139758740177,32.577344461083186
2025-11-18,78.95374388838478,93.46178955201468,56.97858612477657,50.01094766176125,88.26966121606432,36.498910628412986,101.35075653200606,72.48938534306463,86.88002065595468,67.90318794374873,33.3179094009304
2025-11-19,77.79690959518811,93.5815739579539,56.89099237551552,50.15401270939449,88.21885904094908,36.287647530114995,100.77808320046152,72.4693673433441,87.03544187304728,67.95531682439615,33.17328181579512
2025-11-20,86.32682380878084,95.874877018752,50.81723996617573,52.84617049141132,88.38670551389643,34.73994485522811,100.4090547444988,80.36186140583344,87.86616730667737,65.43544120205786,35.44744118108378
2025-11-21,85.92519319035628,95.16319095168024,51.19996433568564,52.71279301867537,88.02975520023323,33.714017749090466,100.13052207011637,79.11718404773954,86.19853668098752,65.7376232291976,35.2412441929313
2025-11-24,85.3854436857803,95.53882315803234,49.66581776594241,52.596998628301364,88.604454125644,33.636720712663234,100.20100220294952,78.00433003398304,85.98852173475441,66.28811911447498,34.58397694057015
2025-11-25,83.31983099056671,95.22613333996252,50.12207840899164,51.66721010471775,89.00550237654083,33.565010500508706,99.9962264799135,78.05260700904923,85.67493972819473,65.61819619663181,34.96220643563881
2025-11-26,84.56850285425129,94.86974963118598,47.74419984435444,52.86621930480596,89.54276751002696,33.273627404686735,98.98495310769182,77.40587765030308,83.37391503666225,65.77212324659348,35.4501781331713
2025-11-28,88.77628315120535,96.29413366505463,46.73045469496045,50.28449489768296,88.79164851415075,35.7576854217982,99.09291848694942,77.44730844974282,81.97933269819633,64.89104667353482,36.59603312457614
2025-12-01,86.51472956095971,94.61726090691005,45.48279034661681,51.39309364768976,89.95080498304188,35.90719510038985,99.38679119550697,77.95133348062531,81.26444105801322,63.61361727469114,36.287486901822284
2025-12-02,86.5772758357053,94.2591665483401,45.292711675829224,51.42240960071218,90.04171296902167,35.986763303095714,99.47016486468598,78.06139476443502,80.14589606532216,63.547365949056555,36.3168187949279
2025-12-03,87.37674345518289,94.2670496787715,44.38841678198486,51.19670742926017,89.12415402161399,36.688359501367884,99.65447436403971,78.31242017119995,78.90349673623301,64.29845771298001,36.24663832895963
2025-12-04,87.77479016074422,93.7504435739157,42.977403713782955,51.3739910938579,89.03182089306982,36.46187712578385,99.59132578654777,78.31127386004772,79.554772461595,64.89684242373646,36.08462019652728
2025-12-05,87.00794376278054,93.04897094029397,43.39173034308359,50.812430877177235,88.91723620721186,36.511166658021885,99.37089554246671,78.27848482285007,79.30672705105819,63.7800259508634,36.20126888582675
2025-12-08,87.71848994806412,92.60249343639073,43.69378185311475,51.213831677485985,88.41674292533266,36.80081846011356,96.52133694965009,77.40121705187133,79.6307760226888,61.80659020911226,36.19069405097885
2025-12-09,87.07684906612624,93.00283152203816,44.381256714203076,51.418965117180065,87.83661000746912,34.32139221941138,97.75625734401602,78.77685542518253,79.38065638333627,61.12139746449819,35.91387343740594
2025-12-10,86.84294667525096,93.35428848796029,42.64120786187395,51.326361802505566,87.62132324407672,34.42395369113218,96.60759794406836,79.49192583946248,78.04115633400711,60.01560347860479,35.666023690487556
2025-12-11,88.24713677769331,93.02249253442335,44.10059302917192,51.34739178614054,84.1935146634051,33.89438028281264,95.9418533046647,78.2763888281029,73.5729336531755,61.209329435537875,36.10350517281001
2025-12-12,87.04181168279139,91.60662165543253,42.53598626362481,49.749645598387865,84.61595132464197,32.67802902200892,98.17515776395935,81.09665699236383,76.82119693015709,60.77904666899952,37.03469398124533
2025-12-15,87.60726940215262,91.98855579095522,43.76209674361296,48.834734675343704,86.0541417809194,33.108413446588386,98.0077727594059,78.02875210272701,75.8146613760012,61.076833550822435,37.22574738734624
2025-12-16,86.14796003648371,90.00992490202488,43.650286059285406,49.73393755115988,86.06155490115897,33.47053520098689,96.93764339954136,78.2978674929863,76.31016848768165,61.158270905602485,36.402555079448476
2025-12-17,86.8398138516154,90.69358145265706,43.4998608230564,48.54619800148768,86.2205157890693,32.37745426062635,94.43468706369899,77.4548357226397,76.39536281839335,60.9263976877275,36.51826510259024
2025-12-18,87.22291521065988,90.24597129839408,44.06363061685038,48.029500693447034,86.73645499956226,32.90379374406341,93.45937769480601,76.80689462387632,76.93356201725646,60.80352625749155,36.53960229290071
2025-12-19,88.58375779648371,90.1045141158125,44.701043967993925,48.55512463881787,86.6937303755459,32.323072484514206,92.90524271429722,76.08410149540235,77.20503430466201,60.79452924287895,34.364571194681
2025-12-22,90.01343004765161,92.06182783132881,46.44101436276874,49.53683994520389,84.37576443903592,31.96878084606346,92.40399120228872,76.03522529098709,77.47552895517451,59.43425683459292,32.85292844709284
2025-12-23,91.12857439089923,94.96433963926756,49.29467571852763,54.23220112753461,83.5105105079829,32.32789108998719,92.7651551184626,74.46911439138204,79.55844923936608,58.67250637663706,32.56981373993617
2025-12-24,89.09414208399252,97.03242217102729,47.76503177297041,57.681353306419176,82.45269268603502,34.108294285184364,94.81773372913923,74.66227289087043,81.44552380608313,59.98725252264994,34.62307428660656
2025-12-26,89.73292368668913,96.12074509510659,46.88073921538868,63.296616659328684,79.22638579814847,37.06455586269683,96.76024196846738,77.5829104073789,83.06499162957508,61.23203153856105,38.205507791055844
2025-12-29,91.69187903940036,95.62894517803629,46.863845964448394,63.26829870172456,78.58301222519341,37.57063181782562,97.62046453966477,77.68173121292102,83.2550602599283,61.71102832550938,39.26701592110063
2025-12-30,86.03790963362981,97.08808238322577,53.27154007071276,65.86706303412727,78.39927843590628,41.18201204865479,97.88263117092681,77.28027140431445,85.04872801061224,66.83975735463551,43.390147214298985
2025-12-31,86.15736552372061,96.90340911572649,52.69538810366329,65.2341144980424,78.59928732731647,40.764107375597675,97.51015800235858,77.15298142232396,84.83448206672145,66.54105296052613,42.20735420907348
2026-01-02,82.38787153455132,99.54937686895786,48.334334624102695,67.14005397102017,78.55050334502079,41.70857809435211,103.08288812817939,80.95713082939383,86.50481227494191,64.98499618809745,42.30454700109736
2026-01-05,81.74152106959244,100.86019187371025,46.76164861857701,70.15877642886794,78.67257739340405,41.54067609060908,103.10114005532367,79.23263339628205,87.40159970311595,63.96478667628478,43.45213581074809
2026-01-06,82.44843837241899,100.89912218143203,46.639210885105335,64.9645777071897,77.12265144119183,40.85699134628456,103.57895631260436,80.67628402868357,87.20609256787489,64.63222200862229,41.41662068437101
2026-01-07,81.76900104575196,100.17493721860127,46.35849490831659,66.39599338181789,77.36953476337752,41.07743401751977,103.0572762710352,77.87323069761977,87.91367177436915,64.20751383510462,40.20620353166963
2026-01-08,76.9647305446425,98.93512922845818,48.51618970016946,67.57615961427378,76.29748987778626,41.94228174424331,102.1802841979916,74.54730592094346,90.77658859139777,67.77448237237269,42.99765042676399
2026-01-09,81.09620333270342,93.45955442933212,41.623567312293105,66.86320164272745,78.72045978108976,42.32121799916563,105.9615663462117,74.08083759056672,84.09165899871722,67.65248089135996,46.04036933594609
2026-01-12,79.28081380856544,92.34968487969684,40.19402877410217,68.11103070386416,79.4381524350182,42.14352901608645,105.89843658502271,73.39979119961693,83.84363838671212,68.37237748576197,46.70041065775793
2026-01-13,76.58369600338368,93.36220124940559,42.41663648479595,68.42603984376568,79.054580661534,43.01689422302873,103.7113384514322,74.02128716107012,80.74113561539038,67.84748349674202,46.54896802170911
2026-01-14,73.35824483873988,93.65248719654828,42.09201677836198,67.1896973484244,80.11064793482205,43.05607917003353,103.01626966528055,74.40752200439626,80.03978291171664,69.02053769274727,46.949260827134545
2026-01-15,75.3318507954922,93.67938945786568,41.26855928354223,64.84132966642743,81.09392467257145,42.43094606327996,103.90963980051039,72.89083434020053,80.7051085406012,69.05257949716365,47.08286549094419
2026-01-16,75.05773468709867,94.39013249553902,41.60087423386736,63.71051799248028,81.34421242750862,42.69975286940235,104.3572955838966,72.99810285634206,81.13881734886537,64.41120936910195,46.964500153693635
2026-01-20,76.66236182588577,93.66445680518102,42.09504438149363,59.1282293385741,81.97930445984068,43.578428092067135,102.31010656933813,74.3956030076536,78.27084834604997,69.48428849141985,47.490567998824666
2026-01-21,77.21479164906229,93.94455114303686,42.62752934526239,57.47381308457226,82.13611990173138,45.104774669488414,103.46715154953301,74.96584894692317,77.06106371947945,70.0690682901449,47.388950347328716
2026-01-22,75.8969869188839,93.25667812706335,43.90423090570677,58.75151976598615,83.889026832759,43.447126844781096,102.3071720150174,75.0969379485639,78.17492525176415,69.06325684049159,46.03798617714396
2026-01-23,75.98057742029337,93.36859134686017,44.205490683501594,58.82591748587788,84.2718139547615,43.45656672732172,101.8559710812498,75.09520477655803,78.28691068978969,68.65025702079527,45.74526997958321
2026-01-26,76.42461641941057,94.33788773450425,44.5570367709711,57.09408533116871,84.28492127217969,43.738045036132206,100.23667481259808,74.98308875017781,78.35888638819134,69.47528361152098,45.945009174156766
2026-01-27,76.31068219836779,93.39873538345483,44.82984913583629,58.19692068788911,84.5332991719263,43.79596510999586,99.12446347195709,74.72706587829246,78.32402779691601,66.7902578991677,45.62248621320977
2026-01-28,76.61572189806229,93.00668099722614,43.72947775424164,57.67592681124786,84.01760271647485,43.96110785240115,99.28229751270747,73.55498978196285,78.39764305282466,66.08858853790706,46.77937567922309
2026-01-29,78.40295841546093,94.86332310091798,45.64252395249942,56.976363283155614,80.08296252730565,39.780491500666855,99.76417683010834,72.53377425706016,80.15029489586234,68.41863620780484,48.558782319294636
2026-01-30,78.23420820832587,94.7837672959695,44.71474284325587,56.59666756066776,80.13312479358024,39.97253100882219,99.78178158614651,71.89203430099978,79.72954859082026,68.54291911064492,48.66121713579532
2026-02-02,75.0340698874216,94.51235275371717,45.75141947119172,56.169295285984916,80.26353848854886,39.0025913422036,100.62255598770864,72.89668436153208,80.05557949773497,69.06278159195044,48.983639399998985
2026-02-03,71.71401480950423,96.83181366776572,52.06093158624298,56.033874891237716,80.8151729612704,40.54844911224612,100.40772026971385,76.49711647322304,80.27546914671304,66.93668177961074,54.348019725805955
2026-02-04,71.91714427643058,96.6309571561273,52.45898350032442,56.26576625339815,80.83567961708502,40.68576714387211,100.39401285076734,76.17169993532822,80.29410002139377,66.78731855766117,54.307727237392335
2026-02-05,71.10719280527454,96.74683012026425,52.526641969276945,56.318901609305215,80.85481511117614,40.78596097429654,100.18216885793392,76.10178904997004,78.80856911983209,67.08017722644293,54.232540794320485
2026-02-06,73.66405548319031,97.23609133601957,54.41250969761527,56.70026254043229,78.47600483216466,39.940417347503036,100.07779202173647,78.20842423692346,80.65560467540382,66.72879340107981,54.32810703923014
2026-02-09,71.75030451664462,97.2412944315149,53.72749312249713,57.29805799770831,78.77514727074751,40.21487377559234,99.71641046314038,75.65009000775456,79.6532074596619,67.3008780954296,54.584139352924296
2026-02-10,72.2970126877653,97.88492879280267,54.55761737356375,55.79457131998684,76.84777605725334,40.52093055420826,98.0141979747742,76.22562653814465,79.4264307408536,67.59652858746593,53.69151321058807
2026-02-11,72.50585169943773,98.18632621067336,52.94713648875951,55.81716577055354,74.6856889867693,40.841886815642994,97.95109226461894,76.04153880879157,79.55501242800229,66.57137652765007,54.36241076969818
2026-02-12,73.15978883483632,96.70146740511362,63.297982096192435,53.214191371607896,85.82705972931846,39.1999977997644,103.15792010590526,79.93265474358675,79.83124134927417,63.292972320910344,55.677246199354514
2026-02-13,73.56450483394647,97.04272166883479,63.1996218967351,53.17318422665099,85.57819807982597,39.77287681233924,103.0545408133373,80.58818222391835,79.31585595452677,62.80110784751352,50.9936277626953
2026-02-17,73.7732399864414,96.74077970565233,63.75557865402526,53.189464096900195,83.12793672260528,38.98212545847034,103.18366821493576,81.17117529616115,80.17258040450132,62.61270508125708,52.8804287574058
2026-02-18,74.2929415941669,96.94608755537837,61.47582373992959,53.156515367357315,84.83771202602807,40.6051653304479,103.64851700250937,80.2089618101718,80.84528181218059,62.15591232418854,48.599679980613686
2026-02-19,75.11937351553156,96.69658122384772,60.61278987318273,53.9784564787756,85.75930379328527,41.66394094611417,103.91436464793614,79.50201902607972,80.50979848299745,61.48412473786795,47.58286296407264
2026-02-20,74.76096362678209,96.19124534391402,60.94175095347829,53.27838818532948,86.35359788544457,40.41503514913199,104.75768112953445,79.16283579705677,81.27127133019611,61.02630945702929,47.5967694284099
2026-02-23,77.23671593860888,97.67818309095313,61.33573797501821,53.08274109601871,86.50238985613363,38.10946957028414,105.00230211446816,79.49469100032368,81.70917098785836,58.92336190548427,46.68681718988218
2026-02-24,76.80934416880477,96.88759652672736,60.69039367492739,53.88715176042961,82.496477290021,38.84342651370182,104.87802303622013,79.80849718597548,82.49665823135534,59.21923185911407,45.50431717581645
2026-02-25,74.52056226654126,96.3047773451569,60.9757444504305,54.00855299699204,82.5335611434877,39.438505061812535,103.6462463661479,80.21764894203658,81.49261390007462,59.8521505444678,44.72925776902278
2026-02-26,75.07149681553268,96.7577448295689,61.128521199419474,53.47732175871727,82.63794429999973,39.646348181416535,102.89853080743353,80.05372229808863,81.319971132867,58.66312813758737,44.38253972429057
2026-02-27,74.78539677234956,94.70994987993441,61.98344730028641,55.56678538820094,83.57858549678015,40.41636724662369,104.01000652359033,79.30003952391617,82.05909242751956,56.41750074560619,43.19571386144611
2026-03-02,75.38204599479201,93.86129989859607,62.35074451490682,55.98829364950443,83.8644679038113,40.19324394609658,104.00998389684594,79.46722112335077,82.38235666358898,56.61940085599737,39.630460033310264
2026-03-03,77.60754595822333,94.68971484408137,62.788542079540264,59.438030789712045,90.12418416460196,38.823639868798395,106.8488930130223,78.40846220420663,84.02225571098313,60.7192068800064,37.78814339047656
2026-03-04,76.04800304322235,93.76602684349281,63.716070499608094,58.23908954187548,88.32662481744464,40.244140532143014,106.94280307532264,78.89989838767448,83.49998405913561,59.90725611685564,35.33026011157047
2026-03-05,75.85271140313601,92.78421470935989,64.89497955216478,58.325133310415495,88.55139060775748,41.28031804668558,105.96712971664633,79.87311611262788,83.99889815803431,58.12541816594415,34.273730907104515
2026-03-06,76.54322452639917,93.17821453752977,64.11444738507858,58.61209465737282,88.13003898654702,40.56564320510423,104.76581417843309,79.70907917047914,82.94207252561566,58.01766404387766,34.610752138806575
2026-03-09,74.2535116256614,92.60375907721951,66.16348728090179,57.19551955892258,91.93130881975624,44.01433998376883,107.4489407045813,82.22201608146835,89.30333849359822,57.237159673722644,35.13857777853001
2026-03-10,74.54733482265888,90.97640500934108,65.90287285468378,58.31111408107755,89.46577656598909,43.93600888283608,105.34321460103102,81.89003866750987,87.90883841581274,55.35476457476865,35.83879730067386
2026-03-11,74.78487459152018,90.84275108794485,65.30245686987656,57.92903127909207,89.17988110808942,43.381762362888814,105.40127798907778,81.57169441623775,87.85848153536406,55.372227784697685,35.795597228711564
2026-03-12,74.83022407295859,91.53602195434642,66.0196620124252,58.77499822411011,87.914964636367,43.299760317078466,105.45251960682086,80.73343562495685,87.04390449926069,54.93259198182647,35.88318844747202
2026-03-13,74.27788552775463,91.86069631972643,64.26178298435921,58.92462712285451,88.70086059376396,42.963914932079184,104.56944535623015,80.3212950783293,86.44252633255705,55.45382317208023,35.66614172927595
2026-03-16,72.96849330981559,91.85790602021844,67.12195294541083,59.31937663728437,88.73364100865163,42.477207845988545,103.06008985629546,79.8457073779946,84.06933555696278,56.404605448345485,37.14553908046873
2026-03-17,73.09733636847437,90.49869263862284,67.37127806252325,59.60184899909066,89.22043476558618,42.51397984372523,103.16198708958984,78.57516083446811,83.83442941599444,56.15559127273518,37.24764651611595
2026-03-18,73.3941702361795,90.01979852213685,66.4011968101438,56.62128111213776,89.86193504559228,43.30505897856982,103.88683809287856,78.0146586827413,83.96620789872797,56.2190591713423,36.32589127861984
2026-03-19,74.52669991671875,90.20842530026296,68.85082667363623,54.115143127534665,89.75006126354208,44.27393135740216,103.9557990008462,77.87557038065295,84.79268379608628,55.625314453369676,35.74834084931882
2026-03-20,73.72293555779582,89.19409407838175,69.62483941435617,52.41048969742661,84.42541208194011,44.13870219984407,106.20123700876555,80.39224919959715,86.59568199615728,56.586763341447444,39.147202988690594
2026-03-23,74.61959129283574,89.10053440221849,68.87314356317158,51.013611234826755,86.14012372934823,44.35720392390615,104.3144492281381,80.09267950221839,86.60301578155045,55.529967755147,37.30553261583073
2026-03-24,73.82769357422936,87.17502019811249,69.25766057500462,53.86331339096789,86.20715733360699,43.496027766943264,106.15815234679445,78.90811266548263,87.09932648978219,54.5303421409119,38.361382105820645
2026-03-25,73.03265031764205,87.91478655638684,68.16188020366994,53.49630325303508,84.04553401392963,44.30434582326645,105.52489821133135,80.43169495207012,85.20316714981742,54.90502203890563,37.86391392463527
2026-03-26,74.42411733939146,88.63282503560075,69.4176816571096,52.962737885171755,84.60417089561541,42.65841915370293,105.41434444579379,79.9290603051899,85.87790269659365,55.25021445347877,35.59060935027159
2026-03-27,76.28726974300645,89.75734622976735,70.74865361753645,53.678061598686696,85.07739214787101,42.68447821040343,106.57884989120198,79.69252120716533,81.29256183681656,54.72341951330673,34.94740320076451
2026-03-30,76.26302115383771,90.05738120508587,71.18412238492559,53.62247077525833,85.65976073627115,41.02878051309719,105.49764506068446,78.81813901116257,81.13184456808303,54.89634820374948,34.65222762259029
2026-03-31,77.67815309067865,91.23452027106762,69.6188812634146,56.069939026600046,84.26757854443093,38.83315503953362,109.37893699519977,82.4048313222562,79.94638021157024,56.37636407832089,32.26098648974112
2026-04-01,76.39423957299006,90.55432051466241,70.34295897910164,48.18128402060801,83.57325757388269,40.16357080091398,107.52127689579055,81.56666884142024,81.70373183373567,56.89819693487689,33.95942980099346
2026-04-02,76.04743202605603,91.56442235658399,68.03538997735421,54.130180937576334,85.93300198189073,38.92551114512299,109.71672611407766,83.25828351776921,79.0394416154396,57.29911032867065,32.407860642766416
2026-04-06,76.07894501300989,90.77679518132575,68.39934516983392,53.583437789914264,83.28354351134234,41.09324419217971,106.22265334343871,81.70355747455291,80.65328329733315,55.59422693530576,35.6671706617775
2026-04-07,74.20970735340325,91.27985631073633,68.71068601894213,53.2953867002787,82.824329274292,41.229401184158895,106.38308131349156,81.32096368459864,80.84521958093035,55.9669665700379,33.74447613968353
2026-04-08,72.79334286977202,92.52195560122658,71.13487775653861,53.76676570868152,79.81544445541921,42.35040859201715,104.91067627569235,82.2847443174537,81.49727558765042,53.88506821813451,32.862219686607496
2026-04-09,71.49518391407022,93.31806047554699,72.48757986215679,54.14616893969085,79.62687386370474,42.01709372814967,105.41815503469931,80.00007143162554,79.49469509375277,53.95482221471782,33.52987512851022
2026-04-10,73.22774218435737,93.09811282352979,67.79542219640786,52.740684129692546,79.37413166566851,40.10384876378019,105.61927999286506,82.93267930176644,80.81410524002953,54.282851466564054,32.38476488935393
2026-04-13,73.18028837587673,92.20834637334653,71.02875738006287,53.69373611889877,80.17312286826413,41.47280950728348,103.34823277218642,82.65534855990886,77.73020945917537,52.01297159439502,32.9364394684047
2026-04-14,72.13411924931481,91.60411104734546,70.76724270277401,53.97339716673172,79.20979518652454,40.529299663678884,104.10836436796657,82.05372651161643,78.3106424103734,52.23756437519229,33.037917901276444
2026-04-15,71.8331728004204,90.96997455125924,70.81136677060539,54.03675101605276,79.52648032528003,40.050281583072405,103.34132387197023,82.81329322288147,78.67799736500255,50.360424829458196,33.00236017108239
2026-04-16,71.93538329798595,90.61208256490725,70.6486176781054,53.51382025865065,79.61521995203368,39.29865716761034,102.63800165381564,82.97728311401009,78.29618722509879,51.0114359027268,33.45014414803634
2026-04-17,71.13212163265185,91.08858495740317,71.22507252327921,53.83009680144899,79.42823379148027,39.34566425843374,103.59664145720438,78.23414856417273,78.56949121478637,51.16366984622579,33.4566127170372
2026-04-20,73.24611283619994,89.51985027350557,68.69030359348348,51.35388176062378,80.62466078403145,40.42287065754318,103.59528828185412,82.86681220712835,76.54180907468609,51.68813451439179,31.799542398883535
2026-04-21,70.83029037966195,90.99230580829746,65.69256803027896,51.93685956420941,80.7068901302134,42.28423300201794,103.4540151816266,78.58139143091101,79.0935701385807,53.14475067769695,34.90311132140888
2026-04-22,69.51752158605422,91.08658648268239,67.2406323450852,52.34803831432396,80.69387750529556,42.23510756157424,100.8095505845138,79.27444823286623,79.30965622932278,50.83915801293294,32.36335011941435
2026-04-23,68.03664609442852,90.7083554228612,66.01454518315373,46.42131688933248,80.96563457502839,41.21323753506072,105.34070832073951,81.85197072984894,77.05372677426719,52.15417399650693,36.02294896480655
2026-04-24,64.28495093058227,91.3300668698574,65.39039521043857,49.20722788498955,80.83699611444233,40.83117399214652,104.45620559679381,80.62567265957276,78.24064282926741,53.973445639202794,35.132108326083056
2026-04-27,63.54069552259207,91.26899237611927,64.70307866547023,49.116219092566375,81.62966668596094,40.578954792009576,104.57227580577536,80.56428295475745,78.37012065462527,54.11585666527746,34.62917614414628
2026-04-28,63.364249351726826,88.8613642903792,64.41652295954746,48.92245357213858,81.96701221562346,40.78883374434017,104.6465944541223,80.82769312694398,77.31595621028849,53.90573734324033,34.240920663143605
2026-04-29,64.59285289813018,91.23773328485248,64.33977079747048,49.47243422865367,82.19642951881075,41.073300476502155,102.05219391485534,80.78789974730424,76.09418755762124,52.347093084908046,34.069865301624894
2026-04-30,63.244354831397814,88.83424126426992,63.612163333955166,53.478484838759975,83.20890733607737,41.98794217734878,105.44874571405309,75.59793845012746,76.23606686916374,56.77554799420874,38.625460408801786
2026-05-01,63.23752288035879,88.74118772442104,62.01708480575945,51.49765473244331,82.50605317817812,42.22856911678682,104.88817270103718,76.564886250866,76.51137313658487,56.655887749543645,37.07585053722689
2026-05-04,62.92075923972536,88.29088175552525,61.47361556888096,50.93759387589689,82.57797349873915,40.45512507797625,104.92831339868111,76.7703389299151,76.82262444881846,56.835240733559296,36.74982889803136
2026-05-05,64.15595107300378,88.30177002065956,59.49213377395986,50.92662080594489,82.84602115037538,42.1577031840094,104.92172383821095,76.98463990624958,74.23799711036034,57.168608146599006,37.1402994190854
2026-05-06,64.34633436102523,88.62065408316289,58.702150122740335,50.863627277990894,82.44133441619857,42.02481957413579,104.1523644806577,77.12245720838682,73.61703434730398,57.39828477997388,37.37604038650383
2026-05-07,63.96536016755238,89.09863712407682,58.08126149172795,51.343924715423455,80.94313804588081,40.35675091256396,105.44161977892162,78.49889252303447,72.85772194480003,56.980189579218454,38.12628464965088
2026-05-08,64.95373153544179,90.13514870316318,58.553259430669,52.369752645480744,81.70808879951161,39.83630873151007,103.73080457959315,74.78919466794437,72.38417152713497,58.146988722358934,36.26197228192475
2026-05-11,64.76954446902116,90.05468596532282,57.69817477298977,52.426587114304795,81.1318285769753,39.50839822008438,103.86835704616621,75.14746075437468,71.88641404549952,57.53579940399794,36.39444499438996
2026-05-12,62.5464755344143,88.86737202180804,60.96004079200267,49.49282264268338,80.81737549232884,41.467148360971976,105.16771899522861,75.1916575295405,71.19089127647915,54.77272993339392,35.52000019283831
2026-05-13,62.69678705586095,88.96089806339583,57.821874447629625,52.6853564475327,80.89626378980742,38.74029487318128,105.11276043394992,72.60595403997978,72.15593189789357,56.5205488413172,36.973200109157844
2026-05-14,62.01264660345897,89.273791606255,58.34525606243486,55.11309750379777,84.28667369887803,38.523580770718596,104.77517209644118,69.18685896751546,72.49717594890956,56.05432498079591,39.110986514972325
2026-05-15,61.73506427228118,86.50386917102998,56.396788971519186,54.12620768963423,79.73628012840082,39.929136053581765,103.7961477426246,72.19373896695936,74.54436415874869,58.104878359643656,39.09194299316538
2026-05-18,61.96328599078382,85.41755537707803,57.202129301159694,55.02410340310368,78.64382085935765,39.47960710109629,101.5734570039624,74.46237317971945,74.89727527943997,57.68827764707623,40.20685439768293
2026-05-19,62.01061903321443,82.4313851340688,57.42650405444431,55.74400709260746,79.2298773002025,38.94362118114634,100.74126199074585,75.66576119889704,74.82717323258247,57.175784848590006,40.40737861913409
2026-05-20,61.763412902264086,81.5421821680657,57.768475786144236,54.92282672283231,79.25604037804557,39.05471750678916,100.66402135982706,75.49103924664703,75.06614149979,57.10450740369077,39.28984489449061
2026-05-21,61.89248966050034,82.56973934431733,58.330732930318725,55.975894323160574,78.84227119678387,39.13579981698625,100.48990330362984,75.05098227166233,75.3048228980631,56.97900520774735,37.783765836379864
2026-05-22,59.20919253536187,83.17791720950491,58.185894622708545,54.52073612156328,81.39208005358648,39.902887234965064,98.96673896981594,76.18819490728359,74.91596864408982,56.75726523095836,39.33793280451766
2026-05-26,59.557651465878735,83.16063501903075,57.74293660989472,53.84942878904844,80.14591178062086,39.981699353164124,99.6230349060145,76.41597972041085,74.26976614468688,56.00764919770194,37.51657967158397
2026-05-27,58.57034421691708,83.34733192993019,56.56426693735755,53.436654668806796,80.04746665445597,40.028903607666585,99.20117053491893,76.05639290501585,73.1155541256197,56.32906568683748,37.691999430693826
2026-05-28,58.4087365346943,83.74047192291576,55.54373451226317,53.497646059094926,80.01752825866816,39.39508578815291,99.21096304486933,75.79982729501705,72.86097339134578,56.40992539430122,37.85567606711953
2026-05-29,58.594723281693064,83.91416244659713,54.81173503328093,53.56828566101566,80.37068978448089,39.12634299482389,98.78567367755474,75.5697193517109,72.5790906425015,56.51794614936169,37.946651881050386
2026-06-01,57.82889039383899,83.91045170764848,55.81840456863202,53.096287373494164,78.22322968015695,39.30322205961003,98.42621618105167,75.44155064877609,72.41445910400145,57.06882426794353,38.18907969059139
2026-06-02,57.919467564771246,83.81815694240348,55.826095540806456,53.27370946544836,78.88632387126644,39.442406997610256,98.60261343220053,74.97456730485027,71.20316263603956,56.8371613711922,37.433695255286494
2026-06-03,58.69996163305342,82.82782810203662,55.643543480527114,54.46293068086599,78.50044357011033,39.82316454459316,97.7343280644023,74.7654699374855,72.49501118537763,56.656856875061564,38.9276825354759
2026-06-04,59.3601518866127,79.26075308565737,55.84645677164459,53.517189839105214,78.80051059868504,40.07786167058062,97.19511961692142,75.6785720698396,72.4702949433594,57.326772444042,39.813930036673284
2026-06-05,60.27032920986456,78.52368647978122,58.25315451669038,52.299101614789,73.93802493875256,39.56297997258818,96.71495663544957,76.88256468808272,73.0623475860878,58.36973722950877,40.18920921528092
2026-06-08,60.02920668256246,78.57114084370947,56.68470420091592,53.94827079138102,77.01905828884134,39.831167747956165,97.38496414972303,74.7414577551452,71.41080859222106,54.99695586685108,39.36924449809385
2026-06-09,61.68596445483709,80.98857219412345,53.94796702286389,54.57427240093982,70.99105850737126,37.317690588183225,99.20530169572834,79.68436768716535,74.21926737655883,60.992839942504965,39.29331100688546
2026-06-10,61.99710769787449,80.44751867997681,54.042233003649834,54.97777276867572,71.97399163265708,37.64829707060763,93.37192999233075,77.11414248917937,72.59197886149013,58.14585931483529,40.161741502152395
2026-06-11,62.652082596127315,81.34013797992947,51.13120973344451,55.752773884613674,69.84198759431479,37.88789572157451,96.0577344958232,79.05292072243884,74.24574001307064,55.40534117253545,38.25465890079667
2026-06-12,60.022756089962556,79.74731045973348,52.14384236474793,53.74349268961118,70.3309977053127,38.250932650749505,94.96828685309171,77.05109357875361,73.6441559513286,56.400469085908554,39.755492992306586
2026-06-15,59.670653707471736,79.71295458659202,52.87442156298484,53.099783088441264,70.23735816440448,38.03498991310207,95.03036835097284,76.96664437369783,73.32854118872615,55.36567089233649,40.00662588116215
2026-06-16,59.93125225949314,79.27976510147171,52.659371459544126,51.11283522626522,70.00190013618761,38.620822425716334,94.39023101495751,75.27233569679788,72.34857969311105,55.85742866644531,40.63077794491483
2026-06-17,61.222984642205745,78.36190824576481,55.89777592336057,44.39462727965402,70.79422334830502,40.85609494640317,92.01198508389496,77.19385068162613,72.08436918195933,58.45751807790713,43.47420495594191
2026-06-18,60.67993811639106,78.77891364723521,55.648413398642546,44.65798798551038,68.27615879892598,39.77184302450634,92.66474987682963,77.29023040204073,72.41434984369926,58.116000935788705,42.78261076729104
2026-06-22,58.64139783170146,78.4935767259453,55.96845065330174,44.71728606429498,67.34450377887444,39.67839543780741,91.76172060297739,77.66355104297867,72.86788357124874,57.72547101238456,42.65349192438643
2026-06-23,58.83223617787109,78.19587003772526,56.05122024815671,44.27396691584633,67.19103551583417,38.971236384254645,91.37431569795548,77.8246371942858,72.96831862694367,58.03277057339678,42.7391987515732
2026-06-24,59.14690794194158,77.1802889229252,55.60174450082867,43.585306196133715,66.32871274147712,38.75611289499728,91.38017429734833,78.03863490070387,73.02939705998591,58.27489862370323,42.790252418233074
2026-06-25,60.17432409576495,78.18137219973184,56.50324308381536,42.83585352689432,67.29551640889005,43.030811246942896,94.6037016465216,83.14774790096435,71.50525494089618,58.100169950802325,41.071592013463984
2026-06-26,58.081495748051196,77.4144446883372,58.14148428588561,45.37675420187619,65.12644071707712,33.54467769962648,94.93383080076573,80.9903749091217,73.9863576191116,59.0792370006644,43.7078156228777
2026-06-29,56.263286379884896,77.43130867724246,58.657459431271704,46.594743597351766,62.68299993100745,32.113780050119885,95.1442356990469,79.85929721470946,73.4411891777822,59.4104467814845,44.432217139800485
2026-06-30,55.87447806438526,77.89625285258083,59.24934349117855,46.19810717292029,59.35959742406885,31.650144661934405,95.21556561800415,81.81918985037507,72.80732123260019,59.92078110150886,43.35626500912011
2026-07-01,54.0190278760609,77.92142884899681,59.308206926094776,46.51896279790128,56.155975418688676,31.65275296064101,95.16290969264867,81.81875748944681,72.60393926630543,60.24440828211203,42.77858904876876
2026-07-02,56.00333702352363,80.19689852505016,57.92756182601796,42.937163573965755,58.01043858921334,33.02645830002289,97.1123450325818,82.15463450391739,73.4968752557326,54.43584466251724,44.69239688654666
2026-07-06,56.54921987015594,80.1048501825265,54.7481099186708,43.511721878166355,58.56356430513466,31.54881735190751,95.97014575390021,80.82541474767434,74.19551139269444,55.04030068239179,43.731458265757965
2026-07-07,56.01998427586869,79.96498712391258,56.38758054272752,43.46230486185282,57.50612878404439,31.42644993827115,95.23614780015002,81.25978823718738,74.18325601185008,55.221763035953195,44.49449423311674
2026-07-08,55.92356466449601,79.97606520138318,56.300054490059544,43.42715474741148,57.65447344656257,31.194470570848825,95.19235209253185,81.00802629190075,73.53215732367448,54.62228788996333,44.23178872732977
2026-07-09,51.3185563246482,78.07580323098378,56.9648590255001,43.77653133635206,57.595475933090555,31.302123639363014,95.71379998626907,81.22655903877697,73.47780874144188,54.81749779451554,44.770961190242375
2026-07-10,51.25737183636783,77.85328279702766,57.00646624991776,43.82507470581994,57.5592679645504,31.030347650823778,95.67628773526982,81.28024802873117,73.32944019375716,54.812137330674936,44.16122942446763
2026-07-13,51.30017818915851,77.90798999415975,56.826891299950866,43.880560788598636,57.29400722851407,31.12860003331449,95.78079255085431,81.3059116916233,72.50156356689712,54.70532095172923,43.527140421010614
2026-07-14,50.451925877304035,74.88356067153734,57.61437331130165,43.7626555143532,56.98060640310732,31.594139179368874,96.23128964379174,81.29080623188393,73.62035117782769,53.14569716087979,43.123152246249184
2026-07-15,50.65017431449495,69.80103756833675,58.51867051106955,44.140250068370364,56.69073939546972,31.850542782496753,97.06574723495227,81.7960110182627,73.65447746553238,53.112622139249254,44.04523304327796
2026-07-16,49.609745455955625,71.7675453902927,54.30243546918112,44.75741905850032,57.73332803485566,31.417551817433022,97.4333953596844,80.54722394367641,74.65042882021532,51.04902069110475,44.23058595840121
2026-07-17,47.97766105046715,66.61048242442598,61.61730367387587,40.65365140727618,55.71611779326112,35.466577029648754,97.57008207321633,81.87563809402272,74.7551282587646,53.3605051769242,46.5560733804584
2026-07-20,51.31229116599254,69.41823062238622,58.71924631793166,42.93600268475759,57.853542413682426,33.53775667875915,94.17798979272446,80.87559834457662,74.00965723375735,54.40968886788736,41.290467819240675
2026-07-21,52.88039418848559,70.42250198679743,60.06810129076321,44.330558225716786,59.61492695594805,29.678511760930455,92.45896174626154,80.00292139616138,72.59928445433704,56.680749417523046,40.68391479495467
2026-07-22,51.51988740084246,70.5147868291127,60.0584413512711,43.637618897511,57.73229718760523,30.019719660538122,92.17695954264374,80.30200012175773,72.75399959235615,56.65346353515483,40.16324781177197
2026-07-23,52.21047890845872,70.43807810941234,59.97629460647135,43.39254746158824,54.76330780778575,30.261985559891862,91.25394664130563,80.57825389111595,73.1612435193816,54.941317793519474,40.56431563456832
2026-07-24,52.44428421491804,69.93709445295023,60.193283338924005,43.341904329188395,53.86421180358479,29.170575049908702,90.45060074014611,80.89771748645448,73.57889439916002,54.855398627244256,40.525042759760424
2026-07-27,51.87201702644323,68.85524780739719,60.33956601135414,43.42329141743336,53.60502040487914,29.551859215836775,90.13003366321747,80.13230278870896,73.0407468362193,54.04577504072599,40.77305048589968
2026-07-28,52.24761157851991,67.81249192370744,60.7244423863071,43.00022862977304,53.45290114795907,29.78925004901265,86.24215809317246,80.80500687296433,73.0585367550259,52.9541158968503,40.22942041638908
2026-07-29,52.134056984311734,67.4370875851586,63.05624739092532,42.03089585912193,53.54640846908088,29.836930654020698,85.12562214766432,82.37514763860973,73.85954189151073,49.91113443371606,41.640535027075785
2026-07-30,51.905136124609676,66.72769587014349,62.793901214265816,42.24686805358541,53.43834927711391,29.901687836969167,84.76083827493055,82.48788677584609,73.80799304780486,48.17090682258346,41.03248835024321
2026-07-31,51.68221111583089,66.42512137939515,62.87159462489523,42.0614099878807,52.2678893213893,29.827435523334977,84.76578906508188,81.76454559000156,73.48475239139393,47.91033838695244,40.19938619077041
2026-08-03,52.77792345164191,64.89938457945685,63.890296474200326,42.70336184768578,48.96946647804658,31.120037026675544,85.72299622996272,84.4406061243937,72.06308427369991,47.13348316338404,39.48590328068674
2026-08-04,52.78657264985067,62.9543180190714,64.28951007913503,42.74748765768221,49.00015382014499,29.2678982500128,85.91011568252661,84.73949029703229,72.06482787292136,47.28740846538092,39.578537101287154
2026-08-05,50.28488219715865,63.28585310715347,64.40301446208925,41.683620243924864,49.057946456785224,29.53852419027216,85.94692729158743,84.54719722086271,71.34414140391453,47.183551800066326,39.19131108238044
2026-08-06,49.649034524465215,59.478643543134616,65.71778253050212,42.64626839447305,48.53800356650585,30.915318574647603,85.20383993798576,84.21765802888743,69.83623402274186,47.98491074685852,41.25193520506216
2026-08-07,51.034536270528335,60.71590372779785,65.10972593514418,43.312367082236875,49.81295664513221,27.916186570960654,86.31301785612858,84.69883697354476,70.0587929238417,47.3869437871404,36.97259979294263
2026-08-10,51.133598460937485,60.7021160579992,65.36450801742804,37.63749238817728,50.64948779376101,25.81103477321975,86.21687839878417,85.08978383941316,70.41754306534928,47.776835748318625,37.01502170326687
2026-08-11,51.495400394613576,61.85090598244362,67.48203103636573,34.491532577567746,52.00960740492625,25.01467916061345,86.22218746717118,85.71771087747796,70.54242351517895,48.211804182623936,37.46089011406463
2026-08-12,50.710656321132255,60.7765678637855,66.78448172752857,34.79509142568643,52.28590978100472,23.56019122437608,86.0666920783335,84.65976877249591,68.47867848706798,48.90720243154006,38.083403122875836
2026-08-13,48.58993105341279,60.61323873851959,66.79509461115904,34.85401270496742,52.36748457293727,23.55957315886886,86.1197707579853,84.89874701247182,68.37647374811097,48.65975705510159,37.6880766791268
2026-08-14,46.36706904328946,61.206030186067494,73.64303258657839,33.69496573241448,57.37338356337976,25.865421835109633,87.66771861178243,85.67985037092578,71.46454462007007,51.439075017064624,43.02912979859143
2026-08-17,45.87074824389042,61.81170216768478,72.28192743025774,33.96555750786739,56.15968994781674,25.793144554689764,85.39180773568887,84.58975944422686,68.66304827963265,50.7826315350796,42.51459686871172
2026-08-18,45.54217660555972,61.47093133092101,71.73892139877822,33.55774419315635,55.28707246722157,25.865616121450454,86.38566595165886,85.16201084111184,69.4112257726963,50.837711540941044,42.711643212556766
2026-08-19,46.070138093837244,62.4411368344529,72.91251268302196,29.95009650895377,54.379468417747,27.2805592041812,85.72939095622117,85.14664064853821,68.71210282143552,49.389092264544644,43.31946741480384
2026-08-20,46.06301564015281,62.54873648860777,71.78119070768523,30.62351858466112,53.705129195323785,24.887598446002052,85.77286195389154,85.13346173034714,67.33947433921415,50.99872143929049,43.99723528093932
2026-08-21,46.09999811946502,62.37590206416395,71.2942101348437,30.5954492749275,53.4365764839382,23.888826409571795,84.49612773023539,84.23635781111147,67.80547174964185,49.55818177936947,40.58440479617961
2026-08-24,46.00220758457692,60.2806938420248,71.93399779595103,30.5708096423826,53.74713267193378,23.018331481348795,85.36020105819767,84.2139144483902,67.05169074864345,49.55833947669906,38.97772267970546
2026-08-25,47.15734786719829,65.01129441130514,72.5507675599331,31.185276615974356,53.34773738412561,24.787203362401677,81.99766771669199,84.64383950650962,64.45268751083165,52.98040178851939,40.63366590727454
2026-08-26,46.01323915871642,65.96418809484705,72.98956781927103,28.134040917545935,54.06429487004404,25.909758990011163,80.85794858995595,84.61640119875558,64.60872389167574,53.92161706390468,41.412657819784535
2026-08-27,45.79243201565731,66.01339031742117,74.47858739686762,27.232961875141765,54.598926088008575,26.504105278192164,79.82782922717263,84.18182646645162,63.83511552984851,54.071548762507476,41.737143092334236
2026-08-28,44.79932081125303,67.15562749852845,73.00978738017874,26.98433912139703,55.153930187790884,26.526118298855504,77.95038491804357,83.94781331609039,62.79831391749326,54.37789521542521,40.37426074168138
2026-08-31,42.12957743820451,68.62935668143152,78.80259484886753,25.902778816152217,56.95878250873294,28.335242236919562,77.57058756974304,85.53592378440152,59.72208558827604,53.2797292303334,37.1676794347632
