,Communication Services,Consumer Discretionary,Consumer Staples,Energy,Financials,Health Care,Industrials,Information Technology,Materials,Real Estate,Utilities
2018-10-01,67.68752850885315,68.77774589201232,47.34043467411516,44.17598956673751,56.077332243510845,66.47821904618775,63.84383797923227,68.58953932282448,68.34174737929395,47.697771587635835,49.56443231324455
2018-10-02,67.18144209105367,68.10114258270258,47.217915984522406,43.89562298389326,55.854245415014944,66.32976958725764,63.65126045573783,68.2170507841638,68.16657212092525,47.04416152385371,48.674245847315184
2018-10-03,67.09718631759739,68.00680135712138,48.37760159180594,43.78524577099898,56.21630531348423,66.20649114776333,63.47850628350027,68.14250764257157,67.98496124960508,47.67836425296262,49.27729871894026
2018-10-04,67.3378414398632,68.29648265463253,48.15697253314037,44.1102078086214,52.72738175453615,66.86974762161313,63.369401155850824,68.47628297525027,68.0226337888565,48.147528737389514,48.634542276302376
2018-10-05,67.22324126845002,68.39898862503847,47.887257723899104,43.89494443469918,53.2647183512212,66.77371496990135,63.67541889324253,68.60563630687909,68.10487583802471,47.69490061515189,49.438792905960135
2018-10-08,67.11943594251024,68.15613538495576,47.48471235912414,43.861495354022615,51.871403460097085,66.58362739090062,63.56572349895871,68.0478220445378,67.8756328712585,48.470462889605784,50.07120341449752
2018-10-09,66.53337567330428,67.82612828206805,47.789635995970066,39.16725276723069,51.72334956082415,66.0564316807495,63.06398767141031,67.3197545304091,65.33557262538145,48.51749890968466,50.008364845113235
2018-10-10,71.37145678656479,73.17190704070711,52.67762988466369,50.38029593796043,60.2398871244843,72.77207803129754,70.68612169157876,72.99575174405406,70.58854394585009,55.081244240996895,46.295667032938894
2018-10-11,72.80801275612407,74.91599370525326,61.67843396797446,58.531917999832324,65.45311701299505,76.08381548943193,74.09818943352963,73.84667631885608,69.94975226794318,63.013698149426794,45.78195967159495
2018-10-12,72.72176174424762,75.45155978386606,61.64526210433752,58.19811450289105,65.38571732120043,76.18745957651258,74.17909286986094,74.58286008427679,69.94561883342664,63.10380546595505,45.44323243008881
2018-10-15,72.5882696187916,75.39252656262587,61.40769800508108,58.04973352169452,64.98177986491223,75.863096384015,74.07593929814064,74.47649798495675,69.8899428521153,62.70773710899611,45.35971649259561
2018-10-16,73.95303546528828,76.44028642910686,63.270462888371114,58.69218556934874,67.07831817726208,77.19942907812,75.36509750855076,75.60696759716399,71.52138195116365,64.91473432845308,45.79998602968178
2018-10-17,73.04261360194874,76.35932025366643,63.156908806950845,57.69547749976299,67.0394594510295,77.01168348580315,74.66486341946002,75.49353872208891,71.30599065599736,64.75173021888678,45.9375345194028
2018-10-18,73.72673978850547,76.89557899397126,63.36666977773495,57.72666375931884,68.55989678918856,77.52241897251872,75.23821460944265,75.98386306622874,71.75694904889578,65.10798824666632,45.9044045374727
2018-10-19,73.55058553717208,76.43236369705875,60.25398703057678,57.81402083525366,67.58695843986675,76.97847880382405,74.92768470653498,75.84135764717763,71.45611215941952,64.33847655485121,46.54128727890573
2018-10-22,73.2686495167678,75.6039178591207,60.863116327069285,57.79287473345698,65.9722945558916,76.77172790676953,74.67717426825259,75.11806132352288,71.28092453453083,64.46285371884699,46.97685202117557
2018-10-23,73.43808314481251,75.69142866769869,59.85565168819137,58.912437649775015,66.27663166963987,76.76586818722116,74.71251536593917,75.25669905380235,71.31510483173066,62.688716663263385,46.723135660664504
2018-10-24,75.84095076324512,77.65969695419301,58.002546465215374,65.47108313290364,69.66216434399507,78.38374385295673,76.61880926314804,77.19999022492522,73.76972450994178,57.27870107960507,47.39854659809136
2018-10-25,77.39963525706838,78.93496775395683,57.44968006034681,66.37330374178123,70.14269999151452,78.80671166845458,76.87978791496359,78.25557828246792,74.5728535821015,57.191042467238034,45.17857307772347
2018-10-26,77.77280953159476,78.96280911961962,59.82024397127603,66.19838028001645,70.35594580405436,79.1311298053332,76.86700401163931,78.43005340792244,74.20678152205903,60.504038698199025,44.96723836026081
2018-10-29,77.43332650772972,78.74714261723058,59.16673122902524,66.5537630884896,69.08116878009668,78.47482535057493,76.57233343562227,78.04255438013244,73.89544773363872,59.190637276992334,45.79491832287441
2018-10-30,77.95649116032267,79.12622207655365,60.678175738863786,67.73460635967726,69.98620213244274,78.67180129776145,77.21707251038036,78.17729181445321,74.76068245685586,60.42347094643433,44.99601780014744
2018-10-31,77.80059413774934,78.92062982731728,60.041789162835784,67.60770587609375,70.53794928152077,78.16539512967152,77.0744938424146,78.03685254872283,74.55238572296557,59.723608230060314,46.27452831342915
2018-11-01,77.73468305282634,78.92879876036409,60.3367449519748,67.69374112517201,70.52565977253965,78.37298581085756,77.30382493854803,78.09260426259306,74.7516862963759,59.833749164899615,46.10698685464123
2018-11-02,77.79521186592099,78.72024850740361,60.82219039759318,67.71197497554655,70.53125595544492,78.37243187683164,77.35220540791519,78.02917229591391,74.77305685132737,60.38458277786751,46.03870139322513
2018-11-05,77.50298689895196,78.56055197342116,61.4886935452228,67.52909530061106,70.19187779975445,78.36936076775567,77.32688803949434,77.93255670647486,74.70077618625446,61.007151339336986,46.42885408046993
2018-11-06,77.53723071908529,78.59526003588782,61.67035754431288,67.38135627319156,70.3007812619753,78.45023731105773,77.46295801488326,77.95980711671541,74.8658835868337,61.21724085326338,46.46390839957502
2018-11-07,77.68522224700013,78.88839642222992,61.95211076747861,68.0278594926446,70.51481590952149,78.81451983732629,77.72715125127367,78.26957699189094,75.33313064504542,62.1932424882217,46.05806883908457
2018-11-08,77.61374994263505,78.69242215609253,61.99857049046571,66.51095918317853,70.43436226818216,78.71303228859533,77.52861742604811,77.91099501910527,75.23000527575456,61.942225160643666,46.063318956565965
2018-11-09,77.75077783912766,78.78809413192747,61.79802687751774,66.34049903996815,70.84773238476066,78.7517289177053,77.68416534938801,78.03084993250313,75.4155507193729,61.9404435348857,45.85426847604099
2018-11-12,77.89555466194173,79.03620904685748,62.30795122447583,67.1882777408053,71.69046259056765,78.98227883552833,78.09122780871778,78.26089385074975,75.67485794473518,61.79856901250093,45.53890361616944
2018-11-13,77.64721404013243,78.93957726529896,62.21801770637101,66.86276001360272,70.8257077590263,78.85070550130771,77.55131473445833,78.15794908860076,75.40837088339096,61.76529921698386,45.54442726697472
2018-11-14,77.17549102975211,78.9462001866905,62.58251002855843,66.9910949676885,70.95686957270323,78.88057323070962,77.53545121711254,78.15338428741471,75.44282124149923,61.60977465941387,45.45427946173102
2018-11-15,77.03889598357826,78.5131684617566,62.35258856213632,67.2163351789279,71.0941645839049,78.87230401309859,77.51561351448075,78.20524567226083,75.39466017876295,61.08006596306451,45.52935311247131
2018-11-16,76.99422916890553,78.46545274060367,61.948003773776975,67.30538390791432,71.06203468471888,78.85092858138731,77.4243907231284,78.18274717011907,75.40029030223533,60.77464764055359,45.49652247896945
2018-11-19,77.28390184832708,78.67177822464078,61.92617031232664,66.65613456644337,70.81059859626215,78.99934135969035,77.62541267958443,78.36906291610437,75.70341675815428,59.938035170866186,45.57649283899959
2018-11-20,77.43087740814464,79.08478406140321,63.812811066356055,68.74752060903272,72.18217880538842,79.08311200740404,78.26756150563033,78.6987354813497,76.39393422549462,61.19469447171952,45.22416540747632
2018-11-21,77.43904440830747,79.0591880803441,63.272498250785844,67.9736564818298,71.98277064285934,78.7248978529295,78.11742453637005,78.63285224092412,76.24960780467745,61.095168053478034,46.075094261908234
2018-11-23,77.50606391299776,79.03373574012957,62.87724151120351,67.42527157522821,71.99167904268955,78.59688740390429,77.95200621992302,78.63665049856763,76.25213516774501,61.023130866514755,46.18925552445761
2018-11-26,77.77182127000401,79.23415596335126,62.52392457898847,67.83600286633501,72.28000423332087,78.65951357627087,78.00952525430753,78.82303072472646,76.44880702801643,60.23094611139351,46.014608715732265
2018-11-27,77.61001921659674,79.11738701849775,62.476887865538814,67.49228469211401,72.16915878178831,78.53449153241037,77.77139253792595,78.71431228619723,75.7995950589286,60.233785239889215,46.240003127935054
2018-11-28,78.11111456568756,79.74275931483685,63.23517244718835,68.62396327911284,73.38765175599848,79.19512754181413,78.56308026087201,79.36070713868064,76.52669262165315,60.32801055255341,45.825236998905574
2018-11-29,77.79054909111348,79.67305965894036,63.26550060369014,68.7184094302022,72.8587598232189,79.18269355590819,78.52078052160137,79.27947897637115,76.44842174207916,60.20578462342287,45.74725204460161
2018-11-30,77.5448259146061,79.64506729551111,63.620126268742375,68.5789911656177,72.7766846322649,78.93043564948869,78.52614378961935,79.22318377589812,76.42198602883536,60.687061516446235,46.34280444541369
2018-12-03,77.369605551829,79.52186826727466,63.39996685910717,68.81360157425604,72.47373176483157,78.26173289546598,78.51318240806657,79.00266091488564,76.46216201951115,60.728958585756374,46.19885896069371
2018-12-04,78.22055207338593,80.58051438053938,65.85556056664473,70.54476392819497,74.72551459475407,79.25490259610014,79.7305831194512,79.85984242862206,77.83673335052605,61.298286633071214,45.26307727379487
2018-12-06,78.24916754198631,80.55253185366027,65.39895158538825,70.66160010059293,74.57472636557058,79.10638489752898,79.63798435322636,79.8784409153035,77.72285814199677,60.567562059689784,44.672453513361745
2018-12-07,78.5781932928062,80.93553170069428,66.66499947085461,70.01693707281001,75.16086689520203,79.72219874732379,80.15488751245312,80.24494298040823,78.26398956979362,61.604410595224074,43.2077807597076
2018-12-10,78.5721346316783,80.90818295592253,66.54008880251682,70.01298926187599,75.04591547858972,79.64871026158423,80.08788427568415,80.20540809183441,78.13978768361099,61.00124997755419,42.58326587363854
2018-12-11,78.55662322659639,80.8758003750841,65.993278893137,70.01414366802366,74.7799188033849,79.58272422746514,80.03523260009828,80.17763812455578,78.11578256980016,60.90234842512946,42.617991060699126
2018-12-12,78.5718724484653,80.85547880697875,65.61044630558348,70.12268017790575,74.8544238658583,79.5113343668553,80.01004081975665,80.15497520568115,78.05114520502751,58.984258211010705,42.89058264339823
2018-12-13,78.57293086100638,80.84008011824474,65.43828607145205,69.93013071362446,74.79200692206584,79.47898605787202,79.98075631874589,80.06998275081749,77.94770261610248,58.70405865173688,43.17787549173278
2018-12-14,78.49097278593787,80.86565515125356,66.15408359766397,70.28199283309075,74.69158748733295,79.1515172979477,79.97610877893113,80.1389766730108,77.7649143499294,58.22376734089926,43.10941540634535
2018-12-17,78.77266447074015,81.23112836380916,68.75489904813034,71.34209686377307,74.48959042383899,79.85782691997112,80.29331782213845,80.508791931487,78.28620673429589,61.93218870700416,46.95094999370089
2018-12-18,78.66214345518891,81.05309196722006,68.07060569236522,71.25357605949723,74.26764599960467,79.61365172142358,80.05048468635596,80.3982541296622,78.12740381745476,61.34533075981392,47.729372021289926
2018-12-19,78.95309839931484,81.24809130895807,68.44133771469727,71.79209908339914,74.68628493669694,79.84804917865222,80.32401606994958,80.59208309492966,78.42387187026378,61.235243581127065,47.222648502782405
2018-12-20,79.17062722891308,81.45510038248031,69.4589825685467,72.72988325237237,74.6337436484303,80.09781979742958,80.5865832698499,80.7563573466927,78.65307448533535,62.040234395232055,46.70460382691499
2018-12-21,79.3905158747753,81.69011450025769,70.12911008825228,73.13060229362598,75.41963129368528,80.33512279157914,80.91337417306542,80.99755077899044,78.80190054466556,63.215314600701916,46.36478085961369
2018-12-24,79.82158444227018,82.06370840972015,73.07470551074559,75.29390078688549,76.36111617004964,81.15605010274174,81.67333101195851,81.44797820957396,79.65504852892121,67.3317474482513,52.82410767271239
2018-12-26,81.83692389359167,83.61821962477252,76.17889446845085,77.85886801692719,79.10316331010407,82.85789926481529,83.16515031658848,82.84008314586175,81.64251112956084,71.11588432610863,55.42989731666748
2018-12-27,81.78715378519097,83.5975084906852,76.38280586666863,77.69745326933335,79.26073731229025,82.89541865686986,83.21591493245741,82.84052500389578,81.68452235118707,71.17451840640553,55.75007282444677
2018-12-28,81.78409740414413,83.58359702866801,76.3805480606645,77.6320082919962,79.26608244412697,82.89373569956764,83.21432504583908,82.83455000030297,81.68489121069905,71.11039166433719,55.73721769027986
2018-12-31,81.74166685801968,83.59886276255257,76.41019386448164,77.64568794965498,79.31599681599909,82.87098374317165,83.23308633518329,82.85051239818064,81.7174456011114,71.05050186097994,55.771957987253174
2019-01-02,81.37542997132235,83.429445878117,76.08478931019687,77.29747897635056,79.15466307287032,82.39762747904003,83.08047381032873,82.70616189814815,81.56802500019904,70.19993439538494,55.37296967765152
2019-01-03,81.35785243916807,83.39650724615717,76.0176973759445,76.83706998219282,79.36852622679734,82.40032726569375,83.1108453008278,82.50354188542792,81.70027079459791,68.8064229000933,55.381928411298375
2019-01-04,82.13946360986444,83.89758513633491,77.3759158814406,78.05984417657623,80.37557443169703,83.07580380748585,83.70152159387037,83.0104646492551,82.46860059598443,69.543425258813,56.756197618149855
2019-01-07,82.00294785956272,83.56341497358058,77.05097865079264,78.1492547700741,80.20047450529621,82.94387569945266,83.64914910361529,82.93530853552697,82.40136744068971,69.28434179652002,55.03988908721302
2019-01-08,82.06598079824529,83.61830785034235,77.23222746372181,78.28175283513194,80.12923579038704,82.9793049239497,83.72044616359162,82.96482295932496,82.48657244367463,69.73324828824586,55.73712422750167
2019-01-09,82.04572381404705,83.60015936734067,76.93585064812635,78.25696576677348,80.11147574459658,82.94993342456671,83.69685915982328,82.93198684339707,82.46014158669077,69.65278854289302,55.406707918450394
2019-01-10,82.08453379276088,83.57669766767785,77.0587469034037,78.31868358973675,80.14163857895774,82.93876704532003,83.69837528016144,82.96600250516619,82.50197726067442,69.91293101122633,55.902065516035286
2019-01-11,82.07081425372095,83.555682896957,76.96077984523114,78.22784322961583,80.13798281324691,82.92028544315164,83.68533970714952,82.94711713459972,82.47498488220349,69.86967835912871,55.61657067894065
2019-01-14,82.05619756112291,83.5525489970516,76.95724584073054,78.21389428074518,79.92020230072534,82.90243967741904,83.64239370107913,82.9448801350475,82.47815889848825,69.78865414173383,55.33576486640558
2019-01-15,82.01136209761695,83.51818882118147,76.99819658357785,78.1744813239179,79.89182025534781,82.8359617481055,83.44096549400928,82.90422535378136,82.0375798778793,69.94625150281395,55.59688892506216
2019-01-16,81.93967656324806,83.46076564374506,76.72664906764201,78.03257938071786,79.24315312463577,82.76902843484157,83.35269720756585,82.84438429970605,81.9663059351094,69.86340779118555,55.458966572419335
2019-01-17,81.98214622566552,83.49664446858787,76.76871770732565,78.08557243053922,79.26696010706851,82.812724615177,83.37362283887764,82.87791108445111,82.02631616602996,70.00158211287477,55.60576586663
2019-01-18,82.03877746904683,83.56462335249405,77.03759987390232,78.35268986420478,79.46053670698322,82.8863736215657,83.4648331734994,82.94926975448175,82.14297516000813,70.09608927873506,55.558515823747726
2019-01-22,82.19209637801326,83.64831078001707,77.23159033920211,78.47564191543685,79.60899432450297,82.93214777316994,83.54022321377131,83.00801122313725,82.2424916356229,70.07850805518432,55.53968839675731
2019-01-23,82.13247627626397,83.62223055123707,76.95021874772635,78.4528999253505,79.57673677202254,82.90587441488942,83.51110246037638,82.9768424209533,82.15037887819358,69.93238121172604,55.09966442106892
2019-01-24,82.09470245289079,83.588626208455,76.5181730839968,78.3914619862644,79.53146399466776,82.77928096327793,83.41477996391554,82.90526131305819,82.0898653324852,69.81066817802213,54.80624996022257
2019-01-25,82.18912037276449,83.64443024659407,76.21871907143561,78.5270777345387,79.6663304005923,82.67093852779594,83.46299615783872,82.96915963642553,82.1768509356037,69.91404286564732,53.32331327035257
2019-01-28,82.1670182818548,83.59130861227479,76.05555410763864,78.48088337451973,79.62812093244715,82.48417530808553,83.41392652395461,82.92825855018297,82.13598309093845,69.05131997847016,53.014516130002946
2019-01-29,81.85860272790615,83.44803287372555,75.95770840722464,78.34305257219543,79.50026834994969,82.39439489396854,83.15487066452965,82.7252476511977,81.90697873673939,68.90109914934776,52.95683962344912
2019-01-30,81.93837736798218,83.50650335823728,76.12631758267402,78.47207334360155,79.26666674144032,82.48156623619926,83.22261192608568,82.75232074279076,81.94501394860168,69.23588042305373,53.43535683150365
2019-01-31,81.103410543269,83.38260996762271,76.20473056258339,78.38795777173179,79.08625231817477,82.42926071043424,83.11936930611057,82.49185808388815,81.12110866760116,69.31762384617113,54.53055260704864
2019-02-01,81.02487181285203,83.1965402498529,76.08958185701812,78.21783454063001,79.02590569398994,82.38877240540472,83.07112706290755,82.44497159999608,80.96277528991479,69.3313743137087,54.51646479875086
2019-02-04,81.04517722011451,83.20188882384063,76.13963094325423,78.2520181457483,79.05327778055899,82.2425025483577,83.0553929268752,82.43666616358507,80.82809086004536,69.32504149416611,54.35036506662166
2019-02-05,81.04853255872763,83.19284257129237,76.14037890292911,78.22550760260998,79.00739136181657,82.17205916317097,83.04349072268377,82.4383903052967,80.844177540832,69.39276319312629,54.293658324170906
2019-02-06,80.77435959142724,83.15600774497571,76.07569870388126,78.16345468437093,78.94751477246979,82.08599463358836,82.98981813692085,82.36255152180111,80.81585014097662,69.36512368752332,54.218490275674725
2019-02-07,80.78823375463776,83.15839550060933,76.02456088748819,78.21934664618539,78.98757583984252,82.09616504916454,82.96736637749791,82.37059110635914,80.83592170471276,69.12240307584842,53.692850786053874
2019-02-08,80.75655322438514,83.11289782044993,75.89210376295664,78.18072629012097,78.93148866307244,82.07277777020491,82.94799791400136,82.35507674503417,80.8157216295849,69.0929059552331,53.5577015190411
2019-02-11,80.60595845953137,83.09055694486825,75.85112940578836,78.15855101574778,78.90709698191907,82.04532683156714,82.91477053962166,82.3134950479654,80.78490452374774,69.06873603826892,53.51623031530295
2019-02-12,80.66599483727096,83.15038074473566,75.94974552390609,78.35645997916788,79.08847584540293,82.1385892738173,82.98039383325587,82.36957162657279,80.88110713700657,67.96823900792899,53.24739489695003
2019-02-13,80.6606560988819,83.14601151881861,75.93074495015671,78.38569848634474,79.07241945206697,82.10923649166025,82.97483788779232,82.36425688621979,80.87294814414967,67.89297046932813,53.03438530332052
2019-02-14,80.56708606738455,83.11000552243573,75.6250312811638,78.25332573913181,78.9083353314626,82.04364739777255,82.93403570075635,82.29608455198625,80.8244440842565,67.67923910850888,52.8988945708626
2019-02-15,80.57381121853456,83.14991241704155,75.88085471062404,78.43557679405387,79.06556075512361,82.15331218379005,83.01076710121554,82.26904700136423,80.95104086127644,67.92078921094011,53.16726577529285
2019-02-19,80.54855832050293,83.11927813948154,75.86221710115707,78.41652348063863,79.04246772355587,82.09640760270528,82.973581601862,82.25224380613817,80.93596677238645,67.8815328940258,53.224989276233465
2019-02-20,80.449657877921,83.06935038810902,75.7482558903144,78.37514399777355,78.97198148983843,82.00630327298624,82.9241250366607,82.20336249439161,80.62194330855698,67.65500911283132,53.10058163272554
2019-02-21,80.4429341082327,83.05197532494637,75.64203043521292,78.28214613272318,78.96698594690639,81.91153986281351,82.90579803708212,82.13516422266302,80.6122617030927,67.50045971787102,52.7099766499109
2019-02-22,80.47256552176717,83.03810195621567,75.3650893314429,78.29411800533347,78.94884852267627,81.90108684613311,82.90827995708081,82.14965521737338,80.62353702659534,67.55930977703383,52.70093897160212
2019-02-25,80.43700451069921,83.01193007519606,75.24488460215271,78.27643372112098,78.93611968974426,81.87881563725955,82.88813710524755,82.12971464221228,80.57873615006066,67.4205498006729,52.66741184462023
2019-02-26,80.40566576862183,82.99363803326895,75.23100618477459,78.27093906222419,78.93453082878148,81.86581315810028,82.88277563488462,82.10568924855092,80.55948495523697,67.43803070596086,52.67453972680238
2019-02-27,80.34739782174641,82.97384588635505,75.21040643485655,78.20975807235561,78.85634241327493,81.81401321694484,82.84160481668836,82.083197868879,80.53825918800507,67.39293300031545,52.65160009706793
2019-02-28,80.30856566108972,82.95159704264886,75.05205686062342,78.19137214607727,78.81321613430498,81.78676461385801,82.81764473547356,82.0624745027213,80.41513781163941,67.33810884076962,52.57432851293122
2019-03-01,80.29563898144588,82.93311968371695,74.97537930161113,78.09367269785636,78.80525549459583,81.67065605847989,82.75090185014751,82.03246427000772,80.32950844015629,67.13303166362307,52.559627493151545
2019-03-04,80.20863990876703,82.88994898928397,74.92943333166204,78.01883301588215,78.73909144238769,81.4526970221203,82.70450342390451,81.98490250626124,80.24963248734096,67.01859631266368,52.53187934278155
2019-03-05,80.15831388107826,82.85900898567533,74.91317249587146,78.00336622853902,78.72415463985381,81.43060088029334,82.6544146873734,81.95394009520393,80.2298850446823,66.92833659550112,52.50974222820079
2019-03-06,80.10675243964242,82.84063236510107,74.89352504704473,78.02092838722952,78.74401550254846,81.32013124530667,82.64123154461383,81.94170252117621,80.09129013000252,66.93550471772384,52.4588683391559
2019-03-07,80.13672630476982,82.84263046695291,74.96734380088583,78.03371317851288,78.81500267607811,81.34981000335617,82.65011470061462,81.96682299445878,80.12384815866318,66.78697637429569,51.90169331991932
2019-03-08,80.11302944994861,82.80919231797877,74.8953837165007,77.92013337461164,78.77151991071055,81.32498883622011,82.6268969800242,81.94820254487416,80.051866766146,66.75235413746879,51.72027014661303
2019-03-11,80.29177345888462,82.89547487048782,75.23086319030578,78.08211663442653,78.88017967568257,81.43859595048201,82.64169993753661,82.07872466544934,80.20806036534594,67.38453466171288,52.12622488828029
2019-03-12,80.25968933737984,82.87518358189774,75.14480723174182,78.11087970702387,78.85861947013149,81.41917235603074,82.39383866740894,82.05478196568022,80.18800274126546,67.39592692956491,52.2393967095016
2019-03-13,80.26521306798185,82.88579654253715,75.19256631427217,78.19036943673957,78.91860215029627,81.43885655774949,82.43269111513754,82.08038982104044,80.19934044291067,67.4748573275587,52.16137353568588
2019-03-14,80.26181329951487,82.87988012937124,75.18422867350502,78.17652294230908,78.8863289205653,81.43296699504795,82.4191459471265,82.0464921950602,80.13866402505727,67.44450596259956,52.09611734441316
2019-03-15,80.19979921159158,82.84638393612494,75.15950081971165,78.15378543153784,78.8487259042027,81.41853665075693,82.32268497813632,81.98992839471855,80.09747887639612,67.05845327465467,52.07565279285116
2019-03-18,79.9215478571297,82.78634988802742,75.04620135659414,78.06317713890041,78.73863947736308,81.31655644039624,82.24487415262307,81.94005867650208,80.04105015801703,66.6620296681017,51.78117849986669
2019-03-19,79.8855592865969,82.75675906501915,74.95079760307536,78.02813007831858,78.66983722403657,81.19511254697024,82.2099861870644,81.90116442480424,80.01716272123323,66.49842516892468,50.798763088265545
2019-03-20,79.62768080995885,82.66585365013293,74.874890344664,77.70763601654569,77.99782150930484,81.10452468142093,82.11796269880507,81.81997347827607,79.89650522487997,66.29229065780486,50.77634889857397
2019-03-21,79.72787234377651,82.75837547261581,75.2419376591787,77.79996525544419,77.75267105203535,81.03056777264733,82.20665852193156,81.9338182266288,80.0442867789244,67.12251380222604,51.72634436911177
2019-03-22,79.97498097675016,82.93985999594182,74.93092909308548,78.03627656016414,78.09493298112353,81.23611866606983,82.38506252284222,82.11838054249556,80.35741248891264,67.18760784402737,51.10552160852987
2019-03-25,79.8254249390536,82.90368253616795,74.80531545932239,77.96465687690446,78.05651974149234,81.21635810011811,82.34724801925066,81.99690308783588,80.31793991440841,67.1520149803855,51.034538150767766
2019-03-26,79.8231198799622,82.88160742878777,74.93584248723849,78.02030382011002,78.10640605203895,81.24782076960692,82.3715724920285,81.99550737108744,80.35354935534657,67.30842330751337,51.33180994194407
2019-03-27,79.84081528851962,82.8534695209241,74.95911106026463,78.01219453072484,78.11988860773987,81.23365555385375,82.3269507333763,81.99706257055126,80.34080344904262,67.36338603920967,51.31976668561759
2019-03-28,79.72902931424642,82.84896875659494,74.89372219407176,77.9952551703387,78.11064236697898,81.19777386758447,82.31541110698878,81.97448392729413,80.32367104961038,67.22987744596503,50.117416249507414
2019-03-29,79.7025804028042,82.84107463480024,74.94046543725509,77.92100685869241,78.08992096476268,81.20162190170262,82.30221334612563,81.97788790841602,80.33856888451146,67.07848582239876,50.23653939011892
2019-04-01,79.68317833927163,82.7877515399852,74.44359937507306,77.96758967893379,78.02312431249581,81.02228881098274,82.20972989445296,81.95201555845983,80.32750345686365,66.59629142907231,49.51191240029933
2019-04-02,79.52041318005422,82.74084905579161,74.09995536890064,77.80849456918305,77.98608796014857,80.93791669968022,82.17622708621693,81.8941989279261,80.29192850968825,66.17894870797043,49.29753727190133
2019-04-03,79.4597133980784,82.63485594583682,73.91736366148612,77.60817532722379,77.93007320295267,80.86372711891894,82.0890764480131,81.839970506543,80.11832382593764,66.11644217839326,49.26043977325795
2019-04-04,79.43061329868635,82.61497132626704,73.89736213982447,77.60305143882367,77.90171140399251,80.76170073226919,82.07009159587011,81.73597388979765,80.06865177575435,66.01123661211098,49.213699883656645
2019-04-05,79.41444484705681,82.612155265818,73.89707357603577,77.50442050569391,77.8812448028011,80.76074367263251,82.05127657816558,81.73281852796049,80.00396395149518,66.07312591069982,49.4319997725713
2019-04-08,79.38652857048884,82.57420366830026,73.80914501011547,77.4927274223956,77.88281872953944,80.74077156247495,81.99535956518812,81.71241920924162,79.98908996553908,65.87715735906085,48.958820587387564
2019-04-09,79.26390224062706,82.55794249036087,73.83970946235404,77.50780969353728,77.89002930033777,80.72341232551938,81.9574024138365,81.6854073790403,79.98536519636838,65.96020926258721,48.94297349924575
2019-04-10,79.26910728119296,82.55595528573248,73.81889207670909,77.49687608455994,77.89086612780132,80.71161815327036,81.93547337292134,81.68470287883284,79.9726843797201,65.86977877795266,48.75396459718088
2019-04-11,79.21359113147876,82.50177471026525,73.74712135833514,77.42932414883909,77.75255163684683,80.28311018796497,81.78949790267312,81.62195301448195,79.90825894733656,65.76479318692554,48.691523608374226
2019-04-12,79.19805887394998,82.45586993611066,73.78022311535051,77.35764951210287,77.52335699897071,79.56257545626978,81.73101800526162,81.55451471314153,79.8729662339395,65.85967600696284,48.78977570244626
2019-04-15,79.16574572892814,82.39739849633067,73.46795631248818,77.29392153501888,77.47826646275723,79.48743356643031,81.68545598395353,81.52632610471517,79.81971384798418,65.74273220843007,48.660106580865104
2019-04-16,78.99692798406117,82.24068080177915,73.08718015191646,77.11403458328101,77.01293775758293,78.68947457402255,81.47541464023386,81.33880614501673,79.58255115131931,64.6628155247275,48.96796593155955
2019-04-17,78.82042195518933,82.09057458523036,72.58765703176822,76.92752947952084,76.75977718578999,77.080840283713,81.30435930201199,81.097181062031,79.45446718694264,64.33310534059116,48.786601145644134
2019-04-18,78.7168468921842,82.01548376498177,72.49183042171998,76.87540344372292,76.73933967766604,77.14470806763221,81.16454120027869,81.05842632236183,79.43294062591926,64.39209455939871,48.54712895431386
2019-04-22,78.5922111010349,81.93802776272251,72.3643734492953,76.13900417321584,76.61473375018517,77.069100205419,81.08308732451889,80.99461295654885,79.2924141130932,64.03726683767458,48.4093485865037
2019-04-23,78.71191473794812,81.98355224930354,71.87177313824665,76.15328840473903,76.74488933361147,77.14134973661338,81.14644289293611,81.03296094433945,79.37614147315129,64.33776824405027,48.34205369740811
2019-04-24,78.67541745658387,81.88685804763169,71.716862759404,75.55222616657052,76.70667376488981,77.0927684674352,81.09446963754375,80.95949983892791,79.26789843145535,63.96300583787541,48.28574111048256
2019-04-25,78.2281161690356,81.76000992183978,71.5501722084737,75.41311275025795,76.490986759296,76.5432485920236,80.62022776992669,80.81474764943731,79.05163822597517,63.80492174314928,48.02196142715778
2019-04-26,78.20309094215841,81.71044537985821,71.50538613443267,74.87244283328981,76.45894800087206,76.46864081272066,80.58975445345772,80.64481281743114,79.0231173572349,63.84081387730107,47.973401172132284
2019-04-29,77.99650080132454,81.69195180330901,71.4621585974661,74.76939968953529,76.36223472918762,76.50052226610778,80.56448426756705,80.63379042697686,79.02624652603427,63.99325307720825,48.05133261058678
2019-04-30,77.00983636717581,81.55066366043084,71.07488022707268,74.6230529671797,76.25414450944457,76.33754653079262,80.45512377411038,80.49726994283053,78.8482844120085,63.75337886356583,48.09705493212945
2019-05-01,76.96802023467708,81.534329684144,71.2021202940534,74.63104462058867,76.2735629886556,76.13045142480281,80.40609279433492,80.34673740918963,78.8751219097641,63.288543022905124,48.07919161910192
2019-05-02,76.94252626497149,81.48420530428939,71.16529778142998,74.583269019525,76.2301415674541,76.0190717947124,80.36477274424618,80.31383180805662,78.83564625767731,63.251542530293406,48.23217468120245
2019-05-03,77.02089611897729,81.54267461244567,71.33981441725065,74.65687535986697,76.25707506207077,76.08229078223818,80.42649235401012,80.3554504874603,78.9073365057687,63.523401525326065,48.43074580784054
2019-05-06,76.98027603592826,81.54709031869443,71.34265982863269,74.58757550452664,76.28151840004375,75.82564291894593,80.42228493811463,80.36146269976813,78.85423480704206,63.64466559425381,48.33419780313563
2019-05-07,77.4080900078903,81.79556136202251,72.17662440319444,74.73364499035522,76.82734189106687,76.58947798277131,80.79873283675589,80.71698518300367,79.25395512633666,65.15213761786939,48.856356985415374
2019-05-08,77.37794370675206,81.784629697336,72.09776006938064,74.56667233308245,76.8095708104985,76.50884380997427,80.7874931158178,80.70098235112064,79.2399250883317,65.05623554641241,49.144561786766275
2019-05-09,77.38263188871886,81.78268917400607,72.11435839010254,74.52712263849956,76.80511669924675,76.51916157698841,80.77506617196437,80.70189259959302,79.23077500283333,64.90132189237679,49.15582652583893
2019-05-10,77.37851370267086,81.75986882445616,72.24332855406386,74.57246347957319,76.8509156462982,76.39190778118916,80.77014164376602,80.68144437552697,79.25397623907615,65.23863392390383,49.60781030005076
2019-05-13,78.21461756945861,82.20656995781678,72.7352832897158,75.04034909858139,77.78424777564884,76.99702383253788,81.26224407114648,81.19734274034828,79.7380269774659,64.25275073860094,47.623663697971466
2019-05-14,78.25090674136646,82.29901670833155,72.83351774561382,74.9029871893859,77.95264688016005,77.07237979220625,81.35484039775608,81.28956205829148,79.8307961752028,64.3399230095819,47.765559286876005
2019-05-15,77.99094480437012,82.27714964819441,72.91594477831099,74.99659139648519,77.79965018168406,77.04788875896338,81.30659397004186,81.27832999247121,79.73166094900309,64.39506393889786,47.097341285780836
2019-05-16,78.04182821265496,82.3152795238177,73.10085690860481,74.97242413936952,77.9073498482379,77.14588949553357,81.34988486528749,81.29470075168041,79.77616257828427,64.5468873731046,47.2950502829171
2019-05-17,78.10315090631649,82.35982884992187,73.1616569709975,75.01097706681574,77.9851591444277,77.15349203932806,81.39024436923984,81.33163214005431,79.81074708035973,64.5414022723755,47.22930306618331
2019-05-20,78.07046495819438,82.34099668386257,73.16337394053782,74.77081221146453,77.83569247504578,77.00916509560454,81.31634763409699,81.29074046241428,79.79705156025071,64.53128980036638,46.63971113263014
2019-05-21,78.19687948852213,82.3509817173024,72.95326118401405,74.8510891064814,77.9082242302551,77.13197337693327,81.38761868586609,81.34761776286621,79.86770446393857,64.80905754886881,46.61317650164298
2019-05-22,78.0793291094544,82.30923975952784,72.7892583474388,74.70237466807006,77.89558585988696,76.95946651520624,81.34603278939937,81.3131546795335,79.80994137099496,64.63521228811265,46.90768680401936
2019-05-23,78.22507721989177,82.37149384650908,72.575271306385,74.9033117205368,78.11795939276755,76.8775579233873,81.44133546650932,81.41797421935159,79.94228058467077,63.95641536840563,46.369549714168706
2019-05-24,78.19819847349805,82.35228178267649,72.53069062354454,74.87119579445253,78.09892603297867,76.86426231722199,81.42399987344368,81.39968130628978,79.86883289141149,63.910070202894744,46.53984380382778
2019-05-28,77.75699700034106,82.33068822056624,72.73128723679062,74.91817352115875,78.17234875581616,76.99848977801433,81.4476146797934,81.27810011635327,79.93146109948107,64.39753679121245,47.85528712041003
2019-05-29,77.80232768627135,82.33534726441685,72.96557592538396,74.94717304388915,78.09704367959982,77.10933018212525,81.45700159964724,81.29707014890641,79.87376646464492,64.87841266698365,49.468566526335835
2019-05-30,77.79390435156978,82.32950979338763,72.95316874892039,74.74588537167139,78.0349710639668,77.09477449333157,81.44618012803662,81.28922300476052,79.86268590750939,64.89649245725414,49.4206870235069
2019-05-31,78.03436539268077,82.43265591317868,73.1662469642061,75.14016988161431,78.30160708017459,77.19794003317722,81.5695288969207,81.4215106078216,79.94660897575099,63.29504410025621,49.034137539744535
2019-06-03,76.07608281293733,81.917381336409,72.6657370670528,74.47828552521639,77.93084855660521,76.81879961955356,81.22195685645323,80.61477809528947,78.74066993730175,63.01388139909379,48.51346688162601
2019-06-04,76.68041348623092,82.2381681106371,73.09904802724918,75.18646863938015,78.63316819147953,77.3321034326606,81.59119316724423,81.0365074935361,79.35622052559563,61.19331522208328,48.28753462103195
2019-06-05,76.56097211384251,82.17143386479111,73.37823724159908,74.34424901461601,78.59974903990802,77.35764213148136,81.57395028595829,81.04764096499646,79.34121173238036,61.829009320678146,52.05491380285868
2019-06-06,76.62257893743235,82.19608383388596,73.56879057917749,74.54385789847693,78.5576523497546,77.41110700956993,81.5387590103532,81.11378849197503,79.40473671784059,61.809272565474274,52.25512472401434
2019-06-07,76.81304749224633,82.25419571966258,73.70493430282107,74.68085848677873,78.44076814464033,77.548243664904,81.58400264285407,81.2129742879221,79.48691695037266,61.739381730172305,50.57521289899054
2019-06-10,76.68939144999585,82.22686542993436,73.59928512480417,74.65816754497071,78.38031151847576,77.5171092545939,81.55691339416285,81.19062590197537,79.46028178470658,61.52583698001235,49.488259495422255
2019-06-11,76.66395305190609,82.2047033017805,73.54981554287683,74.60635500354003,78.3526708961595,77.49164312515882,81.4265722302233,81.17240090288452,79.437173289756,61.4706789671471,49.16161627368953
2019-06-12,76.61247232517559,82.16953714932615,73.4598371430899,74.46354538030674,78.26476458489614,77.36721508964862,81.35403363481046,81.13204173002532,79.34051035868602,61.36518928865192,48.95122695870516
2019-06-13,76.55595616984907,82.14971112464006,73.46215516809664,74.48667382602424,78.20389000858171,77.2574880828561,81.34597696032161,81.09137211180963,79.33638415183765,61.36465992771062,48.90367444995688
2019-06-14,76.50591231863169,82.09497011463009,73.40108277115351,74.43694155161447,78.11615542678841,77.21155684317219,81.3184121292776,81.02586135679766,79.30795606454086,61.255842329499366,48.805778508736445
2019-06-17,76.23879329909813,82.02065098889739,73.27116370868964,74.27072129282907,77.8540177848033,77.08692777370668,81.23016879026504,80.9425068522868,79.06380172152458,60.62627271383659,48.55371025456506
2019-06-18,76.23671566587468,82.01210990470797,72.4352171791477,74.436815848054,77.95051492496525,77.0908891860761,81.14645649035641,80.94672463637089,79.03292186049676,60.157567565461065,48.295054383731
2019-06-19,76.22563558113958,81.99431890408965,72.48733607053944,74.42858469016886,77.89311550708614,77.03994540317315,81.11227458752941,80.93511787999662,78.88993344182612,60.25221268684626,48.80832237720908
2019-06-20,76.27014770139768,82.0154502043802,72.75774953209711,74.66488932152524,77.82887750851091,77.03756929546758,81.18213247626569,81.02001366809127,79.01818926958174,60.516243278552565,49.09217022180616
2019-06-21,76.17334510514739,81.97380129375547,72.6621854387849,74.5289920120985,77.7892094424442,76.90330130014839,81.13546795753393,80.94335122115338,78.97652944781998,59.98757357784378,48.791049549088804
2019-06-24,76.08955457312223,81.94753650008114,72.53693618376252,74.52424741405,77.77286816841249,76.90544162182611,81.12242878488608,80.89704943208609,78.89121798162569,59.99260697874166,48.674208036226844
2019-06-25,76.13153118329352,81.96014455193773,72.50517947329686,74.54123902847705,77.72145871361246,76.87935486926493,81.13672719423796,80.85803558801639,78.66304860896965,60.54468128354424,49.122729522049426
2019-06-26,76.06207409534787,81.85556024497704,72.56679850662181,73.72772230312246,77.66922209923683,76.78727579180455,80.99473055272118,80.57733299962399,78.55908214201446,61.27904620972369,51.60351681189875
2019-06-27,76.11670071958457,81.87830596995883,72.61804925894799,73.64224566162073,77.56341649590111,76.8986824886913,80.97536545495856,80.54676615610725,78.59182914382356,61.554005850348204,51.86220386974441
2019-06-28,76.13228116054239,81.85084046426852,72.38532732755195,73.70598403043513,77.52259169004924,76.87068969066381,80.96264676428065,80.47892437452064,78.5930452637738,61.57417361088808,51.90565864835817
2019-07-01,76.14783226494151,81.80922022003664,72.39170525095288,73.5929462906361,77.51256647671102,76.83656337130873,80.85224610758556,80.43657154089911,78.57099920214175,61.27846165189596,51.441925420584326
2019-07-02,76.08020375726916,81.76413534633612,72.42232620161373,73.1995698305094,77.44442818359663,76.80817129397055,80.78955721953503,80.40591464915101,78.51165030032445,61.45000721365908,52.33378498728564
2019-07-03,76.13435634062145,81.7983521271965,72.6158566211278,73.13927130049184,77.52169965590387,76.90639994289874,80.81606865248479,80.44633706350054,78.53472337831786,61.89722014675061,52.50416044180085
2019-07-05,76.10082701306223,81.75792038565561,72.5945437954376,73.10170351378046,77.45356481794035,76.86194585943409,80.80942949903262,80.43418957042374,78.53661191219769,61.95120805850712,52.35554086229868
2019-07-08,76.1030090293633,81.66041982796952,72.5217312796231,72.90030686766609,77.45269088076965,76.84213205768684,80.78627948912609,80.42981205222584,78.45352287235347,61.799968153146175,52.27075530093532
2019-07-09,76.064101953828,81.63733466606288,72.39839949363851,72.87072888781987,77.38548287854087,76.80851514246974,80.75332029315656,80.38837106439937,78.29301121333643,61.67049092443551,52.15775574711638
2019-07-10,76.00396518715131,81.60928528562853,72.42231228958977,72.77015375405453,77.19453750737283,76.78868717625197,80.64957003768724,80.35313977091619,78.14961758743216,61.70464787877776,52.129552490187315
2019-07-11,75.95479959973919,81.58449672273751,72.33934927612084,72.7713873364421,77.17134496323155,76.73021396026155,80.60627469317599,80.33422153586105,78.11762804641025,60.799143779449224,51.88519752524182
2019-07-12,75.90205363123287,81.5110066660601,72.20103032477999,72.7026283913448,77.11134976349628,76.015104905808,80.3703835151969,80.26167455781398,78.02742386390179,60.41937397185046,51.534571070956765
2019-07-15,75.88227513081588,81.48150764093735,72.14911041432117,72.57364261380691,77.06634005783258,75.98954691727285,80.34002396479379,80.24008193840491,77.97031094447688,60.39904764047679,51.65833813225102
2019-07-16,75.86058681588875,81.4595033033251,72.12531274901102,72.45572833075138,77.03658767514108,75.98432566720619,80.16281647987356,80.18481146626219,77.86759540864256,60.41138855460291,51.66490780807271
2019-07-17,76.00294792275542,81.5029523604841,71.9517229422878,72.74535574114844,77.158212741026,75.86924392794053,80.08462191891074,80.156417355318,77.93892170827765,60.544200208359086,51.399772058163094
2019-07-18,75.72790086140803,81.39079370889202,71.91906457228194,72.71763743189416,77.09466780152381,75.78838153760992,80.03220271516764,80.07711427196753,77.91906551017307,60.30873155614059,50.666637253630824
2019-07-19,75.67418765989802,81.3537505796476,71.98392452686501,72.41211208814369,77.06467503689356,75.8146936258251,79.79413506308441,80.02629289856748,77.72860551364263,60.75557411694862,51.19541072631279
2019-07-22,75.65421343628923,81.3045695684476,71.88332131179305,72.25819203854402,77.03027217557103,75.76464326394328,79.77444002770876,79.97379134069914,77.69018492853215,60.72572559915356,51.03360523103413
2019-07-23,75.71671607301617,81.36830602427673,72.03882932825259,72.32855948393794,77.17918407891888,75.8843313055349,79.87089394487897,79.99451653881431,77.76288691073962,60.93813744264556,50.125219941832
2019-07-24,75.67439387905806,81.33510088266247,71.52995737525023,72.30437252857462,77.0968611165831,75.77235600486677,79.83050189363485,79.96831676563575,77.6852775107571,60.8774204630503,49.964349463437514
2019-07-25,75.64997947028625,81.3519839774938,71.51784321207658,72.37122249631064,77.148609409429,75.82797795281431,79.80957748146989,79.95993932619295,77.70992947732985,60.97841527763016,50.00118978234633
2019-07-26,75.02056537071701,81.2474956809103,71.38389645027938,72.01048737563018,77.08402613256155,75.76266106101812,79.60324643199934,79.77116667282138,77.63039321570912,60.941131864639935,50.212616161900854
2019-07-29,75.03887128813415,81.24926606838127,71.39232630253547,72.01612268690741,77.03428960982367,75.62380125320823,79.59566670338069,79.74354957163833,77.6382786830466,60.87357612408962,50.1920324219421
2019-07-30,74.94759300985325,81.11043070697644,71.23476632522052,71.74701615141493,76.93405805169465,75.51041278031956,79.50632133612274,79.63260431049542,77.49450462269671,60.10891323312935,49.61446103706702
2019-07-31,75.10222991638632,81.20348811792398,71.67131475502012,71.5218148150503,76.96939658428636,75.76305434655383,79.62395580408226,79.78910654402316,77.72190783563218,59.88393475677339,49.89493625710439
2019-08-01,74.94642730425802,81.19860893320279,71.61730731626072,71.9182168978039,76.96859381420444,75.47789816668748,79.63549181783628,79.64113723563601,77.69205795753108,59.628542899112375,48.07550650759915
2019-08-02,75.01386640964579,81.20883464787039,71.61534591436367,72.0756607844544,76.85414747842556,75.44659877990551,79.65932250646806,79.69469884368424,77.70632763750997,58.73309742154089,47.80863514387021
2019-08-05,76.86355168233611,82.02593846821964,74.74858765447524,74.11122433118057,78.54517445712517,77.38351282038285,80.67485276190651,80.93243934744261,78.47169769326874,62.749963074596614,52.36479002234144
2019-08-06,77.09941057946246,82.19743833417267,74.9597326274674,73.97353265319934,78.67840219712949,77.6656264410529,80.77447501966,81.0458962191564,78.17707374778067,63.62620914415527,50.72434950053156
2019-08-07,77.0144192471962,82.08303700267412,74.80734116157456,73.45702866496178,78.1235790709923,77.55553143243894,80.6666385614536,80.94827752705231,77.9439261246767,63.666329104858775,50.49652028273904
2019-08-08,77.56935572642902,82.37112932444845,75.5435928943209,74.44038401840521,78.54689279913462,78.07531056223262,80.98178928592857,81.32039851961773,78.50586200402672,65.24645608292782,51.97138472078746
2019-08-09,77.615825812456,82.41416174294076,75.54950212692891,74.42620888632271,78.50047299631913,77.97391356284419,81.00919576028036,81.34147631017083,78.55507936092172,65.17904816684562,51.72608267590961
2019-08-12,77.74393946544285,82.51083904021115,75.76465114664114,74.61592683397984,78.73293970435283,78.20121240183119,81.14707448691716,81.4400401974223,78.76914789579172,65.10939155826964,51.853402198788885
2019-08-13,77.97027409927007,82.66719220494392,76.06133865760283,74.7908987602794,78.91799305547681,78.44067669476085,81.28344673870772,81.58643214195881,78.96336381239841,64.73137751742425,51.80068333750985
2019-08-14,79.45707069984503,83.50855383022656,77.49234115943395,76.66783444872367,80.27202860100488,79.90937064163273,82.21098955151848,82.26279660594895,80.23063645200382,67.26711629900444,53.65438583195369
2019-08-15,79.37698071888369,83.34977108151367,77.15455004036659,76.60470168329245,80.21743665079646,79.84647637192292,82.12210335852207,82.1638484351267,80.17163604787608,67.36073177917393,52.67035758528403
2019-08-16,79.58480620849049,83.45862205042994,77.53192822186526,76.8474725298514,80.49368907100663,80.11296060907289,82.3188546462074,82.34095966639038,80.4468524782902,67.75708502343929,52.894467770473526
2019-08-19,79.78111451818724,83.55003715241645,77.77346709453707,77.21058201393035,80.61656222290665,80.27389259161598,82.40415175104488,82.45773176885476,80.51137597670886,68.13604352724381,53.39714614101352
2019-08-20,79.81734274329098,83.42684531899874,77.85853016468099,77.24767596674772,80.66070249316904,80.3301849115106,82.4120624443998,82.4565848890745,80.56173980394347,68.3570983059229,53.42486119345581
2019-08-21,79.7534554877308,83.32377665585506,77.78359054635553,77.26326496373575,80.66526413517845,80.3674516743768,82.41686204508623,82.46284552384547,80.57398669499715,68.32106650850187,53.54692827605935
2019-08-22,79.71997794581543,83.30172717256505,77.67249545075924,77.17467769763824,80.48515363328195,80.304739197612,82.37541899385883,82.43029265659183,80.50126851737804,68.21952780610475,53.500307313121134
2019-08-23,80.4488528056928,83.7359098874834,78.56499295614901,78.18865149561151,81.06003112777978,81.04716549038835,82.86415983584688,82.94625655985936,81.100052263579,69.51205476359122,55.52512701571291
2019-08-26,80.57598047422712,83.80490439026238,78.76791256391625,78.23496797426208,81.1229909161894,81.17140683009919,82.90862004942916,83.00697533589859,81.08072809638013,69.8442304303807,56.01163628611937
2019-08-27,80.50665760818013,83.80550086141291,78.76832446656452,78.21443245590969,81.11877771858698,81.16949503164862,82.90485641651838,82.98889393688826,81.04059664669194,69.88946129600077,55.95473707890979
2019-08-28,80.45842595989345,83.79942498069754,78.80777763189566,78.23197489184797,81.13462520762778,81.18082554398926,82.90763027276438,82.88073255771174,81.054780703225,69.84708921809599,55.50996887298474
2019-08-29,80.59810721173868,83.88273598420808,78.85423300710661,78.41459970296837,81.29793887052284,81.2932740724743,83.02272624026351,82.98072657153271,81.19960006236859,70.1930754503362,56.0672564231176
2019-08-30,80.57992284579736,83.82266643070707,78.82448721390702,78.39896101208656,81.26297712259586,81.27708156153108,82.98406903762489,82.96242857268929,81.15169075100069,70.18366926311919,56.04592352410366
2019-09-03,80.50728032494598,83.74431453358949,78.4709433897583,78.33294333349464,81.17555936612474,81.13043465308671,82.85391887803378,82.87458801347289,81.07997781886792,69.18222823691806,54.718441264425294
2019-09-04,80.62680634723104,83.79402603778263,78.65988584046796,78.50268837645362,81.25786800942385,80.99469854080583,82.93238230739502,82.940283095967,81.21202824793264,69.54731250701693,54.61328137014797
2019-09-05,80.59735529631928,83.64575796676161,77.93974521044314,78.54087715999093,81.17679596785831,80.89247345185021,82.85030352483712,82.89313423490793,80.9725167876716,68.56955156500285,53.27030844626956
2019-09-06,80.56862751410627,83.64131472189608,77.89933248142955,78.50564014480068,81.18433768340932,80.88879151207854,82.85037385615696,82.87663099920076,80.97258152377702,68.51729534883114,52.93414009783395
2019-09-09,80.47113953086648,83.55207755228591,77.82202678205759,78.01506792247348,80.85638833311755,80.63836721339842,82.754051698808,82.70087648759787,80.84008137552496,68.42926691029311,52.99071913331774
2019-09-10,80.38574116649082,83.4241268427339,77.6727945153289,77.76561072441774,80.7834055973472,80.54997032028955,82.63005608954477,82.54808789131278,80.7013618210769,67.7250562935764,52.643871971895784
2019-09-11,80.38872133850059,83.3807137453614,77.66309229834138,77.70997638908825,80.78679561982598,80.54222349458551,82.63199466460338,82.5496767379883,80.7019836712848,67.52429658975228,52.593312371930395
2019-09-12,80.37568061250981,83.36218001396206,77.64624097741792,77.58022506419586,80.77310956124032,80.50729765057656,82.60370187004487,82.54131991775033,80.67174270799521,67.50298247488296,52.57253628508384
2019-09-13,80.30673365526089,83.29149946642649,77.43663016948535,77.43746295559376,80.6546595411829,80.42713176880466,82.50234783992835,82.43566788044727,80.413208509761,67.16432704345239,52.62507140965834
2019-09-16,80.12966604495361,82.98041378370392,77.21607733343032,75.1668401060419,80.45669172544095,80.25610682483163,82.29730660367478,82.27091679569479,79.936899629442,65.92565690698613,52.35939220698803
2019-09-17,80.09900041571039,82.95553233813334,77.27266875621473,74.73100715565316,80.45916382880081,80.18603579644395,82.26289472568693,82.26482454528109,79.98320357041783,66.35301152946816,53.0067533844162
2019-09-18,80.09615928685805,82.9540993543173,77.26387076878396,74.68593743180695,80.44254243616668,80.18154934773713,82.25975137026582,82.2581595609555,79.9780534772666,66.29696404730231,52.849991951323375
2019-09-19,80.07430949095445,82.93234283211369,77.22035923901205,74.66417797157489,80.40508449200257,80.10450491135575,82.2075076975109,82.23362956153836,79.9543506510895,66.26537940289339,52.80656706228755
2019-09-20,80.05991101389435,82.87902671647001,77.21344978740572,74.51228999927046,80.40210056127098,79.84680856205408,82.19616040530455,82.20390943497507,79.92498257081752,66.28839882639623,52.500104042679794
2019-09-23,80.03627806969757,82.82680586648999,77.13403370348682,74.49473830726483,80.37847874396404,79.75060316207795,82.17034094192451,82.17491605789508,79.89379951377589,66.22172667854211,52.433915383814416
2019-09-24,80.01130415454136,82.81594014721985,76.80574360595857,74.60606949704959,80.39774488938168,79.73491496673633,82.15219206737697,82.16812509520756,79.90373776094904,66.04677973682709,51.21625793738281
2019-09-25,79.98220311792743,82.79080798470333,76.63687040853432,74.57804306752134,80.36929352913202,79.57165285096836,82.13738562679404,82.13538779397558,79.89343816452843,65.84725894365724,51.14609119635395
2019-09-26,79.88800114633355,82.75715733907339,76.49731090443755,74.49360349779224,80.34092292036064,79.48443095161626,82.08228192528442,82.08317822881867,79.86428809154718,65.40772975474846,51.039174350420694
2019-09-27,79.83717803944126,82.73376644139569,76.48537277011013,74.3695048389244,80.20957610200891,79.47158981304536,82.05685179592017,82.01126286389461,79.83766752866036,65.46098711390134,51.18771768381051
2019-09-30,79.81352136431828,82.7090113414299,76.49093796543421,74.02823602238733,80.08735625599654,79.42196825715375,81.9982865558579,81.9761467880761,79.81063915685746,65.46715055356151,51.03907959151692
2019-10-01,79.91498904894168,82.76693298823324,76.61311731393816,74.55335259292778,80.34124822735963,79.62994494177775,82.1415097345435,81.97780928681266,80.0975835441797,66.21088929920298,51.28643252682542
2019-10-02,80.21106269123145,83.01969267555648,77.11841941254133,75.24808607699462,80.74180112273706,79.9668315664419,82.42157725236635,82.22684993944526,80.37694266569767,66.62951759291643,53.15450671682147
2019-10-03,80.30011322971767,83.04839175918104,77.19982990548401,75.31446401753006,80.73433554028543,80.06091189829301,82.47292701635324,82.25899112755035,80.38753231984028,67.1075137609964,53.07947844465626
2019-10-04,80.48477182910122,83.1260636970654,77.57188339782593,75.39525608494137,80.93688540861046,80.31062746034026,82.57652721080127,82.40920825490758,80.39169664464298,67.13374230369331,54.37053880588982
2019-10-07,80.42347135728569,83.11805823993916,77.48250454630792,75.3874581459018,80.93397867468911,80.29102385565209,82.57767070235163,82.40124023897233,80.3937195506231,67.13750937829346,54.40500050409768
2019-10-08,80.68140407656782,83.20113651378458,77.94313177902026,75.8076554528815,81.25371413193255,80.64793682821798,82.76798297772685,82.61629229074241,80.72069628312514,67.55990957312613,55.78746553751651
2019-10-09,80.6848913221447,83.24235912495907,78.08010594792837,75.91514654185579,81.30803603102146,80.73705376916271,82.82225734565927,82.66736419793958,80.8081748922929,67.5991650811095,56.00903612078184
2019-10-10,80.72228227997232,83.26621835628218,78.04816302781451,76.05424557165765,81.37113996389007,80.78130783558463,82.85613490459492,82.69767183163394,80.86060219902527,67.60919776827615,55.801321881686505
2019-10-11,80.78076753873239,83.285586446796,77.80376266747358,76.21036773487036,81.43346832408928,80.80794366576164,82.85385426548712,82.73524945439524,80.88392928203746,67.16358182418658,55.15340208833359
2019-10-14,80.78563890524585,83.2850055679484,77.8495167485274,76.2140190004884,81.41663502544162,80.81360392689895,82.85768923951697,82.73672020708352,80.88207432850864,67.04809229362483,55.21305187466347
2019-10-15,80.78886304861771,83.28097246396901,77.35904021764962,76.21241038555127,81.42943292460457,80.69994693516595,82.85709607312634,82.73160991440817,80.86988084022515,66.72770912222566,54.563339519419436
2019-10-16,80.72073488355345,83.17439596453727,77.32614638807773,76.01456802437274,81.39806884521239,80.6555273833739,82.82400037897419,82.68914481930578,80.83001457047813,66.71240493219148,54.5196514999902
2019-10-17,80.70952897365264,83.15537750469856,77.32715049396245,75.96027046407082,81.37659447139099,80.61332565424627,82.81170122817605,82.6213913868103,80.81959449859333,66.71361654306389,54.51654576741271
2019-10-18,80.6019229045469,83.116492351221,77.1619990073594,75.95342300829341,81.29170076024397,80.57203357400358,82.7666750710096,82.57522028661838,80.77621586779219,65.95011672703774,54.35203065111285
2019-10-21,80.60146499224648,83.0995549171619,77.19364465273445,75.9266689691383,81.25011315288039,80.43764892012481,82.74975115268772,82.56036015120745,80.52873832645841,66.1444059834689,54.44994723396208
2019-10-22,80.44857701934527,83.01788219105013,77.11905747276401,75.38028547903886,81.16380459865202,80.33200316761247,82.56355469763953,82.33945184270628,80.40180957780316,66.04416568005252,54.33668814185778
2019-10-23,80.40611657702412,82.85428077388708,77.00719564923244,75.34412176638313,81.13487795631653,80.27707361819435,82.51592209122039,82.27932062506878,80.36684389870084,65.9995939736614,54.342821507597776
2019-10-24,80.20282071191885,82.79763814354723,76.91348980866185,75.28061375537095,81.08089360333132,80.15788880289738,82.46761987960498,81.97934603454658,80.30421929119112,65.92489831131235,54.24721796516836
2019-10-25,80.09578416053616,82.65919613750414,76.38732165057883,75.24854386847646,81.01922204142406,80.04900474512058,82.39877274309181,81.89474047113971,80.1271509681525,64.98828772212434,53.87692348029175
2019-10-28,79.99569418895685,82.61220607733446,76.2134473735938,75.14384979456271,80.97726038672617,79.8740311297318,82.35694616031061,81.83223062602012,80.08502482200755,64.44600054455343,53.181037412579556
2019-10-29,79.71650124472313,82.41448424434994,76.1116383953609,74.99556305745845,80.8990124320757,79.51252990171241,82.2698089074181,81.58054917044211,79.93508084985041,64.35396028149187,53.160414507701226
2019-10-30,79.64329735378871,82.33249737757704,76.04316574215962,74.05925576119424,80.76878161604216,79.44011767517146,82.18216009824742,81.50679363714526,79.8523585075041,64.35154388301582,53.31329907219966
2019-10-31,79.51702737358629,82.32535713575093,76.01854770923842,74.03145764584929,80.76253980534145,79.40398866714905,82.1606516354771,81.43807784898785,79.79991370565342,64.34078774332858,52.85602585669698
2019-11-01,79.51630005025474,82.30389257378836,75.65553800967402,74.18690043548578,80.77537527387406,79.25597597332548,82.08603823647427,81.45724077098748,79.85369728026885,63.81640389883147,52.58116759261301
2019-11-04,79.39873276970785,82.1797272990151,75.28919707574106,73.27056900543968,80.63434414954197,78.99148219569308,81.91259431707788,81.34897456903356,79.7198075567894,63.70507483470383,52.74538998955491
2019-11-05,79.3543120957025,82.13179439403324,74.82877221137807,73.23929030026112,80.56792410490687,78.82604193888724,81.88321400070461,81.3112400872439,79.68715231599903,63.58380658449299,52.92722224142469
2019-11-06,79.25642495072172,82.07901682867005,74.71427855791805,72.67133365140175,80.45155607737483,78.7357056473054,81.82366929145925,81.2500964768894,79.62451000294594,63.50309814856715,52.98384903183801
2019-11-07,79.17591478379012,81.8937656134612,74.4567576175386,72.62861806901975,80.37973615893745,78.62335198219722,81.76427723899785,81.15355353373964,79.54282703991997,62.86701716136379,52.43292758039472
2019-11-08,79.15710680081634,81.88527492842557,74.43348361031764,72.6006487097821,80.3375184010827,78.59547346572782,81.74405180391774,81.14758025351202,79.53191143435829,62.838018198547246,52.38443762192153
2019-11-11,79.16046719799252,81.88572727903522,74.44505365201371,72.60770018417746,80.33982292997543,78.58407204381646,81.71747416069718,81.13429090166996,79.52548009387661,62.72711971443617,52.38547723975239
2019-11-12,79.14541185460347,81.86216986672574,74.40435125887144,72.53032577678513,80.32139223795711,78.53889043704253,81.70166165291319,81.12158712056288,79.48307904893481,62.307454122222154,52.31603913729175
2019-11-13,79.10764053209775,81.80520896840629,74.21038674245766,72.50447473641097,80.23428815051707,78.47417215984723,81.64730956049974,81.08148231059062,79.40579643969276,62.101706334486565,52.004093674991914
2019-11-14,79.10282075938514,81.7846503929285,74.09125647373008,72.44203781688705,80.22419052411432,78.45768059501287,81.63724697066296,81.03369256254338,79.39147774648062,62.11448979432588,51.977696642702725
2019-11-15,79.07995498051558,81.70179526910965,73.90192473887006,72.44462543188935,80.14396315171517,77.98093282741274,81.60633550539396,80.99438934713417,79.22906752650087,62.085326819074055,51.88395396679145
2019-11-18,79.02426777618412,81.64551930896398,73.7922911817618,72.28526790669096,80.10422137503474,77.87844936678613,81.56549603132987,80.94833639288058,79.17407514255032,62.033405268200774,51.831759073206165
2019-11-19,78.95405132470842,81.46260584212315,73.74003646235268,71.99316337267756,80.02199159633167,77.66244290166128,81.5159283241573,80.8713246103101,79.12630470398655,61.94891923787324,51.684178376092106
2019-11-20,78.91279111060783,81.38603734718829,73.64046948398595,71.26397457974,79.960301906794,77.61823348869399,81.4510019492753,80.82630182952539,78.91009921179642,61.86024935731623,51.40672785338387
2019-11-21,78.831086946898,81.30731842272239,73.57205392256358,70.60592114348984,79.90413601343883,77.39113151493599,81.39275568813953,80.76991073846814,78.84853279463054,61.40869499481395,51.39864081951974
2019-11-22,78.79869096328892,81.24956351184318,73.51866168492231,70.55900465809206,79.82150715260984,77.35154816923296,81.36916033183094,80.71278715095028,78.82022476869976,61.235100049424986,51.33690555381163
2019-11-25,78.7278460068616,81.26041660287167,73.44098280185857,70.49149915475341,79.8466599063387,77.34801506255518,81.38331795001199,80.69667400962301,78.84536305175588,61.09201857901728,51.00592394752977
2019-11-26,78.7132589556039,81.2375477754042,73.41574696800316,70.27885228479457,79.77346353895149,77.23005054296097,81.36499316510861,80.65949956485335,78.82585999147939,60.97707420867836,51.038064091876926
2019-11-27,78.72815066141222,81.19639770792101,73.43298787449017,70.2847922425838,79.76627621799237,77.23912985611629,81.32275161995756,80.65671414756628,78.826346042107,60.98830850447419,50.98023150156321
2019-11-29,78.74381293298663,81.21895369975978,73.43506572808032,70.35741274114966,79.76035414012323,77.28534802453441,81.34171566333288,80.66316436555168,78.84607882264953,61.142964106355905,51.02810441925915
2019-12-02,78.8195877652467,81.24910325876134,73.00095005629672,70.0215362042176,79.77761998857719,77.3211797601751,81.33535128848347,80.7283518929517,78.92250179585015,61.29515155755915,51.21711923733274
2019-12-03,78.71781848910113,81.1971829202875,72.87867375471055,70.20200466404829,79.74330130657005,77.19693369908555,81.26865203398347,80.72042696126468,78.88571766590353,60.50562310534253,51.05500010385638
2019-12-04,78.75397455591818,81.23058269552057,73.01985942778137,70.31136579272578,79.77677864503542,77.27475053749825,81.28809737964082,80.70979471360585,78.89091444753193,60.67562265918005,51.376705818429414
2019-12-05,78.74396655966441,81.21242503626073,73.00897961694665,70.21182919173057,79.76151170658363,77.2644302372996,81.26310630500284,80.69840234437362,78.88033760496309,60.66907588706988,51.37139767218541
2019-12-06,78.81289715264894,81.28150786783159,73.01161264239394,70.58338027931802,79.87008899837683,77.3189625074628,81.34095423094246,80.7731509213613,78.98257612372652,60.60749629592361,51.060430558426994
2019-12-09,78.80621937054376,81.23157033965117,72.89358565435845,70.55714102669693,79.86119070172775,77.2637023675025,81.33083427676577,80.75422787774595,78.97512295952444,60.34138835842782,51.08728675260278
2019-12-10,78.80164308207395,81.22966732356339,72.89824466951438,70.51161143566989,79.85297372995194,77.21497234604702,81.32439544916558,80.73894399367995,78.96161922545645,60.3232244772728,51.025501062657554
2019-12-11,78.7893636392386,81.21672405755079,72.85523964010704,70.47879075061628,79.79203892834153,77.19483836393539,81.30279949811867,80.72150413511102,78.94098666849496,59.62932342043089,50.86211854436284
2019-12-12,78.57581296547036,81.17389654992267,72.49715533181069,70.67448601381618,79.68408867702861,77.15541006245166,81.26458416958818,80.68453909031145,78.90108890213325,58.473563264074066,50.735510094587184
2019-12-13,78.54185176934567,81.13161682008416,72.34483699159946,70.65822690896607,79.64796612839648,77.1112533471881,81.20205339944174,80.59090111564083,78.72377970225779,58.344037716277796,50.23300402135918
2019-12-16,78.6344968166086,81.16670666929481,72.3862302219042,70.81208461161836,79.66203787864697,77.2083201079812,81.10475972445197,80.64875746763475,78.74637906830924,58.79890720250359,50.76270637567464
2019-12-17,78.61128584515296,81.08175115305228,72.33966343038095,70.79110649658762,79.61577545650543,77.18903022510572,81.07714002123652,80.62463165002343,78.72455051798441,58.52941620860594,50.451321679660325
2019-12-18,78.51247999109593,81.04519482140488,72.187857129255,70.68269489827611,79.56520650500784,77.1430046489511,80.98451137605703,80.57914028962503,78.68332589402777,57.858130782588745,50.263450977022785
2019-12-19,78.49509540270674,81.03188150126397,72.19863413698606,70.62869141706999,79.48534629143451,77.13193055908262,80.97385868911687,80.56483666883001,78.683606436703,57.87715250354425,49.92511531778949
2019-12-20,78.50605932630623,81.0080772962718,72.31243216093468,70.70013913918,79.40848694080596,77.18277901080249,80.98852743801602,80.58389793616554,78.71285241012366,58.042094544178255,50.246733894354094
2019-12-23,78.43553181968045,80.9501654184771,72.21443108713017,70.57422946559014,79.30096266497297,77.04752693060469,80.83565311709769,80.53910474899843,78.6581143495657,58.07132820284977,50.22668851775123
2019-12-24,78.43310746210005,80.9399581629354,72.19249421196194,70.57049711774694,79.29047105639724,77.02804018030037,80.81369756936792,80.53156979228572,78.64238861576962,58.01966907361827,50.17616948143713
2019-12-26,78.43773865776146,80.82706925513956,72.12509930956561,70.50827471934834,79.28899190039019,76.88949597162166,80.77827795108932,80.52430218867025,78.64192276344377,58.12605741652844,50.15624163674774
2019-12-27,78.42571289464922,80.82085697930526,71.9809319548139,70.51182623430029,79.28031787052805,76.87955709230265,80.77168394984693,80.51603999518099,78.62610596643675,58.05717334097105,50.12044492894543
2019-12-30,78.4591318772325,80.86309782442413,72.07082811714179,70.53444240019522,79.29795348903046,76.96048813080395,80.79461743639048,80.5495712139249,78.63770926435859,58.05342935190215,50.11631537944761
2019-12-31,78.4548575181791,80.85673317675894,72.03718095667776,70.52569245367563,79.29327690552385,76.95855682388657,80.75893347028807,80.54441926685988,78.60733605253489,58.17546356724628,50.19642752777197
2020-01-02,78.21970991821807,80.5785182052527,71.1461211010361,70.41805594115844,79.10853761504487,76.66502142161771,80.33940245894908,80.21682554239678,77.52542961552504,57.49728811474582,50.07020146952404
2020-01-03,78.2088579780152,80.57233218594071,71.0740869325596,70.28229051432753,79.11872542963893,76.6464945133852,80.14711393475514,80.2096114208875,77.21874942645033,56.78220080010726,49.809809497728246
2020-01-06,78.05703502338645,80.53599997517424,71.06903050818407,70.26774949932933,79.04350465761249,76.58877683386798,80.09896909018956,80.16351693738044,76.99452456888127,56.67615239096487,49.723412291855055
2020-01-07,78.01098182439084,80.52542587798112,71.07537017077173,70.26825831546792,79.04235306900033,76.60353285183865,80.09585254077636,80.12614875209204,76.96550916775121,56.88044547087274,49.73181271823407
2020-01-08,77.96854271644621,80.477229460424,71.0750491086394,69.45885717680677,78.95699571961366,76.56475932212616,80.04491811357859,80.07059295371552,76.92445336423886,56.97809128410169,49.62922492226342
2020-01-09,78.03578211430595,80.52384382486844,71.22443758209056,69.64372114072361,79.02211216703812,76.57912494331825,80.08479386524392,80.12457124667553,76.97039958569576,56.641800105301556,49.754280287259675
2020-01-10,78.02399252608245,80.50322451950115,71.14550024465505,69.66954972430669,78.99892542905886,76.47837769777182,80.05384174800439,80.10409929061048,76.96272345367053,55.79081784753243,49.626610285193834
2020-01-13,78.05410989208052,80.44789009780649,71.2734267440884,69.54731658372353,78.9960842354257,75.96537002359901,80.05437189273272,80.10645587872224,76.95498917892921,56.28284852468455,49.91423181785839
2020-01-14,78.04740057005482,80.42778000352462,71.2518492957615,69.53408290213163,78.9689862701242,75.78506864343697,80.04238756061592,80.05474754339077,76.96728611042937,56.3135320738735,49.59873149189552
2020-01-15,78.0055719373202,80.30219427889355,71.23916796954745,69.34917588670922,78.77908569908838,75.65992691191177,79.99118596728685,79.99578600594809,76.90042794172058,56.440458418904065,49.98938818907422
2020-01-16,78.04529694344113,80.33432886771541,71.16619675575986,69.20561131244314,78.80282774907612,75.66642190449103,80.0068686409648,80.02952845757817,76.91104979434606,56.62029332279826,50.092515065572016
2020-01-17,77.98118596459621,80.31677907800842,71.14285598086344,68.92625701405544,78.78726845360387,75.59821247244939,79.96562240935344,80.01059000405964,76.89051774898634,56.57268709909892,49.97611175470993
2020-01-21,77.89717780261292,80.2745915657984,70.90367236389052,69.0554539911856,78.77749649714363,75.4806034037233,79.89987447918173,79.94734959615268,76.84647123034742,56.07439197981709,49.79170752799088
2020-01-22,77.87089019178191,80.2499087302952,70.82875415486576,68.94145418597243,78.68098536604067,75.42940504994024,79.8669528238069,79.88184430818241,76.79972206109652,55.378648228129705,49.59237148224081
2020-01-23,77.75305250112154,80.19504492713442,70.60637967421611,68.87922632395829,78.60503914769447,75.18333204920089,79.57041437776945,79.82568057783277,76.72012968252346,55.39817008557232,49.466008630876374
2020-01-24,78.03854402411355,80.39735678267863,71.05767649826731,69.40262982757127,78.86874313316444,75.55608821464347,79.53761792948828,79.81097895307188,76.89108792702237,55.39301242744395,48.86916933217135
2020-01-27,78.44392730660222,80.71373240102018,71.19281185132303,70.73648030601495,79.31236442881598,75.69211358564884,80.00844198776534,80.2603468906491,77.52635840297842,55.65255041611387,49.168318909768175
2020-01-28,78.545607743717,80.74827697736582,70.90093140884125,70.74204337813474,79.34260697342819,75.683194695637,80.0165135880546,80.18422375385701,77.66752574145546,55.33073544357619,49.126581745671075
2020-01-29,78.51601134721722,80.71859677894679,70.72203775363135,70.62375181529477,79.3087028742284,75.63804912280051,79.92690194324845,80.14625975965389,77.56599090893684,55.338634658850516,48.768793352854004
2020-01-30,78.09157503477444,80.57870641983762,70.18911977546676,70.3458862052272,78.91645398124646,75.09788912298819,79.80825458789353,79.9850321023122,77.26846090873634,55.110716671760805,48.56858415467172
2020-01-31,78.19744061519152,78.8377070252639,70.53993850381889,70.89428662378677,78.99778726738018,75.49264295268429,79.91131380096114,80.05972652444827,77.50018163474797,56.40864599505832,49.08618733329541
2020-02-03,78.14711360351225,78.76154267974296,70.24285374564298,70.14140922564354,78.89438032597033,75.45184737712495,79.71245102734814,79.96393664005822,76.92474024421928,55.44543586572802,48.86726651586268
2020-02-04,78.24168114136495,78.93754259062536,69.92951163883657,70.23231832776675,78.81118580002392,75.64670024688978,79.91327493350695,80.18549825969191,77.08889963991433,55.27323476205122,45.883883182300686
2020-02-05,77.87273672652057,78.7469463690163,70.1636966224538,70.92629108307686,78.99243416611102,75.81238307393487,80.0636006656982,79.9347828013519,77.20892901217067,54.50725674758978,45.98382538894219
2020-02-06,77.52825511713267,78.56885208877848,70.06738557207505,70.43385086873732,78.89128558694495,75.71916397742388,79.98818927483092,79.79885479541959,77.13305645817779,54.29979442987102,45.915065490936726
2020-02-07,77.3412949169414,78.56511051822105,70.03534856269192,70.5069689650524,78.89895075862054,75.74386113453204,80.01497326675745,79.81770139644243,77.14533647449862,54.192529755259386,46.004732966303024
2020-02-10,77.35889048321314,78.59610949036896,70.25417870082393,70.1824286713642,78.8802747132819,75.88172357155976,80.01798516952786,79.77182875983874,77.06604902319944,55.00625250561116,46.13749739754189
2020-02-11,77.26488931164361,78.5046485053668,69.6946092283667,70.27877455517006,78.87132661050798,75.8439450987366,80.02088969391293,79.63452298952484,77.0616004236532,54.68530048545646,45.93109183406511
2020-02-12,77.21569498252147,78.42258543154279,69.60665110354965,70.24635313111614,78.72238897355412,75.6831610783317,79.99317524225785,79.59033732887092,76.99371863026083,54.61300292730486,45.86807007452547
2020-02-13,77.18498968084083,78.40824612759464,69.24140964372936,70.23689666139722,78.69664625246752,75.56323920208861,79.92415319293923,79.55279317445782,76.97245880813394,54.29069039962519,45.488241518989405
2020-02-14,77.16478356621762,78.3515777730053,69.26833148839496,70.21044642743784,78.6879144129602,75.56508148535464,79.9082806086824,79.545882117886,76.97141945033091,54.28645792506689,45.682919791744766
2020-02-18,76.8424005691818,78.29252587690898,69.1592054956029,70.21846375838548,78.61840013899118,75.54147956282833,79.88501186353443,79.51294694753331,76.93438367456835,54.20037945016985,44.969922730277474
2020-02-19,76.78753161730603,78.23130948052778,68.92419444918686,69.97293499265082,78.54450201406445,75.43775540718836,79.7889662504212,79.42706908902682,76.87363191293365,53.44685003376516,45.28247714976533
2020-02-20,76.70141095358208,78.16390395946932,68.79718972451884,69.77127413805397,78.49257065753385,75.3000980587409,79.73684906638341,79.26408241564337,76.7709740632929,52.68899328873276,45.07332473950625
2020-02-21,76.77532439515676,78.23023127934634,68.04903559311991,70.12742506224338,78.59955235154115,74.97223310134635,79.66681517829586,79.29535937287011,76.76972825604828,51.63491930626735,45.018035008670935
2020-02-24,79.39569446267349,80.55330614823689,73.73129281845047,74.97884198779388,80.94955539978982,78.73852352144618,81.47342672867815,81.5374536803556,79.0448941461872,56.08881182166386,49.49660227950919
2020-02-25,80.52114674852186,81.48922909455786,76.98863781386667,77.70582278479517,82.52673046801796,80.62477912506453,83.25627602282111,82.59397456878452,81.14313796167494,63.5095190760626,58.425888758749814
2020-02-26,80.3991572539558,81.4116395589595,77.0423206456425,77.80487856009302,82.46269588526417,80.45595706810056,83.14570057635797,82.29921542189045,81.02796341985186,64.02627378971762,59.603306165517225
2020-02-27,82.50921439395513,83.52695706772644,81.50669292787332,80.81517654634384,84.34426452531991,82.84796096144433,84.69884391224116,84.32836874154056,83.45268578927897,74.62652644731783,71.82360475772158
2020-02-28,81.75239391319568,83.13831292186838,81.33276159032313,79.13400652750191,84.13887865868926,82.66323043009692,84.49242469646258,83.75286006649523,83.09413424422604,74.71228617892493,72.78050076218084
2020-03-02,83.12485084647895,84.20992478294107,83.45713930764684,80.56198326099937,85.39446604576843,84.38530916072298,85.32326341112545,85.0579579963743,84.36759767152425,78.5990354084733,77.57924154740678
2020-03-03,83.79467993383265,84.62966854671001,83.61065060537955,80.91269303019547,85.29014563951071,84.72648258221884,85.28592270441715,85.4230467660347,84.21371747476319,78.58890581825632,78.12142622679025
2020-03-04,84.59546407764762,85.38391170382191,84.46512897072526,81.09896812610941,85.50059553907487,85.49230392035719,85.880340818215,85.82322771288494,84.9416364523267,80.11199615057888,79.98944212945015
2020-03-05,85.2613024766178,85.96709382850038,84.649070838144,81.79028634348704,85.80635011608052,85.6013137586999,86.10456950208516,86.05132030933666,85.41051241316669,80.86156548081513,80.46516498012559
2020-03-06,85.31648518233669,85.995600295819,84.79970074915835,82.12417661791609,85.93297289273167,85.55026497031818,85.99599813106273,86.12680486667371,85.56108502969418,81.30425583489043,80.65875420318082
2020-03-09,86.40546717237544,86.78243706517364,85.82934809979731,83.61609864330663,87.12575296016601,86.39324170136034,87.3140409626576,87.03791734664145,86.91853701725708,84.37536123358723,83.54867246801574
2020-03-10,87.35274253033877,87.69225902506263,86.46305730321396,85.18492668283776,87.80235536876083,86.8617206078877,87.74919615079857,87.65074670706457,87.59399389169563,85.55658989432709,84.07397717789651
2020-03-11,87.68029712840831,88.1183283706347,87.0169194184429,85.66386862180451,88.13275347270529,87.32398726280219,88.10027789825965,87.8094180370221,87.95650143245028,86.27410150237462,84.8824686515739
2020-03-12,88.57557394935645,88.86114486894097,88.23957904790628,86.70799800719232,88.89263879700722,88.3515669277252,88.92674947579783,88.62483923525659,88.74572790589208,87.53045766968792,87.04318225753082
2020-03-13,89.04712318837198,89.07102278418509,88.66590138139767,87.24763856269969,89.17265818498957,88.78262521230725,89.1025519436702,89.07080657199472,89.05334300228162,88.14338401966066,87.59724591686273
2020-03-16,89.29967901160256,89.4044861639993,88.41466140661252,87.90409224566113,89.44576011283495,89.13423610603135,89.36487256629633,89.35127248554916,89.33536596833059,88.39504693541195,88.22045052615769
2020-03-17,89.23868159209023,89.22109916679089,88.39129058203265,87.71832675752115,89.37825906085644,89.13871629317997,89.30252789332434,89.26486301647915,89.31576686379945,88.40861243649817,87.39656209548346
2020-03-18,88.90084004783307,89.162655004216,88.31277235594177,87.38978349448904,89.32879377233937,88.97528086894206,89.24460984221365,89.08356645180542,89.26314877619856,88.3633039842629,87.42636154598704
2020-03-19,88.66835097254639,88.8090573765666,87.46727947479364,86.23288618505175,89.08301608718392,88.4128074616556,89.04445239261139,88.80012307193172,88.91057493602202,88.07416625272296,86.57715801649172
2020-03-20,88.78952794647772,88.896389573526,87.75071738609881,85.93701734665049,89.14063173541942,88.60069655763401,89.11822397350932,88.92095721689887,89.00902592721897,88.26729254658507,86.92973801023481
2020-03-23,88.4734742789192,88.71702068855659,87.76042854614263,86.07773994315349,89.06501813691551,88.43561574896883,89.0821321740228,88.83659542974105,88.957932267659,88.24677741986184,86.99131714881946
2020-03-24,88.4771718659142,88.8802287752934,87.7933380592951,86.52810230398143,89.17492614093106,88.59339544602632,89.1323071253246,88.98734782621727,89.06789150420745,88.38697617219313,87.32188441028946
2020-03-25,88.34846452825995,88.86065221813054,87.75349580061899,86.53403979310772,89.14346664762343,88.57965421934608,89.0010409017468,88.95849860425962,89.04307634915155,88.36732800356656,87.3157007546813
2020-03-26,88.41710349947019,88.9349827539799,87.90277007065691,86.59792560614127,89.21508853802032,88.66847804066118,89.09945113970336,89.0117435380535,89.12306161983071,88.49845354145404,87.54082337358682
2020-03-27,88.36935757287762,88.92914013806214,87.81005124025917,86.53085626028331,89.18337903120754,88.63378820441888,89.06852659097018,88.99295780656416,89.10091060391001,88.3758464705881,87.40579669796128
2020-03-30,88.37797201746955,88.92557271355673,87.83595211317584,86.52301306651074,89.16320548519435,88.60051665177781,89.03643634643905,88.98760239302005,89.10775394700562,88.37227036315686,87.43887830932516
2020-03-31,88.30585922188843,88.9016160429966,87.78744543678295,86.30432972192777,89.14113409849973,88.56707514722878,88.99694462754644,88.96333594556074,89.08337681405894,88.32385153591491,87.33797844008431
2020-04-01,88.36513493425204,88.94202375302307,87.79003984061337,86.3836702247587,89.18679165395979,88.63101584711973,89.03345225275802,89.00736919607812,89.12650448490976,88.39175707346912,87.43623010817608
2020-04-02,88.36064807072303,88.90589315857409,87.79292627709049,86.1709293081803,89.17343382231196,88.62398015913638,89.00979110338108,89.00569915838936,89.09517334770501,88.38174684208317,87.4256711165087
2020-04-03,88.33204326617921,88.86201373652901,87.72469429484666,86.12332744490095,89.14296245201129,88.58326378177959,88.98080002538588,88.96153173542523,89.06095207967063,88.35060017832633,87.17115055576559
2020-04-06,88.42334209204577,88.83323970226739,87.67422633946029,85.96385294588153,89.1805582573162,88.65234235864311,89.04008984051967,89.01575110736735,89.11431188905351,88.45415800173826,87.31732131780907
2020-04-07,88.39793877028586,88.80834001039084,87.64575332336547,85.9297655973004,89.16458619403892,88.61623295226109,89.01508767727331,88.97941338703919,89.04671476032777,88.43455970555314,87.2943784640015
2020-04-08,88.35544074439436,88.79502229516878,87.62177049515098,85.97415917760574,89.15554391017392,88.61953779502818,89.00475296731734,88.95557453624542,89.04289407271115,88.328042640658,87.28834038276857
2020-04-09,88.30729675826423,88.7751253614988,87.59376140686604,85.80064216420286,89.04950443454294,88.54413629204186,88.96698888179705,88.91703659910203,88.94771388562606,88.27784089008199,87.19794132878634
2020-04-13,88.2501313136815,88.70669209975811,87.50137749144253,85.72727506197661,88.95815247692036,88.50383784104461,88.91352842187766,88.82841373902656,88.9036077740372,88.11561323539345,87.1632291618596
2020-04-14,88.2433328595831,88.69175871771304,87.43275584776423,85.60547359676922,88.88375553159796,88.47936026602964,88.87354235455534,88.82166089004315,88.83088632866186,88.0888947254882,87.13389020869597
2020-04-15,88.22305326795255,88.7082544535274,87.4604141450752,85.68672086361686,88.90250997019619,88.45479880723086,88.88662423872019,88.8322241484086,88.81253993522527,88.12054697534003,87.18939612931628
2020-04-16,88.20529703712792,88.68110260301899,87.4388918492636,85.57805426545887,88.85866401984104,88.39476471937596,88.86365346284494,88.81821132342246,88.78892663175033,88.09279203705539,87.16921124482445
2020-04-17,88.1116647949896,88.64690604235075,87.40447039613628,85.30686327772824,88.79934156419151,88.33594840097456,88.80960551667363,88.70080463957675,88.75501184999446,88.06222770538217,87.15726678708968
2020-04-20,88.04524195983862,88.62215555520272,87.39831501308886,85.31393184225826,88.77072810685277,88.27660970199886,88.79957785512681,88.65228553745699,88.74343447611115,88.0078076118088,87.07871575196002
2020-04-21,88.01630465263925,88.60829524013018,87.40432290804888,85.28057696796259,88.77056321466597,88.25696892546918,88.7941876807634,88.5925209686605,88.74401084273926,87.97184029069398,87.02924227055364
2020-04-22,88.01292433612407,88.60658885323537,87.38819643621834,85.29365032226883,88.75273460311847,88.25015277981637,88.78075284527736,88.57628190950847,88.74562911352966,87.9695695596039,87.03949932817636
2020-04-23,87.97609644964385,88.5867194922984,87.34875390240043,85.14363550037636,88.73359758209959,88.21909377947672,88.7582718345051,88.55433649362357,88.72250432694361,87.9265735394043,86.98433364465664
2020-04-24,87.9716190437303,88.56749646611864,87.34161282434293,85.11216766399109,88.72772558080197,88.215247187682,88.75366913913066,88.53559435036794,88.71649799327086,87.90498760247515,86.95913889549028
2020-04-27,87.96692842971444,88.56969298371001,87.32463124748823,85.11847806199917,88.71172857988995,88.21640315515798,88.74942848141582,88.52533646184703,88.71194848069668,87.90099605061955,86.95484647840794
2020-04-28,87.87090770777415,88.53831849866549,87.26624454458508,85.07846840006472,88.68238690758898,88.08390416596276,88.68698298412318,88.47790833186092,88.65279448973095,87.8719159297148,86.92392264566962
2020-04-29,87.59049859948013,88.48256778499123,87.11055616285421,84.97401366946953,88.63821225915301,87.98787365004688,88.64203795072193,88.37100812398887,88.60766890062342,87.78143312113212,86.62044592625635
2020-04-30,87.54731651423079,88.45815200389667,87.10479910304528,84.96720269324922,88.60595881456403,87.95726796969186,88.61748622277126,88.33454521754962,88.54753537532697,87.74548541291485,86.60887044200385
2020-05-01,87.55365725695448,88.43644242416872,87.11343315454685,85.05913789923488,88.63047166856106,87.98574730177047,88.64081579403552,88.35222853360014,88.55089363522396,87.7853745591132,86.64655566241541
2020-05-04,87.54081619878367,88.424009172625,87.06781078921767,84.97513645904398,88.59884695861408,87.96143058487841,88.60596430338612,88.34231036712121,88.53997892533864,87.77562300392307,86.63824513364895
2020-05-05,87.53264927619169,88.41407204139638,87.0554731539396,84.96547744844172,88.59104061708885,87.90708569506005,88.59830474405386,88.32981594656395,88.53341104659711,87.76786421491869,86.6310872077427
2020-05-06,87.51451796808901,88.38474521806812,87.04922737791242,84.96931350660782,88.57926170697989,87.90142683352204,88.59059712427722,88.27255994772226,88.52538227416596,87.75138359877053,86.58644815836432
2020-05-07,87.49930193399155,88.37679183682894,87.00331137507543,84.95986468058416,88.56696453364734,87.85891895311634,88.58090728023643,88.26629395128343,88.50867674285847,87.74318321425119,86.5751597809387
2020-05-08,87.51657204886291,88.38520650609446,86.9945987114555,85.00021202636694,88.57493609660577,87.83628375481297,88.59198379661896,88.2654042516338,88.52027006785599,87.7558041367734,86.59915665031704
2020-05-11,87.49222572051379,88.36506037841671,86.97668523982483,84.97299825246202,88.55160429886641,87.72862338547388,88.57296637422708,88.22319547571126,88.4908576201778,87.73926593388987,86.57594244788073
2020-05-12,87.50307011878733,88.36743569530114,86.97991839888853,84.91874201609183,88.5580134839833,87.73249394046798,88.57826120716695,88.22352953351117,88.48549732706903,87.69297367341699,86.54454273161991
2020-05-13,87.52341753845862,88.37846248521275,86.99770981444956,84.97053726607734,88.57437527325956,87.75081550990254,88.59496714461028,88.23596234924578,88.50027046471699,87.71023392072348,86.5591586932293
2020-05-14,87.51956718506322,88.373014668217,86.95226029278966,84.96944013244757,88.54738438711998,87.74740670299725,88.58967658825532,88.22960930708132,88.49454400132308,87.68854511229995,86.55561288332092
2020-05-15,87.48613927804195,88.35661298694137,86.91498719025904,84.94932863511208,88.52068953514512,87.72803324214946,88.56919765743545,88.21684970114974,88.48465974084932,87.66236525348683,86.51548481451948
2020-05-18,87.46915916708836,88.36305182412046,86.87652342883504,84.99309091678234,88.50862911135806,87.52249466015282,88.47967935946635,88.18363828721608,88.47709309743888,87.66216122986421,86.53402248826191
2020-05-19,87.43353119843519,88.33403938650058,86.88723686460912,84.99342507508507,88.4920599960815,87.52481962045596,88.478119829454,88.16243713838266,88.46709818174205,87.65731312986378,86.528735794143
2020-05-20,87.40712326132764,88.3245294083391,86.88167260937905,84.96684839468539,88.48313530262175,87.46513694166764,88.47039878787987,88.15914609839257,88.45952016724604,87.64438783041527,86.51338918003026
2020-05-21,87.40330072995286,88.28787798369467,86.86825093529536,84.95286627660711,88.47215690248316,87.45818172323376,88.4513449289978,88.14925819052722,88.4519965043709,87.63365225017262,86.50125851483861
2020-05-22,87.3934971682529,88.2680198939789,86.84998099823731,84.9306595109156,88.45320324887791,87.44710025605866,88.43963721757947,88.14092229601961,88.43846415606002,87.57502277136683,86.4731231130363
2020-05-26,87.32636585066643,88.24332382494393,86.81169843430085,84.91303980502579,88.34260879923507,87.35287316699934,88.34441764902695,88.07070070999089,88.39799955568583,87.53779692656222,86.42013663442117
2020-05-27,87.31600909635048,88.24743421654418,86.82214293563393,84.83073941503834,88.34149449195034,87.36112998022136,88.34197051540866,88.05863903466694,88.38943106912724,87.56173191704713,86.44004436816522
2020-05-28,87.26062510953804,88.19044995053686,86.76346581633837,84.65634024902883,88.26171787658285,87.26830378262399,88.29439987686723,88.02397999957513,88.34841267497073,87.5180647113386,86.31646482280387
2020-05-29,87.2524630204192,88.18172951877612,86.7457826403971,84.64648540388332,88.24172689152181,87.25539550253691,88.28374387787011,88.01082818181334,88.34241445723511,87.49483118265016,86.30700541258389
2020-06-01,87.23448652777229,88.17000253513886,86.73186759231399,84.61825860746544,88.2283674362326,87.14401628177094,88.27052667295051,87.97550393148317,88.33126051994336,87.46970755263241,86.29173678453128
2020-06-02,87.22362812481562,88.16749971045266,86.73019890276281,84.61289921569353,88.22702931374666,87.14053149417995,88.26931919773133,87.97202936709122,88.32393462984405,87.46982245371738,86.2903083609347
2020-06-03,87.1786152544024,88.14564035636432,86.68031866233581,84.6015661651397,88.17543674383543,87.05004006970584,88.19940886241277,87.94023255312696,88.29991504815389,87.45115340965131,86.26202374675958
2020-06-04,87.16162107768592,88.13276378382089,86.65873931489126,84.58226324257096,88.1059444198575,87.03218722310135,88.16420291589611,87.9255986434042,88.27716435660028,87.40576603802494,86.22119087573338
2020-06-05,87.21291021892537,88.1800183808451,86.70052511561575,84.7117595239566,88.15330138528746,87.08946639830454,88.20857881686744,87.9686207888767,88.3092014880761,87.46611402873877,86.22638952060666
2020-06-08,87.2085130385438,88.17816028597292,86.70735491641989,84.73401871063864,88.15983933045467,87.08684460906778,88.21465448603128,87.96473473621096,88.27581989034842,87.47815537162383,86.24249915356422
2020-06-09,87.18893653745278,88.16957143331778,86.70046876311619,84.73075270626362,88.15428726548944,87.08505291262519,88.19959250751285,87.88694662572226,88.26883561538055,87.47402499083145,86.22557195514092
2020-06-10,87.15948445066991,88.14583074694559,86.67359350817311,84.65729188448803,88.06468027077581,87.05588458605862,88.15970943631324,87.77784295912916,88.24547926498302,87.45627846485878,86.18096938545615
2020-06-11,87.37722475622807,88.30416651978005,86.89905148139265,85.06688432619399,88.26188002290905,87.30868147768516,88.34029079120215,87.91999517769878,88.40917418758879,87.66222189390281,86.27979071362914
2020-06-12,87.32330362151886,88.26060304169495,86.83341702204939,84.9991631992101,88.20958711914155,87.27312810892408,88.3064692166209,87.86029694632316,88.37920512296742,87.5964486216268,86.20480339178073
2020-06-15,87.30787336956419,88.25592542581417,86.82645295846072,84.94420680477006,88.20680899149139,87.26525915012229,88.30270408816915,87.85436456292574,88.37954074904863,87.60091863037863,86.20930692535492
2020-06-16,87.3025488587892,88.25781373193415,86.84283831423764,84.97274920033736,88.207639354193,87.26239650213647,88.31040410545035,87.86088145380019,88.38721428161595,87.61185091805001,86.1783182007487
2020-06-17,87.27838116607924,88.24897102600792,86.83817608515648,84.93099394240039,88.20124605029324,87.25973257474351,88.30586102444339,87.84375316267602,88.38266319306493,87.6067098092897,86.17849229700644
2020-06-18,87.27202140730114,88.24023057671118,86.82709308718297,84.90310576824992,88.19560707136326,87.25004772122097,88.30039198203515,87.84054889057302,88.3774668093831,87.58381969961323,86.1726173114891
2020-06-19,87.2525244537047,88.22788578473964,86.80947750514994,84.89403351582668,88.17880165349429,87.16811450619745,88.28754807584762,87.8270996318584,88.36071786341614,87.56909975042271,86.05995432003638
2020-06-22,87.23865556472623,88.20490984915537,86.77092377956323,84.88184912003749,88.1590285470235,87.1303061608822,88.27719533900098,87.77954517148169,88.3504100061773,87.55288196802798,86.03681969952686
2020-06-23,87.23308263155887,88.19991362440118,86.76603453839445,84.87510532592125,88.15392245449115,87.12169979831324,88.27265065033946,87.77892417999679,88.34665005681279,87.5421260249473,86.00774810606576
2020-06-24,87.27330621953091,88.22598000013221,86.80211129242856,84.96495298125272,88.18181118435974,87.16801527527006,88.29839847022268,87.8052967958782,88.37264871043098,87.57278936304037,85.94803162115022
2020-06-25,87.25722644899875,88.19702145787997,86.79620945244838,84.94477034269255,88.14228316652083,87.15852178815597,88.2871203491787,87.8032314833671,88.36210724128999,87.56332062601086,85.8725565960649
2020-06-26,87.14336263360259,88.18930056467558,86.79210561832097,84.95885111683839,88.10466718759685,87.12408492214949,88.27297816368569,87.78458592999745,88.32560099307268,87.5402064528664,85.83350237834149
2020-06-29,87.13223592261612,88.18818668169796,86.79056748106268,84.96224585806014,88.08516508029794,87.0977776718016,88.2469831589491,87.73586925391287,88.31352745650253,87.53550787463244,85.82962090227501
2020-06-30,87.1334735186816,88.18349318511632,86.789227393259,84.9710828858052,88.08444063595222,87.09520615599081,88.23859328383634,87.72862726522598,88.31279538851713,87.5351964377775,85.78661272422016
2020-07-01,87.01563596105429,88.15304750754616,86.7514229364378,84.81962253154094,88.0257930734498,87.06928239488457,88.18611206483988,87.69502761687026,88.28033155297322,87.46441209650357,85.723019044064
2020-07-02,86.96904639508311,88.1439974193736,86.73924423768582,84.80762600300287,88.0118706589012,87.06139151829063,88.16846990446784,87.68503194145966,88.24905609673681,87.44211272211581,85.71142687459086
2020-07-06,86.91752540321059,88.08939579200477,86.71171092159928,84.77744831660968,87.98694736635812,87.04421403609356,88.1515660117309,87.6628925972922,88.23044507736887,87.40167606913583,85.53623832506977
2020-07-07,86.8860290688505,88.0595320517096,86.54574070480243,84.73986488741917,87.96645327210217,87.03066547554178,88.12873796345995,87.64930320108945,88.20230359036879,87.38758353754099,85.49708755667001
2020-07-08,86.85986008459845,88.03549227177604,86.50451640517527,84.72169366763497,87.93530244951329,87.00494048443001,88.11491123933197,87.62063951186292,88.13075910940674,87.37375829553699,85.4799512516256
2020-07-09,86.82472898695794,88.01257575901893,86.49192440683785,84.6289078149819,87.91035101405937,86.98987034450924,88.08511714863819,87.58286421452192,88.11611520026383,87.35723610185131,85.46949369677908
2020-07-10,86.81334039311115,87.99879928662162,86.4499785853081,84.61679427615731,87.87043158292346,86.90891148512326,88.0699646674308,87.4958680388247,88.10180262224792,87.31950268117937,85.4397760260181
2020-07-13,86.76039627309905,87.97016088132487,86.41883439511804,84.5956458619075,87.81817759174658,86.8518462033743,88.02019592922962,87.45409005739448,88.08234497875581,87.29381504361525,85.40856678982793
2020-07-14,86.76320545043264,87.97262604999248,86.44149520576444,84.62302738281524,87.80565370054211,86.87942599828881,88.02592040103079,87.44499278617846,88.08133341878039,87.2833959532757,85.40337749224933
2020-07-15,86.74291948282526,87.94576682364291,86.38679921252226,84.60724352952299,87.77710367984942,86.86653423399858,87.98356253262442,87.41982980479868,88.05570953502098,87.25906654622132,85.28238572393839
2020-07-16,86.72924742379236,87.93858044304996,86.37246433865677,84.59967421952415,87.76916003366678,86.85761088551628,87.97634844214753,87.39647641985161,88.04644006240953,87.23596571927047,85.22174193150687
2020-07-17,86.70722045600037,87.90480461459013,86.35590040594953,84.55805215711896,87.74084059787396,86.83364913766935,87.96205057381509,87.38382401910677,88.03424715211273,87.20668245057372,85.15729494152727
2020-07-20,86.63246935145604,87.79512711755802,86.26602136609226,84.5184858252846,87.70696331852413,86.79866725130357,87.91454523323941,87.23659238872193,87.99859310774767,87.15964895299604,85.08825715551873
2020-07-21,86.54237146946737,87.74177906529036,86.22247457780507,84.2528625349384,87.66102257722547,86.76691894565886,87.87863781751518,87.11738592608339,87.96705079981675,87.11567915821583,85.05814977317436
2020-07-22,86.53537046716333,87.7349652015688,86.22254137611328,84.20661355666589,87.65811691543404,86.76553069655205,87.87673691255942,87.11091587651032,87.96272337437368,87.11415164715622,85.06046442859932
2020-07-23,86.49537441803423,87.69869180438812,86.15951783189905,84.16496767740907,87.62490886218939,86.7465100349441,87.85579453207727,87.02354987577995,87.9421881448234,87.0939162012703,85.02112292989494
2020-07-24,86.48633135576064,87.67507655332821,86.15274168902667,84.15016813218261,87.60880018510511,86.70155301820044,87.8487723127175,87.01667889628268,87.93488516918961,87.08544184834018,85.01106703716081
2020-07-27,86.47796777397204,87.66597176282151,86.14084083609953,84.13627857269077,87.57256839527635,86.69072017864241,87.83941925366881,86.99263104339522,87.91761795484565,87.06304507986604,84.92994181330114
2020-07-28,86.44487451219793,87.63584406897175,86.09683177134045,84.10789737797597,87.55023008786024,86.66554208653676,87.81442509638282,86.95606605814736,87.85637729712083,86.87387454931921,84.81045126431982
2020-07-29,86.45383680310114,87.64583137343601,86.0763231603772,84.14644001408881,87.56255387543284,86.68490732395122,87.82312977710532,86.96492446823216,87.85792786120882,86.89180362792005,84.8137411017604
2020-07-30,86.40362705502845,87.61268205582289,86.0399903283348,84.04415764343436,87.52766360735542,86.66709431096962,87.80237530517537,86.90008880023014,87.81309714479954,86.87345056815907,84.77505929398437
2020-07-31,86.37021744026211,87.60106220958127,86.02419028841986,84.02943703856506,87.5121806059352,86.63022509248133,87.78629859580442,86.84286417082167,87.7994945793231,86.85927457229077,84.76321745799177
2020-08-03,86.35206076049955,87.5754752688764,85.99393220947255,84.00884400952759,87.49279945724564,86.54044677388526,87.76577029541403,86.74752191221464,87.77387029124732,86.78667543045063,84.7139167712144
2020-08-04,86.36286514319364,87.58153717221602,86.00459196299288,84.0225359205267,87.45318697056206,86.51164406130145,87.75184374826051,86.74015801294158,87.76557051572034,86.79092208771863,84.72819243049116
2020-08-05,86.32884171113768,87.54463259954366,85.97392389205612,83.99271734335028,87.41333180635013,86.48809752507272,87.69637272757447,86.71430949002824,87.71547626615424,86.749525665953,84.60264628014218
2020-08-06,86.109839322645,87.52053608480671,85.94650644249725,83.94042251857134,87.38998828891025,86.43375182770296,87.67725050023134,86.66092646418907,87.6757938187118,86.7273963071949,84.57871404750145
2020-08-07,86.07879969075772,87.49727256853612,85.92845562611063,83.90092200118136,87.36022921822,86.41097070580678,87.6385739566396,86.48688953398822,87.65251188905332,86.69428084841056,84.52503491415162
2020-08-10,86.02730106066011,87.45926699985779,85.91488978014584,83.85029631066845,87.34281379384987,86.35269434727174,87.56222709185359,86.4403564390115,87.63514610965564,86.65784206956769,84.50269447164406
2020-08-11,86.01560266180739,87.44038800081121,85.90869838575253,83.8267438113495,87.22964925871148,86.35364989800811,87.51599970187259,86.43324258113347,87.61391315426623,86.64541562702672,84.47187121347301
2020-08-12,86.01209341561554,87.44148098964097,85.90987475431362,83.81816402933049,87.18917450635522,86.34074639128038,87.49159660761073,86.40760245390496,87.58988145664875,86.64532555501252,84.47681832745944
2020-08-13,85.99021021751936,87.4373981038264,85.9069391357835,83.81309109820506,87.18613290519849,86.33934685486105,87.48880317488441,86.40258230188344,87.5828161668883,86.62798323099952,84.47605026710761
2020-08-14,85.98676208943834,87.43340377846548,85.90169408198271,83.79479407471517,87.17930979274495,86.33067388030696,87.481008796015,86.39628006447683,87.57901624071924,86.61949782509035,84.45708014577434
2020-08-17,85.97065350661127,87.38635040110361,85.88502909785663,83.76592695752183,87.09430978725739,86.31603414996235,87.45246427997331,86.38120585596037,87.56358344939906,86.59796569498396,84.43415181622667
2020-08-18,85.95667688199586,87.38206148088715,85.86621934319702,83.77953883500453,87.1000131707259,86.3191270441109,87.45385233802621,86.38017299837888,87.5649721817471,86.6014088750688,84.44643218305056
2020-08-19,85.95513205059191,87.38106837899107,85.86410447810351,83.78737068629485,87.08807411111118,86.3216726720794,87.44746599132078,86.3762852538751,87.56388426851574,86.57705860723797,84.44265929767067
2020-08-20,85.8778019259359,87.3643862530892,85.84528884751275,83.73526029014934,87.06515975704082,86.30363280830029,87.43113741114871,86.33520938856256,87.5476095486306,86.52999357161151,84.41538942942539
2020-08-21,85.84983926829923,87.3506594101801,85.83910370789815,83.70780607093984,87.0438000554037,86.29652275072881,87.42396408458687,86.31496462176901,87.53541972174567,86.52217065573863,84.40768781650883
2020-08-24,85.84794350017586,87.34581235957246,85.8408475635546,83.71283092436721,87.03065295517099,86.22129246341727,87.4170351503021,86.30796400782606,87.52444817204942,86.47978404776693,84.40526096761414
2020-08-25,85.79335926606696,87.33373581994499,85.82913538504188,83.66869860737891,87.02009930435105,86.1867640676261,87.40437827401149,86.28728637680268,87.5026994480375,86.4597290762496,84.37172891182212
2020-08-26,85.44814923886278,87.27334418674711,85.77059141616358,83.48718579264022,86.95060353077328,86.12941194884078,87.35605990262168,86.194298342386,87.4506606329807,86.3762459252728,84.26269441974941
2020-08-27,85.35177129579594,87.24337277709452,85.74780922807828,83.45824703256082,86.9178337852866,86.10233100618782,87.34205915547406,86.17638434306753,87.4290535179003,86.30519895022776,84.2407208242309
2020-08-28,85.34484081897224,87.25191843956553,85.76848949520156,83.49125003570961,86.92951598619948,86.12129846120195,87.35252772809363,86.18495952535086,87.4374245817032,86.31868520509963,84.24669291516354
2020-08-31,85.34931842744814,87.24892858282551,85.76807131752922,83.49489286690454,86.92758007565132,86.09768591064973,87.34360039678364,86.15930800901175,87.42408720915247,86.31938534027475,84.22587227025228
2020-09-01,85.3232249373861,87.22286719845324,85.73323869733676,83.45170886214417,86.90045353549468,85.98980841873721,87.31091431442707,86.12496154513535,87.29034317649806,86.27415647404845,84.12038339079588
2020-09-02,85.32656163520073,87.21397176315331,85.73463588708846,83.2333636142912,86.85770338369574,85.98105867236103,87.295243123526,86.0719837525462,87.27876045340173,86.26857640063466,84.11354680329097
2020-09-03,85.36688734330552,87.24435415608974,85.75839925670655,83.0149896033881,86.79443028613778,85.99154347858092,87.3130442679594,86.02965662407425,87.29579447085679,86.2293049819062,84.02081343151029
2020-09-04,85.3047380977138,87.19713749688367,85.7336549780282,82.97202933971649,86.70174227760019,85.97590054948991,87.26832871330943,86.01248050240955,87.26931283549341,86.2057512502931,84.00183737013907
2020-09-08,85.36089764902725,87.18403883213642,85.75680003335586,83.05259037399054,86.71323430800376,85.99875897561246,87.2742092300401,85.95184514130504,87.27392982190727,86.18175349271279,83.908002191845
2020-09-09,85.33170083783423,87.18839987043123,85.75307152397951,83.04068928447975,86.69490969964744,86.00203933103846,87.27607379601531,85.93326068504153,87.27336486391907,86.1701211215285,83.92247995665112
2020-09-10,85.39412691829162,87.22680231274659,85.79910085322865,83.12317041528807,86.7133820795521,86.04045309977846,87.29533483783351,85.96987771028436,87.27319553932786,86.20049161466748,83.99144201041759
2020-09-11,85.36406998286304,87.21368440776223,85.78429603229743,83.10764303109688,86.70161307266318,86.02758135161923,87.26123107871442,85.90929970783031,87.24354330628344,86.17966539848213,83.97901447783265
2020-09-14,85.34944349840349,87.22087536812029,85.78201338435339,83.1090335738207,86.71418365581123,86.04102996859204,87.26974603025035,85.90499816646454,87.25360436735426,86.17552241110033,83.9970467222754
2020-09-15,85.28112211864571,87.20009885970303,85.75487730157239,83.0668925838394,86.61926920757409,86.02732705839105,87.24778419452603,85.88762188875555,87.23917747378783,86.1532266328444,83.98433269631788
2020-09-16,85.18612615933782,87.1581764193784,85.72699637670144,82.76091480595531,86.57881207846597,85.99425842750117,87.1919975093539,85.78561322869349,87.20508737042108,86.10789884389881,83.95434257236951
2020-09-17,85.16644843620298,87.13668107970989,85.72743316106893,82.69767085642737,86.56155447382778,85.97958840234065,87.15455733206394,85.78904976019146,87.11602440573809,86.04843457596695,83.94624035554567
2020-09-18,85.17780761971245,87.13483477535927,85.73462792077007,82.65392944789188,86.49586329322925,85.955023852283,87.1543248797942,85.79395864551779,87.11873359780523,86.05663497921026,83.96368666948008
2020-09-21,85.15629822145318,87.11408005393292,85.71536930625871,82.68377258431515,86.48604076072644,85.94770415516854,87.1170700192645,85.59706786272238,87.0483873310095,86.05232014493625,83.87719802537448
2020-09-22,85.14928379951608,87.08410239448916,85.71294615975114,82.64515417831899,86.4146210130195,85.91693939216985,87.1064174677031,85.6021115034693,87.02378028036404,86.04290163818759,83.87359548461336
2020-09-23,85.28238895838986,87.16068844973643,85.8135357190312,82.88322817314636,86.52346332300313,85.99310950168689,87.16708456968848,85.7334116783429,87.11832852022982,86.16398645523068,83.97520508732295
2020-09-24,85.26838671818854,87.13542249577475,85.7972823108386,82.87509112049236,86.51570780134983,85.95213604695542,87.15963891804213,85.71888070422771,87.11134444104904,86.15535341372734,83.93389007430497
2020-09-25,85.2891687587029,87.14574882879234,85.79388583394187,82.83923098143171,86.52121700357525,85.96239904978813,87.1715926197318,85.72620590669948,87.11611580549793,86.17324893145168,83.97339355516517
2020-09-28,85.31173137202326,87.14792547420878,85.8176307695798,82.91177506467389,86.55133126738818,86.00369972841777,87.19245199204948,85.75924691836231,87.13641950958016,86.20381874926557,83.94938262015562
2020-09-29,85.28583953941884,87.15106735401032,85.82574640072463,82.88844947971876,86.54675721927705,85.98893107819464,87.18973881959155,85.75540633634094,87.13499181335139,86.20017692413731,83.93226240061459
2020-09-30,85.26296081081216,87.15177176121547,85.82003196147035,82.85907743560274,86.54232538704036,85.9599028290582,87.15517552007312,85.75655283042488,87.13139907072825,86.18956416700829,83.93889778561288
2020-10-01,85.18574340363823,87.09306038707996,85.78875858783005,82.64790363593444,86.5043253770856,85.91627268552371,87.11419993941469,85.71359578135441,86.97233734767764,86.12383798083485,83.89525585624966
2020-10-02,84.95015596391765,87.02656603581661,85.72654067041849,82.56475653179089,86.44591217688817,85.85367706006886,87.03360431872251,85.47214350694564,86.91335769602404,85.98412332427037,83.74084795773764
2020-10-05,84.94191832053386,87.03011543907327,85.72368024947569,82.60800463027601,86.46421419064639,85.85818601219077,87.04383260366008,85.44379318894124,86.93147750570873,85.9595358056942,83.77452044568311
2020-10-06,84.92537683464161,87.02628613153605,85.72926659028522,82.61555382761459,86.45197502070292,85.84637361196444,87.04346394137048,85.45104784058377,86.93213078514208,85.95719428968776,83.59956506240249
2020-10-07,84.88179261420919,87.0292239769409,85.75069098082528,82.65493365116417,86.4687800261325,85.858526018721,87.05525924833456,85.4636414655196,86.9356148761963,85.89533490905933,83.59582401581949
2020-10-08,84.88375769040425,87.01428001449837,85.75111804773226,82.61184268889392,86.4666928903356,85.84444492130416,87.05108632027289,85.45145303557635,86.92931877230897,85.89564335007029,83.60284249539185
2020-10-09,84.87042694261875,86.98143139832659,85.7248802951634,82.50204634967852,86.44963835432245,85.8278687791274,87.03600243749665,85.3990147673132,86.91777741692458,85.86236535744487,83.57492797145888
2020-10-12,84.80063626297618,86.97285236878629,85.72873107349417,82.480362321129,86.4412347467214,85.82630238186499,87.01996273305062,85.36721126906983,86.85592796180852,85.83599009143818,83.55526187242151
2020-10-13,84.7587344935003,86.94021113952694,85.70600972709808,82.47007596801245,86.41041474043703,85.81621080442015,87.00746348496584,85.35473463678842,86.84602224547825,85.80399977037096,83.54549145096695
2020-10-14,84.729432819617,86.90568493098662,85.69251518358313,82.38747404097093,86.41137293860231,85.81256537708178,86.95038891529254,85.33876247676365,86.81348352962367,85.80244231330231,83.5412908823953
2020-10-15,84.69315275767028,86.88487813603784,85.67798955200553,82.31770562127709,86.38344717161365,85.7475329907735,86.9336467366132,85.31076284147454,86.79738582147974,85.77365024246403,83.52431753103933
2020-10-16,84.67577814289056,86.82005113893035,85.65674708226189,82.23807651644626,86.36428231114806,85.66044086612874,86.91022288704407,85.29226329295929,86.77214312548207,85.7532316370595,83.4575890566117
2020-10-19,84.69974790083246,86.82628766617846,85.65734503682975,82.2581419168907,86.37732845140211,85.65283593329085,86.9055188299011,85.31548477233054,86.77249600525886,85.76880229528106,83.44323951285025
2020-10-20,84.69310691101398,86.82003947914289,85.6411144924282,82.23520359831363,86.37054189155779,85.64304919085139,86.89951933701084,85.29482185288425,86.76098533059772,85.76112639824771,83.43369234850641
2020-10-21,84.45665267930106,86.79637890871763,85.60679113804487,82.20430134993615,86.35481818752024,85.62519695559119,86.87054953358029,85.2687288217394,86.74393518580587,85.74594102390978,83.4172274295578
2020-10-22,84.4959816439623,86.78704251370684,85.54620424744168,82.15763216799155,86.33743644656272,85.59812831545698,86.86116776175031,85.20564512364618,86.72782021416174,85.65137873825527,83.42266645487881
2020-10-23,84.47372871348806,86.76834578788909,85.53745067474784,82.13806164922671,86.34022779027745,85.61043623730008,86.85993334098907,85.17363281999906,86.71671756337754,85.65138120759387,83.42243104464839
2020-10-26,84.54822533329353,86.81321733630467,85.59332629840218,82.26313470706326,86.38536279256093,85.65278596055218,86.89881596230914,85.26340878691212,86.75395063478604,85.65806450516524,83.29321076776851
2020-10-27,84.49852852266184,86.79888297990775,85.58359426733746,82.23674562351846,86.36660685862161,85.64561349668715,86.84457039775381,85.24138005743015,86.74294461063847,85.6448690469127,83.24056899984247
2020-10-28,84.7106102380883,86.93450006901665,85.79583424107753,82.48922485249038,86.44590406247366,85.88587051030463,86.98357931552094,85.38845042743439,86.86933191451446,85.72598297468988,83.5351264626204
2020-10-29,84.60335130336298,86.88839953168848,85.72603971347326,82.41296359067208,86.40876994704483,85.6932546892831,86.957304048425,85.36128948980661,86.82535045917066,85.7011325152344,83.5063873203859
2020-10-30,84.57834782531293,86.82964420649212,85.70888889761576,82.37121486345427,86.38791353127723,85.68847631550895,86.94306139144031,85.33925293362583,86.7828036868302,85.68028168972836,83.50299483317485
2020-11-02,84.4779688947406,86.82322024156802,85.75593058739814,82.47748097247376,86.4220333877272,85.74950360946309,86.96572602226206,85.25485294318123,86.78035095721354,85.73316368719208,83.59186026926318
2020-11-03,84.47179925892681,86.79996616585197,85.78163836621607,82.27854479957762,86.43480399226154,85.7678497001629,86.95008425691593,85.2222636018667,86.78627048089761,85.74856101177376,83.60434006897219
2020-11-04,83.88396779252928,86.56822715599385,85.53609112914933,82.05616060189405,86.11934293435692,84.94086713822594,86.64823458552094,84.81291088211593,86.35066126501334,85.5468090018011,83.06881025761592
2020-11-05,84.03154679887895,86.574607611978,85.4575615925173,81.87674769573943,86.10125568420892,84.95861097258428,86.6206181445449,84.92700914600373,86.19032289865936,85.37403237584154,82.99833957605517
2020-11-06,84.014515647218,86.55882341636993,85.4072143455985,81.73606486406214,86.06633253436232,84.94140343635742,86.60097906179755,84.88813627111627,86.15729899760422,85.35260095916894,82.98050446758526
2020-11-09,83.48291546280046,86.14390076105462,84.95549067562213,80.34944029477339,85.24721284159992,84.7207091860645,86.36368302484613,84.48698090950514,85.93483957130323,85.17598445281799,82.81154517703452
2020-11-10,83.41315027497416,86.07534513802212,84.81920853895922,80.36474952430349,85.27748138630164,84.72145867308683,86.35725831023234,84.28162438214798,85.92443451561623,85.15279530412471,82.84938087014274
2020-11-11,83.2830313169264,85.98465232815529,84.77258864817267,80.29156252603401,85.22516743580255,84.57406658124548,86.27017491357542,84.01184040395711,85.78391430142506,85.08413125504427,82.78413330556668
2020-11-12,83.2839450561246,85.9836011864253,84.73336811378188,80.33462632875852,85.23773924187708,84.51645062746078,86.2727484677307,84.00554853660607,85.78189740257527,85.08867267277742,82.81466800578562
2020-11-13,83.36841225824055,86.03781453585685,84.79792074849314,80.47712648491343,85.26685809003092,84.57281339014857,86.31345766250307,83.98692260223709,85.82238356775521,85.14478054471186,82.84056605237711
2020-11-16,83.34881847544429,86.02143873097664,84.79568308069847,80.32472308497022,85.25400701415303,84.39306944303853,86.28696242308571,83.95349294418905,85.80951588141156,85.10823652078412,82.82067163234763
2020-11-17,83.33962784964633,86.01694641307886,84.77874426030677,80.22300016170476,85.22967623851369,84.39088823049084,86.28069538034751,83.95572276668099,85.79474820347819,85.07095318933372,82.69795103589453
2020-11-18,83.3874075498847,86.01724058786893,84.83021119099953,80.35826378663468,85.24826840722491,84.44065102937489,86.27883710175549,83.98611629814762,85.8080236826994,85.11564968232864,82.790711616766
2020-11-19,83.38324136927875,86.01432320452855,84.82123570317755,80.34029655180255,85.24148736526787,84.42310657482226,86.27373329790186,83.98778343970059,85.80254852154414,85.10985448034558,82.74032768688303
2020-11-20,83.37649753006147,86.01681042294643,84.8239857143487,80.34680720036305,85.2453232767229,84.42529461734256,86.26948507698575,83.98687111984384,85.7920242630411,85.11450765779381,82.72594879294482
2020-11-23,83.3190814952722,85.97691759070345,84.76740374380898,79.82103272227485,85.17326271743936,84.3232289318449,86.20379091783907,83.91586728623989,85.73865574381493,85.02088497339078,82.65673616083376
2020-11-24,83.30926411841129,85.97047014482118,84.74066537058188,79.78382888286849,85.11383929437753,84.24287043926721,86.18432221601562,83.89887261516759,85.73111521819743,84.89409803590755,82.64053566555127
2020-11-25,83.28143381968796,85.94173171363518,84.72534131714406,79.69731701408924,85.0964805562844,84.22324488661287,86.15984368885292,83.8506534574007,85.68124862859428,84.86115043516413,82.61628333418861
2020-11-27,83.26906039721048,85.93457181000531,84.7146282637192,79.67298384095864,85.0853001693467,84.15917753209774,86.1505541204196,83.84403883102846,85.66788652496466,84.8489892553766,82.56782552639818
2020-11-30,83.25040048453151,85.91883734013513,84.67295682085533,79.51557945572985,85.05497091917417,84.08556264136962,86.12886738035417,83.75155242720099,85.65413105832977,84.83700758211572,82.56781643352531
2020-12-01,83.2762934772678,85.93215070065067,84.69719291299886,79.52724888759204,85.06290040825972,84.10972044708443,86.07893719259357,83.80153684105831,85.66287300481989,84.85506069247738,82.58190864294032
2020-12-02,83.18802211112744,85.87877480851391,84.58003688447153,79.36358997019822,85.00104427828143,84.04739358487697,86.04117150107533,83.76175372062747,85.52832730292847,84.76517758813627,82.53348423005721
2020-12-03,83.1690212213133,85.86509783506347,84.56685032146757,79.32646014886338,84.98925278886743,84.0364921297846,86.02799544079906,83.75036855938805,85.47096597440378,84.72251264183413,82.46193441590482
2020-12-04,83.07962238497203,85.79782810958832,84.54496942117294,79.12840726510329,84.95679385567695,84.00959940848796,85.99770788666416,83.72711749920774,85.42412886614406,84.69076442017392,82.22676417732916
2020-12-07,82.97835733663656,85.78160705575262,84.53118380408581,79.13231129850091,84.9489235868095,83.99891983638216,85.98763707599485,83.6676828138538,85.41588195986157,84.68270848183865,82.17956780158198
2020-12-08,82.96839585210343,85.76327880064419,84.51859760029579,79.1249370101203,84.9345507621731,83.98269606547902,85.98123935978752,83.66941354643986,85.40807688369911,84.65160740258918,82.16511050491997
2020-12-09,82.94172309143553,85.74354438432769,84.50423441442695,79.079584188483,84.92247157084589,83.96696072704432,85.95078558979837,83.58662012490758,85.38171282029087,84.64573240785498,82.15912947878333
2020-12-10,82.94612865079554,85.73510060194484,84.50039132962615,78.75773908376922,84.89029443598069,83.96422927092972,85.92685128411931,83.59631701727994,85.36077447222506,84.63907510462505,82.15765329384638
2020-12-11,82.90764075470736,85.71815362434734,84.48418695809002,78.7571442838943,84.87477277422846,83.95922381158658,85.91697522731582,83.5881483792473,85.34576580047256,84.62546251433,82.14189741876324
2020-12-14,82.87758154976187,85.65751542850371,84.47687126095208,78.7126968268798,84.86514538543275,83.94937364187939,85.90327925087462,83.53223846895361,85.33632420035234,84.61538093563047,82.13144938285302
2020-12-15,82.85558531583993,85.68235970885257,84.44698842590358,78.79820317863832,84.89345768139124,83.98224103014763,85.92448976356536,83.58671233947281,85.36242084437703,84.64855275850356,82.16630926624588
2020-12-16,82.84447973265878,85.6471142713337,84.41857306188231,78.78811602368872,84.87949699863276,83.97102830350502,85.90268229585858,83.54428156786166,85.3501864819375,84.63689887587452,82.11671424770157
2020-12-17,82.72628836939214,85.63716873158558,84.40852178417774,78.7368973437629,84.86745351048641,83.94275359477274,85.89419897709048,83.53379715375054,85.34079152724972,84.6231812498792,82.10808866514404
2020-12-18,82.71864814524083,85.6326741577798,84.3668328898077,78.74597652747235,84.86337933519957,83.92205931973896,85.87466474530537,83.53364171533875,85.29955759523972,84.56216979740299,82.10174681646072
2020-12-21,82.70981851171496,85.60797545101057,84.32647861720203,78.73755547410693,84.66429681478513,83.89912528859068,85.85054070892508,83.48186905700479,85.27311699736943,84.55073920562894,82.09423004729226
2020-12-22,82.6573263582198,85.58400084352142,84.27350077632124,78.70736519838259,84.64323934913453,83.87884897116619,85.83422883769141,83.38249897471746,85.25575087708384,84.49062980704346,82.06355004735425
2020-12-23,82.63089183359293,85.56669773890671,84.24898520492904,78.59296840601458,84.56033242055625,83.85821066325411,85.81243751703524,83.2988335412928,85.23237049209095,84.39431975323362,82.03841565832909
2020-12-24,82.63321281281455,85.5663400729493,84.25374693249634,78.54581006008904,84.56226290959047,83.85721935810531,85.80449929665733,83.29412482445288,85.23307112196501,84.38312394725277,82.04342016204873
2020-12-28,82.56407501376653,85.54154195419898,84.24351446027256,78.49215716502015,84.55047250882464,83.8317313584577,85.77830738456856,83.27868424611616,85.16964419738147,84.37735495761956,82.03684888083313
2020-12-29,82.55582450732558,85.53241835751734,84.23909337863185,78.4879412361242,84.54705316652164,83.7960742606918,85.7720046255567,83.26995581626532,85.16692674278264,84.36577640682907,82.02572625225936
2020-12-30,82.44457124382335,85.51477193841694,84.21177283143354,78.44919342984001,84.53280463859234,83.77058621762056,85.75451480361924,83.22477167016562,85.12870756042433,84.35038916309136,82.01036715221457
2020-12-31,82.42772702752578,85.46889271600371,84.18940605924273,78.37105138265422,84.51253591894762,83.74148411796847,85.73490678913647,83.19104536771992,85.10746613574821,84.3223792689101,81.9651060529187
2021-01-04,82.4701209369805,85.45701946306535,84.20744303487666,78.15963312838339,84.49655598892014,83.68227961273158,85.73541349703086,83.25927469190987,85.09250516681841,84.2633280809074,81.97822312778264
2021-01-05,82.41355226139106,85.42547043731756,84.14524420031039,77.85625787216638,84.4535255888654,83.65329820277564,85.69941479807778,83.20327776026177,85.00899845202215,84.19053530986186,81.89557767176096
2021-01-06,82.09895787635784,85.31129735874592,83.94191062320358,77.77264253105207,84.18599450019555,83.55280412992138,85.58802961251416,82.65500423154604,84.69174624821225,83.91551233819487,81.77750696382788
2021-01-07,82.0115796433354,85.2248989990464,83.81277071826743,77.75938406460514,84.17169234803336,83.5263063636391,85.55260125046779,82.38645002526475,84.63375723484201,83.85231355412172,81.37882640317797
2021-01-08,81.9358090368283,85.05196750908983,83.76991960140266,77.70481544100197,84.12657087209249,83.49108720378439,85.48573524995894,82.34874079015553,84.51044128018142,83.80780466032684,81.32694581288625
2021-01-11,81.86837178988598,84.91982607848777,83.77128793500458,77.38400987822274,84.0057074055886,83.31618416799519,85.42575976079546,82.34120061111896,84.48883451373284,83.79625703296745,81.34251862454543
2021-01-12,81.562333372053,84.77037854306317,83.64200241531651,77.10676189267419,83.92101463569627,83.14910524174032,85.35059021303519,82.22467164047633,84.38981972615096,83.73455796777687,81.25531839443406
2021-01-13,81.57982940697337,84.73909966703712,83.59923059118407,77.11075489818793,83.88618267828556,83.13613130525333,85.264140188785,82.20042138477042,84.28299503845615,83.59286620297499,80.96995204588778
2021-01-14,81.541740827865,84.69229060246997,83.55229053190311,76.85061391867113,83.84187416735286,83.11044567412323,85.22990802311404,82.15258591849383,84.24754918574808,83.53474450030959,80.93813150124889
2021-01-15,81.42816454024128,84.64238261350775,83.50659909048356,76.72794095081677,83.76049032438762,82.99615126370428,85.14422998881213,82.12296066109336,84.16332818827529,83.21763337465784,80.72481892693301
2021-01-19,81.34563094264097,84.62530515588182,83.42232815488259,76.72995201090298,83.73550157420476,82.98599169112735,85.13218301129099,82.09358377784677,84.14480576501852,83.15413752408072,80.69827888309337
2021-01-20,81.1686362264401,84.57626534199562,83.3447380783995,76.65293807088632,83.55375831207434,82.95073924981747,85.08878074061536,82.07328189619848,84.0671023065791,83.10720483610184,80.67974003045063
2021-01-21,81.10623655520175,84.4759377533228,83.31311625351422,76.56654752640985,83.51304844503768,82.92013494210197,85.05739051166495,81.87626564529722,84.00895673796016,83.0694945599696,80.65886871761865
2021-01-22,81.09740105400444,84.47208395790395,83.31357373021935,76.55857057083175,83.51252205226291,82.92239514854404,85.05631498299164,81.84038115074746,84.00825230610955,83.05442637622807,80.62589326404586
2021-01-25,81.07204852389681,84.44232456438242,83.23091574660481,76.46760451794097,83.41608629221894,82.88656904685008,84.95964814795363,81.81443639447323,83.92338589272244,83.00834386911063,80.43957096408056
2021-01-26,80.89162621105486,84.39731439040142,83.06249194845992,76.39376705339473,83.36750843670332,82.828451209121,84.90200533946371,81.75373090014634,83.81587124907078,82.86420429638387,80.32529480969411
2021-01-27,81.1087124748335,84.53139871543476,83.19972934570637,76.29047573406785,83.5203231390249,83.00306642343999,84.95286585638966,81.79726772263832,83.9567380161025,82.79216749897999,80.6446413140405
2021-01-28,81.08079120362298,84.53515740891021,83.11450490288864,76.3289290253151,83.52494490418668,82.96464711996421,84.96368450116982,81.82337372039478,83.9639782032548,82.71006069905586,80.65473893936044
2021-01-29,81.27156387654759,84.62473409592384,83.22779756563163,76.61443919309866,83.61147556595853,82.95952260141614,85.05450936502055,82.04428480104116,84.07495109396044,82.71026619636672,80.49605350454749
2021-02-01,81.31368845917639,84.60279725592879,83.13579097145062,76.60233845880764,83.62705117161369,82.9090996643773,85.05917907294821,82.08287931053755,84.08392137113172,82.73049195027207,80.51966489339482
2021-02-02,81.35050956134913,84.57156355922643,83.13925510230247,76.58065774289362,83.64090708326893,82.83065495217495,85.05209357519207,82.09085339847452,84.08406234394644,82.67064670641531,80.53608808244581
2021-02-03,81.18493585570626,84.50042153592673,83.09920607810557,76.25125606031713,83.59443406244225,82.71742565634061,85.01373119812155,82.03321229833772,84.0425775964534,82.6176269373777,80.4923940366424
2021-02-04,81.26272608678774,84.52718163230462,83.14521243409284,76.26718850431226,83.61419568297543,82.71181186962303,85.03856725186932,82.05101424705344,83.95922808031783,82.64101628124924,80.53038311158124
2021-02-05,81.28195270162327,84.53162696811091,83.16661866654485,76.28459373917163,83.61214762528465,82.71995863460063,85.04244418595515,81.98256250739183,83.9452068254289,82.61946025336886,80.56072665659428
2021-02-08,81.27701936669396,84.51886737095585,83.1582288323159,76.15681062600814,83.59272681006621,82.64284563558834,85.02375019811026,81.95909876723859,83.925631928951,82.60055756636432,80.36132202009827
2021-02-09,81.24164792566918,84.50323689350705,83.14787108890485,76.15139959665052,83.58394015577316,82.62573228270334,85.01478087624898,81.94678874458235,83.90042108879103,82.57506070087571,80.3555276650265
2021-02-10,81.18816583008088,84.39260796742867,83.12483159872407,76.11276864310497,83.5673054604862,82.61306286695239,84.99545714565302,81.9184674099791,83.88284165697495,82.55151262164267,80.3337924928368
2021-02-11,81.16654786461828,84.37365882842546,83.0883993653414,76.05670986645923,83.54959006039745,82.58765178425793,84.97945945727703,81.80378938792232,83.85979863347458,82.53650582998611,80.30994642425418
2021-02-12,81.16540410351055,84.35357331967121,83.07694190078995,76.06817635748519,83.54218744280308,82.57431323645223,84.97280039411895,81.8249029229154,83.84730155286123,82.50904990245914,80.21175654384788
2021-02-16,81.07748435621002,84.31520771091137,83.04126027599709,75.84477209806111,83.35873520944342,82.47566600010582,84.93265446936553,81.79568128345592,83.80530268203788,82.44126440702809,80.12914203892223
2021-02-17,81.07223822135914,84.29165602750953,83.0378399731137,75.8457024816821,83.35638868062836,82.46525421234134,84.9000480947094,81.69785540677542,83.79289249487105,82.43281289126041,80.1240308990611
2021-02-18,81.07912999071996,84.27837149420861,83.02031932332056,75.84165808284891,83.35248824228032,82.45639111567995,84.89536397263787,81.72658216945489,83.78959125075812,82.40964191820302,80.03462187918412
2021-02-19,80.93103224531693,84.17076183168808,82.78052186397638,75.65368044081322,83.18829500777677,82.23511004167435,84.62786399269436,81.63155005986832,83.49874301974502,82.28780756981662,79.8282056676143
2021-02-22,80.87634331399701,83.9381545415768,82.68217180353908,75.15999869073735,83.08526416071183,82.19066366857345,84.5555209775703,81.51325344710304,83.38570220513462,82.12336600938383,79.67490999840288
2021-02-23,80.83658675182674,83.92250875855191,82.67236913721388,75.18573463547533,83.09726614173998,82.15242698546217,84.55712457881015,81.49566029024723,83.40054598034813,82.140439620835,79.68419645772423
2021-02-24,80.79618632031536,83.92172676680961,82.59066543848353,75.25704500263753,83.10088586192975,82.15317287141245,84.53200837809946,81.48030757550015,83.39712453521213,82.12265489753021,79.34292156241315
2021-02-25,81.08688059986298,83.99571949773252,82.7550215313837,75.4727029792554,83.203607108545,82.17966449858916,84.64533406196797,81.73668687539464,83.58018145650603,82.29338897175202,79.44963482775813
2021-02-26,80.9052487642259,83.81290617072335,82.6531696608698,75.52788974132574,83.20094698279624,82.15741075632585,84.62290596073083,81.60060872909602,83.55565889432124,82.2600457128492,79.50188254579236
2021-03-01,81.13372085313769,83.9320093680553,82.69991859566342,75.70768056923222,83.30368417529625,82.22102002491192,84.70917895907516,81.88219802389406,83.67266195039528,81.98594950494046,79.65467193506603
2021-03-02,81.13495966713113,83.89918815389264,82.67740226470383,75.7093810133632,83.29153319333804,82.20756555106448,84.69668496808617,81.86091823589912,83.58342176266937,81.98522577446327,79.61903572611924
2021-03-03,81.12972124379363,83.77230507856311,82.61589412930947,75.40275241558435,83.09880796674598,82.19638130567704,84.5727532626758,81.81853267515616,83.55046058558652,81.97452708612316,79.63495008746163
2021-03-04,81.00246501729563,83.70499100157798,82.56907857629038,74.97903010611385,83.05710390418416,82.18017607976905,84.52593880023043,81.78551752456653,83.49308881966985,81.93977092973043,79.4768909074002
2021-03-05,81.31561287763638,83.68153978377008,82.76035650137827,75.37132116660901,83.1736148310166,82.35721763580274,84.66044822669731,81.95876687550313,83.67090750211044,82.04181863394936,79.6876850908973
2021-03-08,81.099334935059,83.6160582460127,82.72283661109783,75.30255032482772,83.12620596581856,82.26835322673357,84.60316272680893,81.62012639479597,83.5688177971194,81.98749906304558,79.63151960791512
2021-03-09,80.96955741140627,83.05797736398313,82.56626354899842,74.79814115638015,82.82677095047988,82.14717369853388,84.41045911154417,81.34216375037391,83.45642140489959,81.90470969724637,79.57991874409949
2021-03-10,80.87235515317396,82.95442015850831,82.40004664318525,74.5983072141396,82.7441033418076,82.04466852440306,84.35342988408814,81.06699692131582,83.40151263660701,81.84868419028355,79.52485953135113
2021-03-11,80.7497502788164,82.87841552755484,82.26286432702165,74.4863545186638,82.65703000656647,82.01391903225766,84.30462276342634,80.91627046505252,83.37691850275789,81.81197830970507,79.34607208252413
2021-03-12,80.62699437037617,82.83459529187432,82.20211890574781,74.44290332832834,82.62880177125791,81.96888029373072,84.2710019443972,80.75346634645943,83.33434731847834,81.67803022244668,79.26588937273671
2021-03-15,80.61672875480724,82.81188547625155,82.21420992371523,74.19806968455961,82.53825670702842,81.98161673593484,84.26271118414328,80.738993687255,83.29579380042999,81.6813916594558,79.30033300268
2021-03-16,80.42984009161536,82.7615676133746,82.16162200331088,74.21598404229692,82.52539251535917,81.95528970486909,84.20534997300912,80.63245884616002,83.27640925932678,81.64152359888584,79.26016154550538
2021-03-17,80.39976752961677,82.66881666779122,82.12241006093697,74.22210711351748,82.50396159050513,81.8911884624518,84.15400802081116,80.57487970722319,83.23584774988934,81.60485479549777,79.04133856214754
2021-03-18,80.46844781017016,82.65545618219905,82.13671202071748,74.26070869329968,82.3308142334711,81.85642732825531,84.0634716630326,80.59686523298248,83.22103373555208,81.61730195527069,79.1186054008824
2021-03-19,80.44839048741238,82.64328352245701,82.03180620126548,74.210579061798,82.2541050749072,81.83348246093531,84.02519232090408,80.50555439744568,83.17868332429111,81.42933322020754,79.0169831020971
2021-03-22,80.41246310241088,82.6053465234757,81.91864547972932,74.13051713470688,82.05650686472217,81.7821785064546,83.97445148890063,80.43594835449389,83.1203566218714,81.34082125908033,78.91173142854196
2021-03-23,80.39937200507987,82.58196198553136,81.77084265118017,74.07031170008901,82.01854592952462,81.72124743366032,83.87796211859663,80.38613609812474,83.01462225500637,81.20681640073548,78.48841190125555
2021-03-24,79.95058202902105,82.40624484720836,81.6869468269154,73.65404831340854,81.88195912701937,81.62935663193272,83.7374785257457,80.25266120268888,82.86100632789591,81.13529297660997,78.38800602332954
2021-03-25,79.77504489071906,82.41732155203321,81.69629239646576,73.61417516623521,81.89303094896142,81.62667214883535,83.73697901844609,80.21111081633849,82.87241735888209,81.1478804571927,78.42358815334185
2021-03-26,79.01263644149337,82.37890466928971,81.78540887631813,73.85312493177298,81.97127500145173,81.70841776958994,83.7943529187161,80.2033446228874,82.9426223788426,81.2543511963424,78.2617727789913
2021-03-29,78.77858032454228,82.32584376731837,81.75449083509389,73.80411282620847,81.8850458616245,81.69317263526263,83.76890851312409,80.15152957795466,82.90286410986602,81.16131110917964,78.25572220107638
2021-03-30,78.71474605011787,82.16306866856988,81.63501025812168,73.75598591481267,81.77677132527528,81.59746565657099,83.67714748112562,80.06109095004722,82.8665061430614,81.11928026278638,78.20328063465746
2021-03-31,78.68149976532939,82.10239152816919,81.6130290958711,73.73491399881247,81.72763966429673,81.57858026880025,83.65442978891352,79.96381770181704,82.8209798548303,81.08187935136309,78.06339140836326
2021-04-01,78.59521667482662,82.06317900303283,81.35763342360377,73.65796478605594,81.700239451663,81.43499660862014,83.60192684649532,79.91599273985636,82.78926417620154,81.00979605626075,77.96382727627471
2021-04-05,78.64090868458956,81.99435302325737,81.37945579105063,72.80700296964412,81.60563221659764,81.40642149356556,83.56226233528292,79.94362847615766,82.76812284352526,80.9324138920557,78.03207483563955
2021-04-06,78.62762531317148,81.97707744335737,81.34349598979873,72.79178335082281,81.58455382673667,81.35174344095982,83.55117427153452,79.88506003774017,82.75674504069481,80.92283010026625,78.0128171814983
2021-04-07,78.49673290979571,81.95389523272834,81.32598465684282,72.70628916878537,81.51369121637056,81.33596940984464,83.5220339586938,79.83470974527485,82.59313952924826,80.88981333449125,77.99755233413838
2021-04-08,78.4580064970763,81.93673276557539,81.31283122940388,72.55668003276936,81.49960252757383,81.31623892800576,83.51065621185145,79.7749700480337,82.58074418946923,80.83140917805397,77.98398215951437
2021-04-09,78.39024528904207,81.9217577583947,81.20616749842239,72.45544771068695,81.49071891268409,81.25311368228844,83.48844602385635,79.79089486707286,82.57041686675927,80.79537329844625,77.9245897446182
2021-04-12,78.31624938990963,81.89913674564754,81.17068375656834,72.40927444905945,81.48071331698061,81.24165155169241,83.47580027395753,79.73402843526468,82.5600816047794,80.77457732205788,77.91261143121389
2021-04-13,78.2872534459166,81.81532989431057,81.04639523244487,72.37631342333202,81.40670504622065,81.21346975289012,83.43426039568968,79.70121111585019,82.5262049627802,80.73692534297568,77.81949485545923
2021-04-14,78.26489615145141,81.75808196821318,81.03433410472206,71.7426557513412,81.34485411177512,81.1797488630786,83.40136200565146,79.6502248879754,82.45886243832467,80.72086699563329,77.72088869052902
2021-04-15,78.28768307466771,81.7288463341728,81.04273231335128,71.47928160215326,81.21603279582146,81.16223145024162,83.34045359949403,79.64192662151964,82.45491821715099,80.71258477313502,77.75372093492096
2021-04-16,78.22729931980767,81.72637531437108,81.04960820358008,71.38333239400309,81.21152744249176,81.16875985575764,83.31839523996199,79.61268502917792,82.42349314315754,80.69729736928608,77.78013397335262
2021-04-19,78.24612365821827,81.68525149257233,81.05678834749087,71.35543666974031,81.20473765523734,81.15359683960168,83.31495009760847,79.63189019560579,82.43076518680071,80.63256872105332,77.79615395939157
2021-04-20,78.16589180978244,81.56316594900761,80.86290935319654,71.25472124648097,81.06091883721783,81.0081270085554,83.21794374778318,79.54945694061277,82.34782256205256,80.3035339468978,77.38377105964642
2021-04-21,78.10085527201575,81.59801953316976,80.85910147902155,71.36063148038058,81.06013457955837,81.03266377670609,83.21687039742667,79.57984101106273,82.3429712454162,80.27667961959064,76.98397937331785
2021-04-22,78.18071719570254,81.65991291062657,80.91447341764956,71.39707451912844,81.10386531208609,81.06256469064725,83.20804077245154,79.65467752243272,82.38341259170016,80.3036468651689,77.06292473174294
2021-04-23,78.25055882758457,81.69403587334472,80.74901884415482,71.41651560824907,81.0911286170386,81.08186129571757,83.21641071305669,79.7225482501935,82.39165494950684,80.30658965646984,76.9441523494149
2021-04-26,78.21725569202418,81.65655513481946,80.52096717442289,71.36214513038767,81.06174536868718,81.03976635913591,83.18251847271114,79.66101237394405,82.34249685246482,80.2621878248274,76.88722708700195
2021-04-27,78.21610324240059,81.65498624933045,80.51313601214225,71.23786464228621,81.0211718354281,81.02565146386465,83.12476481532498,79.65880580529131,82.32572605330132,80.25286132860816,76.8860717963735
2021-04-28,78.11068142980237,81.6256910101408,80.48577189463639,70.87641176164303,80.97820141729233,80.98044738839779,83.0762894991519,79.5618330967646,82.29066751415179,80.19927695288911,76.84266980362689
2021-04-29,77.70774738304192,81.48972314814864,80.40966804158083,70.83774959645513,80.93829150013248,80.72242048174047,83.03821490676644,79.35004177778573,82.25531522998926,80.16580742876553,76.81400912833466
2021-04-30,77.48375663622451,81.36976174378663,80.27656571240144,70.6285770872911,80.85418067472382,80.66066845417203,82.97676015534014,79.28098170935127,82.19392871006364,79.9341318952272,76.46623891144431
2021-05-03,77.32139933210124,81.22107486135839,80.14777432007193,70.53131645017874,80.78731818619542,80.55605899040918,82.89016419301032,79.12651210788445,82.09845565229675,79.75938555265304,76.35514238091545
2021-05-04,77.30618746836161,81.16572175277311,80.08772457180375,70.461383647334,80.6683534579848,80.49045950246902,82.80255430981227,79.08565215623449,81.90621704097254,79.71234900095509,76.31357977713522
2021-05-05,77.25937259165187,81.10142849418823,80.01164227141066,70.13305629361633,80.56799922670228,80.42823743443836,82.73446147342456,79.06019833889764,81.75142824865097,79.47051472247809,76.07058427345282
2021-05-06,77.34362025256756,81.09105783478573,80.01013806000958,70.15966796016203,80.60956666369904,80.38291544567902,82.74488700355485,79.12872362052273,81.78468380711551,79.47028470685056,76.07249970826102
2021-05-07,77.43739361315727,81.153150915593,79.93963427236922,70.34358215738466,80.65494548580914,80.44606451796946,82.79862927453055,79.20078152536885,81.84234683875263,79.57670193669048,76.11716690218131
2021-05-10,77.23062958951128,80.9884636132696,79.62061749715468,70.27663479746643,80.61657283844909,80.31886707523871,82.73258110246097,78.99765001904464,81.79712966033553,79.40294714228942,75.81860356084609
2021-05-11,77.2118377316741,81.04833492494141,79.69020214432432,70.44931962592139,80.69806852503804,80.32898104097488,82.77488124915574,79.00448603800439,81.61758855856267,79.49028915187321,75.96555066941323
2021-05-12,77.61999223139277,81.37098544259894,80.12350659287578,69.5667471129149,80.9039055172132,80.57147833033979,83.05472301439232,79.30702946347623,81.91639688855614,80.0171330741115,76.7424477650214
2021-05-13,77.70968510901147,81.41786195324069,80.21912867946395,68.89850164771508,80.98009958663104,80.69459381350734,83.09824589373619,79.5490067190485,81.98313836465408,80.09615724191326,76.72203653995186
2021-05-14,77.93635101901867,81.58790743458633,80.37568997245641,69.50738739242806,81.17633642374511,80.75938306966688,83.25150192826314,79.68349814719792,82.1210199961083,80.27341135128084,76.99524058216393
2021-05-17,77.92365938051897,81.57707908662748,80.36108657562606,69.15983078399732,81.14007023729205,80.7551017271685,83.2128411465697,79.69817373822029,82.00275749495856,80.24899289286364,76.90699288418419
2021-05-18,78.02468804490479,81.60747191731932,80.414628587115,69.39613564806255,81.19111333650608,80.74790540920158,83.22818853958101,79.75914349705965,82.04103878235233,80.16846184778056,76.93272614301449
2021-05-19,77.96957429984782,81.60660834020653,80.4317696534289,69.49283524486916,81.18622911809716,80.74823795062305,83.2283796200065,79.71162439019206,81.99471486165235,80.17975117481042,76.93102412666637
2021-05-20,78.0944326389533,81.63909889104373,80.46728409863705,69.37745720085763,81.12390337227596,80.791878960378,83.17807582930139,79.86082809464675,81.90308791984245,80.21273071599515,76.97702549031169
2021-05-21,78.06457532549761,81.60063891668047,80.45141450364942,69.35669321809485,81.05642630813868,80.77737290833664,83.1539302130901,79.82564411081934,81.88588014843656,80.18681224410366,76.94844828216134
2021-05-24,78.05019607516633,81.6126177777528,80.45228151687735,69.39885473972583,81.06477912817934,80.72156724270182,83.16360163847321,79.81411115890248,81.90496426508348,80.21127546416096,76.88747778608546
2021-05-25,78.01509043194545,81.51964986047713,80.41508272779801,69.39500840628735,81.00783760310722,80.71587902506994,83.14321048770847,79.75319732251764,81.8924013780085,80.1435809779637,76.78148714813092
2021-05-26,77.97652031628982,81.427462489465,80.35806393948347,69.37790544324177,80.99133346079572,80.57892409608552,83.12427963708953,79.69513894567437,81.87254911813477,80.1231171869137,76.75508080583086
2021-05-27,77.92586802378871,81.37922056672595,80.24708593538628,69.30639978874878,80.89843783936129,80.5348892134817,82.97414792458704,79.63388690033496,81.79710734569672,80.07346705540623,76.65074867772556
2021-05-28,77.83693015904808,81.33954408973213,80.21070076215817,69.27455915252966,80.88222108987993,80.50699653985023,82.95877786938607,79.60508474399776,81.77392130601793,80.03576881616067,76.59547759800108
2021-06-01,77.73151661217517,81.2379301144819,80.03674592067584,68.70665218061743,80.75662009236505,79.84779845016398,82.85111292849088,79.49000912458558,81.57233072392788,79.65137740518976,76.39129034357661
2021-06-02,77.66596959379507,81.19368096965364,80.00526356282155,68.53996382045635,80.70152718177286,79.77545920806304,82.7619246500411,79.32526962469743,81.49256048953275,79.51616964745469,76.37143686508168
2021-06-03,77.64186737822322,81.14456448285746,79.94038878959945,68.49047564423857,80.65782655146175,79.69448985649079,82.7410817356492,79.28702185771637,81.4784761750418,79.49630618863321,76.32642521123967
2021-06-04,77.60681853471458,81.14080394961931,79.94118663276456,68.52172373137336,80.65476281968773,79.68919498405664,82.73473547748753,79.20348630887463,81.44729079658244,79.45771291105835,76.25847891497871
2021-06-07,77.53966799548594,81.1056895131476,79.89896521552407,68.4724829788259,80.59236601842159,79.58532019871593,82.67042717193883,79.17221077526919,81.33846043579929,79.32391190141027,76.20791704908518
2021-06-08,77.49945160085731,80.98986475973474,79.76753960137418,68.34801475620759,80.57103930422565,79.54951920487383,82.63890191199823,79.13993140688856,81.31157673346468,79.22710916934652,76.12015191578962
2021-06-09,77.46526322162093,80.96609313193383,79.71591344115444,68.33509249037427,80.50868462137004,79.24831894802672,82.55686491255707,79.0910607381742,81.26837081127219,79.1830326689352,75.9155397168382
2021-06-10,77.39566703050941,80.89088220174666,79.5945234995239,68.20583352710221,80.24555263585667,78.87856432570563,82.40242068982205,79.0224923079052,81.03439315925726,79.04457667396612,75.78412844808261
2021-06-11,77.3686906521042,80.8459380965219,79.56624855415667,68.18090164703452,80.17763245491905,78.69662929668719,82.3810342726089,78.97181689932461,81.01210208179357,78.96720253147772,75.75016614803296
2021-06-14,77.2804828340444,80.81068789288362,79.5362554547409,68.15281191663608,80.09377053731147,78.66780748362554,82.34129494150886,78.86984861906406,80.88345361943884,78.89729239045546,75.67488443575444
2021-06-15,77.25204220869861,80.7931117146671,79.52550415113542,67.81227644667126,80.06089866753771,78.63776164025906,82.29476442748134,78.83166076865108,80.87043123784076,78.82823536419669,75.60621423273635
2021-06-16,77.42511848485842,80.72408647174913,79.61203633003385,67.89287723439027,80.02050496960187,78.69563963877329,82.35928539472032,78.94018195154041,80.95684632655824,78.93751864049429,75.80455215071389
2021-06-17,77.2592606971408,80.54161117590884,79.3810546091764,67.9068920868838,79.64422618530462,78.35619782851181,82.16508191218558,78.70341162805455,80.62397954005822,78.74798387166494,75.5492063278442
2021-06-18,77.48207007445573,80.54407163491476,79.77054152759347,68.53006982888941,79.98022247191709,78.61214163284902,82.32651812354031,78.70849019996349,80.87661235975513,79.10322966007823,76.21927971651982
2021-06-21,77.71648819534832,80.65258155435706,79.96674610181901,69.35296029951436,80.250382774448,78.89005383819921,82.53218632274137,78.99632817787459,81.12296130044187,79.36278816368022,76.33112809356659
2021-06-22,77.58834249709976,80.53488284959032,79.9262468887106,69.32984093795442,80.21596561816726,78.84830534984827,82.49856200540697,78.80035062555872,81.0957254378064,79.20731102709743,76.0731472089406
2021-06-23,77.56414445664397,80.37757787527117,79.89254182148235,69.25942964703468,80.18021027436532,78.83968503943868,82.48457731159047,78.77029255102565,81.08379942068461,79.19650386749905,76.04646977987204
2021-06-24,77.55778730532649,80.36065080946098,79.86354845900345,69.25088913140962,80.12651597033495,78.82335506941341,82.46784001993835,78.77168166561557,81.06099796024716,79.00934772320052,75.94497120048644
2021-06-25,77.4982181399002,80.3587164832701,79.86693039286146,69.24521566674491,80.12325505463433,78.82985321779984,82.44662506049436,78.69537772174279,81.01500473525023,79.01462467243925,75.94556131063544
2021-06-28,77.33375082202335,80.32050505708588,79.83793307869469,68.83250769649376,80.07055533225342,78.79726722820732,82.3997370163854,78.60846167348406,80.97108934005827,78.97951893883408,75.89264412484395
2021-06-29,77.28715184359497,80.29699119560705,79.8278009832442,68.83061888743848,80.06440364456935,78.75381244966648,82.39177378304889,78.53754727484659,80.95093434859959,78.9590091577294,75.82028121100345
2021-06-30,77.24453196092826,80.27212617141028,79.73263030490155,68.78093275267375,80.03725459231414,78.70538597421942,82.34568788649109,78.51706993405259,80.92494509509216,78.78207319661189,75.75865354755116
2021-07-01,77.2633558041038,80.28699159587026,79.54643378363174,68.85853788887601,80.05651350462622,78.69861713420595,82.36127938421004,78.48603322797241,80.93479776650327,78.77834458052293,75.77397305980759
2021-07-02,77.25319312125987,80.27483519404126,79.52987400594174,68.81209836076938,80.00487185551486,78.67145841891269,82.3398738201458,78.42721182960959,80.89695913313965,78.7735988285163,75.78229980050813
2021-07-06,77.22683401051707,80.20640343700417,79.49602944625714,68.80670249496552,79.93337811141816,78.61695455988622,82.28849612662623,78.33596094599324,80.81459884466295,78.45926295183071,75.59113396986756
2021-07-07,77.1456185886082,80.14110543147949,79.45865260494332,68.41178095008588,79.89915485224448,78.61507414564566,82.25065261536697,78.34297539628751,80.7718385468393,78.44926040670167,75.57841516936122
2021-07-08,77.25589201291085,80.10175114353962,79.43726422366011,68.36471674435118,79.89314796062799,78.65536206097579,82.25757668278679,78.41770678235598,80.78811288494451,78.36805331882124,75.46694908063765
2021-07-09,77.34427132201438,80.17954794733724,79.45727730902853,68.59185725668286,79.87476289943179,78.56354237463027,82.2848309739432,78.47795521376614,80.84179387546318,78.45170630614193,75.22938397196306
2021-07-12,77.32116145629234,80.15059535629283,79.3395061286795,68.49619605591482,79.85426857491969,78.54189247362723,82.26992522306286,78.44113982998878,80.83640410701011,78.45909512299842,75.22584227223213
2021-07-13,77.33883195875569,80.1687800876273,79.28149386918929,68.53269744917029,79.90492483241913,78.53344647677133,82.30591957379826,78.33135726966621,80.8791932217334,78.48131501793347,75.27882549160054
2021-07-14,77.27554640135497,80.10654137933278,79.15505254293345,68.07533230602486,79.82373470758074,78.47757349740009,82.25514311966535,78.3113663693901,80.8237418629912,78.37708222461613,75.1130637736343
2021-07-15,77.20315510171868,80.04990604556791,79.08040185069898,67.89824985411629,79.76292224417868,78.4154219132106,82.21925983139467,78.2060197959683,80.79137081081663,78.32658842424387,74.85901391904592
2021-07-16,77.20553509967226,80.00515079436897,78.90570217304018,67.96691386253111,79.75735765278034,78.25763835244389,82.18830571561273,78.21143944179576,80.72157668580458,78.21208165377105,74.34305955270483
2021-07-19,77.53576676568748,80.17992026334413,78.74153581676475,68.58382737773817,80.07145217899792,78.47625630743131,82.39472972552052,78.45062300581195,80.97150573620742,78.53012928605358,74.70032793085075
2021-07-20,77.77705665076184,80.4530927879797,78.45761177499588,68.86374551086782,80.24231926969713,78.69057044543463,82.46216573705652,78.76131156902122,81.0298278747517,78.69727240615899,74.50794984537845
2021-07-21,77.71817619580607,80.39787761471284,78.30661694930153,68.95793431206162,80.17291993572607,78.62403888712299,82.43960114317287,78.62010186021784,80.99400086293487,78.53440086130881,73.96633422602386
2021-07-22,77.67136110745835,80.32659270286462,78.28457304423927,68.97090837346015,80.03504027440765,78.43685356212164,82.3989242884616,78.51266275044446,80.94515714801172,78.45661062017,73.92658438523983
2021-07-23,77.61890677952796,80.31599095424416,78.32284010981824,68.84414231240274,79.9298334721192,78.5768558380852,82.36847972737758,78.53469734686041,80.94803449935182,78.47851492728014,74.07165873089755
2021-07-26,77.62407489036141,80.30188788951573,78.32770097487428,68.80592751857958,79.9150775652318,78.38836836026343,82.33294917394046,78.49048258974537,80.9081554573052,78.45554133628964,74.08777412540168
2021-07-27,77.47391382740567,80.21848940268957,78.23220548909453,68.84437154557466,79.88602731054338,78.26727194802987,82.29551170119869,78.4302786624159,80.84540171009841,78.30450122014497,73.56926912658459
2021-07-28,77.28149762539454,80.17730604258094,77.96420368107835,68.66883795604718,79.83785626668488,78.19409747365302,82.258946934132,78.38671149291798,80.7975681884096,78.22049459671263,73.44980352362725
2021-07-29,76.69629224801179,80.10492450983662,77.9062957115217,68.64609742799564,79.81327829357637,78.1378610291533,82.22420678311893,78.31670337655427,80.75379851054556,78.11130877735218,73.41063917805631
2021-07-30,76.7251123250975,79.89854729684008,77.81410428139914,68.72009928843671,79.82018829015641,78.12888766186737,82.19089186401337,78.23088578666274,80.63962865532986,78.03533776070562,73.39441092864105
2021-08-02,76.69463108895818,79.8334132213551,77.66378596689188,68.67651852667696,79.79078980327748,78.07173442565413,82.12474321523175,78.20127269653095,80.5345716445014,77.99589515257152,73.16984557143141
2021-08-03,76.26723833072482,79.81631104321995,77.6446647114109,68.7825581046977,79.79620717592297,78.07254292465427,82.10626557752354,78.09183842744733,80.52848495647652,77.9744577276525,73.23737744826529
2021-08-04,76.16035467228235,79.91576218385306,77.6510764663219,69.06833368164557,79.8156380515889,78.08964933476526,82.14295703691359,78.02226943577853,80.58071558854789,77.96441271448197,73.12675164222932
2021-08-05,76.20045597219155,79.93185361242841,77.61477311694358,69.11414210614697,79.80912356737134,77.73994540252501,82.12147927135557,77.9732025034531,80.49196881589917,77.9749301671596,73.05530777601145
2021-08-06,76.13555035721389,79.78981063800359,77.55095700486635,69.00752441060044,79.50252179191585,77.67263898562636,82.05140128062149,77.90246012702913,80.29516964937554,77.86461968043548,72.98052075774814
2021-08-09,76.12064293871961,79.77978994763718,77.50410610433784,68.9224095138991,79.4718967704726,77.61468306117669,82.03920477248384,77.89249866640478,80.27785270093898,77.82538074492155,72.96151216360869
2021-08-10,76.02702340886255,79.70403314666478,77.40670726407922,68.90013349860502,79.3925495324058,77.39985208596319,81.93358893773782,77.60932386263678,80.14339648773932,77.40686788149772,72.86246724300312
2021-08-11,75.95778631187142,79.64409451966094,77.33741701130056,68.84701182639917,79.34252185512338,76.74534987146193,81.8273363378401,77.54637384981837,80.0643695183807,77.33497874773298,72.78196930158808
2021-08-12,75.92895822584454,79.62190703720283,77.31190877779767,68.81393779118648,79.32568326246523,76.54496092050854,81.80472782362025,77.46483968388985,80.04383039210425,77.31802436908096,72.76041556362091
2021-08-13,75.88144855193536,79.53611122834901,77.17648720426553,68.73017359046837,79.23586812818783,76.52720754304184,81.75097848606669,77.44314322468263,80.00589652287918,77.25179812328989,72.69289468437982
2021-08-16,75.82849987805614,79.42118621482459,77.17071908373269,68.52219043699348,79.17399357568223,76.33144556667882,81.68738523217849,77.39801579476466,79.91596719512754,77.20719226454764,72.68645207772488
2021-08-17,75.66597644938535,78.77960398814297,76.9612705509765,68.46907883360781,79.08109756419825,75.43138752916217,81.5882962614029,77.20591268882319,79.81380878437028,76.90224906303398,72.42192669416069
2021-08-18,75.73198633205503,78.46711636307985,76.94263474928181,68.64926542274043,79.13397545838015,75.25495641340989,81.642198723383,77.29253741867281,79.87739899297887,76.95992353966521,72.37385815091251
2021-08-19,75.67731352125334,78.38956558717936,76.53296484118545,68.64066004478721,79.09157870106132,75.19554743095547,81.55117573038001,77.17487187954953,79.79430109071733,76.75697742024681,72.1938975210046
2021-08-20,75.82623638371251,78.51355186200392,76.53944391790995,68.7643297692931,79.154418464714,75.35062545523934,81.54810868643615,77.37893397216419,79.86418983325623,76.82845190345697,72.40745342817675
2021-08-23,75.71025379353694,78.4060508183824,76.30144728037172,68.5500017878707,79.09240758655012,75.18195805331027,81.47388731699938,77.27718931143608,79.8011589749249,76.57581134402953,71.77794999827749
2021-08-24,75.63139481464715,78.25953809871602,76.19592050744703,68.37378384452236,79.03787900231934,75.17712506335656,81.41509761989697,77.242452482847,79.71207888316137,76.50019537263746,71.84186923920903
2021-08-25,75.60396131825738,78.23157515115682,76.18331792935996,68.35043904958764,78.97766430633133,75.11982418836945,81.37890053472374,77.2072271032022,79.68765886550162,76.47741234558877,71.79306898228602
2021-08-26,75.72594606215495,78.32409810072505,76.29783653989404,68.52288308509164,79.01679382401392,75.25383023493833,81.39966132380874,77.31087860062698,79.75007058856194,76.43529211074068,71.80814227514014
2021-08-27,75.84053771869931,78.41498730725257,76.31818053609155,68.76954918611533,79.09261581214827,74.98734740137185,81.42204040582699,77.4085791979022,79.80898763783703,76.53978453440077,71.67426582953863
2021-08-30,75.74923794118611,78.29691292083518,76.23380129878281,68.5270824158844,78.59331472186716,74.84787268572875,81.30671229344483,77.24701831552474,79.70406232869644,76.3680312250122,71.54727164260431
2021-08-31,75.68228340295235,78.2612770770612,76.18672986072166,68.51238318554131,78.58924162491839,74.82466722989537,81.29086192571833,77.2002644710985,79.69504034782284,76.30435973569597,71.53161838292718
2021-09-01,75.62156147938778,78.18981172598464,76.10979330433506,68.36002777856132,78.48063905657756,74.72731603063002,81.1987065251763,77.12439329739006,79.62076986506534,75.97540706124192,71.33144630373262
2021-09-02,75.31440511753264,78.10682437181897,76.10734505344153,68.36574681460081,78.4217589252523,74.65077383320124,81.12911922530262,77.01354831770365,79.60031755881636,75.94856093791421,71.40578096558035
2021-09-03,75.2949945613123,78.0715304691879,76.07556196542359,68.3588268224804,78.41632028413336,74.62153209817002,81.11093621747051,76.90234500794516,79.56226582395462,75.91300784614006,71.34636741186223
2021-09-07,75.11185113565256,77.84199232848161,76.0821182513561,68.26084646798901,78.39321823174025,74.67430348526719,81.04836733770111,76.78476180686002,79.55656443642806,75.96997355218768,71.57833228437121
2021-09-08,74.93684045547803,77.76196538523462,75.82438206832957,68.26094645746713,78.32560535888504,74.56206135682002,80.98316761720194,76.54537740841045,79.39806739796232,75.82599697152905,70.88243218989507
2021-09-09,74.9862426696045,77.64250571596654,75.79915407000755,68.12164103996864,78.14324526767913,74.55501343692632,80.97219058814426,76.58845364960337,79.34480118521014,75.56454035921006,70.76845636887701
2021-09-10,75.10217783881802,77.6938849364641,75.91705856648466,67.99541706005033,78.20923164914024,74.87388726461353,81.0042807534468,76.63245997275887,79.30799413562657,75.77241035656289,71.09540564758231
2021-09-13,75.08275356255514,77.68084793958282,75.89145436637193,67.6562917503382,78.15244918647595,74.64948952134301,80.96105445852415,76.61726359111356,79.24207622223217,75.758373738333,71.01522480255107
2021-09-14,75.20893990053467,77.65659464668335,75.99289607663323,67.8293190025041,78.2128925879186,74.60716660772044,80.99785995871247,76.60713470452839,79.30381651104267,75.80572834458403,71.15466093664263
2021-09-15,75.24383620033933,77.7291496247344,76.01043937574651,67.8473629619662,78.23084016646571,74.69331376366638,81.0174510978438,76.72536077430888,79.3373216047404,75.81797776825516,70.98478707823494
2021-09-16,75.23323919987787,77.55593222796755,76.02707133761703,67.87644956319556,78.21477063410818,74.70213070237244,81.0013520483131,76.6791062903416,79.2871597602192,75.7473722917669,71.03463930718391
2021-09-17,75.43370611503018,77.50200969272532,76.17060352754052,67.84530542950017,78.14650218691762,74.4773204888687,81.08237511564758,76.77354861847411,79.37299630323662,75.90905856768079,71.42985843327388
2021-09-20,75.87818264891565,77.84044817097767,76.4739332687194,68.49950473210173,78.47738730765761,74.82059552321185,81.17463805619819,77.06913944181409,79.65587624324375,75.86990340503871,71.20628002127795
2021-09-21,75.85647009570292,77.80424852183731,76.47795698248052,68.50060071683458,78.49617168760709,74.82320829592763,81.16328854284882,77.01574606994072,79.65748065386892,75.85920164936684,71.20076626835645
2021-09-22,75.66629577102093,77.87972447292617,76.45700074994119,68.73653398367534,78.55382384708996,74.72847635830686,81.1754370612026,77.09805351028386,79.70784416457451,75.93405306830307,71.00426417861941
2021-09-23,75.77302230760019,77.93547204584654,76.37069339206465,69.13199515334603,78.62213849429605,74.76170242874669,81.19869689346734,77.11876680609048,79.75125145272476,75.31131370008416,70.39725096564712
2021-09-24,75.70253867763871,77.9025911221795,76.33431474525766,69.12549141635462,78.60653360408352,74.69833825814118,81.18031562251633,77.06997323630512,79.720565453844,75.05489935999728,70.34340578958066
2021-09-27,75.56024309394058,77.6883771793981,76.19789876613824,68.4826750806403,78.30541053218371,74.40099756188306,81.03266119930556,76.88787709265902,79.49066366390953,74.69528628964692,70.21438423194621
2021-09-28,76.28002125623766,78.19971822260611,76.83604035141245,68.01555405507193,78.6632458012082,75.29255263082001,81.24290142171043,77.48436844341784,79.77964399838288,74.73487493738433,70.97589692314898
2021-09-29,76.23322288633206,78.17502285196683,76.68270365260804,67.97932935016783,78.62016144361637,75.255080759057,81.20883771625205,77.40201909816133,79.69680625935126,74.74883565571297,70.97513795108569
2021-09-30,76.04916928166993,78.43785322838211,76.84681377759081,68.08308897250596,78.7699513397809,75.55216193711733,81.38632913093228,77.47127706918504,79.84458560705491,75.19436171462277,71.04988593934245
2021-10-01,76.09258468893914,78.36925894397766,76.69070480034934,68.30353078662428,78.82017808279302,75.333392109447,81.40712538607283,77.59792863972869,79.88358516777102,75.35596567639057,70.92084890914803
2021-10-04,76.07188563154033,78.39199215874721,76.65720302905547,67.74844263871546,78.80255455748946,75.4143233721496,81.3650576219747,77.77351382228699,79.82752916927559,75.20980709161428,69.45958069311732
2021-10-05,75.92653895865006,78.3500025713422,76.61206943779507,67.59526445948923,78.69322956091952,75.3695588727569,81.31322965409318,77.76771925121041,79.78391938622991,74.48183199496772,69.15504118268466
2021-10-06,75.90700429877093,78.33931041564578,76.63154680324409,67.21074865797323,78.6725992887184,75.32451202248237,81.32679496457403,77.77450329226882,79.69045650388905,74.53295158269691,69.24349912464854
2021-10-07,75.88586102123838,78.32066029211514,76.70684826688958,67.23167569044665,78.65510617264174,75.35278201882427,81.34281391232506,77.8017805292642,79.74677037360912,74.4445439602201,68.78770930557441
2021-10-08,75.85314669519002,78.27368958968829,76.6489463070134,66.45152762996796,78.51533074209676,75.33409909629492,81.266842414821,77.77156053166343,79.66438822314093,74.36042048440235,68.81427391029275
2021-10-11,75.77722230090001,78.23617636947677,76.53489478892682,66.43787588201012,78.49912691822378,75.37087466793079,81.25206482441112,77.73129888424722,79.57586485936427,74.12664140033581,68.75870935434496
2021-10-12,75.61880022549919,77.92191600661526,76.4445410040443,66.37645849449815,78.43868362859513,75.13744500358558,81.18412891367807,77.61094992157963,79.49356464884968,73.88225759599358,68.62713548239255
2021-10-13,75.59363972139141,77.88920632822004,76.39991575519053,66.32035854910096,78.28967339296699,75.01440193824001,81.15329473820545,77.59876251009696,79.45301217472996,73.85774497285628,68.51742989139
2021-10-14,75.8458408933914,77.95760090210709,76.69807613781767,66.25749810287823,78.41106258277946,75.39223562856974,81.32547215789624,77.85223956742131,79.66388442149487,74.11052053296292,69.0277030812003
2021-10-15,75.63570521922179,77.7816740132746,76.52438202080121,66.16713096138565,78.35022228409603,75.34033626762724,81.26484105810589,77.74227980564106,79.59671536641216,74.02771082439254,68.88597053986008
2021-10-18,75.52098654137016,77.4927384297965,76.37108287092343,66.12991987311965,78.31342117371503,75.04959314538942,81.22484581815587,77.63306195771072,79.54345807555865,73.90422347377097,68.72642867964133
2021-10-19,75.51479020287105,77.25390998931513,76.21626192017368,66.15924283088106,78.3207750147543,74.87767383204505,81.20467940161575,77.60732729667865,79.53553007822994,73.8161836699609,68.69998151133056
2021-10-20,75.3311316130839,76.96668138603192,76.15494564835707,66.17354129889064,78.33189369972202,74.82309985651544,81.18567991111348,77.22250274024043,79.5281617431799,73.62143439861225,68.74585687497816
2021-10-21,75.28759553730869,76.70190964920494,76.11630883082988,65.8826757892804,78.25703972237406,74.80996575517672,81.13526502721815,77.18557413753236,79.45109662848635,73.56219761484114,68.7052565982635
2021-10-22,74.00090687186987,76.48250059773586,75.73514038333408,65.82876105977996,78.00492769476179,74.6402980445433,81.04118054187211,76.90858032104053,79.31268299340553,73.39342302655305,68.55459736723674
2021-10-25,73.94360112643055,76.08718054596736,75.69322122221558,66.05630606589696,77.97227397500941,74.59774229131179,81.02063066480461,76.78684517581398,79.36239596078792,73.41229799480672,68.38775115680181
2021-10-26,73.80687327453917,76.04850324057121,75.62257328056116,66.00723143141475,77.92890262536206,74.51310340871437,80.86273301653856,76.74066185751386,79.3177323698814,73.35735465368113,68.31441628591126
2021-10-27,73.88638592233578,75.91396284185228,75.82358653456124,66.54939841497131,78.12624358819394,74.74868901544093,80.99414049087156,76.77633187862078,79.47487980551954,73.62434370237543,68.57368210118253
2021-10-28,73.88825752865404,76.04009435107461,75.8308747007278,66.51901849626647,78.17854837895041,74.89701526061575,81.06561108818029,76.87443526066187,79.55361547793305,73.92963753909845,68.73353554131941
2021-10-29,73.80972093213485,75.98812288923446,75.78610298313723,66.50307342822184,78.13421073286891,74.57873260391429,81.02374220076418,76.80446748844943,79.52205120883808,73.79988406759796,68.69454566921438
2021-11-01,73.77357048638511,75.78849223380348,75.809434748493,66.55833289274162,78.05754339929298,74.5408181554348,81.0135620294081,76.66325416364069,79.51138648598189,73.84470193785255,68.73484844564409
2021-11-02,73.73217391560043,75.53661850360567,75.7817658125952,66.21113198261541,78.00669944690803,74.54591361373137,80.98195249689888,76.63404584611429,79.46046673929294,73.77467250114145,68.66450507113646
2021-11-03,73.68910537320778,75.42855933213669,75.72496539818547,65.9368559712079,77.94955208495277,74.53613098027536,80.84076240160317,76.61561825131724,79.3616509457506,73.71037241635285,68.13934582201925
2021-11-04,73.49736176525154,75.14977981720519,75.5938973020938,65.87792868080652,77.65691001743039,74.19180690538458,80.70565693181298,76.17938736972638,79.26097667443943,73.18797626654077,67.86983473336095
2021-11-05,73.3338260207078,75.04419343649076,75.463567263112,65.80872100380697,77.42729870262691,73.41326736915867,80.62141198445214,76.07691279973182,79.19897462442628,73.03585977793688,67.53531331329329
2021-11-08,73.28838500802979,74.8837674952115,75.18287509142331,65.73657579936986,77.36398356880224,72.98062132858047,80.53397464926886,75.84440713360179,78.96060386895392,73.01419260212059,67.19567491703535
2021-11-09,73.22681633803597,74.21070118837497,75.10046262925648,65.54271460372341,77.25788467253865,72.9643085783885,80.38309885899373,75.74929885528871,78.64835699641178,72.9252859324275,67.09179430167406
2021-11-10,73.29635186259608,74.16948742018755,74.88502267750057,65.85038174350069,77.28619174515596,72.77687025037532,80.40207013471553,75.75542678275917,78.68780078017434,72.90855765226969,66.6344409386717
2021-11-11,73.23930419792013,74.05276157086543,74.86171989401655,65.78377915048335,77.20659737019412,72.67978452943102,80.35195669378645,75.73585825353186,78.57401346017355,72.86867094807987,66.55118282382887
2021-11-12,73.0828292035368,73.97043051711152,74.66915652039476,65.69225933113324,77.17581771602127,72.64588173449513,80.31942412611114,75.67877415875144,78.54267126659695,72.72855501065837,66.38590761026207
2021-11-15,73.02551623715435,73.93156822114867,74.53746631055161,65.64231769928865,77.11171868758287,72.39718296755775,80.28179326593134,75.64031384180524,78.47129178327593,72.63065818382216,66.00847008634204
2021-11-16,72.75875005085145,73.23664518249056,74.35200556398489,65.57803778047273,77.03850394880793,72.24296640118767,80.21490983515612,75.3468796384783,78.35194641628931,72.49696389280771,65.91924072787982
2021-11-17,72.8227166630016,73.00768171066176,74.40290367433407,65.73332511321746,77.05389459442378,72.18638562007776,80.20201497395172,75.3753899775558,78.37106904463255,72.15857186157422,65.67449833707525
2021-11-18,72.73785098928273,72.63278677585092,74.40074804520606,65.75184523776579,77.06428621885144,72.15628497815283,80.1881378336851,75.22094798898259,78.3544875942043,72.13395073266294,65.68956579402933
2021-11-19,72.80173429098834,72.51030408013263,74.4573517681532,65.67838846619168,77.10066545278592,72.22494582639992,80.1906496926722,75.13335990764506,78.3128222045621,72.15476314741592,65.11329687983317
2021-11-22,72.55533563855974,72.40089036609,73.93849127573645,65.22381555616265,76.72391601642944,72.10558170054658,80.09571911400772,74.72455220196211,78.20894630921147,72.02234777196527,64.68924497956267
2021-11-23,72.36098215365011,71.89828411632685,74.04876056776902,65.2041544139577,76.64993513832853,72.08769624302364,80.03156951414795,74.54854318944805,78.03617086025795,71.96240428217284,64.74359268821851
2021-11-24,72.32900909989769,71.86863809891388,73.92001149805643,65.14003576256252,76.62623262992878,72.02651139922642,79.99957242028427,74.44403244718042,77.88505053444439,71.68337913021514,64.65087884712406
2021-11-26,73.59713672381353,73.69886008615326,75.13162321294386,67.10104402677788,77.82300713841465,72.2909389472487,80.83637578448914,75.7508423555036,78.45469842004262,73.54552061471847,66.4720329245292
2021-11-29,73.62997006017534,73.79959857741565,74.89465706169837,67.13039896224653,77.75545485414354,72.28809842774963,80.75221012590886,75.8349137143832,78.46825238205889,73.68377689234154,66.88038399399049
2021-11-30,75.54719774957029,74.61282292036563,76.9618629111749,67.89178602484758,78.66102469936614,74.29840590535834,81.59113475285768,76.01162274908921,79.54981244037045,75.07992608150886,69.63176431391616
2021-12-01,75.68460416218184,74.87404654836466,76.9677168801089,67.82886700257836,78.69218686599005,74.15348829033968,81.63337967861966,75.94137845197048,79.55588197582442,75.09359635557253,69.20584223080017
2021-12-02,76.19577955477772,75.21090120928774,77.46019017024504,68.72119703822514,79.18271032952669,74.0917633555865,81.89181432235986,75.85014660550648,79.9719985863218,75.89344410183315,70.171563966787
2021-12-03,76.05223585512387,74.88987673350825,76.39795841926612,68.64548957293576,78.89684879960124,73.90695996192025,81.75043594106505,75.76703132901731,79.86765791963404,75.70539665231783,69.47547623609768
2021-12-06,76.27214243486195,74.97814690437734,76.63649772869309,68.76697804586276,78.94627262764664,73.97014695705421,81.84648080434314,75.80350742500586,79.96823949222623,75.82781983423118,69.85585720502597
2021-12-07,76.372678322071,75.42187901359137,76.36905726260017,69.18391955693671,79.17416460780441,74.37144429680487,81.89495174688463,75.85738720486808,80.12513987542663,76.17114652718554,70.01164894461743
2021-12-08,76.44115061996291,75.47862319606504,76.31956163003677,69.231857266427,79.11242585868447,74.49209479442385,81.91405383475643,75.96159101643113,80.13203942859143,76.2353437157341,69.97398873491018
2021-12-09,76.51227757149037,75.4690556044815,76.1840935882027,69.30304723049176,79.10377424531077,74.37304816176344,81.90906061683444,76.03749584957663,80.17316290620894,76.28114792812042,70.06702651775856
2021-12-10,76.27770798818747,75.40093717636982,75.97520467677953,69.27829369041392,78.96551394192498,74.33086683828832,81.85768619629907,75.86143185615347,80.14992930774746,76.16878911296605,69.99961709159251
2021-12-13,76.00023498681853,74.4138389089008,74.86780383897626,69.16536789076258,78.75538688708238,73.39820302131395,81.57636014210169,75.3522251067543,79.91810890188242,75.46814062115504,69.30330732671965
2021-12-14,76.02414412382873,74.52512129357525,74.9128077904761,69.04061810097663,78.40755129338943,73.50653636042561,81.60227506378733,75.41947275390723,79.82166729247842,75.40020105494689,69.36803327387119
2021-12-15,76.053087265246,74.55181997647458,75.12515191598278,68.50902375757276,78.25527318180582,73.31689971589542,81.60168709772013,75.45957815266712,79.666964317683,75.4561161581089,69.74832660889383
2021-12-16,75.7580377759013,73.18384247604163,74.79136983556945,68.26586403982343,77.91070702836153,73.06613254084644,81.40686795422788,73.85342992491965,79.38250247712652,75.24485120346262,69.5870980581216
2021-12-17,76.08755321675201,73.8030292486617,75.49660883802031,69.03781240791997,78.37356844966465,73.6260059363716,81.75984597240284,74.56665533341778,79.72954314211196,75.36813582949645,70.58341229004645
2021-12-20,76.09024166310287,74.03104398860386,75.2394846987971,69.09204592682501,78.53073866822406,73.81494642505152,81.78917225444995,74.67713038289247,79.81095483514797,75.40208654980302,70.47236357897685
2021-12-21,76.37083029353967,74.41491229289865,74.74218810661702,69.5863780819274,78.66896128660156,73.76197958039567,81.86980348630024,75.03967237099978,79.91901487577917,75.2828456200207,69.97584908852315
2021-12-22,76.38198201840275,74.55120939289448,74.81863239224369,69.5302827597552,78.70341191293966,74.0092780293904,81.83053683828908,75.20414395818614,79.98135664077188,75.42640337512341,69.95159368851334
2021-12-23,76.42773436733614,74.62814729205829,74.80268792221473,69.51481866004302,78.71854978150797,74.03900379031214,81.79197078431311,75.15623113702222,79.99072466937058,75.19066965542115,69.88051299862984
2021-12-27,76.55026473577813,74.69796080929336,74.95686697342359,69.76294977595327,78.75552569645218,74.2563555145493,81.84147379898135,75.34345712904333,80.09613676338157,75.28898053932797,69.75455326576953
2021-12-28,76.53273337824733,74.68885747262537,74.91202196691339,69.77701854063791,78.75382513418094,74.03177218736381,81.82561617685646,75.28856032372822,80.0848738677264,75.35783643830067,69.69855095095504
2021-12-29,76.46169623826607,74.66671634804781,74.87094406755274,69.73357614543298,78.72041917785485,73.98560744542515,81.80954154486396,75.2749254032764,80.06524805640625,75.3207675075724,69.6651740148559
2021-12-30,76.34986666822189,74.64860486968738,74.83767584275601,69.73770888545357,78.71096173922791,73.94656243688837,81.79829567394734,75.23724887189509,80.0481398051919,75.2343526836864,69.56972015974162
2021-12-31,75.92478709521578,74.56034636985393,74.56786599110458,69.67584112869747,78.64847240279741,73.74615404968065,81.699363359714,75.13035950483273,79.94413954312573,75.15181603967227,69.46251528242864
2022-01-03,75.51687861859064,73.05170084212081,74.3578165199579,68.60951628230491,78.18317174860942,73.19917217519696,81.33131603894586,74.69932420546017,79.30890753098903,74.73888577509315,69.24860951279463
2022-01-04,75.17295786670516,72.36128221697864,73.9924000280489,68.49222433845725,77.61872950994196,72.02791945783073,80.9272507234209,73.64177993382432,79.04175857750629,74.26457177185954,68.90363889189372
2022-01-05,75.73088098611304,73.1247219527911,74.0453406593432,68.5829990037577,77.80765525284494,72.16459000579069,80.96777410446262,74.48365652247766,78.68496931169264,74.48429662777042,68.55446918428886
2022-01-06,75.68443168133524,73.26179987164073,74.10573370430146,67.98743971813337,77.47919511923368,72.5553623970674,80.85062660517355,74.6405278469768,78.65851223320841,74.67199901856449,68.77087039237024
2022-01-07,75.55982332863776,72.9508248716316,74.07611383985274,67.95165168212803,77.33698431913416,72.40989699199055,80.80551615542426,74.56131766281185,78.60010655949571,74.61865233644836,68.62107974926101
2022-01-10,75.53648358536947,72.94150733545811,74.02589687629626,67.99399567458124,77.31019345344426,71.33481993810548,80.74437213260707,74.41081493771054,78.56371293678967,74.59534610560158,68.56759193695005
2022-01-11,75.641161400825,73.01662929924952,73.90915795217902,68.13654956433744,77.341123278131,71.31725504919903,80.7283372017728,74.54464817518364,78.57956286000606,74.32418981091588,67.93005334289481
2022-01-12,75.61993115919663,72.99227921046047,73.87894747292178,68.08514758876785,77.31426599259838,71.25720426685407,80.7124166177622,74.52183654094867,78.48576124253171,74.30472720042886,67.89787042051238
2022-01-13,75.65633965977787,73.11062413376324,73.65811916867744,68.10604964644128,77.30781818347434,71.19499697935147,80.51237202182435,74.51959380452108,78.52147803015015,74.26539599858144,67.41683581838419
2022-01-14,75.38115078924942,73.00976356839047,73.55249842826501,67.61390844395017,77.07690720067028,71.12061595334652,80.44329430734554,74.21212667866358,78.44112809790475,74.15121762960179,67.31808923407343
2022-01-18,75.83958172994588,73.7227278610962,74.36168704586542,67.19566295382477,77.5719962657201,71.94699052925361,80.73063248297807,74.82141170372186,78.82431713174276,74.51349598328721,68.28596663789054
2022-01-19,75.67030183143387,73.72667988286484,73.87808783884613,67.17013527562295,77.52676760142408,71.9158751219661,80.7120296257308,74.7983000635777,78.6936958166413,74.44936999939654,67.99983355124948
2022-01-20,75.94268757068551,74.1211510112262,74.18283746533655,67.50655724317706,77.67395349569209,72.07964972215146,80.90719008511743,75.10208878611024,78.9850719028766,74.83784070606684,67.70094437404497
2022-01-21,76.08384721627944,74.57628883783609,73.47185622397673,67.96328438789001,77.92538289209948,72.38227862899124,80.885029493619,75.3284585640664,79.23128089232543,74.31313453188613,67.26835461887164
2022-01-24,76.07146887061721,74.58652939497134,73.12112496872325,68.04802349541312,77.90318294751714,72.10523744074935,80.74793714888403,75.3400982166371,79.18008512872903,74.24735259463453,66.67377961571312
2022-01-25,76.13859136867549,74.70086059479486,73.25799034590185,65.76918300284389,77.44308550193934,72.25198959733525,80.69911991622463,75.47155038394168,79.15149773447551,74.05523477085482,67.21113930940528
2022-01-26,75.99144967543029,74.61629440216967,73.22481401112645,65.67750138935276,77.09056362565488,72.22442496336957,80.64987775831545,75.0694944516763,79.11347178335244,73.97223306211674,67.24777332630939
2022-01-27,75.67464602158518,74.14766845288074,72.65031787965619,65.3630162952884,76.88688338805692,71.83443115409976,80.42736443431843,74.89540045093648,78.84945627768232,73.3699202736384,66.3351140855625
2022-01-28,76.331972658084,74.67270961110248,73.24977226339927,64.34519313238228,76.95230839184963,72.787533661899,80.29313083392137,75.56189718905215,78.78646614870618,74.21217065594738,67.0470514976042
2022-01-31,76.86093892875948,75.38036187859177,73.36798182404495,64.5287484250087,77.20426751110914,72.70918436521963,80.56283770755367,76.0365036405365,79.25322568248865,74.74267037465998,68.17857891446462
2022-02-01,76.73479609745554,75.31663586137267,73.19313307496544,64.34844394153507,77.13582733372597,72.60362874171359,80.50150664525535,75.91425351531524,79.21564203186912,74.26517880270279,67.38035620729454
2022-02-02,76.7458000217386,74.93803065012426,73.47484127848399,64.04757179905174,77.15867825422326,72.86880484491556,80.52551024360751,75.91842058166111,79.14810378426621,74.48979302817605,67.79709203615367
2022-02-03,75.06111034309811,75.13985358071807,72.81575861766393,63.89575748062787,77.05791686820044,72.71951398626436,80.57921666574813,76.07613633650239,79.26428241425394,74.61933739157087,68.04945911011372
2022-02-04,74.83522139233837,74.30028492458266,72.46211605323444,63.26878455581196,76.31815612021914,72.55850266583379,80.33430649589529,75.85558906692033,78.92637444113657,74.43292514964509,67.85791265638544
2022-02-07,74.71499627721016,74.25336244146341,72.17121292868931,63.234472146993134,76.27896036773546,72.43977284382177,80.275113086788,75.77135917610357,78.77778940684449,74.20568710783611,67.53500418822992
2022-02-08,74.56415821991973,74.28476713447118,72.22547659818252,61.45825433668228,76.20500974800402,72.5342729522234,80.19058813058696,75.81416175804786,78.64118100357054,73.79997010223569,67.54796776729161
2022-02-09,74.5769860459702,74.20044004772377,71.56996534474331,61.24352235872531,76.00086820226126,72.49961630447291,80.16241440154722,75.8665909255091,78.55890666683997,73.79550570725631,67.36430927192478
2022-02-10,74.75069635987754,74.47770089351592,72.1223392794749,61.0897488992699,75.83991242439437,73.17757374753646,80.33761439367778,76.36417644588155,78.58221267628011,74.06331307825005,68.38003343020758
2022-02-11,75.25696642449277,75.03622317022699,72.3788205259601,58.67372966988244,76.03790298828274,73.7225178203607,80.55088849204051,76.75026628146635,78.90901882030421,74.75722288789483,68.36857844753024
2022-02-14,75.13618591865088,74.66701894285961,72.34716668240857,58.41641777289854,75.9895694234339,73.64920976001062,80.50019602974253,76.68064726662871,78.89681403632831,74.80579817313483,68.36960350535632
2022-02-15,75.19923491513603,74.69143784304403,72.04443698683804,56.48049562418269,75.948503569946,73.75299624019605,80.46341661801064,76.7266659832843,78.87645011871804,74.73129145584373,67.60766462413116
2022-02-16,75.10883175810001,74.67856431871563,72.03672422215547,56.47632762963264,75.94226058426065,73.75024432064048,80.4430320719112,76.72265454264577,78.8672896824845,74.71885328153864,67.61237763556143
2022-02-17,75.51471068888071,75.14110179646005,70.40025695646422,55.96032715529565,76.24566501054582,74.08774597071543,80.57242516513469,77.05846384121065,79.07525978801846,74.71596812950433,66.92182056638958
2022-02-18,75.51778976303162,75.13421963751595,70.27736558489808,55.94767322699501,76.21289442761021,74.0797237698261,80.56871732824035,77.01868368737934,78.9323017053646,74.70858707772221,66.90437919005697
2022-02-22,75.59005561851258,75.12875927541998,70.53765540337207,56.49741395225032,76.24200308272853,73.99677592652235,80.64664139730672,77.04820182811034,79.11296672160434,74.72473015706778,66.88611311636063
2022-02-23,75.81417052970578,75.33721838719266,70.86531814958133,55.22230758604934,76.45932205606192,74.22066870807801,80.83724460408764,77.29869644876545,79.2751271565574,75.00680664971055,67.58744775203604
2022-02-24,75.7933251053209,75.43812820326998,67.67910375633528,54.64498159788912,75.68827116261046,74.09094015543347,80.58232116544286,77.23822349818381,79.08892530340708,74.81741109512716,67.19789781737992
2022-02-25,76.59168618394479,76.3694303217041,71.52642491133149,56.374395144617914,77.32328684701234,76.15593948519604,81.33707876538602,77.60179777296808,80.45471477300683,76.65351100573942,70.66260258240783
2022-02-28,76.50349757691444,76.2553487781266,71.16298906215304,54.319228460450134,77.04680818323052,76.10810028866565,80.97580424019637,77.55919907774143,80.29618887193283,76.11287970195913,69.98683581356066
2022-03-01,76.88497083796055,76.61147668061419,72.17105727739978,53.58688000405307,77.52162496301284,76.61346174586104,81.41582535257687,78.07548925457547,80.58855716244868,76.15503997957161,70.39689802183125
2022-03-02,76.95716227476156,77.01688559075805,72.5882336751547,54.94146034893176,78.04240213047285,77.09699645027999,81.69487327702588,78.53052301776307,80.8942326480951,76.63510165189055,70.83329453820627
2022-03-03,76.70653366334875,76.38269925011858,72.44620791412302,54.93862211196539,77.93832332334895,76.93572842723587,81.59772524487869,78.31053459527357,80.81002307686819,76.38118691429233,70.47424666349642
2022-03-04,76.39070416823391,76.0979409187741,72.19089484135009,53.32483321734195,77.49789720723555,76.68711857486325,81.43192532942854,78.00349720569267,80.65901361864222,76.05504242978398,69.39320993862755
2022-03-07,77.28197915760603,77.05676246458863,73.29914724313491,49.34816208766783,78.26445080054741,77.54836394430825,81.87028059144983,78.70709876781183,81.24179794416065,76.65962473893902,65.73980100275676
2022-03-08,77.06846773852916,76.76402826972614,72.82677975195001,48.72194967162692,77.99493698705352,77.07917063697968,81.64562059071942,78.52242425653944,80.86762649788582,76.53404911558168,66.05490223056886
2022-03-09,77.7637582784525,77.45229457912221,73.22040255500337,40.895630876211726,78.43296252007126,77.84770819019342,81.82000773179823,79.16469945979163,81.17200976028725,77.05560523963736,64.90125435339513
2022-03-10,77.74951424671865,77.27777481138867,72.64337932927832,39.43157113416988,78.36847850289372,77.82712249239022,81.75429258999056,79.11740843805839,81.13768512316346,76.98092577861173,64.6131884196611
2022-03-11,77.87719029516408,77.44794152030309,72.8681640797009,39.80437691202722,78.37839538901535,77.93872887842087,81.83145766511521,79.20535681633207,81.19297128789506,77.12150049245518,64.67942122693492
2022-03-14,77.7206668040779,77.26287243308933,72.65350335069607,38.87470093214332,78.02987976914125,77.70995315570653,81.63328524707548,78.90892176131918,81.12110743578783,77.03369802020472,64.54357222069444
2022-03-15,78.00478750051926,77.65097508291103,73.34871805354955,33.426485278246815,78.13167330865082,78.08538257508327,81.77973320089257,79.22796044208779,81.28848906439747,77.17575320438374,65.2345782915706
2022-03-16,77.92597530935014,77.60208623943893,72.63508325742643,31.96585323832929,78.01414916913667,78.01659466235834,81.6249190265988,79.13482807434454,81.13711972524051,76.99613465894446,64.50991400618258
2022-03-17,78.01785077032719,77.6933967981535,72.78700777435405,33.95299417648526,78.1153761663527,78.20304148826563,81.72953477113037,79.11077130551917,81.30611373647623,77.2167910571225,64.56974239926637
2022-03-18,78.0204607534581,77.67036814362349,72.77047662313099,33.90144078186255,78.09313371456606,78.17973461424367,81.69665161278547,79.0621672005389,81.3016853692368,77.14256661581659,63.49511467942272
2022-03-21,77.98928587473796,77.6426312139002,72.81828887877825,33.15827096705575,78.0859451820929,78.20847013662016,81.69438577509978,79.05551939647802,81.30325858172422,77.06379231636575,63.36828296935883
2022-03-22,78.12055775735637,77.72643955910725,73.03115173239803,32.47093702405275,78.20429243105856,78.23615161569109,81.73868868292917,79.14823007002032,81.35106773374045,76.97549828750113,63.38401497139397
2022-03-23,78.28036316161669,77.91119575617893,73.31725629685677,31.544145481960197,78.38517423368953,78.27042727756863,81.8119812384472,79.33241556645658,81.39738058755343,77.13818955901928,62.94547476659707
2022-03-24,78.48957096423997,78.00527971280027,73.54089442752174,31.408310089571202,78.41226098045213,78.599125329218,81.8809539313759,79.55039481776674,81.39223210615029,77.29014706466819,63.41843068526237
2022-03-25,78.47671623575627,77.90391164594537,73.67684073862823,32.48050757848049,78.47397150414213,78.60110087933128,81.91812426851784,79.48838516192683,81.42336274380673,77.38162290795619,63.80340097618758
2022-03-28,78.4426261552981,77.77675023476893,73.76206735863262,31.193241625077786,78.36071510951986,78.65184408589063,81.87650608752016,79.4960260825785,81.31168728248551,77.40534256242557,63.99576890795455
2022-03-29,78.47611347566243,77.75936833210174,73.86612254259661,30.699238581466236,78.13658084176234,78.54612082299992,81.82540769481126,79.51059560206573,81.23538065327321,77.17766635786202,64.26285382016492
2022-03-30,78.47677359879998,77.74274447890494,73.87685681491911,30.40078645553188,78.14862262725082,78.55572099609518,81.81596980058733,79.52319556131341,81.20267886369334,77.1661709624212,64.12151126674186
2022-03-31,78.6610795762948,77.90023953904378,73.83737657505795,31.629367980165046,78.38177847412202,78.75464157924876,81.96369721602312,79.62449044090428,81.31203324823908,77.36513283596432,64.09427335073477
2022-04-01,78.61406500031977,77.81388272371134,73.71970232861355,31.57859393512092,78.19699210649405,78.6736025440375,81.68397467008461,79.42862666414091,81.20988690673819,77.10907020874262,63.93363620345151
2022-04-04,78.0794003365153,77.65188640386062,73.63528730023833,31.88820108234582,78.05512497704999,78.35466807104737,81.56582843100519,79.2637780491605,81.1337840567819,76.91260459535717,63.40429328946014
2022-04-05,78.17704606425858,77.83620083892326,73.6040084270384,32.634335371258864,78.07198896603086,78.11488108325423,81.47189367369495,79.33668553565991,81.10417318838866,76.84069567137128,62.959299823518265
2022-04-06,77.6991388719533,77.24899637101613,72.8552763457157,32.250078023011135,77.82281744291568,77.2433426856318,81.21587676968636,78.71172386173016,80.83342118818916,76.18695903759259,62.35057773344681
2022-04-07,77.43388420783778,77.21454355053092,72.47190190148467,32.32088908323694,77.73877621195213,76.58479543647886,81.17161090749525,78.60170500391077,80.75354367941159,75.79231410921143,61.7956630431913
2022-04-08,77.29993204399806,76.98932922306837,72.40277392032642,32.20574402636057,77.52023798691181,76.3488880347188,80.99914809519062,78.3493657785266,80.63639565309467,75.7223414151172,61.73457849474185
2022-04-11,77.30920231058381,76.979046512116,72.18825194132923,32.45424871242292,77.3626328614145,76.39646559921552,80.86615558045241,78.28623859945999,80.48636043773155,75.812706451689,61.97145958632371
2022-04-12,77.27911132915807,76.85422139859423,72.13880879975952,31.569331713928932,77.26572024371865,76.17583029962876,80.77952198195773,78.25530880837854,80.34794335815924,75.7645366005916,61.817739431561435
2022-04-13,77.36758293454673,76.86080904476948,72.23580819999324,32.06967528787251,77.08921395194041,76.28644192146679,80.8133992588136,78.3123847321256,80.37605763575291,75.77987124874953,61.61178346346274
2022-04-14,77.47178641666724,76.98057729401525,72.24427681096705,31.905031856774404,77.19320339829085,76.3270933795351,80.79088232969414,78.39855847980755,80.4204816118771,75.87684088159266,61.61406260501031
2022-04-18,77.44085069562723,76.93740810151665,72.13278634386691,31.46661440442406,77.00192475275419,76.15041938170856,80.7576004381211,78.34332211275682,80.33869830224383,75.81934618838105,61.67586983517116
2022-04-19,77.7858111764622,77.28957919611807,72.85500333069245,30.5600614100632,77.22325151719158,76.56669533209822,81.00500138313794,78.5931027148226,80.44907912893568,76.30277554810066,62.02434076965075
2022-04-20,75.8452113038732,76.86842466859488,72.59226378504464,30.51000856756085,76.98659523032289,76.24510728718518,80.79174846823942,78.2452498676475,80.25518325338014,75.81725638707931,61.91181049334448
2022-04-21,75.96932104111309,76.96544780001138,72.2404280532254,32.832945508378856,77.27854960342103,76.57890377015127,80.88193636665538,78.3637881011826,80.45465985903097,75.69206701873131,62.49188987710544
2022-04-22,76.38201629446675,77.54399462208552,73.50593707033123,37.087312718988215,78.15496699267247,77.6798718936625,81.49488579712325,78.87531882660119,81.15354388802079,76.41900019178779,64.46134447559427
2022-04-25,76.29951899854882,77.52668076977837,73.53771269217152,37.9908292469806,78.16478009074055,77.64162466636894,81.4837106883762,78.86187348873149,81.13602048164093,76.44046164698031,64.45563353144111
2022-04-26,77.23127899150627,78.42331441720542,74.74652590830337,38.898699423262265,78.90680316081017,78.50525070318695,81.9963666607846,79.60079961702012,81.5116021343059,77.24891271486698,65.65061366525458
2022-04-27,76.33460842039317,78.28550969496382,74.57724258062711,37.4033815939483,78.75312837805158,78.35675443266524,81.80939886416658,79.43366380616824,80.93898041225808,77.07397563872327,65.38390303417509
2022-04-28,76.92974715605212,78.4092179390982,75.1494750135355,39.84564658517372,78.88732830557576,78.77574109320902,81.95965947353886,79.7042109798104,81.10496014547826,77.52374968513358,66.25097552487357
2022-04-29,78.11571526340346,79.6392370468303,76.89791941264905,42.9818598490088,79.95245760934961,79.86950714451989,82.6434700779711,80.67016623767479,81.65531822481135,78.84188303795095,69.2128135568502
2022-05-02,77.4790842627461,79.25800630334497,76.57822497079265,42.26515697177449,79.7917086115801,79.67228414604185,82.40574238043227,80.40455376287262,81.5269404096317,78.1613828898848,69.18134134419094
2022-05-03,77.46051330963387,79.24208611134569,76.4556915739987,42.56155125345237,79.79184660891187,79.65361808356276,82.39926811558304,80.3927977388951,81.53430581267247,78.14027249684878,69.16364434202494
2022-05-04,78.31566563078877,79.76216317492755,77.51085207795516,47.50458581686524,80.48113907385631,80.28606216347433,82.91363687338287,80.946331587724,82.09713004788108,78.43921411276756,70.80237995325803
2022-05-05,79.20185602839278,80.62531057079315,78.30948166048474,49.616236959841004,81.12308094603416,80.8564541112426,83.42378819874813,81.69369266632957,82.68293141458324,79.18153516613191,71.40355090809611
2022-05-06,79.09474609848941,80.59738699172081,78.18973962530231,48.02546832121859,81.07863894172252,80.82620504285124,83.38716966039688,81.66527459943576,82.63723519600475,79.17353720679593,70.93731478280498
2022-05-09,79.40938000495412,81.02702264981353,77.18198244869536,53.3122499225521,81.34558467469039,81.20049803292336,83.61063730963498,82.00176740554981,82.92189265040896,79.58432761405054,70.34746728852471
2022-05-10,79.30360414503144,80.96580845487179,77.15340127732456,53.05358326715404,81.29389801821635,80.97089583185178,83.5664245373627,81.8638121847019,82.8599240999596,79.2904820274531,70.44789120333347
2022-05-11,79.27548424320447,80.86595701771014,77.10611502364685,52.72437838675498,81.28208476462419,80.93955556671277,83.53750341526167,81.74255362411604,82.75913797589294,79.18869492622981,69.95755300471873
2022-05-12,79.1932448205032,80.82098150516775,77.03276834098361,52.67579242872592,81.20978311513761,80.7906332565912,83.49533665320247,81.58214970225677,82.72844647529628,79.03631227169443,69.54009719409237
2022-05-13,79.51502686497213,81.07430959310608,77.426016255474,54.05522362662464,81.37115256802772,80.90377603163518,83.57387741766776,81.79970838526951,82.84977194653823,79.37543739344173,69.92246587476598
2022-05-16,79.45800656753266,80.90696690542515,77.35781988861496,53.26488216301688,81.28525623287565,80.7416107786555,83.52829224139302,81.74374971701297,82.79230780546712,79.23252341530875,69.86861312216524
2022-05-17,79.67545806701973,81.09979180983876,76.43248369899001,53.40872532721245,81.47477069805912,80.89688907779644,83.59270279960347,81.91516079458586,82.86913299405458,79.41346596322477,70.26192620546844
2022-05-18,80.4637663497054,82.23349713943365,77.67808820065241,57.34318129644632,82.08659812168266,81.84715934524544,84.3378883853295,82.60747728067372,83.6028927828733,80.39844268159771,70.5296161662469
2022-05-19,80.44962356640993,82.15965080492728,77.68242852558473,57.644009765498005,82.11871395265462,81.8754218885413,84.33085243296314,82.58568919937834,83.49933456316764,80.4061663261451,70.76831308655277
2022-05-20,80.38573161376969,81.98636766611604,77.57256567615714,57.5949850433437,82.06657585804581,81.65791016536977,84.17757506891135,82.52277469074497,83.44349094695951,80.30162256704236,70.70269158953761
2022-05-23,80.54037599175886,81.91170825782328,77.941366185485,58.65742639605513,82.19633374222768,81.69503861571133,84.31977239456259,82.68284597259786,83.5740617863258,80.4405061014528,71.09565126448769
2022-05-24,79.8464731002615,81.63854617260941,77.55283499290948,58.595765821225555,82.07360238604768,81.5473596942646,84.2004589986517,82.50699339295696,83.44291105182721,80.18523592830137,70.78577315697146
2022-05-25,79.89977500267383,81.67443065514419,77.44003149548172,58.926398027180205,82.10298398149409,81.49813355534172,84.21488679473153,82.52742639223834,83.46448704669572,80.22228368754375,70.75436341293204
2022-05-26,80.00153636518569,81.60154214874093,77.52774499065936,59.06372092122725,82.18464477364515,81.40615424817408,84.24344796983473,82.5568392457815,83.50640586998831,79.88775311935221,70.70684486269512
2022-05-27,80.21394893247003,81.80008487764367,77.7221784539087,59.492320080578494,82.30251074146891,81.67901742414703,84.37757530634441,82.73503428638313,83.68644270604631,80.34038597323952,71.61234523573968
2022-05-31,80.10627015254269,81.62437340805856,77.75102288582809,59.84004028382311,82.24182531846665,81.65569951555713,84.3785627623573,82.70634997156775,83.65388150508484,80.34174634949937,71.55290219458618
2022-06-01,80.12249323868215,81.63424044125365,77.79571721712935,59.11502369873045,82.2509277433483,81.6485087960444,84.37236152399045,82.67760822100645,83.65611625004551,80.37364490862865,71.46699855931011
2022-06-02,80.31301666763999,81.78531632362454,78.06373797619963,58.4632786276052,82.30542711571456,81.6935514365068,84.44341231093306,82.79683153276319,83.74038531671003,80.53950875051541,71.60166306607341
2022-06-03,80.469283221377,81.90519501056033,78.2530241161692,57.798258926462076,82.3909732331484,81.80225291289636,84.40626465497898,82.89829516404659,83.79266053077592,80.65850932091836,71.71603451218242
2022-06-06,80.47152352883792,81.89893657514872,78.23350752739205,57.69846168571956,82.38417154399247,81.78804652425414,84.39074103965797,82.88350902239458,83.76476783444352,80.64195989863826,71.67516354985345
2022-06-07,80.47656585650643,81.80084601171804,78.26821179078667,58.05997403352807,82.39907926592197,81.81942140323362,84.38982657400499,82.89541789445047,83.75941321846784,80.68847259037778,71.77422909463141
2022-06-08,80.25395254492004,81.67464487338354,78.39003692448345,57.774045400998446,82.44307901934658,81.85143550832122,84.4239159566515,82.81916046788066,83.75962146374742,80.74834790581922,71.95138621728002
2022-06-09,80.60982485082911,81.72278800998647,78.7479333458557,59.5147699121963,82.7476256203176,82.22835904396673,84.60197725656873,83.0345436918262,83.96871513020311,81.11303462969013,73.17138477022274
2022-06-10,80.88597050708363,82.00945407390148,78.6598578604042,60.52915151182753,83.03757336499937,82.37508690666911,84.78024943647615,83.2428334987711,84.15984591359637,81.45975520331938,73.2988711957094
2022-06-13,81.66836001629973,82.54548503190011,79.41779326818175,64.46304705271685,83.39555357067046,83.02245134977476,85.10704496778652,83.7349656241852,84.6106215699149,82.37859244781292,75.85751981941868
2022-06-14,81.621958908256,82.51040033702427,79.35780610165166,64.27901180845656,83.36483069775167,82.98711935992159,85.02021837858828,83.67473808332487,84.5665339873647,82.29287559122767,75.77749422331345
2022-06-15,81.62352413050024,82.48522511938378,79.19465521672892,62.74909310794522,83.34708814643308,82.99777474189302,84.9893764049592,83.66701484439632,84.40398495853539,82.22838581105033,75.8474661793067
2022-06-16,82.02546965170943,82.94494990842495,79.2619440910685,65.5518609319483,83.61919297897613,83.33373681658759,85.26981402140424,83.99717832521529,84.66760087188453,82.66973315638927,76.73250800070348
2022-06-17,81.90871193069484,82.90224839489349,79.17789599633495,63.68904234588926,83.54444986078903,83.281987492282,85.20809511137318,83.95997398106734,84.60265688697487,82.53518483263606,76.59303301576904
2022-06-21,81.87914814336474,83.06265824156374,79.53732230597114,65.10175840781797,83.6889912273463,83.46760997087618,85.32406921460827,84.07879795313426,84.6606935639654,82.6015808989236,76.9868844414002
2022-06-22,81.80469352554992,82.99017628678581,79.41817859937906,63.59776647772024,83.59865168192331,83.1174452954559,85.2086332277743,84.0025147146259,84.48304028809828,82.41678448917715,76.96259563653909
2022-06-23,81.74065942311393,82.93126083124471,79.28385122338409,61.86952787839676,83.41286960899336,82.96579046135327,85.029370220736,83.94297243722568,84.06359488148482,82.30410732673072,76.63307544674865
2022-06-24,82.16041286168958,83.16015333489408,79.66617642558452,63.08115494885844,83.77503156728896,83.00978029737072,85.27618540766694,84.13675383058555,84.39458041619726,82.49554099668791,77.16775455822776
2022-06-27,82.16789866817334,83.16436024429183,79.65627200711343,62.850399356974,83.77009669015176,83.00295156378611,85.26794525506793,84.13669960605124,84.36676736283249,82.46759423582327,77.14131526964287
2022-06-28,82.19881977019348,83.13488562961675,79.74093601111163,61.013940216802595,83.73394532587788,83.0520820348041,85.2458826885469,84.14502581299647,84.3410955367419,82.50408130534449,77.13784768263608
2022-06-29,82.17303353316136,83.1111479019433,79.63432343333318,60.495333534951335,83.70310458454406,82.91816946336469,85.20948106880714,84.1179081182695,84.28690405682548,82.47156203924796,77.03328549797752
2022-06-30,82.16052737235799,83.09621071157214,79.57205146301266,60.5535897827729,83.68690723428651,82.89039495262043,85.14168839875431,84.08833552519658,84.25545470428591,82.44111180259237,76.66010036493911
2022-07-01,82.20959948724926,83.14785599928494,79.6671882732287,60.80273560541234,83.74086441252418,82.90762023796678,85.15807481781637,84.01000461027238,84.26788471095232,82.48575295106744,76.59448377730504
2022-07-05,81.48885267298124,82.68854978834106,79.48650000109936,60.658892292621545,83.5783460951127,82.71749511158242,84.95827832262509,83.69322819489658,84.0471614479865,82.28300894164975,75.4543886812224
2022-07-06,81.48509945308223,82.65613992005682,79.44967578415827,60.349898493589606,83.55650168918298,82.69708014439098,84.95651343779551,83.69197975275556,84.04616508317027,82.24098835012805,75.47157025805339
2022-07-07,81.47606513293417,82.61988412025671,79.38166989273485,60.52965607824941,83.55357898105639,82.63196190587146,84.93624767502149,83.65941264418903,84.0202026744326,82.12055944414443,75.27220941229501
2022-07-08,81.46438440514407,82.5874256273535,79.36161484186984,60.511279675292144,83.54288674560874,82.59427261174,84.92168478323096,83.62966204683778,83.96488856142385,82.09227693228331,75.22507190158643
2022-07-11,81.30831145687007,82.51111534547226,79.31765485382778,60.566658517112,83.5216779546471,82.55516707561948,84.89629323818954,83.5975813359384,83.90944688835765,82.02489447390046,75.02024452936627
2022-07-12,81.28828302347847,82.51351312846059,79.31486382318835,60.77341953926971,83.53258561725598,82.53790535630024,84.87506240323661,83.59656076291832,83.87828013139871,82.03958914160626,75.07156874760132
2022-07-13,81.27322005424142,82.39799568555306,79.28473767176989,60.8396964068463,83.53205420311261,82.46363916450282,84.85025293327995,83.58015054733436,83.8768249219808,82.03855996887205,75.10170046178364
2022-07-14,81.2404359383381,82.3316511076166,79.2138032404624,61.02846375287845,83.44992716326293,82.40347281972936,84.81260107911206,83.45933227101985,83.7935162034294,82.01575111543548,74.93966190121752
2022-07-15,81.34820569192084,82.34104586460509,79.01685168110843,61.28143003632884,83.46549203636005,82.37208190584407,84.8360552308924,83.4809683254107,83.83370566163401,82.08154916959326,74.79371254413255
2022-07-18,81.24169919039217,82.19563525025593,78.91507190932924,60.72501685979155,83.39048641229401,81.97419761516512,84.77100125356864,83.41536429896159,83.6897431483924,81.97787807865487,74.36558045820219
2022-07-19,81.64526801624591,82.4331365919288,79.08696581420874,62.24532945630764,83.65086478821668,82.34358081355744,84.94261967274387,83.60621163224413,83.93533110835654,82.35051824034556,74.6049889723048
2022-07-20,81.39412109442145,82.27173944072015,78.8494358977567,62.14261808573048,83.56503179660187,82.02467297762465,84.82144283268417,83.36326039965677,83.85040593164867,82.1930812520274,73.86355266752223
2022-07-21,81.32465600300658,82.2133288964238,78.80968266901718,61.11977882622024,83.5406887933719,82.00301832539168,84.79993521929558,83.35395813352741,83.83297576805688,82.20482988100437,73.82259223085916
2022-07-22,80.9827166834771,82.16749417705995,78.59210755761414,61.207715526746455,83.50428538596819,81.96368211411922,84.7548807504657,83.30669246215155,83.80801329558642,82.10464826895212,73.41796940916366
2022-07-25,80.91907320831862,82.00057314538103,78.54811948310311,60.61722645593618,83.46138822576587,81.9392186169513,84.7150555075836,83.20709788035452,83.76042196151522,82.05266255656144,73.2825669420708
2022-07-26,80.83806473410336,81.83692349905866,78.47410567678004,60.60939427064885,83.40103383244458,81.74307946569381,84.6698832359797,83.15323617136102,83.71749814306433,81.92565304790257,73.06477965317885
2022-07-27,80.87639196091229,81.92566347472011,78.50876621393728,61.084953712800605,83.43146575924077,81.67151078785784,84.69493525126234,83.11431481968843,83.72646787469607,81.83670238219435,72.83835888304031
2022-07-28,80.42328483597468,81.93512530927545,78.63692463609223,60.70575927777968,83.3346802782356,81.5102705237549,84.6991619465291,83.09691129265335,83.72343074945834,81.83165676788961,73.27018719308936
2022-07-29,80.23307911882773,81.73704204762713,77.94426709399569,60.922219494467726,83.27282724822543,81.15268260696652,84.52102090156878,83.00300766378753,83.63088906347775,81.71610064963564,73.12213512162391
2022-08-01,80.17416332087835,81.67922587659183,77.39504694139244,60.73130755082964,83.21407643392175,81.05154862288666,84.4787378716834,82.96397702893532,83.58452733975153,81.60854359234733,73.02007865352253
2022-08-02,80.10236406246179,81.68738108815745,77.48173967751771,60.760502636810685,83.22967348562288,81.0491473164499,84.49093958395876,82.97899613670464,83.59670474769845,81.6237109365066,72.99012034346305
2022-08-03,80.11349799311989,81.67804852199117,77.53626196659927,59.339456512691406,83.20797403948627,81.07809436408459,84.47262484556114,82.95951053239442,83.4882772977414,81.59058228125913,73.0104636297328
2022-08-04,80.02686284198269,81.63118658518562,77.49104857589104,58.71673478232735,83.17854334886827,81.02300560957269,84.42464604241582,82.91596549577405,83.45648886140476,81.57344821317523,73.0031335531014
2022-08-05,79.99570755889138,81.5469934638889,77.49641196327956,58.464489421141444,83.11206196425616,81.0187238473785,84.40150084805835,82.89929216895067,83.43109282798453,81.55180469895492,73.0120754892578
2022-08-08,79.98964041758542,81.54395920080643,77.48278429258843,58.478464505056735,83.10330399926296,81.01534781005901,84.39283521317182,82.84804166922952,83.421354605033,81.51819310859942,73.00259153216481
2022-08-09,79.94038167348793,81.440402970637,77.42298083211826,58.32938991856044,83.01813646962187,80.96756907266727,84.35578293202452,82.78246012227991,83.38153381606016,81.42657524807301,72.80204476615293
2022-08-10,80.22017643413538,81.64091503547064,77.54953675222629,58.703330171708046,83.17280146461873,81.09884043591194,84.47445273829635,82.94769377017106,83.51915701062711,81.57652501721184,72.8380606143093
2022-08-11,80.18940520625736,81.615223096998,77.51790428635039,58.70494354830475,83.09564430064846,81.00339718631551,84.44083034255047,82.92690541791802,83.48803996932814,81.48312931871993,72.76425153686273
2022-08-12,80.37773114566197,81.78645198089143,77.7417965690553,58.870567421294474,83.22692074038358,81.21245812319272,84.53933549096749,83.05647610026195,83.62188322000287,81.70069455598394,73.28143019707997
2022-08-15,80.36295020580758,81.77030806692123,77.66574187810846,58.11903937062909,83.18462519553944,81.19669465633493,84.51850259630868,83.03765206266128,83.59004499458626,81.68177955267971,73.29275244167707
2022-08-16,80.34464138489902,81.74170143702979,77.54219087628005,58.05815410687752,83.16624024532796,81.11703944557811,84.50219562618582,82.98984859773435,83.57083864581578,81.60457733361162,73.25366484617811
2022-08-17,80.34717637790537,81.75180354688543,77.5706510049009,57.89109391499098,83.15716335185544,81.12512543015865,84.50334551416104,82.99503277200112,83.57334945017907,81.59268077335298,73.25492230404099
2022-08-18,80.33010920269783,81.73345261312896,77.55341993754683,57.45683292634423,83.13613087426172,81.0601857447144,84.48822782874943,82.98420689892512,83.56179063638876,81.53159011500719,73.20871778983144
2022-08-19,80.37377739693703,81.76515734214192,77.51813963876504,57.39384463911198,83.12541416244797,80.83529575822533,84.4926417421496,83.00533712172846,83.55056046352435,81.53551577726726,73.15155928124422
2022-08-22,80.57963128385892,81.90864993906071,77.74672171940237,57.03880806384438,83.26548988303483,81.0439834500092,84.58683474611323,83.12922770358614,83.61622088464742,81.75661308072786,73.69717493074857
2022-08-23,80.5079363571664,81.8441571132532,77.69672762666883,55.94395751281995,83.20693462530242,80.89324166384274,84.51057747781685,83.07907860186214,83.4157444759055,81.65368369869572,73.68892548349662
2022-08-24,80.5129049952333,81.84605736340933,77.70503626831331,55.94504452329252,83.2071395323308,80.90023389744259,84.50544657959833,83.06659537950226,83.40958219436598,81.66058767791766,73.69946898841857
2022-08-25,80.63858097360186,81.86675402833167,77.69346873397879,56.144314634686914,83.28351991544497,81.01654676375652,84.56035006330373,83.12558198181708,83.46332397431584,81.76566940876053,73.80742412504237
2022-08-26,81.1298303293387,82.30251048142763,78.62070540167875,57.298665728429185,83.67742656780295,81.67309443305996,84.92323490564766,83.58519076488064,83.90687815907795,82.24993792324642,74.58025999596983
2022-08-29,81.11832626862848,82.28479567909231,78.59571494145078,56.425215188459006,83.66271091995401,81.66755117122308,84.90722888323788,83.52185491052623,83.8893178412255,82.2551712480422,74.2613186508666
2022-08-30,81.1310243298106,82.30545045274283,78.71327398340063,57.153463555169054,83.63246067397053,81.69034378207994,84.944213965301,83.54385302534716,83.93503832774866,82.31448669378719,74.5114361548589
2022-08-31,81.02521056947722,82.31678839180795,78.75466021345825,57.258458259880236,83.65046374783464,81.72198254369907,84.94972933131858,83.54653366260658,83.93625639390476,82.31696192525467,74.59904292641582
2022-09-01,80.97418696068819,82.27211921277457,78.70707268926688,56.53268457582827,83.59579182452723,81.53648546195197,84.89741594933737,83.43938110631656,83.6551377177661,82.26536327524227,74.41398398278885
2022-09-02,80.99465918002194,82.25369606188451,78.72988366067062,55.28811518474258,83.56491158662789,81.53245860759412,84.87001941818235,83.43515746880351,83.48788935859743,82.24669555998273,74.48642577487381
2022-09-06,80.91176133090578,82.23026547270818,78.67823840560902,55.30238738306864,83.54742858993674,81.48604539104385,84.84300277849339,83.40573007061539,83.47256899345986,82.10569270987082,74.43157655607577
2022-09-07,81.08834279596203,82.38674988711813,79.00218589657042,53.632281041348485,83.66526698288777,81.67229884645052,84.91009430382536,83.45645187796609,83.59266895603625,82.2436398829609,74.87177288940171
2022-09-08,81.01565572278788,82.35803297468738,78.85682872922882,53.46777435452766,83.61235730156598,81.4830188164128,84.86657347550366,83.41177744574502,83.54493714079753,82.15773747094133,74.6431792727995
2022-09-09,81.10616789582923,82.42310054193872,79.02464888378252,54.314508582640705,83.63082768671397,81.54769016981128,84.92711459739719,83.4820538217626,83.61957731130637,82.17896359528046,74.61626641384893
2022-09-12,81.13593730995562,82.46185873964525,79.06295330188757,54.73245108472789,83.67505332321986,81.60698372782045,84.94213712565833,83.50383320521959,83.65711377448342,82.23724824003733,74.80693631377756
2022-09-13,82.13346702687828,83.1610104391439,80.42524938047458,56.801219053689465,84.27565258422442,82.53805304219333,85.46420616540732,84.1695198576362,84.26008269912967,83.05226741049142,76.40142067531755
2022-09-14,82.10551216327882,83.10462834632348,80.39449474216788,55.82912336917029,84.23535875726822,82.49689266083496,85.43406272987202,84.14746422157233,84.14653396702606,82.97417075461314,76.06119207737957
2022-09-15,82.00113892032348,83.01929328404866,80.3506216838646,56.07380067245708,84.07316287349663,82.2063562733864,85.39835311945278,84.0946042395986,84.10338425233648,82.84373792671707,75.85857348416104
2022-09-16,81.986541868714,83.0017021921451,80.23849098546656,56.263391183859454,84.05937897986001,82.16476996274714,85.30348580257032,84.07422519125315,84.07854105108322,82.78613674552598,75.81647195942963
2022-09-19,81.97739019871904,83.00956907531798,80.23472583130547,56.38161616070797,84.05013939272305,81.96702754366308,85.30362944635496,84.05933306842385,84.04822917482167,82.7025728005673,75.79788532632881
2022-09-20,82.04647539986988,83.08240032692618,80.20904900001123,56.847149793699884,84.12156165545899,82.05372685885776,85.36263008983607,84.01093068151627,84.14267489826291,82.71487348471288,76.04211866586047
2022-09-21,82.15152054652008,83.15702938025302,80.12479546888292,57.33726271978472,84.21153698937053,82.18080109793182,85.40714095601135,84.04393938569841,84.21625969776477,82.77257026886069,76.30300937499369
2022-09-22,82.08255957819627,83.10718905914884,80.10152253057748,57.24817511034279,84.19375290416589,81.91629815942287,85.36693450356506,84.02247101894528,84.20009113629557,82.76161029468874,76.2847671518839
2022-09-23,82.18588215383794,83.18439460199296,80.29036789175669,58.52870984420948,84.24255077548148,81.87027217687535,85.41439082481898,84.03179112380059,84.27440248509443,82.81699319933838,76.47717472449341
2022-09-26,82.28535310156147,83.12397406827888,80.03478681529302,59.53024055238622,84.33012462648136,81.97854673141373,85.42538237234889,84.01901695277223,84.34221148180923,82.90543717058314,76.81251702821643
2022-09-27,82.24255095373803,83.03680718434937,79.70069376604124,59.14062215857635,84.27866641384668,81.8952856106337,85.37426915772197,83.96897872465115,84.20008363038971,82.81145857175018,76.70025507210119
2022-09-28,82.45438076409168,83.1802391250785,79.9477079436337,60.50641507605246,84.39475092981799,82.11185169933,85.4842434524266,83.93166303227837,84.33387860876311,82.96727276992168,76.87960208298236
2022-09-29,82.57949914513942,83.34605272470037,80.13426311873876,60.386675357272885,84.42673310603037,82.09076617299817,85.5259702525869,84.04794869110502,84.37346976246486,83.0249359321075,76.62603727797307
2022-09-30,82.56732620004865,83.32737035691402,80.06993444158144,60.47697134996874,84.35604465107379,82.1001444636617,85.50523547224587,84.01515871133111,84.25422306052292,82.61468802178804,76.55940732546546
2022-10-03,82.71644093502115,82.84393086527002,80.26218157469813,62.14737225593002,84.45970898174579,82.31579804153843,85.60102215721261,84.15334193856663,84.37110189200031,82.61905510620738,77.06218339727782
2022-10-04,83.05658336980974,83.23904694529385,80.81477784648823,64.30090015198977,84.8317140600682,82.77998109801484,85.83388144357322,84.44087454369192,84.67074312603572,82.77668399837327,77.76105531855752
2022-10-05,83.03101031093085,83.21305172650982,80.76667590394291,64.01117182642345,84.79805248665365,82.68891944444557,85.8087699913119,84.31099428445764,84.64026621707457,82.6320436790638,77.45543807484833
2022-10-06,82.93452870070587,83.12072870728403,80.7796250028867,62.94271868477767,84.7690545652278,82.6883528051376,85.76639530105392,84.22379946343983,84.59014489446898,82.30524031749097,77.24151950101022
2022-10-07,83.0779152390408,83.28664704555167,80.92180201380073,63.23890338017677,84.88802878777899,82.90280241977196,85.84056054576556,84.35202461129248,84.71795381844038,82.42192082201953,77.48442635896502
2022-10-10,83.0507806634217,83.26100020460082,80.84474350270968,63.12651055769347,84.86216863029901,82.88140756363539,85.751124753373,84.24622243816732,84.65385455342404,82.37038348251461,77.41101395134937
2022-10-11,82.93789204208127,83.20566463802938,80.6276723750964,63.045290636507154,84.76843002907077,82.7757441169168,85.68330425087031,84.12384070770494,84.60472870941399,82.18191543175448,77.33490183423793
2022-10-12,82.8885404104931,83.16438806850083,80.44187502625465,62.86211086070653,84.7368351241088,82.73922460800168,85.64717918381406,84.08916655576228,84.57107060637945,82.11208441053675,76.58440913181741
2022-10-13,83.17526923724999,83.17172814814481,80.84320800937823,64.72159392204476,84.9216851980621,83.13887129550217,85.83668529678023,84.35418048072943,84.86411452506911,82.37689437517508,77.6430824217236
2022-10-14,83.23213291694275,83.35127577730299,81.11528742530993,65.78149272112469,85.02884884537288,83.1454981233608,85.94324985591714,84.50534839501177,84.9945011646173,82.59333721745702,77.97850605763101
2022-10-17,83.52896423671817,83.7165532550911,81.40554003668419,66.49384020166958,85.23430154475555,83.35726478633325,86.13622302651949,84.7574286988966,85.25476253373809,83.01189153314687,78.61441795528233
2022-10-18,83.52262022702415,83.71538648002264,81.44404512964337,66.48214827345049,85.24853277516021,83.28995814719842,86.10242144724124,84.73556449402436,85.25879741904338,83.01256192176756,78.68008832798165
2022-10-19,83.3716140593133,83.71531753863596,81.44887053399877,65.68700593907226,85.20981438455327,83.22324812937681,86.08594827927882,84.67697632490976,85.24440393437237,82.95216693790925,78.71308091254053
2022-10-20,83.20747280927448,83.68395320068264,81.42071579305409,65.55996465825058,85.16944301557868,83.1890805912909,86.0074217427992,84.53562098667307,85.20270104832214,82.84699709209471,78.60088273137829
2022-10-21,82.98795726624608,83.76946281082543,81.55948601646129,66.06392881310418,85.22247171246657,83.27101695632061,86.0580128013432,84.59311537569559,85.26203845006475,82.63846784927567,78.7031009116997
2022-10-24,82.96694065611891,83.69124348181063,81.46666510588565,65.64047010710738,85.21887076982199,83.23882735658528,86.04310722333979,84.58841732966428,85.11129036431653,82.51868180711496,78.78018093651208
2022-10-25,83.20201029451877,83.85805042374709,81.74068975570995,65.7334609770592,85.29429817145318,83.26384013358285,86.13795712072576,84.69216840616821,85.27047043270979,82.73398391940422,79.27759696261091
2022-10-26,82.9711339371482,83.81232025898697,81.66264242804321,65.5854071717806,85.24978754687777,83.10819222064549,86.09819783591729,84.55099333628283,85.21289042528129,82.7056992272511,79.26321575464837
2022-10-27,81.83576481045247,83.65960925432925,81.5435215483665,65.38005014732506,85.06533526780419,82.98637486764521,85.8273958754223,84.38224677499711,85.0861635585666,82.57315926786364,78.97027578361613
2022-10-28,81.95133212240378,83.13702255865424,81.72477736471012,64.88485500547247,85.10345479110397,83.1325484551624,85.83936352771813,84.41272863476665,85.09195149036194,82.70298957694085,79.25395738460556
2022-10-31,81.94767706247298,83.12711338281771,81.74933741882354,64.4702628778174,85.10469395189538,83.13903211027205,85.82789866800341,84.42939648336197,85.08640029227446,82.6802006513109,79.2851107453796
2022-11-01,81.93563032167103,83.09724571332707,81.72094167117802,64.386187735959,85.08674764730786,83.1196082777126,85.8193202876922,84.40837763200527,85.06935721650318,82.67282957296226,79.23587098220864
2022-11-02,82.14908903917005,83.29257133270997,81.95455094589471,65.3002568028527,85.122065468773,83.31028793014278,85.90719545658175,84.55700069537268,85.21101373113862,82.88562939188384,79.31969106518767
2022-11-03,81.83256146867608,83.18728488510911,81.87225094405429,64.70443297719696,85.03830473338131,83.23374626311981,85.67524895649373,84.20380378897897,85.02963381808613,82.79975670201325,79.2035405264746
2022-11-04,81.82532535346377,83.1387691620098,81.92856351902688,64.38682587228833,85.06099088166224,83.24225360493419,85.66351124882989,84.24670646842114,84.85652827710145,82.84739332452862,79.26599180643058
2022-11-07,81.70666123539513,83.02895667776386,81.84105735350727,64.36027480347067,85.0206219112508,83.1907298209939,85.61615085508664,84.17736389069846,84.79582881934155,82.77127900855989,78.5276054006433
2022-11-08,81.68005761896096,83.01011778003507,81.84382088034029,64.02073839108014,85.01562336966781,83.19508880868565,85.60470262300673,84.17504668914745,84.77158690516312,82.76075059118727,78.55607283164102
2022-11-09,81.75747221406269,83.17251624478853,81.99149636491492,64.99889001283572,85.11062236633394,83.3140981414091,85.69573107015646,84.30860196682858,84.88730990062444,82.82981967769891,78.63700223680527
2022-11-10,82.70541646545128,83.98169522627981,82.50379177256148,65.310055532157,85.62401995846653,83.72675730706834,86.09715831232047,84.97243283603349,85.4307051233158,83.66976469021935,80.11584958547046
2022-11-11,82.22330056576402,83.68215609193061,82.27999915141137,64.97577948383659,85.4931530813497,83.02825469048456,85.90703282067598,84.74096385372634,85.29233394778794,83.55753978212432,79.66113645503455
2022-11-14,82.17493333243955,83.68216140234095,82.28486930503257,65.00474896612913,85.47923070744307,82.9516581115394,85.89638327788677,84.7239627947908,85.26179108082133,83.47757722986317,79.66427411367802
2022-11-15,82.20630173069122,83.70286313959495,82.2847026873688,65.03425068452103,85.4607067116068,82.85151830573724,85.9003067659,84.73833419998515,85.19762429432319,83.51540048036344,79.70520415314809
2022-11-16,82.19836759670613,83.68346149883149,82.18692496393594,65.02653550100646,85.4424384628276,82.82409027595634,85.8829882114108,84.7221090859957,85.16592997011469,83.49937458829814,79.5198699119044
2022-11-17,82.1893657722959,83.66079198857305,82.14979136740467,64.88924754489466,85.43107975220691,82.79368882446033,85.86266833469665,84.69378295005778,85.15507444892157,83.4835462215012,79.3968327259973
2022-11-18,82.10414305109498,83.6334500097531,82.12487617952755,64.58977731235798,85.41625761587116,82.75616548410399,85.84551613230819,84.64669333136591,85.1324851587006,83.47394113283434,79.31599045392858
2022-11-21,82.06114757479756,83.51588486840753,82.01282939879913,64.41592195217018,85.39157549367991,82.72768187418771,85.8173870366541,84.58183913918936,85.09018082065342,83.4197008332373,79.27544011090339
2022-11-22,82.0968642047936,83.53178440302102,82.01212881935668,64.70049477680243,85.39554149273111,82.7530958983402,85.80498243053286,84.60408253191359,85.07637600501037,83.39272702127019,79.30890766591594
2022-11-23,82.10593909479694,83.51533617299542,82.0269199310576,64.09406947803518,85.37862940125133,82.75703504918364,85.78812238878416,84.60285497034036,85.06453826131087,83.39147906765638,79.31993430732436
2022-11-25,82.08356634879723,83.50725177028272,82.02030359914062,64.04805040822201,85.37503161547448,82.74769852192023,85.78213678747952,84.57399208491269,85.05830376969146,83.38073259329633,79.31238697907092
2022-11-28,82.14359919145967,83.45490844385886,82.04244600253816,64.7951962413227,85.43384888225145,82.79968326362349,85.83387842726938,84.63578884087705,85.11562170571025,83.44658118418066,79.41561536668772
2022-11-29,82.12295800401719,83.40232681019214,81.96707675282227,64.70173122014265,85.39775172350204,82.75121317295516,85.80262768930912,84.53177930217741,85.08984833008721,83.35413292023574,79.30153779509212
2022-11-30,82.29077204575684,83.5351991495708,82.15121042280069,64.00345339908591,85.40173169304657,82.94824407449875,85.8114921525203,84.59819273701842,85.11508633206668,83.46988890792963,79.58583302942864
2022-12-01,82.25526274280556,83.52582776074426,82.13414788780123,63.918747184066035,85.33291804636966,82.93864599155393,85.80211244915353,84.58361643158729,85.1050172319957,83.46213053778561,79.5779033367503
2022-12-02,82.23525757469054,83.50913903363437,82.0899288906314,63.834301488534635,85.29930523776048,82.91992493017193,85.76968563814519,84.56044583722019,85.0493028643957,83.42902541574733,79.5378389731195
2022-12-05,82.30287582329062,83.6435941280297,82.26154105030757,64.86341997767607,85.37054475437475,83.01850425997766,85.85264204612768,84.62311152074214,85.15946779823129,83.53492829154193,79.43206504562818
2022-12-06,82.3025914055052,83.66476094921248,82.27572681880122,65.33253734013701,85.36012492475133,83.06283243370729,85.86360098203406,84.6405225409378,85.16379167009865,83.53197728773328,79.1606548172036
2022-12-07,82.28655301405469,83.63774172428681,82.2418922142208,65.3338119680533,85.33852816323297,82.92543638173063,85.84750252743432,84.62274654905474,85.14845658124162,83.50637456479012,79.12042086615
2022-12-08,82.25232646668599,83.63997703954387,82.24443967039885,65.20581857329275,85.30865763309716,82.91062552214007,85.84517645795918,84.60735776991325,85.14682303562341,83.50893991853624,79.13571532153581
2022-12-09,82.15599787349893,83.63295799803497,82.25785539909589,65.34396031481673,85.29430018665688,82.88919887553457,85.84916281346052,84.60449081967906,85.15679596649417,83.48318487292823,79.15030127682851
2022-12-12,82.16370058126556,83.55915497698686,82.30596367786906,65.63425237547051,85.31313390824059,82.93001586934702,85.86958441501773,84.6324141287782,85.14423488362655,83.48522651839633,79.22895124685704
2022-12-13,82.18456609678927,83.51316606131928,82.24363981945072,65.91237081746215,85.2873300635433,82.91465355968793,85.85326539924478,84.63701551838538,85.13528100245475,83.41055760868868,79.20747819257922
2022-12-14,82.21730137601219,83.5210639341575,82.23073670138989,66.04084762364916,85.27936425335245,82.88909815598771,85.84535372617654,84.6486453282989,85.12191538354568,83.43151992361388,79.22832524287091
2022-12-15,82.40236013105675,83.52166457888052,82.43128125135775,65.80865726926037,85.33352559984948,83.07543273078001,85.92862648720848,84.7537194149728,85.20079354470366,83.4339685589437,79.30502761118926
2022-12-16,82.23660860957132,83.55034634944185,82.4635097251471,65.97378947411839,85.3367114962736,83.13260355657917,85.89422948355315,84.7514471407913,85.14514890710987,83.40486418070965,79.39341715153297
2022-12-19,82.19966539703537,83.54660238711018,82.38078050582425,65.98899331137441,85.25929584672367,83.12889829735008,85.88024491454281,84.7421958586992,85.13546824765352,83.38472888164635,79.37584215798822
2022-12-20,82.17923336340857,83.46924185457807,82.3598480264221,65.8945848212683,85.24387930136625,83.1198822503931,85.86942462804234,84.73193444638868,85.10733166683582,83.36408630275588,79.36445742722393
2022-12-21,82.24704703197216,83.5538338392038,82.46357665967938,66.22482046715751,85.29434093314937,83.21259270027946,85.9149353277473,84.78443212203776,85.10616748848305,83.41702900069978,79.50761064741788
2022-12-22,82.22855971699566,83.54749673885627,82.4451814223233,66.39566615084865,85.30054643426521,83.17984955302043,85.9281449531556,84.7762137566189,85.11121699746755,83.41130456623226,79.53294273507956
2022-12-23,82.23027317179815,83.54978005525234,82.44795437626524,66.2988546533608,85.29958939807268,83.13899230054835,85.92812242781397,84.73834753017829,85.1095619747896,83.42088147809581,79.54581748594221
2022-12-27,82.19199336565869,83.4757548805779,82.40137044344615,66.25345473691036,85.28304522645855,83.10147720597914,85.90782397377832,84.70708000394029,85.0944094110437,83.39570595470143,79.49724573348331
2022-12-28,82.24496345459065,83.44494332218724,82.4632424583618,66.63169188115741,85.23756579903912,83.13322934580782,85.93978125555682,84.7420770135051,85.13416853694683,83.45303810724468,79.58056087419072
2022-12-29,82.33882286602214,83.52691199382413,82.44608156160365,66.77968747337617,85.27324847913775,83.1964681063733,85.97255248477708,84.79889187758093,85.17161150538848,83.54433100601634,79.60402074618955
2022-12-30,82.30550491582726,83.52113006402097,82.44294156436378,66.66130654774521,85.26866224919993,83.1904112159517,85.96929892908618,84.7796536008398,85.16186495276844,83.55368826239352,79.58987661214867
2023-01-03,82.15958174150813,83.49052522894596,82.41651815777556,65.99752719899521,85.21639503646172,83.16507546374412,85.93007369569396,84.73779858165337,85.1296634285089,83.51201217310474,79.56785929027617
2023-01-04,82.11890394504435,83.48038650121396,82.35913703389885,65.7511834728835,85.16861906108772,83.07686974232448,85.91271758118202,84.66048610104325,85.10012912818294,83.45753915129843,79.54696132350489
2023-01-05,81.91303686683419,83.48546185540415,82.46065926899576,65.02338838586081,85.1827502389702,83.14227960939193,85.93600187191468,84.71018553050413,85.14509873190214,83.52611040297538,79.71863909757234
2023-01-06,82.07192018449605,83.7294105694348,82.79764225067585,65.7286045957589,85.36092944415516,83.20409041655877,86.10413513551799,84.93288176631201,85.37571427826703,83.83284433249966,80.16354611306159
2023-01-09,81.98646835050359,83.6060283836503,82.59832975364267,65.539361883537,85.30467563919484,82.7605397905289,86.04305049081823,84.81425390022898,85.27930908803143,83.7468362633777,79.96948765411416
2023-01-10,81.99560105626536,83.60957633978587,82.57241362959726,65.54533236126915,85.30601300868463,82.77924386338574,86.03422712479104,84.81070802720208,85.27829048411652,83.75084467482105,79.92292661494906
2023-01-11,81.97333050000282,83.6022846166957,82.4484089456807,65.35216734773427,85.2888927366345,82.7532496106525,86.02101688577517,84.81518788362891,85.27793132625287,83.57706163843778,79.92742712989386
2023-01-12,81.898000396492,83.56885591028049,82.26788744409933,65.1806658201683,85.25635103731494,82.68956350197911,85.98296845950588,84.77266974412652,85.24955943653349,83.40907914046792,79.81723906071235
2023-01-13,81.88480239472244,83.52945240805336,82.2337025460313,65.1495480530902,85.22228867158796,82.67023832225622,85.95832891055865,84.76012954392735,85.23787267205952,83.36844888984817,79.75652429760818
2023-01-17,81.86624760690006,83.49383187776988,82.19706011976999,65.10823519859696,85.20505836348978,82.65534971020429,85.91270372321706,84.71269377179452,85.21426636551895,83.34231128307708,79.7314380071951
2023-01-18,81.89997990241052,83.49490072171957,82.15194874932936,65.49141052353612,85.25775209362295,82.73915949837873,85.95207326742862,84.70907237450928,85.23430909563274,83.35384114652092,79.9204795830739
2023-01-19,81.75632038712503,83.49468996501365,82.18463998551192,64.88813001807434,85.24187615235726,82.61028384109328,85.82412244349909,84.70589539421036,85.21868003704614,83.33910421501555,79.97118307659949
2023-01-20,81.86969815733983,83.58995365091859,82.2848655372637,65.0657317735083,85.30886249769391,82.58120637021506,85.88326350971802,84.76871484204614,85.28762333659226,83.40503174548407,80.00291002284897
2023-01-23,81.84535721292873,83.58207475687882,82.2785919340264,64.83665729425341,85.29748284969948,82.55680071012506,85.87798358720802,84.72629312287289,85.24536343430448,83.38104318782386,79.94313211971806
2023-01-24,81.8302023686061,83.56968667205344,82.23855652809587,64.78955988732639,85.28547628483841,82.43354202000125,85.8426694031484,84.71524599941978,85.23202608771193,83.36423662602124,79.91427020349228
2023-01-25,81.80025822234657,83.53165893011743,82.20587859432084,64.75002341531123,85.2251967524183,82.40665962053563,85.79635765440028,84.69392190640454,85.20988112109659,83.3306926276884,79.69033299177394
2023-01-26,81.79432505839347,83.49547865269635,82.04443640197314,64.8005317052475,85.20296965041913,82.38443029756121,85.77640145636217,84.68797451358068,85.18863915456551,83.32242884804907,79.6747569748083
2023-01-27,81.73772250573704,83.26776797496187,81.9887382213915,64.28729445723788,85.15921115727394,82.24025399021168,85.73500928140908,84.63867769373665,85.11396647639576,83.22951207475515,79.6305111361215
2023-01-30,81.81420500942025,83.33311191092702,81.94047845541635,64.71564800278048,85.16659124633986,82.29969546734063,85.76645859851338,84.6782664088094,85.13244565374636,83.28436063685542,79.64867837651468
2023-01-31,81.88318540222531,83.42247191474213,82.04499802141214,64.68782489769795,85.20673733661538,82.40863785996741,85.80888462881288,84.695483630223,85.17554969387643,83.37540795581151,79.6840781376182
2023-02-01,81.86154785047768,83.38630255203078,82.03733471964401,63.553870712433614,85.1315433853025,82.39747532152968,85.78663898558054,84.63263206726654,85.14790545122194,83.36270805055156,79.65535125507085
2023-02-02,80.48691601930757,83.13579096132356,81.51358276580046,62.250205856020216,84.93309490503921,81.92454782686802,85.63799988950046,84.39587067250447,84.86991182842014,83.17026491241009,79.4917967830589
2023-02-03,80.67483185186953,83.18187894337966,81.5651691369738,62.1594842800299,84.87616047721764,81.91405071858597,85.60552831998803,84.3201944484874,84.87835965558273,83.25349708387314,79.64323439800854
2023-02-06,80.6621417297907,83.13766001258652,81.52309094524371,62.177616669635285,84.8424668788521,81.90794260534057,85.58993416405728,84.30469405485735,84.83960562266375,83.23343773538355,79.51123932195071
2023-02-07,80.66299442728325,83.08008877335453,81.25508222676314,62.469217482704614,84.82807976176903,81.90910315882938,85.5407180983693,84.22451549438284,84.8234381335802,83.109450608537,79.43638906014915
2023-02-08,80.52779168312722,83.06275956140901,81.26094480491616,62.63823189950301,84.82068027812693,81.91281600608677,85.53693372097146,84.22210702611204,84.82820880504407,83.05890173366497,79.46464761596194
2023-02-09,80.60810632234426,83.04347547848135,81.31334407612601,62.87804536571055,84.86407877812388,81.9958458916969,85.57278168138643,84.22337204972189,84.86997578428752,83.11372845775536,79.5853689602808
2023-02-10,80.38690643418924,82.79503505644648,81.27960723937358,62.68490038132374,84.819896317479,81.9262185935078,85.5306246264281,84.09169518035532,84.82522027596656,83.05180996230709,79.44609948119019
2023-02-13,80.51095017498402,82.88198207848723,81.38670709449565,62.5524402180202,84.86946776810224,82.01095998477592,85.56638248845931,84.15876556859668,84.82729698080823,83.11639667986651,79.52088660530917
2023-02-14,80.47439076042565,82.75079657392816,81.31089898092534,62.501549429444744,84.84286144297218,81.97690813411992,85.54382552682004,84.11537104100604,84.7782299714432,83.05976682713549,79.50139650234715
2023-02-15,80.46626827709174,82.72679161708969,81.29879316523285,61.974815418655886,84.82564544647795,81.85669086326769,85.52591865760792,84.10349302413202,84.76231511749727,83.0452387105636,79.47706244597873
2023-02-16,80.55571957716282,82.80156869746325,81.38146239380444,62.259372795638065,84.86844314723518,81.93887005533807,85.5672328432543,84.15666515455943,84.80837131868721,83.07818712127926,79.53169758437757
2023-02-17,80.49275493581864,82.73971227968912,81.12096212108841,61.18791406484681,84.80128887064011,81.77228698685374,85.47366811159772,84.03166201633832,84.67220700534541,82.9974256247572,79.38409645843902
2023-02-21,80.60650767336969,82.87871703877873,81.1303562772098,60.94619757114101,84.89059810695545,81.9189138903891,85.55253892083083,84.10720066400677,84.71324779153593,83.12976089680969,79.60147663616152
2023-02-22,80.58888025978412,82.84841226370901,81.12047971780363,60.944627414743664,84.88097013037704,81.9094468663403,85.5434257995194,84.09909971602566,84.66077255376808,83.1091786799523,79.58583886453926
2023-02-23,80.52308056968093,82.81668719096342,81.09651637404485,60.958881065063125,84.86787215324861,81.89854297501566,85.53217673525421,84.03660040376376,84.64502723513209,83.07452164831975,79.5190999926096
2023-02-24,80.53290956292359,82.8068406198733,81.1060822937003,60.833922576769076,84.77997231166036,81.86610903318963,85.51366416545109,84.0280220276516,84.46241803984273,83.03924370895263,79.4480968006197
2023-02-27,80.51515606428092,82.73997978586266,81.08013723563455,60.794048472697995,84.76298339230898,81.79828511422525,85.47445024542726,84.0107974173279,84.44215088773505,83.02135584868073,79.37168455851396
2023-02-28,80.45945025012894,82.69759343139869,80.98169748741043,60.73092240470284,84.70587767452211,81.75540233577064,85.44426747766032,83.98294822666037,84.36729677296663,82.96839737871726,79.18172960554935
2023-03-01,80.47337893243588,82.69610616738576,80.98908824855083,60.221832426345024,84.69118643192976,81.72667350298843,85.37506250727166,83.97898617720064,84.24192005025702,82.9360337110658,79.14999811146006
2023-03-02,80.49545634470176,82.57402609296591,80.97827082080173,60.28796602151801,84.52097883171183,81.73128312686596,85.36782800439404,83.98405307264771,84.24324645749576,82.9406591560888,79.1252904978741
2023-03-03,80.69686491521509,82.73016184368079,80.84250735260416,60.98079168489396,84.64558967956842,81.89207632087121,85.43241787493908,84.09602357693389,84.31607969044035,83.08108672558956,79.36549069805294
2023-03-06,80.66615994979207,82.68605634875716,80.74997313052668,60.91828244391083,84.61786930491579,81.86215275597641,85.40288583276217,84.04190394667464,84.17466938282767,83.05070005658021,79.25885418059795
2023-03-07,80.64311270460574,82.67637346835818,80.82987301924861,61.295977601494535,84.6065785747124,81.9822795057683,85.4233168932816,84.00583208790846,84.21980621812772,83.13950735642909,79.42513425528593
2023-03-08,80.63776941820866,82.66650996510268,80.82368892015346,61.15790011491846,84.57062433174566,81.89108075027424,85.41412646778414,83.98849870136416,84.20994457697691,83.0785531642816,79.41268585756508
2023-03-09,80.8488766096845,82.80607623908986,80.88668434453417,61.76631606840348,84.35322067662138,81.97834755969305,85.46624021552805,84.00516872574141,84.3210669827212,83.20026623206888,79.41884348571122
2023-03-10,80.83711363333052,82.71621043717512,80.81766536464382,61.466213885682194,84.33696216196158,81.94309395369237,85.47324696482906,84.00224130396072,84.2948032482866,83.07417020333924,79.46994853035919
2023-03-13,80.66434274510901,82.54831233232406,80.60293019603047,61.124838623123324,83.02314717158671,81.5705685670066,85.29936795619797,83.83738997989133,84.06951939596075,82.77142633290961,79.04283528344067
2023-03-14,80.97493651252917,82.65628669897063,80.85343569457035,62.20757531645013,83.40494580266946,81.75344305945715,85.42299415554812,84.00282300780889,84.21897060390747,82.9066711305981,79.350726865517
2023-03-15,80.49709709478088,82.41278393978219,80.23184960496371,61.7338019488974,83.02486596173286,81.5060576909306,84.97863167898008,83.76429271520055,83.78569574896237,82.6481889797273,78.56425113314255
2023-03-16,80.65235504882376,82.5049345881351,80.20360268346472,62.497563342239374,83.15838122317663,81.63477419509701,85.03916427803892,83.85994677675676,83.91461388188593,82.5752557203875,78.64239016988117
2023-03-17,80.62535480213003,82.4934891551274,80.2076487145156,62.64405033805866,83.0694157739994,81.69909353046825,85.04390391867346,83.68216424018858,83.91498874505625,82.57873090345441,78.68819961941165
2023-03-20,80.59184166991732,82.42146561703373,80.31676864228803,63.244014949949424,83.11671958926517,81.79617130506796,85.06863446532586,83.55341006308947,83.97804621042181,82.62202104116488,78.73892344026049
2023-03-21,80.50629042421872,82.2832986183672,80.08175335300159,63.402630437109025,82.96067838812215,81.70250436422687,84.99192233576427,83.46048403329897,83.88647687257352,82.33345115315852,77.80001985503189
2023-03-22,80.57070677084906,82.39023336822872,80.23849071052635,64.09333758865857,83.1039856687315,81.86596789216365,85.07498020039165,83.40122188346696,83.9732970635556,82.37782341080771,78.05472328881962
2023-03-23,80.37188247501042,82.3420534330541,80.18376296707139,64.00054397386535,83.06684627401158,81.82522656094488,85.04187796941619,83.22997504317881,83.94148622479568,82.30700566956386,77.86976383245964
2023-03-24,80.28344987715428,82.15582861441378,80.06290150972649,64.01221042228963,82.96917317931359,81.79525613841822,84.95994991497585,83.09457892367936,83.89642088066607,82.22957293851097,77.68602452350781
2023-03-27,80.16312062415768,82.09800307793999,80.00815884801634,63.8972694191238,82.92331029013002,81.76606690577364,84.91881975791418,82.96348534491405,83.85187603047989,82.19399419306605,77.65346530640032
2023-03-28,80.12198783088743,82.08621426456918,79.99696728504824,63.88952492364153,82.9114190228251,81.70664022385178,84.89684443237942,82.9364740951731,83.82522839900014,82.17758004114424,77.62819105665125
2023-03-29,80.23086377071002,82.20393920947822,80.03879437046712,64.19511188280684,83.01591374789996,81.69360768737307,84.9667102208487,83.04205362510035,83.89538228496907,82.27975182652435,77.83550294712512
2023-03-30,80.2211888574834,82.21562171743628,80.03350245088097,64.195558787377,82.93157261630904,81.69162831937611,84.94193560162205,83.03969976366325,83.88395268936972,82.24039524070953,77.83366850602553
2023-03-31,80.31648809535494,82.30056268574523,80.11460016494036,64.19977279293431,82.9713192679519,81.77282610203216,84.9842498736336,83.06738581487073,83.92797743066052,82.30860037328574,77.86680759787201
2023-04-03,80.26364462640389,82.15109703476004,80.02985895849434,63.489361513146044,82.90215552970777,81.5720424785143,84.92818455650603,82.99689428177645,83.8598101918658,82.18688880390181,77.75611181753582
2023-04-04,80.13229204163389,82.08012783244546,79.96927164477304,63.575610784410294,82.85237895299461,81.48100283363914,84.66633780244335,82.95256565215084,83.78049101615552,82.08351109310918,77.51015417774215
2023-04-05,79.96639615916283,81.66752982356448,79.71173693292114,63.094766013006726,82.71568493771561,80.97882330188361,84.36807254836174,82.71059225755627,83.64380313312168,81.90185819295095,76.64023674859286
2023-04-06,79.93492980974564,81.62810000900603,79.70356412442433,62.85323029763489,82.7046804156999,80.93328670781693,84.35748858306681,82.69580160511096,83.63171926704143,81.88690742566476,76.63646290979314
2023-04-10,79.8983093313452,81.61678141593721,79.68095837634355,62.865507029002664,82.69185066069419,80.8942829023534,84.30781766462356,82.67441066045483,83.61551436565871,81.87043902403337,76.58017674200629
2023-04-11,79.86609002838985,81.60187682152898,79.671765684954,62.9000327951693,82.67597085683366,80.88310339674688,84.29772556668486,82.56118737663618,83.60416895017116,81.86215956754074,76.57643595554632
2023-04-12,79.85351164514528,81.53963844358802,79.64688748461835,62.90006656827498,82.66558059126582,80.84927595443693,84.25392358295075,82.54769006774562,83.58507094244584,81.84767910101687,76.53967092777555
2023-04-13,79.8770411534939,81.5331468244668,79.65390893500714,62.908444528543896,82.66364810201864,80.83451782602191,84.20372714179919,82.54675492002985,83.59594793505869,81.63276433815389,76.41371397116683
2023-04-14,79.82922525123719,81.46697880111282,79.61328266978651,62.787266415298376,82.38457892276924,80.76221360465017,84.13719100665199,82.5069050402445,83.55173414521663,81.4799295943782,76.36125030249094
2023-04-17,79.71460405664175,81.5032213178082,79.68604367841223,62.40406076027516,82.38538031595624,80.73426632924951,84.1519027120057,82.50151666025246,83.56792024662566,81.45797290734504,76.43782934279986
2023-04-18,79.70001615085134,81.49378727976824,79.6421132000386,62.374474824605834,82.37374104064364,80.67092329439986,84.13884775146772,82.4863352619523,83.55667508537289,81.44530726372159,76.42186889077834
2023-04-19,79.6520742475475,81.4759907223671,79.61083659305947,62.31432611846045,82.34631070838932,80.61849971130361,84.11527617713914,82.45711242813991,83.52369889244345,81.396753697969,76.3213731855672
2023-04-20,79.6523823429652,81.44186174963401,79.53378698863906,62.37816262445629,82.34155964737602,80.62169329011508,84.10250293676856,82.45180493294883,83.4969623624335,81.38680247148935,76.29593650910599
2023-04-21,79.62295197705728,81.36058898048184,79.4472131642153,62.31287210234577,82.30576040721027,80.54251929847888,84.06105938917133,82.39947847802527,83.3992833328599,81.35794204344697,76.26522506615649
2023-04-24,79.60668880397334,81.3524230866369,79.45505500420738,62.36374201827699,82.25481578526265,80.53245718683515,84.05593619330946,82.34807071378687,83.38759522901893,81.33422953497514,76.28184385198563
2023-04-25,79.74292486833896,81.47428661755235,79.36575773088735,62.97450484107827,82.35693602163477,80.6819509804072,84.12565850575727,82.45339989047125,83.48115038424689,81.35092611272384,76.0986455744441
2023-04-26,79.73223271678899,81.38509652456578,79.36837659891995,63.28432057063538,82.35706483738264,80.65718026285111,84.066947810492,81.8833477121214,83.46342562394761,81.25985246399286,76.03525559536288
2023-04-27,79.66475956595234,81.47573310019362,79.6175559167397,63.24988198738944,82.45263903231164,80.58809242175637,84.1633778147027,81.87275703146139,83.4814444599347,81.45059013567976,76.1461351468345
2023-04-28,79.72453746249887,81.50507690468487,79.65083401189185,63.597339570415016,82.52887589025589,80.65716679885456,84.20642779923023,81.91720559587975,83.51522378149889,81.50350882180436,76.08528029446522
2023-05-01,79.70519517951846,81.4499720724054,79.62811463570219,63.42374981413982,82.50980964732236,80.55828515569091,84.1501274541961,81.89364888650505,83.49914056107573,81.45674243613354,76.04347168914391
2023-05-02,79.79491249477218,81.27951442034154,79.63819386002989,63.92047787013566,82.54808823727473,80.57739970640174,84.17302983264149,81.90606970847386,83.49705228424739,81.52470465315064,76.1890107542392
2023-05-03,79.79741651064751,81.32349354217787,79.65670833527851,64.33323992993842,82.5937852534459,80.54887945403777,84.17652976330056,81.93453553178475,83.51934078687155,81.55270437945828,76.16407872528701
2023-05-04,79.77399224705418,81.31069670424134,79.62348455384499,64.37787661212039,82.57707737272496,80.50061428541673,84.1475912018596,81.89410225265864,83.49508335730171,81.32142866527383,75.87612267004322
2023-05-05,79.75783541953027,81.40871723245104,79.75507872317021,64.87449316746608,82.67420158183886,80.59270109156539,84.21206022347702,82.0030618923585,83.57081862330915,81.42770247472944,75.8670296436649
2023-05-08,79.68054671466206,81.38857415717868,79.74992865063696,64.86215672574926,82.65956333115797,80.58420159662647,84.18840175869161,81.99377167137646,83.56370462647673,81.41705956411403,75.87148419384036
2023-05-09,79.67544720665734,81.34918069833712,79.74141012977125,64.78773707650123,82.65011989668653,80.54671521424923,84.13532934407428,81.97644447008332,83.53759491681464,81.40476159117159,75.84858711273272
2023-05-10,79.63968610458952,81.32905028322789,79.61922773197779,64.53435791776609,82.56166464544805,80.52729544684152,84.06528812126803,81.92883933288768,83.50515649611697,81.37557043151298,75.81772241894532
2023-05-11,79.5201574339195,81.26329781926461,79.46867561099853,64.61348398685662,82.54202300949511,80.52671466716549,84.05321443232584,81.93143249959599,83.49104622480779,81.37309037087341,75.82143960618322
2023-05-12,79.51407501456242,81.22363072880957,79.45397990874264,64.6097601465215,82.52740171210462,80.51177145596887,84.04743707399321,81.91524587124859,83.48623912049261,81.36801196722885,75.80490275133657
2023-05-15,79.4857936476148,81.19612890808199,79.3787105858132,64.57503738354981,82.47316932994927,80.44946913589405,84.0103500596622,81.87533044479183,83.42707643606614,81.32900259473688,75.55063002865641
2023-05-16,79.39713110731614,81.1427778553679,79.50564850788959,65.24482129221147,82.50272365519584,80.54244551237878,84.06599920631353,81.71996690952535,83.49310626600189,81.37966755594377,75.81877590062516
2023-05-17,79.43543631261318,81.20607275430285,79.36234788511373,65.58360405648708,82.42327599139352,80.4851586244325,84.04877163728841,81.76195017332792,83.50588400317251,81.44750901125663,75.47604825821851
2023-05-18,79.35553551201423,81.16022235840454,79.11054263829011,65.67571867285453,82.41106769075671,80.41364316678036,84.0282117665596,81.64976586794523,83.47849271134714,81.29043211375858,75.37814311375908
2023-05-19,79.30099886773053,81.09479571754457,79.07607791150008,65.5809402172679,82.38810035712605,80.33354804881375,84.00188648662039,81.62607799054665,83.44040315726485,81.26644992613879,75.35262123893511
2023-05-22,79.19912416837077,81.05033912528691,78.50548220662584,65.5529962583119,82.33044283992447,80.25508910735489,83.95474210089374,81.57569333706162,83.395927482575,81.13137604373519,75.23801415229876
2023-05-23,79.28720121781035,81.08236269229685,78.60893792831827,64.56155509638329,82.37949151389776,80.336745113302,83.98502206130067,81.64019062395019,83.41207126280298,81.18972760777905,75.23435290855812
2023-05-24,79.25789122014663,81.01282638373821,78.6470510165178,64.19146705844761,82.41178502512315,80.36999040203166,83.99282996429109,81.63957111558189,83.41727136303962,81.17680214524586,75.26023063514552
2023-05-25,79.07811470199537,80.83236026519342,78.39802273551149,63.858011300087426,82.27536880421131,80.04577939700623,83.84300802044001,80.5543391923871,83.29651577463574,81.02692761589702,74.87944725818548
2023-05-26,79.08362219226352,80.83055052861026,78.39781922988138,63.841965596993454,82.27279473958063,79.92616663659683,83.82768015205163,80.41010774408072,83.2723902640479,81.02551430909665,74.77757869447092
2023-05-30,79.0772923656663,80.75933910911823,78.29605213462199,63.84886425295899,82.2438992269591,79.91084958752504,83.8107029542462,80.39904953147675,83.26377972108918,80.94150283287019,74.7630016219374
2023-05-31,78.98918982297566,80.68083207146395,78.15189803022733,63.76082991394064,82.15454814825777,79.45759800439811,83.62393685452476,80.32093277713572,83.15664523019242,80.7546944001405,74.44830978334181
2023-06-01,79.0088072656672,80.68810355399998,78.00006464533735,63.8633434547324,82.1526857483268,79.4452430405722,83.57306201024646,80.34484461900854,83.13349196945543,80.68152621024338,73.9317001811001
2023-06-02,78.70626810833733,80.94373307467562,78.41141098304885,65.29958551624279,82.38284731596501,79.74946131940142,83.71272094030134,80.17222328705553,83.25502195936429,80.9301770653805,74.25063169511054
2023-06-05,78.59876286573284,80.89369105173077,78.36803954648664,65.13286435950062,82.34014821207815,79.64537247683303,83.63708570042981,80.14381482803964,83.23099702868836,80.90172450068079,74.0401024157396
2023-06-06,78.55951513839132,80.83426656857742,78.17571735534253,65.12179880037816,82.23331247575328,79.24027198284458,83.58860267702252,80.08341670896026,83.17981208768265,80.85680971667443,73.95458538460726
2023-06-07,78.27065467251529,80.63630189446715,77.90883447732449,65.10153321030008,82.14027069563316,79.00201755222861,83.40671028177779,79.61602408834248,83.06322502775907,80.60570707782125,73.64725779430233
2023-06-08,78.2201771569922,80.52831998286484,77.88139779981387,64.74267501604609,82.0574378875037,78.98227546202496,83.35586366230838,79.56567501380634,82.9059643636396,80.49505025044994,73.62313929960746
2023-06-09,78.20912803865939,80.51041172794824,77.86050170530058,64.73446439381716,82.05154315660938,78.92196884931514,83.34396273346849,79.53644429691384,82.86363317946908,80.45503715692203,73.55270625164948
2023-06-12,78.22551089926048,80.4899211431941,77.82296490674342,64.43704476236536,81.99573192792917,78.92273918424338,83.33334151894029,79.47361821905096,82.86549287716545,80.39165418568946,73.46025428827019
2023-06-13,78.14250652229757,80.49092331557571,77.84057614867316,64.5188531196829,81.99452345306382,78.93889082435201,83.32353633889115,79.41597838213863,82.68954801397173,80.37270260588743,73.36851679824818
2023-06-14,78.08637356589061,80.44849475732573,77.55466724862758,64.4877152829576,81.94963814831507,78.66651211399385,83.27995084044711,79.23177725477281,82.65669362750026,80.2747244709612,73.27759177622556
2023-06-15,78.14461495277341,80.4032170719946,77.64569822497559,64.60431957166928,81.99370472445271,78.7255153841972,83.3197560958176,79.22421856449925,82.66316642163278,80.24303135587019,73.417961714194
2023-06-16,78.10579942369826,80.3865457750329,77.62835329702862,64.60494584364044,81.98387076692278,78.7108650107597,83.30928792258946,79.17649562297528,82.63910975892786,80.22964629434766,73.34645107159166
2023-06-20,78.10229460053209,80.14618858573134,77.68142862702335,64.8367840419044,81.99827982047233,78.65531613753029,83.32097610959975,79.18252241439399,82.65594403431784,80.2624910058979,73.45190712241737
2023-06-21,78.00093443470575,80.00190915529954,77.59906980387863,64.75427540204697,81.95081619338579,78.60337202895279,83.24238829162607,78.96044439688112,82.6071562132158,80.17864726733438,73.33761389156672
2023-06-22,77.83385688279036,79.82588073647005,77.47317117051773,64.58518392889023,81.84068154118034,78.43847516442824,83.13242554375617,78.87622028313456,82.5395175789818,79.94370262748056,73.15077225544849
2023-06-23,77.8343215193861,79.88185364721605,77.5403756154995,64.60663127062438,81.83146934993918,78.4555223459955,83.15758268833044,78.9420963273521,82.56559957724437,79.98874833519695,73.26238916992628
2023-06-26,77.63862269474829,79.66646668535748,77.44712626333325,64.47174830792815,81.75815154453332,78.23680616752739,83.05860490464688,78.76146464712555,82.45870220413236,79.6026233059973,73.12533874934942
2023-06-27,77.62688096356109,79.64444195864715,77.33793118585116,64.2536776025687,81.72050843671967,77.9185658488635,83.02359900026119,78.73752915904994,82.42194406225971,79.54987028416858,72.98602002955992
2023-06-28,77.57656164540832,79.59344856317804,77.3365548507028,64.01955999629931,81.69126573091883,77.90619762715252,83.00265609935715,78.7428362843669,82.39836366435948,79.46983180317335,72.94926875166
2023-06-29,77.36927104144088,79.53575622099,77.21323026391279,64.0658666190383,81.56592982204259,77.86822264162406,82.97627092507113,78.68027172846101,82.3815098346146,79.45978461595766,72.84051696959531
2023-06-30,77.47444514934799,79.62613213924502,77.3609620254743,64.15532834534156,81.62472494291005,77.99821090609812,83.01413036584592,78.80193602086068,82.42636646132829,79.4668829643167,73.02438974721842
2023-07-03,77.43325728730315,79.61484727296124,77.23340567276242,64.22046172643189,81.61203287641183,77.533979542773,82.97193083526827,78.70111819106712,82.40290290584468,79.43615452912174,72.97046710596658
2023-07-05,77.2401553356666,79.50198136317198,77.11587481551118,64.09396750872426,81.51388149735831,77.4136611469283,82.85442059185867,78.58843315244093,81.90626881126357,79.1888674924621,72.35706791784364
2023-07-06,77.22453166952407,79.53237959954245,77.09598509693444,64.27629422586529,81.53389299823,77.46090729505164,82.8596330972698,78.5284554258646,81.88411504592683,79.1390820330616,72.40026006156303
2023-07-07,77.23973819137022,79.50390799763365,76.85634661957948,63.275840882847035,81.45500283183554,77.33653254746714,82.7785658844232,78.51577487250432,81.67175411553359,79.10180611213934,72.38731603037371
2023-07-10,77.15317069076895,79.4654422005971,76.79807915867161,63.25789434281479,81.42048382808699,77.2368459855729,82.66303423927438,78.48559099004638,81.62337261233264,79.07572495748947,72.21429245429684
2023-07-11,77.21747172309381,79.47107173071448,76.67629106566774,63.689082299280194,81.47930764998398,77.14828920782422,82.68851811796405,78.4156979982118,81.63062535148867,79.15753353621373,72.39853571364026
2023-07-12,77.27900250724761,79.52794749224634,76.63560172857858,63.816596610467265,81.50032438976508,76.89129527957343,82.5607139870031,78.45852689744292,81.61898394860617,79.14983480693496,72.40287882857872
2023-07-13,77.33387472258131,79.56427221077499,76.67596276237181,63.64241729897293,81.50433723039734,76.82642504366125,82.5293669927249,78.47764031844495,81.57665563078267,79.17064594358902,72.43172680766835
2023-07-14,77.18054101800915,79.48173287922073,76.47166118683793,63.171501456485075,81.41322020172913,75.97470357513014,82.45679040588408,78.41760770811301,81.50574400516186,79.09453267995407,72.324305327408
2023-07-17,77.09897974108304,79.42386938373329,76.39848121257032,63.10086731296403,81.28312274784261,75.88360796479837,82.39098832686749,78.1601954126877,81.4573516850552,78.98571600202139,72.10565441627878
2023-07-18,77.06972358700543,79.36879199805676,76.30243628319155,63.13964911420549,81.16530037049822,75.74943325880196,82.34935610710478,78.11815534099519,81.41031310050337,78.68770650503852,71.7669602270625
2023-07-19,77.04399524760518,79.33685461651964,76.18224967427619,63.17246946466794,81.1402293230529,75.73621382328145,82.2771198104354,78.0161970185323,81.24579022859055,78.67771301579887,71.783454917957
2023-07-20,76.3316244228484,78.0943521966146,75.78516770966073,62.98329318715791,80.88506450968123,74.91482713786358,82.04763531466469,77.33563100637808,81.02828251404875,78.39900637687835,71.27764846979521
2023-07-21,76.19128688616487,78.03578279662638,75.71043296792261,62.837814714542354,80.81753504028843,74.73506725744471,81.9830261607681,77.30841310813739,80.98924834670042,78.33250160283495,71.1488634399321
2023-07-24,76.14308588620895,78.0301041051924,75.70766532993538,62.8293645533789,80.810671740982,74.55821235734308,81.96900318430012,77.27849879351058,80.97649519102933,78.26983593063036,70.9701964906631
2023-07-25,76.084693209634,77.96451526334128,75.64666570029848,62.70568804047526,80.61995289361485,74.48720552488273,81.87622383261727,77.13263106941771,80.6004873023555,78.16109318871953,70.912593669811
2023-07-26,75.89144507391254,77.82406638623381,75.59238760543565,62.660359067694785,80.51784885865919,74.42266345005449,81.7799844257855,76.7759199662997,80.56109107602329,78.1052405291466,70.86259149629029
2023-07-27,74.95223781815744,77.75944306434783,75.66845795005531,62.819732600445825,80.53776408850386,74.48760282720193,81.7794556330421,76.61789100443981,80.54808451717868,78.08208170854736,70.99092970769448
2023-07-28,74.98224108734003,77.70524907980845,75.64687888836859,62.808255109539964,80.50068177554242,74.4638412648359,81.80178388363893,76.69079042328048,80.56730475519416,77.8379588644234,70.88373459487099
2023-07-31,74.9097453045539,77.68270433340093,75.46979530653958,62.699229748832586,80.47176572865405,74.1152285400793,81.77005312198564,76.6601266931841,80.53193481104458,77.77923630058999,70.82621719687864
2023-08-01,74.92774694179184,77.67841169867116,75.51780344908391,62.80018355736697,80.4525985288441,74.16152409986509,81.71516323744466,76.63355549336941,80.55989656234257,77.7523218888047,70.8787482185958
2023-08-02,75.14654312753119,77.85544544646706,75.09660761139514,63.253500546650024,80.5120449489949,73.9465095181179,81.77588896307772,76.7413168400316,80.62636338043845,77.71479618617654,70.73758108432436
2023-08-03,75.08093588568536,77.70749494899883,75.04220871778372,62.839598269344364,80.44093395804637,73.95055063259173,81.7569137175536,76.70874140960554,80.59921220477611,77.68820786038528,70.38695111940717
2023-08-04,74.98054876023154,76.98053048346779,75.01707442819968,62.806107462048516,80.41395097508872,73.9295986386009,81.71120202766846,76.567303839189,80.55241356485008,77.65422265495205,70.3741011447462
2023-08-07,75.24734611058645,77.11430855381587,75.27653809602705,62.46644273800778,80.5136307009247,74.20970587457421,81.82902933162714,76.6128540528923,80.60397632030251,77.8649351991447,70.34630719022873
2023-08-08,75.17418469246314,77.0920729038418,75.13631466357909,62.39081614783978,80.43430850321403,73.72169539257784,81.79242557717711,76.58822321386052,80.48512056588575,77.81006865942797,70.06965850996058
2023-08-09,75.1559393505988,77.05121020739773,75.09766029467013,61.836459685863254,80.38413719044665,73.70346684633783,81.73654421867295,76.53301965255702,80.44382371681324,77.73249021869917,70.02761210291436
2023-08-10,75.12980267724006,77.03696364916873,75.08038833251862,61.84458860981044,80.37603644409873,73.70055660952248,81.73345447613289,76.52660761460619,80.43977672746648,77.72957964678827,70.03106732309317
2023-08-11,75.05893778033519,76.99478179894322,75.05015067041865,61.675415222039625,80.3488287988112,73.60756297242474,81.71157480799151,76.43242598470302,80.39213301078667,77.7051290892597,69.98283045120772
2023-08-14,74.96267596852297,76.94049490110575,74.8591798163042,61.57201654799954,80.29453202311241,73.52888011006549,81.66910820025774,76.2152171459719,80.34942420728231,77.6327841756978,69.79517061007705
2023-08-15,75.22962588280518,77.25503785882097,75.34540188296181,62.505922239368374,80.55418316451055,73.60626329398208,81.86204932372382,76.46418496319106,80.61279438876811,77.86895329136154,70.40362717288173
2023-08-16,75.36897613264375,77.38013783530607,75.33480377397329,62.778786755006635,80.51148894806657,73.75905366073209,81.88266076952172,76.5520126826895,80.6297225554459,77.91557672726721,69.90780906672948
2023-08-17,75.45422378197289,77.44067305207474,75.35700311499951,61.88237531951837,80.47949761447376,73.85313184768283,81.88926935032681,76.60660819261788,80.49566483448474,77.94940047221505,69.88150438569348
2023-08-18,75.36910609892432,77.4146542223797,75.3221492208122,61.74822455996203,80.46666200277194,73.83258197974929,81.87767632639773,76.58872585893685,80.48201191182787,77.93262856486315,69.84048305086681
2023-08-21,75.28658830885472,77.28596879673206,75.12111290142224,61.692406161527735,80.41571350001583,73.76309665919631,81.82836444505045,76.29390809697038,80.43278797608076,77.82432213378743,69.76519103216577
2023-08-22,75.27531509045188,77.26220311385158,75.08515794901855,61.7018173225612,80.36262765183344,73.75755828690728,81.81361429542105,76.29438898989794,80.39652174391551,77.78647858955495,69.62744708614765
2023-08-23,75.3739837749183,77.26585206055445,75.18446701776956,61.447815359628066,80.41143868421925,73.76165993089396,81.84874433044082,76.37687907523471,80.32036697842383,77.85097190178693,69.66178160538695
2023-08-24,75.53610149796981,77.36608484815305,75.36270870224077,61.567688372733485,80.33201012646755,73.94237402668792,81.92811093353122,76.53582129917643,80.29890360012347,77.77166251846889,69.78615811785619
2023-08-25,75.47612173667437,77.37128606528596,75.41611146049027,61.60069084141246,80.31730444516796,73.9879830572251,81.94795374000374,76.57346262068431,80.28690375306901,77.7628699315668,69.870596679234
2023-08-28,75.6112065551495,77.3755393036654,75.52430357155698,61.81771208631182,80.37354157652014,74.04333199707929,81.98870021154033,76.64045387371549,80.34823666288932,77.84786694342193,69.81295936129119
2023-08-29,75.93108940406914,77.63988465518233,75.60797539750727,61.64761449129835,80.48531972584131,74.35583450960306,82.04085575323036,76.88909016892045,80.4848510705386,78.04251506574204,69.92433632735296
2023-08-30,75.87654252278278,77.63203241953818,75.58520159010966,61.64908224492172,80.46092040970706,74.32504507923795,82.03236505104321,76.84667693029147,80.47580483767673,78.03356637276951,69.88613890892988
2023-08-31,75.84742939320483,77.57466110726958,75.60845384823637,61.56743696629234,80.45875650980729,74.22536109375179,82.03277796534057,76.75348085815048,80.45732887295713,78.04958346872719,69.95202136668955
2023-09-01,75.5524880190437,77.4292677894405,75.28213145471692,61.182099826448635,80.28146094822102,74.09112386721236,81.95164896608959,76.65873265129153,80.25190097903966,77.96262756530824,69.82791104180899
2023-09-05,75.3875582084791,77.34933549424872,75.53506040398366,60.49366551996575,80.33560716140165,74.38742106814658,81.93267083519471,76.37443675593259,80.35248486930696,78.07650663348878,70.25828845642805
2023-09-06,75.40479619941608,77.37704594563895,75.45503016786769,60.46717489743173,80.32815714440773,74.3865129149976,81.91766593466448,76.37261588822982,80.33382936848625,78.04885263598446,70.13612558739503
2023-09-07,75.33608249564067,77.28669931938062,75.3794268036635,60.39214770596538,80.2748310572812,74.29305981033993,81.8444198455915,76.05704634855923,80.25524484256454,77.8795284699382,69.8097279304265
2023-09-08,75.30603426933457,77.26872857881509,75.35123933243206,60.3374712212888,80.25943571235834,74.24714705210474,81.76880958270318,76.043383861442,80.237725566767,77.80957638723697,69.59719311013852
2023-09-11,75.34902850137671,77.08507083957555,75.40887477199703,59.483092313355506,80.24034139787459,74.32687797967725,81.69170531714252,75.96742614431041,80.2199768648022,77.69505114261389,69.58974546356782
2023-09-12,75.29031997227032,77.03619422682664,75.29941021041414,58.58373645488492,80.05468085854235,74.26168314220706,81.6184062524006,75.81122455098188,80.14434400238198,77.60578462641695,69.41161180881973
2023-09-13,75.21679234584299,76.91242897631798,75.2293552561619,58.44845251248685,80.00011726511144,74.20151466892217,81.53030860928884,75.76567278598482,80.0774114289824,77.45881938494247,69.09815078774822
2023-09-14,75.5138148851391,77.0824271308763,75.60598605065121,59.12628974743107,80.15781108257086,74.23789275542724,81.69233143305003,75.87993488445143,80.31205681271582,77.78957152429247,69.54687757570345
2023-09-15,75.7421347889477,77.26567188677174,75.89454490620254,59.729010838364964,80.20990106274269,74.49921867527632,81.76381221392417,76.13965343352498,80.50328670651335,77.757601309238,69.7565279028313
2023-09-18,75.67230651512934,77.17451123969235,75.87431947164879,59.642512238608646,80.14128390573846,74.47709534348728,81.73206703253288,76.065693682946,80.4666668208077,77.70803027577645,69.73651658338173
2023-09-19,75.65293083776503,77.16171302779385,75.86456294072809,59.64565732148881,80.10838247800339,74.42902979618,81.72749255355036,76.05980880533963,80.45210158368127,77.69811894658405,69.70850001682241
2023-09-20,75.6971875000696,77.19822222167953,75.73977959530012,59.82489681752409,80.12953606781505,74.3625800396841,81.71951870544972,76.08463926106057,80.46061774529748,77.5791589517855,69.6050539593156
2023-09-21,75.91305814399996,77.77933601612678,76.28608778508587,60.84914708592468,80.51545638555572,74.80100207362358,82.01514722370388,76.4114989278815,80.81386099298268,78.20800249715467,70.02973285504156
2023-09-22,75.86457299011893,77.77332504206154,76.21956931512683,60.618017556906665,80.51164835245105,74.78982943492649,81.99086508302258,76.32620540823457,80.76254383953307,78.21136142354423,69.99724477840148
2023-09-25,75.82766247452251,77.76486991106879,76.04036900155536,60.590116054971006,80.49207677044954,74.73628004349521,81.96624826151395,76.3024343570259,80.7204113351381,78.13823008051386,69.93064043103283
2023-09-26,76.10310683735332,78.13130356452874,76.32154967146973,60.82432531158409,80.72155147552405,75.12367216507695,82.20743114447367,76.7220292481359,80.97474698141184,78.48964474865225,70.78435393521515
2023-09-27,75.99728430768008,78.06736093677539,76.19805972306294,60.387986795405354,80.66213259451794,75.04014126340736,82.01238783710961,76.65351598401261,80.90042049454709,78.41671268065203,70.03907293686169
2023-09-28,76.0966905909945,78.1460195991658,76.18327281830344,60.23727916772709,80.66494517434266,75.05971972955916,82.00519755564422,76.69986462653739,80.92571548957332,78.38468998529775,68.3135203900769
2023-09-29,76.03185120366956,77.99387878670707,76.06495279032805,59.812032337587006,80.51839601493678,74.93883016811742,81.89977266970487,76.52606258043394,80.842909312812,78.1579071137532,67.95971108573491
2023-10-02,75.6232263840544,77.82339732947418,76.02260266789092,60.50438854351598,80.53357560681563,74.59358602809195,81.88582428904985,75.97064476608584,80.85813981314959,78.15679995875608,67.10334076552674
2023-10-03,75.690774629865,77.89570580064844,75.86699521072227,60.34020695359402,80.54988965155209,74.594135783191,81.8371694820759,76.0911872546107,80.76074739091847,78.01972303874544,65.2755134662391
2023-10-04,75.65712019075991,77.85220297016406,75.88069829430728,57.85651412330158,80.45942472284187,74.51623929264711,81.75398830008318,76.09856782627433,80.61990574808155,77.97924964716843,65.1616805811331
2023-10-05,75.54396673118168,77.76115757932465,74.89492038320304,57.77820092791431,80.23762235486215,73.89185222577422,81.62325172283093,75.94075952595803,80.48791563149379,77.64868890032155,64.92223675286472
2023-10-06,75.79617851514755,77.84266897769668,73.91230931457267,57.673717956682246,80.30817351691347,74.15094040895207,81.70208789407276,76.1779308732597,80.60930882806605,77.70577829725346,65.30708578903689
2023-10-09,75.80902883786025,77.7209461883308,73.77157332094365,57.230159157608576,80.17458489933846,74.05841473089333,81.54829684584607,76.11896916704531,80.46303951611634,77.739504075476,65.36689059755825
2023-10-10,75.80977638463347,77.85221243512603,73.98082731614524,57.19858138377157,80.26642540506312,74.18909560218952,81.58409037170384,76.04069848180148,80.52044483675641,77.80369368557014,65.63099223120163
2023-10-11,75.78793141864502,77.78896743686683,73.34299493911843,56.45093312158857,80.17144641413229,73.761475152462,81.5020586849968,76.0191134087625,80.44709139269992,77.57719470232708,65.23862085951691
2023-10-12,76.13020086499903,78.00276024787327,73.93320123989808,55.90075963201784,80.29173534836183,74.19922980196503,81.67192587365422,76.01729502762822,80.680324101218,77.9250638900231,66.2250882618203
2023-10-13,75.8791550717428,77.7952515534825,73.41573316573121,55.25224901359805,80.11161303974816,73.82762252106598,81.39632542611695,75.71429922558707,80.51818305607993,77.73578158314969,65.93448831459797
2023-10-16,76.13628740519395,78.01377001058025,73.84284076606737,55.38424048156735,80.23079526777187,74.04912470980734,81.52604580905175,75.88166692689799,80.64091860028535,77.90567212994114,66.07714406822218
2023-10-17,76.12920448994426,78.00236098339899,73.77423929818411,55.37830389936154,80.22195698290872,73.96629599270086,81.50586342481904,75.76479790578911,80.56398930271497,77.71786260669745,65.9610792361332
2023-10-18,76.38818159217496,78.22775506744505,72.63191047717068,53.215091545607514,80.32192606748038,74.16317631829155,81.50029957486926,75.75074676610674,80.61644028822033,77.93461099932601,65.9219186494998
2023-10-19,76.29446208878538,78.59182260465776,72.98804628264459,53.00467086833277,80.53297132487819,74.55673814770469,81.5506207920747,75.72690641057294,80.76456852334569,78.3469831862858,66.44637519509465
2023-10-20,76.49921582107395,78.81252133199519,73.1654134144135,53.77384138973385,80.70613444653843,74.64885696807116,81.66410801029224,76.02761657061669,80.8917202719501,78.38049928864696,66.74604728214479
2023-10-23,76.29779614576108,78.71427420886023,73.11952179886863,53.94434027223879,80.68363202360325,74.65400689139369,81.64377346387731,75.94293971358603,80.83200409547072,78.38844449541621,66.77213292148656
2023-10-24,76.50951658767,78.85495920847167,73.46632545570942,52.18780696424255,80.77897188271817,74.77593223458214,81.7249867236803,76.06849288429255,80.96437489566557,78.60594992158336,67.39817249773701
2023-10-25,76.02447922679669,78.83224351876804,72.51502077777027,51.713889315354216,80.62619301419463,74.88535619745228,81.72789295781209,76.03007667879946,80.92497046369522,78.54650595165812,66.44508420705856
2023-10-26,75.61303001718322,78.64747588792241,72.24751213740699,51.68167890440283,80.48776541794817,74.61205430955592,81.55042322062296,75.68694931184626,80.36662994546677,77.15989926974976,65.86783073738493
2023-10-27,75.48982222947463,78.17354712440951,72.63679503516062,53.161009927380306,80.47863625155134,74.68777142746481,81.58164722563446,75.46444712894517,79.98592400048065,77.3647303994928,66.73001699381372
2023-10-30,75.83103967027111,78.07983640715233,72.8454222647956,53.36965663262857,80.60312266405093,74.96796040208571,81.7012101044682,75.50549514283773,80.08390098207373,77.07130235363755,67.24985776229519
2023-10-31,75.96672231460991,78.31549220075303,73.0790425802442,53.589428193208164,80.79002681657568,75.2573896679137,81.81602610856974,75.747186280896,80.15456193021495,77.47851001539865,67.5512876593781
2023-11-01,76.04467301940615,78.43391864470277,73.07955890542291,53.26978619505336,80.84338017822637,75.30352549415572,81.82501660885697,75.87571543854023,80.10854975406113,77.60122896718472,67.75796607004419
2023-11-02,76.2284200005592,79.01784671143616,73.98276532497498,56.35424783510206,81.36796892067257,76.19042999192754,82.25714395441935,76.26180490049342,80.58601834776204,78.3959014321994,68.69183999375456
2023-11-03,76.38239237465204,79.10570881598397,73.95995691431688,54.47226205826636,81.42262232455006,76.26049351929625,82.2676772402582,76.35882610738668,80.64043218876454,78.57780891765523,68.69638195867638
2023-11-06,76.3464793305608,79.06279634855134,73.75054979958834,54.19436715117794,81.37289587751704,76.03735025414802,82.22587283122795,76.31699965856015,80.60541891094267,78.36526863448604,68.62375466244589
2023-11-07,76.16932074859308,78.76134908248572,73.52180071713775,53.92087360728114,81.25711471513924,75.91376288103966,82.1096682851055,75.94498206108041,80.13421742630405,78.18373142163748,68.52611386597248
2023-11-08,76.12652969531959,78.70047687477324,73.46638117882439,53.556384205366626,81.22784723766918,75.87418083821153,82.07365517309712,75.82203950796492,80.09602734634719,78.11330378812042,68.24892776806203
2023-11-09,75.94600893156499,78.66247518326806,73.25041211247233,53.4083394510668,81.15888143453046,75.47893953314288,81.98102312162162,75.83979397624894,80.09877763918345,78.17068953076686,68.34285094105127
2023-11-10,76.29254917324405,78.93644726226172,73.6257058228039,54.21455811141736,81.30880309977033,75.92799994760252,82.15307032279881,76.18722925218069,80.28972090273626,78.3864614350073,68.64242385756691
2023-11-13,76.25416332397991,78.88514222717768,73.47113644623481,54.008737527120466,81.24936687117713,75.74408174101269,82.11732771207605,76.12272361863658,80.24999082624123,78.16783854563846,68.37756378678279
2023-11-14,76.6307937585362,79.63689197642854,74.19548218383024,54.30109207448043,81.71310881915038,75.91690261814637,82.51781824701709,76.91220784670685,80.91514420311994,78.8980778141572,70.81439181174731
2023-11-15,76.60198300649633,79.5012837101738,74.01092628993175,54.21529382258287,81.66003723317745,75.8925215714906,82.49112403006023,76.76182704752574,80.8915327440364,78.9234142771343,70.74306890432739
2023-11-16,76.52073575335753,79.33065960257542,73.39558764766527,53.51308781684756,81.56618007425743,75.70574743437601,82.43101426770092,76.69112124254929,80.81881293930299,78.86525938810847,70.58210315451252
2023-11-17,76.48957101742661,79.32398256905525,73.3510454900137,53.63858128640479,81.50415797223914,75.59741050428667,82.3997652580096,76.58668680403912,80.78554907904412,78.82491739336098,70.56351839155954
2023-11-20,76.47368681633195,79.30121838159586,73.20440974853915,53.61221828666559,81.48266634778683,75.58686243146138,82.37980374129762,76.5449762856774,80.74518147237504,78.81584852725798,70.46215806327402
2023-11-21,76.4152362112487,79.25901063092186,73.12011900056365,53.527660628911576,81.45607663361827,75.45140384638582,82.35238071965713,76.43620474192457,80.70579775076487,78.7717072680976,70.43224981904967
2023-11-22,76.45863318051741,79.24303046513842,73.1400231142705,53.50505871012738,81.47093766272644,75.44805170177477,82.35614954521328,76.46816721004254,80.700800564876,78.77296419775898,70.48439681605677
2023-11-24,76.39628496944059,79.23803828240864,73.15511223654268,53.57587452004468,81.47270088934883,75.45158583823513,82.35689211087316,76.41869558987338,80.7066019027279,78.78491571503346,70.47823188242091
2023-11-27,76.36918549441961,79.20694553192251,73.14433288779439,53.583920589002965,81.46295028367204,75.4170029309755,82.34229653967591,76.39470133657719,80.6900273801397,78.71653109744449,70.41909815948897
2023-11-28,76.35068970724575,79.16928880155577,73.03894998564115,53.56641179345309,81.43512636428088,75.27541727628736,82.29431308846266,76.37232316740824,80.67392489955803,78.66741787586929,70.37636967780439
2023-11-29,76.20975126411743,79.12415107909351,72.737743761007,53.44649067283614,81.34777211380539,75.2102669734942,82.22642666580555,76.32275774570743,80.59754569334252,78.54553236817348,70.23609440728305
2023-11-30,75.78084024904476,78.86420199821697,72.820067674507,53.535553187947,81.30171991325415,75.18279473806952,82.21586932544815,76.12182784196469,80.60281463151651,78.55408453658244,70.28782410560783
2023-12-01,75.76501466398808,79.04743455674716,73.06985570102586,53.843692123964104,81.3594556746483,75.27332190706974,82.20441147891884,76.05582139365013,80.70763666984858,78.77119601556097,70.64623097866348
2023-12-04,75.714714958763,78.99114620835944,72.99044080932126,53.83195208903382,81.30683825207848,75.14206078090609,82.14504304232622,75.87039689736456,80.57737754576041,78.62973504609316,70.61814205314276
2023-12-05,75.6638582847046,78.82804315450629,73.04374718797135,54.167180152377895,81.2916942370783,75.0777521099455,82.13845767908579,75.64042340407389,80.47803481390916,78.57999847333328,70.65597016026115
2023-12-06,75.6358556925469,78.75876892021384,72.99756342041984,53.82060466177508,81.2318318062261,75.02810072942336,82.05463308186225,75.59077202363508,80.4348193595938,78.56291757241006,70.2292672540092
2023-12-07,75.31164166473181,78.6950681340501,72.96566114817101,53.61947758102951,81.20504050328398,74.87700756360972,81.98237476828969,75.54460682919417,80.36995445431705,78.45994652037729,70.12172028373885
2023-12-08,75.28139960529326,78.68466942393883,72.65942266446574,53.76096278635725,81.19726392332825,74.86872867852786,81.97817784942457,75.52419839917495,80.35858631273989,78.41373516514632,70.07328312366046
2023-12-11,74.84674512754475,78.61406513415359,72.65595361609826,53.538145386452726,81.16971560976205,74.89540990636294,81.95627171570217,75.48185881912941,80.34756027684925,78.38450054801145,70.10946992187212
2023-12-12,74.89322969523796,78.61197247382368,72.70591468542409,53.074470333894865,81.16388608655667,74.91230189077939,81.9264783199466,75.5137469975097,80.33375691659703,78.27990469594543,69.94848876059085
2023-12-13,75.16244129009809,78.8111556754615,73.7628936070167,54.43726234684263,81.43261114147984,75.74128316156995,82.01168277244116,75.61422069434697,80.51582304696907,78.85137214022157,71.42548010133619
2023-12-14,75.00381588849947,78.71461867890503,71.78652115075452,54.68278395013123,81.23800489366646,74.994303066968,81.7436951047986,75.24714585899828,80.2546725828313,78.37967130700895,69.86600865271943
2023-12-15,75.03702238036608,78.70861268328643,71.7259162997622,54.94071925955334,81.27833250254315,74.89883206410639,81.76539942153805,75.19365336473403,80.28247645254505,78.42989206861657,69.99513256634772
2023-12-18,75.03102693996192,78.65572286595922,71.55950543010354,54.90007546269603,81.27099667891294,74.898241576322,81.70923114585031,75.14562183136316,80.25013920399526,78.33345204053653,69.91943574346585
2023-12-19,75.1082472087041,78.73190359457196,71.65354960880742,55.27085013334714,81.32613468343864,75.0432454193896,81.7772919551755,75.16276308769574,80.32667933827895,78.39429082496164,70.02183607264304
2023-12-20,75.33239545657594,79.11831510771779,72.77412544762174,55.959688194415975,81.68560879701947,75.81768478721312,82.11164050254699,75.66750376879591,80.66958765801394,78.679174804585,71.03705967583073
2023-12-21,75.45855714143876,79.20168854169971,72.97424491896902,55.86897100809607,81.77240489803239,75.9880402279207,82.2153653434855,75.81045537107732,80.76220928931666,78.6587072005648,71.09135780661157
2023-12-22,75.41153902809234,78.97631334416965,72.90159591468236,55.92637482317491,81.7474912534306,75.97866482120936,82.20093027405476,75.77724230626526,80.74417859237074,78.66080343367122,71.08862429636987
2023-12-26,75.43633400675868,78.99392555699193,72.99699154855583,56.1556600263448,81.7722493253768,75.99511087699854,82.21480323828627,75.80471318291771,80.76284266348763,78.71557233432219,71.18334042239997
2023-12-27,75.41335806183172,78.98975714670631,72.98657765153324,56.04799205604818,81.76785668036503,75.9860045097795,82.20768195994545,75.77172335895742,80.75694123395961,78.71895669168761,71.16612726326494
2023-12-28,75.39107891195673,78.92556429310136,72.96328012612686,55.60195724332554,81.73903143021371,75.9511729265902,82.18386423593518,75.754632119416,80.70524812974747,78.67963870701494,71.10710374915199
2023-12-29,75.41526108859522,78.9302621298958,72.78004428878054,55.62270555247988,81.74070591875693,75.911506402947,82.17793293414333,75.7712684433913,80.7042018785407,78.6494256946229,71.10446532003411
2024-01-02,75.06930901869268,78.60414862060333,72.29069786246916,55.249572901284154,81.51943894945734,74.82857020331488,81.74914703932592,74.58046343015683,80.48958279292835,78.40239558948831,70.79283398674542
2024-01-03,74.93822976694975,78.58994427077481,72.3114473367572,53.90522379480572,81.5125861395649,74.71762143342937,81.70674851271876,74.58863486949788,80.4776164912172,78.3099033727723,70.59341245180798
2024-01-04,74.9248068681745,78.58209393954775,72.32132724521904,53.90965416267943,81.35020719452136,74.56477473150508,81.62159604606403,74.60913972893609,80.46505043465196,78.31276934099562,70.61431375614828
2024-01-05,74.87206348146259,78.56681594798076,72.28689404934657,53.89471174258462,81.28816861450404,74.52842952092264,81.60597682719607,74.58357964086586,80.44397293717368,78.28836778859484,70.5950436301736
2024-01-08,75.0046837409145,78.65662031330136,72.45671459055828,52.64855628325137,81.26780286863071,74.69863122787068,81.60730864085623,74.70348895995052,80.40645677532393,78.39647986177633,70.68554239077685
2024-01-09,74.99944613771572,78.64980743804826,72.14535955558287,52.676369180316186,81.2142170378925,74.65143030378954,81.58779537032873,74.59934893965577,80.34043293136361,78.37779986051629,70.72605270411026
2024-01-10,74.99731844774996,78.59810966719921,72.04085338526258,52.444503443477885,81.19476479054234,74.62849379898942,81.56700762281933,74.57053522280981,80.2870777599948,78.34990485574777,70.67106743282292
2024-01-11,75.01787241900526,78.58167875762129,71.94494181142349,52.15566559916462,81.1847890569421,74.60189987892198,81.55614257561876,74.42800943861464,80.26050950220704,78.3229725056941,70.29806234752786
2024-01-12,74.97566378990602,78.36171157331562,71.8930437522227,51.90248703861616,81.14615485129113,74.50429870138898,81.51858246286272,74.35886169131204,80.2262666108284,78.21545385654608,70.25219483825265
2024-01-16,75.058313224174,78.30192569459444,72.03085819638301,52.83554959026837,81.17299040725094,74.62723194995687,81.56426459256716,74.20082824599943,80.27531573996356,78.19103392290792,70.42979643783528
2024-01-17,75.11596755987156,78.37243041221795,71.88352548220512,53.04218059098182,81.14982484142566,74.61517455976794,81.58358440111544,74.2884118443468,80.307219561682,78.30293730534046,70.58536072788142
2024-01-18,75.01395356429309,78.24598387426141,71.73068273979472,52.78708112617221,81.02249654796256,74.44331509538362,81.30931709227931,73.95747163607821,80.19975434194963,78.02703904444326,69.93944378432253
2024-01-19,74.96566824931905,78.20154410615659,71.0500575881443,52.89877196240005,80.82669949834366,74.21316340548913,81.23582917977885,73.77031206247707,80.05728388997599,78.00987132664272,69.81956302940736
2024-01-22,74.93305520448469,78.12222944730298,70.9153793061536,52.90229647732578,80.8007371408092,74.18662640184371,81.20012720896354,73.7508781887516,80.04153853724961,77.99238267836274,69.6929299920783
2024-01-23,74.81873949231284,78.02007630941422,70.50750687341555,52.87447455845339,80.76164158250288,74.07035705472356,81.12950309390584,73.7082007105487,80.0052313980092,77.88496616596032,69.62578054407602
2024-01-24,74.51045669512781,77.94454018966557,70.45935997335866,51.4186709658592,80.50888666312453,74.02630941928075,81.07380345841572,73.36231622410172,79.89364834480409,77.79894672183956,69.71078848043689
2024-01-25,74.39362837544915,77.42568652523083,70.39726314303536,51.6883555410168,80.4291796069197,73.464259267695,81.06925318476738,73.21440633402693,79.89355518038919,77.71912049140728,69.71505951432115
2024-01-26,74.3031747052516,77.3774814494911,70.35029591383652,51.714293162702425,80.39144287366251,73.38786192656129,81.02485250347532,72.67283691535381,79.85330175286737,77.61949816257751,69.68596862543501
2024-01-29,74.35162106010824,77.40343051661108,70.51177156882757,51.25979812841437,80.35561092233084,73.47877101965919,81.0533197322429,72.79971943531596,79.87143477519449,77.67101768337298,69.72622122371806
2024-01-30,74.15312622673807,77.30976968402835,70.38719397058614,51.30768489386575,80.13451874899144,73.389234236545,80.97226421727527,72.57454183936886,79.77669131619291,77.34683148746738,69.65692076258027
2024-01-31,74.77572396901833,77.6707186342918,70.88916684176698,53.28112942457083,80.5946517298808,73.45138642077535,81.27323700543876,73.22955483619728,80.12555878717068,77.62653282827196,69.9470457436647
2024-02-01,75.21507737813593,78.07239927052457,71.80588656887308,53.127548645614056,80.40698010307767,74.04538676633615,81.56143609997083,73.69118720763153,80.41378376273722,77.8635907123689,70.85765162605344
2024-02-02,73.41049347488907,77.8117279218099,71.45544857100147,53.111357566814135,80.22206394842284,73.81639036591295,81.2972378575087,73.33538740357282,80.10657387899792,77.18706384149645,70.38172302748661
2024-02-05,74.07483160778483,78.11081787728762,71.85802552296666,53.72371502796986,80.35013823110427,73.50548468748474,81.36337322601933,73.16648553151359,80.1720378369652,77.50622820652997,71.19601283000496
2024-02-06,73.8121669779381,78.02610097392436,71.70700098845617,53.66434731554369,80.27090454713527,73.46080687254258,81.33578621828008,72.81218135232506,80.05267462020393,77.44791263267281,70.96275282509396
2024-02-07,73.74733907067036,78.04806012131714,71.51324202548477,53.73137351406832,80.30102604669432,73.44681024672231,81.32177479777772,72.85844098249356,80.06313293842331,77.42393454426482,70.96156857661401
2024-02-08,73.69405080596154,77.99821273521276,71.51888803470335,53.33052816215586,80.20990469741788,73.43507730277777,81.301005253691,72.83259053819681,80.04320700148331,77.38109621516828,70.96765790877083
2024-02-09,73.57405030795921,77.92511863457308,70.98449158717516,52.842886290542566,80.15900875060113,73.35523699155644,81.25833768569598,72.66668382559897,79.99272833945508,77.32202903279607,70.76301207820467
2024-02-12,73.49522636329402,77.85986804258232,70.87100957491393,52.76470786394804,80.10862486205323,73.28500056391448,81.1795827385527,72.41857663351682,79.90568892358617,77.15011923933768,70.5227943182677
2024-02-13,74.00027711126954,78.23457730670803,71.51583116973072,53.63909585767401,80.4530373181098,73.8960791653986,81.37167695414458,73.00497447098168,80.16661588585157,77.58129668580011,71.23180614408139
2024-02-14,74.1609202669194,78.27983929661136,70.93292031019485,53.39169002774905,80.42272466511275,74.07711957992761,81.3692389701215,73.11333291816716,80.1703437682131,77.58122938388146,71.33571425717969
2024-02-15,74.15532644548452,78.27914640815956,70.9310525484758,54.9195786597972,80.52360315883749,74.08288615479498,81.28311656066013,72.50599606588848,80.21273963559867,77.72278437165575,71.58639075610455
2024-02-16,74.03063486879213,78.21721380008107,70.75257951842318,54.86300289231151,80.48029243308419,73.839720043922,81.24677461345266,72.46276449195378,80.02938121288331,77.6082644889243,71.54134350983367
2024-02-20,73.99653178720503,78.15791466147529,69.988702807636,55.07645268055093,80.46138338546477,73.78545796123517,81.22470006210862,72.43191215023958,80.00861636301003,77.58580465439323,71.46137736910046
2024-02-21,73.84753987948596,78.19416838099514,70.26255179471306,55.379677276728124,80.45138258846912,73.83654921740892,81.25851796163298,72.02704513451782,80.05200133384278,77.64809069576114,71.69959297123081
2024-02-22,74.0024607153365,78.32955446478285,70.18069168296438,55.385612988341734,80.54940978313675,74.05283721778288,81.28097777000357,72.23819358288051,80.11476510334245,77.52290192080022,71.00891284933527
2024-02-23,73.93697437061059,78.27366687867134,70.13307600847594,54.96057034644219,80.52778470519327,73.98346337062638,81.24629504362818,72.21658344821383,80.07442972823253,77.42902663449799,70.86033067951465
2024-02-26,73.99838702728874,78.13170387963329,70.23479378827021,54.637952715867534,80.55338630209233,74.11595256578282,81.22548243286622,72.07028759869634,80.09515485551168,77.47563323536593,70.90479242409134
2024-02-27,73.94758283669618,78.09283239100213,70.07428162482978,54.623013380982485,80.51860329819824,73.97496528253428,81.17604619092417,72.01783963391433,80.04853416184203,77.38468661019905,70.19577050801097
2024-02-28,73.81682828056157,78.03907372699577,70.00707497608441,54.502845412338914,80.47504589936376,73.67488138569215,81.11705840186544,71.90858947225412,79.98509988630992,77.193948635966,70.11269727395552
2024-02-29,73.76656066595375,78.01430476179638,69.9120808120665,54.476865652104316,80.40467605595236,73.21684102543729,81.08365270229878,71.89658434829028,79.9422201159137,77.14167420965305,70.07727724353842
2024-03-01,73.7589891111629,77.92287452423388,69.77018010329374,54.6126216497923,80.17028418097446,73.07862016601842,81.05092579116332,71.88819875847973,79.9244439528583,77.12320540154525,69.88819279189906
2024-03-04,73.15111969234982,77.52623615452603,69.58047590307785,54.191362165816486,80.02897507125952,72.89666002344538,80.9109488072636,71.713178768003,79.7533755618327,76.73521683195182,69.0790369307895
2024-03-05,73.18445714809046,77.50483392776314,69.27095724545354,53.20244873942898,79.91622997596524,73.03687088955688,80.94168499196786,71.79780011864247,79.77143700283051,76.8333648471048,68.98774131353558
2024-03-06,73.1982231129,77.33545138152641,69.61666100897882,53.076116050000884,79.90193371518629,73.2273711278616,81.00627141139547,71.94898272302473,79.82838730580734,76.8614312463478,69.26180431618869
2024-03-07,73.31937727480826,77.39659201780279,69.84340690565584,53.456662002595344,79.63795071299103,73.3215404830428,81.0272797221813,72.02726440475764,79.87924919912524,76.71512711048497,69.38507006831449
2024-03-08,73.30467509397545,77.35547139150802,69.65911678661067,53.22411200461477,79.54740666558688,73.28384465663275,80.99434404614699,71.94069577484798,79.83653980749665,76.29373880742313,69.00938260368645
2024-03-11,73.25190402139062,77.2899931672764,69.47506608003404,53.05404588352472,79.49206297380364,73.19844947835887,80.83532171810756,71.84010119973685,79.64886939211578,76.23662806029208,68.92330620586534
2024-03-12,73.29558094674606,77.32026468844914,69.56952427710962,52.90763925212225,79.48467493022274,73.24966027806673,80.82987837832019,71.77354218457327,79.59126272850845,76.09202680446138,68.32468934003714
2024-03-13,73.21222214121757,77.2418659390349,69.4817661574799,52.859102417303845,79.38735924623214,72.9865947355906,80.76302423107158,71.47319400773814,79.42189276928644,75.79735375759229,68.22449459922723
2024-03-14,73.21778036270213,77.28865052059116,69.6277979692681,52.07284685352578,79.4464854229507,73.08858317903908,80.78812716035402,71.45458982279773,79.4196586486117,75.87688623080231,68.31970725982464
2024-03-15,73.22798627374883,77.34832701305591,69.67578633129328,51.77469443961857,79.4464375600144,73.12868740155535,80.75500538016142,71.47406968455277,79.38873431892002,75.88608300937837,68.22153894418946
2024-03-18,73.03141416566193,77.34934284392136,69.75732268288172,51.85156587036125,79.42282528804334,73.04808632360852,80.7240348030252,71.39383717310726,79.35770515246695,75.83617416475676,68.29413507666767
2024-03-19,72.92486297710235,77.37925734587841,69.89379754457453,52.216653075635215,79.4565909293485,73.16341071351907,80.73304259992575,71.40778848915645,79.34258030487682,75.79814508480042,68.40753614185606
2024-03-20,72.95603402513242,77.37912797829841,69.83055379926739,52.023706752323434,79.45709163609064,72.7463674474903,80.64926353128882,71.463200005272,79.3405297570231,75.6760911729455,68.31206659527847
2024-03-21,72.89410220004784,77.36217593889663,69.79320334994422,52.12199686679669,79.44989653379754,72.72593081083092,80.55930677019902,71.34662618700952,79.33615999312372,75.65893048313136,68.27962496146402
2024-03-22,72.74844346326996,77.4396455291454,70.00333576737482,52.161419467156904,79.43099924843956,72.71614071931103,80.62104822770159,71.32520967542014,79.37705885097407,75.7365942838644,67.98983260540572
2024-03-25,72.77575261482814,77.45894078979194,70.0159143185672,51.33815588897914,79.41778267242701,72.72537044790298,80.56023456964368,71.39860142667618,79.30439713604719,75.75962426098302,67.64365796076933
2024-03-26,72.76564560167515,77.42071254114822,69.97409305493755,51.44856544596379,79.31893655888877,72.57942085054884,80.53344323887806,71.37459077173388,79.28470001578546,75.74643106332543,67.45507794587735
2024-03-27,72.85156518108924,77.7036905998829,70.76500764752898,52.039746009250585,79.58180584828486,73.30049690444801,80.85648413946085,71.3079652757963,79.57810226855892,76.28994941065837,68.6101687405765
2024-03-28,72.80746987183929,77.50853358485575,70.7278321663411,52.35315394260895,79.56669928490312,73.25740459550576,80.8257189054282,71.26511835166687,79.54659271304682,76.26307582218979,68.54260658826513
2024-04-01,72.2503768321031,77.49219743845082,70.85141898804338,51.68477662015498,79.57190380956908,73.33193838822326,80.81561177448239,71.03970306782331,79.51413664598726,76.27082441143936,68.60334852149522
2024-04-02,72.13270914987099,77.56367705018543,70.90215144837848,50.35747178268332,79.57519189784624,72.83760040525311,80.78039681328032,71.14875773296073,79.44407106363784,76.33900755586896,68.13636173672877
2024-04-03,72.09555565212214,77.51809805993756,70.08772133861426,50.221404832666614,79.51187506761927,72.75184671948303,80.68239315206,71.10262137348529,79.32377006775307,76.27651903872108,68.0329807950227
2024-04-04,72.54748587344501,77.76440636235678,70.4001965444126,50.3783329900574,79.72612488320542,73.19702069332247,80.85729065859971,71.6290600779695,79.5010808848166,76.36206716874175,67.73370612517232
2024-04-05,72.6182188540792,77.7273936716077,70.40957352779395,50.48382590048125,79.76253796646452,73.49268130332425,80.91455073368991,71.73828852439412,79.55248474809665,76.39826736998427,67.8890060892217
2024-04-08,72.57265415802867,77.61995256047372,70.3435187818965,50.07510583651986,79.71432034424319,73.39765751456632,80.85435356798038,71.69362428680567,79.50909358534486,76.33139450748826,67.76526034529915
2024-04-09,72.5191377762377,77.55213656890237,70.23461257941551,49.96366140650455,79.42035258002545,73.32470969383203,80.70976791539893,71.64330371322632,79.444558254295,76.09696295607775,67.68167178363196
2024-04-10,72.89111650857744,77.8842002052782,70.11364376167884,48.23519518394149,79.64307684579433,73.94557844156994,80.78614655162312,72.13757621232752,79.71833452870604,76.3187271878586,68.29615238682814
2024-04-11,72.74581545501219,77.65991873277264,70.03913465581763,48.241455864849726,79.43239228285206,73.74777134306954,80.68042440155003,71.40304902753984,79.65075906703157,76.26592696958633,68.30366591067639
2024-04-12,73.45055459328549,78.09437363452797,70.800630143637,50.052595113111394,79.71545284131226,74.44406724351704,80.95245436710807,71.9718375616658,80.07427477119641,76.40988654077172,68.25492832337034
2024-04-15,73.82168408598488,78.38682972800694,71.01475187792217,51.14847166486365,79.79805288484975,74.36754035418565,81.05421908974803,72.42720878847197,80.16956759564474,76.8476349039308,68.53794178623222
2024-04-16,73.88587543781102,78.44489966095682,70.97794460738915,51.91845607578303,79.89982314209323,74.3266302796388,81.06387879355424,72.375996625256,80.23645175883159,77.02285777162543,68.74853908599863
2024-04-17,73.80947221281217,78.3772740206324,70.75594294702314,51.89524898035886,79.78527367773266,74.22350098963167,80.91638375891941,72.19740141619533,80.11151110834885,76.8495503390305,67.64242416922733
2024-04-18,73.63731230814506,78.26032782401641,70.62195569680607,51.66095830017815,79.71591063506031,74.16979138688556,80.85641644318099,71.99578515974596,80.06412577503727,76.80671136333322,67.54984521911302
2024-04-19,73.17161049446975,77.95532178653035,70.29649829040945,51.69781157504001,79.22274665942923,73.99753315745723,80.6647968377359,71.12899608137646,79.9064973236722,76.63967227640836,67.48903570303108
2024-04-22,73.11591509241939,77.98817441050151,70.35476747364847,51.704758786191434,79.08532748446413,73.87695625646565,80.64849465106005,71.17306092064759,79.7217341809869,76.67393096312459,67.53352838302789
2024-04-23,73.12920580200914,77.97550039933664,70.24714383033223,51.70032950896875,78.9729669176684,73.75474682542169,80.51886275164904,71.23885798569235,78.81019101188639,76.6495532774417,67.43984575240341
2024-04-24,73.04958210743229,77.80404848258402,69.66524463608755,51.54603419625742,78.85637783287677,73.60383463105549,80.24356262048009,71.10755140530176,78.73091010804256,76.55550799544332,67.29392947919462
2024-04-25,70.98277853726876,77.32974546694548,69.5085497285349,51.35045367210267,78.65560523189184,73.38056689516063,79.98699193687403,70.65670304161746,78.290911677348,76.41082056998589,67.07757821740485
2024-04-26,70.16775215088627,77.25575065130496,69.321423297653,51.25917697537709,78.568171596133,73.28445418412382,79.90168627091022,70.56797808757993,78.25665295161863,76.33500439238021,66.94640531089536
2024-04-29,69.29719225483304,76.93452348489468,69.44869521290697,51.18337097441612,78.276841481926,73.32313693187332,79.91388192572676,70.50212345657182,78.29949232219697,76.47198945736078,67.23670322254887
2024-04-30,70.47843529237446,77.53442209262322,69.65893413691086,53.437186487418316,78.3841004307038,72.53256237191454,80.27787724428282,71.40973915825666,78.71364322847111,76.7807839449574,66.59637982111124
2024-05-01,69.94828750060293,77.49685025209163,69.23492365050626,53.75150052464621,78.31678640248201,72.45481690952954,80.21366058201927,71.38297586092985,78.51503555890166,76.71665699748803,66.27156362589952
2024-05-02,70.15854876718751,77.55953173958535,69.39935845053414,53.87858688969476,78.26872546895194,72.21325085844177,80.23583862059907,71.43383837023376,78.2127421217499,76.71844943630803,66.36984625891012
2024-05-03,70.31179469214537,77.56507155938338,69.57043813135704,53.49898368740666,78.15997761023897,72.23406085301285,80.26863424333133,71.47839662095907,78.2759588413244,76.83857981758474,66.5803009318961
2024-05-06,70.68494595492773,77.7838066397561,69.61988752934737,54.30648174417125,78.40558225038092,72.48107686421287,80.39462435704937,71.77582737259509,78.37724430169779,76.76500253544515,66.84992978811206
2024-05-07,70.57853669125896,77.43856489905482,69.50236897005276,53.729489090094624,78.3130489532443,72.39864725754836,80.30940180366419,71.56522403566316,78.21806793510461,76.7395649085461,66.8734497650328
2024-05-08,70.55726482428531,77.36665089510714,69.43825637949483,53.669719922177926,78.25798707890073,72.3703846639636,80.28166288805832,71.45863876497907,78.18295734666538,76.66456672116365,66.45425042284832
2024-05-09,70.52536294504591,77.43225674605759,69.7249133080311,54.28382715124701,78.2820408709509,72.63141436385395,80.37636084418594,71.29740560658713,78.30564671923119,76.78479437805841,66.91508256026725
2024-05-10,70.49387832898215,77.25398612020743,69.64216434336043,53.98582254393486,78.265480168184,72.60194513195742,80.34950635934149,71.28096692539718,78.28819017936199,76.76543492912766,66.88820995370291
2024-05-13,70.51216826268833,77.23805564475317,69.71313707754896,54.094565613513595,78.28142236069205,72.62550226197432,80.31647014958428,71.1297289485341,78.27730333024785,76.70376692773277,66.93024301643851
2024-05-14,70.54898543371746,77.2430788799624,69.57545588526236,54.0864737524676,78.31441710989202,72.64413342805845,80.24898913446664,71.14993555666221,78.23919365172425,76.69277871316622,66.9376248015004
2024-05-15,70.64577555618376,77.13678433355778,69.26493623779268,54.017609541159295,78.35339855239438,72.68253965358815,80.2553715035985,71.24325764715532,78.05815432257629,76.84108256442775,67.22909926911865
2024-05-16,70.56924968699269,77.07351957722092,67.6457318275816,53.89371421727721,78.27445485342876,72.5950189245895,80.18661296266055,71.20352810465279,77.93216371459336,76.75815205038167,66.9712615262668
2024-05-17,70.52986220611334,77.02085545092432,67.58306602076155,53.815270225391544,78.23835106945666,72.55906205953323,80.12050903919823,71.02807994723528,77.84475884361517,76.72295196663534,66.80463777665794
2024-05-20,70.26247580006594,76.94282163942275,67.51295118848074,53.91499235650823,78.0202204510502,72.51934494447197,79.97662883122595,70.51154832573692,77.70654236959213,76.66899071396608,66.79008300143134
2024-05-21,70.00169346496227,76.92951536705249,67.50762213416152,53.74067771140571,78.06356406835116,72.49797027829001,79.85469040138855,70.45780907582186,77.6731729331411,76.62012044398271,66.74893544478707
2024-05-22,69.7914139468342,76.98162506314016,67.67714317870976,54.17536919541337,78.14334858988022,72.38847476623125,79.75903145251422,70.27172837531225,77.75352492622548,76.68722390554596,67.02124292073148
2024-05-23,70.58364865485133,77.61485176115993,69.29445245639107,55.226177897876426,78.76889417814586,73.43299435760652,80.21957323280867,70.69649044905397,78.0916021623702,77.47779313012788,68.43798410355136
2024-05-24,70.75805076674114,77.6199631545555,69.26701299854373,55.27261429779655,78.78514337971666,73.13889953512802,80.24918061012671,70.72416074779359,78.16351249150533,77.4094824118566,68.5379394423114
2024-05-28,70.48012605569164,77.53177206659771,69.39584087929393,54.26483199051254,78.7137998369454,73.06502965652761,80.097454540866,70.33996198777349,78.06898557927359,77.37572463055687,68.29974389741523
2024-05-29,70.50992565715126,77.50102209516604,69.82820624744788,56.063475977960714,78.79911228332742,73.26471554838665,80.17559344289188,70.5149641877618,78.26226467932366,77.44683193811446,68.76114965805091
2024-05-30,70.20919147270247,77.30017211638355,69.81128000184142,56.15114575323527,78.74427534452396,73.09268293434344,80.0912277051086,68.82490050266492,78.20237324404367,77.2206620405104,68.84953818961361
2024-05-31,70.50886477535889,77.13727338516505,70.98521507604293,58.64944277815299,79.13881118909259,73.88338402164005,80.33152837858259,68.33311300737088,78.5304445870191,77.68009452026851,69.86640031814711
2024-06-03,70.19468574149434,77.02042972040307,70.87723678473502,57.808006142646484,79.08504474627863,73.3225115713588,80.24521006561787,68.2298044875336,78.49433233153337,77.58459413005015,69.94626940076624
2024-06-04,70.0141538431128,76.93417851237894,70.38052264561782,57.64307659327372,78.90569576199749,73.20198846380066,80.1076205587693,68.11862555224174,78.17883179934289,77.29022548588293,69.67674776444578
2024-06-05,70.0873614963027,76.89601716613882,70.1622638067046,57.5219581284723,78.85548840470456,73.18042542528683,80.04994402205124,68.09914411714433,78.12850803343352,77.1999327034293,69.28587024931466
2024-06-06,70.04127909422265,76.80453050926648,70.03905184979399,57.48549617612773,78.80510038189684,72.99274242223547,79.9126370900532,68.00880724220943,78.06822105533033,77.1356987340993,68.97290593866269
2024-06-07,70.02360894877128,76.77155001925743,70.00734518007839,57.34800437420291,78.47514338825309,72.91100258682485,79.83985516189001,67.93807900106691,77.93495365591554,77.09935849948656,68.8768732375643
2024-06-10,69.99877667026657,76.70484472948182,69.92138100381467,57.07626230610219,78.42062558878683,72.85734958190247,79.80614811800965,67.92805960715471,77.83065071497984,77.06143696316786,68.66404560278276
2024-06-11,69.83332546975062,76.6003030376077,69.91293274332888,56.90824218282305,78.10090519614297,72.80879983578197,79.73155638476933,66.96034883073455,77.73779238692941,77.00944424530337,68.69565537577805
2024-06-12,69.42582582830768,76.52379029898864,69.19168252121673,56.47081444064316,77.96581505899081,72.68800725106848,79.54406781441867,66.70805133471555,77.65272043205772,76.85827926544779,68.49331485962496
2024-06-13,69.28417096355125,76.47438663787722,69.13742731156607,56.5189819806308,77.92539778616418,72.63335627899735,79.41868214909104,66.42650068844968,77.61981964303365,76.77319926119463,68.37595340535128
2024-06-14,69.01935880496033,76.42402674990431,68.9012902993255,56.474833795864626,77.87819617951591,72.54286867702464,79.2004234459859,66.20594676188827,77.52665842106181,76.66791535196589,68.33323809321496
2024-06-17,69.05786078423436,76.31687426863165,68.65348293236073,56.37818994524007,77.83739418906654,72.17109803100804,79.17537972254128,66.35926493061127,77.46069108039119,76.2661297972504,67.0162622910012
2024-06-18,68.89610962975514,76.22935335857626,68.55135027399164,56.37774444524662,77.73244791643566,72.12877631659202,79.1313077977437,66.30272632229799,77.40861593666733,76.23670275101661,66.99430562583436
2024-06-20,68.7845019996189,76.16568870270487,68.38421430903973,55.75288219362669,77.65423699588258,72.06861947426466,79.07153292514292,65.92962780748593,77.32727436442954,76.1545119696691,66.86767720261035
2024-06-21,68.68024109564824,75.90956257051143,68.31659430869412,55.66489895469653,77.61093320247117,72.02049801311055,79.02872658761625,65.8332442204803,77.28420208605411,76.10064789065336,66.70345565379502
2024-06-24,68.43680181412542,75.45137634080754,68.54727380158745,56.41153103242954,77.63199348477906,72.02647859914917,78.90080032408518,63.401008270637476,77.25296689330183,76.07329700115555,67.08133236932358
2024-06-25,67.63764039511501,75.33881506077115,68.81967678392786,56.51501440310383,77.71901967002056,72.12020770305509,78.90071308881596,61.87980329476577,77.24171562503807,76.1583410148359,67.4618566669264
2024-06-26,67.53708293908927,74.76901717604406,68.79518874022861,56.67876195910208,77.63965065795378,72.09209906993057,78.83661969745684,61.73242951891377,77.19350649326593,76.10891386815047,67.45036061204702
2024-06-27,67.45861801920171,74.69137950561891,68.57127460965444,56.61822805368716,77.58304766139086,72.00155702805652,78.80119295741574,61.67730424791568,77.12871769524938,75.99841658423149,67.39841101577349
2024-06-28,67.35555038129512,74.5110226272817,68.4871207836653,56.43620949962165,77.40014864526619,71.92867887658058,78.72344206492632,61.608483576807366,77.07009671740391,75.65881810644306,67.18601738279284
2024-07-01,67.3869580903432,74.08709841672601,68.71951173613341,56.25745927104063,77.1222820015814,72.03528674282062,78.64130145024932,61.134182223735635,76.83992785710882,75.67700705154893,67.35673565904469
2024-07-02,67.40365874775468,73.80433900260104,68.66424577747043,56.32586933905969,76.85378258199061,71.3439816809342,78.58478990435036,60.949347070117355,76.6681579236605,75.50562256043838,67.27244531515662
2024-07-03,67.29286125118313,73.59663987503981,68.59146657352082,56.23806781938065,76.72401838278252,70.65052758655781,78.49874449234551,60.58188716648345,76.44788791997854,75.36691631059848,67.0641269406353
2024-07-05,67.11866157502415,73.57376992158973,68.18973731390545,55.004916639664984,76.52902853148922,70.6804233904682,78.19137641308353,60.35923620817036,76.33404512728681,75.28342105221228,66.96836165195523
2024-07-08,66.97544561067659,73.53004082134723,68.16441839587634,54.71538870989157,76.45417203977316,70.65754706102939,78.15614600451208,60.1501730639839,76.17671994467123,75.23005110273166,66.93430577852197
2024-07-09,66.88915642294151,73.43509923185472,68.02245254566918,54.613581783378216,76.1999639518747,70.3905358384901,78.0354974206306,60.08518684319213,75.82920900231947,75.15545196015847,66.81719988014581
2024-07-10,67.05639549401049,73.53196219229764,67.97224563032718,54.769072164988486,76.16269064857222,70.4991744996445,78.12138385576837,60.417936107130956,75.83724360888071,75.11012409313653,66.87823440551767
2024-07-11,65.5243611771599,72.1847822611169,66.66793932712555,55.590443866112544,75.95925217744004,70.26534679980695,77.63751686623222,57.908071932256895,75.56778846871468,74.68619559005,67.08497100704814
2024-07-12,64.82224073098563,72.12466046512782,66.74250464985731,55.02479504039008,75.89557086448902,70.37850286194059,77.62498548008264,58.0450747808652,75.67126822886105,74.74525453287222,67.21676316638265
2024-07-15,64.63444679068591,71.9562007063953,66.04062856643543,54.29752217503525,75.12078808766559,69.95889579512495,77.30268280727029,58.05632142361609,75.37209416063442,74.4330631367722,65.1297850218549
2024-07-16,64.28142757429437,72.12982425722512,66.59878847152756,52.89961883100029,75.13886409014934,70.51437074741467,77.19498813139583,55.82134904979456,75.5549050013657,74.48993202970476,65.0409146909424
2024-07-17,64.41249474011602,71.91018365560483,65.32996022084583,52.490004514248525,74.58088508542738,70.16076758995415,76.80681352926999,55.984902418179665,75.31671015320529,74.15859989494746,64.82526498095149
2024-07-18,64.15392546196522,72.19144913939449,65.44495209405821,52.45880366261154,74.91174655731264,69.6483186975185,76.94381455113573,56.08939773153133,75.48502894175644,73.83906601842367,64.53204327888261
2024-07-19,64.07969082304001,72.2024097941032,65.31968157507575,53.403914244920266,74.90402432511934,68.65000092229306,76.93828752571541,56.3399522777354,75.5660968398334,73.56432609383538,64.04807544282357
2024-07-22,64.11145108004395,72.37460792068713,65.00694781816276,52.81895150249316,75.02511241287073,68.70791561434308,76.9945520183551,56.86626133174288,75.52763886491584,73.63324539999452,64.26099771805337
2024-07-23,64.1858194829491,72.44425302465106,65.01568722151626,52.474328180836,75.01338614438468,68.74674034893175,77.0212164072931,56.977585765918604,75.37847546063253,73.64008263287138,64.42777982172855
2024-07-24,65.66597265670188,73.04233164795353,64.6132530365718,52.2633070312847,75.32299514747955,66.10935402644476,77.2318940123568,59.907353994409604,75.53188848108846,73.83578135984783,62.75409059293095
2024-07-25,64.92178048184215,72.86872441334054,64.48329940634572,50.4444898627165,75.05620793264177,66.15075196249822,76.71620640088663,59.55671998332379,75.27194526673696,73.76849044777796,61.87621996134389
2024-07-26,65.78147644856689,73.16330114231974,65.3306636631726,50.151607367098855,75.40537032263295,66.399693413275,77.11584351748601,60.15641805238519,75.71412643560495,74.20997396011549,62.39126188788579
2024-07-29,65.56166011497366,72.74265075362199,65.12212062451317,48.95418350414352,75.23721367056184,66.19200011213238,77.01137953433387,59.732560499864604,75.62535332269509,74.1602805497549,62.32187354435149
2024-07-30,65.13127899097107,72.50880218563385,64.36906432061117,49.09344293822658,74.83184878507969,66.05689039953573,76.86120592080584,58.384317459591344,75.46213006193734,74.0402031916801,62.26551694458705
2024-07-31,64.95670603093863,72.29112725592982,63.76525433145528,48.97337472280427,74.56236197992042,65.40648886947436,76.68939532750124,57.790680724762126,75.32338205588869,73.74089841804582,62.005696702992225
2024-08-01,64.16601934361579,71.51450246928314,62.54018491069155,48.80932540289248,73.69848086988085,64.55472776189363,76.16987616969367,57.70462265664917,74.87405265359942,72.99888756314684,60.25579062474664
2024-08-02,64.19010948550469,71.74130529721145,59.41659925107139,49.71974229129479,73.30442291901578,63.84886338456645,76.1823030855848,58.88241041511802,75.04609784552034,71.51245664642644,59.44812779070388
2024-08-05,67.32898650998847,73.08740361822377,63.59853161346701,52.14063441219659,74.73930224610221,68.56196045786874,76.86483272097149,61.66241776397021,76.44269291586933,73.63586543607404,62.62982207634497
2024-08-06,67.71065164227078,73.44331678137897,63.45551651422501,52.4181058807974,75.4136623826079,68.47831159066804,77.27775728649202,62.11615361595287,76.41584195863311,73.28343470359933,62.74387683794151
2024-08-07,67.74170265691102,73.57575637949603,63.092689312820895,51.8486021883055,75.24190150386008,68.19708235788802,77.32490360303396,62.51796944682745,76.27395386867605,73.21659784577942,62.19582505774369
2024-08-08,68.59980973003367,74.23332063151092,63.822753488883734,53.57143526441576,75.78205290757795,68.93524560151056,77.95311394958452,64.04887748430583,76.71474941561996,73.3274139521389,61.072822976098585
2024-08-09,68.5956714590038,74.21155430350524,63.78988399771005,53.592095876108026,75.76898149800058,69.00800091459739,77.93289500819344,64.0494895285063,76.58294786901773,73.35207244134558,61.10458033623083
2024-08-12,68.63130020946208,74.21833042438138,63.88935940404936,53.335247442618815,75.7985371095243,69.0599336758547,77.93876951117512,63.76020079251048,76.59456950132983,73.38177977268485,60.997640937532225
2024-08-13,68.965323623579,74.58602454156306,64.1416088453086,52.49836235421552,75.98509756088737,69.53382609300544,78.14821672983732,64.52441311349803,76.79394650755545,73.51322193430583,61.29598692531835
2024-08-14,68.75663854542219,74.49226538937855,64.19569206513987,52.657940497766106,75.84486282781617,69.53099276833888,78.08641664022235,64.45110727355802,76.75205939019045,73.41398045606888,61.12800899283391
2024-08-15,68.8277706002492,74.64239916256376,64.65158899617029,53.26436221081277,75.87603677363937,69.66803842080242,78.19310106071855,64.99044675975442,76.92765569663375,73.05740726237937,60.588888996268196
2024-08-16,68.7736962721777,74.62247864154119,64.68130891078063,53.24187499657872,75.84817886748263,69.60064672488902,78.17451293494827,64.96882827355476,76.90813249587954,72.87712757927211,60.522481531954256
2024-08-19,68.94434641263337,74.71715358652094,64.75083446066266,53.408633108763006,75.8764511843358,69.73728581485142,78.21811486062138,65.17024005783841,76.9562234769461,72.94853836700766,60.63212595621249
2024-08-20,68.97483375281136,74.71544855848119,64.51257505018401,52.785947594098076,75.82197373260199,69.62778676123449,78.19114305783808,65.21299188125894,76.92837920522196,72.89483644038305,60.56603506583277
2024-08-21,69.03694813405076,74.74291589247193,64.70450050283529,52.816070557803926,75.56644434180242,69.59867413197765,78.23403858465868,65.32516049753818,76.84871309472817,72.86296084154446,60.67992920777365
2024-08-22,68.90242573077025,74.53451660276943,64.63910062275376,52.73939369244804,75.42113453887995,69.52607052016837,78.12277532077984,65.0948438133202,76.77940392150319,72.7736268163893,60.65359957740771
2024-08-23,69.02732720276144,74.75872380839512,64.4842405765611,53.23526581474998,75.50037318002578,69.54519343202536,78.21513993943243,65.3805341602433,76.93378274176297,72.7806988501817,60.29073098281886
2024-08-26,68.95084689327678,74.58122545632057,64.47577063468847,53.16429218227861,75.46848772782472,69.4716345011305,78.13813119368291,65.06012661740613,76.9058397068655,72.70063293810838,60.36924120891946
2024-08-27,68.86827263985484,74.53345899121155,64.39397814097713,52.62300744652914,75.2848756210485,69.41829579514183,78.0998588829077,65.01927410647916,76.86249304118422,72.62404897557757,60.06611549399945
2024-08-28,68.96035549471122,74.57434082317565,64.44328626993425,52.72872783227303,75.19065782947847,69.30261297104411,78.10442230947831,65.11533918877244,76.89797712409016,72.63719292063446,60.08082539032479
2024-08-29,68.95898332431817,74.53711416742959,64.16625029744804,52.592616901808384,74.94854953194918,69.27811345891429,78.01259658346633,64.97792895765282,76.84993066478684,72.5446949695392,60.00977075059324
2024-08-30,68.89158462963886,74.58289834128973,64.25592996305629,52.29404925127469,74.94811913878488,69.29843674475458,78.0297702176348,65.058536925122,76.887999876776,72.55803317481144,60.02129912031487
2024-09-03,69.6569832406305,74.62615767330588,62.7017065312624,54.13311276316669,75.13415166579121,69.30234812302484,78.34218988851785,66.21429561454919,77.04086019160823,72.00668164400302,59.76515117894547
2024-09-04,69.60552112523295,74.46988678519223,62.357005936557535,53.09336267074791,75.00386188294488,69.13982552534083,78.25416468438102,66.16726784856989,76.95959199910988,71.81982294320514,59.47655401308096
2024-09-05,69.28183523576884,73.6107338187243,62.645870664628234,53.263856927671505,75.06080886719093,69.27174087980276,78.219928707416,65.97590488624878,77.01536440240729,71.80008886751604,59.652075743174734
2024-09-06,69.82099146036069,73.98476710686258,62.58770996543113,53.71277217022567,75.24406087995926,69.2894990649697,78.33823387454889,66.6334993441282,77.23582143135884,71.6566602255419,60.207243537677215
2024-09-09,69.99147118277469,74.37497182484583,63.336534453180036,54.437640543652186,75.90914496130495,69.7642671554296,78.783098364253,67.15371279976044,77.53489152742407,72.162726548644,61.03844030821975
2024-09-10,69.86943485054248,74.16302510457142,63.054797257431545,53.92962588343618,75.35052463695538,69.64405050358924,78.64717498711484,66.84471503044182,77.41889175106128,71.60028894628253,60.86662566721137
2024-09-11,69.78609358209847,74.04316972521605,62.07266606766314,53.94250024782515,75.0380953464365,69.4867577879982,78.58401421482425,66.36463331923837,77.3324167167657,71.38011009782234,60.689008458760874
2024-09-12,70.11489840003296,74.20078644268315,62.222783089333916,54.56155238161469,75.02730462874973,69.50219134918636,78.68586631160589,66.49846649208102,77.45583119984427,71.17681390315036,60.67965914033961
2024-09-13,70.46711244521816,74.35070965113535,62.89598986143693,54.81211031745012,75.07698881126038,69.54042279829629,78.78158569951272,66.58819387439281,77.62924898544547,71.35641705521637,61.29646363521588
2024-09-16,70.60273362911886,74.16883484789156,63.14131892055276,55.32006782219357,75.15363794869728,69.78470132437154,78.76527817958183,66.33223709669365,77.68684706565612,71.25958940118696,61.6639085878264
2024-09-17,70.59149246379378,74.07249531750908,62.58787079264074,55.07130291375609,74.90477281726093,69.31712050318411,78.62709758698809,66.31354972854501,77.61210411337429,71.14635630097462,61.54981746779011
2024-09-18,70.79419494680022,74.20625173549978,63.24194679731261,55.22848917237397,75.1535578748072,69.58599411431028,78.72559593056278,66.61634321626605,77.7577095374643,71.43054220962416,62.18755215603731
2024-09-19,70.99300336750152,74.32550085238913,62.215689936047085,55.5617979621574,75.19865271051907,69.54931183095604,78.73081779154033,67.06544615097849,77.74389882540859,70.93883731032231,61.35098619951476
2024-09-20,70.88203928292357,74.29471985003745,61.74461530066786,55.631968593367795,75.17415671159425,69.13599646720989,78.70337793979873,67.09753547128014,77.54331373336441,70.62259642034884,58.551783539258345
2024-09-23,70.70230247685888,74.30794129447114,61.902961472797465,55.9669245463622,75.08014855695087,68.78235611702873,78.71482976808612,66.8895820706129,77.53649813491865,70.70440992661193,58.837342017647785
2024-09-24,70.61963269012553,74.19254984746394,61.69652564601279,55.74545074943724,74.48992491295944,68.5855352498508,78.53469356843573,66.85636938583016,77.1187201901496,70.51856692763934,58.502338890935576
2024-09-25,70.55581817392456,74.09732159597284,61.63795821293039,55.79964705688766,74.41537411295445,68.39586945405632,78.49382998364474,66.54432554259968,77.08254401342539,70.4771437765199,57.92053616068975
2024-09-26,70.41739010199633,73.93257158460491,61.38197834718944,53.86833430531678,74.16865488381231,68.19008842393625,78.30137812848822,66.56231577469302,76.07307918749625,69.56418950858996,57.283996643149294
2024-09-27,70.48445816618491,73.97718751734655,61.420952911312455,54.357229102692386,74.13251690336206,68.16725764585077,78.31216695942555,66.52512395822171,76.09156470431563,69.55573385126661,57.49160146115298
2024-09-30,70.4457560475786,73.87443693549267,61.28405625279388,54.24956306905088,74.06558849585245,68.04635900638644,78.26101616651005,66.48085969019135,75.78890816043187,69.45831149407832,57.44318511534012
2024-10-01,70.27280177388799,73.84271847293023,61.329233147543036,51.861114407565374,73.98657693546077,68.09356633857915,78.1554834237451,66.24887842625758,75.74217520395817,69.44483829085029,56.804260914606004
2024-10-02,70.28466239007624,73.86688423728971,61.58531122005631,51.23089553438146,73.86270374625975,68.1688749948647,78.13311105677455,66.01552279610192,75.75766716882917,69.57195127889301,56.670119971900895
2024-10-03,70.42103842288441,74.00773328343968,62.39033489716526,48.72866468553271,73.91228694369511,68.56287663118407,78.13784657060751,65.8210148532658,75.84564136775447,69.86945920314713,56.54276603719597
2024-10-04,70.51832443276723,74.05363856104286,62.317620345185006,48.831049476617096,73.61071529333394,68.41981898859272,78.12103089507333,65.81598771878552,75.79294903100177,69.47289044913151,56.44884222906619
2024-10-07,71.14650061231123,74.51082157094199,63.58510965342713,48.85142839452938,74.42195745636806,68.89871665440272,78.26062728061777,66.02426318496411,75.8900509812746,69.95791070783869,58.06655813240428
2024-10-08,71.119914853781,74.47406751036524,63.493271375964945,47.50556407362079,74.33274747172217,68.83965708557525,78.15860424747385,66.07445103360442,75.60708991002525,69.90193318738145,57.933300322082374
2024-10-09,71.05170021591458,74.48216396988047,63.498053746470255,47.776004159427515,74.30629834298388,68.80220207237825,78.13989950456657,66.17497660741957,75.59984898673841,69.63497015847695,56.50788610553634
2024-10-10,71.17682451456913,74.52688626012561,63.68781538976313,47.24505663942281,74.37497574812967,68.92324819404618,78.16479033793566,66.11914882521124,75.42330707572144,69.76273109502442,56.69895800270184
2024-10-11,71.20370741466677,74.01064732890629,64.03330242106077,47.73966694276148,74.55007374832603,69.29427391929886,78.20658522282666,65.88250714095471,75.51989831382662,70.04471837657448,57.28398217494035
2024-10-14,71.17618327129095,73.93445723933252,64.04532151833065,46.936522560042256,74.51828156103902,69.29290719669991,78.18189873965152,65.7959786568518,75.49182549205835,70.07410944242139,57.34546908227754
2024-10-15,70.95122878947842,73.70349112768324,63.510427713349145,45.64186648218379,74.21908652442384,68.39498577871028,78.03736813106852,65.557381909836,75.31999959206395,69.33810737711958,57.0086705828643
2024-10-16,70.99942034128816,73.7916850038402,63.187595668148134,45.94215358947936,74.24617515487193,68.49750827623558,78.0890500883501,65.601754592771,75.46207311906053,69.55159160855192,57.51328041341046
2024-10-17,71.1330075902935,73.81370886762535,63.43848521944521,45.80501704419308,74.16799953908634,68.63815906051148,78.15269987840075,65.4984591061667,75.43653970004767,69.67395456466902,57.83085108459324
2024-10-18,71.17911823495031,73.82759583943209,63.45044405795757,45.642468361680436,74.07518669470406,68.6598803976625,78.14704755903097,65.52181983990262,75.44574204422982,69.67041517841591,57.86378893607267
2024-10-21,71.19951306965874,73.88890822937215,63.86892640907096,45.59394994299669,74.20526303007347,68.93333908710099,78.123599633374,65.13796335288833,75.5299692760999,69.78629184129579,57.96247415984798
2024-10-22,71.16818854588745,73.87421347056188,63.21297733701488,45.017449775480735,74.13937643707304,68.94564175477271,77.8711662864752,65.06071595882479,75.46723807893095,69.68746397956797,58.08947927861256
2024-10-23,71.06444427221643,73.60815286289859,63.04135438552619,44.956107139905285,74.00085519437377,68.81465205207085,77.76589649007185,64.97067171690306,75.32530423064732,68.91467065146053,57.40624537947812
2024-10-24,70.69272382610868,71.6672302610591,62.908513622239646,44.68683571808413,73.77664992196324,68.64700607125732,77.40925909489029,64.50464772020969,74.6853277870618,68.62328896653905,57.32274193821521
2024-10-25,70.30423082486242,71.2945340078919,63.43509463296952,44.44551909043374,73.8553773529504,68.86303394560008,77.41845161281529,64.34278272044968,74.79457463440649,68.88685484106425,58.17682209086673
2024-10-28,70.40370998793915,71.28181956035846,63.48281314792051,44.137051713654664,73.86125743157972,68.82435578176214,77.38062177767016,64.18389282811869,74.77740109042892,68.89805370801403,58.334933076145596
2024-10-29,69.36772611362126,71.18577414077556,63.74984745753906,44.45793706937442,73.97118588520848,68.77974002745445,77.29544269785495,63.399464190363204,74.77558972940977,69.03267963194732,58.707432385230646
2024-10-30,69.24706840869771,71.10724758775066,63.72568638776623,44.42056439443348,73.90584111674033,68.69071426394102,77.21949566035747,62.92151488005941,74.588838614675,68.8831739001622,58.58289385411816
2024-10-31,69.46433104627934,71.47995990891,63.41086939353241,43.54447869277495,74.2179669765456,69.05685949853466,77.43111058093533,63.90318555281116,74.83950341018988,69.24019598709634,56.99871947541505
2024-11-01,69.31129462174457,70.98926892791854,63.10776288629416,43.42654321675827,74.02336846833916,68.5663891963165,77.30126342263713,63.84357532517164,74.69410724582663,68.8859485996145,56.20403449933435
2024-11-04,69.23686542493401,70.92174774049943,62.74516245782846,42.55111083439312,73.70980431899002,68.24447438820896,77.19534265807133,63.78125320524605,74.49043705841851,68.19557766390984,55.59193541594708
2024-11-05,69.78758416187458,71.51979405005609,63.72755873291234,43.83465665638634,74.13475480779312,68.9957732744239,77.62056326797347,64.12603342506581,74.45666286445214,68.98575970516666,56.788912386753005
2024-11-06,70.37205033949142,71.6045595916679,57.87034540840743,50.478790338004465,70.9844172010235,67.10428084394184,76.50272197428274,64.78374918162187,73.73065326952086,62.42451432481304,53.57676874538125
2024-11-07,70.29362884592997,71.34000013854926,57.73559447437057,49.53058316395467,71.02583092636432,66.94701084691118,76.44764484371325,64.36738633387719,73.52434375751159,61.84270776318968,53.58233786798773
2024-11-08,69.97760336203113,71.51019513974714,58.961812675398726,50.10367872645631,71.30265002850439,67.53974308850783,76.58985798122708,64.26876217302187,72.74247852824146,62.822450874267716,55.03376968299534
2024-11-11,69.84919876043138,71.04305404023555,58.83624183172569,49.979553271319,70.9848960439046,67.23183714850751,76.41345166417773,63.909998313644486,72.42086597433777,62.60792498338938,54.553146825240155
2024-11-12,69.55803684523254,71.20216353149564,57.75743277004969,50.40727385794638,70.84233636307141,67.42935053122329,76.53284626415972,63.77863069025752,72.53227434780413,63.058932713664234,55.08053697017126
2024-11-13,69.48497216647978,71.1442315797013,57.54392184471875,50.222782892743126,70.81215138812982,67.3417291753644,76.50743625785812,63.6725640406936,72.49869185015801,62.83364007591499,55.00138239099232
2024-11-14,69.36087271280796,71.33821101212322,57.52228643206748,49.34594452453039,70.7080863288067,67.62546684368301,76.453502864775,63.63411137916016,72.60111707869513,63.17492086146056,55.146971846970594
2024-11-15,69.33535235767161,71.33465310359665,57.58634077407913,49.287649420164,69.80006299372987,67.46714115636831,76.36923805651786,64.02508096025488,72.56835614877083,62.61437017623906,52.75198405601156
2024-11-18,69.39664559189043,71.39772942114372,57.69752653116919,49.379550067475535,69.79687184008903,67.47314128252299,76.25203162329929,63.924517987064995,72.66782901332327,62.77236974674139,53.148814396276585
2024-11-19,69.22143089250811,71.34387945978717,57.7150240238624,49.2449214784508,69.62338225104702,67.32756774567268,76.1893766665292,63.82529134361334,72.6168472580261,62.770437793092064,53.14748526704493
2024-11-20,69.09625697037035,71.09819519945074,57.10772788189695,49.083076827067536,69.3263227690526,66.61439821712335,76.08630900096553,63.71563301590907,72.42536287754149,62.53503248043177,52.99900907894981
2024-11-21,68.77413573542093,71.14040529221246,57.97480183801106,49.470088799394546,69.72572109180429,67.04238339138821,76.30121125753305,63.95840891530923,72.80500532590935,62.860892767350535,54.147791859639014
2024-11-22,68.30310962821643,71.12427410633477,58.15807459171507,49.40786613719888,69.7471721310808,66.86767005318534,76.11734556709868,63.80485622201711,72.7774194589582,62.89612871756391,53.40533337437504
2024-11-25,68.28369749536226,71.14289860764866,58.414758631235706,47.675126500604854,69.65415966858038,66.94685405193292,76.04575228224827,63.64887447833444,72.71759583897354,63.0928087366821,53.322761517635186
2024-11-26,68.2116923689898,71.1313341185974,58.478579572400356,47.59540097511056,69.62028785127234,66.94118940397729,76.01085385933328,63.57653909048579,72.30651430092587,63.087646739207266,53.33918576296638
2024-11-27,68.12457739328121,71.01471883101864,58.44097094567596,47.578128923648784,69.5626897041694,66.69563683447593,75.93442402877378,63.38635002553039,72.24655976674967,62.9000663918446,53.33947860390171
2024-11-29,68.1381632537972,71.04838465359434,58.444046319357184,47.58720959067549,69.53239021615741,66.71643604610958,75.95463786369538,63.484289085928815,72.27421103513713,62.607048425480556,53.10337518176955
2024-12-02,67.72761342565909,70.60254079611681,58.281285102511546,47.73680101819119,69.4179505792417,66.59793734756259,75.83114538332794,63.18279184597877,72.10544108025165,62.47613693716404,53.40588355375414
2024-12-03,67.25639297373603,70.44251295520004,58.36921014223185,47.60350965256129,69.34175388931743,66.52903029212217,75.71210131131288,63.048145594381914,72.03984074635574,62.47086585792883,53.60004722097852
2024-12-04,67.09326177460557,70.14289623448434,58.371512984557576,46.562454184310724,69.18575681164073,66.44022819601255,75.50033921017454,62.66827240430563,71.74042277247362,62.42501860602073,53.61557459712027
2024-12-05,67.10033480112722,69.7489199521065,57.74798051146995,45.71905510241287,68.93106894074299,66.22258591639262,75.40352686622623,62.64476776050379,71.53239562042918,62.28656230716713,53.064217688168206
2024-12-06,66.81096224477328,69.10410262215763,57.71408806507057,45.167261216651134,68.76706518418754,66.12953844387705,75.24208285577106,62.45006928759764,71.40997981523064,62.189388508715986,53.08525460597603
2024-12-09,66.05882611466178,68.88527862891384,57.622421301814065,44.982444959629106,68.78616366002882,65.52541874422413,75.20858994500982,62.301165851830895,71.0585844173338,61.94374001689857,53.05513366538077
2024-12-10,64.19955618534169,68.59067967200687,57.0765265537604,44.96733657050716,68.71216893584275,65.50694461228085,75.1136886062143,61.908375017242236,70.96546293603357,61.86637897664469,53.23815681831136
2024-12-11,63.583044852555446,68.15792696240007,57.01911375131947,44.8227251264601,68.52003132136362,64.44656360432404,74.88822614832391,61.683336041353414,70.72075198393672,61.6538484035854,53.208695100614435
2024-12-12,63.47928701989735,68.13556336183636,56.132352138617335,45.010913998376445,68.50525205064594,64.35125582769895,74.9151709436526,61.7325044171225,70.7442075096826,61.57028524888503,53.13343986340354
2024-12-13,63.34447272547472,68.0065935232739,56.14625057372444,45.11794435021997,68.48416255998555,64.15584450856274,74.89137443961188,61.47447625127772,70.71902387577464,61.649315450676085,53.126034135781275
2024-12-16,63.20339817299934,67.52851343401566,56.45356802596532,45.3632890158813,68.43049785623082,64.16170026736349,74.71946631442663,61.14271257300335,70.6681674477394,61.68640979715099,53.42099542524453
2024-12-17,63.33468157832429,67.45469266655324,56.500720567778956,45.536140964047014,68.5868739236967,64.07096696414624,74.82437587265568,61.24372062149868,70.77011481861092,61.825324963974126,53.54819144000393
2024-12-18,67.33486950381847,71.06140908462378,60.858948639202204,50.77438665994037,71.65742358668781,66.22917496774947,76.74949595512098,64.08509315231183,73.5839224265305,66.90445880847705,57.79332829895816
2024-12-19,67.5318789828553,71.11528559457923,61.49244234085909,51.289727030447196,71.47593839586138,66.54230841348661,76.70023126378346,64.02012296623816,73.68729279116941,67.30907444352601,56.7236753912842
2024-12-20,67.4736331988377,70.73337975423539,61.762786815187255,52.089008727138115,71.89842862484062,67.3643221170446,76.95624239568198,64.38017124270358,74.12886272128226,68.01443866619623,57.90608520239336
2024-12-23,67.45518446166442,70.68922762226062,60.59257816239069,52.08883728178597,71.83870309815595,67.03889455633815,76.86249928528095,64.32502478195364,73.98031096890153,67.92140933745904,57.76181350043432
2024-12-24,67.81270015825835,70.98910048621828,61.071472989881315,52.538458263310574,72.16345560986969,67.15279099807324,76.99870270532334,64.49904783672461,74.19033631187662,68.20968916560068,57.9524551821984
2024-12-26,67.72845896754272,70.90697761527126,61.150002635488214,52.53281549411993,72.14717561159328,67.17654125421755,76.98903039600664,64.47885093628663,74.16950650359288,68.20292757883483,57.94056779021756
2024-12-27,68.0691490693828,71.23120130284359,61.49792293748926,52.30236264150441,72.36445379819192,67.42158390339753,77.13874435944872,64.87342199510944,74.30285386005225,68.4838462480706,58.084540164847574
2024-12-30,68.65114459591825,71.7280963614812,62.74735623510725,51.854807774400136,72.71052424669587,68.2602576060184,77.36454682583768,65.36878166075763,74.73108489002402,68.46118583680257,58.39162049013044
2024-12-31,68.5636920458935,71.5355593978498,62.51419762060526,51.09913559181288,72.61759959338457,68.14153735272022,77.28853807689232,65.22969988404223,74.60496002898589,68.15795054474901,58.23315209272041
2025-01-02,68.25135505992851,71.45591980390222,62.50933086560196,50.16107778342548,72.5469027310775,67.96941964627733,77.21658946151642,65.18413632180796,74.46754523286648,68.13917151008401,57.79024761370607
2025-01-03,68.26124811907405,71.63077382185192,62.32184585486956,50.3343026959002,72.63265855476568,68.1329264474327,77.31640365645526,65.38891108694617,74.2161270172341,68.33470385779793,58.083427802016544
2025-01-06,67.98452498382596,71.53658636329388,61.61106775241127,50.2764053508002,72.54624683445735,67.94643436132928,77.24709866218974,65.21857073874486,73.85275183441826,68.07016726581821,58.1528789668919
2025-01-07,67.93717239221375,71.46710760594205,61.5874389874183,49.78618195710041,72.42029223063754,67.52998942434792,77.10946573321104,65.08223269849842,73.66856405601904,68.00714772819288,58.09485998375074
2025-01-08,67.62416310792155,71.41504435644732,61.5616087888778,49.72322435742441,72.38710114991882,67.44018987899926,77.07957620122693,64.99929775135095,73.57612415612411,67.92258605608026,57.96567365229305
2025-01-10,68.29207258876094,71.59857212725727,62.69672430890497,48.058622254197566,72.83598526599837,67.73973315843354,77.30777201596534,65.79569955772737,73.91045208818515,68.86084441246095,58.17917180648501
2025-01-13,67.77833328589324,71.53417028285544,62.44970252138195,49.180049927536956,72.873378722541,67.97318976897745,77.40463623891544,64.95498902926211,73.6506975337759,68.87024920871073,56.60956120042928
2025-01-14,67.3984826754678,71.43242900778537,61.969727165648806,49.26736678417639,72.78895278135923,66.123979664906,77.29262273380564,64.88571460598047,73.4604959521154,68.82952565085805,56.90666689114869
2025-01-15,67.8384788489753,71.72644439769282,60.85580263555539,50.096682383941825,72.94928628107019,66.20859279427938,77.25440776192822,65.36357895423356,73.5619697818952,68.56691510162084,57.25423485109298
2025-01-16,67.09490278086881,71.32680982170932,61.541253249790316,50.23319940287264,73.02270343222925,66.34262892601919,77.2226964214555,64.61494839603,73.70995917608263,69.19378148340925,58.63222646197613
2025-01-17,67.1515074388679,71.34604776235165,61.48435779179147,50.34360493041706,72.98716697373996,65.46892848084623,77.1820820561975,64.65137520848897,73.67408593389143,69.06265652084927,58.45572020311838
2025-01-21,67.38099549660132,71.36069634126312,62.08804438479288,49.52096777091472,73.0949140624732,66.5591949671491,77.31551834959386,64.78082296020598,74.01329997532407,69.73997378294462,59.62085642769091
2025-01-22,66.64518553835434,71.16936582194222,62.160831737824786,50.028296071736285,73.08331117464346,66.56880439044892,77.18397296070994,63.60050633859323,74.051317562351,69.83426904455115,59.84434315985262
2025-01-23,66.62897359410124,71.20235973919007,62.31143574476221,50.39891090084357,73.15280665603458,66.8008719526344,77.24241953500007,63.54916233743042,74.15260837353705,69.94706477629153,59.896747597869734
2025-01-24,66.3649492316316,71.0428837142817,62.309432654965164,50.114882693931236,73.05917775356727,66.73474514096281,77.127407157238,63.219045129134905,74.06608380896249,69.8705347757668,59.69458670024416
2025-01-27,65.65332836218593,70.3350546290456,59.31932901839532,49.01044895467376,72.34662829631529,64.98591251219838,75.90636146096593,58.83052949913954,73.49317616160354,68.99558056638314,54.684237855867266
2025-01-28,64.84464587361784,69.93832614097074,58.12801592142788,48.42179171897855,72.03240210402839,64.59753089905581,75.34915741428563,58.67027398368358,73.221889626227,68.72369255538172,54.44656192206475
2025-01-29,64.37478362453659,69.86246304634165,57.84094607992015,48.36301755852577,71.95627466192599,64.41820123229579,75.30742153204383,58.61768179668734,73.1484754178118,68.4886690803146,54.41734811740525
2025-01-30,64.17412846900913,70.0395237443145,58.66729561331329,48.56079894166905,72.18340835124222,65.00296482587471,75.532657424383,58.525686401537655,73.39968629699345,68.81828706796891,55.40876509509928
2025-01-31,64.05172490573965,70.11272858015866,58.56650730870543,49.41800268918731,72.28032739604355,65.07366373426721,75.63669046742439,58.53642054934266,73.51633758489059,68.77768303852768,55.519484308715846
2025-02-03,63.51436018498197,69.9298302090667,58.42095046694031,49.45050741155136,72.1887418748106,64.92657079002224,75.47035255452914,58.48416999934177,73.37650452063967,68.69645895812744,55.33186423192041
2025-02-04,63.32978851379125,69.74353362611919,58.00331177896814,48.85927536860657,71.9586314938727,64.75634330243403,75.3247750372081,58.56867222245374,73.26500147416147,68.55234324667497,54.878066322013886
2025-02-05,62.38490318954486,69.1895729924652,57.993454870173174,48.69367562998626,71.73528066482892,64.67906350719265,75.10012138229308,57.98844159989208,73.02457971306296,68.46709681301834,55.01343157522272
2025-02-06,62.354570231813064,69.13316080800045,57.80791647215456,48.08777093316695,71.56556468202021,64.1777084219989,75.02172869104709,57.97257122428147,72.89591778900716,68.35952924968407,54.82265639733711
2025-02-07,62.314858514258,69.11259432977269,57.83054071950047,47.75730324906753,71.66567592467003,64.32334713688834,74.93333552638313,58.040554319348985,73.01896039225254,68.42300284571121,54.98786314575685
2025-02-10,62.203835350709674,68.93418828556278,57.50398080248148,47.37947536392913,70.89800754890251,64.12749418343199,74.80766726337725,57.846315629188005,72.93298766312023,68.31169257781868,54.78918171133445
2025-02-11,62.09135910352378,68.43524127672369,57.19270492064828,46.796112943759184,70.80125078630262,63.8788140368877,74.71185347459893,57.75449367150965,72.77568619653769,68.1909280217872,54.72075263997953
2025-02-12,62.1192233280323,68.46544759438251,57.20898346695252,47.78191665315714,70.91963843024035,63.81528733709253,74.81470006383013,57.87624940726183,72.93069961082813,68.38092826422944,55.018999008210365
2025-02-13,62.58716242753817,68.91727129116818,57.84727280663185,48.790820721442365,71.15531414636004,63.92834508582547,74.76746803936047,58.26153113740875,73.16327530621925,68.61952136563006,55.09032882653745
2025-02-14,62.409974092889065,68.80611373188155,57.51677026309825,48.34803945741665,71.02329315125617,63.61817726268551,74.68440472313783,58.28048411676235,73.07345550533164,68.54978822428075,55.058928129642794
2025-02-18,62.04345473251761,68.58153278482453,57.47810748519902,48.59304714824825,70.98584557729771,63.28168331317116,74.64758661340393,58.18104623028604,72.91997184963516,68.4715333722334,55.153997375325424
2025-02-19,61.937951769266746,68.49397900910432,57.220215396154096,48.05100790716948,70.81690649883407,62.36040803289922,74.51188274353319,58.149845336080226,72.12176223278506,68.24330818879658,55.06172434685977
2025-02-20,62.07054344001077,68.47046620723363,57.02625064474174,46.586852987246175,70.42684251606953,61.66343672399763,74.36677702687263,58.25638403304106,71.98337493983344,67.68858337868258,54.57903586656721
2025-02-21,62.995243495147626,69.30324764801192,53.994405509806704,48.59216809952963,70.76220246932048,61.79499099549145,74.70019076161503,59.94660115006159,72.50948359146894,67.70283906830078,54.215733364796804
2025-02-24,62.78658690617869,69.11500764481855,54.07584144793606,48.59181335426803,70.65158499136001,61.206478728861626,74.52432109664653,59.76554692136379,72.41830266183212,67.48802175080857,53.91696006467551
2025-02-25,61.97541178072894,68.85837429424063,53.795531632079154,47.745534500396694,70.43102786281672,61.05138062698285,74.31637167842614,59.48037582364291,72.12004693425217,67.31778919404236,53.10233888256795
2025-02-26,61.885316441120054,68.80147795327495,52.45772148522429,47.75320649788667,70.3684756722293,60.94876381148531,74.24481557487817,59.3033153592996,71.97509003948082,67.03729665325876,52.408432937266255
2025-02-27,62.16669398774585,68.95502247063268,52.74292212581961,47.53209738774412,69.86341801349624,61.14458341910339,74.17823906518527,59.50199987401345,72.06655500806997,66.39526859408731,51.65361794265051
2025-02-28,62.846302149402966,69.35399260338538,54.00562447828255,48.51998212942224,70.49107130863652,62.122675619869284,74.51270854277166,59.36029318051179,72.2565746028313,66.70922765043744,52.69082334829877
2025-03-03,63.44918958938121,69.82792063818322,53.15653059476696,51.53261254238292,70.662045500199,61.29005761118562,74.82012793169969,60.57154473875935,72.46020904927349,66.00275148901461,52.14831886485356
2025-03-04,63.80783450588385,70.4636530379966,55.27653976739049,51.65291335306111,71.2453886109395,62.1508797918966,75.23921297523168,60.119723289146414,72.93133791251027,66.3565167268541,53.8967369871492
2025-03-05,64.33305226591278,70.9297715415683,55.0035496180701,47.21145982702175,71.15675169482883,62.74786280586906,75.54198095713446,60.623106898469096,73.0396733500124,66.350623018473,52.220962544315
2025-03-06,65.08595192381904,71.46268347904017,53.87679070702105,45.9432993872781,71.61747191439753,62.6009324828197,75.6657731211581,61.468638765705194,72.95740409499456,66.63143388945723,53.13696356373685
2025-03-07,65.10457907175015,71.28478783616819,53.89502117641939,46.36194375557405,71.13499407045106,62.372817671467615,75.6750301084247,61.454891443355805,72.88308135045547,66.46971911571774,52.913843379888874
2025-03-10,67.31807995444757,72.80385181696961,54.19104572871772,43.67315091247073,72.26082759518067,63.9095063800727,76.27237881106333,63.86516456291784,73.916693891613,67.0431635351479,50.113772199928356
2025-03-11,68.11848593802209,73.1142767757077,56.121191074284724,44.398172741894314,72.56401685095858,65.0603033025742,76.58117487466463,63.91961730101459,74.1807253638048,67.79116361537046,51.273011436341456
2025-03-12,67.8808645681516,72.93349983108371,55.67062740497392,44.3943785256062,72.42909384760895,64.92825017932343,76.47867375945846,63.671215829694816,74.02482033664681,67.61402335640925,51.216285106728485
2025-03-13,68.57388906649298,73.36510953968198,56.23832428518204,45.21956285140588,72.63134707071127,65.29833313703091,76.72156833315235,64.1741873874523,73.9171036470038,68.12798631576192,50.68692960070611
2025-03-14,69.55967291216473,74.08849487676434,56.24384857312039,49.354041235863875,73.67953298085222,65.97951214895497,77.42795559103493,65.6199984745203,74.60205576524793,69.11398462438605,53.06397421006969
2025-03-17,69.80308572354207,73.94225181282633,57.55332201877546,49.63751411519603,73.84346829872112,66.73332455061627,77.57852554740862,65.74628906893035,74.83366146287253,69.73818981562297,52.73902029060558
2025-03-18,69.99690707965387,74.16317534106555,57.53657793448365,49.184271095609695,73.7955947222475,66.51492245675873,77.7079625544553,65.96449010205279,74.7177703540703,69.81450117064769,53.20300584918198
2025-03-19,70.1087707989442,74.20405987506078,57.4745074250642,49.729155843257765,73.87026442628701,66.43324985930705,77.77206851095923,66.08118642299186,74.61598220921357,69.75791999895833,53.1447527783149
2025-03-20,70.12364229932163,74.20376360341258,57.39372368275509,49.553489784082714,73.81867566143526,66.41423397157315,77.77226706462972,66.108564746241,74.61260277645201,69.75114900407848,52.9538092988988
2025-03-21,69.74985297406883,74.08199861130703,57.284161375607,49.662375299134546,73.7962878765826,66.409812510733,77.7387793795967,65.99160936042018,74.5229144228399,69.74007903688157,53.11191395577657
2025-03-24,70.30350996536019,74.70419058355512,57.84110663776149,50.90900263023251,74.38035771960598,66.89224468511924,78.14000915919354,66.5383295403586,75.00076374729927,70.23662902709357,52.70204490496368
2025-03-25,69.9805617167881,74.52526347030536,57.531776041262944,50.559352998407334,74.14998301176087,66.21754021497034,78.01826558162492,66.45955998877328,74.87918096863648,69.91731345393377,52.4562926812759
2025-03-26,69.99784343345432,74.49862247364099,55.98987481846088,50.54664440919336,74.11102540855005,65.99889537683788,77.93974654513818,66.63577592913522,74.76309004894937,69.62735158822399,52.21786615637052
2025-03-27,69.97365702534559,74.44016042549195,55.07860247878679,50.67946381927987,74.06759505389567,65.80988537621506,77.89019070637843,66.66849425447751,74.66882759394527,69.48235985517957,52.12587341868681
2025-03-28,70.60659228874648,74.77851627156232,55.11392755484873,49.928619350031276,74.3634714168054,65.51888638139,78.05097681256451,67.22716423265769,74.95943784413546,69.0131803785143,50.283528638259206
2025-03-31,70.7125771948603,74.62602732847436,56.10703184930972,51.064007601556455,74.68464701949561,66.11788759372739,78.16866370931237,67.04686267220072,75.23813243559343,69.42097015139285,51.484025630662074
2025-04-01,70.60423857792729,74.43143611238754,55.66692651578516,50.83326048176521,74.5515692422321,64.23461764926296,78.01541189987354,66.98095317819339,75.01446165712925,69.1955432188805,51.33661415357562
2025-04-02,70.55156043295341,74.52714475824196,55.06130323203885,50.83098143845005,74.60765092391038,64.33176177578355,78.08051356144782,67.11007038851702,75.1166742422975,69.22619405310054,51.42725204608189
2025-04-03,74.52084685606245,77.26801684425806,50.19324007747418,63.45041972936752,77.53056991855593,63.98950644399144,80.2270880088519,72.19268468839653,77.89694630766071,71.58762706781569,49.78221074688594
2025-04-04,79.34970552009395,79.14428432810048,67.46385530546914,72.81485272421033,81.59054439963704,76.35716938775873,82.95778077664175,76.41272993675484,81.786531612849,77.61754669926583,68.02693612767168
2025-04-07,79.1351033092866,78.91616757132488,67.56012012663267,72.8142820967058,81.50146824219966,76.00901102085417,82.88585826523928,76.19293714339449,81.64114480218213,77.84154745719344,68.25701864906881
2025-04-08,79.44833731230541,79.31330553690684,68.84877138851395,73.53989595074286,81.3239838816294,76.48601321126458,82.910692988148,76.54992866002532,81.782230449181,78.3819712914248,68.50680017906578
2025-04-09,83.17643555636154,82.99939383461547,75.96058104198848,78.56447250878746,84.10104941516258,80.65560486712704,85.38029079595641,81.55787441054186,84.81804600148884,82.2119208422438,74.97570719007655
2025-04-10,83.62452853620171,83.33505328393287,76.17595318974169,79.89763023836906,84.50176538759182,81.00139608607576,85.60523996403177,81.9174392083168,85.1302697350067,82.47592465812143,75.37150097331995
2025-04-11,83.56493817730465,83.1508093008308,76.32385474483428,80.32959330965815,84.62425470462455,81.2217961694113,85.70025961108094,82.00871028544145,85.16616329178156,82.61611642308898,75.68018057771633
2025-04-14,83.60498927080624,83.1592726268584,76.70445214952274,80.33331505240898,84.65052792326071,81.35003620032913,85.72471029455225,82.0719438560613,85.20859727651482,82.74088301180652,75.9900085210901
2025-04-15,83.55637341945543,83.13965289364356,76.49543625875042,80.29181935084883,84.61269532665999,81.3161942229121,85.71292112556438,82.02964601269073,85.18356801094812,82.71899920291479,75.96822414166391
2025-04-16,83.58365465603498,83.22141425388891,76.7533438948597,79.98289247340216,84.68201892854113,81.44357335466869,85.74417474212073,82.10823082754253,85.1673073336926,82.59354972261482,76.18525513732217
2025-04-17,83.53769712515997,83.17965025195483,76.0329511864366,79.94776035029626,84.58069728947376,81.13320722935225,85.69345992715681,81.95662076303596,85.11478328350185,82.40002984722152,76.09035297849944
2025-04-21,83.74110285097125,83.40894516743535,76.3232142325702,80.33578263647054,84.76337529581497,81.49915703682579,85.8408755853237,82.16894679959218,85.18204962620658,82.66677625528077,76.63076722558753
2025-04-22,83.96607531262292,83.65475255838052,76.66141068089105,80.63399836592575,84.99738740786734,81.82508186649238,85.90435248293632,82.33103778733555,85.33799070848617,82.89392636292246,77.11022505151756
2025-04-23,83.93424857139118,83.61283145712753,76.18519407568223,80.57198025250901,84.9664561793464,81.83541180398686,85.86692974990245,82.26518429904229,85.28482741767233,82.7270034313749,77.08788284195523
2025-04-24,83.95849636559845,83.63511057618888,75.3223350560032,80.62128517817888,84.94531598946567,81.88107574117443,85.84277225966053,82.30769260900384,85.27276301695197,82.64194172943716,77.0351329252882
2025-04-25,83.89100115937025,83.3769142881719,75.16482046581817,80.57597949469387,84.86690869891298,81.83313208322511,85.79194635179897,82.16182155485262,85.17510649255762,82.59573244617049,76.88643696493135
2025-04-28,83.8926735789333,83.36361159486844,75.08562369341377,80.5860596028549,84.87461503910727,81.85442046634182,85.79457356190123,82.12033070680334,85.1771514662174,82.60524662457111,76.90745435366205
2025-04-29,83.90196063285121,83.37081586377487,75.14518096653352,80.48283181897816,84.88000080893464,81.8674209821679,85.79741248040135,82.1138918784355,85.18303495609551,82.62425663043345,76.95171849147953
2025-04-30,83.86097378013476,83.27471114558968,75.07565240476364,80.08678253479941,84.83528934807511,81.74612700500036,85.7294774337308,82.06768989855294,85.12939197703686,82.58079002647737,76.78584752277614
2025-05-01,83.74823773467189,83.17150627342134,74.79866121991978,79.95011523658472,84.7427818784611,80.57755497809444,85.6022353061211,81.92428093157703,85.02725601792824,82.40989022330706,76.6227678925672
2025-05-02,83.78257037173817,83.2059628737724,74.72728229860147,79.9455985534245,84.7710077929867,80.6130645364059,85.61863401548656,81.9660229581076,85.04748115309943,82.44342700916721,76.58635168980578
2025-05-05,83.74263313875092,83.21168925752313,74.73081730880287,79.98321158296991,84.77964845527764,80.62162766051746,85.59651814994228,81.9703472377026,85.04834147116969,82.44516072364083,76.59835550345036
2025-05-06,83.6562708861213,83.18055064913804,74.5578516726827,79.8866862461,84.72476859461794,79.9516433639909,85.55016864112875,81.93543551513812,84.99526207374377,82.36943904731936,75.87777094045757
2025-05-07,83.63485186080322,83.15294473853147,74.53203804347523,79.84425763764305,84.70749426376896,79.8533162740107,85.52959439952943,81.87374200162525,84.9222069952579,82.32607163070472,75.85735585549747
2025-05-08,83.56591698300467,83.1147127512995,74.47603942595528,79.72224666527377,84.65377133608325,79.55962953844657,85.44047119287929,81.83437348146278,84.832682999595,82.19267047213017,75.67048507848219
2025-05-09,83.537174820047,83.06178704514753,74.37522316603835,79.62887452866343,84.64128148411714,79.44323089737694,85.42531061693364,81.81843975581828,84.80685448400988,82.10208374888492,75.65303258879953
2025-05-12,83.54527179554631,82.99904111362738,73.90186763097498,79.77236936046461,84.61077249503694,79.55546513309567,85.40644179588907,81.90082588465852,84.81125958576624,81.72916269070234,74.52380884783405
2025-05-13,83.39008394435983,82.80576891473862,73.2360989018716,79.3242043322453,84.44631970601912,77.96471626619714,85.25428369156256,81.64768041978742,84.6594375433542,81.42177277494743,74.3090019511251
2025-05-14,83.2692109612617,82.76030874156471,73.45562874418789,79.42024368990151,84.46673681347325,77.9328160637678,85.26581808235078,81.51991093229269,84.67437202004223,81.49476895568537,74.48763902300445
2025-05-15,83.22613726650107,82.60555139646439,73.34167335890834,79.36741308921458,84.40991855616032,77.92014346357992,85.25889469966731,81.44432269110963,84.65440414956092,81.45274119815821,74.45208769550334
2025-05-16,83.26970497848099,82.65530635231877,73.67216727652101,79.39088152144832,84.43905619279735,78.05581877635564,85.29921590093818,81.43102988902156,84.69916794932992,81.55456751585012,74.73276864002113
2025-05-19,83.26839859349255,82.64307748955285,73.74987898728114,79.31593940315835,84.44149550194385,78.08570390720752,85.29562791797404,81.42321557984333,84.70179867394711,81.57563609098874,74.80483166310994
2025-05-20,83.26363179986585,82.63807843987405,73.69092668638649,79.30417869088863,84.4338382769869,78.0546942123561,85.29083118528253,81.41972337206076,84.69547881233859,81.55364031742516,74.76874637893647
2025-05-21,83.22352356626423,82.74054143693303,73.96364029866531,79.42797941701474,84.5207273187337,78.31413427311887,85.3487503999419,81.49570674259142,84.71414455065016,81.68262998992084,75.14249980018279
2025-05-22,83.21584244620209,82.69571986559362,74.02075329433085,79.39251314300978,84.51115911200463,78.33202543424069,85.3352439917953,81.4796668194033,84.69911386695233,81.67070709014176,75.0966824926409
2025-05-23,83.18949107708741,82.66247285124643,73.92672320343857,79.35739312201198,84.48024616509889,78.30229117418992,85.31144474914744,81.4357606288622,84.67994343748501,81.63160049640618,74.8251664125851
2025-05-27,83.3038269643148,82.79896439405194,74.18627770266501,79.43937719885894,84.58645740024832,78.54886049977384,85.39528160567757,81.58205917704092,84.77686143080908,81.80008440201529,74.95666430742075
2025-05-28,83.26786820356438,82.7968225913483,74.14906362739528,79.4530994797083,84.58348677912772,78.5360427208105,85.38625180130042,81.5645170996372,84.75099719845035,81.72568052932407,74.80646593866338
2025-05-29,83.12770186634424,82.77104162906917,74.10950426358943,79.43873820643873,84.56510651358548,78.48655256898259,85.3587308825221,81.53660347512255,84.73144932117721,81.63882610804514,74.77479875550115
2025-05-30,83.11265113514376,82.73210939442497,74.01080789735538,79.38910926200559,84.55290141386057,78.46922711279014,85.34627619677522,81.51850142646101,84.7177705910256,81.61154250432466,74.69003219042548
2025-06-02,83.11236135902104,82.7259793049199,74.01399682596828,79.32682776674937,84.54581936017146,78.46630841473417,85.3255620001024,81.51748828561347,84.71268896474956,81.59692054725974,74.7082797345583
2025-06-03,83.05256654859144,82.70996628647806,73.92094964751706,79.28995131545166,84.51842558801854,78.44608728600988,85.30516156613992,81.47360729603021,84.6674240282459,81.48060462536633,74.68323601675256
2025-06-04,82.965638960923,82.68253016524531,73.79433844572199,79.17793097402974,84.47402929866637,78.33271463614675,85.26700699348329,81.42333082707714,84.59025675433989,81.37381015395867,74.27622868012014
2025-06-05,82.89069452502889,82.54152771609752,73.66348212210538,79.17430604007656,84.45346140522376,78.28703030177391,85.23823653274135,81.3866322252113,84.57058409703619,81.29011399456681,74.24238170485785
2025-06-06,82.85634567920555,82.50822614511681,73.61810043949501,79.15896259274854,84.4354627607704,78.26299437961103,85.22251922776987,81.37224950032946,84.52169169323548,81.23656562950178,74.13571379977934
2025-06-09,82.83182005558803,82.46705641385695,73.59440536558765,79.14061772616864,84.41312589146646,78.24627785116402,85.21075710503428,81.35251475791891,84.46552115900667,81.22167345457558,74.06165879775119
2025-06-10,82.84977302048766,82.49582751309723,73.60623849790066,79.19289660778847,84.37142849929955,78.30671691111752,85.07227321759612,81.35813846253146,84.47616456216507,81.26184605003567,74.07441036491173
2025-06-11,82.83595306504829,82.46671205356799,73.55598399018557,78.9736889327454,84.35229406735695,78.29643101447697,85.05219133967327,81.34311166852072,84.41942530475694,81.21962618946462,74.06778097057764
2025-06-12,82.7004420166097,82.39360869761124,73.4667356032214,78.93190214248496,84.31060559104864,78.19202844749125,84.99482593731577,81.28224817422824,84.38536238653963,81.16700553837163,73.86158094652829
2025-06-13,82.67648050756371,82.36536097934682,73.45171008876436,78.01728892098257,84.19989061630093,78.13419540976123,84.95314434646497,81.25419081971532,84.34889685531094,81.14564090338587,73.82526631574808
2025-06-16,82.59337015258305,82.3532564579007,73.4210001067455,77.77515509528641,84.18295497721199,77.97872238721662,84.9328351819774,81.23880155057181,84.32663770561122,81.11937064232994,73.67441379747017
2025-06-17,82.61460300028143,82.38817471521976,73.53463547002931,77.4736139658489,84.20628246243395,78.04070880134346,84.95544671430007,81.24039716865202,84.34461989209224,81.12968113689027,73.76357688776945
2025-06-18,82.61689653083722,82.39452248232988,73.65497364159859,77.46988995604157,84.21300413358557,78.09264307303857,84.96210732252251,81.24553074986729,84.36209300568869,81.14735713211307,73.84259361591437
2025-06-20,82.55765207004681,82.37697758783041,73.4820247972311,77.39199991259252,84.18957392266518,78.01444876884636,84.94403518783776,81.21651383311907,84.30827685612365,81.12230374503605,73.80795249156364
2025-06-23,82.54326957208714,82.37506233073374,73.56455557175673,76.37963554138305,84.17216403347857,77.93891931688492,84.91969584319902,81.18016990002114,84.27976151560289,81.11829092365325,73.83703098913679
2025-06-24,82.60426356579504,82.40235189710259,73.47903027922821,76.10807804366807,84.18368071349856,78.09014939705199,84.94049031292381,81.2527730353415,84.31667682127014,81.17660698281624,73.9980266690257
2025-06-25,82.51782142541646,82.38624823201077,73.48268836133667,76.09011755374654,84.12321567062351,77.89207464521974,84.91908834730113,81.021436027144,84.28228443174841,80.9016916926987,73.98368616145771
2025-06-26,82.52603111970781,82.38696087471,73.44212368528522,76.1360984676341,84.1237675815225,77.87317619234757,84.91804175284847,80.99448261489687,84.2681905683414,80.7197999786197,73.97773068056895
2025-06-27,82.49189466401795,82.31787619498017,73.45462143256486,76.021705086086,84.10053584764255,77.78366587612372,84.87772505188478,80.92156004278232,84.23907543464533,80.7144028741311,73.96511814313891
2025-06-30,82.48938380288824,82.20187045374298,73.49857813631826,75.98112582336131,84.09097209632499,77.79383764626878,84.86913958273782,80.91622680698795,84.19736568612839,80.71747207246298,74.00626768514243
2025-07-01,82.25190758767488,82.14105682540914,73.45590153999616,75.94719280926802,84.035750306645,77.71201655147114,84.7946917385359,80.67383828127994,83.87262490721575,80.66014199630453,73.84878036705506
2025-07-02,82.13661210773076,82.11179498365797,73.4868197761127,75.83417038425628,83.9911437713878,77.40365845311054,84.74865079500609,80.64110225778911,83.73676550091962,80.6387709037995,73.43567305309207
2025-07-03,82.13204639962963,82.10823830090297,73.37890672844911,75.78090594050619,83.97372665766775,77.39838735094989,84.73788302747991,80.62787795973205,83.69361591195997,80.57349169188868,73.45034086834167
2025-07-07,82.18196157863554,82.1619079593225,73.34587390799473,75.8649241312676,84.01539214528472,77.49979739710767,84.74394691683831,80.66833291695441,83.73323216727269,80.62883944766051,73.33776953971675
2025-07-08,82.11573043280957,82.08697630773436,73.14712854791138,75.13375014509676,83.87348135007909,77.33193101155082,84.68180122139765,80.586536947596,83.60741937062438,80.54923295175882,73.11212326446865
2025-07-09,82.0933198906072,82.06029277429995,72.76084150692007,74.91416788006093,83.85398005001281,77.2868274589252,84.6611445079764,80.5720368083862,83.58023502057848,80.50862654843377,73.02966969034618
2025-07-10,81.93122754282356,82.05177929281284,72.81071086646406,74.962490608552,83.85312207667589,77.3227092139709,84.6559369216132,80.48001913019802,83.5832258709526,80.52649116329603,73.08154620752583
2025-07-11,81.92080248272472,82.03217413846993,72.81313416185466,74.74521882504904,83.83065737522907,77.31511254315178,84.6440504700131,80.47545600174985,83.56972743305036,80.4942875927695,73.02444169047959
2025-07-14,81.86591854964843,82.01318677127954,72.7796073007952,74.59195879400454,83.80395863263313,77.27422574872219,84.62140592709233,80.4315589366391,83.49080128012982,80.44722163109857,72.99122250545341
2025-07-15,81.93067652864325,82.07858968709374,73.13539479266913,74.77470585143878,83.88402036926986,77.52927704192145,84.62493772507646,80.04800267122974,83.56615129228204,80.59094968539743,73.25810601035914
2025-07-16,81.90911634829041,82.05840737042267,73.09298793290755,74.56587188767608,83.87301198460621,77.35940090151142,84.60405805029212,80.03776759991781,83.53620977832558,80.49988836140761,73.1820624340954
2025-07-17,81.89955826082279,82.05269644758785,73.07757400153719,74.58865410637404,83.84253185939905,76.80557279116304,84.58028804375897,80.04532174256613,83.52615813139998,80.46656394087847,73.22489571289566
2025-07-18,81.87357405485673,81.97656357180236,72.97870650726381,74.58016538019824,83.82081233142708,76.78894882592668,84.55614032598217,80.02821027006883,83.5017011635206,80.43160856852094,72.73607396874705
2025-07-21,81.72914796665104,81.95412431686434,72.9530243505198,74.42441366902841,83.76995484959187,76.63064434500023,84.48564516507544,79.99435764846217,83.45403093993276,80.40275798577997,72.6741098319476
2025-07-22,81.74072766988955,82.027624815006,73.24551905496699,74.47223713950868,83.79365010234014,76.82264271397351,84.47358626452201,79.7321988390688,83.50779846448089,80.50272226398687,72.996873460202
2025-07-23,81.74571750009594,82.02422399412453,73.18717016597314,74.57305806367334,83.79436875195687,76.89182219165058,84.39350298474918,79.7318151905367,83.49210362724072,80.50928722326005,72.56444934738616
2025-07-24,81.7212645662876,81.96660748636724,73.20958739119592,74.41194696820757,83.77855130990514,76.8869771930497,84.39244242691684,79.70135537245291,83.44688320495848,80.46549924509605,72.56033246331576
2025-07-25,81.5543823574162,81.89535358899508,73.17211941008541,74.28347367519045,83.74410196654219,76.83731362311536,84.33651348723663,79.65568194112436,83.35539575161793,80.41486935177109,72.50366934292342
2025-07-28,81.5288310839487,81.75556441067356,73.21360128561798,73.7429478699622,83.7151349615928,76.82077682262481,84.29256606324587,79.49376700333478,83.27235747732983,80.31977803277867,72.52621870040905
2025-07-29,81.33427783975662,81.60435319832995,72.83442423253345,73.4365629449865,83.59020917560072,76.65718226145246,84.05963248384,79.40232971482102,83.16185600184811,79.77881903975647,72.02836178466885
2025-07-30,81.07779092591362,81.5548008277201,72.75615862950688,73.42189712528975,83.52389120482793,76.5510247592814,84.00220050372431,79.21567073806874,82.96988360349472,79.56463989775466,71.60315991778782
2025-07-31,80.71888821331599,81.5252564015455,72.73686456119889,73.3809330751751,83.4556988079735,75.93379172690864,83.8691739718987,79.17656509457997,82.91990544631282,79.45740890749227,70.8199940067237
2025-08-01,80.8423159436464,81.61747111438312,72.47669622294244,73.68358247675425,83.47829754690241,75.51244253060342,83.93436797745098,79.38444248990356,83.00604310636378,79.5893084820937,70.89972497212712
2025-08-04,81.04258522989957,81.75057886219605,72.75111675017504,73.50130076116882,83.6097549197487,75.96732831528203,84.02562532969921,79.61595802484369,83.14938141401716,79.76974131267693,71.46411723757845
2025-08-05,80.95458198044946,81.70133501624217,72.6914697250691,73.44219123780027,83.58028951408599,75.88752985676938,83.99741790502199,79.58068221555038,83.05247882332695,79.68393579711656,71.19613385752058
2025-08-06,80.84212563387135,81.3299934206243,71.63582628109448,73.21898542960743,83.47696037487857,75.44437220469368,83.90664643929138,79.4388978735538,82.85516156439772,79.463750619476,70.85815275660093
2025-08-07,80.78959249209886,81.2887374597141,71.4446029698946,73.17523874224361,83.33050251665158,75.27186848667604,83.87325178955129,79.40425491222045,82.7823470365816,79.41062436460237,70.6749588213897
2025-08-08,80.771665879061,81.25362606132117,71.39532788363223,73.14218352756322,83.27931043209327,75.2217858648491,83.84779255132642,79.38965096132998,82.75948036873673,79.0378778262904,70.38235245060734
2025-08-11,80.6850163260114,81.23014402745734,71.36124544035222,73.1176960573729,83.25737996553083,75.13470826603071,83.8267602939061,79.36334831313238,82.74502750336322,79.01619423545428,70.37490271444466
2025-08-12,80.76778525583804,81.28462585564623,71.44466947516915,73.12987555482745,83.31252014612177,75.27697840153459,83.87139497556744,79.45381776130466,82.81112797643249,79.0008093773987,70.53568409499465
2025-08-13,80.79934433489008,81.30223027461153,71.26564936509939,73.19562707571795,83.30914152675082,75.33605922215776,83.83565916287682,79.395742013027,82.783208041065,79.02764949088244,70.4866221794175
2025-08-14,80.77346466788143,81.2763683972338,71.16134388804625,73.19953743268218,83.20841309429652,75.16316232838919,83.78021239000678,79.3713940526115,82.73287817675387,78.99719769042754,70.4614393423638
2025-08-15,80.71207576153138,81.21932000684039,71.0233395363686,73.095769193393,83.04113793741578,74.55536965492917,83.68732793176092,79.28874839276222,82.66737991821807,78.81009946119316,70.38602125146342
2025-08-18,80.63977781251958,81.14129675294282,70.98997787743664,73.04538429308843,83.01634854074874,74.53035471753473,83.64057779878004,79.25348662359745,82.63974256023019,78.73729856515679,70.3566059563602
2025-08-19,80.39652451742155,81.02098156136557,70.89490224110473,72.95960894352018,82.93856137464813,74.4357084885557,83.56021677428643,78.7505249670772,82.5606627439397,78.43699121230148,70.29054612997925
2025-08-20,80.34806440151263,80.89293529993441,70.87277371893249,72.82301402633712,82.89879301999736,74.40346382260822,83.52734045338009,78.65397812290568,82.53237264517915,78.41471058316553,70.27564044192712
2025-08-21,80.33593441141156,80.907492002707,70.86747286610625,72.69262790432647,82.90404102801602,74.40699749166784,83.53006943804651,78.66752788575232,82.46827233693449,78.41754592194584,70.31734734037914
2025-08-22,80.44779043666414,81.011080525217,70.52532918747539,72.96191957424386,82.98260464501655,74.47879799479813,83.607907139998,78.72214767807408,82.56479662353992,78.58010831052644,70.35228837390312
2025-08-25,80.39202652289738,80.98809618992512,70.4522098691568,72.8469867697962,83.00124397492684,74.56907960435802,83.625868009001,78.72467475250636,82.52646471211958,78.53517437704079,70.50753510607652
2025-08-26,80.2660960100354,80.9553677897782,70.26893678732978,72.72268554855802,82.9641725419592,74.49603324018871,83.54356659716095,78.69186664641457,82.49556450649612,78.48861185448327,70.46354323552998
2025-08-27,80.24103466204652,80.93327227927746,70.2437583923332,72.68607627380497,82.95622494521172,74.4837502519091,83.52547114129618,78.68341835790986,82.48745971684414,78.46550146482234,70.453568910241
2025-08-28,80.19419288784505,80.91432693518482,70.15745296373278,72.56316617753296,82.9369342406365,74.45527605819606,83.50634353103266,78.63295543418421,82.46683292031855,78.42997830507124,70.27028802598964
2025-08-29,80.14144419492283,80.82764220600569,69.89287522496515,72.44807021079765,82.87689192108056,74.22717896528766,83.3733005908849,78.49651830959827,82.403130058673,78.30275849637144,70.15906553436685
2025-09-02,80.09180303121835,80.84794350869882,69.76011910201461,72.3879516963771,82.88429880675717,74.06681315352562,83.36311345943604,78.53718476044779,82.40546547659147,78.2234726792044,70.16955532083261
2025-09-03,79.6934649481673,80.7754784013273,69.7038271661715,71.80304132860834,82.81530966305566,73.99531737875414,83.28352695824029,78.40255634178699,82.31918372308577,78.1727203580285,70.11206843024152
2025-09-04,79.78940134709437,80.81312694610065,69.71620166938462,72.02134721534158,82.85328010386033,74.01426380850017,83.3235366020864,78.42210134180262,82.31287246107411,78.27171218390427,69.99170809720005
2025-09-05,79.64517644739387,80.72164398130684,69.57004809912233,71.68884173286534,82.41983021722751,73.82478835881466,83.23363118107132,78.33254343970755,82.11687219883724,78.01469033868916,69.90070246158558
2025-09-08,79.63620226715634,80.69010429094966,69.52052976621043,71.69541641241491,82.39946141085723,73.80865472366936,83.22042081994083,78.3045948643718,82.10880424006893,77.98217850592457,69.74431261316411
2025-09-09,79.55317376923092,80.63253951327499,69.41248834156279,71.59102642864559,82.3283608550584,73.62559747606619,83.10122160605849,78.2438484425621,81.7446885383914,77.90410150083176,69.5635565681486
2025-09-10,79.29301464052853,80.35464890632016,68.89125252547204,71.1725826700884,82.22815551188316,73.27262205456154,82.97016377095976,77.94037159564321,81.64215077428113,77.77454400416195,68.91988853646512
2025-09-11,79.35316688053634,80.40594983418613,69.00553967806253,70.84567541159937,82.26797170615255,73.42137616940035,82.95587636488528,77.86523721093975,81.67586215929126,77.86713839426902,68.68399652269389
2025-09-12,79.18938967052941,80.29883860248324,68.91735105749663,70.7778410230345,82.22215797122203,73.18042470183518,82.8861499320135,77.80912010655518,81.60037603354141,77.8131529614003,68.17435426776407
2025-09-15,78.9426794421363,80.20931459338931,68.45733822410035,70.71512893598272,82.15486666597775,72.95371597814533,82.81452568867118,77.72797417366627,81.46714686699681,77.73416432105464,68.0631061241893
2025-09-16,78.89557258240224,80.06597806846516,68.05757040220506,69.98131346082857,82.09970316259896,72.90441322239329,82.7595911032898,77.68632688663709,81.41724199059631,77.61898505808752,67.45081307470927
2025-09-17,78.8572321398182,80.00412342859788,68.00961986436823,69.93883443441214,81.97782769872029,72.85852070389774,82.67325601665654,77.56345267094144,81.38350134814458,77.56725116139052,67.38291742302022
2025-09-18,78.79026877382944,79.87549030708641,67.70010856013064,69.81379673489397,81.93266941702304,72.79897969065081,82.5225658416331,77.35426154675022,81.33666942880278,77.51747499096993,67.28738412925999
2025-09-19,78.73988873138919,79.82395609041707,67.68666654974136,69.5420213921024,81.90399235178737,72.77684284732308,82.49315828083454,77.22849037996815,81.30704419068839,77.46028868389001,67.07398429686651
2025-09-22,78.61456437450529,79.74444946372628,67.11828053050445,69.49313235495411,81.86218551560088,72.71481374796585,82.4486609859162,77.05800409003756,81.26468619180842,77.37190203234869,66.73874720374405
2025-09-23,78.55534373620686,79.6087386813319,66.91303256190534,69.04006898514653,81.7480989030763,72.64629343327266,82.39125673701504,76.96426143966649,81.18148183188178,77.21030399897985,66.62105910260033
2025-09-24,78.51649561321001,79.36479198729386,66.77541670261581,68.4195887101839,81.70223035502184,72.61864658640005,82.34104690653868,76.93246222440519,81.06240618956329,77.07040838834959,66.25447287321455
2025-09-25,78.53313181508803,79.33817724117836,66.9892643210716,67.6810890085901,81.59441223148265,72.72143706585715,82.3379878423281,76.90074403551444,81.07720568397438,77.08495234491572,66.49417394461783
2025-09-26,78.55174792056002,79.34749589581716,66.85126899523273,67.69778340518954,81.56046867152419,72.7566853075522,82.34166829306936,76.80499597231163,81.09089626446202,77.1143953402199,66.65983075375502
2025-09-29,78.53093653010083,79.33625700101351,66.8925214662906,67.0603426946008,81.52949242414029,72.77309552080204,82.32040158641786,76.78469348393516,81.06853798043205,77.11636815478421,66.66343102411459
2025-09-30,78.40693170678632,79.20806605442766,66.85129495603161,66.70883695660841,81.38299448556705,72.06747139171316,82.25192034578942,76.74423237775571,81.00647412370097,77.0611793339236,66.65091372916386
2025-10-01,77.82176952537728,79.00613752252669,66.5071593937212,66.60542456710239,81.1233707817387,70.46313137196306,82.09971144824713,76.55107744177673,80.67076698680165,76.85511401434579,66.29388961831616
2025-10-02,77.74327679497142,78.89055490612216,66.48192206843005,66.31224853446449,81.07813624111928,70.41254112631431,82.0524263925145,76.5266488071023,80.33370389653449,76.75921011215195,66.29780805699068
2025-10-03,77.67670049038638,78.73345235318067,66.43064524329769,66.30357404091298,81.0384973289233,70.34322685638327,82.01929405797776,76.44291131388407,80.30055864226426,76.71959206673897,66.13253664763164
2025-10-06,77.64016751746597,78.6419318884194,66.27259215272716,66.23105919646463,81.0003522716328,70.21114532930423,81.96945197562069,76.37118857219541,80.25554160917751,76.48900706424982,65.769168460294
2025-10-07,77.5783060943023,78.38853068854192,65.57684417025868,66.06965187878029,80.90552378242751,70.09589965880086,81.91321292208026,76.33645634880125,80.19501337441737,76.39707845301314,65.55458474230079
2025-10-08,77.47556597725547,78.32532267512562,65.44322761541585,65.90231711741961,80.81406636772532,70.03353547261277,81.79905645704659,76.07435535590321,80.13065977702918,76.29595208518613,65.47687336628732
2025-10-09,77.49595490336442,78.29540496856437,65.17543254240168,66.02301695711184,80.79851432512721,70.05216757262158,81.74050902282809,75.97817763453344,80.09710797448894,76.32056342390244,65.50746605828118
2025-10-10,77.82550422695832,78.66096343470862,63.79033240668532,66.94990961866029,81.040937835417,70.48929933902137,81.94157273359377,76.52094250712638,80.3759105206482,76.49487831015884,65.58437197627865
2025-10-13,77.95374235303248,78.8207454020763,63.310985488609106,67.7605392556141,81.14941007326179,70.22937458361478,82.05098161637913,76.74967924912438,80.48951240517577,76.55410566723378,66.00055612819695
2025-10-14,77.93445366233858,78.74927401051676,63.81487470791274,67.59303430780892,81.1637761122248,70.15698824790634,82.01689187225506,76.29990604787749,80.51228034353029,76.66970315775876,66.2075547498845
2025-10-15,77.87852668938729,78.6906035452983,63.7542066303318,67.53716669212311,81.11824466037807,70.09320919576824,81.91351217887576,76.24630362838766,80.38105933502938,76.46320409161059,65.99493283818363
2025-10-16,77.85595209344042,78.64199002361909,63.87990469306364,67.63099027207602,80.74434991363593,69.97056025952175,81.86890805514517,75.90793842415717,80.34539681542805,76.31267588810559,66.21941866171248
2025-10-17,77.93189414472764,78.70902207733904,63.89462308928238,67.94552214450624,80.79442922308309,70.08541651083574,81.86876412208791,75.88804854153499,80.28921093681657,76.34241984054866,66.01558618433266
2025-10-20,78.09731977194372,78.8014374872459,63.726770947459755,68.15830908407318,80.89387741680463,70.48356341608641,81.95641475262258,75.97996124239359,80.40975986708234,76.55146086141995,65.57197859706653
2025-10-21,78.04301771451118,78.61458840949813,63.65413344965787,68.151320410108,80.84968473994721,70.41597060932025,81.82069396063656,75.9314499151892,80.36193533612845,76.49511699945708,65.3309694599898
2025-10-22,77.93084126901341,78.53474058861667,63.410928414267964,67.5503246815102,80.77386864478255,70.09232433574147,81.67498217531549,75.87769074183794,80.28255849860628,76.34092439437963,65.24888287205461
2025-10-23,77.76198249790498,78.51484494550361,63.245958398959786,67.62439440405704,80.74749848882429,70.09337538308375,81.63347406282587,75.8949325809864,80.2366409474265,76.32004364465284,65.13074999625846
2025-10-24,77.7058957426471,78.43042295840726,62.96031301710605,67.42260255021282,80.65346723979938,70.0323270692186,81.58433627121111,75.6463279362073,80.15549973882466,76.2589302522523,64.77715898371132
2025-10-27,77.66543040402446,78.39179118496698,63.003550402032516,67.4627959996455,80.65279778333411,69.98961698832571,81.54525665292955,75.68584508317059,80.01953413099142,76.24946091679399,64.65418961228151
2025-10-28,77.61839707846222,78.22077755818857,63.17271780565626,67.5567143412739,80.60292688766619,69.94626519538431,81.50134083805172,75.28779786568145,79.77708954279406,75.86462972291109,64.85684934665646
2025-10-29,77.47559942593028,78.10742372945177,63.629990033749,66.80235385107618,80.43194193144885,69.98125232485219,81.10212868558085,74.71751798352145,79.65575670655127,75.72587920075317,64.30866588286332
2025-10-30,77.42194603554954,78.10114200072508,63.867029141607176,66.95563366143149,80.2734471767799,69.89572033669555,81.00316335765122,74.80240939052965,79.71894568744719,75.46388295612725,64.57806077257071
2025-10-31,77.2885587566614,77.33387014470287,63.862911782207355,66.78358264844731,80.18747870874994,69.83057749197503,80.91811402735074,74.63474888671092,79.5644502214747,75.38732766231601,64.15836090673655
2025-11-03,77.0051666153015,77.10373856541838,63.61550891297651,66.70047284172941,80.12556165462567,69.63863778945175,80.86494545292409,74.5377577172337,79.50857796158076,75.32532301797724,63.93789412018518
2025-11-04,76.90066659657913,76.90585660728912,63.376974224047515,66.61120611885308,79.83378729127897,69.3054449745397,80.7222922959019,74.21799816872033,79.40412429144284,75.11807991499391,63.812868563235405
2025-11-05,76.8995578910017,76.89278766788922,63.38343937347084,66.5100275175432,79.83016747333534,69.32200100791039,80.71603572426571,74.18890135808677,79.40519024098316,75.11747183066852,63.756561422542184
2025-11-06,76.8775141291606,76.65323990226338,63.40358787581104,65.84838209993174,79.792471545861,69.11827890188394,80.65657492008333,74.102919447659,79.35698819358578,75.11015054201114,63.812860337760334
2025-11-07,76.67572495719192,76.53478603283905,63.144408417052816,65.87310266749122,79.72710958596849,68.88096485902568,80.59527469251131,73.94261449465553,79.28486214172312,75.01738291670478,63.88691012187919
2025-11-10,76.69538694659195,76.56152339500902,62.71016506730643,65.85900841929693,79.67181990771373,68.86263182950498,80.57314074753816,73.94565863279014,79.28671770230676,74.81808418047002,63.54003894610719
2025-11-11,76.77908401139136,76.57449761106287,63.36436753699954,65.99591145558485,79.6697606578672,69.16477847506113,80.43093812875247,73.60677349642155,79.35156984224211,74.99691212250822,63.36899172368099
2025-11-12,76.60805484948915,76.40663404601523,63.28925360428627,65.50582044175133,79.4404546302132,68.75288565044005,80.35275087829692,73.52251943762145,79.23023779234373,74.81613051002215,63.26676329034797
2025-11-13,76.80091614028476,76.646887906399,62.58119300337209,65.0040570383119,79.53800155536445,68.5840101289323,80.45773935429173,73.81402288789988,79.18374036546102,74.99910504276316,63.86062280686925
2025-11-14,76.76462829947161,76.6249242553922,62.466853280381706,64.5787503303299,79.37598897499694,68.55983107906148,80.40417057012492,73.65321897657385,79.0724870886635,74.76198814271001,63.8284152601728
2025-11-17,76.51970215125186,76.74493079453357,62.84974651260322,65.09688340825714,79.34406941499294,68.35307088735301,80.46259564883592,73.84473045059732,79.20003886193552,74.89431082269815,62.690116356053366
2025-11-18,76.2836638713427,76.36312119839931,62.8351201182486,65.06718841516201,79.27845115810862,68.30978032078048,80.37913659793483,73.5122234813298,79.13804990008352,74.84380788464402,62.62995612981999
2025-11-19,76.31892945320783,76.38482550735685,63.03807224950238,65.12285265421009,79.1677034557513,68.38290680173677,80.33774276182267,73.40383376841554,79.07709026469706,74.91045900079877,62.7802660936986
2025-11-20,76.49463632971721,76.55482482135268,61.88722017172855,65.43301000973638,79.23648849879028,68.53953518102135,80.4468030948792,73.7611417380312,79.19947406017762,74.83004424617734,63.00739044816246
2025-11-21,76.82710773700657,76.80310235860505,62.96607124529563,65.63190479927803,79.42760396363698,69.33866484184688,80.59055111005283,73.36872021680468,79.47373021707521,75.22841950739746,62.7742613057868
2025-11-24,76.86741599094339,76.88797941452978,61.769514153067504,65.41924315328046,79.40696556596453,69.32372212489368,80.56412707097948,73.53614008836642,79.44628422107264,75.17026934906515,62.625243496874624
2025-11-25,77.08742366100776,77.1818709843591,62.682162649647495,64.69573974190403,79.62712946196325,70.14186270960498,80.71647209172978,73.5614226364433,79.66146851190672,75.48164589154922,62.16376095729252
2025-11-26,77.05050805169179,77.34415600928037,63.3841709223624,64.94828297236879,79.74553351209602,69.86683858367367,80.82154698647909,73.74828750403738,79.81068532803279,75.60818895730542,62.833369395614035
2025-11-28,77.12762298235484,77.40299322870916,63.60544083868081,64.89042665971802,79.78882359422892,69.57095857082578,80.86259512097824,73.86529218928123,79.84849839487556,75.67122693283983,63.051858460989834
2025-12-01,77.15271544561301,77.26243612899857,63.30738554936365,63.80167899363784,79.80823794786295,69.89670314252845,80.82023684831442,73.73438609163368,79.74584799378712,75.73876945706436,63.08728017529881
2025-12-02,77.06464965376479,77.19673953374249,63.310444590410896,63.19995790236638,79.75127501611782,69.85808523285432,80.5985970204931,73.46160479607241,79.64239628600353,75.65914691101044,62.93555484257881
2025-12-03,76.93942646524958,77.19270829327442,63.08005789246821,63.34093620642361,79.6806483167808,69.84804521999604,80.56828359324362,73.36139714234008,79.61620648559408,75.53372277749729,62.44542091977627
2025-12-04,76.83398201674557,77.15040289632289,63.09980433060657,63.289635143148715,79.66030184351507,69.84925227993435,80.48353842818649,73.32578065531084,79.5850628469407,75.52589025844485,62.421383844118736
2025-12-05,76.45728874581805,77.07692850729839,63.08300651600576,63.24297736544062,79.61879241514585,69.8363097122775,80.42534036917286,73.20144137733905,79.55363976227223,75.4928513946234,62.26301651519171
2025-12-08,76.53834573147978,77.12307526003741,63.41714422889309,63.49932958767567,79.59105385248512,70.0842463728507,80.39343770534141,72.86684837649676,79.62240493316195,75.52632493915225,62.68474585403489
2025-12-09,76.47074740188005,77.11831661791791,63.2666431117347,63.31396545271286,79.56781965188722,70.0476193587939,80.3199426719029,72.78982464624956,79.58833698689963,75.50415452748341,62.63297912854812
2025-12-10,76.43382691668545,77.2507623750258,63.41275589034629,63.70737681043611,79.6720137044594,70.40361424003689,80.36993877841334,72.64006534291352,79.6688500402977,75.40545425381357,62.33632011457773
2025-12-11,76.11079635110423,77.15671785790722,63.612980795698,63.012498749643406,79.56793085266935,70.48109812703173,80.29582811067625,72.17648198537816,79.46503796439461,75.35300214921946,62.432552585290196
2025-12-12,76.04486450385437,76.96962853390632,63.2037831696006,63.18481199983328,79.49321417086102,70.31019091664693,80.24476358581441,71.73856039025739,79.39178931147826,75.29417997342333,62.37083122078921
2025-12-15,75.97273626478554,76.9120187753614,63.22153165321392,62.870774930212725,79.443181660491,70.04298167104652,80.20579660739934,71.5170546643097,79.31110323239992,75.25287590125872,62.28556596264575
2025-12-16,75.82877063353507,76.73631505824099,63.29552052249123,62.52583205846641,79.42430482150425,69.99571041316521,80.17166720822047,71.31425265797459,79.23645564305784,75.27403280241512,62.32772994512757
2025-12-17,75.65293329680733,76.5723054692144,63.13235502716701,61.22626338951736,79.2542519061059,69.8466779433069,79.81512173228128,71.07550059305166,78.96407905649349,74.98725445842382,62.14252111090384
2025-12-18,75.59348736557105,76.44371982853167,63.083148913500835,60.57111401529516,79.16708473219924,69.78991503236664,79.76537321437236,70.92730921622062,78.9074330344205,74.89117197662323,61.78366934920733
2025-12-19,75.45979547644338,76.31179206371807,62.67907949616235,60.494996600838455,79.08809695355788,69.719660634232,79.59279003623979,70.58971754165796,78.83640323509351,74.68438159120355,60.965892252851
2025-12-22,75.5212710787875,76.34999121687706,62.013208959665306,60.643323130132444,79.15676013882413,69.83216231827207,79.66425375585122,70.63451748394849,78.8775084364775,74.7619785986951,60.99143624449105
2025-12-23,75.45444742348549,76.29725933970113,61.91301258938182,60.531527007811235,79.13795308538185,69.80610193688904,79.641607737576,70.58393853662788,78.85347176029295,74.73794402190656,60.92942831296307
2025-12-24,75.46908106672223,76.29037131497178,61.927615050535174,60.35633456474609,79.14840949927104,69.82460164147544,79.63169647419612,70.57993436988002,78.83153952192745,74.75254549623591,60.9980864051509
2025-12-26,75.45083482266928,76.23558123958394,61.91855943679245,60.363831618180555,79.13701423041555,69.80367641230984,79.61266476159436,70.56626619965319,78.77821037907853,74.72545789005585,60.97580091562359
2025-12-29,75.41419556843763,76.17278421397762,61.83242652979866,59.952097700090874,79.08799543064451,69.76857924544206,79.5837228369352,70.55475344724148,78.70739294699713,74.56483800732244,60.87744855559579
2025-12-30,75.34211254096532,76.1524902685694,61.825231756248584,59.74352324692301,79.07070778457552,69.76397462480236,79.55383908152068,70.51093658742306,78.69161147430198,74.53338413824561,60.84183731503558
2025-12-31,75.48347316736181,76.29861324323828,62.17026110371614,60.00002573142983,79.18871487135053,70.01372025930517,79.67496547403715,70.71771689799527,78.8170159521951,74.7421674949387,61.23335755821956
2026-01-02,74.90088753165038,75.79083079468185,62.06109439196162,60.40813890496113,79.06184191663242,69.93679702004461,79.34609105084722,70.51160439855015,78.58974590347589,74.59214818984337,61.372441333108604
2026-01-05,74.82252571545548,75.69921070464224,61.13745769608153,59.92553843384693,78.8131599209668,69.49125499406783,79.19336691680043,70.32637798087352,78.43363291722302,74.25574107583137,59.24407032866691
2026-01-06,74.24827976208181,75.43538612602114,60.84611246737642,57.12228454549037,78.52544841561206,68.74161564610752,78.96909792583408,70.088632393833,77.95408057353171,74.05946492420324,59.02486246995454
2026-01-07,74.04827127402868,75.15724927960643,61.3876403733883,57.57817490052823,78.52585601608217,67.32644230432224,78.9669631862802,69.55293675366865,77.99685769169875,74.2020033385692,59.87703182612573
2026-01-08,74.05299422993271,75.22261853062133,61.96659057945852,59.575538719053554,78.56331936045949,64.93392306758925,78.91868932222931,68.21170935337098,78.06869539605898,74.35632426346024,59.960248211851216
2026-01-09,73.96407845460558,75.24271314639635,61.972127205047855,59.48140717284549,78.12699378960826,64.69901907129398,78.87484418818936,68.24737237072044,77.97769996897247,74.09551069170973,60.114641636451616
2026-01-12,73.77299077560754,75.18942135287146,61.76451514672774,59.31237588419225,77.78729114737642,64.63009626893648,78.7245195799103,68.18636884573537,77.91226166828926,74.03607049745607,60.09669949514116
2026-01-13,73.53202047718958,75.03418297281146,61.5199735227084,58.842439315814445,76.7968463265095,64.37215591787779,78.50422631311254,68.01920912807437,77.74751162625363,73.81420820766765,59.946003991047164
2026-01-14,73.36529539642022,74.50218157918142,61.58229595400164,58.23748623699643,76.65990020931119,64.17779630777426,78.38355704384838,67.54615849543846,77.6169401154748,73.71597245544062,60.04948258234752
2026-01-15,73.23686749443482,74.46276592419927,61.52948601861084,57.90662064365226,76.60133515573253,64.00325087598752,78.3210907061448,67.47697868050692,77.58034090768048,73.626844592779,60.06800775021371
2026-01-16,72.87781774558574,74.35712531291318,61.315157126253474,57.76363478141398,76.48966730324445,63.66563171088238,78.02254901149442,67.35316263298404,77.4610333100704,73.0976574538011,59.878467976610985
2026-01-20,73.47779317662338,75.05057931638808,60.1503720080758,57.627810265765596,76.9819616710906,63.10262336754026,78.4427128837581,68.56526001947745,77.47855095384074,73.56859117959429,60.92262760004719
2026-01-21,73.70740879098791,75.21427165925499,59.81086680041331,58.951451367845415,76.94731914029337,63.560440314308025,78.56804808140033,68.68661359296338,77.64118629054298,73.46983938988667,60.19554499696594
2026-01-22,73.19494052684095,75.0479922429622,59.70791230881845,58.76919880520292,76.82663680758868,63.42939327333098,78.30663616680579,68.6244047668834,77.50769092636489,73.13752270196021,60.01341894741819
2026-01-23,73.00223241939275,74.91836888804238,59.04198052482048,58.49678932986986,76.36505492773489,63.216022123156066,78.04072789923349,68.53498796807924,77.26794469701952,72.8725742148421,59.878097662188004
2026-01-26,72.93173574422417,74.74467456595129,58.862025594549536,58.42697690638886,76.23532638766585,63.17959084443303,77.97776671615206,68.50683958821755,77.2270830727775,72.82769351163064,59.77173967249257
2026-01-27,72.63571337447154,74.6244919386302,58.38356805259659,58.1535969431859,76.0106201326836,62.09506903443277,77.84218109583372,68.1175364523407,77.09812114804505,72.6592804835154,58.912022781731544
2026-01-28,72.57749899185266,74.58976207068301,58.24827635797508,57.82400858038638,75.9000919241445,62.13625470596965,77.78812601442306,67.8894696474989,76.98870040835534,72.46820952550001,58.86332765735395
2026-01-29,71.40088443718538,74.06131859741296,57.898729663613395,57.73326968243703,75.72772344279802,61.643444401023544,77.61630569324069,66.74010691456607,76.78553705090525,72.183261793057,58.62041504658773
2026-01-30,71.16789762303605,73.96783386538068,55.90273509779569,56.8002849675378,75.65871550454224,61.2355566943012,77.52435462966945,66.686280346858,76.40146331193083,71.95672521511295,58.54819385701728
2026-02-02,70.94440103258883,73.82836451215175,54.82233019802271,55.65902788293032,75.10444956866169,60.86032627684514,77.19475784618189,66.52708520128809,76.18563481093726,70.95983812623997,56.18481418380198
2026-02-03,70.187101327749,73.38993735985268,54.682673590813316,54.67789896801829,74.67440028615722,60.114889408587274,76.81140759970907,65.53149989262927,75.5159508975461,70.4689894327307,55.77825448047508
2026-02-04,69.55073162233103,72.98104272643614,54.64761864240019,54.204275297844575,74.38005190411896,59.524225757123546,76.46746612734681,64.44264655090957,74.94597031875536,70.06538027601839,54.437325016356894
2026-02-05,69.69189879205675,73.37535314827922,54.311539285764184,55.289194630461736,74.72710723516569,60.175674171492275,76.52509824488963,64.97287041296022,75.12959961598294,70.10562097074259,54.37768114042562
2026-02-06,68.87941629135486,72.97954843534929,55.24570505279972,57.0313108431094,75.17609352868062,61.85223147426772,76.98928487861951,65.65578961183967,75.61557683251726,70.98299689220653,54.76519338420631
2026-02-09,68.67089352718855,72.80373807293356,54.900143853222396,56.805157014482205,74.85618027553178,61.4617932116561,76.92563934889559,65.67948985522392,75.45305331554516,70.86322625277026,54.69394308129235
2026-02-10,68.54187782482934,72.66015517338869,54.2975297117123,56.462286842976674,74.40543172607566,60.65213777376354,76.80033715580552,65.47356711826042,75.02471335446666,70.53525266134757,54.1451009568511
2026-02-11,67.7706321672324,72.32716126122598,54.303163478165466,55.837670202374845,73.20601852088684,60.36370791857909,76.56378712891699,65.17961637128518,74.71591016492133,70.06956720841892,54.37209428474112
2026-02-12,68.47662856640407,72.48938793932325,52.836131085719664,56.75052134523579,73.62120022329334,60.189523298791464,76.70427832001884,66.08425917952589,74.81059962913662,69.73139214189527,51.66635982757673
2026-02-13,68.5457535354721,72.50074856030115,52.60635606505321,57.262893944673216,73.57462489292685,60.77697046836444,76.8078480524981,66.036042029011,74.92097282503188,70.14002474291054,52.80095107053963
2026-02-17,68.44704035712844,72.39882628852806,51.90107143424539,57.08009229769425,73.1438127377861,60.52263729960926,76.58409924897644,65.94443847686608,74.68386959128023,69.66182533760878,52.67273693429992
2026-02-18,68.37110559940366,72.34987809988198,51.644598194635506,56.72345406361761,73.09014555653093,60.42248569123663,76.48798668317124,65.93194327167375,74.46513896583282,68.96692402488652,51.97804587724151
2026-02-19,68.26396506675603,72.24425602427576,51.59070430021984,56.54519291499854,72.95253752981623,60.3746022198616,76.34644947088694,65.87233474646447,74.36184679882862,68.96004412830783,51.39241244044212
2026-02-20,67.80349497277194,72.110966616194,51.49566984941594,56.03758312806182,72.86332823352146,59.82606953095278,76.29700590928344,65.7973454514707,74.2790673759368,68.88851653684048,51.362432593933534
2026-02-23,67.89405620901827,71.98180803715938,50.601388872387346,55.26246018857518,71.92466665932056,58.19943686021558,76.09261035414598,66.0039560431829,73.80608038777393,68.3969020251431,50.585119681952044
2026-02-24,68.00484286351353,71.9242775486775,50.665212579212024,55.01661145091016,71.93353528934632,57.07085407367988,76.13045371892972,66.13345158525026,73.82451014879166,68.20133897149898,50.9592437165044
2026-02-25,67.80987220477661,71.72547772710556,50.70211793355385,54.67527693314138,71.00566630479636,56.83052523191674,75.74448135590603,65.82432105591651,73.52917916637473,67.84470524331485,50.47592605987714
2026-02-26,67.60590209842223,71.56361065822186,50.69194889653197,54.630812952021735,70.62636040760935,56.71882172100128,75.60237995839283,65.22166486295112,73.40593666087861,67.68569873752737,50.243786508879445
2026-02-27,66.9592314007107,71.22348403999169,51.336599009215604,54.65916928643251,68.79059632289506,56.424452669160125,75.37353812607059,64.56671626038415,73.22650598668866,67.58267602257803,50.52299653167899
2026-03-02,66.96650434474,71.10158887988739,51.06375690733625,52.36825693979612,68.83145559911779,56.42165881775393,75.01585215863373,64.39835020619411,73.07522724829388,67.37539499276701,50.53390636737715
2026-03-03,66.81916533081026,71.40289349557419,52.240868324730535,53.203730302083116,68.85056410490641,57.73742703938499,75.22446836581668,64.79194531924887,73.64977053308677,67.7336171141283,51.19300100298492
2026-03-04,66.83349340499065,71.3716958534978,51.839328143304044,53.02634472009728,68.86296723776483,57.67482559972703,75.1625901144878,64.83322897581884,73.59416059332034,67.73331301636301,51.27286691206673
2026-03-05,66.872559676686,70.97144945125626,53.02592553702039,51.37514685059786,68.79697378040345,58.65151891799928,75.15199231295964,64.40734078368953,73.73430620383034,67.90668921098984,51.481020894903665
2026-03-06,67.28666945036929,71.28984220397132,51.85698314293292,50.7051585364671,69.17575578862552,58.96652451373855,75.52024274028663,65.17093097055523,74.02693626574843,68.20080735577176,51.74054735093655
2026-03-09,67.24736308604778,71.24111469741061,51.7872073017195,50.30561241573645,68.98555977596523,58.69702671985557,75.46761730120069,64.92023315093849,73.9665528405693,68.16256455002181,51.56350895508541
2026-03-10,67.23990964347315,71.1958204264287,51.84570008473969,50.56504646355177,69.03598441827343,58.79401397434761,75.4981407722257,64.91350132155051,73.97253325603894,68.14370001244569,51.78004958824776
2026-03-11,67.21155259677177,71.14675430423077,51.49399486757602,49.160570002622485,68.9962615085239,58.69639786025686,75.42930762540938,64.78488499167337,73.83161356148221,68.02570270376617,51.7649280886392
2026-03-12,67.78105701497255,71.6328808496057,51.32328831782197,47.869285998504594,69.46589908830855,59.644220317286894,75.43355195978238,65.14318460430286,73.47448266704397,68.16770862295735,50.48040583190391
2026-03-13,67.66188076410118,71.64777261359522,51.159255931494,47.827438495902726,69.33388366731332,59.605734369627875,75.4130039279373,65.15078526679986,73.35804296951925,68.13998015942295,50.70677075212724
2026-03-16,67.86370776305294,71.79051867035085,51.26385159281461,48.05638123892171,69.50818972652323,59.93776255031628,75.50772283896688,65.3418864068356,73.36867358938008,68.37823915409169,51.03040834986139
2026-03-17,67.8044163600724,71.79019962280917,51.15020198223079,47.67797267381029,69.47692214635585,59.488486207868334,75.4834374976504,65.35870278424667,73.33893370073352,68.30285006439989,50.91591996320421
2026-03-18,68.49467901944094,72.3185074350873,53.1247669887486,47.86284877114457,69.93240231292941,60.96171624778884,75.52029918743186,65.49290816186968,73.92014023642058,69.18301993224932,51.819325739575476
2026-03-19,68.50562713914,72.36627368707434,53.155325295573306,47.86883591598864,69.90268647696129,61.065212483675445,75.51963131997594,65.04336410315969,73.93633258012456,69.23689435211364,51.90286388817034
2026-03-20,68.82380395442514,72.8615176461874,53.138899497091025,47.69060683756843,69.17557780359739,61.18510383174724,75.89398535588506,65.8236032936919,74.24226430842131,69.89053798979492,54.22410275253149
2026-03-23,68.97034267804113,72.98364872395908,53.319622406607934,48.233562821085584,69.39319078674552,61.08337683587732,75.98914089620253,65.98277393021746,74.43643469983526,70.00152952809394,54.832671543996234
2026-03-24,68.09845526381307,72.80182710677592,53.21071465396798,47.475856304458496,69.20174532140899,60.93683278463605,75.78477602511191,65.81677803817038,73.92166926247324,69.50408548418697,54.62813146852402
2026-03-25,68.10351385164142,72.77869060766437,53.2148343895584,46.314538688580825,68.95505508150195,61.01751813587534,75.76554209790073,65.78570477843063,73.77475064558767,69.14768060460199,54.334819520525045
2026-03-26,68.43425628730235,72.88540645856409,53.151172297082624,43.71604808508591,68.75428640615958,60.99400530237216,75.7096555967123,66.29262904126956,73.74825243677964,68.65920976856638,53.93061737225203
2026-03-27,68.59856290653133,72.93550328096217,51.90083908914987,42.10236215608445,68.75553933297702,60.95074433317768,75.67375369418258,66.50207701391679,73.29300549608064,68.50338796322366,53.77999037517449
2026-03-30,67.94732767827352,72.69261799043755,51.884847261560815,41.590410780445204,67.94965518308587,60.650465663140636,74.76194747743956,65.97978425459644,73.0924934297097,68.36591390981397,53.82823009546612
2026-03-31,69.55702854642676,73.70280174803189,51.80704824871533,38.52062667224482,69.3762761760796,62.540336284725655,75.54332425914708,67.77638911357741,73.71807077537501,69.45666947118247,53.02821515220894
2026-04-01,69.67024656960216,73.73439450333218,51.56257401038636,36.83656949747487,69.36131775783275,62.778789806583646,75.40143197656442,67.92656458318478,73.58132148304169,69.46458093694821,52.81479637051673
2026-04-02,69.47436694067024,73.14850714461537,51.294867019705165,36.82517701030344,69.22358144667889,61.95826380543768,75.25700652887863,67.76358779681375,73.42492471479605,68.9434472165441,52.53525314493716
2026-04-06,69.33724564379489,73.08433853708554,50.91594959189725,36.81496854483283,69.13760175784911,61.778005545558585,75.23659705727512,67.74991238209273,73.32728023372633,68.95533512572715,52.09650862851573
2026-04-07,69.23997547223871,72.89167281030488,49.929355991648215,36.04412642999017,69.05855081736789,61.41913426032723,75.18698185596675,67.69195462907825,73.25405135906728,68.78440309938252,51.87916239934373
2026-04-08,70.31904274550266,73.98816238774944,53.111838940454234,24.496274772064837,70.63815556912662,64.14548488731991,76.29023017952885,69.11896740876551,74.42552103036755,70.13872244908023,53.700343777247824
2026-04-09,70.23845849182014,73.89002772308686,52.53007211944564,25.67030354354763,70.54951312136006,63.765912872281255,76.20455429450404,68.91790323152327,74.10483047518788,70.07906170963375,53.403983588110755
2026-04-10,70.17103378861614,73.77280446561078,52.405405229981724,25.82408116548574,70.46014510124797,63.44129592787755,76.17389851535225,68.88378240063713,73.83912757564104,69.86166365518744,53.39417911553261
2026-04-13,70.41478629283421,73.91190925536854,51.239174977980866,26.364671848491064,70.79796178689472,63.58283537703363,76.21072584373643,69.23887118249677,73.86195957971013,69.91927174294989,51.8987670218977
2026-04-14,70.63527463208777,74.06168318237856,51.25735857195867,26.34910941160805,70.74611226999062,63.82543075528919,76.18772566136224,69.47963887506542,73.67327186467672,69.96296196815688,52.242796658889546
2026-04-15,70.4134343697107,73.8380151101552,51.19810189294686,26.226691112858916,70.43941115654985,63.55270041430374,75.74227386960062,69.37536860064517,73.38496823708239,69.85254236539788,52.17298796876737
2026-04-16,70.30323772869305,73.53577935839994,51.35777506962324,26.94188199969169,70.33645326287053,63.081452867411805,75.46032557144319,69.3866115820005,73.37484945551887,69.73331832049334,52.35205166222846
2026-04-17,69.95535509305522,73.5481583949091,51.62187821677075,26.303801804591494,70.42936965719676,63.447183988565776,75.47118281968058,69.43914639230694,73.17036455272859,69.79844518807766,51.10885495105342
2026-04-20,69.89642336453679,73.44469005975988,51.47290442703566,25.94857006306907,70.29980225914456,63.18043997172287,75.43455671340689,69.28703876984144,73.08970029032702,69.68540403544807,50.79111866900855
2026-04-21,70.17095268101205,73.53197719587061,52.03873340203004,25.28039373291933,70.3405803196446,63.70426111769346,75.62127417183734,68.9052380326503,73.19780385355705,70.11382831767934,52.00868877787659
2026-04-22,70.19300520487201,73.43765999791904,52.02736879448447,25.852381979331856,70.23274838000414,63.680945564194545,75.4810990286383,68.39266661611398,73.10467629403799,69.91852397622746,51.70971227325981
2026-04-23,69.91988044904143,73.0981000347135,52.0278188180721,25.57438921021003,69.93640677381083,63.409584951240326,74.99165389523432,67.94169444658267,72.75815705522766,69.6565904892292,51.30197258569903
2026-04-24,69.60933267652356,72.47240696918155,52.251041780521064,25.896432446340466,69.73858782837203,63.20037384452388,74.77791009412392,66.18379292727474,72.55382488474318,69.56363985135518,51.16823195784241
2026-04-27,69.62870909528763,72.44220755753985,51.89539968017634,25.769975757168076,69.6038371798372,63.132710067212635,74.69230954785569,66.24066975977458,72.47411779146847,69.33503506278913,51.094618215626376
2026-04-28,69.58798082333524,72.42639833780073,51.51628685554127,25.539242988744043,69.53684212551927,63.00489605404597,74.59013624446037,66.30161658638843,72.36334670451285,68.90872615771517,50.93874173726816
2026-04-29,69.62129079794148,72.45203360848754,51.53687348824144,24.505204531402,69.36032128806642,63.13428678584014,74.61049749535935,66.18113574783646,72.35688981063484,68.96805811564131,50.996228618402
2026-04-30,70.16433163645011,72.78314329583777,54.06905622480183,26.329256522913024,69.33937058364008,64.68886611899838,75.14253838607975,65.79839238107351,72.57756346688922,69.96325839339357,53.98335744635325
2026-05-01,69.79271219003525,72.70040403091105,54.05723505564697,27.966806606572703,69.30605935185793,64.67835590620427,74.97004821699909,65.57848057837059,72.53481629482437,69.92205956461696,54.07302690593548
2026-05-04,69.92441071618313,72.78323139832999,54.4079823958458,27.734511450303426,69.39354605512747,64.67927400984485,75.08958715107616,65.45249891313291,72.6646297230774,70.0603966989489,54.28996007583147
2026-05-05,69.4256242259457,72.71621661512275,54.60675248569647,27.439554396671102,69.24274058796478,64.76193168543611,75.06345242049824,65.316988681507,72.51173009684408,70.03284318251971,54.138982943228655
2026-05-06,69.88774828261454,73.04629190930474,54.3912577921675,26.978472760913938,69.2806403386055,64.65564545143533,75.10135174990495,66.05769378381437,72.57575569588363,70.01471294646174,51.1633580750761
2026-05-07,69.72375510731953,72.95735569514913,54.3758210227292,29.236848468277557,69.28859406648309,64.67744691137536,75.08650342448232,66.01531151389257,72.6809922520037,70.1127751472093,51.83277784743932
2026-05-08,69.45855187059037,72.80966824030989,54.17279813923002,28.198752796368368,69.09101540355005,64.46142231563897,74.94677102511255,64.90624596227484,72.52660623312387,70.00611520505554,51.6439872736363
2026-05-11,68.65126489046786,72.6398085948646,53.24589487948104,28.024925073547223,68.95619047724101,64.3038649112545,74.75492699049569,64.82854599795353,72.27225863803359,69.8875675454321,51.56016597179397
2026-05-12,68.61536803015821,72.52733841175501,53.311723870113354,27.824265999006542,68.92626571152263,63.742612193863316,74.63928226898544,64.64138633211442,72.1261504618272,69.75416259156046,51.42009100602688
2026-05-13,68.1827561048505,72.48002825497392,53.061837285534146,27.790283222110652,68.8592392965851,63.28096225690898,74.58675889212084,64.48369218275153,72.1116721895137,69.7571018192176,51.486118865005956
2026-05-14,68.10741761027501,72.4096130262429,52.921040754151214,27.762185685693048,68.65719783425234,63.20244028978209,74.51947774142039,64.3674430916102,71.80416408988276,69.49311239555873,51.375564275751415
2026-05-15,68.70222797352724,73.03852478251022,53.345770361299564,27.520802576124712,68.6094611956429,63.9577438809915,75.14111516688368,65.30120099576556,72.60379156412779,70.48635855300732,53.69175346302006
2026-05-18,68.58116812290872,72.85585855445464,54.0978217111081,28.652885733933566,68.38726633570454,63.97856468000699,74.75046757477466,64.77790070101025,72.36489894044696,70.08918005582414,53.53939125433938
2026-05-19,68.77573281812789,72.89700459311554,53.71728106490859,28.419694014855054,68.52064095946803,62.46878706023492,74.6770770795564,65.01075975127674,72.01672067869629,69.53338215772374,52.46467632493196
2026-05-20,68.6602631560923,72.91916268921314,52.82872234340965,27.34082992978425,68.77328276677407,62.29703818504906,74.78168308062442,65.27012241386963,72.160567883343,69.76308200853317,52.8617235760362
2026-05-21,68.64372855236572,73.06876508067333,52.44476090990079,28.066021673100813,68.80762563833966,62.28669968108782,74.81872113998823,65.45475274590758,72.22686634229017,69.80701529892684,52.445326757549864
2026-05-22,68.16134548352763,73.05793082067977,52.53635462316954,27.72250483043112,68.79178628444625,62.35482885584613,74.80979440769389,65.4508142908804,72.24489068645885,69.77640012596567,52.55871807858902
2026-05-26,68.06685267059633,72.95982718785942,52.05541693259623,28.55165083095642,68.55914767411305,61.77436018984664,74.61692761054108,65.38483313259906,72.05921238728362,69.64427129157481,52.44326635131195
2026-05-27,67.98687332890137,72.58054545501311,51.22819490824892,28.610261348923046,67.95407327982535,61.679978314777635,74.54560869196678,65.18439540346783,71.97922237598455,69.4269662412944,52.22130218041641
2026-05-28,67.9197975322822,72.56985736045611,51.01695196969521,28.598483357317736,67.87531599580032,60.84130222728368,74.41589619022284,65.19360850378087,71.90182056561069,69.2344005616964,51.57281387530759
2026-05-29,67.78691542163783,72.43887102274367,51.706725855366535,28.81710456593847,67.34170386994661,60.98638946141199,74.36136790652934,64.28798913079618,71.85538609393048,69.34470680975676,51.69189716601126
2026-06-01,67.63799062890439,72.28756572110717,52.62976818041377,29.262629184288542,67.2462758167502,61.43280225658789,74.21430115362007,62.049260621349376,71.67516631212945,69.60652424325012,52.52183949767491
2026-06-02,65.8860083827813,72.08805347903883,52.02308724404999,29.503727572693947,66.94254632839908,60.98669228028595,73.9610536957832,61.58684301789667,71.21674635602996,69.2962016613318,51.8864437310945
2026-06-03,65.62781006320607,71.99788491926844,51.8627242472685,29.335213106202016,66.63277087756028,60.40121405029054,73.85679844083423,61.58342239587418,71.1410965159588,69.20099455257252,51.650207870195956
2026-06-04,65.89852465228203,71.91931538895088,50.886475526690106,30.60289492582044,66.84430848530279,61.078939140275494,73.88234407172206,59.80829501865286,70.52501078531591,69.54002437964282,51.845751745145776
2026-06-05,65.89972624198218,71.36057558812678,49.57122981197419,31.622295219010645,65.97027657996702,60.53803394529123,73.4460643499054,59.59839595311547,70.2337662460996,68.68743984608797,50.36256151122042
2026-06-08,65.91898619524311,71.2681667283217,49.96004166687204,32.00572309792237,66.00151427097506,60.69439598253358,73.33015404147028,58.65952040494287,70.25910671407237,68.70285605334428,51.10130954731244
2026-06-09,65.94416972391296,71.30720069871596,51.45882496850332,31.00016806910321,66.22956775824795,61.4744331596141,73.38391041382093,56.992619433828054,70.49060758086699,69.12327714221128,51.72981126167057
2026-06-10,65.68006426825177,71.38399316499405,48.70514566057875,30.857614263512307,65.66265576247714,61.38339962004707,72.99298400040536,58.01925745213731,70.44594304462282,68.49661323016073,50.87810864678928
2026-06-11,65.89602422649995,71.64689679870743,47.97318424940625,29.192122347964336,65.89933699185978,61.49539983717132,73.03258008687071,58.87884210097077,70.40734700524952,67.56082412891331,49.95683438308023
2026-06-12,65.42110767886706,71.64294241158635,47.90857382994889,27.376907721191152,65.85595920684763,61.16067861911522,73.17318865638828,58.810300049512726,70.49622739613125,67.69604643578552,50.22070869505923
2026-06-15,65.40221431299521,71.66939138391524,47.91213997437938,29.343111935284206,65.82607296085905,60.73271257054861,73.13798032447518,59.06275272974815,70.394062557531,67.15139207983765,50.04679820010435
2026-06-16,65.19884196038925,71.45095529701317,48.05076127193698,29.253840034716614,65.23423604678712,60.77591484335727,72.96583038423995,57.46514753567547,70.25012541004108,67.15291592260488,50.18622753991136
2026-06-17,65.78822090437556,71.73391039003492,50.80521886557845,29.903717742721696,65.11816738907372,61.98825072684289,72.21809016373699,56.72330278535373,70.49057586046335,68.3293089392412,51.22418832091121
2026-06-18,65.62113984391368,71.29070546224183,50.65448838083226,26.6904838552754,63.85748751912296,61.49944108287805,72.01416536176305,56.45600106077129,69.92138381009069,68.16119181467876,50.87466902900642
2026-06-22,64.2071123131953,70.78522070623575,50.17866969954065,26.86629216151293,63.4004533835438,60.79336266943666,71.67503999270936,56.17925673572117,69.71332819359398,67.69087507551627,50.738186700809436
2026-06-23,63.71533989621243,70.44538267546642,51.16501645059135,27.42189127664257,63.066085707755974,60.560188628618256,70.8011490430949,56.16193003848922,69.10906327836828,67.48619063404202,50.82979006457
2026-06-24,63.25692107841316,70.3465794329069,51.3558953133829,27.369023225689368,62.98144462509061,60.60874264623326,70.69485329895804,55.716045826675675,69.03923168197232,67.3225430195065,50.87772424555584
2026-06-25,62.804152786554646,69.61793287721679,50.87360716514394,26.928140887650486,62.46200780528269,60.17808137736911,70.08743091256048,55.51465446794433,68.84209114676206,67.1673577418851,50.90772838960508
2026-06-26,62.698782896875805,69.33028999643254,51.00969354241602,27.407961486915703,62.11546166845186,59.23341958557924,69.06523799102679,55.22975579857745,68.45029781447552,67.14836168191138,50.965747248352784
2026-06-29,62.31101609936437,69.01270094688991,50.93622148614685,26.339858222782485,61.85861056055534,59.05284959661374,68.69627314567063,55.198795601210094,67.18020129660117,66.87496767155852,50.87237378053071
2026-06-30,62.13560018588335,68.8075774860909,51.88787511166684,26.984995518478886,61.65980566962939,59.24470518958771,68.08074674686985,55.27419251674611,66.8760405370329,66.6280363016888,51.281085120981224
2026-07-01,61.379229766346796,68.44792836851586,51.78971059707726,26.246126771899686,61.35266105111298,59.15035862460369,67.27547168483585,53.65576230962656,66.64121948361323,66.43054891480547,50.15889765205682
2026-07-02,60.36720176705805,67.0862827155439,53.7360496448344,26.94861550809282,61.36411267424499,59.97768772081207,66.634360697546,53.021032873134224,66.31407562858635,66.83281337226596,51.85206194493436
2026-07-06,60.03484472311622,66.99969942022523,53.92339474732991,25.785322935876813,60.67621728070688,59.66437744200137,66.41786776176026,53.2051388854617,66.14147231064928,66.72921080454178,51.94190833131881
2026-07-07,59.654401963705745,66.7950931794141,54.26996499041118,26.870563319557345,60.34058061910775,59.38845571417099,65.80426684476005,53.55631884577181,65.63948102425363,66.49422356716097,51.90271174152133
2026-07-08,60.799944065670886,67.46171829942625,54.7921225116277,27.26993051237562,61.83979155851034,60.56848073063594,66.50454824006358,52.50591020526671,66.76057741736048,67.39045388305331,52.55325372196754
2026-07-09,60.85616995242105,67.40421240952477,54.288232771692904,25.993514891512977,61.79999463606383,60.40365708950923,66.35148399818648,52.9418799512713,66.56436377521037,67.22804682248623,52.47170770555302
2026-07-10,60.99583675881071,67.40725852089659,54.259616335664504,25.659250747055754,61.809114668527876,59.53805697220786,66.3600683620002,52.81127615191537,66.59613739319452,67.26050303392023,52.54197406524595
2026-07-13,60.81574433841482,67.37669361056017,54.289118827721246,25.972743831249787,61.30016923062324,59.45311527275732,66.31433135333762,53.187645748823414,66.49488987038559,67.16394529205314,52.48506437834604
2026-07-14,60.71337391138079,67.3196073586377,54.18686304178158,25.92572810550111,61.074318888948426,58.9312250460553,66.24805247325938,53.24726393538168,66.25136197183187,67.0495066530298,52.34924541903297
2026-07-15,60.44046584481522,67.16559254298572,54.093341918894424,25.705487670427683,61.01292181515157,58.805189638134124,66.13003077782113,52.811575676655984,66.08171097020133,66.93362775049327,51.93523223259733
2026-07-16,59.644353751766985,66.99903519658334,55.295255959152044,26.146639451918205,60.944199095569886,59.319396574629295,65.89528958828838,52.87704028220706,66.05772261460221,67.02378490492616,51.86227865350965
2026-07-17,60.28727948083684,67.22401952588835,55.273367717534164,25.724094427806925,61.16885798404353,59.412598618418244,65.98897869490352,53.049433982319506,66.21362397815393,66.82768263697255,51.93875188136069
2026-07-20,60.13714822026314,67.24078421707986,55.35667799971317,25.853649238577006,61.19261068009929,59.43683365329909,66.00269575785495,52.99617244077279,66.26517649031625,66.87668072265092,52.05606361018438
2026-07-21,59.825217610849215,67.1485246915947,55.18633330668826,25.861936984642703,61.16544199674414,59.165024431891865,65.93292861860587,52.720455855266174,66.2206590810565,66.83075437074943,52.00609875786368
2026-07-22,59.57577565956874,67.03163579241492,55.04296772642623,25.9715063823054,61.00010019944279,58.838980403311176,65.76206411455452,52.64477700068913,65.77051020168435,66.32501726809262,51.28729100811651
2026-07-23,59.18312157054489,66.11206305638956,54.85981577803741,24.721854912560698,60.44547368621632,56.99421689691083,63.45519590626487,52.05210288723129,65.63029664169491,65.93240749627083,50.87832594063482
2026-07-24,59.67950966865343,66.08601031900527,55.49701188349877,25.175825629179098,60.85360064830689,57.37784666659067,63.79578226168474,51.66024585114607,65.9389638648619,66.6834217560797,51.00290572612526
2026-07-27,59.782350334043315,66.22082078006032,55.20943465583223,26.553273699182434,60.82212433802926,57.27414886762365,63.787894758574495,51.25834829860326,65.8867297126464,66.29429423294147,49.94093009292181
2026-07-28,60.160965007728954,66.24649272081489,56.1680346514783,26.627952017660114,61.161467209981055,58.01195792280224,62.765707110487604,50.1965252966662,65.97554299180041,66.40797433823298,49.19462017290357
2026-07-29,60.09927121225823,66.38043588718071,55.85233763162978,27.03736682977093,62.0096773633519,58.28848569038657,63.66160065235334,51.18907350592663,66.30873309148129,65.75529674681123,49.86480020158346
2026-07-30,58.4413382947143,65.64897254501268,57.057830493005056,27.040663137125552,61.05536232290424,58.70510941818498,63.123798184931246,51.417022173185295,65.95938405014515,65.90071584008734,50.016471630719195
2026-07-31,57.83693991299478,63.170566715819405,56.72447448874702,26.254456564789425,60.31089694296264,58.424418708831205,62.40109970861558,50.638568624341474,63.41991445597523,65.57093249336391,49.782020165658565
2026-08-03,58.602156024596304,63.88799422904792,56.52908187257767,27.30821644984673,60.64035716883944,57.956779215185826,63.249456196405845,51.10185132070188,63.888823905620754,65.58363073672297,49.87718532348923
2026-08-04,58.652436753861224,63.55166568104627,56.28816957649558,27.11858992018521,60.68948785598285,57.62331820841541,63.32595656077541,51.00143055548338,63.9428926326002,65.36932187729008,49.53129863142978
2026-08-05,58.292684920316624,63.45877750340394,56.12500344191017,27.493812800207923,60.61211570873674,56.85312253574472,63.24148876315441,51.03272014146271,63.73178984125378,65.22863883394116,49.211959345614346
2026-08-06,58.132354160627465,63.47242116116823,56.10556119398066,27.32105039184833,60.63162556751283,56.75513532547346,63.29232118975903,50.97045854969643,63.77696714249965,65.24034611443801,49.3423428562579
2026-08-07,57.97073002602681,63.421009022246146,56.055120563125826,27.006096665764982,60.1509300891526,56.73636371115182,63.103499828512504,50.99150571022523,63.73916297152392,65.21714355980924,49.3761321669857
2026-08-10,57.69053371420948,63.22764045587235,55.79813158959727,23.569558228106693,59.92617415993512,55.81616183845482,62.92585157637345,50.890593879975256,63.4688280600308,64.49583811420607,48.89114328522338
2026-08-11,57.7665131707167,63.211270251311916,55.816984573788744,23.609730175286376,59.952173841052556,55.86826544557832,62.84318578506007,50.845100158716704,63.4639966144667,64.48321371805757,48.606273646995774
2026-08-12,57.56258803902758,63.07348130591773,55.485684790858265,23.473712210982168,59.837905799701936,55.754840056132146,62.71684211732336,50.08242021197816,63.0005038817101,64.16707196097953,48.55081514567567
2026-08-13,57.36491477453311,62.816912402146926,55.71788002878856,23.660145446601966,59.88055829531481,55.64254642936401,62.50435807559181,49.927080375976075,62.602041969809136,64.39017944108629,48.66715180639251
2026-08-14,57.2016646668186,62.78616628059912,55.58482253245458,22.8054409712589,59.86158709312233,55.480422576243846,62.4207409887443,49.7544175207343,62.50344707509632,64.35220728890106,48.48579051120628
2026-08-17,57.91076363816357,63.02380534553884,56.0819469884684,23.035729186789894,60.36705426239776,55.54186914236023,62.365696842465205,49.51316847792388,62.68090165983945,64.71391366119272,48.591585327790625
2026-08-18,57.767224530721535,62.92670254395716,55.61269692428692,23.72167189331833,60.154962851241514,54.816670132794755,62.25294092577328,49.97914196343396,62.545147468897326,64.3242620451732,48.19522500463143
2026-08-19,57.83300629183917,62.763724299068286,56.16675337539164,23.417377287922523,59.152347191573035,54.624281830870494,61.02632347038737,49.72960946629424,62.368717963243306,64.42538143330252,47.43930579166773
2026-08-20,57.847954031991144,62.988333146062494,56.1387935075326,23.456938879043765,59.593031373789216,54.618809799996676,61.37912270083393,49.569168507402594,62.30440062750846,63.209877751561734,47.56718014472136
2026-08-21,57.97710937197767,63.14009848065107,55.88312358836651,23.715366006003357,59.7600282233858,54.60274610421889,61.20877901733954,49.50295557380881,61.786957245809745,62.760340757078446,43.9862802931642
2026-08-24,58.06109081596477,63.04277517882685,56.21181570958251,23.76222952988447,59.570463613319596,54.18673501980501,60.9002750624411,49.453212237004074,61.45300659958829,62.84458213410999,44.14546941630774
2026-08-25,57.72260684510761,62.90286028575757,55.63641946538733,24.175298262855904,59.45231362382708,54.04756938190085,60.70111225386506,49.38968315888436,61.411108495473805,62.720495395243944,43.97315292430319
2026-08-26,57.76119419092012,62.85611440633465,55.66537059887717,24.176917135368512,59.41318179405839,54.027250109335235,60.23382752583536,49.30962944603562,61.273717834336985,62.67698288000284,43.457973421588235
2026-08-27,58.16547730356745,62.92919215178984,56.77976518682335,24.093551421240605,59.769808030048345,55.02338416425657,60.13195025110871,48.149151557325446,61.5529595171076,63.328879321102285,44.243801952384814
2026-08-28,57.76724155282549,62.59351379824081,56.574557154070455,23.97928878414454,59.57005391632192,54.890054811540814,59.8690224007298,47.74195686364879,61.40627621902678,63.10923985334182,44.03568070862567
2026-08-31,58.23157351031876,62.692264781771925,56.82988855736978,24.52540890498323,59.94100356999116,55.16053382422098,60.32027787012258,47.51629987242732,61.80065403461573,63.37198773113639,44.65624316571764
