,"k1=0.99,k2=0.96","k1=0.98,k2=0.99","k1=0.995,k2=0.99",constituent returns,baseline
2018-10-01,54.80344113199623,59.22062542341971,58.88980706581304,,58.96132531942253
2018-10-02,53.21577376997475,58.79100238124525,58.518129449845404,58.75739142399018,58.57576630694912
2018-10-03,53.66871581011751,58.99483259390118,58.68105039967017,58.86274966130633,58.75011542239554
2018-10-04,54.25634677672708,58.821675359151556,58.49581906782675,58.610723589837214,58.5590020678233
2018-10-05,54.463340555346825,58.99997681159734,58.53401418787453,58.67402944157491,58.63295363022433
2018-10-08,53.75182926634497,58.84386162744851,58.35603526350817,58.5381863417681,58.46433223731535
2018-10-09,51.9570253023581,58.04888984166951,57.42139580953949,57.72402740965101,57.57648659474049
2018-10-10,71.49810904947563,63.63794653980312,63.17228534459489,63.7866743144245,63.2964166782815
2018-10-11,76.86073846089386,67.67735917654905,66.61520731579023,67.40537371764789,66.92377879754198
2018-10-12,76.96103478111473,67.45441893630091,66.7643112288227,67.51046317870089,66.9858622469694
2018-10-15,76.4258591682701,67.24760113120492,66.58154170123822,67.36527636728492,66.79935797217496
2018-10-16,78.1533046282184,68.6477743450469,67.93120736013016,68.63061393470858,68.16744409295549
2018-10-17,77.56934128551053,68.28218168218815,67.65233538078047,68.33771588046672,67.85992005772705
2018-10-18,78.07895299472176,68.72996903171897,68.15248697347819,68.75388173420991,68.344489780904
2018-10-19,76.96268931040915,68.076423889526,67.64393131972122,68.27761893445084,67.7928466082401
2018-10-22,76.60101338553967,67.75656868916491,67.40254536441145,67.9094038712726,67.5262224332186
2018-10-23,76.0476750913483,67.70601360398447,67.27409707432493,67.74949464464916,67.42147932570352
2018-10-24,75.94196915275575,69.05270000530838,68.73515801578559,69.14765820513358,68.84417792620185
2018-10-25,75.26335479260672,69.47075858482826,69.06150201342086,69.23663372767683,69.19862125432881
2018-10-26,76.21885268140558,69.84186633808976,69.6870311090492,69.65380956901528,69.74694859199774
2018-10-29,75.54980233664095,69.44585309078157,69.30449359374684,69.16182275850323,69.35934988385517
2018-10-30,76.04106121022181,70.19084596709601,69.87900538336011,69.72804544734934,69.97527584489934
2018-10-31,75.73124890787672,70.09827686550001,69.78964366752426,69.68307948490637,69.88508473388919
2018-11-01,75.72918312727793,70.16261779234956,69.88235127652563,69.74050898224509,69.97104227189021
2018-11-02,75.7200286371391,70.2978814703856,69.93395285339209,69.73986470520093,70.04827566409
2018-11-05,75.83542937945695,70.30603207611549,69.99580803152185,69.7774846812522,70.0944356943407
2018-11-06,75.9386946748697,70.37412654654794,70.07753344744837,69.81532197306827,70.17318373788922
2018-11-07,76.52971727145342,70.61624085155663,70.43800937631069,70.09470627320371,70.49673589924703
2018-11-08,76.03832791173271,70.33236385160049,70.2014118425394,69.88628246703192,70.23984165156972
2018-11-09,76.0576787102182,70.36655906062414,70.25419273250813,69.98508952231181,70.29110338210889
2018-11-12,76.53538392446741,70.59068094656477,70.58115909335369,70.36724341140702,70.5877442120954
2018-11-13,76.01253114141673,70.35894725597919,70.33268615318441,70.10446702759596,70.34284940692253
2018-11-14,75.98710924489912,70.34330819046924,70.32651025757228,70.0854991817584,70.33894998938852
2018-11-15,75.49153091179261,70.27667718298717,70.23820777136274,69.96317963383453,70.25567229313118
2018-11-16,75.23791082540474,70.23601178026779,70.14380888245687,69.81207745025281,70.17314828839204
2018-11-19,74.89362668980334,70.24076084705531,70.09403270910647,69.77643736697149,70.1418495701272
2018-11-20,76.13181678586801,71.01559600596349,70.8783524118277,70.60222416422583,70.92003409539997
2018-11-21,75.64663128495204,70.91390861746324,70.73126613283604,70.45616881539767,70.78383660131036
2018-11-23,75.32272318784707,70.8186293410377,70.6182156391235,70.36801955297149,70.68036886030553
2018-11-26,75.24161082229412,70.8499529426595,70.653044198128,70.42858652391284,70.71203093840425
2018-11-27,74.86347302712464,70.70140460400877,70.50025437423598,70.25786933577677,70.55993794162019
2018-11-28,75.50796344825449,71.39817771565949,71.0766471419082,70.99071741254568,71.17268331611845
2018-11-29,75.29918046622943,71.28281623806474,70.96440612991412,70.86432928810237,71.06279000646813
2018-11-30,75.45509209838792,71.3211322173076,71.02690811091534,70.98140288688104,71.11793731658578
2018-12-03,75.18479158673814,71.1812028396626,70.88129761519254,70.94007409462233,70.97693907287982
2018-12-04,76.65950005368504,72.32202493027914,72.00397535202086,72.07118845810847,72.10639372228042
2018-12-06,75.72865124833457,72.18998535695715,71.78416268332613,71.83926756124362,71.91115102984595
2018-12-07,76.16652676786087,72.41241393988042,72.15840597416887,72.20486339385808,72.23224896338887
2018-12-10,75.64045050018746,72.2348246792007,71.99785265025753,71.9982053581835,72.06778339040817
2018-12-11,75.4031811747512,72.12252636961396,71.90213747927982,71.89337127985326,71.96831654308855
2018-12-12,74.92766742797278,71.95594014471749,71.71201219296877,71.71524837727779,71.78338527786555
2018-12-13,74.78396668772183,71.91726969255609,71.64114820902759,71.63660563098837,71.72116332485464
2018-12-14,74.91038174173067,71.85270519766277,71.66559650941868,71.63284715415138,71.71354470021298
2018-12-17,77.63995962043163,73.11480585781106,72.88423474833023,72.85217680957693,72.94724193444448
2018-12-18,76.99618185176497,73.0260314275516,72.68491374512823,72.67525729093323,72.77923275544332
2018-12-19,77.20316375997663,73.1243831452509,72.92097040439086,72.8892696187413,72.97880215825191
2018-12-20,77.72408784869582,73.42089530720794,73.25039362891621,73.10889031219648,73.29881910929068
2018-12-21,78.30213102716822,73.75427515028785,73.63393526001019,73.53191727157622,73.6716379817466
2018-12-24,81.31391315456392,75.6665587986401,75.46326471554664,75.50460576623833,75.51847984489365
2018-12-26,83.67405284188213,77.91331879177527,77.72843161293576,77.9619783628113,77.78613589213171
2018-12-27,83.720503807378,77.9211512083802,77.80052921179701,78.00621958399093,77.84423917267553
2018-12-28,83.67813679240582,77.90761459849715,77.78390565239856,77.97854861891247,77.82922223096595
2018-12-31,83.64859025647607,77.92106390192967,77.78920558005069,77.97272504449508,77.836990561508
2019-01-02,82.91376178045594,77.57722075335313,77.47783100318588,77.66022921498615,77.5151817699645
2019-01-03,82.51852250815958,77.39689524742415,77.32897185891447,77.5014367445363,77.35281725710898
2019-01-04,83.53383319877398,78.15681902133649,78.21786663296012,78.37563138026768,78.21858152358836
2019-01-07,83.13223272889482,77.82848768289703,77.94908631359195,78.18384004844819,77.9291820383931
2019-01-08,83.26647473573918,77.98931528835236,78.1039714776248,78.35807205936807,78.0862748858288
2019-01-09,83.09400162937017,77.90693378710138,78.0229686279967,78.25619812168533,78.00441752879141
2019-01-10,83.14181396127208,78.0523255694026,78.09980806289555,78.36119745179936,78.10003810464733
2019-01-11,83.05351263514555,77.99245451895536,78.04704836363003,78.30672774590064,78.0424617494496
2019-01-14,82.81805236768783,77.93660174366201,77.98496789187249,78.28131416654095,77.98112549095899
2019-01-15,82.69387502914262,77.88516335477597,77.94990188119253,78.22731671114454,77.9414474530267
2019-01-16,82.3841591044555,77.72128720222894,77.80018613652402,78.07590933778587,77.78705582007423
2019-01-17,82.44218752312572,77.81466397182906,77.84760488234427,78.12592532149787,77.84526942029339
2019-01-18,82.59763866010654,77.94279538461838,77.95958302502214,78.20573628412919,77.95929855260626
2019-01-22,82.67695215984435,78.02068771088265,78.04693207107408,78.28897584696998,78.04524582134685
2019-01-23,82.40916212018216,77.90809666380292,77.94218090594799,78.1791836426344,77.93734600725529
2019-01-24,82.09442380845407,77.79547154774623,77.81129370998264,78.06907089806788,77.81186667611422
2019-01-25,81.5984965812113,77.71338049395139,77.69224086621129,77.95748341956724,77.70572538359899
2019-01-28,81.14589296876339,77.56593562904328,77.5234428715507,77.79912193828024,77.54100589912451
2019-01-29,80.67964746918528,77.4021189336157,77.35947610691663,77.63994096953073,77.37700869547578
2019-01-30,81.00439436149982,77.50961816866216,77.47800447415091,77.71978820353117,77.4893353183791
2019-01-31,80.43732261645677,77.48208131438342,77.33733407917306,77.77004225342684,77.37952130769415
2019-02-01,80.14411604591213,77.44771280105874,77.24024570286971,77.63298732274843,77.29729269318415
2019-02-04,79.99081807602619,77.42100802132805,77.20634150899636,77.62441328815399,77.26636836119707
2019-02-05,79.88552541326426,77.4261545167359,77.18525297268364,77.61279797916902,77.2544720224233
2019-02-06,79.6715009828205,77.34624141493083,77.11014995556049,77.58156864168883,77.17771489941907
2019-02-07,79.36479998183135,77.29127804964492,77.03922365779412,77.49537445352317,77.11485552076363
2019-02-08,79.23945495090332,77.2302464772617,76.99397016294965,77.44324055868339,77.06508648128043
2019-02-11,79.10935671405015,77.19126975697316,76.95204674187043,77.41768677204188,77.02334146402987
2019-02-12,78.84136920888895,77.13148257586596,76.91624046016176,77.37653054581902,76.98148660963774
2019-02-13,78.74735677936008,77.1037709944742,76.88314001777336,77.34512664475609,76.94946960806723
2019-02-14,78.32225455756593,76.98737407024623,76.763879116322,77.2367979870466,76.83092085052014
2019-02-15,78.65522860163264,77.10354812533718,76.89534211710206,77.30429308908782,76.96163072993244
2019-02-19,78.57483266667332,77.08595181813156,76.87383046019005,77.27673440594145,76.94125151988065
2019-02-20,78.19961493953976,76.97709678260073,76.76366739696842,77.19293464782457,76.82961040928261
2019-02-21,77.76317073303157,76.889272402843,76.67470458209732,77.11391909579537,76.74193383104135
2019-02-22,77.64742973498333,76.89222080363153,76.6470742648137,77.0379157222367,76.72377555756856
2019-02-25,77.45062117364583,76.8429475330884,76.60358435773797,77.00138532908876,76.67906707081694
2019-02-26,77.42196628884835,76.83483709742868,76.59363940293127,76.99168292936402,76.66928302792793
2019-02-27,77.27363618226845,76.79402952168185,76.55473870428449,76.95436762110543,76.62903261968084
2019-02-28,77.02922631547007,76.74166094410693,76.4968949583137,76.9130809891217,76.57375153292156
2019-03-01,76.64060141502092,76.68078529853757,76.42651879226365,76.8400994902111,76.50720508498111
2019-03-04,76.27964607243773,76.60977201343235,76.34647237849458,76.77713741037577,76.4298325257323
2019-03-05,76.11166214715522,76.5785984763153,76.31315246694413,76.74365453189606,76.3968123420248
2019-03-06,75.96848256950727,76.55371443759626,76.27510290028872,76.72390577565565,76.36314383995865
2019-03-07,75.82211063629202,76.51448235125432,76.24105806398437,76.71419701098857,76.3249710889552
2019-03-08,75.51978887013583,76.45951335276801,76.18113963821939,76.66196685864703,76.26671256191788
2019-03-11,76.81171701394993,76.67202615966929,76.39310271854956,76.88461968038737,76.4780225725995
2019-03-12,76.57894249369686,76.67030839195309,76.35563586965782,76.84291876172789,76.4491180634206
2019-03-13,76.69628956013285,76.6864789513937,76.38714768798708,76.87873087438493,76.47636875562816
2019-03-14,76.59460181925749,76.66545158051682,76.36141240149715,76.85948926636637,76.45151513041547
2019-03-15,76.1798233698249,76.58585200801714,76.28998213489135,76.80332106633578,76.37917547915295
2019-03-18,75.39083830764392,76.42551571803364,76.15146317979044,76.66242909845907,76.23106030122925
2019-03-19,74.50615269073324,76.27469940742522,76.00781160020453,76.53717615528619,76.08288158130081
2019-03-20,73.52827877387978,76.10607768460785,75.816451852134,76.34358426872599,75.8983170882152
2019-03-21,75.06503093425395,76.31514471972811,76.05278563478004,76.46077577294082,76.12227375041095
2019-03-22,75.98155440433472,76.39179667282166,76.15077099937285,76.53638633640364,76.2151893890857
2019-03-25,75.6953991689164,76.31619097216914,76.087677362156,76.4769517824027,76.14732743688246
2019-03-26,76.07298963521532,76.36056088906322,76.16764814296458,76.54226803664648,76.21599662778767
2019-03-27,76.18232221608496,76.34939848882027,76.17384144704339,76.53801497327385,76.21519127634765
2019-03-28,75.27550619193853,76.21512599149636,76.02020030422608,76.37272745634559,76.06693194992555
2019-03-29,75.25324195965872,76.20816538364332,76.00877776470708,76.37079308365985,76.05730595923528
2019-04-01,74.38268969222592,76.01053152154746,75.82222645479733,76.1954515383194,75.8659077087173
2019-04-02,73.59036952913753,75.8662948819849,75.67707127400718,76.08778446474099,75.72114157613285
2019-04-03,73.01371801552021,75.77627883378887,75.57344520290775,75.98701110783122,75.62165103514926
2019-04-04,72.72373809216955,75.73416300535041,75.52291233996579,75.92607252859861,75.57355128155027
2019-04-05,72.8137151077323,75.7284770033861,75.53466420488763,75.89926119092024,75.57847885553915
2019-04-08,72.36122469011194,75.64314395561833,75.45059025388159,75.80767377829471,75.49264014997561
2019-04-09,72.45537481939415,75.62370125760866,75.44715296534122,75.8200122097618,75.48310575125588
2019-04-10,72.21356693277485,75.59094835346731,75.41498013520524,75.7793828347708,75.45090172871582
2019-04-11,71.48479470389503,75.47948202630934,75.29928831220109,75.66230804251822,75.33668180304741
2019-04-12,71.16132292191361,75.38003007382626,75.2095534999517,75.46560627771265,75.24415314131875
2019-04-15,70.5769027569725,75.27631772142387,75.12721418656764,75.37342693747448,75.15682334799104
2019-04-16,69.44894883608289,75.0076397466138,74.7825825782058,75.04944991990682,74.83352629504547
2019-04-17,68.31901485743728,74.67630357911052,74.42193718746468,74.73084083897061,74.47659223258478
2019-04-18,67.74187177374017,74.62660435899393,74.35335011564258,74.66287137964365,74.41624944819814
2019-04-22,66.40728903004047,74.44198280887804,74.17169449150286,74.47767750805478,74.23038002365563
2019-04-23,66.8187217400345,74.45187712629073,74.20264658502866,74.54198035856358,74.25837589566794
2019-04-24,66.10232248563038,74.2935990425405,74.05977279311684,74.36615135513033,74.10922013807273
2019-04-25,64.608095468168,74.02897304405955,73.79728701505648,74.08683905124786,73.84537665605208
2019-04-26,63.87226469959765,73.9581012119039,73.69821268642151,73.9960433742603,73.75371398008082
2019-04-29,63.65502974989087,73.92550847099564,73.6702285236763,73.97273768635301,73.73198861775487
2019-04-30,62.20084036448925,73.65778805020615,73.45759440343099,73.64728771555073,73.5001123806128
2019-05-01,62.30610595030982,73.55561228657106,73.41543657234881,73.61631467343948,73.43047418201975
2019-05-02,62.07844614464138,73.57371574896214,73.37428841702534,73.57251744466288,73.40204361398713
2019-05-03,63.43202169525907,73.67217630334193,73.47901091699892,73.68333818620174,73.50391391211411
2019-05-06,63.50384288779262,73.62279395094461,73.44924244613267,73.65873082122943,73.47105534991691
2019-05-07,69.00821067643857,74.2169426287729,73.98646952555518,74.14848823419291,74.02808258060742
2019-05-08,68.50743203769117,74.34405994293657,73.93032029390173,74.13059480493757,74.0067834832248
2019-05-09,68.4297384107234,74.32030271270936,73.91604017361112,74.1087607346285,73.99054205092442
2019-05-10,69.16601844916767,74.32526097328329,74.00794985244673,74.13317235535374,74.06809131550683
2019-05-13,71.67309382722155,74.56414279115943,74.21218509755171,74.28450103878707,74.27746543175385
2019-05-14,72.02030870539484,74.73107928493577,74.26449250561213,74.28339123297215,74.3538305440702
2019-05-15,71.68959711055359,74.64330332420992,74.15444728567677,74.22616801967241,74.257923609473
2019-05-16,72.05340758305657,74.69012214739797,74.24541061537353,74.28012041488608,74.34057399813567
2019-05-17,72.23692124333758,74.74441070110547,74.26911973116724,74.30689107582006,74.37069035509272
2019-05-20,71.77639933745195,74.6048351328733,74.15586988885578,74.18523999744944,74.2514223594971
2019-05-21,72.1589227245877,74.6136267545853,74.22757446986697,74.20101868075743,74.31068946060827
2019-05-22,71.82540600473155,74.61763476660327,74.14092981598766,74.14018425094834,74.2497529265131
2019-05-23,72.0963039556153,74.51988198972872,74.10381474573717,74.09067958767832,74.1998387965985
2019-05-24,71.99744148994453,74.52645406499336,74.08185292817362,74.08276412201256,74.18708937293088
2019-05-28,72.92715658981093,74.65969126421663,74.26340225905739,74.28269202449265,74.34708948363067
2019-05-29,73.70458958648003,75.00572733327458,74.43724435021754,74.51528891508646,74.56651047165495
2019-05-30,73.48963321385502,74.99072172757297,74.39323795524818,74.47372537713073,74.53340748581047
2019-05-31,73.43425470178393,74.96054598731476,74.3625989161797,74.47302871786361,74.50361958050233
2019-06-03,71.22922849423267,74.18915138030935,73.70529644136097,73.71340224869442,73.8174443715944
2019-06-04,72.4011290696234,74.51341138788047,73.91156462981166,73.78549983575039,74.05764917428442
2019-06-05,73.19106337070276,75.32524942951663,74.11139436315412,74.15374639796322,74.38718268301
2019-06-06,73.42941563982653,75.41907915349954,74.15502747886036,74.16846689009964,74.45652291981406
2019-06-07,73.24849765564817,75.31724662851398,74.06372972413169,74.08106439922835,74.36732148376042
2019-06-10,72.88116835091498,75.04215797233066,73.95011144668865,73.92905934219885,74.20845889809583
2019-06-11,72.60080591595417,74.97144563763231,73.88160054206513,73.86324447748126,74.13978023501112
2019-06-12,72.35150192375514,74.86396707792939,73.78718774436516,73.75759503443516,74.0436703312111
2019-06-13,72.21958685264723,74.81688112066385,73.76421700369853,73.72326946682796,74.01435836197129
2019-06-14,71.93438932148605,74.80521775110007,73.69259702204863,73.64587658062237,73.95276994680384
2019-06-17,71.03272957437433,74.59424578393121,73.48812313997979,73.40573144556305,73.74170319822748
2019-06-18,70.64363707789053,74.44439045649129,73.37016049619925,73.29802304326608,73.61281705865835
2019-06-19,70.61678257634267,74.52247782618099,73.37623823153261,73.33031005968685,73.6424361026913
2019-06-20,71.14056412200215,74.64740246187367,73.49715449964573,73.43659797242039,73.76394840706146
2019-06-21,70.46318162828328,74.49171367829804,73.35768141622249,73.27173874406425,73.62407330416535
2019-06-24,70.16914767021365,74.4909226644987,73.29552334624928,73.22015624689037,73.57764506134735
2019-06-25,70.39726538827807,74.60943710250554,73.35585660575751,73.3260969291014,73.64219363788185
2019-06-26,70.94685770662647,75.00898309749095,73.41969820348086,73.44607419299479,73.78930561428115
2019-06-27,71.06363734935786,74.96319506619949,73.47250006009253,73.4415988602997,73.8406882790624
2019-06-28,70.95682270493636,74.97258444814302,73.43861132746869,73.44492028317367,73.81656027503021
2019-07-01,70.6206527909528,74.82304201402758,73.35602434839015,73.35780168823887,73.71554889069942
2019-07-02,70.67938724861,75.04792836456859,73.32615119401872,73.35862728158192,73.74634081665917
2019-07-03,71.28654161773125,75.21287925014677,73.40731463052616,73.5096206039711,73.84676778828135
2019-07-05,71.27275279811478,75.11282453050922,73.39251898093863,73.46972795805677,73.81431684434274
2019-07-08,70.96567302776272,75.05821020141792,73.31932387742329,73.40141125725282,73.74732980098776
2019-07-09,70.56687070067741,74.95968920623527,73.2437421119137,73.33052985330936,73.67522838770947
2019-07-10,70.19265558685692,74.8795721473833,73.19300258431076,73.25647765333514,73.61595172409542
2019-07-11,69.69937417056276,74.74213925094035,73.05877060117874,73.13358722916149,73.4812779489701
2019-07-12,68.72967823520077,74.5458650037725,72.84855366609632,72.95174336011328,73.27787278749473
2019-07-15,68.57540670190791,74.51916721738414,72.82074469428649,72.92343802407713,73.25002049049002
2019-07-16,68.20017598385701,74.48316538187625,72.7661802568475,72.8688977385076,73.20123311443432
2019-07-17,68.6034143357741,74.458547047925,72.78093738508284,72.87161445709907,73.21403353497007
2019-07-18,68.01220693974507,74.14669907294937,72.66198271335745,72.71235188861193,73.05838156551722
2019-07-19,68.76523339845119,74.15251994602185,72.70254046407662,72.73213226812094,73.07303289416626
2019-07-22,68.4778742052863,74.0124200168518,72.64345180468798,72.66325370141656,73.00845081106509
2019-07-23,68.87497582443127,74.00685853151408,72.65071307502679,72.65411149335227,73.01887100662252
2019-07-24,68.36804670655407,73.95673895359431,72.53763460816953,72.54337927882376,72.91262798941007
2019-07-25,68.67067820191069,73.96787952917647,72.55484333320119,72.60003893829872,72.93878798757999
2019-07-26,68.09789289686226,73.75503673834993,72.39812022122186,72.41101208108752,72.78797149256246
2019-07-29,68.0023663829463,73.6770770313604,72.39255444298996,72.34111564032482,72.76343461028068
2019-07-30,66.56698567867437,73.48260519154768,72.14573885816564,72.14051383105492,72.53100741499915
2019-07-31,67.7378044906777,73.65009114441683,72.25695862277695,72.32973558777526,72.64955815753058
2019-08-01,68.01571623277299,73.4386127502115,72.05865079029427,72.11675329263417,72.43634444092112
2019-08-02,67.84100247966036,73.25416296209751,71.98595214596195,72.0176342489177,72.34695777888534
2019-08-05,77.27795012017626,75.5140937555785,74.09949141397233,74.11875540695111,74.4428847557523
2019-08-06,78.34253661117917,74.93759294686247,74.28308178922556,74.15786619698441,74.44746786034257
2019-08-07,77.57217152982197,74.83068313845662,74.06116890634668,73.93905855341555,74.25114801641985
2019-08-08,79.84297913365482,75.5255110053543,74.74829660394366,74.69263304540206,74.96114144893264
2019-08-09,79.89381568831301,75.41838197458145,74.73894319924896,74.66308291165682,74.93554249108543
2019-08-12,80.16663416298042,75.51495402669566,74.9053568175288,74.8470951878252,75.08077862996807
2019-08-13,80.41104981915687,75.56278895633612,75.0461341925071,74.97806378887714,75.20124336548481
2019-08-14,83.240925803334,76.83693158870055,76.52352897761752,76.43073980964792,76.63028401102693
2019-08-15,82.78738492314511,76.64327810476433,76.38712571578029,76.26944250417333,76.4580539775235
2019-08-16,83.0789930055708,77.0257706439319,76.58692041644531,76.44879121495144,76.70797257050158
2019-08-19,83.34560044718172,77.2561104167691,76.77295742691473,76.66192377128154,76.91928225076906
2019-08-20,83.41279786548508,77.3102060756877,76.81396485129066,76.7323827535892,76.95942074865405
2019-08-21,83.35674954774149,77.255321160808,76.83800898581268,76.75629620187344,76.9525902283384
2019-08-22,83.19438934020596,77.17433461497525,76.76969299596163,76.68989137060572,76.88050785315696
2019-08-23,84.58344455991802,77.83575238664802,77.69830480465517,77.5654102079027,77.7266594728813
2019-08-26,84.79798610385738,78.04856137874289,77.82805496958692,77.74576559578473,77.86639575883314
2019-08-27,84.75134691497529,78.02907338971956,77.81767261768262,77.73365117226768,77.851066683392
2019-08-28,84.59461620475776,77.95823758069334,77.77782940130442,77.70259223871835,77.80120507643032
2019-08-29,84.79024606988226,78.17438856418588,77.93587076565446,77.86555475593369,77.9822066906034
2019-08-30,84.71162791290281,78.14795710003024,77.91135319127596,77.8444708001878,77.95398884865115
2019-09-03,83.60764213127126,77.82389631159609,77.60681137608547,77.54836864781183,77.6427845284289
2019-09-04,83.66544281767777,77.8805494454813,77.70877315733513,77.6334057670009,77.73466006187495
2019-09-05,82.36729033689035,77.62290514473676,77.3492179415067,77.27869175393558,77.39534723744659
2019-09-06,82.22460360951492,77.5745524629007,77.31049196755508,77.22984065731961,77.34900598941094
2019-09-09,81.66051271641037,77.4429703780256,77.13444311229465,77.07690678009494,77.18818753997645
2019-09-10,80.94052992566691,77.25629511323814,76.92593226232647,76.87555531345555,76.98455302127407
2019-09-11,80.85450746597529,77.2144282877942,76.9043266784889,76.83666991463193,76.95207153829656
2019-09-12,80.74891875279617,77.18269219827825,76.87385068871191,76.79910789888841,76.9215470123327
2019-09-13,80.23626249125425,77.05147243920474,76.75271151670644,76.67358819984601,76.79043093090921
2019-09-16,78.52681893823942,76.54758419014155,76.24158238378078,76.20939604413617,76.27236072374437
2019-09-17,78.50406290209581,76.61782216648798,76.30563793841863,76.28703419039661,76.32491782238424
2019-09-18,78.4086245025535,76.57640159257707,76.28234224386723,76.25751446748428,76.29700718479852
2019-09-19,78.25896554051772,76.5444561075501,76.24750793083973,76.2255318476611,76.26074666475756
2019-09-20,77.88931331576009,76.48823619946616,76.16851182693901,76.15121231340221,76.18428562913988
2019-09-23,77.69220241723835,76.42637382058139,76.12490144962749,76.10945691672818,76.13778512990302
2019-09-24,76.99423219506129,76.29984483579018,75.98154493986861,75.98394420323656,75.9871645326028
2019-09-25,76.70903107216223,76.18710607215084,75.920030266399,75.9180474128295,75.91713024400873
2019-09-26,76.28984130446905,76.06653042290705,75.81385001525022,75.81420906233993,75.812552646403
2019-09-27,76.1864876691037,76.02140585709253,75.79930862151477,75.8017909348784,75.78740681737389
2019-09-30,75.84291164449733,75.93746796971203,75.73177701863523,75.73132288501411,75.71293944114454
2019-10-01,76.82585868635014,76.22006639879623,75.97654540418343,75.98641457203195,75.95761904588568
2019-10-02,78.84813218693832,76.5262349158017,76.54311268585788,76.50609700766873,76.46502615570454
2019-10-03,79.25154996209702,76.59449748664454,76.62173290218742,76.58510095375597,76.54222627453525
2019-10-04,79.96427336964759,76.84826383743139,76.8561133475254,76.87039455046225,76.79156373616541
2019-10-07,79.99138346171777,76.79166911914966,76.86863105955314,76.86120130449098,76.77742138128309
2019-10-08,81.04877540459604,77.1888660306081,77.2552905636797,77.2470154187895,77.18066594951289
2019-10-09,81.30794309162273,77.26369106858387,77.3439293680861,77.31701438248889,77.26123548862319
2019-10-10,81.2905192257779,77.28463749183707,77.35290333796267,77.33437240476917,77.27893505640165
2019-10-11,80.75825770914157,77.20408724260189,77.26144322792517,77.26075234944194,77.1919921174694
2019-10-14,80.66086295902856,77.26565529752521,77.2414403343295,77.26103749585441,77.19109519254074
2019-10-15,79.98317714427222,77.14927403032071,77.09311064120357,77.13850749359842,77.04730013136026
2019-10-16,79.76330904973875,77.06450223561055,77.0379444969737,77.06783787957924,76.98769615364246
2019-10-17,79.6699032046396,77.03791196626945,77.01723465433841,77.04953543959913,76.96591790782527
2019-10-18,79.02700653199045,76.89267416011629,76.88926404740405,76.92368637272135,76.82889365538536
2019-10-21,78.9483098969426,76.90483060487718,76.8569630442182,76.87483159567375,76.81293622291554
2019-10-22,78.25943775378376,76.7285012254562,76.7069821958496,76.69693327546308,76.64975271532018
2019-10-23,78.03147259999156,76.6563211100673,76.6722025525886,76.64903533950505,76.59346985793516
2019-10-24,77.47646228708813,76.54635359793244,76.56365252749536,76.56217560371701,76.486967846141
2019-10-25,76.26009752948461,76.35670179813987,76.31444953886923,76.32180220356194,76.24954072622185
2019-10-28,75.29560012195509,76.25120315443493,76.10309105092263,76.12662696952871,76.06524804694337
2019-10-29,74.5957477582863,76.12782812022705,75.94299532900051,75.9382638139394,75.90450390841674
2019-10-30,74.0695675802326,75.99094480742932,75.8197867323333,75.7942777378367,75.77211552036778
2019-10-31,73.6673331154208,75.90001528275953,75.75656257427582,75.73067280618058,75.69585228427812
2019-11-01,73.31704805642437,75.8102150367709,75.64192865847915,75.62177588668875,75.58986637232523
2019-11-04,72.76982385179268,75.71847710875294,75.38586018705927,75.40580858855364,75.38144488748166
2019-11-05,72.2044478739132,75.7156096390043,75.24660141669308,75.32306224351227,75.30370638863947
2019-11-06,71.93525784783313,75.60273757838881,75.14444499078417,75.15820996736255,75.19032169682652
2019-11-07,71.68895466300575,75.36182878412248,74.98021805466787,74.95627977377822,74.99261334357821
2019-11-08,71.57119317381323,75.34320759404416,74.94752186494087,74.91929150653753,74.96868229349172
2019-11-11,71.43223047233991,75.32215079510581,74.94121305603467,74.89435803090197,74.95569867249483
2019-11-12,71.07241650253037,75.26730932036443,74.86753900826743,74.80796419836788,74.88476022853729
2019-11-13,70.92175574709813,75.16030894721656,74.76506530192574,74.72016069039486,74.77968723727258
2019-11-14,70.69075842575813,75.12955303906435,74.73655197569215,74.66747704306923,74.75065820716122
2019-11-15,70.18822220138712,74.98869540404333,74.64306281412797,74.55064354761399,74.64111541494611
2019-11-18,69.81312741413508,74.93669454655132,74.56139424285416,74.46968446753023,74.57118989305359
2019-11-19,69.06900192485207,74.82159011608313,74.44823655832532,74.37191273998828,74.45281334111581
2019-11-20,68.27786464033001,74.68676794302044,74.30866356161195,74.20690436188323,74.29419891984611
2019-11-21,67.92464720398199,74.4538759198767,74.15610811552092,74.03990414180089,74.13001663632915
2019-11-22,67.48868187814224,74.38464273623795,74.09042823831179,73.98008769767526,74.07028672679154
2019-11-25,67.45426422983898,74.36549646491041,74.0239860735163,73.91518986395256,74.0126106430161
2019-11-26,67.48140426791728,74.25111347411718,73.96401224446831,73.86518304483685,73.95585555342863
2019-11-27,67.55084462972823,74.2329708358766,73.95929834772359,73.84760044931713,73.94746239783491
2019-11-29,67.86212211439984,74.28144335167946,73.9938682548502,73.89304737790353,73.98390678579845
2019-12-02,67.8479265067024,74.21145563716995,74.02304983652535,73.87703264326015,73.97167752776835
2019-12-03,67.42672918449045,74.13160428160619,73.91802670959665,73.75305887972117,73.85193951855943
2019-12-04,68.06797028149144,74.24475694139878,73.99424723884611,73.81422394307639,73.93713151571524
2019-12-05,67.93256852846054,74.22823637848829,73.97133407010823,73.78139185619881,73.91686019655276
2019-12-06,68.80200730529228,74.30230496744002,74.0034954138233,73.845378771821,73.96755068894664
2019-12-09,68.57129188133834,74.25174724624262,73.957269146688,73.79112949147303,73.91838815323158
2019-12-10,68.49296760557202,74.24173492739934,73.93295276067549,73.7849674171646,73.89843607227755
2019-12-11,67.88983813530253,74.15801942254122,73.82615533918685,73.69394136078505,73.79852069511891
2019-12-12,67.94464812889501,74.01164910543429,73.63240851500782,73.44789356765514,73.62001228374493
2019-12-13,67.54615195166527,73.8037042445636,73.54095757872868,73.31312599532498,73.50268435641429
2019-12-16,68.08759698124335,73.927158896515,73.65930310363083,73.46129898844342,73.63012601314803
2019-12-17,67.62236662203046,73.90225499696322,73.5553321897349,73.36817024565242,73.54869751675415
2019-12-18,66.89205308819311,73.76214818270323,73.42588223673508,73.20851418325155,73.4095452103011
2019-12-19,66.76988803210453,73.68271541499811,73.4056703696715,73.14728549033744,73.36328626586614
2019-12-20,67.24343130718385,73.68070213667703,73.47704586312189,73.20745080913072,73.42655273610352
2019-12-23,66.917561307828,73.6496662673676,73.3859010815846,73.15363321829878,73.35033966570167
2019-12-24,66.81615595241794,73.63353195428046,73.36912864907595,73.13431976248211,73.33073297490186
2019-12-26,66.5928582053189,73.59493109453977,73.33936983621452,73.08417183722182,73.3003156154824
2019-12-27,66.54321452176087,73.54388691215347,73.31699942631302,73.06211337325215,73.27187738248004
2019-12-30,67.04413967861682,73.57089893030367,73.35166520266193,73.1008189276322,73.30341677135017
2019-12-31,67.00479666882848,73.61739649740801,73.36080513420544,73.11535713434068,73.30989797449116
2020-01-02,65.16925066776547,73.29969310983707,72.89592092067724,72.66945114500429,72.88955558213351
2020-01-03,65.2765118587039,73.08478191051574,72.76410495393971,72.50690933417629,72.73366114852688
2020-01-06,64.63568849662857,72.97976749552221,72.69904248752059,72.44962114377762,72.65624288880235
2020-01-07,64.6845245070811,72.98041977784555,72.70932702295113,72.46955508040274,72.6659718871979
2020-01-08,63.9090291626142,72.87747195192944,72.61061377462217,72.3565647100463,72.55897401290494
2020-01-09,64.42612496360408,72.92772482598494,72.62096938641751,72.43915272389879,72.60044244204738
2020-01-10,64.36892651847705,72.74626155758484,72.52703867812058,72.31926214917155,72.48706025148978
2020-01-13,64.29959243458975,72.80833430563968,72.5576901982069,72.3443983186596,72.5088268063319
2020-01-14,64.02879478709623,72.72004115142163,72.50589375553182,72.27420610570935,72.45380476956717
2020-01-15,64.08101302545411,72.74346663181801,72.45804309343492,72.26691952705367,72.42294265512768
2020-01-16,64.39541812492301,72.7105666811311,72.51097989724668,72.28337111941244,72.44372171038054
2020-01-17,63.824439165372496,72.61487819702764,72.454602898432,72.20808018434641,72.37891708907136
2020-01-21,64.47536316108395,72.51037800527021,72.33919403903768,72.06744042788087,72.26807185798583
2020-01-22,63.8617307702863,72.30312753414972,72.23437779709877,71.94865877058119,72.13826696203205
2020-01-23,62.57731864147829,72.23613419641146,72.08766781457439,71.80934240511515,72.0184070889
2020-01-24,65.37254433380703,72.48002448136741,72.15391910927819,71.95269136536686,72.16571864087604
2020-01-27,68.94875209576664,72.93220809098224,72.55239255854814,72.45676870587243,72.60976786242728
2020-01-28,69.15622191382121,72.75929684192087,72.54029175473688,72.43324966980958,72.57165831361257
2020-01-29,68.5100908604764,72.68951026868844,72.43563665602026,72.33748123098422,72.47943002869661
2020-01-30,66.61985687957163,72.43689527952233,72.10971158017543,72.12615021761151,72.17824354226504
2020-01-31,68.17905643600855,72.466928756445,72.4891148709279,72.22318238646504,72.35689620696697
2020-02-03,66.94419410689538,72.13142502291815,72.22819672953479,71.79217189490487,72.05027065916849
2020-02-04,66.78067492832082,71.89274344560887,72.01606036838398,71.538943995776,71.83124822936112
2020-02-05,66.832887050732,71.84840199912018,72.0660925726368,71.52124900245643,71.83753478698783
2020-02-06,66.09560751214876,71.62841148920029,71.91902103536216,71.35277290782189,71.66761396912078
2020-02-07,66.13767189288161,71.58541329523186,71.93642265452176,71.30428330339122,71.66061897412003
2020-02-10,66.76060988266202,71.70644033042346,71.97447071044712,71.35112309615224,71.74120168057556
2020-02-11,65.92749143690708,71.58399355439069,71.85622548078967,71.20335134314765,71.61741806694585
2020-02-12,65.58216937374003,71.51866851395697,71.80986158468922,71.13889134444707,71.54137626398507
2020-02-13,65.41422711715768,71.34793289762268,71.71158092278164,70.99575031245097,71.41452406020579
2020-02-14,65.6192100389143,71.3545528912281,71.70656377153675,70.9965205370256,71.42209954973468
2020-02-18,64.74471440806524,71.25250952086937,71.55934206679282,70.89007839574961,71.28864727890746
2020-02-19,64.6886643154122,71.10555704744552,71.41755858827402,70.74278128678601,71.15611112698514
2020-02-20,64.0366239429059,70.92648170809419,71.24294084292458,70.58619047287827,70.97824282413251
2020-02-21,63.86992546574186,70.83972549051974,71.05659492048204,70.49743271609651,70.83078717317333
2020-02-24,77.86012504735616,74.6890133103867,74.23546535228466,73.98918068291265,74.18076390861678
2020-02-25,83.02138546116386,78.46192720152406,76.99878158223258,76.91218043564923,77.16228567481063
2020-02-26,82.64261856838662,78.57088245958836,77.01232597362383,76.99161190476796,77.24355530412278
2020-02-27,86.7468939365229,82.62888096973981,81.20085857212294,81.21839821359617,81.31639055188755
2020-02-28,85.9245346869177,81.84834524032553,81.01498346219336,80.74916267128569,80.99925363545135
2020-03-02,87.47339599296873,82.93549620293429,83.1967805512489,82.60869592061641,82.91461540358745
2020-03-03,87.49210398840745,82.9285973137449,83.47639746064179,82.85577447519262,83.14521266619171
2020-03-04,87.89899555520597,83.70001093614619,84.28954188871992,83.65136642833228,83.93481960010836
2020-03-05,88.11007611482347,84.00712599701966,84.73128778884815,84.12167271693211,84.36077727700535
2020-03-06,87.9807156146013,84.35447091328648,84.7742493332959,84.22875154872399,84.4878271612529
2020-03-09,88.67976431147498,85.65341718554974,86.32456676179682,85.72863981047396,85.94062497003077
2020-03-10,88.67520794915636,86.9892755869714,86.7364256946198,86.64450727715167,86.72559684908036
2020-03-11,88.94851234468929,87.44977686177275,87.1488433120337,87.05581209868056,87.17808379967987
2020-03-12,89.5166561479692,88.34068754107695,88.22573538404475,88.16608121777503,88.22722346748124
2020-03-13,89.71544948815844,88.74328856971705,88.60660607612702,88.54030837247434,88.63220916076557
2020-03-16,89.9070274705794,88.87705713953024,89.0259839997306,88.85992935606153,88.9336294116807
2020-03-17,89.72709859629506,88.93673633935178,88.77855479812574,88.66954837874034,88.79770052345962
2020-03-18,89.62640832044266,88.78088401373367,88.70348925415334,88.52727483199743,88.6773741949299
2020-03-19,89.11029351155179,88.25341163500333,88.27633115047018,88.1122216040414,88.18907929341616
2020-03-20,89.06332843997667,88.5284669000313,88.27059540438766,88.18847162767823,88.3054743836594
2020-03-23,88.91474833024989,88.50820732919684,88.15884289515415,88.16442539157926,88.24036834388731
2020-03-24,89.08512744293711,88.570485106064,88.36563577705641,88.2869925300277,88.39486996633394
2020-03-25,88.99559216685316,88.53944335405446,88.32758156086472,88.24990017379186,88.35503798368114
2020-03-26,89.05414696036155,88.63943773134069,88.42666801730557,88.36221865600334,88.45544379286893
2020-03-27,88.98175535376241,88.58115560099891,88.37278983738683,88.31024586966203,88.40005551064567
2020-03-30,88.95708757058566,88.58936529986762,88.35934588595615,88.31123779562883,88.39719758242107
2020-03-31,88.8838559322117,88.52729883166661,88.30796312719367,88.25420791984146,88.33754063931724
2020-04-01,88.92771021069501,88.56770866092951,88.35813162342006,88.31417546151918,88.3903626699198
2020-04-02,88.88504688088109,88.52052608118456,88.32121103421869,88.28743762446923,88.35871748764397
2020-04-03,88.81688384003587,88.45043900629042,88.27053926215655,88.22772902157122,88.29939450462004
2020-04-06,88.87321546081449,88.44377565371278,88.32546587991283,88.28276916664423,88.33356307746384
2020-04-07,88.81920046856877,88.4180452306677,88.29279569661249,88.2556083380564,88.30297916743979
2020-04-08,88.77552199767344,88.39680005293293,88.28712819784947,88.23453964345596,88.28555263792931
2020-04-09,88.63140492947126,88.33447648965074,88.22086473434753,88.16219482966518,88.2161807275282
2020-04-13,88.55317925507411,88.24748930176798,88.157944948387,88.07369533752656,88.14289623791075
2020-04-14,88.49058102087588,88.2029996315156,88.12060939317487,88.02447456720387,88.09866466608197
2020-04-15,88.50020526342588,88.23265325175655,88.1297264102209,88.0373397360585,88.11609844860085
2020-04-16,88.42659520499397,88.198805676824,88.09304718779168,87.99530967421799,88.08086992672581
2020-04-17,88.31239373345636,88.11994897774144,88.03482748006951,87.9192208220823,88.00819190682614
2020-04-20,88.27852988170962,88.07545968874837,88.00303180820092,87.87629732683575,87.97352758288216
2020-04-21,88.24924957272677,88.04349651850033,87.98797683045292,87.85647012316544,87.95171217839335
2020-04-22,88.2566500975049,88.03124722061625,87.98793850288844,87.8566189192964,87.9469072806252
2020-04-23,88.17319855832046,87.99090154735572,87.94875698787793,87.81233722013975,87.90490150412988
2020-04-24,88.15767722094607,87.97417012981902,87.93879383196271,87.80145325563598,87.89143243158198
2020-04-27,88.13592058717373,87.9717809761027,87.93172930058383,87.79349628283559,87.88640167372243
2020-04-28,87.99810415796327,87.9227123936987,87.87432941481413,87.73882613156397,87.83034132779459
2020-04-29,87.81782862468118,87.76319063221209,87.7754262643664,87.59962987221078,87.70966510442888
2020-04-30,87.77330919698757,87.73411794633328,87.74674269341166,87.55258335649602,87.68132906993132
2020-05-01,87.8264462686834,87.7521658588519,87.76872087523458,87.56385403363119,87.70497798996587
2020-05-04,87.75663558383059,87.73603370132459,87.7385968234938,87.5332557848511,87.6791065360528
2020-05-05,87.71599228253821,87.72891001163212,87.72366658999827,87.51950396661513,87.66602558109041
2020-05-06,87.66711701259406,87.7107360236463,87.70317327607903,87.4939637193942,87.6477148831345
2020-05-07,87.61133193389061,87.69497202001259,87.68611534284662,87.4743154074425,87.63085220752836
2020-05-08,87.63234087266402,87.70059216419018,87.69681124458738,87.48088026219993,87.64003891339979
2020-05-11,87.5325950482718,87.67457931189163,87.66277606642947,87.44914065289707,87.6081295570404
2020-05-12,87.52655846017655,87.65626262565497,87.65594944269544,87.44704986638338,87.5985889205731
2020-05-13,87.55677892796075,87.67378933890949,87.6722237194493,87.46514894077282,87.61781004180784
2020-05-14,87.51991744120367,87.66480383740785,87.66034972325627,87.45253878878233,87.60609647826503
2020-05-15,87.44930514663832,87.64199124817405,87.63672784929821,87.42656679272127,87.58221345773545
2020-05-18,87.37735552700752,87.60171580553673,87.61602232913425,87.40686325796382,87.55177668823495
2020-05-19,87.33677952994286,87.60876084455278,87.59788306318656,87.393935517309,87.54171056497754
2020-05-20,87.28299748317887,87.5944460868162,87.5836507792788,87.37595184535611,87.52502618018042
2020-05-21,87.24511245785065,87.58274673054031,87.57058426776865,87.37136979528931,87.51183135819765
2020-05-22,87.19036689284832,87.56212433551363,87.5524878694322,87.35577287334714,87.49178460276215
2020-05-26,86.96774167895327,87.5068946606309,87.49191127659152,87.29980555249072,87.43281466880532
2020-05-27,86.92455516071112,87.50316364136297,87.479725345489,87.29013093773943,87.42825154910489
2020-05-28,86.66270083136742,87.43914863781339,87.4074123624485,87.21853542701764,87.35474771547314
2020-05-29,86.61286410013157,87.42963875457373,87.39322365014425,87.20455117208672,87.34203691724427
2020-06-01,86.5215995071632,87.40247691122464,87.36947947636322,87.17793935430664,87.3150667674759
2020-06-02,86.51332932830566,87.39652649251565,87.36796529724734,87.17348160623213,87.3115637064518
2020-06-03,86.39096976931901,87.35464599431556,87.33271036952965,87.13572243756047,87.2713046247171
2020-06-04,86.26775604114282,87.32907354644189,87.30193878876042,87.10676913833481,87.24249471741699
2020-06-05,86.4938605929454,87.38473045922643,87.3343305878257,87.1562814502168,87.29335324237276
2020-06-08,86.52304141897028,87.37604080898579,87.34305319773503,87.15886494483094,87.29550859353422
2020-06-09,86.45906494439485,87.36389459332659,87.32380716021952,87.13151204376219,87.28036739207755
2020-06-10,86.2935884434366,87.31096204425863,87.2809069850796,87.09036025377226,87.23427681435012
2020-06-11,87.28007156250942,87.48504718560228,87.48395929900306,87.31315225046802,87.43903284983732
2020-06-12,87.19441179740078,87.42259439507046,87.43950138927697,87.24808541477896,87.38603867380526
2020-06-15,87.15867126110041,87.41274984235282,87.43210093069987,87.24084419973579,87.37757833237272
2020-06-16,87.16518004295774,87.4140376499726,87.43465967729993,87.24770496566576,87.3813322655721
2020-06-17,87.1302220302242,87.40602529730248,87.42193793710334,87.23560840660967,87.3704527573783
2020-06-18,87.07940095578824,87.39896628932534,87.41078095012568,87.22597725301176,87.36026821137483
2020-06-19,86.9284421625116,87.36944928404037,87.38198314997676,87.19667103255594,87.33047791460855
2020-06-22,86.82000434058742,87.34737671555939,87.35919370234683,87.17361029584858,87.30750229141844
2020-06-23,86.7638826542666,87.3407184430385,87.35076920533575,87.16295969422804,87.29980521738567
2020-06-24,86.96290382424341,87.36409946607694,87.38039388727788,87.1941537406191,87.3284856285179
2020-06-25,86.87421989330863,87.34784694774645,87.35811780845575,87.17475484770667,87.30766990478254
2020-06-26,86.81674031906986,87.31979136380889,87.33702745768788,87.14509936625421,87.27902236010432
2020-06-29,86.83942000875058,87.30185502316745,87.33055475869413,87.13027842092082,87.26524430380077
2020-06-30,86.82808112179997,87.29236871070935,87.32816505293675,87.12426024989352,87.25988626130749
2020-07-01,86.54346604194019,87.23727657827254,87.26524550758387,87.06107884056209,87.19851879819677
2020-07-02,86.45178374933666,87.2178896441195,87.24939189033226,87.04297671999399,87.18084307015529
2020-07-06,86.26412027186757,87.17360948554305,87.20978984565157,86.98505558536668,87.13727817422487
2020-07-07,86.13328781088696,87.13472983259672,87.1768637751367,86.92397029327817,87.09939102814135
2020-07-08,85.99397729840973,87.10557153679582,87.1522191352362,86.89072573300847,87.07107497917202
2020-07-09,85.84329762851203,87.0755339761295,87.12474533206456,86.85323726902335,87.04265315349268
2020-07-10,85.61724726375373,87.04561687081575,87.08820871487268,86.80661716923069,87.00774269499506
2020-07-13,85.37089155557284,87.01069247817831,87.050429299295,86.76661729893372,86.97037036412668
2020-07-14,85.42093871471991,87.02372574189413,87.04811676825787,86.77449080842668,86.97495034903184
2020-07-15,85.28908104685328,86.98701678102115,87.01844180147255,86.74005814098722,86.93881100954229
2020-07-16,85.17004891335192,86.97202747183383,87.0011674489123,86.72050827688595,86.92215544721749
2020-07-17,84.96991801505018,86.9457240139698,86.97039212337846,86.68763996094192,86.89496059148527
2020-07-20,84.51729806794202,86.88493040665581,86.9034222852691,86.5819255292966,86.82867009713112
2020-07-21,84.08207269649415,86.8178275605369,86.83357832309474,86.4869365266044,86.75675751319919
2020-07-22,84.0569003244219,86.81405884738207,86.82440757546823,86.4791671849479,86.74983004115421
2020-07-23,83.82399208012869,86.78167255671983,86.78454421433399,86.42917957636762,86.71150384660997
2020-07-24,83.74970261392615,86.76232698864035,86.77431632221436,86.41429791714258,86.6974105633904
2020-07-27,83.55585069305994,86.74247821686622,86.7508853273535,86.39313650586438,86.67518206041632
2020-07-28,83.03401552137383,86.68609134308029,86.69531488387383,86.33191892961104,86.61931037910665
2020-07-29,83.11934048514091,86.70119733558954,86.69939285586206,86.34564586931792,86.62921994423763
2020-07-30,82.88382241095914,86.66250140304962,86.65745233865833,86.29779383313394,86.58720782848128
2020-07-31,82.62896516478635,86.6463189942356,86.63277134514504,86.2740802105763,86.56531473195241
2020-08-03,82.20358879950194,86.606489869872,86.58811244835891,86.2258633626991,86.52284665273164
2020-08-04,82.23269471650094,86.60642187338439,86.57980767274665,86.22508064626855,86.51936800235681
2020-08-05,81.8498873895389,86.5659234854374,86.53534990535546,86.1776553764602,86.47453411885115
2020-08-06,81.41177542074557,86.51818758781164,86.48494616932062,86.12446991140169,86.42373869299655
2020-08-07,81.0525507907073,86.4660698599564,86.44195726726504,86.07842573375598,86.37944917753235
2020-08-10,80.6239213566929,86.42568911708386,86.40240310232794,86.04324699306315,86.3405025885624
2020-08-11,80.40967128079606,86.41696378264625,86.36494362415,86.01514487569932,86.31410675401929
2020-08-12,80.49671043084074,86.40532199516768,86.35172522410663,85.99816446014589,86.30206895337933
2020-08-13,80.43245301878902,86.39830475140701,86.34350791627664,85.99203947892194,86.2955775870143
2020-08-14,80.33899560313681,86.39102532902129,86.33501300113629,85.98393305282912,86.28722916088451
2020-08-17,80.02643380387728,86.36632772968102,86.3056536211693,85.95690773893601,86.25887954516878
2020-08-18,79.96498699558585,86.36620738635033,86.29975066988553,85.93958814148128,86.25913412110845
2020-08-19,79.96350196811585,86.360070270688,86.29510530715037,85.93959395636988,86.2549796177993
2020-08-20,79.59610803978865,86.3297389143909,86.26230549553776,85.89938683135405,86.22280629376428
2020-08-21,79.44540196052846,86.31756702205979,86.24830449031906,85.88835930291226,86.2083580148908
2020-08-24,79.51743028506506,86.3014326942781,86.23517416936389,85.87878301907091,86.19398837380155
2020-08-25,79.23797277760845,86.27896224634179,86.21020883306203,85.85162345178556,86.16887404884847
2020-08-26,78.02167902889829,86.19105799910248,86.09912303815464,85.7246558815702,86.06356775791257
2020-08-27,77.69784672339041,86.15573258530456,86.06405059840382,85.6773493374305,86.02861653780951
2020-08-28,77.81790530096396,86.16602398182964,86.069824971641,85.68959958904065,86.04069119929649
2020-08-31,77.66522627506684,86.15913576500584,86.05790968872289,85.67687842867734,86.03261185513485
2020-09-01,76.74370206151984,86.11188945125701,85.99582506296947,85.62095131285496,85.97655095913245
2020-09-02,77.5136306768869,86.07129783192407,85.9743169023306,85.59150784293578,85.94321868083546
2020-09-03,79.61831546685318,86.05142155210369,85.95212007368542,85.56474871040872,85.91447435459233
2020-09-04,79.35485110563305,86.0095565400979,85.91675781594631,85.52688255233373,85.87662849191607
2020-09-08,80.31536178687256,86.01333622234654,85.9237197715596,85.54146450154835,85.87782364090332
2020-09-09,80.52306568868377,86.01358522648208,85.91717456927509,85.53673069785918,85.87146463368784
2020-09-10,81.3018714855492,86.05673100613147,85.9518470556146,85.58956194240423,85.91157976285604
2020-09-11,81.08498392586272,86.03826250533564,85.92583213476465,85.56202929353596,85.88833107704045
2020-09-14,81.32307485651721,86.04385158198706,85.92742047667507,85.56031694103758,85.8924997405951
2020-09-15,80.99345877808555,86.01732196593335,85.89109983514018,85.52715812636255,85.86015727417794
2020-09-16,80.28673285548369,85.94848334109491,85.8159712370746,85.43781591170863,85.78638398109791
2020-09-17,80.05622149846793,85.92501709327945,85.7830357403252,85.40747318685162,85.7566984399167
2020-09-18,80.12324451655698,85.90675543664233,85.7804760662381,85.40674081570825,85.74903869827759
2020-09-21,80.43649572709373,85.86214679022828,85.74906088539962,85.36460606010422,85.70866440592383
2020-09-22,80.26231306986051,85.84969371875358,85.72628106464688,85.33511877171767,85.68835030105474
2020-09-23,82.06702721908026,85.97580842468429,85.81402072331832,85.46665760413894,85.8013118578008
2020-09-24,81.9221597852802,85.961329503285,85.79569471003323,85.45753127369824,85.78392127681371
2020-09-25,82.21192490961852,85.96640505355595,85.80232884416472,85.46175645051684,85.79201884316166
2020-09-28,82.51491146848305,85.9799283010969,85.82477807432485,85.48783074289054,85.81685576960953
2020-09-29,82.51765653441657,85.98353525241333,85.81357098377424,85.47782900480779,85.80903339685273
2020-09-30,82.34563580125817,85.97453245956866,85.79805033201964,85.46855893118223,85.79705995991334
2020-10-01,81.77181856321144,85.91267111291728,85.72112161497915,85.39303491148375,85.72320827114756
2020-10-02,80.95196498329575,85.81491338207682,85.60591605279969,85.27384993617646,85.61015320387281
2020-10-05,81.41159755065942,85.80391678362835,85.62098120257058,85.28477701907485,85.61629803562575
2020-10-06,81.33331636055227,85.78425879843768,85.60453879328207,85.2691207877957,85.59802126690285
2020-10-07,81.53279476688228,85.78550097526558,85.60167709115503,85.27707746191625,85.59905652572021
2020-10-08,81.63505051390838,85.77422547099845,85.59783026558154,85.26757379162765,85.59113456607172
2020-10-09,81.40426498579976,85.73520835112278,85.56485598538161,85.22983507070605,85.55876182453413
2020-10-12,81.32872682786434,85.7203842498101,85.53669745608707,85.20399761620132,85.5349520984328
2020-10-13,81.14219413227939,85.69869100236077,85.51970448474546,85.18267332183117,85.51448804196049
2020-10-14,80.8980839708081,85.66347841425448,85.49456860987374,85.15314319303273,85.48958303711083
2020-10-15,80.63903431735633,85.62970031972581,85.46689822504923,85.12569743510889,85.45858812749533
2020-10-16,80.1572389752493,85.59429782503067,85.42405141869844,85.08379339358258,85.4182569142693
2020-10-19,80.95536309272046,85.60075516995504,85.44652647025899,85.10036197153647,85.42520257464056
2020-10-20,80.86054784455686,85.58744478372343,85.4380867624479,85.09037422148687,85.41392734823226
2020-10-21,80.58576637873672,85.54824199872223,85.396020407499,85.06134876075168,85.37186556488221
2020-10-22,80.20202417647349,85.53611458766429,85.35127648415526,85.00994577115983,85.34464578434677
2020-10-23,80.19337435457474,85.52723259573526,85.34034292321276,84.9954275150193,85.33566789359429
2020-10-26,81.28176642889389,85.56333429920195,85.38081670943028,85.02713619147434,85.37486391682889
2020-10-27,81.09078608032843,85.53803217996436,85.35427257210185,85.00469695583935,85.34948226011926
2020-10-28,83.61660551754534,85.67218249594644,85.52504721365747,85.19557083629289,85.52403773347557
2020-10-29,83.12699447702158,85.62017460291918,85.46528785747499,85.13190083505839,85.46220387350431
2020-10-30,82.91416148846201,85.6031510415393,85.43124325887271,85.08787807643488,85.43753456131462
2020-11-02,83.11705944725152,85.62064590995837,85.43883398369927,85.12802399124921,85.45746287022571
2020-11-03,83.11814217814602,85.59241879593056,85.42823812075581,85.1089444228243,85.440556518493
2020-11-04,80.560680126432,85.22623854090875,85.03272924689968,84.68732343688416,85.04837115856513
2020-11-05,80.45203878934672,85.26547251373687,84.96767488985498,84.65768942739636,85.01005931791015
2020-11-06,80.27645183471947,85.2185542031575,84.9410758681343,84.6226197892178,84.97307945465823
2020-11-09,78.48235083550911,84.77383527392723,84.47288797283385,84.12140693945973,84.51570021431111
2020-11-10,78.13652354223191,84.71201446413274,84.45226642425655,84.05304287027307,84.47608062890104
2020-11-11,77.51921967686185,84.57717129196334,84.36322970438428,83.93408161235024,84.36956936508226
2020-11-12,77.63356491689161,84.5761018213109,84.36617659165655,83.93123050345802,84.36847869453665
2020-11-13,78.25045433304719,84.60791105211791,84.40958684562109,83.98081001545756,84.42082326702435
2020-11-16,78.25916823027829,84.53983727006862,84.37762116233688,83.9286658801992,84.3742381119181
2020-11-17,77.85410578126324,84.50324205546544,84.34183752533816,83.90018347239521,84.3435412481342
2020-11-18,78.4960055631386,84.55761810969202,84.37088059971072,83.95308671019193,84.38739826669863
2020-11-19,78.35393355575621,84.55020574563524,84.3573684474205,83.94080277944855,84.37617619956843
2020-11-20,78.32908980837011,84.5445992183119,84.35580735627873,83.9399660657179,84.3748686974904
2020-11-23,77.78672832529043,84.46082811530806,84.2423819717871,83.81787613622453,84.26516929849655
2020-11-24,78.37368413723014,84.46098834763163,84.22195293765895,83.78185739895912,84.22817109101517
2020-11-25,78.15652979809954,84.43044052031037,84.18985138029221,83.74341677154813,84.19406625924131
2020-11-27,77.94358197512256,84.41157495132164,84.16879289915295,83.72322187315622,84.17409238832052
2020-11-30,78.02487428702916,84.36781029628169,84.13026478950715,83.68827133219347,84.13069841302922
2020-12-01,78.1195587113686,84.37053158475454,84.13612117120799,83.70629373384337,84.14416574615845
2020-12-02,77.32181625496966,84.28809944464138,84.04794548406493,83.60503710663248,84.06261599820856
2020-12-03,76.99804775136157,84.25847284808242,84.02164386136428,83.57444747518792,84.03517740706269
2020-12-04,76.5253493780778,84.19222620513982,83.95428585587271,83.50492279619306,83.96215484495642
2020-12-07,76.33978999282662,84.1690355576901,83.92238450709151,83.48904057795211,83.93679827739078
2020-12-08,76.17344532537412,84.15920002782663,83.90488590395125,83.47543034983703,83.92435488984103
2020-12-09,76.06088041021457,84.13516808699173,83.87888967968556,83.45199865122069,83.89840898165443
2020-12-10,75.86484867358742,84.10536441091982,83.83893852004093,83.4169488174709,83.86132314046745
2020-12-11,75.68311913247621,84.08616024618237,83.82482292918057,83.40001036551672,83.84721559518026
2020-12-14,75.72385543438905,84.05235601602749,83.81060369895702,83.3677894341996,83.82344148473398
2020-12-15,76.49830199552666,84.08003087744153,83.83744782765271,83.38927773785623,83.84975639208527
2020-12-16,76.24880966742309,84.05402641310197,83.81327326436157,83.35879746643474,83.82723380553955
2020-12-17,76.15285345045164,84.0255205149137,83.79169454316906,83.32743567722333,83.80174008248105
2020-12-18,75.99586577950504,84.01483978951791,83.7695403821898,83.30720378843037,83.7837591859079
2020-12-21,75.79561457367669,83.98355367767694,83.7362931772546,83.2698898974463,83.74506783396642
2020-12-22,75.629149577815,83.95584449547695,83.69821888989267,83.242496344636,83.70644909460329
2020-12-23,75.16845301339951,83.90750005104604,83.65228599177688,83.19675386440554,83.65767847538503
2020-12-24,75.21360456256106,83.90195808825416,83.64556849016353,83.19259444317295,83.65243922712925
2020-12-28,75.05874936804895,83.87505961896335,83.61667767534503,83.16502427882382,83.62403019336904
2020-12-29,74.9342159632953,83.87095462290512,83.60795070173752,83.15436010469283,83.61443588640958
2020-12-30,74.63103164950002,83.84187183645685,83.57589596728441,83.12174687597394,83.5811318772038
2020-12-31,74.31749575494563,83.80933757704749,83.54649317202075,83.08872461004017,83.54836371243417
2021-01-04,75.4328290807763,83.80235600916916,83.534334008128,83.08206568944088,83.5274360663097
2021-01-05,74.97726547095479,83.75308342166998,83.46326245839819,83.00404287128491,83.44955932316462
2021-01-06,73.6003576981594,83.5826564830836,83.23227759050889,82.74550922461668,83.22649149216106
2021-01-07,72.27389910942303,83.45551459861166,83.13333885640091,82.63431607228432,83.11914369134556
2021-01-08,71.55093725778217,83.37744124696192,83.07498141873702,82.58274023862005,83.05089431433716
2021-01-11,71.3166752777658,83.31106392445393,82.97921935715166,82.47787146849788,82.96908707257683
2021-01-12,70.2180653973851,83.22203321784436,82.8300577258205,82.35466599866915,82.82786854931062
2021-01-13,69.26836375581223,83.1434122105324,82.74750279607942,82.27833286881415,82.76014576434508
2021-01-14,68.81433714730476,83.08821781591486,82.68767901518513,82.19976603869759,82.69928862284543
2021-01-15,67.66876202331524,82.95223005047241,82.57708096981854,82.09683768103538,82.5849727202648
2021-01-19,67.17152903030633,82.9368284027008,82.52843872535124,82.0574018222752,82.55160895372461
2021-01-20,67.86681216632121,82.85730350038702,82.45181700355947,81.9729856382414,82.47847137177806
2021-01-21,67.61757496820965,82.80426812192495,82.39094981645843,81.90252244320867,82.41509069528172
2021-01-22,67.62470582199668,82.79538793013846,82.38245834095773,81.88981103416005,82.40561950853537
2021-01-25,67.16162235663813,82.72248832116237,82.3099648647249,81.82437686810599,82.33281217820313
2021-01-26,66.1792465437611,82.62060050568235,82.21717275909887,81.74030415855532,82.23656962217218
2021-01-27,71.22466104384199,82.70343024079627,82.36858335789663,81.88690383060239,82.34521693096895
2021-01-28,71.85313805235636,82.71903787610269,82.3587123813857,81.87684620565243,82.33316460255668
2021-01-29,74.22883491316334,82.8586284419226,82.45470930623331,81.98105782181018,82.42632707813753
2021-02-01,74.35796464022478,82.89848699694043,82.4459098375424,81.95710721444098,82.42426387087625
2021-02-02,74.5464155912481,82.85950128193171,82.44846318382487,81.94887065244866,82.41339019160814
2021-02-03,73.80386105216893,82.75208174762555,82.35703692500584,81.83192397964892,82.32247466507012
2021-02-04,74.43780103520531,82.78235149776592,82.36234533677323,81.84886021217804,82.34077501656064
2021-02-05,74.65113369318888,82.75205862946906,82.36062571013707,81.86236883182848,82.34066352400681
2021-02-08,74.42229740160838,82.71389772206307,82.30797790136339,81.79632711699573,82.29244173839915
2021-02-09,74.28282276621407,82.70217911388521,82.28996181702861,81.7836044144806,82.27694609261206
2021-02-10,73.97814849864136,82.66723235640092,82.25215427644747,81.75625199085025,82.24371033580579
2021-02-11,73.6964117013707,82.63523426260632,82.21734172986439,81.7290994388379,82.210187045674
2021-02-12,73.53807043986492,82.61641168664734,82.2009602865105,81.71021915299463,82.19512797062862
2021-02-16,72.84627770065059,82.54822067964487,82.10946420126497,81.62890936009263,82.1106518665035
2021-02-17,72.61938027211927,82.51926153937931,82.08940857918932,81.60089548137707,82.09242903484652
2021-02-18,72.62069898372673,82.4881126654061,82.08193314247286,81.59175439437692,82.08037813084512
2021-02-19,70.91387365479623,82.33357583740612,81.89377387049703,81.4303104849177,81.89396106736221
2021-02-22,70.02174981507488,82.1898603435024,81.72567054710503,81.28421210481451,81.74412261970275
2021-02-23,69.95248022386703,82.20192631248243,81.7091687440231,81.26107081874369,81.74044175802133
2021-02-24,69.95806437712612,82.13876017156079,81.66000633415469,81.21128618314384,81.69951811003122
2021-02-25,73.46302509158849,82.34294437795269,81.78811479023308,81.37839694167836,81.85443840079523
2021-02-26,73.70332926880968,82.27427794344449,81.72484615668556,81.33271258330161,81.79987944718697
2021-03-01,75.33046600193524,82.45626628647571,81.83418982916423,81.45583762746746,81.90024490542436
2021-03-02,75.27682056631512,82.49186044449353,81.80858007014696,81.44113274204138,81.8786651191573
2021-03-03,75.28104108180536,82.40484321934562,81.72459752057034,81.37618528993275,81.79700780333427
2021-03-04,74.69882821107959,82.33158565480367,81.62510000088929,81.27429356971993,81.70127742425713
2021-03-05,77.0652587904275,82.50437183821977,81.81514986934351,81.45248722413962,81.8799353750337
2021-03-08,76.32671675837427,82.41010191600762,81.69562388345646,81.34727633413007,81.77695135447586
2021-03-09,75.49316645465314,82.16050605969455,81.47310192080627,81.14101801812718,81.55086880344956
2021-03-10,75.0755413386719,82.03265072688146,81.37731392389568,81.03183460165486,81.43721674535122
2021-03-11,74.74137158374403,81.88128545519295,81.28720380292495,80.94847408872515,81.34583598312244
2021-03-12,74.1986069232778,81.82192057671779,81.21903134920721,80.86492073832629,81.27336628780307
2021-03-15,74.23889226150551,81.77263469775103,81.18051313180177,80.83344088569851,81.23999914693282
2021-03-16,73.88416519273456,81.74226848686864,81.1233212133916,80.77412067498402,81.18778174488301
2021-03-17,73.37948676043658,81.69765341786623,81.04305726854537,80.7113011390296,81.12901638730804
2021-03-18,73.66707430638644,81.61294062953026,81.02116737668798,80.69046418972756,81.12053129598482
2021-03-19,72.99789266128664,81.51790565331471,80.94420476035494,80.61780676695989,81.05249028852008
2021-03-22,72.30605961718985,81.44145273615936,80.86568040270998,80.53267916069497,80.97172425130799
2021-03-23,71.3710056142077,81.34246973459318,80.76619900278975,80.41602719477653,80.86693004352583
2021-03-24,70.45536085065429,81.1793550747834,80.58553378385821,80.28132411271503,80.68941662107049
2021-03-25,70.53579301949895,81.18601130019236,80.56496554363385,80.25519855564056,80.67404662795012
2021-03-26,71.46210199809511,81.14846345515325,80.51420467343914,80.31152199124513,80.65147378051778
2021-03-29,71.01080160900115,81.00654686262737,80.4611782517285,80.26193712848412,80.58923470556827
2021-03-30,70.38131291577464,80.92739222021771,80.37546909272417,80.19814068724818,80.50639575864967
2021-03-31,70.05767764027975,80.88187768821913,80.32254619258104,80.14327783979638,80.4565956751424
2021-04-01,69.4532313902861,80.80511631314147,80.24845475798905,80.07993324284463,80.37182154935373
2021-04-05,69.37389902744953,80.6907847345844,80.19016854927418,80.02416662391916,80.2792978692151
2021-04-06,69.2344821876297,80.66610127949173,80.15877073021957,80.00015610123647,80.25499145423463
2021-04-07,68.6915646837973,80.61714021345598,80.09821206596415,79.9371963030709,80.19725559056491
2021-04-08,68.37647842405043,80.57894547409533,80.06176502829031,79.89657297506088,80.16016852430248
2021-04-09,68.02219180527182,80.53917832238609,80.01716644357771,79.86397484156588,80.11701560475196
2021-04-12,67.80025796507016,80.52029261695594,79.98841131282757,79.83704541868798,80.08861893428467
2021-04-13,67.32240429652246,80.47995923004736,79.92489039633395,79.78946924635927,80.03305122435181
2021-04-14,67.08349190447366,80.40726911070841,79.80919541084273,79.68946350473946,79.9342523607905
2021-04-15,67.19430088500611,80.31843854205299,79.79134009621481,79.64164317541862,79.89276470151171
2021-04-16,67.03752506140253,80.30895400049235,79.76610815013277,79.62686957450141,79.87262793499522
2021-04-19,67.22742674065692,80.31103984944951,79.7601339448143,79.61198267071154,79.86438752939279
2021-04-20,66.09101136112066,80.1349818952911,79.60221366887593,79.43118699602374,79.7016602237485
2021-04-21,66.32675909507486,80.09937769781858,79.56403398476182,79.38230446793018,79.67379525160601
2021-04-22,67.26418429193986,80.11153956731172,79.63095375041136,79.43267173287373,79.7210282299397
2021-04-23,67.64167525823022,80.13417243545403,79.61951365416625,79.44380144253286,79.7149522713392
2021-04-26,67.03697172999935,80.04501037109854,79.55721401011483,79.37033832186444,79.65398886094789
2021-04-27,67.08749792092479,80.02091939174365,79.52187016222288,79.34059943252674,79.62883120403195
2021-04-28,66.53046284949123,79.94926975056464,79.44092183999406,79.2585299980992,79.547994706227
2021-04-29,65.70438480490903,79.85623962087688,79.3202385706628,79.14957634543488,79.42990805661283
2021-04-30,64.88001106841348,79.80500217571988,79.17406586125735,79.04966816902254,79.28414106272965
2021-05-03,63.98699834289027,79.70653432607486,79.03868113924409,78.914679587397,79.16314563882499
2021-05-04,63.782597338476194,79.66655513351567,78.95008315690373,78.85140772903581,79.09092569871235
2021-05-05,63.56443308546224,79.5805693010711,78.81230431249331,78.71378815986904,78.96262939717381
2021-05-06,64.07996803293672,79.65961766412406,78.8182922965927,78.73964092213008,78.98164046029162
2021-05-07,65.35873573027001,79.63905547912672,78.88429887380677,78.7814206869165,79.04639976725515
2021-05-10,64.17873274458888,79.58215695539033,78.70113379997397,78.6348823022547,78.89097244509695
2021-05-11,65.32794170275541,79.66298698231843,78.74860078138771,78.6883574447463,78.93450360544394
2021-05-12,71.50455710116415,79.94714298414242,78.98560372186942,79.03178269473037,79.19948594844482
2021-05-13,72.13494203129277,79.74274164083074,79.03077489032283,79.04614271496501,79.21531414080667
2021-05-14,74.15458577500307,79.88849223382557,79.2193275214061,79.2439623883855,79.42433884699234
2021-05-17,73.83599743946012,79.78746902510596,79.15630896849457,79.1727071529708,79.36241690436606
2021-05-18,74.45675225185936,79.81215094695254,79.20528833004614,79.20883577516746,79.41013652299067
2021-05-19,74.59832208194632,79.8274744845232,79.20796345123019,79.19490429749058,79.40734079821821
2021-05-20,74.77510023596936,79.79282500368669,79.24043939935318,79.20933037523447,79.42052756474936
2021-05-21,74.58712878542592,79.75948505322125,79.21131383253497,79.18265859782656,79.39162147081896
2021-05-24,74.68685421376125,79.74293549149989,79.21948612441047,79.17520689374129,79.38924789028265
2021-05-25,74.51276218068115,79.68676968733365,79.17649292793728,79.13095008733427,79.34385685172857
2021-05-26,74.24770099101202,79.63401605188255,79.12916590034507,79.09959132047821,79.29821594900041
2021-05-27,73.59631733347679,79.5597544948404,79.04662643013017,79.02170476379946,79.22011447920391
2021-05-28,73.42722179409117,79.51768939596305,79.01674349953075,78.98828483246456,79.18363473879653
2021-06-01,71.70381608777697,79.29489454547333,78.76448889493257,78.74135220987841,78.9339439905682
2021-06-02,70.8800919456216,79.2540350860768,78.67264988691723,78.65363088430911,78.84992960121546
2021-06-03,70.58170402423295,79.22846156117751,78.61981289195529,78.60429287014178,78.80899307919559
2021-06-04,70.52107675044685,79.19182831360027,78.60239342777754,78.58081642528522,78.78692682374525
2021-06-07,69.92722901320742,79.1280147397975,78.53320241093061,78.51346385565522,78.71885629578397
2021-06-08,69.42637769563292,79.05140749291739,78.46398177021375,78.43639038137886,78.651190942251
2021-06-09,68.78841049327319,78.96569896263878,78.38359682431046,78.34342302998927,78.56856679111428
2021-06-10,67.57735649184305,78.79847951922285,78.2371190063273,78.20026261603529,78.40900313631617
2021-06-11,67.19556482881731,78.72522408636522,78.18694726183124,78.1478355276976,78.35621478496921
2021-06-14,66.77050490825671,78.66991048362351,78.11855103302774,78.08510190175797,78.29169001140578
2021-06-15,66.36592204856892,78.62239026947964,78.0476284715939,78.01047370896805,78.22844553271594
2021-06-16,67.92058014148232,78.70752617800218,78.08268019100844,78.06572048867439,78.30624069031218
2021-06-17,67.4854346415006,78.57145692824821,77.83233004549511,77.81934586587705,78.0799005329758
2021-06-18,71.32903302518564,78.94120357010337,78.15108283211697,78.09473789580439,78.37756793004331
2021-06-21,74.02550163159698,79.19719825037873,78.35715812643467,78.4040476856975,78.65223680199915
2021-06-22,73.45623160116241,79.0243922020299,78.28469922346406,78.30662693579664,78.55624367692552
2021-06-23,73.18321554721341,78.98968329431415,78.24407875802021,78.26929381804834,78.51774836771891
2021-06-24,72.88789734381395,78.9419783656498,78.20398083432238,78.2324686965772,78.47614411949426
2021-06-25,72.92385779875487,78.90680480397215,78.19642821712777,78.2079605886027,78.45812567779754
2021-06-28,72.2839500089082,78.86138388062103,78.09571729283675,78.12977044128812,78.36763366439673
2021-06-29,72.05003483396955,78.85198644248598,78.05789958849044,78.10987333360073,78.33821134357713
2021-06-30,71.58215973159757,78.8058730667612,77.99761283942317,78.05549789730803,78.28193558329511
2021-07-01,71.63996473678901,78.80775735005605,77.992588733676,78.0639639237131,78.27680706639366
2021-07-02,71.49304155246222,78.78591976123785,77.97007711813721,78.03385862193326,78.25147948803266
2021-07-06,71.03535938475683,78.7299455529703,77.88053023477254,77.92067662448791,78.1614322635481
2021-07-07,70.5963528544508,78.65645495235805,77.8143287403841,77.85224005182182,78.09677533705124
2021-07-08,70.88571027496694,78.67154911686985,77.81218703122559,77.8283057975329,78.09150299051016
2021-07-09,71.51434311204068,78.80964460086751,77.81225522344788,77.86584156472755,78.11790267730932
2021-07-12,71.38227188085119,78.74415071146471,77.78703166213596,77.83201392261456,78.08509332736534
2021-07-13,71.60817359880087,78.7593201832263,77.79003190260464,77.83279173896302,78.09425320442409
2021-07-14,70.86918438958506,78.57571231887886,77.69223504508118,77.71059518396723,77.98128892590218
2021-07-15,70.18290236981144,78.4954064985698,77.60221722095379,77.61793198361448,77.8920281628146
2021-07-16,69.83618442799111,78.39989313976436,77.49767109858699,77.51956110308524,77.7977055440478
2021-07-19,72.89873509568238,78.58440947935829,77.80376837611158,77.81513133522877,78.05782494494619
2021-07-20,74.14225247331315,78.8724558472808,77.85616324726847,77.95760774682175,78.17662944291853
2021-07-21,73.72421006679934,78.66703496166305,77.76505927547277,77.84625752281399,78.06654571348996
2021-07-22,73.21685575759697,78.62855635094333,77.68832057140322,77.77307453325535,77.9968425688072
2021-07-23,73.49383039272116,78.64973218123859,77.68843084667361,77.75012427493958,78.00090497254227
2021-07-26,73.14380099947275,78.58406142998678,77.6380123697953,77.71990581609997,77.96708544377351
2021-07-27,72.29894181744572,78.50450843815852,77.49522393038164,77.59671876210832,77.85156744943457
2021-07-28,71.70835760106476,78.35721021834891,77.40384353827375,77.47842113525921,77.74884761647621
2021-07-29,70.91910466492978,78.24708945908307,77.31119443537968,77.38784593538172,77.64740053142933
2021-07-30,70.28736675701708,78.22571735941462,77.23804375953299,77.27158507042492,77.59982673992272
2021-08-02,69.70049890425062,78.14061195960117,77.16320729536105,77.18883126801684,77.5233819375528
2021-08-03,69.52716739816351,78.13911307216867,77.11945345067035,77.19646892663025,77.48344967527235
2021-08-04,69.8143876419931,78.22493166873393,77.13109349497516,77.22023831781945,77.50344734621893
2021-08-05,69.14398087106758,78.19041929260284,77.10399135376575,77.16349119901966,77.45701657377143
2021-08-06,68.34589992961992,78.09706028761236,76.99071667684511,77.04528528354626,77.3411976984942
2021-08-09,68.04835438966403,78.07717467085902,76.95583232910495,77.01768566374955,77.30999794405463
2021-08-10,66.79533897823254,77.93217535559475,76.8053392437986,76.86826465273907,77.16235848629047
2021-08-11,65.52922248820869,77.85432157202517,76.65972340498399,76.72570493000835,77.03901901374343
2021-08-12,65.28668935464545,77.75887130313099,76.63491410788765,76.6735656986977,76.99447216793831
2021-08-13,64.96863299657343,77.69056243700416,76.56432503732957,76.60786079424457,76.93018248068601
2021-08-16,64.7751571345762,77.58860499534387,76.48100717631371,76.5210344945964,76.84936793821011
2021-08-17,63.071700063856134,77.33712681905459,76.21772474782323,76.28044733239497,76.57460076429673
2021-08-18,64.77126774110089,77.27387635911579,76.24858653910017,76.32676109503663,76.57507741495996
2021-08-19,64.46186068283546,77.04949279311622,76.12378879585934,76.16926798900705,76.4544412516655
2021-08-20,66.18810550075446,77.1284956540832,76.22594372216417,76.29687789755785,76.56143124330573
2021-08-23,65.59701608511449,76.95909263979372,76.05486741346073,76.10501597585971,76.37710147869905
2021-08-24,66.15830460768028,76.96948295035371,75.9507388834232,76.02230404572087,76.3079395389782
2021-08-25,65.94256160796999,76.93999391762048,75.91128989764434,75.98916868925654,76.27373179766954
2021-08-26,66.81542098356532,77.01292982719637,75.97440753818223,76.06175526356509,76.34958479506331
2021-08-27,67.49446658747607,77.04896002688022,76.02020351547722,76.08241489143279,76.38880686974404
2021-08-30,66.50092852225818,76.84696263779428,75.87422890379986,75.91158063240273,76.22011979905155
2021-08-31,66.13293156767182,76.82910749033488,75.84057173804464,75.88037830246994,76.1889752040321
2021-09-01,65.59642383975834,76.74340427189836,75.69610363712759,75.74862090045707,76.0672611298257
2021-09-02,65.09843543649377,76.67553516500391,75.63488123985836,75.66425224989062,76.0058346473786
2021-09-03,64.74087242540033,76.60557353608169,75.61059435256274,75.60914581153347,75.97033531891638
2021-09-07,65.8525264697017,76.5314939186653,75.58579181952506,75.53114956214489,75.9365753925486
2021-09-08,64.83652769968248,76.42751152894249,75.38932511639297,75.34033193578135,75.7551675152012
2021-09-09,65.15481914428968,76.3226315263639,75.32242355081331,75.27303704286417,75.68056766829069
2021-09-10,67.18274401601808,76.2968560908,75.43744413919175,75.3631767227632,75.78220074377712
2021-09-13,66.56777904379607,76.22462896283123,75.33742618800353,75.26937992837165,75.70066173994736
2021-09-14,67.43045934205871,76.27589299884234,75.38717919550002,75.35921355437681,75.76154629795496
2021-09-15,67.89417522043559,76.33818312310893,75.3943238742585,75.39777391602286,75.78525821966379
2021-09-16,67.80217828625133,76.33195242519541,75.35859102773424,75.3705108505788,75.75992939663303
2021-09-17,68.85799338069637,76.375302681982,75.45719373161646,75.42787725634906,75.83120767989959
2021-09-20,71.88049788344614,76.53949345158149,75.87134569800615,75.65783701620092,76.08780807446878
2021-09-21,71.79525005019636,76.53702978822577,75.85340335373148,75.64422770051608,76.07773995316107
2021-09-22,71.97490623737355,76.55529645389083,75.84729029808473,75.64109639377561,76.08559156054037
2021-09-23,71.75218342484153,76.61123470666048,75.77071829770208,75.59581932417692,76.03384578544673
2021-09-24,71.28982004257105,76.59385505004624,75.68842406946024,75.53946547379108,75.97626975326351
2021-09-27,70.6883817349812,76.36864888585151,75.40589497233087,75.29382673814871,75.72331588105921
2021-09-28,73.92189796868276,76.79477399889761,75.83425393376133,75.68747011068427,76.13680164012735
2021-09-29,73.60189127249737,76.72573568032362,75.77006940287242,75.62134654889041,76.08883251130104
2021-09-30,74.62875471274249,76.82599534824209,75.9923951876284,75.80710138753658,76.24413436347132
2021-10-01,74.57075746823156,76.72446112943423,76.0572325193449,75.78097452161015,76.2522821082947
2021-10-04,73.57424204806829,76.51034847891319,75.80765031509296,75.60873374413637,76.06562634417877
2021-10-05,72.72724766504433,76.37814971819925,75.67367951729672,75.46682041381423,75.91349139364898
2021-10-06,72.95084629065694,76.31414190760174,75.65116417787424,75.44885057718216,75.87762972317383
2021-10-07,72.73478201856688,76.28385749008173,75.61854443895022,75.41931422506345,75.84332286755897
2021-10-08,72.26789726755027,76.18971551860102,75.5012935937171,75.30230980158484,75.72311142041562
2021-10-11,71.98473888358072,76.12501994570417,75.45911161638347,75.23252507546043,75.66370456819742
2021-10-12,71.216602257972,76.01947794051212,75.30749373288133,75.09912663591449,75.52144372048464
2021-10-13,70.931978978907,75.96156314788435,75.25544710805349,75.03145419495618,75.46249454294441
2021-10-14,72.37529293664784,76.14302876491432,75.56327633884204,75.26673653520585,75.68564854622902
2021-10-15,71.78774647851252,76.06774339042099,75.45720858501323,75.15827117784136,75.57426985098348
2021-10-18,71.02941081076142,75.93730498889023,75.33038238167015,75.04839280965297,75.44634182174106
2021-10-19,70.61424037660632,75.83662489144452,75.29408874129548,75.00789026745856,75.38239597707782
2021-10-20,70.50241265510151,75.62097119113899,75.2734890071962,74.8880777804085,75.28044810642956
2021-10-21,69.96966674104853,75.55994469829915,75.17527198940788,74.8200457861954,75.19044411731966
2021-10-22,68.47225691906645,75.28958750349503,74.86551966839338,74.49416845134598,74.90027262746662
2021-10-25,68.78610373965753,75.27155808530756,74.75283069972112,74.48765076150582,74.8472951072588
2021-10-26,68.37212921772216,75.19445834068455,74.68281390508228,74.43101562714435,74.77455322224445
2021-10-27,69.66935434121243,75.42298443447886,74.82632894932262,74.46678751376852,74.95378584508413
2021-10-28,70.40550836482299,75.49615363936789,74.90827400942295,74.60823091029656,75.04642214758928
2021-10-29,69.92050089827951,75.50406989961131,74.79474737229029,74.50665279090362,74.96769583676142
2021-11-01,69.91933440705026,75.47214481402298,74.73479301474732,74.44054799956234,74.93599499806167
2021-11-02,69.44218074474693,75.39409726247708,74.62871751675026,74.36486754138109,74.84817690269456
2021-11-03,68.80156097727142,75.2720642787569,74.5211686267821,74.26464741203353,74.72117445245536
2021-11-04,67.56786293034092,75.09363779124683,74.25365789572072,73.99982244050227,74.47013786036841
2021-11-05,66.45516252489602,74.86753181783891,74.07359640696919,73.8049844376825,74.26903148143123
2021-11-08,65.54227385839248,74.76875442554193,73.82690468686377,73.62672933760278,74.08955104203615
2021-11-09,64.65643688602891,74.59981331713198,73.64720809620489,73.50478519430604,73.91824754137397
2021-11-10,64.86193595190653,74.58490534299324,73.56650393988411,73.49932677407091,73.87750927162789
2021-11-11,64.52604433022353,74.5108192786448,73.51095965902488,73.41791689850969,73.80960262657375
2021-11-12,64.1446289357839,74.40355596862338,73.43307389540318,73.32476272537546,73.7174279268248
2021-11-15,63.52703368816624,74.29355638717722,73.31767852668972,73.22715560880633,73.60711793495096
2021-11-16,62.38915702110797,74.16002085309945,73.11695971466811,73.0685691378362,73.41244085803696
2021-11-17,62.27198430434644,74.09406143985088,73.06988609838017,72.99482470939354,73.36258650640963
2021-11-18,62.042143368694184,74.01217410543755,73.00865727378454,72.91102916679402,73.30280838078855
2021-11-19,61.97760422057699,73.96531741440654,72.9445373612763,72.81609798151474,73.24348015607092
2021-11-22,60.64185724301799,73.74765543413129,72.63209668224506,72.54245367754537,72.97171281183947
2021-11-23,61.039489443806026,73.62578814419531,72.50966660414946,72.45294203550917,72.87019028793647
2021-11-24,60.35780419058859,73.55204642932134,72.39505252622654,72.36870001567536,72.77939562434855
2021-11-26,71.37631854221873,74.69575719851697,73.67542837813349,73.72722302912403,74.0638254758759
2021-11-29,71.63689009150636,74.58700255829892,73.69196555139284,73.81917752484937,74.10161045928292
2021-11-30,78.03540149599182,75.81897689432452,75.00357914857933,75.16267786226007,75.43976004985684
2021-12-01,78.40322476977884,75.73918821364975,75.05161501216494,75.19727988631627,75.4209989493046
2021-12-02,79.44899550160034,76.2472615806119,75.48786026123943,75.55018366404516,75.87650084004154
2021-12-03,78.46829885317798,75.99050936952766,75.17874297850013,75.24785264729594,75.57776067458977
2021-12-06,79.24576739349207,76.04156849892159,75.397913012547,75.3675058432069,75.71564449630257
2021-12-07,79.95300316453792,76.18381942169017,75.65110577134689,75.60072731356303,75.90485612352644
2021-12-08,79.86201656861047,76.2096076429692,75.64539443627442,75.61305383578608,75.93570273600211
2021-12-09,79.87113743320292,76.22051240508137,75.63557495353153,75.62208968664451,75.94665365638542
2021-12-10,79.72013732130826,76.08043750043545,75.57861009129401,75.48065081538255,75.84236162515661
2021-12-13,78.15102366184351,75.36886468677307,75.09939691204612,74.96797176615823,75.29263433022433
2021-12-14,77.75808559495512,75.31376442249335,75.0885256392419,74.96606956914657,75.27531167287844
2021-12-15,77.91208010056401,75.11874039915001,75.15147630044946,74.97760756668762,75.24944801345913
2021-12-16,76.55817701907036,74.60185282671165,74.70665113490168,74.49367691777486,74.76824575585474
2021-12-17,77.46778773420512,75.26960770215389,75.10328077303485,75.01943676146655,75.3120155149878
2021-12-20,77.95521315461579,75.2646738256368,75.18865191644825,75.0494702784219,75.35910990653406
2021-12-21,78.04885968699149,75.33821558639706,75.25334646148184,75.1130610811888,75.42113046214573
2021-12-22,78.14809985700334,75.42300710682088,75.32676591588121,75.24050464214929,75.48989372786454
2021-12-23,78.00351280972951,75.40375898666242,75.29089129027315,75.21746800799423,75.46736827802083
2021-12-27,78.45105792613828,75.46096217856713,75.45280056538977,75.32075593410478,75.57313863654123
2021-12-28,78.26233862069569,75.41671059699479,75.43358927159422,75.2789376151564,75.5410605852305
2021-12-29,78.11665968456875,75.39141682352437,75.39364792464518,75.24980950722568,75.50678326814132
2021-12-30,77.94986018378168,75.35579458131939,75.35242422173616,75.23014812399455,75.46537614879068
2021-12-31,77.37930684774233,75.21778923097273,75.20820231902779,75.10166568578342,75.3192418879203
2022-01-03,75.2881274317119,74.69592994992891,74.63158053239117,74.5126296914269,74.74957265909667
2022-01-04,73.05101608463524,74.07752596703631,74.12249866165963,73.973475862374,74.22222848331522
2022-01-05,73.20370593917926,74.38692391678919,74.19341716954663,74.16964301558477,74.42103214648479
2022-01-06,72.57293416792385,74.6347839027212,74.00454551994197,74.20081536573436,74.42422714436412
2022-01-07,72.11250160818041,74.53823790839976,73.87994191031108,74.11140910644976,74.31745159061963
2022-01-10,71.58196657382815,74.40267328420792,73.730275530069,73.94790438260152,74.18406681026488
2022-01-11,71.26993444763397,74.33535440318956,73.68335574322768,73.89117575083128,74.13351526679038
2022-01-12,71.04713967163119,74.29629533845745,73.6480961065217,73.85767465261446,74.09730797390753
2022-01-13,71.16574533891225,74.17432004925963,73.57934515993635,73.79997177639802,74.0245112222679
2022-01-14,70.35758884223647,74.01785868160458,73.39826890791524,73.61649073118222,73.84733639376917
2022-01-18,72.59800381115184,74.67635315413335,73.77858856742118,74.20277764737752,74.34677002957513
2022-01-19,72.42029921549526,74.53094238869139,73.69018696556896,74.05970763672168,74.23100696443217
2022-01-20,73.24412304282936,74.7145573222391,73.89589882543879,74.30164105941259,74.45817930568045
2022-01-21,73.43698568420909,74.75460367340234,73.93480125637689,74.3207140213479,74.49356329889468
2022-01-24,72.95633581243729,74.54380004955534,73.81607955832555,74.16299731417622,74.36589271114448
2022-01-25,72.49456429161339,74.40557522272529,73.63854382318941,73.94606520849408,74.19547659330841
2022-01-26,72.26768626953591,74.26744880171894,73.54605159211515,73.80499069654228,74.07980894989764
2022-01-27,70.78425573473673,73.90036612979496,73.121654136939,73.43614575977041,73.67583806488229
2022-01-28,72.15656805804124,74.41242312004103,73.5845324011368,73.70609496699707,74.02183691308618
2022-01-31,73.17425905113562,74.88253528798549,73.97335088195524,74.1466988908193,74.43866356840338
2022-02-01,72.59519932734719,74.63756962495232,73.78449872001957,73.9480011744858,74.23721838665504
2022-02-02,72.76774195464604,74.74155771979028,73.84132119836914,73.88788316762644,74.2829678656729
2022-02-03,73.08559108186363,74.5309288461421,73.63076986459554,73.93628756331208,74.11621298134197
2022-02-04,71.79758833004966,74.29049016276525,73.13250229969199,73.47007689961161,73.74092486563664
2022-02-07,71.36995820267042,74.11576519771997,73.00128661336865,73.25439102741872,73.60524817924684
2022-02-08,70.51491237565193,73.93895721749804,72.75721243999978,73.04023999082118,73.38780070465599
2022-02-09,70.63746354374268,73.730269592523,72.75081669686796,72.90984807940653,73.25810229790675
2022-02-10,72.72644871058942,73.77685183326103,73.23588024282365,73.19564276281555,73.5623019662151
2022-02-11,72.4607645736821,74.0894121284527,73.20233690347229,73.37151202062718,73.6765577753129
2022-02-14,72.28236308154213,73.9466169652395,73.17836576067971,73.28844156523517,73.58714795558662
2022-02-15,71.46025278413514,73.5489597742513,73.00372285954887,72.9891450796472,73.3202358163028
2022-02-16,71.45987790005005,73.51693092044371,72.98288176242545,72.98235925103178,73.30519636796785
2022-02-17,71.38397093000071,73.39723314712022,72.96488232082139,72.84862613163082,73.24488591532905
2022-02-18,71.17260193973907,73.33322454720654,72.94663861246839,72.86047985532242,73.20930321805822
2022-02-22,71.53147152329976,73.40438564832407,73.04936785822815,72.95759364240034,73.31011967993233
2022-02-23,72.20159499310617,73.56488217546065,73.15616524387251,73.1216400098434,73.44766618434784
2022-02-24,70.5072910459678,73.02441937198715,72.5918111196601,72.67110074801855,72.93268444185455
2022-02-25,73.73827929094517,74.99448392326582,74.01188868963662,74.42123131373418,74.64098798121044
2022-02-28,72.61583256697226,74.50535664462979,73.6435778220865,73.96483501748152,74.21153455044826
2022-03-01,73.14632096179992,75.09036750757686,73.80477989202865,74.20522178693214,74.54738920726412
2022-03-02,74.51946980819811,75.37654039850645,74.30978302843856,74.6879598211376,75.02101505484907
2022-03-03,73.93479587754742,75.18272372872035,74.09225853119501,74.47503174159445,74.81107556226816
2022-03-04,72.72459852669371,74.77064857321983,73.6000398818769,74.03068001121,74.33927976817944
2022-03-07,72.2672826320194,74.83488867427769,73.55969761266948,73.96016438296726,74.2743153402701
2022-03-08,71.59511493377161,74.55457070530892,73.29383548551606,73.74196422275287,74.00726870428733
2022-03-09,72.13480663765061,74.41896154224963,72.81744868976443,73.37127824209854,73.6114848676331
2022-03-10,72.25753665137246,74.11411549434537,72.56930739742133,73.07435185165805,73.35466735148407
2022-03-11,72.38363551575489,74.19103661152029,72.78702905075157,73.2034397706135,73.48595496030583
2022-03-14,71.73838785630205,73.9631179186865,72.51865136378795,72.909928618543,73.22656010272145
2022-03-15,73.88745612547528,73.80340450313527,72.35408000350039,72.72333102264169,73.03223054566298
2022-03-16,73.79475561805499,73.27344945436667,72.14725470682204,72.39043861048518,72.6875143061228
2022-03-17,73.47475331194077,73.62839308390102,72.42230429422189,72.65738849279097,72.97296549485935
2022-03-18,73.24723189929414,73.45330147693556,72.30834596555738,72.55092019348955,72.84852728260776
2022-03-21,73.42034529609002,73.39285119954297,72.19817451820646,72.49183286936648,72.76255739020108
2022-03-22,73.55337851682361,73.4071790235583,72.20468045088855,72.49251478883643,72.76245726047718
2022-03-23,73.9373093754638,73.38668934320748,72.19182709330613,72.47029155967253,72.75763672054039
2022-03-24,74.08490528172318,73.5429113779379,72.3311344043375,72.61130728807292,72.90796364627516
2022-03-25,74.0910458852816,73.75232952525458,72.46122936304928,72.76462033090276,73.05708587642535
2022-03-28,74.15293956843932,73.6197816578234,72.34622534385467,72.63695011520107,72.93387049928657
2022-03-29,74.17478146295973,73.5321362392814,72.28340406627454,72.54803629219944,72.86322261134241
2022-03-30,74.28315183073494,73.49425903334037,72.23804925890587,72.50020905186582,72.82100285693265
2022-03-31,74.13824907828148,73.70644832375154,72.45299620605647,72.74142247562108,73.0476464377998
2022-04-01,73.75153237154403,73.52203059468806,72.3479880495053,72.61545208079204,72.90563939013227
2022-04-04,73.10903527845095,73.37855005993637,72.10889074734035,72.4599240585024,72.72225969025658
2022-04-05,72.25845151484295,73.39964927184137,72.11889392626836,72.48606170610451,72.74101896758157
2022-04-06,71.32043231183602,72.82808376734489,71.6242385757224,71.94299684623003,72.2198371209899
2022-04-07,70.27412705756603,72.61018490978834,71.38764031574637,71.73728263804563,71.98905701224925
2022-04-08,70.065956661163,72.47582154887867,71.2218986355575,71.58878414800694,71.83715769745955
2022-04-11,69.71263885310692,72.44315719830803,71.27126085128522,71.6397470664862,71.82843350843078
2022-04-12,69.44374756552264,72.11108692402696,71.14699275455429,71.4587735707043,71.65891581503969
2022-04-13,69.39631521274059,72.16394096011756,71.187112855969,71.48815683784655,71.70936615268123
2022-04-14,69.66738801043273,72.16568884898986,71.24073808143595,71.53868752296967,71.74752682402105
2022-04-18,69.21533994894777,72.04181566497186,71.14446046990514,71.42116986085968,71.6422582324156
2022-04-19,70.17189473957912,72.26821464765766,71.37848001828178,71.61996239065557,71.87770013702485
2022-04-20,68.91790961297148,71.88719728358132,70.91991999047603,71.27790609580047,71.46080539202477
2022-04-21,69.58500616328897,72.3282489997794,71.22576968900387,71.5997185231689,71.79544881809153
2022-04-22,72.69042807754562,73.57170304823376,72.40128791567976,72.86853332833593,72.97801752466673
2022-04-25,72.56117342034953,73.81269282297832,72.33289221723403,72.94834178745222,73.04898602743263
2022-04-26,74.85318649638099,74.59806475212812,73.09601002996038,73.75065106917175,73.8836515815006
2022-04-27,74.10221633755282,74.0724660602427,72.78261779453003,73.3280639361623,73.48641335055824
2022-04-28,75.72263992449797,74.65001983944578,73.3859582845579,73.86801385198147,74.04915562740717
2022-04-29,79.76149584649376,75.85391185809846,74.97776924518836,75.34707144623074,75.49821340554722
2022-05-02,78.87333994502947,75.55425993284081,74.60993257612358,75.0430379312919,75.15676600484477
2022-05-03,78.82043475610247,75.58820225812495,74.60390976613901,75.0581173900835,75.16323594972087
2022-05-04,80.80407633951118,76.66572135315705,75.77062766762896,76.16694948898484,76.278105501171
2022-05-05,82.24979773125204,77.34746387678086,76.63166729218554,77.04548382685313,77.10162896642522
2022-05-06,81.7890188490299,77.12560345740884,76.3722143395811,76.85052609065313,76.87388331515848
2022-05-09,82.26799159039832,77.59671656812885,77.0653584132768,77.41863584047239,77.4493463637998
2022-05-10,81.95898494335778,77.46618433659239,76.95114230390305,77.27014231957038,77.34270227702372
2022-05-11,81.65849719668695,77.329947653311,76.78514151292788,77.1562130119864,77.21627435898841
2022-05-12,81.37028880615763,77.20563780029791,76.67059600649492,77.03265532502478,77.10050416033197
2022-05-13,81.99358454585794,77.55177603525985,77.03166095424871,77.37314155671744,77.44243326886573
2022-05-16,81.57731762902438,77.41316786883107,76.87092302280195,77.22456466301252,77.2890935306789
2022-05-17,81.48824421595346,77.54429321856357,76.94472751992026,77.05604754015353,77.36731885780488
2022-05-18,83.14696617218345,78.67982753745218,77.99543442674224,78.47991457801913,78.46623706817154
2022-05-19,83.12740960873269,78.74678878868963,77.99068983635829,78.46484981279288,78.50183673743844
2022-05-20,82.9163572208788,78.64098465503652,77.88401461875486,78.3670877310458,78.40111735327254
2022-05-23,83.18382878631922,78.88960230501118,78.1588707742822,78.59712958879321,78.64137151895346
2022-05-24,82.48340560791529,78.750739624954,77.87141208458662,78.33238512894371,78.39781406327518
2022-05-25,82.55359737191884,78.73934867254802,77.91826329498029,78.35527115854595,78.42956364104155
2022-05-26,82.41123944237951,78.72868331328667,77.9178740034322,78.35464886639606,78.42605768320767
2022-05-27,82.80982594485376,79.0807399160086,78.20499165372094,78.65485532750385,78.72380400163364
2022-05-31,82.79242444956675,79.02195037418151,78.23055854053786,78.60620003626127,78.7138794861247
2022-06-01,82.63385151655204,78.95604359237284,78.16010218025777,78.51670767655912,78.6466945998336
2022-06-02,82.62716997536668,79.02910752999394,78.22825255412708,78.57564394097454,78.70419355675325
2022-06-03,82.59671467283182,79.05102718433407,78.26929525667009,78.60959672697209,78.73552287304688
2022-06-06,82.53679902832926,79.03313850312975,78.24673619243632,78.58611927215512,78.7118898845757
2022-06-07,82.55468374963306,79.0854649471541,78.28808468491191,78.63069817708443,78.75740524851157
2022-06-08,82.46080475513246,78.99840432322168,78.28421492080557,78.57235605936995,78.73542057116656
2022-06-09,83.28730999076998,79.44281451922433,78.80456976134052,79.04174741634188,79.22372329651479
2022-06-10,83.57740871415686,79.70189788617296,79.0877457187337,79.32947040639583,79.49442267934161
2022-06-13,84.84613649747074,80.79974577394343,80.23016417166299,80.40046904237042,80.56376679260562
2022-06-14,84.5819042199052,80.7301238387958,80.14675544413757,80.34789795881687,80.49572613426189
2022-06-15,84.08507851610813,80.57587958151106,79.98196417644178,80.17632937969307,80.3212353328302
2022-06-16,84.92568202321672,81.05694387003702,80.65156730028149,80.71795747402139,80.91581715948288
2022-06-17,84.28090228209645,80.80358983591502,80.41858096306927,80.47685585882734,80.67302544079126
2022-06-21,84.57799219216463,81.1118852576536,80.68802063391117,80.77418555071132,80.94450130627015
2022-06-22,84.01141350898624,80.87496045926669,80.43716570005542,80.50193184391095,80.6909527475481
2022-06-23,83.1829078851223,80.64606899732429,80.09089096356766,80.18673619377714,80.37973452176472
2022-06-24,83.72622975031055,81.05910795814687,80.44007719841046,80.55077365007993,80.75668405864107
2022-06-27,83.54783567021137,81.07005785006987,80.3825119596829,80.5233198063852,80.72657275090076
2022-06-28,83.0881325218728,80.89103759524495,80.21543751682732,80.36589754909541,80.56804927406112
2022-06-29,82.80142347721822,80.80632023937865,80.11380047232636,80.27099538874599,80.46856847567504
2022-06-30,82.62225865812808,80.74460556656078,80.05438706169046,80.22837459317785,80.41330657385372
2022-07-01,82.73156214955873,80.77748395192447,80.10470221016855,80.27768084433605,80.45382408027999
2022-07-05,81.88766057269885,80.39825806076514,79.77583352658843,79.92458927780876,80.0958819591017
2022-07-06,81.7171126638758,80.39811275003312,79.71498815255353,79.88180014080964,80.0546920333058
2022-07-07,81.62213683735514,80.36601710732447,79.68969149649527,79.85065135128657,80.01831345101687
2022-07-08,81.58801582506418,80.33839438179739,79.66745392732108,79.8195217737481,79.99049528476097
2022-07-11,81.40550849267115,80.27846768328834,79.60236704547874,79.76088414665165,79.92991324266373
2022-07-12,81.39535175855488,80.31364625802262,79.60840397962498,79.79348425376469,79.94742106133768
2022-07-13,81.31600135901806,80.30123161616014,79.58790072427918,79.78286275748451,79.93080291084335
2022-07-14,81.12704083068137,80.25122104985067,79.53901590042501,79.73441659292462,79.8807833265911
2022-07-15,81.11664390665727,80.25529245718843,79.56625869832108,79.75396619888123,79.89555437707548
2022-07-18,80.595640121426,80.01440503296531,79.39367898273248,79.56180388323584,79.69651586136435
2022-07-19,81.47264715182088,80.38677900337373,79.75699811486598,79.89919908148114,80.07680137331455
2022-07-20,80.93395048385987,80.10409595237262,79.55893985425335,79.68321734524415,79.8490329433086
2022-07-21,80.53799444645607,79.99345414477922,79.43918733976123,79.5790733794298,79.7295858860159
2022-07-22,80.13680777968148,79.87975874150662,79.31472743949409,79.4158217339445,79.61910960284585
2022-07-25,79.95776937867875,79.70236274856879,79.2240202581305,79.26126630610649,79.50030945304924
2022-07-26,79.66305375141586,79.59365832100485,79.13042334579846,79.16047953742316,79.40305924820144
2022-07-27,79.92411729467337,79.61287268632134,79.18146474373897,79.17461866709954,79.42813919275913
2022-07-28,79.47848729648969,79.62977880585619,79.10410075320607,79.1846773266478,79.37885389188476
2022-07-29,78.90775744334206,79.4411308125715,78.94458566309528,79.0297729654376,79.20502463729126
2022-08-01,78.50286265300994,79.29023123056614,78.83509507411249,78.91655120828001,79.08193029388552
2022-08-02,78.49478472078599,79.30429157488508,78.845445963216,78.93697393848187,79.09011636503199
2022-08-03,77.99013764049003,79.2029335457054,78.69768763239158,78.79873199625784,78.95225381678742
2022-08-04,77.7645812696093,79.06986157588265,78.61873816273156,78.71466117003251,78.85827853724535
2022-08-05,77.58453788579655,79.0216293281999,78.56515733694233,78.66098282424024,78.81183220473112
2022-08-08,77.51905131705347,79.00968894819738,78.5543947147352,78.64644478779455,78.79968330486886
2022-08-09,77.14993990332518,78.91760946250552,78.46559110082484,78.56851227843447,78.71520525651667
2022-08-10,77.86215889084684,79.07756386901741,78.63090830029586,78.76252032131029,78.88558994951698
2022-08-11,77.50889094694175,79.07200748738389,78.55722402979522,78.71480471827645,78.83906129184125
2022-08-12,78.21621373336203,79.26636282366941,78.75008903543093,78.93928312059732,79.03779504952507
2022-08-15,77.99399870620073,79.1391035169846,78.67640773452767,78.85082184912854,78.94728100193217
2022-08-16,77.75763041758422,79.09497526674295,78.62613028042836,78.79016523324539,78.89919023141074
2022-08-17,77.68541229121429,79.0877383920322,78.61043965601107,78.78312051269936,78.88748585822108
2022-08-18,77.51799716641268,78.97154083442177,78.56240904728087,78.72897816709201,78.82224223341781
2022-08-19,77.43202427531028,78.95905532251906,78.52556178519201,78.69911513713089,78.79520393850393
2022-08-22,78.15947865241634,79.09632630743673,78.67858301285956,78.852682137782,78.94266869863942
2022-08-23,77.54448824667246,78.90892225347021,78.4964880152617,78.68152280321128,78.76736042153004
2022-08-24,77.54466035591754,78.90530748566498,78.50099202145417,78.68380649376061,78.7689179454386
2022-08-25,77.91198662787717,78.97471006285595,78.58201786578758,78.76474621381588,78.85141223664003
2022-08-26,80.51716705387047,79.50492605914519,79.1895266829906,79.35068530247362,79.44979406277815
2022-08-29,80.17756428968096,79.34971604141509,79.09119034572707,79.23493911592087,79.32629142751874
2022-08-30,80.64567366750674,79.46876009983183,79.22646461015334,79.33245659735866,79.44318590401969
2022-08-31,80.71233307875418,79.48163381669426,79.24867398580714,79.35388699473127,79.46146254233253
2022-09-01,80.06907318291846,79.32824218982658,79.07982040416395,79.1879610661807,79.29905661422619
2022-09-02,79.6956981678295,79.15064784368768,78.99304501049814,79.03133989726358,79.17181016927105
2022-09-06,79.53386617944142,79.11257059720027,78.94648755613284,78.99052265751305,79.12860888016249
2022-09-07,79.47896523690711,79.0952526291861,78.97207665412111,78.98975236437015,79.13834121459344
2022-09-08,79.16918937144254,78.98574516472412,78.88481956704015,78.89539505447603,79.03798842772704
2022-09-09,79.72791747512751,79.17152446753343,79.00793590623987,79.04388971120228,79.17008359093747
2022-09-12,79.94807220131271,79.31328188704151,79.07552173568712,79.12094762072496,79.25659146785753
2022-09-13,83.1328643346891,80.20884699056346,80.11425776298098,80.10424469992309,80.24383166678057
2022-09-14,82.74363132845778,80.06275154347158,79.9683556572766,79.95604366669573,80.08449398086427
2022-09-15,82.59628954626542,79.96120218581156,79.90989527475372,79.88127828553053,80.00209333907662
2022-09-16,82.5087718025869,79.92292134947472,79.90192377880935,79.85706667243173,79.9793759929686
2022-09-19,82.4268607998153,79.90699953506777,79.87278397680728,79.83100383020529,79.95746527444847
2022-09-20,82.68831079346472,79.9635719725311,79.98788299530588,79.9217006618083,80.0575991686375
2022-09-21,83.0395650884898,80.04439312418808,80.1166715214125,80.02893063929031,80.17326053509746
2022-09-22,82.81169010011503,79.99535136996614,80.0590082762042,79.97361294686517,80.11685194974842
2022-09-23,83.26824680240354,80.14563682943621,80.27043778976858,80.14932035950811,80.30153907288178
2022-09-26,83.37352012864008,80.26471038641886,80.38502391596171,80.25935370479029,80.43523553646769
2022-09-27,82.87404929233202,80.11515376280762,80.26249751774023,80.12439630077309,80.30451556761815
2022-09-28,83.43229247831394,80.41098171270468,80.52423964388701,80.39142732759424,80.56290958948877
2022-09-29,83.57679952311895,80.41340753706385,80.60213178475345,80.4234850728506,80.59657741282885
2022-09-30,83.32870165761342,80.35338229349645,80.52230991509022,80.37049777492778,80.53150036860016
2022-10-03,83.88542821667806,80.48877722702652,80.86575251222956,80.61906960401171,80.7774670132244
2022-10-04,84.72000373500249,81.26299105363937,81.34847284244292,81.17683923673756,81.31874926380875
2022-10-05,84.46048034884926,81.15457157994379,81.24011615869387,81.07488907427955,81.21421763142386
2022-10-06,84.04024691956059,80.95956772281205,81.07041712055742,80.90388751218593,81.03291890395305
2022-10-07,84.43581629358202,81.08741116106098,81.25084149974228,81.08793653043925,81.19390773114581
2022-10-10,84.21895778185785,81.05788591115576,81.18530690821098,81.0308995353452,81.13265548192622
2022-10-11,83.8820122858333,80.9487922029533,81.08643040452718,80.92172896463758,81.02630770651668
2022-10-12,83.47429809422412,80.84623445245445,80.93179502058798,80.79890626110358,80.89426218057959
2022-10-13,84.3698593987212,81.37176244964657,81.35991954464271,81.22690058779074,81.36793753725996
2022-10-14,84.93161685473338,81.58357401107465,81.60853607636831,81.48600270483404,81.60631622727712
2022-10-17,85.42582675299514,82.01248319781324,81.89786791741831,81.88160020246835,81.95556252807593
2022-10-18,85.38089142772508,81.99655031130504,81.90226483728924,81.88201029602934,81.95382951295977
2022-10-19,85.03398730457707,81.9148354994834,81.7755487622495,81.7806364360922,81.84804063399646
2022-10-20,84.79960593415423,81.818668931989,81.70151449956217,81.69659723754943,81.76584124267262
2022-10-21,84.88868265277603,81.85040201235022,81.81368100816597,81.77725819589277,81.82991445122757
2022-10-24,84.57480248125394,81.83238429405328,81.72884740604592,81.70439513256406,81.75133592166159
2022-10-25,84.7309912609778,82.05575424151108,81.84560864029805,81.86609055311068,81.92768423615362
2022-10-26,84.30321630014382,81.98397994348353,81.733787627359,81.71543674167225,81.83822546753301
2022-10-27,83.47005924995781,81.71598514353921,81.47694706986151,81.43744295171456,81.57362701421712
2022-10-28,83.41070312032423,81.66297332672298,81.50242616902948,81.40991171408616,81.56681644653636
2022-10-31,83.30900305143234,81.63291902735506,81.47235356281863,81.38903848629849,81.53155669494814
2022-11-01,83.20755814823451,81.61064880274999,81.44407267673748,81.3439104200355,81.50473791441155
2022-11-02,83.7971148959125,81.8217696291278,81.67675799460626,81.59458878582103,81.72812289633707
2022-11-03,83.20225453762072,81.59020477465585,81.4786394245802,81.35832894072016,81.5255059148713
2022-11-04,83.15628115392452,81.56981042885353,81.45425374498353,81.33347262849696,81.4966235926088
2022-11-07,82.73642529353812,81.43823794732766,81.32438253251495,81.20693073570656,81.36695725242832
2022-11-08,82.63837997328005,81.37311485879295,81.30314953027393,81.17325784884356,81.33032786262869
2022-11-09,83.15483546633446,81.5045002420191,81.51336136337775,81.3806829344065,81.51850547240532
2022-11-10,84.87946191427135,82.19285883802232,82.22033120999164,82.0751778018128,82.19433152812218
2022-11-11,84.00478649095272,81.88904374369231,81.94006720125982,81.74983258674689,81.89469544764782
2022-11-14,83.919151200935,81.87204471770828,81.91513762014925,81.73619042556903,81.87287184745134
2022-11-15,83.87509575563091,81.91780600116621,81.90699643914104,81.72311392758702,81.8724739230218
2022-11-16,83.76748758384741,81.87144888273355,81.86930614721608,81.67714035311124,81.83200818790797
2022-11-17,83.6686762101733,81.81865501470264,81.83530938985295,81.63332359770965,81.79144272100092
2022-11-18,83.47230662384248,81.7493771199676,81.78430169156954,81.57332568865344,81.73084507834966
2022-11-21,83.24048328144983,81.69342460453021,81.7183980850788,81.50621059216246,81.6645081002436
2022-11-22,83.39173769901062,81.70283425110578,81.76654896286733,81.5342689121902,81.69790774997163
2022-11-23,83.22960819522815,81.65765989053035,81.71636967192848,81.47132714823822,81.64044164752148
2022-11-25,83.1746348587138,81.64762767950494,81.69887444301513,81.45290296515927,81.62631404348075
2022-11-28,83.46807700733152,81.75404389268361,81.80806878216747,81.54442128096997,81.73792432270723
2022-11-29,83.23806898733304,81.70688175164138,81.73303344425403,81.47527313266977,81.67481670186663
2022-11-30,83.48447897292152,81.68625170519776,81.83387210027658,81.52899517413344,81.71919126761121
2022-12-01,83.40889458089897,81.66471751502152,81.81342876232485,81.50384554655909,81.69421178187393
2022-12-02,83.28657127687846,81.63360150555253,81.7761951211138,81.47171293159823,81.65765053491374
2022-12-05,83.75764076572766,81.78294439970797,81.950676339019,81.65595064308478,81.82388133599342
2022-12-06,83.77333325008755,81.81454413178025,81.96965657321513,81.68491627524799,81.85082919728382
2022-12-07,83.64595051566357,81.78467575771373,81.93943049053593,81.65291547898018,81.81904223220454
2022-12-08,83.58612090378925,81.76935580842591,81.9216125861198,81.62834982544267,81.80053249170241
2022-12-09,83.52852309842683,81.75168037312167,81.93162723127146,81.64152660667823,81.80165512700259
2022-12-12,83.63843711192015,81.77037215209161,81.98196832628237,81.6771113606459,81.84242114380504
2022-12-13,83.5231668380377,81.78162159497707,81.97331029795613,81.67693335650792,81.8453931036005
2022-12-14,83.55278375327707,81.79719011869804,81.98108435912378,81.68619330325333,81.85947014991407
2022-12-15,83.73590632944536,81.82800349069582,82.06463519697114,81.76181196794693,81.92682337983662
2022-12-16,83.63975343123916,81.8709721310815,82.05495786118131,81.76885448947269,81.93478873407531
2022-12-19,83.57793619299855,81.85643172093786,82.03444763426828,81.7440897224593,81.91115598235892
2022-12-20,83.46409313223593,81.82886899099447,82.00485799182451,81.71738924203667,81.8821730989712
2022-12-21,83.75686792968276,81.9141172516104,82.0976541698815,81.8134271828173,81.97512601980249
2022-12-22,83.81241536139187,81.91382581878882,82.11772442903957,81.83007147502117,81.9870111840785
2022-12-23,83.76584390058721,81.87569830505467,82.11417539300582,81.81376702247324,81.97347044110158
2022-12-27,83.594625660425,81.84180926820771,82.07494843492151,81.7711668543047,81.93721463054344
2022-12-28,83.72389148867705,81.91010546598396,82.13534297650425,81.83500460007386,82.00047836805348
2022-12-29,83.93389502227797,81.95473293924209,82.19789460011206,81.90391195017084,82.05932982729905
2022-12-30,83.85260366118501,81.94047580693592,82.17959770234718,81.8802325618535,82.04039444675867
2023-01-03,83.38833395915462,81.84761024670844,82.07546895104475,81.77800605781111,81.93845727242434
2023-01-04,83.10765011369428,81.7771170204333,82.02183829894847,81.71966586585891,81.87572118560584
2023-01-05,82.774764926937,81.78337754729385,81.96098939766031,81.69587034198885,81.8403283509387
2023-01-06,83.53969033855364,82.04231628491958,82.21346413820378,81.98681047547868,82.11833809879435
2023-01-09,82.92757005795912,81.86398651309695,82.07469796208498,81.83274953897029,81.96803101796617
2023-01-10,82.86693033775512,81.88192608546186,82.06741358149202,81.82912840685715,81.96410701680617
2023-01-11,82.63917173043002,81.83972213561539,82.00969302227885,81.79628184520861,81.91245078376264
2023-01-12,82.23712361551088,81.78268881846287,81.917982296593,81.72325383716458,81.82662181378913
2023-01-13,82.0929470367671,81.75616999689942,81.88761707941681,81.69111979879285,81.7973942463403
2023-01-17,81.96353007554784,81.72443962146166,81.86170672853524,81.65932496816653,81.7671996388667
2023-01-18,82.28689996641582,81.77546524873343,81.93544194981831,81.72762835664172,81.83681154146933
2023-01-19,81.81044270788382,81.66884914853287,81.84291930267914,81.64388803614892,81.74862959232237
2023-01-20,82.1727282681374,81.73603919493853,81.91459531613567,81.73975238470597,81.8225328585117
2023-01-23,81.93054174271643,81.6985281355902,81.86947525616324,81.67864473576665,81.77916183725812
2023-01-24,81.76006719035863,81.66569906262124,81.83813693365028,81.65029643221862,81.74686109824682
2023-01-25,81.46477183268657,81.61399863979265,81.78726494724701,81.59820935821504,81.69462380331035
2023-01-26,81.41388037037082,81.58903091370986,81.76751235539395,81.57294011874767,81.67021570124149
2023-01-27,80.7710262436602,81.47806072409269,81.64504415562043,81.44591110223016,81.54806045174837
2023-01-30,81.2065380303627,81.51755127764326,81.72083949286485,81.51884038512335,81.6163581606058
2023-01-31,81.58262584186878,81.55593184586463,81.78722085905063,81.57807598902777,81.67211449809112
2023-02-01,80.90807984288237,81.46895789814401,81.6561562782727,81.45330178208472,81.54121003191906
2023-02-02,78.80096125318579,81.10497142302319,81.155616881492,80.96951376885868,81.07363476547756
2023-02-03,79.51238169670651,81.1040715227522,81.18758715378614,80.95753556833046,81.09748993763604
2023-02-06,79.31970967001683,81.08867931830022,81.1486279865652,80.92760767748192,81.06634815821468
2023-02-07,79.27444649923245,81.05989398433495,81.10511223537692,80.92167105757773,81.0308252023384
2023-02-08,79.65751442293634,81.09729801356345,81.10476737767515,80.89342426926986,81.03036573953851
2023-02-09,79.93004346776726,81.12233853344138,81.16592938984239,80.94850776118969,81.09710207690136
2023-02-10,79.6398481066021,81.07722026063726,81.03872019825576,80.85522669400338,80.98527395896063
2023-02-13,79.90208324726086,81.14095631613941,81.0756226757163,80.8766610659588,81.03656687653682
2023-02-14,79.62018875395887,81.11066367755674,81.0203510014715,80.82803057980003,80.98690865368799
2023-02-15,79.30578296046521,81.04955867790832,80.95077231062477,80.75031279258233,80.91482115850867
2023-02-16,79.82660549778154,81.11732956906252,81.04782805537569,80.84351462871973,80.99523551716361
2023-02-17,78.63731251763562,80.8811672203991,80.83922368706136,80.6366797232087,80.78854349776495
2023-02-21,79.17874420556093,80.92409707457136,80.94561805415175,80.68785763480197,80.86141049701713
2023-02-22,79.05806865914434,80.90153803403271,80.92178374846004,80.67239060169823,80.84464838786931
2023-02-23,78.89380505819022,80.87335772380987,80.88700460827248,80.64202319072848,80.81536421300872
2023-02-24,78.56335889829839,80.79664853389524,80.83943549254097,80.59374668037908,80.76520737642127
2023-02-27,78.36617523066033,80.7631482962516,80.80468246474683,80.55930462402988,80.72827536569956
2023-02-28,77.95052788230309,80.69536225639858,80.74772494764996,80.50116530155397,80.66141664049886
2023-03-01,77.46770454068577,80.63903586123848,80.65457584863363,80.43368223342605,80.58911511517191
2023-03-02,77.40959168178394,80.6547266323101,80.62383944774352,80.41142949517587,80.56809622064233
2023-03-03,78.57817983030496,80.8792857420063,80.74945252797853,80.55940227054943,80.73446276025358
2023-03-06,78.2533700907844,80.8197992236953,80.68856863568804,80.49385452954533,80.67540975757468
2023-03-07,78.97088177288514,80.88441680779808,80.77609039796215,80.55421219574842,80.74979924411096
2023-03-08,78.72139307883431,80.86606686667942,80.72767162336709,80.51591174188334,80.71376202439772
2023-03-09,79.68587142749944,80.93418632834585,80.84793313092767,80.6350055663463,80.82282792179976
2023-03-10,79.49785158433428,80.77032874390737,80.87050897038063,80.59297835220553,80.76651542611458
2023-03-13,77.81714927176087,80.43851956587615,80.50313120843188,80.29338434139888,80.4140616894164
2023-03-14,79.4376075843374,80.82792392348915,80.67755525385914,80.52824647051962,80.70480080436604
2023-03-15,77.76033781338953,80.50667857895496,80.24450121789184,80.09798909832053,80.28613786337277
2023-03-16,78.43823845405836,80.60416833550984,80.35073992068973,80.23056273619704,80.42572562798972
2023-03-17,78.73303079666177,80.57634479482121,80.38150167689577,80.21296440454053,80.42245815828034
2023-03-20,78.97913685240408,80.66814882042435,80.44759263345196,80.2775779398336,80.4952742721622
2023-03-21,78.0936095733636,80.47359040390121,80.25886082468841,80.0849817276035,80.3099554395339
2023-03-22,79.11215560119972,80.64749033091012,80.4554183062529,80.22889877044581,80.4677061678363
2023-03-23,78.72182957451922,80.50804091727927,80.38259426934013,80.14471956768853,80.38003858394289
2023-03-24,78.27836739465498,80.41432601685283,80.28496983611917,80.03913263325775,80.28594244751419
2023-03-27,77.94212712159305,80.32128437106759,80.23742313134413,79.96190119146672,80.22159725435598
2023-03-28,77.77833932326858,80.31066896427207,80.20405903918586,79.94152826664043,80.19791559774285
2023-03-29,78.4714637195161,80.43801676788624,80.30425773547887,80.04697603566392,80.30887559757298
2023-03-30,78.44410330632908,80.39089543643898,80.28819733902614,80.02839751152474,80.29352041365935
2023-03-31,78.82702527160004,80.41861424442791,80.35462852176354,80.08336586514771,80.34823547266195
2023-04-03,77.9970719980002,80.23972723186894,80.19576501308426,79.91549706682774,80.19418634478293
2023-04-04,77.65347003082724,80.18177670339693,80.09079784124981,79.8169907128713,80.09852216649978
2023-04-05,75.88486614220356,79.89483936613648,79.75900544195,79.47842876736067,79.76359091353072
2023-04-06,75.71753762645312,79.826201648211,79.72710538750798,79.4334431862092,79.7241973777277
2023-04-10,75.57614569859675,79.7985450772312,79.7039753675269,79.39755466863956,79.69964074295027
2023-04-11,75.46871577573097,79.78639736837007,79.68268555310912,79.37196193503105,79.68186518183654
2023-04-12,75.26412360838793,79.75923626576161,79.65949050631136,79.34977651584259,79.65718139175128
2023-04-13,75.23463817943379,79.7460149061687,79.62690048281111,79.31965652672567,79.62396506143278
2023-04-14,74.98540000544735,79.68030428070095,79.54827418947205,79.22367725113465,79.53459597762152
2023-04-17,74.8504358234596,79.69835913597328,79.4824147403775,79.15814966212531,79.50406530248834
2023-04-18,74.65245956011277,79.66534765383476,79.45783921327406,79.13710901710361,79.48219000396367
2023-04-19,74.42299090265996,79.61233392417166,79.42117324219913,79.10134903369243,79.43929568021693
2023-04-20,74.35850071572955,79.60131840245623,79.41140475726543,79.09164318978206,79.42758689599381
2023-04-21,73.8926535478196,79.55061532042834,79.3513894714452,79.02824504129632,79.37044493085904
2023-04-24,73.8618139201266,79.54449232344297,79.33143389780089,79.01758093627274,79.36116885529712
2023-04-25,75.04339873672353,79.65419800327662,79.43217849839833,79.12281205765866,79.46419468432202
2023-04-26,74.94646033287586,79.56640423462083,79.37554717921309,79.03268355249958,79.40846370155096
2023-04-27,75.51646117114406,79.61472726248444,79.46583218251315,79.12252569526676,79.46936060117784
2023-04-28,75.8911859291116,79.68213911627598,79.51266893957708,79.17047063202445,79.53558881195268
2023-05-01,75.57240159613346,79.62895654684668,79.46239975798082,79.10553676959698,79.4834779574394
2023-05-02,76.18152453377998,79.70577911571674,79.53484100396761,79.16142345418285,79.54985943833712
2023-05-03,76.35874232861441,79.72221179953004,79.59233069848742,79.22229053200842,79.60006474656619
2023-05-04,75.93874837379593,79.6615111886866,79.53332510331816,79.1577764027534,79.53618817477633
2023-05-05,76.91882344870689,79.76175339034525,79.67787398265897,79.26765498334683,79.64942727941462
2023-05-08,76.8012124661478,79.76715097002892,79.65220745722827,79.2389327915921,79.63267209004643
2023-05-09,76.66396294680577,79.73263878389703,79.62919876342103,79.20692026279477,79.60484796882538
2023-05-10,76.23422044503693,79.67570540112133,79.55708319616794,79.11987220158538,79.5367144482347
2023-05-11,76.13065473600814,79.64788385215378,79.52018206516051,79.05772695681681,79.50950687831691
2023-05-12,76.0146687264882,79.63909178471931,79.5032632403449,79.041178725475,79.4965868864554
2023-05-15,75.5751802080094,79.5782107119039,79.43361027504633,78.98352438361529,79.4318816868015
2023-05-16,76.54389448465545,79.68202827961868,79.5195358610945,79.02755046837447,79.52846034261539
2023-05-17,76.84892909447902,79.64547201630718,79.5125865974232,79.01675079253747,79.52145988250972
2023-05-18,76.2519390317939,79.60918276560398,79.40661016039597,78.94982340855094,79.45016141931546
2023-05-19,75.9585386435232,79.53301342290068,79.37341451099488,78.90739661749332,79.40562726540806
2023-05-22,74.9915343808944,79.41253995213528,79.2541465219238,78.80037543001009,79.28992971113082
2023-05-23,75.33070537921971,79.32517543815737,79.2390804631066,78.74830428800571,79.24705982058177
2023-05-24,75.54844996716132,79.30531783198225,79.20590854189568,78.70750869475518,79.2161560299372
2023-05-25,73.85767156492592,79.01665460040907,78.91354804752781,78.3692630042864,78.91708136959551
2023-05-26,73.65326827075677,78.98723722444112,78.84908099680733,78.33463945950729,78.8787445534249
2023-05-30,73.56277960673881,78.9888470611175,78.79827729075447,78.30001903233875,78.84675757622449
2023-05-31,72.48619429624138,78.81186659194121,78.64476243866646,78.11571698688982,78.68176500332714
2023-06-01,72.375939266814,78.75060132875163,78.59193969575875,78.05119425189565,78.62026115442633
2023-06-02,74.90941585275033,79.04763927595283,78.81115561731193,78.3097445639283,78.89218920589848
2023-06-05,74.41747233948918,78.97988895194217,78.74670697714183,78.2134885762891,78.81205481690365
2023-06-06,73.7768208959206,78.88090687000214,78.6464630390671,78.106545381282,78.71164626329404
2023-06-07,72.37377627762936,78.68497871121936,78.40763181471834,77.83823585787815,78.4907760702247
2023-06-08,71.83611447309305,78.59405281724757,78.31841852793578,77.75402247880052,78.39617962682338
2023-06-09,71.63386436380816,78.56971930932175,78.28534302051695,77.73077061838381,78.36725468091572
2023-06-12,71.60884340713609,78.5218635198001,78.21520772158254,77.68484186991132,78.31075217389566
2023-06-13,71.6150087646885,78.4925740609085,78.18052305463742,77.64857957589311,78.28150504752567
2023-06-14,70.897189392054,78.36455390013589,78.0800683556194,77.53262663603546,78.1740126442743
2023-06-15,71.64402353419563,78.37678285191734,78.16456370759028,77.5715807116751,78.21683673473424
2023-06-16,71.49953413824383,78.33777357361856,78.14261424934182,77.54874576255212,78.19285188977406
2023-06-20,71.76065027900631,78.35820621590403,78.16669462447356,77.55191133754577,78.2085574999837
2023-06-21,71.21772276848051,78.26557086231013,78.0652778666359,77.43870846136211,78.11242064353577
2023-06-22,70.2979656556302,78.14676303289399,77.9075868057451,77.28954608938653,77.96726251937078
2023-06-23,70.6394913024946,78.20526199253251,77.95027273006487,77.32471981661585,78.00605362242825
2023-06-26,69.84561691944646,78.09685778006354,77.76685982293279,77.1077289184015,77.83869595224358
2023-06-27,69.30550433360703,78.00995179655148,77.68329494497628,77.03121535950737,77.74736077559189
2023-06-28,68.93729998172793,77.9941019006639,77.62022853658969,76.97191170453975,77.69877681968879
2023-06-29,68.31711694067536,77.91000633767857,77.56135960852015,76.89911182317024,77.63242097115894
2023-06-30,69.6164434255817,78.00519981871807,77.64644814078612,77.01022386802158,77.7248644607261
2023-07-03,68.96720348267067,77.9151003187766,77.5626053739424,76.93373105012967,77.64823254053746
2023-07-05,67.29429528053203,77.72806440336699,77.34646962442098,76.68212603727692,77.43405269392997
2023-07-06,67.76904028520029,77.75376889988335,77.36770292311098,76.70593436813996,77.44868514080306
2023-07-07,67.1050675620669,77.60860446048888,77.17645736677214,76.54379103333595,77.28387146233702
2023-07-10,66.51869223420664,77.5406667568915,77.10925640890305,76.4544820262846,77.2176301327229
2023-07-11,67.1971625584762,77.55584536661337,77.172782114132,76.5017915823394,77.27022039946209
2023-07-12,67.08021918286767,77.57246191651716,77.14810348991216,76.49295373360339,77.25833695240402
2023-07-13,67.16916557790827,77.58000441987353,77.12855349467844,76.48266793154204,77.24848408745177
2023-07-14,65.95953743470706,77.37948225815302,76.92706778379525,76.27326290739234,77.04475822217574
2023-07-17,65.06192557420036,77.27776755359594,76.81244175603433,76.15613146307918,76.93534856417294
2023-07-18,64.26587183552985,77.15820730877782,76.71493136612033,76.03849663773384,76.82980235386034
2023-07-19,64.07790096363037,77.11147308529304,76.66903558459934,75.99652919993132,76.78293519461067
2023-07-20,62.37442249328449,76.58625913972375,76.1783984968084,75.46961251527232,76.28023025869014
2023-07-21,61.94691483024665,76.44482537402,76.10879495032532,75.40898336080868,76.18999748376021
2023-07-24,61.76766561251611,76.35146518930505,76.07115632477468,75.36929197581598,76.14028486937947
2023-07-25,60.693512676993436,76.21575457384296,75.94742854521014,75.23785985406693,76.01743179046979
2023-07-26,59.72461368327399,76.10034236445314,75.83606172723711,75.0822047660237,75.90850890323053
2023-07-27,60.63323836136556,76.00783771946561,75.79523831565382,74.97878656167224,75.84033462905587
2023-07-28,61.24650266717454,75.92742240148023,75.76744599929204,74.97009710967717,75.80806542971301
2023-07-31,60.782467864137885,75.81869171758738,75.67955021361736,74.86880979131487,75.71963973506757
2023-08-01,61.275491822080355,75.85091968900856,75.68142763841537,74.88401814931686,75.73435942510729
2023-08-02,63.571960867690905,75.88253902817453,75.69661555426248,74.94878730292753,75.76423615029135
2023-08-03,63.11240972417415,75.82968930508775,75.58132432100663,74.82335313814737,75.65470442947073
2023-08-04,62.49675604350418,75.7446050986071,75.46442418321726,74.66759072439858,75.54427763445845
2023-08-07,64.6146148891142,75.79872735829531,75.52810857968433,74.80747144210812,75.6440976516483
2023-08-08,63.801617983250644,75.68410025286177,75.40287003189052,74.66182467812322,75.51771716634795
2023-08-09,63.353698131557124,75.60006788691095,75.31320924670672,74.5670404373612,75.42748758954282
2023-08-10,63.313604845749076,75.60176000052361,75.30237132167503,74.55896272771301,75.42080201004055
2023-08-11,63.09811497500794,75.54019695564563,75.24326320613682,74.48857777115973,75.35997914426557
2023-08-14,62.59799824413831,75.44661151482599,75.13508035929584,74.36635934899873,75.25631670058156
2023-08-15,66.72250335417279,75.77390371797365,75.48802727472967,74.7436885272691,75.6098221329432
2023-08-16,66.89320429240593,75.78850420897248,75.51351483720633,74.77664159604636,75.63827535521658
2023-08-17,67.10139174757161,75.79924958345465,75.44902906679819,74.7119244767178,75.57175926964182
2023-08-18,66.89466172722167,75.75758919985554,75.41391404778169,74.65074732086666,75.53408216340834
2023-08-21,66.3922345856597,75.67557862758927,75.28662166282675,74.53758349608938,75.42813272834579
2023-08-22,66.12179906872178,75.64214884489674,75.26061542690358,74.50730894350659,75.39664819268737
2023-08-23,66.54994528391249,75.64362664982382,75.26105345764734,74.52782469137361,75.40945097447789
2023-08-24,68.07712521942844,75.62479229642412,75.3837192402278,74.60913100471825,75.49342036758262
2023-08-25,68.41122621102421,75.62270752619034,75.41165265921485,74.62393486152922,75.51011675734672
2023-08-28,68.92342839894906,75.69267606899626,75.47181625412959,74.69602103445806,75.58035019483104
2023-08-29,70.56925821628069,75.93337822498825,75.60332738277711,74.87074566367697,75.73176059720781
2023-08-30,70.39639440295004,75.87474916222709,75.58280468965835,74.8543761428124,75.7093978515462
2023-08-31,70.49407460934857,75.84348651830341,75.54735617431294,74.81298636815906,75.68429922276609
2023-09-01,69.21955843647882,75.68326774637984,75.36176259793866,74.66461016196013,75.49739937351102
2023-09-05,70.26563002098092,75.64964751764747,75.35149004857043,74.62699282991667,75.49845776423423
2023-09-06,70.11609014396748,75.63843411781896,75.31986367942045,74.60543622935359,75.47525515313816
2023-09-07,69.2800559566176,75.51486226826809,75.18752471761758,74.46040948456613,75.34620132994101
2023-09-08,68.82161904802169,75.4501726569712,75.13241700080131,74.40584967784568,75.29334042496556
2023-09-11,68.17912567308878,75.34965750091966,75.0269039283773,74.30550523830506,75.18701733966304
2023-09-12,67.48937498639675,75.19251758093911,74.83602706125436,74.14180172634956,75.01067237328606
2023-09-13,66.78694336334465,75.10878591776309,74.71154623145921,74.02588760025674,74.90354763834456
2023-09-14,69.0559152153131,75.30289703778543,74.99778459567955,74.27237345567396,75.17681762566444
2023-09-15,71.4370831049125,75.46941948737016,75.21161617004981,74.48677270125826,75.38739670221253
2023-09-18,71.06200027448232,75.44042007845377,75.15133834598048,74.42539514063652,75.33554573724996
2023-09-19,71.03660492024738,75.41868370495511,75.13522982728999,74.40191481009523,75.31893620981243
2023-09-20,70.99358452406922,75.41062499299551,75.12620816034227,74.3800588186089,75.30919916954376
2023-09-21,74.54346005691217,75.89274463642442,75.60833089308773,74.9824694584428,75.7838481806437
2023-09-22,74.29064391697551,75.90871258276117,75.55967243131907,74.92733011158644,75.73319847493886
2023-09-25,74.02261578523995,75.86638309151162,75.51551011115477,74.87957742137382,75.68266715648065
2023-09-26,76.57739822570583,76.18750717290297,75.89306040819658,75.28813779518204,76.03670137122053
2023-09-27,75.59273487544884,76.10143997683683,75.66486349087008,75.097063941304,75.85227959582109
2023-09-28,74.66947544460854,76.01513731495837,75.47506769547955,74.9744359578418,75.70153773883838
2023-09-29,73.84723169918921,75.9097782888974,75.35304709295525,74.80417848781484,75.52239127852589
2023-10-02,74.17485266115865,75.7034756574808,75.22659434041611,74.53411066999648,75.37050237749192
2023-10-03,73.32715330044446,75.52165317914545,75.05878956382725,74.31328807317264,75.17473169656023
2023-10-04,71.9081531021278,75.10024128350152,74.78157994703386,74.01683056903357,74.89414469970566
2023-10-05,70.15018241476263,74.8742007952783,74.50176770937946,73.70491404232668,74.61187024870264
2023-10-06,70.59714685843647,75.01765844555193,74.48943864160086,73.71380061160127,74.65328912469577
2023-10-09,70.28298196646534,74.81657729304138,74.41271249765538,73.60286212086504,74.54558248518336
2023-10-10,70.7880065977072,74.91892160614047,74.5005650343515,73.66116721168683,74.62516710308749
2023-10-11,69.35921445640452,74.73671150552327,74.22383332478688,73.38813327995105,74.37162068464694
2023-10-12,71.10839782995731,74.94907117444163,74.5052444235283,73.63181526990479,74.63432584449627
2023-10-13,69.6910103873648,74.6741917172259,74.17606273161692,73.34742102248293,74.32551836099094
2023-10-16,70.81599977544967,74.838431948557,74.43283791907247,73.55113242780688,74.51713692503516
2023-10-17,70.4851609591798,74.71648669029041,74.37920028766843,73.46180727493504,74.45326855660475
2023-10-18,69.93175243564218,74.42398683740079,74.21202192344359,73.27165641955338,74.24291430419929
2023-10-19,70.90019835172853,74.78402726336418,74.27743532666338,73.4157464493153,74.436742311307
2023-10-20,72.00243281521824,75.09614306854695,74.47564073689455,73.64547174056021,74.66508861777062
2023-10-23,71.91271499944928,75.05612818932565,74.46691308258207,73.60652162726495,74.6357150936875
2023-10-24,72.29881782041657,74.97707560916048,74.49262640365966,73.65777532975237,74.66686265966842
2023-10-25,71.43563732512015,74.62942474215069,74.30429022960942,73.30780541132468,74.38833748266906
2023-10-26,70.13931420573762,74.19630442049134,73.90252983703839,72.95029279254251,73.99284083268093
2023-10-27,71.66159227135789,74.28142640418181,74.12429153617904,73.06162775175622,74.159486158528
2023-10-30,72.33299518614487,74.41532838050367,74.21649750801522,73.19697882795555,74.30080039875423
2023-10-31,72.86319125284587,74.76380493565316,74.36631064884274,73.40746530137942,74.52233397888746
2023-11-01,72.8321093181886,74.91161717653691,74.3485614402261,73.46289548598239,74.55848357051406
2023-11-02,75.98553849800516,75.97340973781752,75.18137498302058,74.31344277404195,75.39403521939101
2023-11-03,75.48243788077656,75.7892704897847,75.07400356519234,74.19116241330183,75.2858693108915
2023-11-06,75.04986182494177,75.61731321002557,74.990860108163,74.05063356530776,75.17288667810966
2023-11-07,74.2076649130463,75.3580370192979,74.78715444674835,73.82927195848958,74.9493577101615
2023-11-08,73.87118236157907,75.21317522942024,74.70691544418483,73.71779065396782,74.84597760125057
2023-11-09,73.47539785218453,75.0570434909062,74.6810331448619,73.64541380132279,74.75801744135616
2023-11-10,74.75447692016024,75.32760449973533,75.02275053713973,74.04942195633957,75.0877244715809
2023-11-13,74.27193395146479,75.12702154966138,74.92133346882581,73.92682450613293,74.9680066023707
2023-11-14,77.08448452597571,75.70560495075391,75.65592466790567,74.53608824572062,75.6774464866655
2023-11-15,76.80211719845103,75.69862519154947,75.58849253829634,74.44286111348802,75.60845569426698
2023-11-16,75.98839789577849,75.50740644606208,75.36700587588193,74.1184345413505,75.40184630193212
2023-11-17,75.72861681327585,75.55950172936645,75.29581767588265,74.0673331835009,75.36956234231269
2023-11-20,75.53223751154468,75.51844415093511,75.26144091648099,74.03110050570905,75.32809364566025
2023-11-21,75.25441069275509,75.47799497019808,75.20199258581674,73.971245705424,75.26616793192215
2023-11-22,75.30079744165931,75.45464989167212,75.2116128086646,73.98685060872111,75.27711028804569
2023-11-24,75.2830824251797,75.46038420375766,75.20931368979299,73.97579885145092,75.2759030851772
2023-11-27,75.18735084049462,75.44431709836884,75.18116217145071,73.95378792855392,75.24972656646484
2023-11-28,74.96610139524944,75.38785407199455,75.13146686121088,73.90105046840785,75.20183933068787
2023-11-29,74.48172596168969,75.2908128768595,75.00857186194563,73.76765935325062,75.09132115860596
2023-11-30,74.12529139861685,75.20187639222338,74.9346321520251,73.65421653705268,75.02432710928719
2023-12-01,74.55273037275822,75.44011909143832,75.02018869459158,73.73843179065068,75.15855192400775
2023-12-04,74.21747226543194,75.3705942865478,74.94630068913209,73.65776619070188,75.07434978937721
2023-12-05,74.05999777825824,75.44449257004442,74.91309402260525,73.60422125884762,75.05137815065883
2023-12-06,73.4147248106153,75.33948754020986,74.80463144549857,73.48322241196306,74.94046677473779
2023-12-07,72.96814930597661,75.22072701691293,74.69555455823051,73.33061071938349,74.83204540461756
2023-12-08,72.69388353576365,75.23196219844338,74.64708034506674,73.28407389131071,74.80003890291431
2023-12-11,72.21366112779306,75.16307315783875,74.5807855273948,73.20962377248291,74.72724509653989
2023-12-12,71.75934784300843,75.11898996167507,74.50011912101776,73.13855292156607,74.66946825966421
2023-12-13,74.98105693724082,75.67733653056506,75.06319216768911,73.72782251661565,75.25147508888944
2023-12-14,72.71203103467121,75.37469987230175,74.48048606457331,73.17443923090013,74.71920373957101
2023-12-15,73.00753571850558,75.37354690891526,74.51064807291552,73.19298997952988,74.750544460309
2023-12-18,72.91039577262995,75.29217702562003,74.47054329639663,73.10036341259107,74.69758626537879
2023-12-19,73.42362673109264,75.39482253067038,74.59641391093204,73.22415448773154,74.80152653881943
2023-12-20,76.23023554621396,75.83162447166355,75.14468997543577,73.70481761214955,75.35025310912151
2023-12-21,76.85417796742637,75.70342838047145,75.2537430339416,73.80317690672472,75.43654561338296
2023-12-22,76.67917507305152,75.69074088486883,75.21543186519268,73.77205638917358,75.40125073522647
2023-12-26,76.91665978081109,75.73973174001537,75.26806885034706,73.83115523184127,75.45741301658549
2023-12-27,76.80785003239407,75.72199293087664,75.24568268217236,73.80855532351323,75.43754332855264
2023-12-28,76.39354390437148,75.66662088877261,75.16169711910688,73.74176629488825,75.36387017023455
2023-12-29,76.35495492207073,75.64553283512943,75.15070554000854,73.7155457448053,75.34616178656252
2024-01-02,74.09799576593572,75.17573722650619,74.66732242518738,73.25230111117011,74.87056003586058
2024-01-03,73.4604534475447,74.9778420062945,74.47304524359014,73.0319360297247,74.6955789491178
2024-01-04,73.25878946745797,75.0076445396217,74.400271035322,73.01180181234174,74.66143031349483
2024-01-05,73.12136606008877,74.96978991737113,74.37419420734075,72.98409470599368,74.63218401643684
2024-01-08,72.83964612736759,74.93877142339876,74.35032749049697,72.96117195631001,74.59384415029189
2024-01-09,72.89010687114742,74.74033899906912,74.34607901952592,72.8558667310586,74.54255085993815
2024-01-10,72.69332481115367,74.69481600818774,74.29039770795852,72.81491612950707,74.48633058431055
2024-01-11,72.12443876923548,74.61573653049427,74.19455486748234,72.72332389222284,74.39568580843101
2024-01-12,71.78873753315816,74.48106347257894,74.11414547623673,72.63033499230832,74.30497446968569
2024-01-16,72.73865788190398,74.58480258176017,74.25017644147967,72.7121647116138,74.42619163653644
2024-01-17,72.99477920613097,74.71542344064645,74.30512066826064,72.77289156798184,74.4769652078942
2024-01-18,72.12190111839736,74.49766364578726,74.09093719066976,72.55987878952364,74.24332171335824
2024-01-19,71.44696393006178,74.33644348345094,73.94973743265956,72.41423064396463,74.09534220892134
2024-01-22,71.14020821512244,74.28328506486754,73.89229749381875,72.3691284541963,74.04892550757508
2024-01-23,70.64858190293154,74.1795942442985,73.78662419269571,72.27712174497537,73.94604343484751
2024-01-24,69.44783002090182,73.95870762674582,73.52578211658489,71.98663151986896,73.70070246691041
2024-01-25,69.03200854696787,73.73813037551655,73.49267810485061,71.87772190780521,73.58270610584171
2024-01-26,68.60991338943789,73.64769257433282,73.41065022422919,71.80428248064985,73.48918254465585
2024-01-29,68.84064182173532,73.61739355348078,73.46392625120296,71.82427089467498,73.49842873325416
2024-01-30,67.90382455458361,73.55909189164095,73.3175470859653,71.70404651983205,73.36443430760359
2024-01-31,71.81438633834463,74.22990163106792,73.6781343153237,72.29319645263104,73.89679147464068
2024-02-01,74.15967254448064,74.56687113077739,74.02893317727381,72.75223822214676,74.27826619466576
2024-02-02,72.10812380785255,74.11905763179537,73.5282758472893,72.34883339246794,73.83049707799208
2024-02-05,72.77274797387412,74.59235421296825,73.61432406158296,72.47237353424552,74.09337732596646
2024-02-06,72.48478111704016,74.41481176454732,73.52022192114131,72.36822994035674,73.95933048401054
2024-02-07,72.54199873921476,74.37581935136807,73.50711521882148,72.36761802452843,73.9469729876846
2024-02-08,72.16078179483469,74.34839407883756,73.43818273805648,72.2977184035243,73.88292896868539
2024-02-09,71.36917788041302,74.20327098755598,73.26407357489309,72.13877323991377,73.71305304765077
2024-02-12,70.82777492280603,74.09116924067209,73.15062426452928,72.02879164776085,73.59647264763336
2024-02-13,73.86191297320606,74.54946115403358,73.66839026745633,72.56145271002481,74.09956982452273
2024-02-14,73.89098957325275,74.52034028430408,73.6499437642911,72.54067516737933,74.07591576764345
2024-02-15,74.44494250415279,74.67809355392784,73.82071504511528,72.56604217800093,74.2002382514052
2024-02-16,74.12930808802751,74.56791892129307,73.7247323192008,72.47964369166453,74.0974519885147
2024-02-20,73.62560197594784,74.52386406136283,73.6138812866256,72.34822678030993,74.01625944385628
2024-02-21,73.86964632742266,74.50597982182747,73.66670927128135,72.41465478459699,74.05973793043508
2024-02-22,73.97659087571519,74.47799840236222,73.68270919496867,72.38736742742456,74.06057437079156
2024-02-23,73.64082417737377,74.29293842882163,73.60810170135909,72.31287040181186,73.96747283764608
2024-02-26,73.50075480541905,74.29964376129657,73.58515320961124,72.29472706818379,73.94941152958786
2024-02-27,72.99008204173298,74.14730176574115,73.47459077729494,72.16594005726884,73.8231050835576
2024-02-28,72.49181333441261,74.01932476791472,73.36187014456974,72.04158249310284,73.71210394103524
2024-02-29,72.04393997082616,73.93878442896367,73.26715801166675,71.95755806113635,73.63024887209134
2024-03-01,71.55487064003387,73.86635739674794,73.19456817414721,71.84190968572435,73.56259422103831
2024-03-04,70.01039508878367,73.53590951440248,72.90103331537459,71.5232172053743,73.23332599184688
2024-03-05,69.67154854647465,73.46665499095883,72.81311842237821,71.37915191107034,73.13162056366723
2024-03-06,69.97969400518973,73.58350230291398,72.90300095383546,71.45881798619433,73.20569394538346
2024-03-07,70.39406348891765,73.59605987673643,72.97828731767797,71.52824135538684,73.27359271834179
2024-03-08,69.76703345773619,73.46963432717929,72.83877098004146,71.37087853487925,73.13175705804815
2024-03-11,69.26013671735508,73.33718099122918,72.73824949041104,71.22799662863324,73.02234074368235
2024-03-12,68.97652527253591,73.26793478774279,72.66034361843134,71.14562280454656,72.94897670987427
2024-03-13,68.32946447519313,73.13520659358147,72.5090914384898,71.02159437810147,72.80444272743406
2024-03-14,68.4720684852858,73.14636924703376,72.47520773109062,70.96336188181283,72.78191940276976
2024-03-15,68.48908839289938,73.06660184356323,72.4484818344953,70.95422763646285,72.75703185058984
2024-03-18,68.47385293514857,73.0608030256605,72.42584223406557,70.89283376614951,72.73331304950017
2024-03-19,68.7650656075221,73.11029604145504,72.48009114714515,70.96603144071304,72.79306047333397
2024-03-20,68.20118771929074,73.02466342759558,72.41531284556001,70.89073683305786,72.71218479094641
2024-03-21,67.98021645922155,72.98622209467986,72.38474587338969,70.85086641714177,72.68435946320376
2024-03-22,68.17240927711613,73.00443448714832,72.36719066045472,70.76839917954497,72.68633889436943
2024-03-25,67.6661775470905,72.86427444882749,72.28050874315232,70.65145156928547,72.5816756442378
2024-03-26,67.43379624021351,72.82088957625345,72.22550472145932,70.62287734759771,72.53651064443297
2024-03-27,71.03370164925856,73.22867763536007,72.70192233042417,70.99751459130113,72.98954382050323
2024-03-28,70.76698548963563,73.25465879861487,72.67015238775156,70.982995898404,72.96947325696824
2024-04-01,70.22830887493528,73.1571046937499,72.55090085889725,70.79773072013353,72.85693059070655
2024-04-02,69.62838557798939,72.9004841667458,72.37321482618836,70.5885060553648,72.6561269669722
2024-04-03,68.85563429679283,72.78321641755251,72.22397035693291,70.44971428840141,72.50952600886227
2024-04-04,70.34598556869473,72.98413718710418,72.49092718978675,70.73192078508352,72.73607020564542
2024-04-05,71.10903969409448,73.00493085050157,72.64168720802803,70.90333273337389,72.81698442628522
2024-04-08,70.56661132816481,72.88469041889921,72.53704618054032,70.79546056617609,72.71608504442241
2024-04-09,69.92361705590723,72.7687254683865,72.42707069078098,70.68000077610805,72.5991704752316
2024-04-10,70.71570663382289,72.9491087235345,72.5841799482974,70.73152745286724,72.72452252856216
2024-04-11,69.87136050338636,72.79359276630986,72.41090172534231,70.53238749164962,72.5609376100689
2024-04-12,73.17480536699026,73.26292759779083,73.04256975979945,71.09665561814462,73.11100501213667
2024-04-15,74.35626575742884,73.6497867632627,73.28796351303609,71.40995721519202,73.41580934180371
2024-04-16,74.69669519176277,73.88873008957802,73.3532313287432,71.54058349506161,73.53648665808527
2024-04-17,73.67161836091614,73.70903477936524,73.12282027038637,71.3069596934745,73.32399851090112
2024-04-18,73.15992631631023,73.58712449919818,73.012667098497,71.1961983209801,73.21264910104564
2024-04-19,72.07886681459546,73.35541004392857,72.70367551687363,70.80184985932748,72.92459274414182
2024-04-22,71.97870938053916,73.27364531054319,72.75026254648355,70.7766348147292,72.89787714568524
2024-04-23,71.19309826380464,73.1339559916783,72.67583610626751,70.66709986176055,72.76701855116453
2024-04-24,70.34498667576045,72.93402390672098,72.50930369983949,70.43834290267061,72.5869621358869
2024-04-25,68.37518786598112,72.55741299787947,72.0531918438844,69.97194792736443,72.14824590683041
2024-04-26,67.78633341177375,72.42169246084906,71.87857697013237,69.71961314911788,71.98767780626022
2024-04-29,67.69119992610574,72.39309610732971,71.7276776268831,69.5425712069096,71.89890461138684
2024-04-30,71.02103463208506,72.65853356775294,72.27283999437883,70.06635702861554,72.34582401900221
2024-05-01,69.76770113307754,72.56142830961103,72.0826994443854,69.93140935567634,72.20936889682699
2024-05-02,69.8515639454302,72.6152697780911,72.04710149469582,69.90123166114861,72.22261063474512
2024-05-03,69.88983843022022,72.6283064317508,72.08883723782891,69.9408582545734,72.25292699896727
2024-05-06,70.65718908362051,72.93296332007313,72.25321260549327,70.24011572884834,72.49494630342689
2024-05-07,69.91662072694581,72.77016048817175,72.11699135563516,70.11527812429787,72.3333058462968
2024-05-08,69.48016501308659,72.68586344555857,72.01986443767068,70.03540289928031,72.2456672643313
2024-05-09,70.31720327644649,72.80893510598686,72.24873825440294,70.17115304953496,72.41446413577422
2024-05-10,69.99751235963309,72.76886866230089,72.1789944015367,70.08607818109807,72.3468713621416
2024-05-13,70.02767881264833,72.78151571394427,72.16508013802998,70.08776372129738,72.34748759942799
2024-05-14,70.02421971633225,72.73416381875117,72.15123596492282,70.06031039239133,72.33464239517092
2024-05-15,70.12384814799876,72.72611733523404,72.14796494068283,70.07168602215198,72.33890992559569
2024-05-16,68.75089986376346,72.52960598958104,71.89536965181156,69.65511867128997,72.10030976778599
2024-05-17,68.32604717086319,72.43099530804817,71.83957259005425,69.57859246496908,72.02430950959295
2024-05-20,67.91421003753752,72.30609250227181,71.69535063632311,69.4677135778585,71.89332723835929
2024-05-21,67.66656563752146,72.22807030728568,71.61153048019429,69.40742218457541,71.82688830212221
2024-05-22,68.3541071449968,72.22963266132996,71.65791016359896,69.46585074475405,71.87728421095802
2024-05-23,72.5607953425796,73.18147269471541,72.42274389609372,70.20899872816243,72.71313294399484
2024-05-24,72.83315404348627,73.09327539890005,72.43483004260155,70.24174260002667,72.72054180327956
2024-05-28,71.98249508827752,72.87388670212276,72.21629390930302,69.94295484465728,72.51211555649583
2024-05-29,73.45588288453506,73.31101448287995,72.55370954524948,70.30391999597664,72.82975106505297
2024-05-30,72.20949203242134,73.08180114174206,72.30190518466328,70.03813283277267,72.59067720954285
2024-05-31,74.0983076043957,73.79059720086597,72.90605290587202,70.46922273978952,73.18587018516733
2024-06-03,73.33890800093914,73.56373108915804,72.71154691841322,70.23218779575826,72.98255682931068
2024-06-04,72.59003430313878,73.30154609252578,72.50325300685405,69.98747188787236,72.76833336189674
2024-06-05,72.4729210856031,73.15746687939854,72.4277308871548,69.92858308799333,72.67881032299843
2024-06-06,71.95252367947371,73.09457186632322,72.30840077023149,69.79965516421981,72.56967913580891
2024-06-07,71.53830136022785,72.99189711832868,72.2271635830248,69.71955650097446,72.47507036848286
2024-06-10,71.1611349578087,72.8972411946754,72.14820436530586,69.6127253474723,72.38814371694994
2024-06-11,70.39380983053297,72.71993798990299,71.95781802701676,69.47048475648566,72.20902778990454
2024-06-12,69.36448809576896,72.52511221726353,71.66923022290119,69.2299030643051,71.95657900958909
2024-06-13,68.86191700952087,72.45440663325456,71.57900349896452,69.12328280070386,71.87162510053702
2024-06-14,68.26608392587373,72.32720752715592,71.45892202224458,69.02005251756083,71.74315968915565
2024-06-17,67.32987449909467,72.09113452158245,71.23358128385638,68.75628988101083,71.5175116338488
2024-06-18,66.9987992024553,72.00174420869126,71.17468918899617,68.67421764583615,71.45358548855977
2024-06-20,66.29931768473342,71.83273483167187,71.01231740022101,68.44364663496184,71.28734254040684
2024-06-21,65.75565727628704,71.74597552154707,70.91720298744785,68.28583198452398,71.1957276894301
2024-06-24,66.06979193488378,71.57105151984523,70.73093370998696,68.18823292939125,71.01953272103471
2024-06-25,66.10751802479307,71.52377419668264,70.5408228958101,68.00862673407818,70.89025488239777
2024-06-26,65.33453512520485,71.50010158790361,70.42771743467263,67.85436581616118,70.80305733928931
2024-06-27,64.9124920352766,71.40605438402758,70.34529605698525,67.72372445837789,70.72074067074503
2024-06-28,64.08054098329703,71.27983527894443,70.20152051052354,67.57548459333343,70.57868987837126
2024-07-01,63.71622516928326,71.24404734137323,70.08492554559695,67.3602346293921,70.47797731821206
2024-07-02,63.00821531415113,71.1283017348317,69.9460049895002,67.21509029480526,70.30693090032126
2024-07-03,62.22339822312211,70.87056385788132,69.74584501593762,67.0245886337192,70.09574039259145
2024-07-05,60.94990811810469,70.5959103595896,69.48899151280213,66.71842932004274,69.83936162044091
2024-07-08,60.46133004095327,70.52581798318893,69.39203812255596,66.61267056560195,69.74040077572865
2024-07-09,59.522531713164675,70.42263016381999,69.22114442362175,66.47752751220975,69.58848498915044
2024-07-10,60.39646415183409,70.43942317791193,69.37119226022679,66.58239726426471,69.6687693363886
2024-07-11,60.31521628320758,69.81227866588429,68.67090083329768,65.86818515760955,69.00696995209672
2024-07-12,60.3467826465056,69.6022132183227,68.64726975305798,65.77295673279231,68.93560189107767
2024-07-15,57.35085201709352,69.07166853117305,68.09476863119279,65.19405711575244,68.3911298792264
2024-07-16,58.63415618437991,68.81495775070525,67.93984808595569,64.86137850852987,68.1513620795286
2024-07-17,58.78171623432577,68.72465736440219,67.48424269422755,64.62714114177246,67.81605334388642
2024-07-18,58.749604308893616,68.75699650685442,67.3972076078121,64.62758942231794,67.7907769213264
2024-07-19,58.49461769842744,68.63208361105843,67.3504767697818,64.53992631822126,67.72876907859043
2024-07-22,58.60947211330571,68.72208388295297,67.3741170446592,64.65937926840516,67.75706197106022
2024-07-23,58.800438139031776,68.58286192155983,67.40166603587981,64.64252203457315,67.75685040833754
2024-07-24,60.76552616506881,68.77797724824686,67.42772180078806,64.90423363039102,67.84347472609726
2024-07-25,59.51081687890825,68.06626730433328,67.05309761740733,64.40043037908079,67.37407601085947
2024-07-26,62.06353623197926,68.4659654602542,67.54028345426585,64.73229489596638,67.8017942009585
2024-07-29,61.28281788864328,68.12683744265719,67.28427867412235,64.49790496611118,67.51466147554059
2024-07-30,60.2869612504336,67.79541143329962,66.93905315477677,64.22805217135725,67.18224556351453
2024-07-31,59.67768735774417,67.50404069207971,66.62941944162982,64.00347476274477,66.86412421997392
2024-08-01,59.15499697516973,66.9831264616522,65.77611087255258,63.29532528484451,66.11695185691757
2024-08-02,61.017275540653436,66.5314242494686,65.5908675198299,62.850960854990674,65.7538580374562
2024-08-05,67.91279743108429,69.0027597498026,68.10569009531925,65.56260013145753,68.24476816100699
2024-08-06,69.05510224561753,69.02129927329311,68.44783339504323,65.6479821408934,68.4324208358697
2024-08-07,68.65635896965615,68.85098776773339,68.35286297046663,65.51630436528193,68.29336220194018
2024-08-08,70.45948947507556,69.39734101418512,69.1176720066161,66.13417635628484,68.91469049106185
2024-08-09,70.3334686972309,69.39025378041542,69.10744817315135,66.13983657402912,68.90801574838355
2024-08-12,70.27587740899685,69.35776565092641,69.07118835658672,66.09649256317421,68.87324261646573
2024-08-13,70.76497514025043,69.58610306340209,69.26826418614473,66.33978382531842,69.08963892991582
2024-08-14,70.42056585574647,69.50417124347679,69.18843967151567,66.26484683928044,69.02817862243049
2024-08-15,70.65658136906762,69.66183404953237,69.3048032530479,66.35778121644115,69.15342690363565
2024-08-16,70.42660313151431,69.61961051242852,69.26776517330755,66.30958250305072,69.110842475369
2024-08-19,70.73233770427447,69.68980643242759,69.39738428608365,66.42211404470635,69.21454066239939
2024-08-20,70.30363311214549,69.64470903704874,69.27273618559333,66.28478327582503,69.11199555454054
2024-08-21,70.37335307228018,69.6266943442824,69.30862717128939,66.2556811975442,69.12875961701683
2024-08-22,69.94109521277014,69.54705188974998,69.1700310992005,66.18015959748514,69.0169901051991
2024-08-23,70.0076767144542,69.62836258533031,69.29233619549971,66.34911814429127,69.10472824445073
2024-08-26,69.59041705123553,69.56590391540489,69.19562457890855,66.31015103541627,69.02602082368199
2024-08-27,69.02491401267534,69.43664537654927,69.06129050901042,66.1844312262849,68.8903344668101
2024-08-28,69.06042853795566,69.45401733960672,69.08253524405568,66.19649557176648,68.91233983217425
2024-08-29,68.58891630137464,69.43186957471504,68.93684057028361,66.11156605670536,68.80695905526419
2024-08-30,68.7719685390698,69.38694881624602,68.99134468719879,66.11516834340883,68.8024233984962
2024-09-03,69.39823912815974,69.71759803984816,69.11860858356486,66.47538236803375,68.99305804680047
2024-09-04,68.69133414849176,69.35756962441054,68.93808061458353,66.25305515788875,68.75880594676029
2024-09-05,68.67123811009519,69.30185079243569,68.86189120826931,66.19557532335931,68.70892809095903
2024-09-06,69.75500590542752,69.49151577423906,69.12328243988964,66.67387214183331,68.9737508237331
2024-09-09,71.7326495216984,70.03379644969833,69.63387902606284,67.2632572217483,69.49880906086258
2024-09-10,70.57398542185263,69.80137832800648,69.32670266594423,66.9778135167032,69.21719587442163
2024-09-11,69.78766055260435,69.50700278803015,69.0698352008645,66.79047318359008,68.97449686951356
2024-09-12,70.01956066745747,69.6141938953322,69.19147753998912,66.90806812144352,69.10237757623835
2024-09-13,70.64307960253585,69.89595718624172,69.39251303417058,67.12782067392764,69.34502210314368
2024-09-16,70.92856699631727,69.91802957380554,69.48898964066042,67.14923115679535,69.44355952943368
2024-09-17,70.39086745609633,69.715316317003,69.29346468053774,66.95315056084324,69.25399818234699
2024-09-18,71.21918406557118,70.00783212883981,69.49451079258978,67.21390387512052,69.5389252446417
2024-09-19,70.68238392149703,69.93615041184292,69.38266126244811,67.17479859819892,69.42490390339407
2024-09-20,68.55659185331,69.58564477546155,68.94434206687521,66.79238192080577,69.03473666453193
2024-09-23,68.38833641266659,69.52549974823566,68.96438329812432,66.80414385681114,69.03866330748606
2024-09-24,67.60113658576314,69.28673035071255,68.7373057620705,66.5534921784736,68.80548255080366
2024-09-25,67.12306835095272,69.1341058117667,68.62697288350478,66.38697815914753,68.67457891669143
2024-09-26,65.04747818527264,68.62364724456607,68.12140388337096,65.89232027541426,68.15854335357024
2024-09-27,65.08188237015798,68.76808566545998,68.1101890533297,65.86104450050935,68.22870847101196
2024-09-30,64.74657910185789,68.65298637732259,68.02423049372699,65.75125777787885,68.12709458488243
2024-10-01,63.67540959308793,68.33847613138215,67.70666544119014,65.36144770400784,67.79833157594398
2024-10-02,63.42590948887307,68.32314900772539,67.61877067905237,65.31464029114039,67.74070039958434
2024-10-03,63.64280279110425,68.31041685278892,67.50031005282753,65.20150283837744,67.658151172352
2024-10-04,63.51162086627516,68.27225733526356,67.4138648330778,65.14592466164775,67.58207885641792
2024-10-07,66.86272812604908,68.72103751384698,67.94256706039465,65.81963380619078,68.14672223900726
2024-10-08,66.4308654248395,68.53443245845959,67.69795291723295,65.63758432223777,67.94914555196334
2024-10-09,65.74634941170645,68.38171198233789,67.58703350920909,65.45673313969968,67.81581853361753
2024-10-10,65.9858074262177,68.37089013058852,67.59629602515011,65.44201233596526,67.82761291660465
2024-10-11,66.81369015247286,68.53372294037287,67.74063218359507,65.59376197565008,67.97903300037665
2024-10-14,66.60927176256338,68.40526312401927,67.68875481310957,65.48384814605525,67.89026861454508
2024-10-15,65.33896593004974,68.0179927467674,67.21432747299292,65.0125490946877,67.42569218261646
2024-10-16,65.9320731565656,68.11686132673107,67.3061487166366,65.12107518761961,67.53475344145522
2024-10-17,66.3359445730618,68.1926329969777,67.35978088987017,65.17554098050933,67.59898924136657
2024-10-18,66.35025207195389,68.15800575055358,67.35621330413738,65.16999989723332,67.58940974036717
2024-10-21,66.68701994106765,68.24616446953154,67.44513350893862,65.17561296715779,67.65729073016172
2024-10-22,66.0375027084324,68.07097770868168,67.28295092847458,64.8920065889704,67.50308280938201
2024-10-23,65.16322535995495,67.78962530769218,67.08688650957092,64.64440606825109,67.26075948868653
2024-10-24,63.12797278830697,67.36841786062703,66.61799709799185,64.1727926564959,66.81129317523893
2024-10-25,63.70229459529151,67.40593356444276,66.68915426462499,64.30241291412749,66.89247961402822
2024-10-28,63.80417303189884,67.38008122046178,66.65796868537512,64.24836272035367,66.86962819123563
2024-10-29,63.28042356045591,67.25892455789604,66.64231885319597,64.1689920863218,66.79298357534356
2024-10-30,62.46822396878624,67.12750442268057,66.50841063141785,64.05028777611524,66.66300355170014
2024-10-31,63.44894774147501,67.1261106527562,66.55389164792292,64.20384792966368,66.68974368391133
2024-11-01,62.47087108910862,66.92364999822276,66.22279139851074,63.93187355464211,66.39577785545049
2024-11-04,60.95183704574792,66.68312869420897,65.86222600606456,63.56540501572131,66.06033737876788
2024-11-05,64.03824186546099,67.16210418337374,66.53714127388167,64.26537231105964,66.7252775757143
2024-11-06,65.51190567772461,65.61610121275139,65.2310563597627,62.97296069501226,65.40298647437784
2024-11-07,64.12331638837213,65.04060254104705,65.08159208473575,62.790908978806165,65.14882445112359
2024-11-08,64.48704752418689,65.4020311593846,65.39047286367351,63.13102383519014,65.53209111458173
2024-11-11,63.59133997025431,65.1932767520058,65.09003606654113,62.86205432225554,65.2572880779012
2024-11-12,63.66878580741929,65.12324478295487,65.18144927408098,62.8958789474003,65.28907408046143
2024-11-13,63.35914963119817,65.05061259709407,65.08178688519465,62.75018922089484,65.18759124206856
2024-11-14,63.382851463956285,65.03190064913265,65.05558634324974,62.81790344873873,65.17377198955275
2024-11-15,62.47629120668482,64.70031337373749,64.69390388427676,62.572815178560674,64.83092992758216
2024-11-18,62.47996189285716,64.80805038183429,64.75792370101466,62.608736598163325,64.90063886372694
2024-11-19,62.04659622702381,64.73601750737511,64.65827952651927,62.51153199978658,64.82051310723945
2024-11-20,61.206670910464474,64.46441000078833,64.40145253895177,62.277684757675296,64.5533931198872
2024-11-21,62.374467630367114,64.83012585651552,64.7432973960037,62.35658065483914,64.92734966127024
2024-11-22,61.71460845085171,64.7093648712092,64.58736679375747,62.16509989728543,64.78265908979493
2024-11-25,61.1177029446508,64.60228571225161,64.4069190109555,61.96450039543226,64.63138980083986
2024-11-26,60.72048672355593,64.56525213193748,64.33327457122802,61.939632606586315,64.57265673120604
2024-11-27,60.36188206592314,64.43210578344652,64.24587175711916,61.857264415922835,64.47487285900637
2024-11-29,60.33988732061032,64.37640478071876,64.23141509603728,61.807842157508134,64.44456287924571
2024-12-02,60.08391548116308,64.2569006098066,64.09379543898432,61.64825718482631,64.30595700634177
2024-12-03,59.83471110276036,64.1926488688481,64.00695198011623,61.57857781432806,64.2194009669206
2024-12-04,58.89308928182686,63.95188997717191,63.752354152673995,61.34632897756173,63.976885252336935
2024-12-05,57.87534940167852,63.66782308908103,63.43498346760277,61.017673359227075,63.672855951522436
2024-12-06,57.202287679992054,63.48241152749601,63.1957152033373,60.82006182623511,63.460890259091684
2024-12-09,56.29117947727073,63.15685283795755,63.014491934214696,60.79139127392072,63.22070611870233
2024-12-10,54.90233395300689,62.99165750276108,62.66039247997798,60.30331461122521,62.92229771674417
2024-12-11,54.44066185013637,62.734341044507914,62.317660983600106,59.95535172291911,62.60947848147605
2024-12-12,54.30474494316476,62.56028603599636,62.27511428861847,59.927256320455264,62.51911203452896
2024-12-13,53.949216470265945,62.53176915690513,62.207569683156095,59.895231403141295,62.465044763123906
2024-12-16,54.41791923126154,62.54281013563992,62.16248746619858,59.78951026256941,62.434428939092804
2024-12-17,54.77644275564942,62.633455454477165,62.250092468479714,59.821769289728536,62.517800398299066
2024-12-18,69.07284303659739,66.2527318540689,65.97838437910391,63.44940919619724,66.09386464394733
2024-12-19,68.77228958275755,66.2345815541954,65.97385676694172,63.53303833604062,66.17163432855364
2024-12-20,69.90861964358815,66.64070738051868,66.37362195538762,63.85259588337981,66.60975995141283
2024-12-23,69.29966999002491,66.37656373950936,66.20352242748258,63.55607768650963,66.41404391423865
2024-12-24,70.22745607818992,66.65396491376433,66.45679538899601,63.860533073426,66.68892815521227
2024-12-26,70.13878605747006,66.67937143038648,66.43385516908619,63.83908262802219,66.67480498028831
2024-12-27,70.93746792039481,66.85314684436378,66.65350225296282,64.17000421632488,66.88818911639437
2024-12-30,72.00297390560901,67.31071759053462,67.03130458793738,64.60055720219279,67.29721877483395
2024-12-31,71.46004699489009,67.02845938602212,66.86557490509956,64.38078182700157,67.08963838451417
2025-01-02,70.70711469818066,66.83332196910533,66.6425367711384,64.17104955046364,66.88106327547217
2025-01-03,71.05286073055454,66.88290228049213,66.75989919464983,64.32865438907936,66.96848444675855
2025-01-06,70.13937475981717,66.6591253424672,66.57172352852052,64.10502679566582,66.76752119219827
2025-01-07,69.46998320466669,66.49317644710769,66.42083212259632,63.90216570812679,66.60822298157565
2025-01-08,69.15953723456245,66.35905551259184,66.34496085118934,63.79176094106524,66.51768995060586
2025-01-10,70.45684826119896,66.56745166475663,66.73790840759102,64.07154349511148,66.84324087130695
2025-01-13,70.0183935609617,66.36416856590341,66.53374513311584,63.7519910316472,66.66172342911631
2025-01-14,68.93288750625739,66.15231952376048,66.25895686547813,63.34521653540198,66.39599671938653
2025-01-15,69.23563459060883,66.30958768346089,66.39819869994511,63.70880673649777,66.5160357992987
2025-01-16,68.6845905324601,66.66345799301925,66.38450638465973,63.68675135556693,66.63046450476755
2025-01-17,68.28152436380826,66.55043352021319,66.29713319148999,63.57644613112938,66.52795757277816
2025-01-21,68.96878478797721,67.02480020906233,66.59891186404174,63.995259992234544,66.86138950172307
2025-01-22,68.57643919485314,66.87704610899678,66.53421875280647,63.891032602210515,66.74274580009164
2025-01-23,68.9591439365307,66.99219917944407,66.63163153421601,64.0060503022975,66.84394192797225
2025-01-24,68.1192392079284,66.81838587155029,66.47909934103608,63.82565623556896,66.69124806915327
2025-01-27,63.67916407288579,65.18036951925939,64.60435193612084,61.78820920765677,64.86914430152488
2025-01-28,62.58854933896082,64.86383911117765,64.12729011315164,61.336235540970115,64.39766255997472
2025-01-29,62.16214249815266,64.63928953680087,64.00329392404585,61.22481257723323,64.25411655889171
2025-01-30,63.10416661588333,64.8888093094754,64.37266033324487,61.5709959651635,64.5739274755823
2025-01-31,63.49784935754312,65.06371505519009,64.46881889936246,61.68599896255399,64.68087005118208
2025-02-03,62.86213038423443,64.91512796533961,64.2952216047583,61.525133484612915,64.52639192744833
2025-02-04,62.13842731401133,64.65314365769959,64.08851945389257,61.30784394380794,64.29452203511855
2025-02-05,60.94202153901531,64.39996935239787,63.83240277108894,60.791964701812226,64.02451108524366
2025-02-06,60.07040309126742,64.24430583655217,63.61024760684583,60.658681196296314,63.83628135459191
2025-02-07,60.37741224186032,64.23605784809129,63.657457850803446,60.826973170122976,63.85527600941907
2025-02-10,59.687447980660345,63.989697314408765,63.46338268266422,60.57806172168696,63.612256943623294
2025-02-11,59.09564348001552,63.701846124679896,63.30289057880409,60.40646298577763,63.39538155202347
2025-02-12,59.714688533933305,63.95772752393902,63.3956109658191,60.57923779509861,63.57564301492884
2025-02-13,60.8361297158963,64.27692644937267,63.687673847549284,60.90371526911227,63.92075555946564
2025-02-14,60.53132565740382,64.05744630752203,63.5573824658691,60.78426055926155,63.76085715076206
2025-02-18,60.11847889287837,63.96959655853693,63.461665680300605,60.64204216256499,63.66707331655839
2025-02-19,59.00152129760993,63.641342230266325,63.17208678947413,60.32365382571675,63.360817405589344
2025-02-20,58.17204669740649,63.20687302252147,62.872998611972044,59.81137868733111,63.01077706948149
2025-02-21,59.98329429778496,63.55005352443209,63.155592901116094,60.363861969693396,63.31973692305008
2025-02-24,59.47482206691608,63.40160217029495,62.97712190090281,60.21457591343512,63.14004232443176
2025-02-25,58.53876243398367,63.08862323309154,62.55878775053315,59.81573555940017,62.744925746379685
2025-02-26,58.139863194056744,62.73201757743239,62.32188739348147,59.63814788348127,62.47126476594585
2025-02-27,57.41183921049837,62.69864898523922,62.22522549566001,59.559672611526075,62.38185617168622
2025-02-28,60.11924667065353,63.40967594128728,62.87633462614787,60.19305503990645,62.98811596489545
2025-03-03,61.924151743737646,63.75496887408107,63.112309114111966,60.60622550695504,63.26557350451815
2025-03-04,64.51423118793095,64.46667898445936,63.80255830165385,61.35007488240378,63.92188517800543
2025-03-05,64.2084949136498,63.931223812359946,63.59804233934312,61.06561619189727,63.55989041106134
2025-03-06,64.74622292669166,64.04387914389794,63.79818230899983,61.345091724252114,63.67703121176614
2025-03-07,64.53385715355749,63.99782866344925,63.763270628174496,61.082711137165546,63.595518998152095
2025-03-10,64.67626247188034,64.74372119911322,64.11930267546542,61.986583069046134,64.12433048986631
2025-03-11,66.5409620761308,65.29722888830086,64.74033095167447,62.51959396373997,64.82928538860341
2025-03-12,66.00839826938706,65.26288398800429,64.51657243716956,62.30341204814497,64.65833934051687
2025-03-13,66.64998689925007,65.5066830614007,64.86429755511246,62.56952967061259,64.99584920314378
2025-03-14,69.75302242099775,66.87156063641372,66.09791680454099,63.86738733137163,66.2484610357254
2025-03-17,70.43681456434767,67.11660103802028,66.41739405296485,64.07655897862674,66.55896842773794
2025-03-18,70.60909720766382,67.10664142934642,66.48010878427364,64.18570586870696,66.59992533274793
2025-03-19,70.6669178303382,67.16550477192415,66.53517217262825,64.29428367859063,66.6538107407599
2025-03-20,70.54680609420872,67.09690294745225,66.49691517969474,64.24753582471698,66.60962926298913
2025-03-21,70.40804858060338,67.02395901615638,66.45044574464146,64.20919712776745,66.55361680026799
2025-03-24,71.40586893095129,67.54760301718665,66.94457277388925,64.8024909416672,67.05892623641301
2025-03-25,70.5668173281013,67.27410728706904,66.7162985810695,64.53133454478478,66.79046273888538
2025-03-26,69.68038546333841,67.06955900209066,66.47088483098332,64.34439046004799,66.57515783526861
2025-03-27,69.33183196428232,66.93906649688948,66.34331347207268,64.24499301885277,66.44410090978933
2025-03-28,68.90980279859168,66.8091816249425,66.28661265805414,64.24645127784821,66.34948192450139
2025-03-31,70.38196860285905,67.22978684839615,66.74373565213523,64.62327091475623,66.78825756241685
2025-04-01,69.29400403223714,66.85791395312205,66.40826395711304,64.26935876442077,66.44227569881933
2025-04-02,69.23464601613495,66.88645147629728,66.41764883262387,64.28675358705016,66.44282789571118
2025-04-03,73.0137923310428,68.87779194578074,69.31353107536215,67.31444078558576,68.96719606266548
2025-04-04,83.73404505231362,76.88491018958379,76.69674815365389,75.37738838966492,76.68381243804116
2025-04-07,83.6495549905847,76.54536841650528,76.6788994685059,75.28117077639496,76.61405988037109
2025-04-08,83.83752955236687,76.99884986158338,77.0225586733915,75.64794698219741,77.008357349928
2025-04-09,86.68995319334684,81.24785563304059,81.24084951096215,80.54857228481946,81.30921604221363
2025-04-10,86.84080010881642,81.54370991095294,81.72140998776239,81.0129764432657,81.73060920551906
2025-04-11,86.87886702533649,81.67033887399697,81.85401601839114,81.13864816113514,81.85333423597936
2025-04-14,86.86101092270093,81.81446844355054,81.9363352637618,81.23539148196595,81.95806692574646
2025-04-15,86.80602876509343,81.75130103376377,81.89782431054351,81.2019130518267,81.91141181509566
2025-04-16,86.74237778922851,81.82229925948137,81.92317362664703,81.2413534592001,81.9514013931535
2025-04-17,86.49431211770538,81.64614867152386,81.78271091701843,81.06473577079679,81.7879282029172
2025-04-21,86.65403701366432,81.91780644319326,82.03824321262756,81.38953815585238,82.0509993374617
2025-04-22,86.83554265726549,82.14135676502501,82.32356807108813,81.66654966723046,82.30147623503436
2025-04-23,86.65023342333791,82.05026488778398,82.23594076613703,81.56283935311149,82.21254091636277
2025-04-24,86.44427834747438,82.00063203847932,82.13278905753833,81.52142874355248,82.13308376790465
2025-04-25,86.29711348389327,81.90000809193387,82.0419615114443,81.41686275185685,82.02907272731848
2025-04-28,86.24679167643387,81.9121056513663,82.03126780291467,81.40379933023382,82.02379642624315
2025-04-29,86.23334991936368,81.92611930883801,82.03402976852189,81.40989610546202,82.02895686455325
2025-04-30,86.01544902905717,81.84264366910438,81.92036816541847,81.29632604424829,81.92479391608519
2025-05-01,85.55586627588616,81.60597513607263,81.68278362948284,81.00250475337872,81.68866251751399
2025-05-02,85.6108270862781,81.58499783974547,81.72034608106024,81.0205799557548,81.70067302296326
2025-05-05,85.59454943733445,81.59637756896042,81.72067618929746,81.0284455914937,81.70257731724979
2025-05-06,85.20612238263948,81.41210603558308,81.53268401504597,80.84783595284838,81.51689523913078
2025-05-07,85.1277681271684,81.36595948090506,81.49721338505834,80.76142915373843,81.47580670007704
2025-05-08,84.86390621116085,81.26372042682596,81.38290749368171,80.64496119486738,81.36936362951022
2025-05-09,84.756349950678,81.22756761006765,81.3257679791652,80.58491705081207,81.31757210325787
2025-05-12,84.3421474656085,81.05806217428986,81.19952840213838,80.41830826139108,81.15966239396329
2025-05-13,83.51242715280301,80.71864609388894,80.79529600850064,80.04525562750604,80.76903349510985
2025-05-14,83.49148148094073,80.80719228261268,80.78665375033513,79.98021591427161,80.79522309341202
2025-05-15,83.26964151459971,80.74543907476864,80.73398055268271,79.88937761800437,80.73938977862073
2025-05-16,83.36773926798632,80.89239447957875,80.8002771649446,79.97290128921703,80.83633499937118
2025-05-19,83.33530705950515,80.93407027481389,80.78854901400396,79.96593628871814,80.84596398259086
2025-05-20,83.28492243708943,80.92250740633555,80.76863433850556,79.94661795832093,80.82852437930923
2025-05-21,83.59925702103683,81.02504554744608,80.927349345241,79.99942059976766,80.96129798127427
2025-05-22,83.5202295442884,81.0211565639334,80.9117151684926,79.96935081765795,80.94994795966502
2025-05-23,83.34269612311545,80.95277631454142,80.85184107789274,79.91063508701708,80.89113939250538
2025-05-27,83.6075772944088,81.10314431270257,80.99327709974277,80.10107572326132,81.03406500753422
2025-05-28,83.54415760177744,81.05853476436909,80.97770416934354,80.0733440593238,81.0018450881209
2025-05-29,83.43069102853889,81.01435815889641,80.93767639160056,80.04690895870564,80.95809578094344
2025-05-30,83.30914683274494,80.97693017256348,80.90160277844025,80.01486175252138,80.92281173859931
2025-06-02,83.25096568230323,80.96443004597721,80.8913486228881,80.00397435014493,80.91383932398617
2025-06-03,83.09734171622127,80.91624311213388,80.85201111416728,79.94457927335135,80.86799820041833
2025-06-04,82.75628136985542,80.79677662887345,80.75203336785468,79.80973165466399,80.75980144451931
2025-06-05,82.55814268864798,80.74211187167283,80.6954940631173,79.74158523780571,80.7034955149745
2025-06-06,82.47430371274173,80.6832288827631,80.67383923685033,79.69212789403115,80.66625744068756
2025-06-09,82.37197406683839,80.65531241325006,80.64326681762563,79.65854369862974,80.6368571434653
2025-06-10,82.30485694212504,80.68525492740058,80.63849060441245,79.67362996187256,80.64233760972103
2025-06-11,82.12661471088346,80.63280221521778,80.59589073838332,79.61609596439475,80.5984725996704
2025-06-12,81.81518919923168,80.54501696435294,80.52040884155222,79.54610309811123,80.51694049831372
2025-06-13,81.36918730600947,80.43695240056296,80.40428930609527,79.42128600848677,80.39746052394044
2025-06-16,81.15577994026873,80.36230652164556,80.3417073449595,79.37008441354666,80.32695618680953
2025-06-17,81.2614260928748,80.37635084748868,80.35229435868199,79.3749104135671,80.33561274680552
2025-06-18,81.29069712257143,80.40570227575232,80.36293192470576,79.39311091840665,80.3637828766852
2025-06-20,81.05565433836344,80.35486231879791,80.30649468332095,79.30516212223218,80.31015992480842
2025-06-23,80.50560996787777,80.26410649896701,80.19896519457065,79.1780564665199,80.20986868526703
2025-06-24,80.31072056575839,80.3085703234183,80.18004198347764,79.18115754724772,80.23201161070197
2025-06-25,79.91861643080102,80.2403012116265,80.09371969509556,79.06732221829448,80.14548659533669
2025-06-26,79.79009742835677,80.24309546218649,80.06209323311617,79.04029276117049,80.12421850149842
2025-06-27,79.54080452915974,80.2150400777492,80.01072237508578,78.99674992419014,80.08074369527252
2025-06-30,79.43317474248774,80.20328231673568,79.99121473199627,78.96788952786365,80.06929452657856
2025-07-01,78.76696929703957,80.09353210039632,79.85891469189295,78.82881853670189,79.94490026462323
2025-07-02,78.19136189790102,79.98534234171416,79.73627925464085,78.72101230050966,79.83319654426022
2025-07-03,78.04209897781305,79.9443354988156,79.72010367458489,78.70509602831447,79.80503825795526
2025-07-07,78.30778461519674,79.97739460975609,79.75186071976103,78.72642829990347,79.83472528255048
2025-07-08,77.34057043155438,79.80783727610867,79.5676096354648,78.52488764106924,79.6569192319116
2025-07-09,76.89534674095911,79.72449500275803,79.48835459680339,78.4465245657878,79.57464928514065
2025-07-10,76.87426455532042,79.7009880518507,79.48156674211988,78.43381385997765,79.56902353589862
2025-07-11,76.70212421767556,79.67288425516081,79.44821427824799,78.40002649955113,79.53318751950378
2025-07-14,76.40883241451475,79.62780180914818,79.39432337481578,78.35494491501744,79.48282418886329
2025-07-15,77.19023500223848,79.71607710069026,79.51104294698371,78.39209901443056,79.58371015048918
2025-07-16,76.90526362888784,79.64050980420161,79.45558426475094,78.3289882120777,79.51988933176845
2025-07-17,76.62160889021315,79.5775445641296,79.38940605656494,78.2638075642482,79.46452863985301
2025-07-18,76.16702958400172,79.51801534457354,79.29493992544589,78.17076504597703,79.38840954257404
2025-07-21,75.69405997916829,79.43309808052578,79.22015951395898,78.08758216050013,79.31565555171397
2025-07-22,76.08303076458546,79.52360719503126,79.26260310031282,78.09678351939398,79.39232552617686
2025-07-23,75.997668253243,79.44887857049224,79.2138253419625,78.01983452755856,79.3552290036952
2025-07-24,75.72550907421542,79.41600981394934,79.17427076397931,77.97975560954441,79.3219497843412
2025-07-25,75.17344060356714,79.3456284010154,79.1011106049694,77.92664383948505,79.25026131781982
2025-07-28,74.56812811028898,79.28782043719362,78.98583003349269,77.816179670222,79.15286761013803
2025-07-29,72.94730110054516,79.03302136936703,78.73955239134717,77.55969986261704,78.89890987978129
2025-07-30,72.16389568771874,78.84667308042476,78.60398961289992,77.39261299750052,78.7491925575791
2025-07-31,71.22695016837488,78.65180856177744,78.41052358554853,77.14627958687286,78.54495274664774
2025-08-01,72.05321500597297,78.69358150159351,78.42098379769965,77.08612888134274,78.58406298756103
2025-08-04,73.6576064110315,78.88914794063909,78.61031306261512,77.23626450111243,78.78613528702597
2025-08-05,73.29080767930242,78.80291639441634,78.53355172125725,77.12323546913063,78.70618599354117
2025-08-06,71.44481090438177,78.52188964766623,78.22054127246442,76.73682084207444,78.40644296346271
2025-08-07,70.76355394059813,78.48664157972384,78.08944750580332,76.61843563505249,78.31327087196583
2025-08-08,70.26147408164,78.37469695656166,78.01563363783862,76.51906638777568,78.2255503460737
2025-08-11,70.16390190969015,78.31369332391944,77.98737781958256,76.49425422395593,78.19203846755055
2025-08-12,70.88256303025497,78.37555628415653,78.04893255172645,76.57073303976397,78.26266262498501
2025-08-13,71.17194633417755,78.37145143421186,78.02422903202668,76.43529447846726,78.24881206240876
2025-08-14,70.86447326588582,78.34686345851024,77.95371779295702,76.37334081612607,78.19321922369934
2025-08-15,70.04307386762883,78.17545622527467,77.81817908076846,76.21916480498804,78.0442353678069
2025-08-18,69.70722385483099,78.12336964152016,77.77644593022472,76.16612302457015,77.99916831803597
2025-08-19,68.76533133345207,77.96138314473752,77.62828011662926,75.95834800464281,77.84047535947273
2025-08-20,68.282444574857,77.90241672690102,77.57692651795003,75.89231161258199,77.78573513962543
2025-08-21,68.37278734586643,77.88557557123497,77.5601399280797,75.85248690543995,77.7741207842994
2025-08-22,70.15187967915217,77.96730417939256,77.638436312677,75.87918851575297,77.8395245899506
2025-08-25,70.59866925520342,78.04114995640882,77.62286981865053,75.87045113043709,77.83357817161858
2025-08-26,69.92282963512356,77.94490937715281,77.54293691764039,75.80365122820216,77.75967679617584
2025-08-27,69.78649478030698,77.93238014748671,77.52370496666661,75.78284312314844,77.7417760359724
2025-08-28,69.49533237059565,77.88082782811021,77.46881193560216,75.71319901616897,77.68434067997495
2025-08-29,68.600275403269,77.74690387188853,77.34786585711521,75.57553881210366,77.55898870117764
2025-09-02,68.47231377524116,77.725672633742,77.3012432193823,75.5072323303922,77.52161099955491
2025-09-03,67.3637935306877,77.58971425930646,77.1433576108317,75.21516587756918,77.37059042704247
2025-09-04,67.99029367693652,77.6212810453273,77.1641953342934,75.27254825754879,77.41177743421355
2025-09-05,66.47419947760896,77.4251963318236,76.9733964235373,75.07731890457431,77.22443349605648
2025-09-08,66.15380772333826,77.40052099254598,76.93239062892695,75.04858544815352,77.191879992248
2025-09-09,64.997491798003,77.27961365780196,76.79943774655521,74.86600827924407,77.0636911854392
2025-09-10,62.95641367870216,76.99248275841359,76.49514901205714,74.51738078888891,76.769035908215
2025-09-11,64.42871114220026,76.98787902502959,76.50322441230742,74.4667142215064,76.75889003018331
2025-09-12,63.45867811841501,76.81940957231123,76.37806743558554,74.3632581198909,76.6244687570796
2025-09-15,62.50325448255151,76.7021982984616,76.22037765040851,74.20254005196144,76.47636009221
2025-09-16,61.40135211358242,76.4597636342726,76.02692452744265,73.99083198723574,76.26704627383756
2025-09-17,60.83284111083005,76.4005572230989,75.96647705829305,73.88975982692308,76.20150335363343
2025-09-18,59.8252759105828,76.27810846626654,75.85305492572866,73.77034307385742,76.08451540191184
2025-09-19,59.41758127744885,76.179640844241,75.77888035104962,73.67620888192512,76.00330307227347
2025-09-22,58.67709232595491,76.0541599817277,75.62187977617513,73.52028793382291,75.85722059010108
2025-09-23,57.65787418231492,75.8905291472704,75.48950942662415,73.34988696969641,75.71635812828028
2025-09-24,56.33671159256264,75.71318789427569,75.3202409695344,73.1524999430531,75.55072423061789
2025-09-25,57.81696909124009,75.66912449450955,75.29503841769646,73.12849835373987,75.52296141223805
2025-09-26,58.7519161043782,75.71035859572709,75.30456075403919,73.09607049426431,75.5252033472449
2025-09-29,58.718388429303126,75.6410918430961,75.2307832532143,72.99336430206166,75.46146162423928
2025-09-30,57.814027462838254,75.46721438593805,75.05995878504078,72.78842687467845,75.30366504195162
2025-10-01,54.91427146809931,75.09848152135868,74.63680435215953,72.39879847816132,74.9088684247197
2025-10-02,54.11420022064119,74.9135541599634,74.53975123152377,72.27983446533655,74.80804335788325
2025-10-03,53.54486326066476,74.82925467100819,74.48381044490088,72.18682054522178,74.740089912871
2025-10-06,52.788511940350894,74.72997547861696,74.353419830718,72.0778566792339,74.62287327614105
2025-10-07,51.976558049358005,74.55160539483221,74.19382465711139,71.95043079701658,74.45555473761131
2025-10-08,51.17503438557072,74.46262221342126,74.06754129371289,71.84910163057356,74.34281202427337
2025-10-09,51.84219155731768,74.47638085384143,74.03548451126515,71.78337170094512,74.31675594392955
2025-10-10,59.7580925470874,74.6388068535758,74.31028636150417,72.08521368182318,74.51587480993243
2025-10-13,61.84536695510267,74.81250954048951,74.42960270124327,72.29456297940665,74.6426938383926
2025-10-14,62.53941379591247,74.81823219848262,74.42166360412105,72.24023292993989,74.6471579290922
2025-10-15,61.7898907118234,74.70631251512523,74.32275312317493,72.12318206419876,74.55190631685217
2025-10-16,61.88323427475662,74.69993405760648,74.26818217415617,72.00289846217362,74.48891682726412
2025-10-17,62.051840733396084,74.72297191088953,74.3075589019782,72.02826252987528,74.52408516500863
2025-10-20,63.46590662315514,74.75743866992197,74.3872282346457,72.09413719370444,74.6028048585635
2025-10-21,62.82184790713089,74.72925543189079,74.27959367571813,72.00587843962343,74.51535281858581
2025-10-22,61.85976428032648,74.58745983361833,74.08970483625339,71.81694339217107,74.33800605601147
2025-10-23,61.87171170255235,74.55123041424953,74.03731591593404,71.8026809808785,74.29126321368031
2025-10-24,61.124654748697004,74.41243276422341,73.87927694787071,71.59420996789018,74.147934705418
2025-10-27,61.172304918066835,74.39265819630646,73.83977968219001,71.51512643236032,74.12002446895421
2025-10-28,61.672057440512475,74.39774402099364,73.77564570334081,71.41051573353712,74.03686419842965
2025-10-29,61.44817758829176,74.1606875128514,73.5172545030779,71.1247130820418,73.81259179597986
2025-10-30,62.24148716165633,74.10801448663845,73.51234166490217,71.07276127962429,73.82558004701043
2025-10-31,60.972410718920564,73.85525821506911,73.32782257928004,70.74017871842976,73.63181647612117
2025-11-03,60.14491857960839,73.67978674093105,73.20016539863487,70.633965974257,73.48759860449128
2025-11-04,59.78500268248813,73.48658317644885,73.0192657946834,70.42397802709051,73.29175445880745
2025-11-05,59.77873373395292,73.42378845199643,73.0113559081689,70.38365247478295,73.27474013706336
2025-11-06,59.25408545925507,73.30737699948935,72.89371504323573,70.27865885711167,73.15754253600102
2025-11-07,59.19796911425998,73.2350634168203,72.81636929419261,70.19018653619881,73.05119462609483
2025-11-10,59.2170895033358,73.1369492014709,72.75524087591043,70.04693121039503,72.95674325223958
2025-11-11,60.82564436813496,73.16386317397115,72.81688627531784,70.12007399444528,73.0275986419611
2025-11-12,59.29518544735965,73.01222426673286,72.61157849193127,69.87139709857851,72.83559137552976
2025-11-13,60.96563250430886,73.03398746874744,72.65071944148609,70.00398852919893,72.8609360209045
2025-11-14,60.264304295640336,72.95725329451261,72.50675472979482,69.86787407174393,72.73556875071625
2025-11-17,61.4163044784869,72.94579675451861,72.48963071514031,69.72188304394976,72.72729048264655
2025-11-18,60.73218571932154,72.87110522430511,72.3469007435695,69.6108136378848,72.60368173416853
2025-11-19,61.009513243115634,72.94629942859916,72.31681470137693,69.53414684733904,72.62951654647253
2025-11-20,62.82865033960532,73.02138724666571,72.37936950434616,69.35376733391674,72.67186987270675
2025-11-21,65.09566202760537,73.27159135697343,72.68520336703988,69.51835243051865,72.94819430025328
2025-11-24,65.09992638792816,73.20132128464125,72.55615030262958,69.27061179417844,72.81971860263978
2025-11-25,66.31643104974079,73.33822030400778,72.67811812207769,69.54096687460884,73.00008720885529
2025-11-26,67.34637349821132,73.46054269839688,72.88951657209965,69.65603103312213,73.19650620208563
2025-11-28,67.62845499757405,73.46159034113288,72.94581948008565,69.68913873290384,73.24415790668021
2025-12-01,67.49434108654322,73.31957021453098,72.82960383511248,69.6183986296519,73.12324343400935
2025-12-02,66.90185180427112,73.09946942930313,72.71319008501881,69.48280089741993,72.97076834412864
2025-12-03,66.53732618020672,72.99762971035966,72.60659663381874,69.37556855536963,72.87335030114946
2025-12-04,66.32144483475754,72.94022752183511,72.57888182463918,69.34802249668914,72.83863950393406
2025-12-05,65.84895686008271,72.84853070632184,72.50107640328521,69.32931876798301,72.75014478914413
2025-12-08,66.77490456882238,72.97096094759713,72.61575317631076,69.49538604381377,72.84972334923718
2025-12-09,66.40561398167645,72.86564946587784,72.56563480997835,69.39486998397852,72.78366814145548
2025-12-10,66.94646871529676,72.9471922037979,72.61824054055552,69.272345484095,72.84554349700053
2025-12-11,66.01661939597439,72.78046705568737,72.48462069596047,69.03384637376404,72.69681141172842
2025-12-12,65.68669337367933,72.67641894680123,72.33258343035826,68.90232189898167,72.56787434331501
2025-12-15,65.24049767366903,72.56973748635141,72.24041399461075,68.78550880996954,72.45778375664769
2025-12-16,65.11004074805257,72.52707522263985,72.1375455332858,68.69111088319357,72.37550834219988
2025-12-17,63.87243085344749,72.34267424670693,71.77754048552579,68.3415062076436,72.06084218029754
2025-12-18,63.50339733346114,72.19455068996851,71.59494672754148,68.17450170301838,71.90212969802805
2025-12-19,62.392295516842815,71.94090257915019,71.3762665974409,67.98427800910842,71.6747823529089
2025-12-22,62.740852873956534,71.94936091381216,71.36010547246616,67.9290791900712,71.67694648745653
2025-12-23,62.50458109511704,71.8902620906093,71.3160272468108,67.85856758960185,71.626062886547
2025-12-24,62.504265549093695,71.86716991602584,71.31390591841277,67.86298796978569,71.61911049137383
2025-12-26,62.330411164199774,71.83930267308403,71.28746579317085,67.83683553678776,71.59708162781429
2025-12-29,61.8828731697947,71.75453913473267,71.1933297029912,67.73199870557832,71.50147586204395
2025-12-30,61.65148389777144,71.69958599627522,71.1499581276683,67.69829569194192,71.45724080169192
2025-12-31,63.37442856684308,71.89139877294028,71.35583446202632,67.91535392661866,71.66727561398069
2026-01-02,62.57411232201353,71.83555002168501,71.16036776999384,67.77868808368952,71.50651103961428
2026-01-05,60.68726062673936,71.38281473960457,70.72011038387838,67.27049174865418,71.03112151676874
2026-01-06,58.01989832126114,70.91080212417002,70.15064060157255,66.69086308905213,70.45593320454962
2026-01-07,58.68263547108131,71.10172768985898,70.02602704042452,66.54435858588278,70.41994790402715
2026-01-08,60.77300110436533,71.07074482344561,69.96171215338299,66.4706538578662,70.34824100309868
2026-01-09,59.837113258656245,70.91254081065466,69.88746520293786,66.31701357687342,70.2542188814401
2026-01-12,58.841126941041985,70.74825810767601,69.76873374715984,66.17751616871672,70.1284191511131
2026-01-13,57.35076886629202,70.48024183911049,69.44015736152537,65.89326034253916,69.82988889082424
2026-01-14,56.58933883918185,70.29619094968439,69.23425586906575,65.67734047611522,69.62155148874864
2026-01-15,55.81431360696245,70.22600482439312,69.12690169209256,65.57448381690944,69.52850806817656
2026-01-16,54.33360332644807,69.96602191196683,68.90774764351593,65.33344711319783,69.29835494229583
2026-01-20,59.162635899487164,70.16524496529932,69.29203643122491,65.74081924397247,69.5789893129274
2026-01-21,60.760245700976014,70.15198629525062,69.55711413599745,65.9539300551765,69.70481731135112
2026-01-22,59.857423161816875,70.01279076073924,69.34434228829592,65.76523931091894,69.50597704310697
2026-01-23,58.83411722891917,69.78480820185715,69.0848808994177,65.50193407987584,69.23952551403444
2026-01-26,58.5001877251761,69.65296878453825,69.04352708258256,65.41820268825936,69.15376841858937
2026-01-27,57.118696480942646,69.27202914925206,68.68352344035503,65.07832982487356,68.77565467613337
2026-01-28,56.66037704102353,69.13604849673733,68.57378664663996,64.98024285856823,68.66124780764932
2026-01-29,54.16323843971879,68.7876552195247,68.11111313654247,64.48869239587285,68.21918152025701
2026-01-30,53.279958429445884,68.26655463615928,67.73488134136142,64.10576083627817,67.80454919210747
2026-02-02,50.41540413674766,67.61671991597217,67.06739354500105,63.171163105666785,67.11554814905907
2026-02-03,51.11799264432166,67.10681878418819,66.36808791846467,62.596116316201375,66.53027302220617
2026-02-04,49.81018391217639,66.5437726701091,65.85702828679108,62.195313166790704,65.96788493087651
2026-02-05,51.74127645740994,66.71288224969192,66.11488807038599,62.359019296291216,66.24378524074736
2026-02-06,54.42165157429349,67.66200208496045,66.56541551623212,62.73201736672633,66.83392247499552
2026-02-09,53.54763487071266,67.47850312722521,66.32849906957945,62.52179584969286,66.64665980079472
2026-02-10,52.17734869352547,67.1765184392097,65.94738817584364,62.05438356401291,66.27258093631613
2026-02-11,52.102314813509444,66.72887252405542,65.62245581493143,61.874676586304304,65.88266624606803
2026-02-12,53.59267333633538,66.67840815685541,65.41216300390401,61.6321414111024,65.76002559608372
2026-02-13,54.639805900713306,66.96542580829528,65.65679165298604,61.672143155911705,65.99756238061656
2026-02-17,53.63938053687031,66.90502681557128,65.33639560595657,61.35440244490372,65.73095000036572
2026-02-18,53.14333836363965,66.71922086391756,65.08854250899128,61.13021998576685,65.49379145710111
2026-02-19,52.68087688692797,66.55307461156892,64.94551565938245,60.96174743885549,65.35494051280529
2026-02-20,52.18237795189027,66.27880821255164,64.79458069993326,60.723923829733764,65.16013456348936
2026-02-23,52.77275167910189,65.83668610825333,64.18076997436896,60.11513062826764,64.61349866535221
2026-02-24,52.23751792842857,65.56868159187188,64.27619830563218,59.96802717461687,64.53312108602859
2026-02-25,51.74990799047896,65.18145673501725,63.97535315955693,59.66117235896672,64.19704992878907
2026-02-26,50.83694604989689,64.92222217966565,63.80759616185504,59.36074329917646,63.99972031476707
2026-02-27,51.28178691653268,64.69281640261657,63.44488194733033,59.029475392460434,63.69690596870965
2026-03-02,49.35420226768941,64.62075843030948,63.0518756529089,58.803070589679876,63.37745022380884
2026-03-03,52.48226162715025,64.73839923615051,63.79763971696488,59.26317530156654,63.89522281206864
2026-03-04,52.57788888006301,64.60242029176383,63.735208964993745,59.220008493022654,63.8368013246762
2026-03-05,53.138075902979715,64.75666232958855,63.73822971007309,59.20387201170874,63.85226578366692
2026-03-06,54.83767331984523,64.91942508261323,63.89288373606935,59.37184684026101,63.9945816654003
2026-03-09,54.379845530947144,64.61520189178299,63.7802008072513,59.19723827843987,63.84948734495917
2026-03-10,54.563460441706866,64.76384166875835,63.81073686635478,59.29176806359289,63.907672723756626
2026-03-11,53.818698397492966,64.48786697915807,63.55843308029871,59.10970503053605,63.68563346463201
2026-03-12,55.258717401695634,64.411195054157,63.60616824328472,59.07740209670087,63.674178661135514
2026-03-13,55.21737478413675,64.46506610086884,63.515747027192056,59.0642716434281,63.63677717434917
2026-03-16,55.960182761605395,64.6343449756289,63.69896662643957,59.26312616348657,63.822485625555935
2026-03-17,55.57809332786255,64.44515927572591,63.6029220939118,59.13644927761381,63.70800390939832
2026-03-18,58.93534749663702,65.12015192370684,64.46234928735444,59.966998767518746,64.42096491206242
2026-03-19,59.051608518646056,64.99003493423328,64.48408711445528,60.00121331085157,64.40936793108702
2026-03-20,61.28119241611723,65.31426941110593,65.06404537548146,60.63054759049837,64.81363666099467
2026-03-23,62.25980462425773,65.52755503736647,65.23593345845497,60.904545273232614,65.0205722591511
2026-03-24,61.292428647553294,65.09133887431823,64.86994485161608,60.4897991185168,64.67098833759337
2026-03-25,60.69398837066587,64.81447480674916,64.72634821757391,60.355975470803294,64.4720589456244
2026-03-26,60.5985989507273,64.62563456690737,64.40981734325784,60.114166137423396,64.20686718655878
2026-03-27,61.4737290544581,64.357309922397,64.10289821079995,59.908388977708434,63.90870596740552
2026-03-30,60.3005977248318,63.853297203053174,63.766441106483995,59.560578961831716,63.52215397490632
2026-03-31,64.29160907395827,64.37405173136136,64.38457917976217,60.38967750277462,64.09334422251955
2026-04-01,64.91235271182495,64.51857278236949,64.02396466275346,60.35935645135987,63.92114431776981
2026-04-02,63.7320333913671,64.17480125993478,63.7529798984099,60.019695766747056,63.6226347972164
2026-04-06,63.207427387911046,63.916977964451895,63.642421476502705,59.90852368203225,63.49397664075958
2026-04-07,62.47427410720586,63.67300869404777,63.387147407187996,59.627324646927384,63.216306284065055
2026-04-08,70.11652170370395,64.30036676853211,63.659175746005765,60.61301152565572,63.67024946792797
2026-04-09,69.86638116973673,64.38725874064714,63.57997803497374,60.53563511094612,63.57769283368194
2026-04-10,69.3165893508493,64.1960855297293,63.473983606692556,60.405003668319004,63.475219721924574
2026-04-13,68.6018670757094,64.28368647427875,63.298441366683285,60.41006322084233,63.40372135539945
2026-04-14,69.47486815761694,64.38445656392012,63.27470231401673,60.59731399688272,63.49285125922397
2026-04-15,68.75961706245059,64.26684510214835,63.047545953526964,60.33955393938281,63.29059046345624
2026-04-16,67.98594982540394,64.13118639694154,63.04310835616058,60.21915253735742,63.26033971621587
2026-04-17,68.44626577979396,64.07035452113801,62.8733788499256,60.302161007089055,63.11761282353966
2026-04-20,67.93962727155123,63.91973569086913,62.7326464977127,60.07303250157022,62.95733169302735
2026-04-21,69.02061075839184,64.1711683080035,62.96295029286618,60.26624850373171,63.17397560025188
2026-04-22,68.4160890465756,64.12677482435942,62.83789207974591,60.18141869162453,63.09370800991669
2026-04-23,67.49982747629184,63.70186452227336,62.61391209472374,59.870986572201566,62.78329533718736
2026-04-24,66.33831501855035,63.37141185698042,62.32103941755062,59.49411847665622,62.49232502370926
2026-04-27,65.9834940908191,63.205837065580724,62.22744177201134,59.38629427806545,62.391780883157814
2026-04-28,65.5402190960258,63.08758039520445,62.066456362663864,59.26323298058612,62.246746783211954
2026-04-29,65.724168166292,62.94782612091223,61.9813895612855,59.25912124361794,62.156620026168454
2026-04-30,67.47580014956735,64.0060673461474,62.834647186937175,60.23188576375339,63.16719404149369
2026-05-01,67.27309826812584,64.05290629438429,62.85902268200996,60.48167698856537,63.234545881997704
2026-05-04,67.59269107802668,64.20943848442988,62.871609257267934,60.49349668542136,63.316366235245596
2026-05-05,67.31385930485285,64.10339617914909,62.754211334851895,60.522588365098706,63.20516521103951
2026-05-06,68.26810514762184,64.05052825524268,62.508857106872135,60.42311032240377,63.01390261692568
2026-05-07,68.11556698555977,64.21067863230219,62.7114267914992,60.62582160274325,63.271652859669196
2026-05-08,67.26976211144492,63.6969268410667,62.40848957037836,60.31697946594914,62.92926676953552
2026-05-11,65.8270480800333,63.39592791539213,62.15398225180201,59.961358032784,62.647764906415006
2026-05-12,65.02574850946718,63.25643619334751,61.93680477967965,59.90088592303354,62.5026042615394
2026-05-13,64.29457292713612,63.163285108213834,61.730070182361764,59.61813437016026,62.37095003359753
2026-05-14,63.62429738752928,63.05162713873403,61.59611842721502,59.447228947562444,62.23815061769274
2026-05-15,66.88819220981792,63.86355119405849,62.2216242951921,60.189843673328596,62.94534095571823
2026-05-18,65.87779365938104,63.95741226586172,62.0741666379656,60.12403406482399,62.9159457876829
2026-05-19,64.93871325942223,63.68251752236683,61.737252287178784,59.81343927421122,62.59106877299046
2026-05-20,65.43760190178543,63.459361231810114,61.69890689570145,59.78788848401677,62.514225275702636
2026-05-21,65.58304827613765,63.54568404829283,61.66102454905031,59.60092526825443,62.55184398364825
2026-05-22,65.44026460081685,63.404467722532196,61.66331408349399,59.58916507623267,62.49685168069893
2026-05-26,64.91526235537323,63.420979341337734,61.4576479740648,59.45528454228067,62.37416056902533
2026-05-27,63.8563200530624,63.11858797899815,61.28073557861042,59.221050718516246,62.127038320801766
2026-05-28,63.02122129506213,62.87645082242421,61.076186207518546,59.04187876975298,61.92184073995033
2026-05-29,62.57113659499739,62.96740872819678,60.97827269153965,58.93141921050051,61.874459754915385
2026-06-01,62.59773776642408,63.11237537336208,60.94781785770749,58.935905869960976,61.86946578327963
2026-06-02,61.04391450385338,62.56730019120557,60.51043180885901,58.447999605672,61.39794579539865
2026-06-03,60.36860820704344,62.39831061753923,60.33442654575662,58.28247160985923,61.20819427629377
2026-06-04,60.31966377339497,62.41765369898431,60.13963801909383,58.09744977208615,61.16653491998192
2026-06-05,59.155507565140084,62.179593937537156,59.431380803893106,57.80701354602968,60.662760481161904
2026-06-08,60.017087678369016,62.17580282375291,59.455436390668986,57.892986994083955,60.71834315481909
2026-06-09,61.773846768159316,62.14693269117938,59.64043893971371,58.04808647614286,60.830417291863206
2026-06-10,61.39107262260866,61.688585948594465,59.254928765693336,57.8953178145442,60.40961628308878
2026-06-11,62.32057065929178,61.22191279473463,59.24665806923747,57.49144087291041,60.17630837788124
2026-06-12,61.46506769873663,60.95375834791666,59.1321533647706,57.490323888245115,59.978421881857564
2026-06-15,61.46475154110303,61.24611968189568,59.1607416584069,57.64966219087825,60.061693548152554
2026-06-16,61.082756261877606,60.874203027356,58.94709730632952,57.41246148362261,59.81679965878846
2026-06-17,62.16059181501617,61.31808582122706,59.64260819983686,58.135948113587666,60.39299564439398
2026-06-18,61.133901878843126,60.054108268534016,59.25140364861557,57.56113075224911,59.73101429277949
2026-06-22,59.681821561617426,59.653783855661885,58.77330548446526,57.05789004104345,59.29343614834684
2026-06-23,60.113994915600976,59.5395118193449,58.5363492726317,56.96754135835704,59.16018433580468
2026-06-24,59.71155741122488,59.4170053936112,58.43726053574497,56.86829228865831,59.05172767221678
2026-06-25,58.043740786695565,59.14234903100562,57.98145910063654,56.34518795063241,58.671198687088605
2026-06-26,57.60675160930668,58.88198847809922,57.71082997549607,56.06323839359058,58.423182701001366
2026-06-29,56.20019478706889,58.48434264379439,57.37146458237082,55.59652669837719,58.03035167344762
2026-06-30,56.7873365974917,58.53777923807254,57.39290689888596,55.58641635993975,58.07824185315054
2026-07-01,55.9156876200264,57.91688402169819,56.849192399722504,55.00580333480621,57.502537747681295
2026-07-02,57.17465188214733,58.205132041919676,57.010852342567865,55.35884652934419,57.64857223155029
2026-07-06,56.562198875107875,57.795283659494764,56.84071011461997,55.20037761929286,57.410859512998925
2026-07-07,57.03160529401793,57.639969411203445,56.790642121330954,55.08147451568388,57.33782380089408
2026-07-08,59.95766457098009,58.302961314698635,57.448548923638015,55.69478455569242,58.04061192235985
2026-07-09,59.675608771992195,57.9972886979438,57.37261034451724,55.54165607761584,57.84575127303928
2026-07-10,59.27575869453389,57.92172079232726,57.2827105066378,55.43272322876235,57.7490084554036
2026-07-13,59.537671753115475,57.85011896838484,57.29939939702972,55.467359815970376,57.71395106857021
2026-07-14,59.14600657285548,57.639464064702274,57.2330508409771,55.28596312555473,57.572413345894596
2026-07-15,58.784375714647034,57.41172441182543,57.04143926523661,55.16068391227182,57.3741069852889
2026-07-16,59.13028283287256,57.538004113669984,57.137433920592166,55.21177142615507,57.460454188468475
2026-07-17,59.58038506539319,57.65956372409769,57.24006814858531,55.295785370945104,57.55533535711257
2026-07-20,59.66388557296262,57.697566661441584,57.29344298937386,55.30985398516166,57.58313573007372
2026-07-21,59.194211130453596,57.652132612553345,57.14285315887132,55.17085454940916,57.46030688235931
2026-07-22,58.27273512520312,57.35178165604998,56.9066598013231,54.901870998690654,57.204602341509684
2026-07-23,56.49121076199269,56.73784443995179,55.98383143796455,54.03854496000224,56.3877158884324
2026-07-24,57.154429644121244,57.050251671569434,56.14224455647342,54.38111828774632,56.70464766137562
2026-07-27,57.098945490250486,57.080417910692525,56.004890536806556,54.19454276793252,56.63912270640533
2026-07-28,57.720671524761016,57.078325849418064,56.07581569595314,54.06547383405545,56.628839949141486
2026-07-29,58.89578316513132,57.38358365703547,56.28893577268966,54.51430228024078,56.94973443752128
2026-07-30,58.65463600550736,57.34596891116371,56.03674480974768,54.369474129001354,56.76060619000137
2026-07-31,56.135819023053166,56.39877268327473,55.18271267063901,53.10884270430354,55.86675352564539
2026-08-03,57.06636949027347,56.84461955506917,55.44046106665616,53.559542205974324,56.2386847675486
2026-08-04,56.63856137197199,56.628849462517586,55.31912277249601,53.36110218254141,56.099506204869584
2026-08-05,55.59780937404226,56.66892454796134,55.04224606359102,53.03144879875731,55.9347376214315
2026-08-06,55.47076827444305,56.69583333668527,54.981923473548406,53.025437069682745,55.91278033211473
2026-08-07,55.0748163399121,56.550026955306684,54.90378163838566,52.913758724710966,55.79706311950225
2026-08-10,52.54059457350224,55.95134990072618,54.23740548918336,52.240800975305895,55.15458680927133
2026-08-11,52.35098675820705,55.90851386557379,54.203285412065355,52.262247468761196,55.133337034639226
2026-08-12,51.56012080224212,55.66355004978004,53.950397467925995,51.98237326235586,54.882351410935144
2026-08-13,51.3556768325682,55.56751179408163,53.895152085926846,51.95417448625019,54.83397900414593
2026-08-14,50.946399037531386,55.29915111845678,53.78743321459681,51.83415014121368,54.657882500470876
2026-08-17,52.27153817726887,55.54916112403755,54.04813028362574,52.018455476588585,54.89331223026641
2026-08-18,52.07422427705664,55.36111292354549,53.92347117535126,51.92400889596548,54.75424057129358
2026-08-19,51.98205762349343,55.054998321584975,53.66783984241383,51.49867221324173,54.44971167286911
2026-08-20,51.2967211235045,55.03741002420506,53.551324149526,51.44785704557592,54.42487367913127
2026-08-21,50.483056441023884,54.77205425945536,53.10902352672121,51.01799479876728,54.02943496925491
2026-08-24,50.725157730816676,54.84940420238175,53.052787560179134,50.92713827038505,53.96651411971222
2026-08-25,49.89746203945594,54.69430547027157,52.91821536546206,50.854929534271555,53.830238190236976
2026-08-26,49.77112964577755,54.54081661221626,52.80202516676774,50.72211179914422,53.71383266751755
2026-08-27,51.44324498286267,54.84319151904951,53.126298851941414,50.89780881930335,54.015265532432274
2026-08-28,50.83239495801306,54.565805144997306,52.90286741237521,50.64764157301372,53.7760805511379
2026-08-31,52.64119771587511,54.84410486218689,53.23289751766067,50.97413651294168,54.095103256606855
