,Communication Services,Consumer Discretionary,Consumer Staples,Energy,Financials,Health Care,Industrials,Information Technology,Materials,Real Estate,Utilities
2018-10-01,23.835768285319645,18.55844251778379,-40.4392688311873,9.61393025846644,12.26822644872935,-5.730400932201022,14.429134629801325,17.812988116331937,7.319185037130495,-24.43370029841909,-33.23430523175559
2018-10-02,24.634447266088387,17.965150876969616,-40.74909642005669,10.213364237430866,12.901565580555328,-6.351927087939501,15.053823378570428,18.40689928571446,7.417986470178462,-25.590180588044817,-33.90203299946654
2018-10-03,19.810745835006927,23.77184106386005,-37.04419565737544,10.09352314858269,13.783129625994505,-8.164868033458063,13.570126593422742,13.438830899716635,7.059468198179104,-25.601654843182466,-30.71694683074663
2018-10-04,17.135771730009722,23.314229631356923,-34.96133924897096,5.613076273129863,15.991958668165807,-7.294541241880395,13.480322259591276,10.011063874286762,4.179231106647009,-21.568692753863992,-25.90108029847204
2018-10-05,15.97574411240879,21.047659791157145,-33.99677884679005,7.909605541675106,17.33470172924565,-9.888025368552718,14.418837457795235,7.925219647109174,6.136418193521294,-20.72187083964596,-26.14151141792364
2018-10-08,17.711940592670885,23.021574412318373,-35.655898503688015,6.222452778239273,16.890241595230563,-8.353598082053992,14.036501093216131,9.966999299440488,4.751297862039962,-22.14846845149387,-26.44304259591972
2018-10-09,17.411818385759247,22.299733731925883,-35.23485163345797,6.903895776317938,17.784898583269566,-9.100886423268136,14.518423473557874,9.421672628563229,2.666811800789958,-21.614214550813315,-25.057301772644315
2018-10-10,13.098001277491292,23.293576903995728,-41.561080209561716,15.376023388607038,15.266421541129262,-2.067617269316486,18.13019698224747,8.039065466112888,15.230950292749668,-27.23999856543118,-37.56553980802406
2018-10-11,12.572733901328476,24.03068977609111,-42.647886359739395,17.282617752654247,15.69787093409964,-0.7981044806600295,18.64780465621567,9.038911851598712,15.78498624508505,-28.986040962274437,-40.623583314399
2018-10-12,16.398544839897994,23.654666375661748,-41.40509343127094,16.262815153606823,9.684174160347794,-3.5892178816230285,16.508798293992825,10.432596623550609,15.174888851562955,-29.892900540212075,-33.22927244551468
2018-10-15,18.476008729601077,24.47264010432849,-39.70470954907408,14.364787279584618,6.196886941314531,-4.9536293283789945,15.35100965716417,10.771541635307642,13.48958548844729,-31.79906296441125,-26.665057993883472
2018-10-16,18.393134959866913,25.462162631673436,-36.74259247747898,8.29237337410406,5.54897345303344,-2.9582744981732816,15.36057364442999,11.424214181971493,11.023291596787573,-28.48535667680308,-27.318500189411623
2018-10-17,18.89202635299057,24.14801440595285,-36.3043140043558,10.700621584976602,4.125924609881139,-5.723975679449083,15.290370274077276,11.410654054069582,12.145266659957656,-28.79062648056849,-25.893961777532382
2018-10-18,17.814229661991646,24.974366660506362,-36.951776961311744,10.761594907771936,6.50029407598646,-3.6793431563603036,16.69068285513596,11.271046119230562,12.78805582811907,-30.494368481773932,-29.674781509295975
2018-10-19,17.96271535378132,25.123828860899664,-36.8416371627505,10.726815735610955,6.689588295659661,-3.5174336439893636,16.57163857069331,11.372625343757505,13.268487749499187,-30.77230062925824,-30.584328473903525
2018-10-22,18.091734821151974,25.051698942362023,-36.730935091265756,11.04797030391704,5.3772655311531,-3.837762874758795,16.938190041663177,11.662523638913868,12.807280134377493,-30.435341698332863,-29.972623749181203
2018-10-23,12.837492278385085,20.90922253801652,-35.05586589153618,12.10356073872947,10.663467223638776,-1.5586829325577867,15.305117702853806,9.957891740538784,16.07809331087195,-28.46203778109969,-32.77825892784076
2018-10-24,13.27177604045157,22.497703197625157,-36.25237736684897,13.876573650153148,7.349447227730209,1.5665146913380852,15.776445593951507,11.991429178246449,18.909793252876085,-32.536231719041375,-36.45107374648187
2018-10-25,11.603249190478863,18.099800395402283,-34.066416164882575,12.527885838597157,12.994628418162321,-6.177480661474874,16.292104832831043,8.836013607831688,17.539685006045246,-26.880698189656073,-30.768772273335045
2018-10-26,11.936428771760674,19.850576967062807,-32.888454154010496,11.097258200590261,9.773958056473063,-1.0599041442434896,14.312144386306144,9.825777263909387,16.28731743953192,-26.167412301022722,-32.967690486357526
2018-10-29,12.452565640512802,20.55927467274182,-33.04352492489935,11.125576174585447,9.258767095267942,-0.06998235718272383,13.937560800129134,10.596465730598851,16.29723715984818,-27.66146646101383,-33.452473530588165
2018-10-30,10.524544320106969,19.77398740191164,-30.73476966501594,9.449417261921539,10.99561187798129,-0.1585390898702883,13.193755568564015,9.305368677446722,13.152738269450296,-25.420617707455996,-30.081496915040248
2018-10-31,9.96492357582406,20.667403072544943,-31.890160351655496,8.287653669664493,12.12158172479748,1.3068868516894696,13.452584340520474,9.75760343326904,12.156379695080332,-26.5110699999815,-29.3137860117533
2018-11-01,10.112127795393278,19.915799277424995,-31.879274428705315,8.373805691975093,11.833168215619537,1.5101539139102869,13.472949046682857,9.91856007812396,12.219128623750137,-26.434707651736638,-29.04171056243829
2018-11-02,8.931740479645725,22.87735630985385,-32.56187315985814,12.79168733261848,7.566669602904128,1.6308907718128296,13.79841924322551,10.134327892054642,15.38934994090502,-28.10162950754856,-32.45693890561349
2018-11-05,10.752267108164418,23.477995507990713,-33.34674499058295,12.076361874910233,7.481820302853876,-0.13358466706314687,16.414906593985137,10.561692986138553,15.112414796956344,-29.96307287923048,-32.43405663412268
2018-11-06,11.085834786926839,23.452518228034194,-34.22172658547211,13.269303787029216,7.2613398330492345,-0.5832400376171876,16.392447107125946,10.479378877901794,15.613454740767125,-30.36704795233753,-32.38226278540745
2018-11-07,8.581011433853519,22.953963564723622,-34.26023674685582,13.949109425005346,7.053872156788373,0.22201724540184387,18.435946587041286,11.2321750244229,19.02410546765067,-33.26519181879257,-33.92677233923915
2018-11-08,9.539541673893979,23.023139196755963,-32.51718270385372,8.725392627196513,5.985625794206854,-0.14464814314976593,18.748760178750913,11.639572967196386,19.325298856880934,-31.22697268791589,-33.09852775996215
2018-11-09,9.300030448742802,23.398476445984258,-33.3389509795937,10.892817214646996,7.032465706074049,-1.067661623170821,19.29002184990496,11.432262821869628,19.76404345310165,-33.76780978208163,-32.935695555478205
2018-11-12,10.575206901743513,25.231451631585543,-38.41111573998363,16.66198895986895,7.466895194942509,-2.8902657078971714,19.879196400716893,13.605645631374642,21.078269861044447,-39.85559910497875,-33.341674028416975
2018-11-13,11.212743604468542,24.902011124768137,-36.20658622373233,12.904044517964124,7.210342697074594,-3.3079424597504783,19.152130190576216,13.080861457576816,21.05439175562178,-36.696515083843366,-33.30548158072405
2018-11-14,9.264245998005222,24.644043238615367,-36.289335706282046,16.70089918158793,7.287918141080141,-2.6173128561044336,20.266086420132908,13.62976596644252,22.104363292524496,-40.58102498739963,-34.409648688602445
2018-11-15,10.323319920071214,24.661574888623562,-37.282521782913626,16.61229093978052,6.428800505913998,-2.7653519990167155,19.821300513284413,13.53626027824771,22.52763068303865,-40.0272539607594,-33.83604998627035
2018-11-16,11.520260696779005,24.084833316970318,-33.64418411717701,17.21114792355992,5.419947580514574,-6.825420061744708,18.516701701664815,12.437812293216922,20.50899137706972,-38.75312989494051,-30.47696081591306
2018-11-19,11.254693540219947,24.0207082870961,-33.4960597437178,15.998712464037808,5.18380980855693,-5.758134606829088,19.23624383814574,11.904011774186415,21.240372062489442,-38.48213848758925,-31.102218936596167
2018-11-20,15.49988711995259,29.344802785803054,-33.77363714895884,11.929949323290757,1.0116475641737708,-3.69291973964863,16.210410867869072,17.54008691854149,20.24312118128465,-39.550967973639935,-34.762380898667885
2018-11-21,14.348444239318553,26.086709793229844,-34.733456139142326,9.224646385874621,1.8843952623898872,-1.5178296024030544,19.025191403881678,16.715202550772617,21.65936589339529,-38.4447704342502,-34.24789935306689
2018-11-23,15.960346244480576,27.58218882275945,-36.032317641204656,6.763981418076085,1.0213346361713889,-1.9428994070474346,19.956267444039895,17.357001323117515,21.99772594822636,-38.40413236702658,-34.259496421592644
2018-11-26,15.691345995352279,27.161302251663017,-35.80028356054378,7.2877498157885015,1.3593884276609032,-1.966765512109987,20.159167000360668,17.227195948891975,21.27813345037815,-38.2670450795679,-34.130188737873794
2018-11-27,16.254128879226187,27.26972115534096,-35.44161037941461,7.7375592341198285,-0.3928617763573783,-2.528049228189076,20.713404758533244,17.956949669201975,20.888399499096664,-38.37279033304631,-34.08485147851153
2018-11-28,16.72477719334867,27.37709342351917,-33.295438565733875,5.565735784151343,-3.9121406649949932,2.237387010807936,20.03861713877714,19.69180432425486,24.020081744773805,-39.41852250737113,-39.02939488153293
2018-11-29,15.354792656336173,25.92163179065517,-28.59061078286699,4.08016741904629,-2.645793146780477,-0.43857570816788893,18.10668185389089,18.627048706434323,18.42586256007901,-36.91725235330632,-31.923952995320157
2018-11-30,14.942519685895078,25.157922750223833,-28.890405232239722,4.390093534916829,-3.0569835082704913,-1.2427071295676626,18.990079201763166,18.70292658927265,19.18020932167947,-36.67668376498057,-31.496971448692605
2018-12-03,14.017093118296742,23.02986668059583,-28.002645074968576,4.406836188621213,-2.3850882162389127,-0.162462241479588,20.05892786706471,17.791898412351287,19.47931911396911,-37.87692394483595,-30.356821903375888
2018-12-04,15.923608353220743,21.094025710628586,-26.130221213245818,4.7023422486074935,1.311394835485899,-2.0649922491944466,23.52224123294903,16.491956387408436,22.371745008343623,-42.510863512793165,-34.711236801410344
2018-12-06,16.028327744757263,21.454449459170647,-26.38273252000254,4.9441419235412525,1.6814409712691116,-1.7398128309526157,23.98078026349954,16.76638222740027,22.9287012013655,-44.2111455267655,-35.450532913282906
2018-12-07,14.869607721028288,21.688634436531686,-25.881623608551976,3.3246889270117492,2.3183549626940874,-0.6415333778416965,24.71041882130855,16.54990686075206,22.569900516108447,-43.738562880744205,-35.76979237829699
2018-12-10,15.14394146420787,21.714181713982157,-25.71911324033526,2.683319297679887,2.177545631566943,-0.7691546553826214,24.523078195122153,16.644942603250342,22.16527932251587,-43.01265698512942,-35.5513633474779
2018-12-11,17.077014052507266,22.143262862560704,-25.565473766733078,1.275545207497629,0.18072598488448932,-1.1037375459688121,23.423270586743328,17.800262780867556,20.778502233785886,-41.26811187555595,-34.74126052058901
2018-12-12,19.317944981006065,22.526066733626024,-23.816310141265518,-0.5491842157628497,-1.877350038407883,-0.8818057795965899,21.49200526265591,18.381940239355572,18.505893459175624,-41.14228266493449,-31.956917835851826
2018-12-13,18.97286768677195,22.26091417319776,-24.75629820025278,-0.1829295738771748,-0.9778889707499729,-0.6521715773607184,21.742626717110127,17.77173942265209,18.051614023487843,-40.04265311333052,-32.187820587648616
2018-12-14,19.034598911023707,22.56996124032611,-24.24474239301074,-0.35242375106351176,-0.571330013833034,-2.8240999438067718,22.28641303274088,18.367098982555277,18.167275708646642,-40.444988183937255,-31.987763589641304
2018-12-17,13.504189280729733,22.52141686924834,-17.103482493730183,3.622386795187637,-7.611043830157541,4.260076726911237,18.730415998031305,15.466298045358457,17.62551859114204,-39.9732842763198,-31.042491706401286
2018-12-18,14.095056791626533,23.145510570589536,-19.61460314018018,4.882100131853747,-6.699416414127242,3.1890659594671718,19.721007952511783,16.255141737326696,18.872086572538862,-40.634862095297024,-33.21108806630994
2018-12-19,11.095370497909016,21.424488416167577,-15.206647550847038,7.25052908591708,-5.053840827631873,5.226701822705209,19.86240375283306,13.14926469951952,18.800220394978723,-43.27067018607979,-33.277820105471484
2018-12-20,11.04489561928142,21.37461201916915,-15.186659897149823,7.037674987153451,-5.485337902550654,4.982062668849238,19.83198293528443,13.101674560545774,18.294000041765614,-42.41926193416007,-32.575643098188465
2018-12-21,12.705256661185317,22.716227840200972,-13.94701072088887,6.021566639765595,-7.776292728726389,3.27239383101562,19.346519803499106,14.025477788577575,18.015182426041804,-41.819357340794625,-32.55996419987612
2018-12-24,13.57547543192365,23.20518920708622,-13.749946780637046,6.403587199668536,-8.285487702699598,3.082744925106553,19.44640984063713,14.457298411701942,18.621032822294055,-42.45056448688041,-34.30573886820103
2018-12-26,13.26145416638613,21.675242522020298,-9.327018776119289,5.318289669657744,-10.585200644119112,0.18201939656518107,18.297063391830008,12.234237470032298,16.17832431658786,-37.57337785600047,-29.66103365684065
2018-12-27,13.626120161488387,21.948493702262738,-9.837810348547876,4.689739148153748,-10.79489443903529,0.5242811487774475,18.292589435426123,12.878638228291663,15.693625602780699,-37.92352830572226,-29.09725433387539
2018-12-28,13.64456624937388,19.849930496076126,-11.15393636098321,5.615642695998872,-9.316499049789655,-0.041629726830535674,18.180241535025175,12.401729531758292,14.742420211285832,-37.872971452057605,-26.049494129857138
2018-12-31,11.969871301774347,19.335246851716406,-10.50412723142992,5.385681643993053,-8.914398248955465,0.10936912541676236,19.014306623260765,12.427764476583732,14.929584465331061,-39.11993074696689,-24.633368260723856
2019-01-02,16.1994958203301,18.989565397460396,-15.400303567586064,9.030454647206867,-6.730151176783593,-2.3662430659927196,17.347225760594966,9.005722804111144,14.012540502123628,-35.297191533321055,-24.79111558814374
2019-01-03,15.861441300327243,18.660658766789084,-13.426282991502092,7.555736042291599,-6.167466752766018,-2.4653619536293405,16.82956276731106,9.40650304722071,12.859213422762451,-35.760885561781045,-23.353118087023667
2019-01-04,15.08959966835097,17.809772580203003,-13.718577055056912,7.887742031737048,-7.32455330954393,-1.4380533463847627,17.517490899479185,9.601064710313551,14.038135725235989,-35.24317415783712,-24.219447746497067
2019-01-07,14.380822264405069,16.207951256034335,-13.102817200712096,7.895406541031605,-5.767083495775978,-1.9646612398394865,17.5269577706258,8.851005042666188,12.925961939967578,-34.1205718515859,-22.832971026817155
2019-01-08,15.071260397736523,15.493308391127911,-12.914376696652397,7.064566673478424,-6.194414928848687,-1.7191281465210437,17.588744946826424,9.63823218026819,12.389190254635707,-34.238955706374554,-22.178427365676484
2019-01-09,15.643396933058696,15.078781476386894,-12.87855034111729,7.63643213237782,-7.074493124308461,-1.9541997278361976,17.387014741083732,9.984182272980618,13.344955916135902,-34.796705611798345,-22.37081466696334
2019-01-10,15.136306101397949,15.118740122875792,-12.18980310070215,7.7718515352311215,-7.4851520454891585,-2.4364940142174305,16.755042802326926,9.776989067166042,13.463087185214263,-33.82720253513092,-22.083365118672376
2019-01-11,15.94464300305087,15.962897133620473,-10.971508942436998,6.833682737926225,-7.976218244787205,-2.01055243263518,15.262787694036689,10.805009110701405,13.877000182916632,-35.62234016419049,-22.10540007820248
2019-01-14,16.040242304767546,16.430503340211146,-13.944771179522448,8.531052408565259,-5.535772210976987,-2.9593783534269704,16.966119090623806,6.63782520710933,14.013721370300061,-35.23662044637255,-20.942921531278188
2019-01-15,15.42282631947252,16.558067630639897,-15.857461863567323,8.11705693997068,-2.7554385606632366,-4.062498762381793,18.60759327064558,4.265796630215576,12.863798429969165,-36.36316585796041,-16.796574176340663
2019-01-16,16.641165290001155,17.98752496339442,-15.61368453856177,9.946558695948482,-6.901158269187249,-5.1121550616504265,19.298783421976225,5.878780362819228,15.103622676071154,-36.79449465043446,-20.434942890376774
2019-01-17,14.620523372219338,18.027780658186757,-16.323355988939042,10.929862316612102,-3.305402698240613,-3.861452778903981,18.550940793820104,5.193173202690971,15.867257888592064,-37.6625964925631,-22.036730273474554
2019-01-18,17.17663286232805,18.866805972031443,-14.840686894662298,9.213998995995851,-5.183489783540509,-4.3141370488643815,15.779131002820066,5.840540543432951,12.620044857709118,-35.733931252697595,-19.42490925455268
2019-01-22,16.499280569995307,18.704948632088005,-14.343674032121442,9.7120576411521,-4.708062127043149,-5.640473180602129,17.17729548365729,5.9111164396078095,13.826891832746114,-36.96902301141225,-20.17035824806765
2019-01-23,16.89253857704928,19.11852333006567,-14.360891734570998,9.904280974524454,-4.622602901082061,-5.499890672449283,16.760617210446128,6.401134887464721,13.984605393993718,-37.632506794486616,-20.945808270955
2019-01-24,17.37740849208737,18.25385945864025,-14.897706361198104,9.028825575842589,-3.9845532297669735,-5.5821285272647145,17.02617312793363,6.471652424470264,13.982827799539251,-37.12483443951089,-20.551524320772693
2019-01-25,18.760776287904932,19.99406555127341,-18.109500964860644,8.448431016374059,-2.8573785740528024,-4.544678777210805,18.35829055110267,7.778607601704962,14.939201165104222,-39.15657483573418,-23.61123902160577
2019-01-28,18.723403940197997,20.182610923661116,-17.932810385003393,8.603076080031727,-2.873291989683395,-4.330849508863594,18.47298904304776,7.826050786565844,14.813710595911502,-39.84078756339561,-23.644101922469936
2019-01-29,18.014014905442153,19.8203082592958,-17.871856823770045,10.961228898879511,-0.6043460913468266,-5.412208873562776,17.97082363414441,7.790580005829142,16.56377263950033,-43.664868927125255,-23.56744762728644
2019-01-30,21.450574769291748,20.252119239789053,-20.591310637527002,4.1738235403743715,-4.27380209333289,-2.465027788909836,19.57304849040287,12.586559567455168,15.962129919800248,-39.50708150016852,-27.161033507175183
2019-01-31,22.820793266271508,20.31785430057701,-20.25073072920135,1.6710046025578436,-7.868355985116295,-1.2067465587306003,19.069625676723476,12.082387625231178,17.198551609970067,-38.18559255254242,-25.64879125574042
2019-02-01,22.782060774765966,20.561891869411127,-24.620497164516422,7.394722868610188,-1.4657657727124445,-1.551831454858572,21.563126379694708,13.682722179042358,16.651827431735285,-45.28389792819177,-29.714359182980417
2019-02-04,23.01721672505664,20.8911769652659,-24.08473581852698,7.574267113197678,-1.8233502833280681,-1.6140188339714285,21.481040222984106,13.792677154614196,14.889759399689765,-44.88212026047127,-29.24191238451062
2019-02-05,22.03228681797384,21.676791704745867,-22.75366283520445,7.012862385403523,0.16796188100991571,-2.465766496821942,20.126633494832475,13.505711382288297,18.64395738324299,-47.946730129776974,-30.00004558769364
2019-02-06,19.558803114631274,21.743313011364364,-21.879099364077987,8.131609939503178,0.5502412432402224,-3.339276892308206,19.92770310816458,13.918925320838667,19.28576013155012,-48.34707756492465,-29.550902047981545
2019-02-07,24.1181670995703,22.473568694152576,-28.21060326904518,4.020638346895495,0.8891658932768252,0.8053954748849605,20.740827836508927,15.764980315789344,15.68328648380485,-46.058479813893875,-30.226947061944152
2019-02-08,24.235261498229363,23.45009562100593,-26.505672032119456,0.4903919574901039,-0.31450380650316845,1.6283753227944828,21.47844859036374,16.067123898126468,15.455291505309646,-45.27408673866726,-30.71072581602988
2019-02-11,20.303241929700135,25.81974860662062,-25.01831273356015,-2.9466667745860917,-0.8044781242121957,3.3591305197236636,21.603011996461376,15.904408468230315,15.617481507083028,-43.69362555247682,-30.14393984298392
2019-02-12,15.242838728522855,25.722017626716635,-24.653469598688844,-1.0274803280777007,-0.6773714359305671,3.796363987197495,21.66115336773882,15.794833509808797,16.152954502631403,-42.990629800453725,-29.021210559465196
2019-02-13,19.005834372141365,26.157945720635908,-24.44106683085348,-5.172683039274432,-0.16514151742319427,2.9858034345064084,22.069613552058016,18.479175498113577,14.590210184211045,-44.390514955536965,-29.119176418578277
2019-02-14,19.698611581545265,26.635940852767746,-24.88789811118972,-0.08372504927059765,0.22870318983275695,4.138316416120858,17.91487924389469,16.34763305643493,13.231667535047322,-41.748197046693406,-31.47593166848978
2019-02-15,19.457732390784884,26.137511285411435,-26.265644797484356,0.3620458282098298,-4.503345447671194,-1.165936183832116,21.03994612364616,18.43769425290337,15.094115818406024,-40.19509234864439,-28.399026921729728
2019-02-19,20.692827000840822,27.466739650730077,-26.866200843179165,0.396719016313682,-6.194906541608503,-2.776797331332574,21.051416628935854,19.62046025457414,14.574852362126265,-39.836166966585324,-28.12894323081524
2019-02-20,21.4968622728706,28.560362749564433,-27.793296457782247,0.47798622901834165,-5.397551586752513,-3.569473366327699,20.172640139716634,20.02004323746462,13.704536705563271,-39.63702204299604,-28.035087880339375
2019-02-21,22.067659192410147,27.554458714795615,-27.918628836234006,0.488354323371027,-5.239284819418657,-3.4203540538247097,18.832749667951035,20.066985969336002,15.254161270750757,-39.387722645572865,-28.29837878356438
2019-02-22,22.295303839161903,29.819598186204928,-27.80898387851414,-1.1613029029335848,-3.8238645816997234,-4.540085770950554,21.034916573451426,20.58025518890794,15.67659183953343,-41.64346911179059,-30.428959381371058
2019-02-25,21.204994214692192,29.830563175472378,-28.313874152526473,-1.0717063548094359,-3.5412011046083336,-4.191241778236332,21.207095073687952,20.609433782169845,15.24710816864031,-41.11066317489461,-29.870507849587483
2019-02-26,24.572952698198847,32.46851358933391,-27.089748548211404,1.5322618874510567,-1.6239394770449138,-2.1343011162768875,-1.5029762945849399,23.654824307777304,17.727428279023314,-39.7397977462915,-27.865217579374757
2019-02-27,24.84458084288393,33.23316088270735,-26.38068021706718,-1.8968381746692557,-1.0379264879658052,-1.6458946309630278,-0.3575155297594108,23.749795139461753,18.11539099054019,-39.714539238596196,-28.90953357657237
2019-02-28,24.140563343136108,34.4128585334236,-25.19238065876756,-3.3037732846512,-1.103572995854364,-0.4920751980849474,-0.5545133634642951,24.163843459046078,17.427384207971784,-41.18873800293823,-28.309596039816924
2019-03-01,21.44776081695447,34.731887571960144,-24.4787710685463,-3.0395257222447327,-1.5807368026329272,-0.12064173666082922,-1.0362636822696487,24.158073165622483,17.77929696914127,-39.814983274176335,-28.04609623714758
2019-03-04,13.308800889351133,32.23221844475982,-20.64038070903422,-2.805572224808344,0.3055519258484054,2.4155649686792486,-0.0405749005559386,21.54008785285143,22.610585075389935,-37.99995773776804,-30.926323584713444
2019-03-05,10.495088286437095,34.10314463355179,-15.16753474922821,-3.3652083149922447,-5.102723929043876,-3.595095758772274,-2.0551881651307156,21.97751529012045,23.003055763615436,-36.27887192618826,-24.014181130369202
2019-03-06,10.66349515901176,34.774681664284955,-15.028456669436807,-2.6202965833534364,-4.22918126362265,-7.257062613798922,-1.2768430302562308,22.486986414994064,22.93623628455103,-36.11731459384928,-24.332244768524433
2019-03-07,9.762741828834493,35.09070927931897,-14.91797829073306,-2.5902100223425037,-4.602930774989005,-4.537099785984481,-0.8011542727083025,21.473894001979914,23.025299149040023,-36.058022359673686,-25.84524875274238
2019-03-08,9.724634888934105,34.57296287132054,-14.947758867078235,-2.337204307223388,-4.422733480933957,-4.664235833656406,-0.7398384555542208,21.04834130593892,22.953558776865222,-35.914198350913146,-25.273528547699428
2019-03-11,10.506549600995086,34.54840691982069,-14.500670565860787,-2.6262015501864227,-3.9762294897910095,-4.4358890264658015,-2.4669822024463883,21.435009119524466,23.41355808183873,-35.91213100461143,-25.985419882817126
2019-03-12,12.338722710048273,35.97062977497754,-15.578748557268952,-0.7073306039794147,-1.536606896842457,-6.874305674453936,-8.554313508627345,17.057382077655888,24.613786368551075,-35.25240840659757,-21.476807283463202
2019-03-13,12.301427915813107,36.236515237912,-16.211114290224444,-0.5830675780381682,-0.8085637524174842,-7.806266115914482,-8.384966939788555,16.985021149968972,25.118745217293267,-35.01234927351745,-21.835381571086764
2019-03-14,13.787584293498824,36.39820707196826,-16.654752288824696,0.2560270730459848,-1.758030046610699,-9.509727995553092,-8.88174273016115,17.276059215683276,24.751397683841276,-34.294236435908815,-21.370785840979153
2019-03-15,13.394601951567992,35.92211842805763,-16.748736488750836,-1.7269041651133392,-0.5917395965924612,-8.787100818835512,-8.057881999271657,16.429769747412863,25.1730249202177,-34.74370829772587,-20.263443680966517
2019-03-18,12.55759133980456,36.430257071077676,-18.673004854398187,-3.0365095361392633,0.16377912966416375,-8.081670923887572,-7.893436110461536,17.362449293940358,25.58287046818046,-34.79693082566267,-19.615395052118046
2019-03-19,10.338613692790702,37.18722371409113,-20.9467644147623,-0.5106366713020947,1.8453194916765057,-8.375963643195135,-5.991928374017434,14.145166880909244,25.442682082508995,-34.976647273380706,-18.157065485318753
2019-03-20,10.016515029313524,37.252500146592496,-21.94749479299427,0.19822917267656237,2.9946297271510787,-8.52528695823014,-5.717674256244948,12.90454416897498,26.006748883437666,-35.566859872079846,-17.615851248597224
2019-03-21,10.237681215357398,37.58720274175235,-22.024190407961896,-0.15614434576873748,3.2974472028302273,-8.379691496481499,-5.5325023388725185,11.877169045708811,26.195760760587135,-35.61433346277184,-17.488398914379395
2019-03-22,10.41578116785179,37.687797939057916,-24.056463030190812,-1.9777287836305106,2.8118322185978997,-7.453909310671648,-5.951763612837411,14.184408307188548,27.1257937752586,-34.627293002389486,-18.1584556682348
2019-03-25,11.347082821930485,35.03439529660888,-16.98363838643472,-1.9978344184496564,-3.5465309466421786,-9.339875552149948,-5.819197040156297,12.145290459459801,24.221790299072794,-30.868007223481015,-14.193475309758114
2019-03-26,11.524556699805473,34.97887709551077,-16.95355863331187,-1.5996866041046758,-3.585296728943206,-10.429374984877512,-5.428776092425721,11.598201201843324,24.63195937424102,-31.094753306022525,-13.642148021715023
2019-03-27,13.07052919880978,35.91251148196916,-16.75269970754941,-1.4881575893896724,-4.200826083675423,-8.160273936548592,-6.084378004148661,14.224158766385983,22.657381003576077,-33.86908335038922,-15.309161779040089
2019-03-28,12.652312333705709,35.782761712295695,-15.995738463186072,-1.4957038262790405,-2.7663418276507485,-8.696373036344696,-4.707693620389122,12.77551799064426,24.821134269146043,-33.46615570437776,-18.903719827564267
2019-03-29,13.072275230035302,34.54617229030555,-15.473991774585087,-1.8148528619483386,-2.349746953518377,-8.48535136074868,-4.64473886304792,13.102019292113809,25.29829779770496,-33.55329418286742,-19.696788613443836
2019-04-01,13.49942572854053,33.83467181986795,-15.452119179873847,-1.5801339900521896,-2.8218015822043725,-8.311829037395114,-5.28249786602602,13.119811283980624,25.99063190477996,-33.80829135423498,-19.187867727382553
2019-04-02,15.653029098318186,35.85277216692772,-14.055366013457231,-2.413621951776662,-4.045817031131833,-7.540666967925787,-5.41500099098792,14.140778406012316,26.701111558184294,-38.661019688923986,-20.2161985852391
2019-04-03,14.20015641678063,30.206013079709507,-16.006437690891346,1.3171124303832613,-3.3453673743471057,-8.950000651087663,-6.702363655349913,11.912935753018402,28.455462463423018,-33.195712165798156,-17.89179860584059
2019-04-04,15.222662996835894,31.764183069867002,-14.75961425745679,-0.26947328328809306,-3.0831424441106066,-8.975444184047205,-6.76748574991467,11.961663037485948,27.641908037901004,-33.2910088112279,-19.444248412044644
2019-04-05,14.847697283073273,32.777225940585836,-12.492798033339241,-2.932654367123561,-2.1475763442983578,-9.085248979512883,-6.2187810656610765,11.30306222276279,28.6387390942851,-33.197091729493174,-21.492574021278685
2019-04-08,17.699667465233333,32.15251657364679,-11.258790230956237,-4.99473722588553,-0.729974310363275,-10.114567482405448,-4.979145229339423,10.131241644891205,29.7556372027301,-34.43923561278514,-23.222612794766384
2019-04-09,18.33589654498698,32.03872219362576,-11.125539939609595,-5.680633781498983,-0.09016302363998818,-10.19540283689328,-5.002066905421543,9.702790553252541,30.63407322999562,-34.64862099947464,-23.96905503532289
2019-04-10,18.706765067208067,32.13270683521493,-11.194022665266743,-6.148160776635763,-0.20106765991214104,-10.307534036184023,-5.1672468321148415,9.939968074887815,30.75465346487657,-34.25540248520946,-24.260658986864392
2019-04-11,19.637850604043578,32.54576799327586,-9.668489571610593,-6.605628183540944,0.7315595351415709,-17.508211690447794,-5.478288593371175,11.472965802816333,32.952800847632844,-34.01818580733949,-24.062140936600173
2019-04-12,10.826397856952283,24.31191431732107,-10.824809009626591,-1.1960482911178758,3.164682529293316,-8.963487276088017,-5.1521576595116585,8.749472739639202,30.427108958065503,-30.015193900209276,-21.32788026471796
2019-04-15,14.922026667614617,27.045076763337804,-9.644469501155342,-2.7915215815449415,0.44420661820400653,-12.665539062235013,-3.917420583882219,10.679443275959926,32.81302934882916,-32.63755856902144,-24.247273376106598
2019-04-16,13.5154059727588,19.816011066235276,-7.164358177835723,-4.022851791984706,3.572292757399424,-13.206673988948438,-5.441718453407631,8.981762474446128,33.69151253685767,-28.369327246273556,-21.372055149247245
2019-04-17,17.348010584532148,26.286390338476906,-6.055678601298268,-0.46851586084923724,3.1349120523202316,-27.008607083456454,-2.8829366825530087,13.105373203582815,34.12152615661064,-34.05511842039833,-23.525355686967416
2019-04-18,19.667559523438328,28.7437361100515,-7.335872394006941,-0.31030023130175266,1.703162831148063,-30.4289350385731,-2.1143774385726744,14.432271245654746,33.903560118440936,-35.475147204572366,-22.785657521706753
2019-04-22,19.176018753232242,28.4034589390899,-6.056464599691466,-0.41724008872461127,-0.5739647189708705,-28.664143789108643,-2.2327327678658975,14.942608817405542,33.959817430026746,-34.74450197682508,-23.792855998567894
2019-04-23,18.783736880078237,27.574652099087572,-7.631624341373708,0.987481706720871,-2.746669748790282,-26.537109060440265,-3.2526697739765495,15.255660890372766,33.63385487604923,-31.190295035167082,-24.87701849256075
2019-04-24,18.993370559154172,28.09151760315548,-4.857281228331132,-2.0846068444607226,-2.1005660000364372,-28.79956568059434,-2.4352262528361592,15.722561831711317,34.385459973579756,-32.56977145419286,-24.34589250714903
2019-04-25,18.89167903926851,27.689459890282492,-7.376836775322644,-0.9372277454695421,-1.7356883858773529,-28.415820894534157,-2.640571197195726,15.423814966854167,34.73573799035255,-32.14607001610698,-23.48847687225129
2019-04-26,18.700588934032197,27.55493679560668,-7.832099434862911,-1.2349235048557574,-1.6181817360305075,-27.915313642412407,-2.509669189661736,15.672715815761151,34.85009333147181,-32.57641003649855,-23.091737332549997
2019-04-29,17.475763273077405,27.778417763346468,-5.820005430302061,-0.5950422870789254,-4.6451628095937,-28.603222368573583,-0.23558034309785114,16.739702532696242,34.268254158299456,-33.31188907065739,-23.0512354181161
2019-04-30,19.49832482740544,24.882388353334463,-8.055770575359503,-3.6641082004250762,-0.7152501398856401,-27.84422808655657,0.05962493665882107,11.433576548144401,29.650872913429964,-26.550488279736896,-18.69494229700946
2019-05-01,18.567201160050004,24.483420850543794,-6.414689491402768,-4.020022476797536,-1.4382528263659253,-27.931432316981322,-0.28663212911743585,10.739957900203308,29.56709895585317,-25.350619814964887,-17.916029811020408
2019-05-02,18.86034176291392,24.735031210743998,-6.716177804066788,-5.014457826890734,-0.679843284544603,-27.705422711266742,0.3837210205645505,10.49177118742098,28.80945373358611,-25.189944948495054,-17.9744723399656
2019-05-03,16.22162946858964,24.228764361548926,-5.4806752657550675,-5.718369376135129,2.0235858956009736,-26.742726725220905,0.9514983120921414,7.8289955389459465,28.56414085872852,-23.948479898955675,-17.928363169439393
2019-05-06,17.09558974485421,24.486636433128552,-5.641519850812216,-6.9295229863531205,2.024956669380799,-25.98222655200309,2.183169909366157,8.586280623546216,28.42042758136239,-24.967564457683977,-19.27622711478594
2019-05-07,18.859088234500888,25.178394870069027,-6.853890476261398,-10.603918197915462,3.2598885146576464,-22.17702897801435,2.892112663653336,12.071183702958834,27.689767505711416,-26.10905695356955,-24.206540885790368
2019-05-08,19.29547286451856,25.00007348574681,-7.909378573957525,-5.503112725630146,-0.5775062529251613,-25.283030616295633,3.4160285844812535,9.900010652897194,30.313468620574966,-27.323492109104876,-21.32853393030542
2019-05-09,16.30238311256913,25.673464468334174,-6.300548208206763,-6.445816600918192,0.46789518116433726,-23.453945926108418,3.505238889515752,10.773969461526107,28.224094319933158,-27.869298034441584,-20.877436663367668
2019-05-10,14.78898953306053,25.563542690236275,-5.478186351281124,-7.456214089000312,1.1393711722803914,-22.345032285334092,4.714871017801656,12.951763867781551,28.31048036800715,-29.267316150675256,-22.922269772876774
2019-05-13,14.83231058229157,25.993350958971803,-6.248147984992045,-6.091624485823587,2.069369497276938,-23.569011948828738,5.132465093302656,13.22516900028431,24.361474609597067,-26.652446040281582,-23.052909281798428
2019-05-14,13.369567886521267,25.09631992813057,-3.4495234978585074,-5.308263331516656,2.9581205207215078,-23.64728891869013,4.00150636571928,12.037148096005367,21.864830460201432,-24.329206936059045,-22.593210573175057
2019-05-15,13.329953805974966,26.10579722716217,-3.024885755538463,-5.1698715322842475,3.17811582034075,-23.794501642594057,4.830860684330503,13.088169258367671,22.616356894404163,-25.261004284998137,-25.89899047516529
2019-05-16,8.926427191819158,25.410483589060007,-4.471098759472582,-2.477618919653665,4.317539524722463,-24.934716371704,5.2378999528834385,9.76969117887164,23.40752927812389,-23.880197852379432,-21.305938812270902
2019-05-17,9.42801498083793,25.628159089847884,-4.267223700823948,-3.1821403928210543,4.45659633876862,-24.75338117859505,5.364161478865725,10.124399005621441,23.314207860973184,-24.797294625128885,-21.315498857545876
2019-05-20,8.905373916129108,25.10015877302648,-2.8205555527819968,-0.28460585802773153,4.637041206206035,-25.952072797163694,5.679476899811931,7.721773659741359,23.835377116882725,-25.583072353746324,-21.238895010077854
2019-05-21,9.058320938223105,25.0876091161753,-2.6836203963813574,0.1449873608935235,3.835927996906861,-25.924143234410785,5.627875059394285,7.538236019959626,24.086291398922356,-25.841210331596564,-20.930273928086343
2019-05-22,9.157064667617462,24.079034049315695,-3.110645920649148,-0.027133802202158108,4.784436003618993,-26.308432007708923,6.1412324784866,8.263615772978298,24.034732574324778,-26.107288783110064,-20.90661503267151
2019-05-23,10.318418109303664,25.99614611846856,-3.92703386777103,1.8443746784920592,2.0020445677360925,-25.472702714924274,5.0382006893484,8.65369858519557,24.641450313954323,-27.095708747265206,-21.99888773253818
2019-05-24,10.4769019463033,25.85123738416557,-2.2892131009229786,-1.7542450106118679,1.9920213216143736,-24.324021708620947,4.803831013230052,8.555616856480555,23.230052527886087,-25.734502992326817,-20.807678237197337
2019-05-28,5.579914008227064,26.995214964576363,1.3771727579150337,-1.1590334523570363,-3.022498506993074,-22.74781515642041,5.176649836441541,7.699705787133908,25.021106500109425,-25.900100012342527,-19.020316726290346
2019-05-29,6.9952533023228085,27.188250903055007,-0.0940379731773362,-0.1505576489703202,-1.957038589634024,-23.307677275599772,5.474958774902859,8.643861233482824,25.748521220491398,-27.1224975965535,-21.41903635031995
2019-05-30,8.44325228165259,28.181435760226904,0.6187636530981564,-0.7830055000924858,-4.780812468189239,-22.118424797587664,5.414604427116785,9.850859026172998,27.49193467753939,-28.603543443036166,-23.71506361690122
2019-05-31,8.350542061175844,28.48014091877154,0.793562454207347,-0.7159897685674252,-5.606841260016793,-21.94681218394136,5.111086547809151,10.074103411574981,27.479068950660675,-28.57629699812506,-23.442564133548927
2019-06-03,8.277998634246998,27.97205814857982,3.917206738162193,-2.5393161486915545,-7.068215181661728,-22.339633200770827,3.8176097039453083,11.392605254072066,26.004629429971928,-27.185566965421977,-22.249376412432213
2019-06-04,10.746840678199419,27.69842680839045,0.5393890249430768,-4.283462317735911,-6.874038233242828,-23.447876752631757,3.745736568074875,13.548402742044317,28.657893262635938,-27.808416512315816,-22.522895268361793
2019-06-05,10.570618184554448,28.605766442072664,-0.15921677341620466,-4.6222770806030695,-6.54697646446985,-24.03115367479286,2.752106906619332,14.120800607456488,29.786100779029667,-28.055383559464026,-22.420385366986615
2019-06-06,11.856626685740665,28.53648882276886,-2.1632861872433296,-5.7595241166954025,-6.145693908473163,-21.95235652909149,5.302850387388574,14.531497820619592,29.181269835080386,-28.555638901722595,-24.832233908372125
2019-06-07,12.328862916889975,28.225563193755818,-2.417668489029566,-5.936000074430254,-6.5849249045261615,-21.07318046602802,6.333474374072736,12.991068306564145,29.407422803540868,-27.08552620051463,-26.189091460294925
2019-06-10,11.092436248632993,26.082814937340757,-2.692963989649243,-4.82787207914788,-4.325428859794556,-20.61460463681803,6.20686280857592,10.916632566134908,30.785162520185423,-25.880319819242665,-26.742719696217655
2019-06-11,12.206800009056764,27.674728329275467,-5.219479157798176,-5.255882127248412,-4.088121072556092,-20.6422889382145,5.887876211701823,11.977182524480241,29.73392276753043,-25.90985163385217,-26.364886912375447
2019-06-12,11.667426352270923,27.46478055465043,-3.9683065380682763,-4.260884136766833,-4.891833454344308,-20.135198230318153,4.606236601981564,11.34136418817154,29.928473259174183,-25.095641151162624,-26.65641744558843
2019-06-13,10.988270135698755,28.28335896492736,-4.557240513319286,-6.994240226604475,-4.682683836496864,-19.537293326143853,5.597598379510885,12.497508631441221,29.357678121167083,-24.83240020923862,-26.12055612094219
2019-06-14,10.230813915609659,28.051672777289653,-5.252334361203765,-9.119933223423075,-5.083480346177595,-19.250076508663625,6.104717488032264,12.900583362146463,31.651331242584405,-23.546109577494164,-26.6871847687002
2019-06-17,10.174141790134996,25.736626830580306,-5.5138404435799515,-7.555978031473472,-2.985204274011423,-20.506093067531417,5.277427444287966,12.428813840921421,31.191458737515205,-23.79793015885047,-24.44942266799312
2019-06-18,11.366887900353788,20.854015299878768,-3.614312551585769,-5.4040476678129465,0.9814606290569543,-24.220836455565276,4.1006599071092324,10.4571134339825,28.423076895769057,-22.86879111191753,-20.075226279268804
2019-06-19,11.890691821044058,22.29877137415805,-5.655196596803151,-4.443489830083308,-0.44968816436072245,-23.080908820552615,3.5870429485016473,11.16566770336469,30.81960995540321,-23.937263206008694,-22.195237184663185
2019-06-20,11.74429946829136,22.793105455095628,-6.310103426315621,-2.9756399845136485,-1.3306416575562139,-23.5853017698738,4.640954251151314,11.901157218663457,31.672354171470516,-24.889647199982946,-23.660536526430043
2019-06-21,11.583441009261222,23.254945334984086,-5.75134594129743,-0.6375569812511941,-1.895747687386475,-25.548292003506454,3.775443867418005,12.00496099216565,31.583460138454797,-24.074391475073767,-24.294917253768396
2019-06-24,11.597821563493454,23.81409514275161,-5.559945549155984,-0.1846897994574448,-1.817799556306312,-25.86352010179592,3.6339889628155646,11.355719870537783,32.648183941130654,-24.451567677604977,-25.172286796408372
2019-06-25,9.516630360915343,24.108650161037133,-7.536244987565894,0.7176685574618915,-0.3197743731540328,-25.302638633837624,4.45877669020544,9.595204619996707,32.94242234468628,-23.430131024099886,-24.75056371564534
2019-06-26,13.093533571378615,22.305577527548934,-7.904679039287771,0.6450561287557974,-0.8910060305768752,-24.068943068010483,2.0086106865505826,12.071486587668659,28.49933343280324,-20.984403900040597,-24.774565896790065
2019-06-27,8.38292183751129,26.773686673455813,-10.195995611339725,-2.6648644851078416,2.2499649568618594,-27.26570944252542,6.490241376099519,13.272448998730596,38.60227515611298,-25.19321067336503,-30.451758786434056
2019-06-28,9.138289718754095,22.095319364590452,-8.821008593765612,-1.7889787486284945,2.8466188830368537,-26.114103170193715,7.258114368195308,12.9843517357331,37.19711980800935,-25.28495040521466,-29.510772960516718
2019-07-01,9.890118121081926,17.522877885926377,-7.755825731844425,-2.080280885819036,5.567952255335285,-26.810152685016625,8.822119772113197,12.230818813997416,34.85299359779533,-24.802532460127395,-27.43808868344201
2019-07-02,10.593540610368777,17.657952527300367,-7.540542844974894,-3.028947214867216,6.328852480034854,-26.329483884569534,8.108000410352943,11.827849973018502,35.50308470116164,-25.71882982519567,-27.401476932629784
2019-07-03,11.080093502099274,18.04308846285018,-11.101519030308864,-5.746392195373431,7.7855938475698,-26.21514589802085,10.759667329588382,14.697662192715711,37.60243530432666,-28.710284741083484,-28.195198774363476
2019-07-05,10.611948857326297,17.753674147218135,-8.640658044180228,-7.450922458923358,6.596864617986441,-27.080087515921967,10.187806717765781,14.101253835605064,36.646416348982456,-26.363526257211596,-26.362770248647067
2019-07-08,10.054594457726822,18.292875838057725,-10.051388898174991,-3.6826652864148315,9.175657878654562,-25.672647552318033,8.523760371428779,14.638058006646006,36.18757629785679,-28.97945280503454,-28.486368308428325
2019-07-09,10.075950286740209,18.5337917945579,-9.706292154276554,-4.559870667159373,9.486684454024527,-26.561916781094943,8.17508586499477,14.994255427564198,36.405554255366795,-28.621108676310207,-28.222133804407243
2019-07-10,10.340613768219612,18.238137938386814,-9.707947167278732,-5.40446415746608,9.875550761670254,-26.748920414840427,8.337839626088183,15.163271994571758,37.06277702241832,-28.66534037976264,-28.49151899200701
2019-07-11,10.895919957649326,20.357946236263203,-7.663443463312348,-7.028358535131076,10.592191828832952,-27.316835884043797,7.373982498866525,16.140664242613667,35.580197179997484,-29.329058212815397,-29.60320584892054
2019-07-12,10.901111956414553,20.38774066439497,-7.35632139493984,-7.048169097551721,11.187756214538496,-27.70185771475363,5.358918412143652,16.686321104864447,36.09494392583039,-29.109511655878833,-29.400932415062556
2019-07-15,11.095511784585568,20.418517846560107,-6.6372634691433205,-7.106485204885232,11.588720077866284,-28.69624933153161,4.419637805200097,17.039863465153985,36.554526231793545,-29.25754006833089,-29.41923913726862
2019-07-16,10.732748230340164,20.40385078849802,-6.503037057130527,-6.198020666708388,11.450030793071633,-28.669221180361532,4.910480326730891,17.019382546275708,35.98198332625127,-30.04854886974927,-29.07964823721803
2019-07-17,10.028093214424416,19.94552686961103,-7.537518536729223,-4.173344460172743,11.129320988869068,-30.42940942427768,4.702670479713106,15.82431579123734,37.4097579098073,-29.387233760984174,-27.512179071498437
2019-07-18,10.018915639944538,20.10149793184361,-7.842686504816982,-4.564049939582176,11.345013576517175,-29.990720611301406,4.375294803575656,15.794399677785961,37.44870143291165,-29.378489267811197,-27.307876739066813
2019-07-19,9.61023967588848,20.55076678384721,-6.549215833501165,-4.807995348066271,11.20087141449254,-29.298843153053227,1.9269896147808225,16.35557932893849,36.386534325671974,-28.934883835483014,-26.4400429735158
2019-07-22,6.529156173643912,19.52902251919457,-9.59744570826851,-3.1698579108539207,14.986317566161759,-28.9677387464435,5.920467580819576,12.781427633397627,39.937469489148725,-30.743944442423043,-27.20487415437716
2019-07-23,6.518445390970115,20.07521548476565,-9.14452482616423,-4.144666587886874,15.084827404369051,-28.669394143064146,6.206359727360962,13.006486804659275,39.2681891959688,-30.685030552319787,-27.51590789865883
2019-07-24,5.179580424334262,20.72504200188382,-8.433014971860246,-4.127431620966135,15.161147118286593,-28.38710593880367,5.471339604753126,13.518350977300202,38.315524767693276,-30.55970250714401,-26.86372985547716
2019-07-25,7.347263240162491,20.414315090827586,-8.600303527812613,-3.3534936351937006,14.29076584224886,-28.059535041727592,6.885590496104612,12.880292464753737,36.43610662836301,-31.420725974391374,-26.820275583335125
2019-07-26,4.99792913886219,22.378828928211306,-9.468907273271427,-5.516915124543928,15.655787278572305,-26.2931872521877,7.444301152876619,13.256857162843943,34.66583549495547,-30.72098080863163,-26.39954869768716
2019-07-29,1.498185107702426,23.51375925239087,-11.848678737931152,-6.980824297287413,11.900467025606574,-23.70083182454794,11.189299422190786,17.704994789050488,33.452605949908374,-31.577675739742908,-25.151300947340083
2019-07-30,1.1970216728835652,21.701813149775262,-12.836822953218928,-3.5830532851932304,11.8204191790484,-23.683560285832627,9.849860021970926,16.663669123204613,32.877620597643926,-30.13522873946191,-23.87173848082
2019-07-31,-1.5277831126346513,14.37105457673897,-7.729467745226884,0.9675339422249891,-0.07313679472564161,-24.820728056690086,12.792822563749837,15.366805155653708,37.17996371011429,-28.41417232968019,-18.11289190952428
2019-08-01,-2.191349348467753,14.055555823883381,-2.433429140233173,1.336303825505766,-4.453484134471836,-26.825702213163957,12.6343159867627,17.38132530590714,39.68436521791453,-29.492447625957546,-19.695453697679312
2019-08-02,-0.8980521314093011,13.656913353730204,-1.9410874017241753,-3.647290549199198,-6.276600363765809,-24.184865816350133,12.517788934380008,17.28128645192237,38.92067503647945,-28.25151126771148,-17.177256246351966
2019-08-05,-0.9171192187719015,10.757925258382159,-2.8562100640558867,3.5351163288747784,-2.771698090199493,-24.902350700683066,9.96628826761399,17.41630047858203,37.070004731088005,-28.21552199721971,-19.082734993610856
2019-08-06,-0.22960140553017538,12.270767114835124,-4.285093312930641,3.815066917979877,-3.037293624236554,-24.309098772941653,10.8760922291236,18.507005962409394,38.096834708508965,-29.106670385919763,-22.59800943129816
2019-08-07,-0.9228460241807568,12.501197869849179,-1.9743499321663336,1.3590653342189682,-1.4665883734357408,-24.358187530423386,9.183024941301511,16.629517098178837,36.26774959250584,-28.051042070918918,-19.167540904929197
2019-08-08,0.04058190502550474,13.45586554438141,-4.333517977648242,0.6172178966190955,-1.085223267009951,-23.578099768555944,10.214875065264764,17.773725020789726,36.50269524023062,-29.727960517748684,-19.880159141348265
2019-08-09,-0.38262183883061596,13.554065546311904,-6.372042227507293,-1.618535305059737,-0.3236806147381657,-23.48136659164433,11.525210661191423,17.64883363842104,38.21215903813986,-30.100759243452963,-18.661263062831097
2019-08-12,-0.612896236146824,13.587798692321186,-6.13056195043967,-1.444596274098501,-0.19898594505856693,-23.401205689800967,11.531863550370531,17.674403881344517,37.54188054240218,-29.93636977644813,-18.61133079444579
2019-08-13,-3.029560530626199,15.38669333168393,-5.3425709600453075,1.071929442092184,1.932039614335153,-22.276351396435558,12.479496812917972,18.495579929596317,43.252298370180284,-34.96564979293261,-27.00390482076616
2019-08-14,-2.8119047148281027,14.928219563946485,-5.151710838320284,0.6062542509582869,1.8969298070678633,-22.270005041583417,12.47538206827025,18.298663013088003,42.48235921896172,-34.12158892677468,-26.332598400786168
2019-08-15,-2.701301817845291,14.496561283182402,-5.169040842142266,0.6388469388904383,2.063016492642845,-21.878737077110408,12.756111230556058,19.204995886047726,41.62256702189673,-33.552462117601564,-27.48055699851662
2019-08-16,-2.055335639929737,13.262857263174368,-5.862612365122203,1.0244887798951936,2.1668647481308483,-20.792067888630356,12.74252717230543,19.96120953896674,41.04977751937726,-33.45831972153215,-28.039389406635372
2019-08-19,1.036292450459996,15.434515962210057,-5.655709773966635,-2.4166122078549677,0.3209978904181128,-18.087572232908954,12.81759489083791,21.047504098414194,38.01450803413012,-33.22429242134979,-29.287226690390042
2019-08-20,1.270111475493195,15.492646836530398,-6.158785927224187,-3.3142212209592827,0.5808429560064212,-17.7889326007258,13.018935122431756,21.42850918864937,38.65845086529042,-33.07789435404015,-30.1096623414521
2019-08-21,2.755711994476215,16.239196456796194,-10.421548885002949,-1.355398859403195,0.36860211916899743,-19.103636064612573,15.228557746121496,22.174802335183713,37.82261320701075,-34.471687619942564,-29.23721242979608
2019-08-22,2.6892931566917753,15.260362193438652,-8.319410279215816,-1.6883012907678108,-1.9136108527880111,-19.028833104662937,13.90287412018479,23.02535617833017,39.5564591029414,-33.82203335674188,-29.662155867410384
2019-08-23,5.805173996589332,14.035807285911716,-6.964861148756185,-3.2082318115075026,-3.865181528053583,-16.656909104430547,13.911115373254844,26.824216371272783,40.57910291377101,-34.75100877096972,-35.70922357708214
2019-08-26,5.959552899848035,14.983620475504907,-6.285875295338485,-6.472555498290276,-2.454672141800117,-14.00587057648979,8.611174014249414,25.539363293574667,36.49255154579738,-29.655045840442824,-32.71224287661295
2019-08-27,5.705011065216425,15.048006213103491,-5.589022369460821,-5.841638634134199,-2.4320937388088453,-14.121629351976118,9.523836136617064,25.470280049874603,36.316893326691826,-30.008185336266955,-34.071457360856456
2019-08-28,5.071975250499975,14.851207878177519,-5.3041687337803864,-4.925820657318411,-1.7466142529885929,-13.4322710268506,9.6870636750741,25.542939615215985,36.09520867757371,-31.308737052545986,-34.530783373057275
2019-08-29,7.225198019892957,13.714204548321277,-8.62655097501856,-5.599936021163742,-1.5958962112700874,-14.198380522484896,6.506106705899967,25.906755292336626,35.80423976358574,-26.53856020916271,-32.59718039093657
2019-08-30,7.772650258830296,14.034682898903839,-7.821682897090454,-5.321919577965119,-1.9435920612647806,-13.653245172809761,6.894184249607392,26.111500611049948,35.03190043169404,-27.176546262014327,-33.927932478941095
2019-09-03,7.728345257766037,14.549422292793778,-6.725264918870806,-3.249334358176455,-3.077469860625939,-14.493892478007517,6.5337595403679956,27.501425471502984,33.014472667561535,-27.16857440942662,-34.61288920488504
2019-09-04,6.149073997070133,13.674804581352078,-8.2009445258673,-1.0116501616636242,-0.015591966177410654,-14.178062022029245,1.4190879395279552,27.209541334028287,37.831540762649226,-26.168783658788875,-36.70901628010116
2019-09-05,5.981738183333292,14.107139439367003,-5.914955822024382,-2.682138189089457,-1.4178828279733153,-14.077320000036472,4.050399752768044,27.072651441893754,36.117673682034706,-26.040542908953064,-37.19676275132011
2019-09-06,7.5367183041880565,14.607954008859693,-6.103850872267813,-5.782623329714241,-1.8901856314347327,-12.507450103048683,3.9589694614933677,27.46133015101195,36.023338055616136,-25.637312893650723,-37.66688715105299
2019-09-09,8.35647017319232,14.754484820624654,-7.1370966772402795,-5.063733376687551,-1.4022229293055375,-12.184093237924444,3.4364439411559857,26.910137448106127,36.79422910668559,-25.567111417424,-38.89750785118284
2019-09-10,7.505098885673817,14.379027608216134,-8.93864390758884,-4.031029354167245,-0.13135489308091053,-10.741945058203086,2.972762287828658,28.256047459631603,36.9282345633771,-25.36945723744561,-40.82874035424163
2019-09-11,6.541117578306938,14.399424524800253,-8.69669288114001,-3.9197550967721924,-0.02278580650020956,-10.43342139633107,3.2465394680202877,28.47299560825749,36.988681453421506,-25.28895689621242,-41.28714655585057
2019-09-12,5.420835650751627,14.776991620821903,-8.790987763244331,-4.609010309517743,-0.01129901943890843,-10.08951257500982,3.255909846700618,29.01522690720539,37.23226498507313,-25.03575481274961,-41.164664530592205
2019-09-13,9.009066297538382,15.695638436023344,-7.796570149675688,-7.164253862581845,-1.334501569838423,-10.290777132199906,4.8229110414767575,29.27604051978028,37.056063135064804,-27.885104306353412,-41.38851240923424
2019-09-16,7.448840452194702,16.043130908398197,-6.909407521137027,-5.510012212311395,-2.035101256016844,-10.617362172132005,2.722790502141237,29.38453806365247,37.99145405525954,-26.16400877175274,-42.35486204829617
2019-09-17,8.276681321620643,16.48186277402904,-7.096120934101421,-7.512201114494474,-1.249733234305367,-9.952594375507672,3.900861390181305,27.66115740933941,37.33072593030843,-25.98995503866516,-41.85068412840477
2019-09-18,9.07961200799852,16.293862155284174,-7.451645550428097,-9.030355416006692,-0.6402101740361985,-9.319266452379253,4.215414085458278,28.671361553729795,36.75122080554881,-26.79794760287765,-41.77204541229169
2019-09-19,9.090136387508025,16.501468809813773,-7.0781639322374446,-9.18883981872596,-1.6645338630524407,-9.16430827107331,4.136945245521389,27.37748199419626,37.484597143792115,-27.428280157818122,-40.06650353792429
2019-09-20,10.026983954333232,16.127651332590744,-7.844470805415497,-10.459694976588231,-0.7596762691813552,-9.501393279241057,5.139456365197006,27.71918623585792,37.91268791839951,-27.83497869868465,-40.5257517772676
2019-09-23,9.62360871010678,12.505493659625358,-8.513189626954954,-7.203053541553103,-1.4443730466050368,-7.614412155218787,4.181186540048017,26.154529998674718,37.67746782375144,-27.00454923390096,-38.3627091279735
2019-09-24,9.608141163580697,16.761526752329416,-8.637898279330372,-7.253002992102324,1.4760466464592525,-8.0842928651427,5.989803730325647,25.446003233447996,34.26467895917399,-27.632696127703646,-41.93831022103798
2019-09-25,4.594917046263305,13.930132016026889,-5.96453421542995,-5.80565211357758,2.6240354239793504,-7.27617588203951,6.416372904682703,19.196584611701283,33.84690753545998,-24.06205669596916,-37.50053063109727
2019-09-26,4.3838561241319525,14.13094114583464,-5.610534806371149,-5.73719033996251,1.2863769034174624,-8.636894047859414,6.985757488670458,19.324382328957284,34.31793335254494,-23.590874787562882,-36.853753361800756
2019-09-27,6.427390925631684,14.579899878248682,-6.159885545743791,-5.198063621644934,-1.4067729454752822,-7.064214128667004,6.19781172084879,20.547832014581815,33.43041326682753,-23.111756169881794,-38.24265539472569
2019-09-30,5.118598407825331,14.54722766059416,-6.792685216158972,-2.817347868705255,1.047463978314326,-10.052168246798402,7.68545705264269,17.077747898973456,32.689592560263335,-22.3159495460839,-36.18793668086681
2019-10-01,4.425552038388474,14.26577799582482,-5.840035935257134,-3.238646513918937,2.4910879184410675,-4.838700844842137,5.126109620275628,18.226573345383855,35.82567118702613,-24.14902291482069,-42.29436589650111
2019-10-02,3.2969939444438126,14.006371372178009,-6.4151110542410805,-2.5925713705878763,2.888288943743788,-4.706124992465092,5.578776753003481,18.432775185475037,36.66308955612503,-24.355796514797298,-42.79669182287786
2019-10-03,2.989728071924361,13.823632696903701,-6.277492636634619,-2.579739681242131,2.935324327986706,-4.74187813057523,5.476544961693406,18.135479908179335,36.560866192082585,-23.94661681958435,-42.37584889073379
2019-10-04,3.328391757888639,14.797804613418549,-8.24713944499679,-3.0426725993187915,0.4199712491614207,-5.273303967883123,5.72142230213359,18.444720426107367,37.64328479250733,-21.956138993480494,-41.836340135537675
2019-10-07,3.4642978863637666,15.113199516567391,-8.354938443248074,-2.8749580528030236,-0.21450594979869209,-5.295768453511414,5.688630316558459,18.36187390302267,37.415303541186276,-21.360237561300302,-41.94289670303702
2019-10-08,3.471240806790874,15.103879595253247,-8.33935556704813,-2.719613710847071,-0.4266148443566351,-5.235211584571545,5.736242327692082,18.38104979788497,37.56996847829805,-21.29133199217066,-42.250253306925146
2019-10-09,4.122381937825736,14.921419308352739,-8.313878249151117,-2.616242532001465,0.6572448773487309,-5.0328258341645835,5.430523382900006,17.05784222321492,36.31511508241756,-20.937354866348045,-41.60422533039446
2019-10-10,3.482627506976513,14.708248835994453,-7.499632465290006,-4.151067994249843,1.0222054220432994,-4.810283845920679,6.190068453250163,17.33380807881062,36.94633390782185,-22.04734445117075,-41.17496344826561
2019-10-11,3.519266529054619,14.671066629412664,-7.553074918676657,-3.999425849219378,1.1080895103982868,-4.639605549561679,6.085761017073153,17.443538758429654,36.56709630650461,-22.062869074427418,-41.13984335898787
2019-10-14,5.260941954929777,15.984958266624673,-7.339954806246425,-5.65386622515345,1.7525230565102135,-4.400272305629798,5.469202260463575,18.33345931580989,33.648042429731504,-20.900930152045476,-42.15410379499447
2019-10-15,4.458745630327144,15.363110198927089,-6.789214418569628,-4.142409741912616,2.2565729645831993,-4.027782094348495,5.7552673982097815,17.54077357593681,32.84422721441091,-21.383900034631488,-41.875390692932655
2019-10-16,3.5285210380220917,16.305036871674645,-6.002428330027925,-7.064549179021725,1.475000147681456,-3.8075447050724733,5.77381077448598,18.292584877930906,32.58274155411513,-20.467491283778358,-40.61568176600974
2019-10-17,4.433470930393938,17.4571203428425,-4.651285147753171,-8.866546621315841,1.6605589052012562,-3.306448050195087,6.057392427856627,16.95565359409649,31.99773770274264,-20.72814756836457,-41.00950651550478
2019-10-18,3.09363604257058,17.60701223798506,-4.2407795235448305,-8.6530160814294,1.8167557213342178,-3.1793859582609514,6.1989155695582525,16.30039993200633,31.823021819701353,-20.303929720203257,-40.462630039717354
2019-10-21,1.9198285841823264,17.917610361115948,-4.46677369721931,-9.07230714171137,2.0695179068477927,-2.776661513071261,6.221946734455187,16.71057546593373,32.11333268237688,-20.098285011762734,-40.5387843711472
2019-10-22,2.140282439369372,16.657975004901914,-4.553161476415966,-8.713419568052736,1.9577916362844263,-2.246281079876894,6.558436856594312,16.660854679313644,32.81168326971299,-20.78019080340308,-40.49397095842797
2019-10-23,2.316263323782934,16.325469697772263,-3.3640310585547297,-10.937648674326859,2.768420990663941,-2.2730191393182793,6.1396110764897,15.9223428533669,33.11215073693485,-20.406091224594313,-39.60346858221637
2019-10-24,2.171074187962347,15.578948405750921,-2.935242718929757,-11.421920116325204,3.25997937710882,-2.763450721452813,7.041562296717231,16.232326019354062,33.20754634542719,-20.613835978015402,-39.75698709759741
2019-10-25,2.939947245187426,14.74877183050367,-5.364332944782959,-11.001375800322627,2.988497437144673,-2.4703039716230677,6.568464366747008,16.455096190959807,34.31072668237995,-19.775593620610202,-39.39989741558364
2019-10-28,3.133026772418404,14.044225678656545,-3.8055893719358806,-10.941459040677564,2.6447660763111713,-2.540452860257659,7.7041730801982595,16.24939399030889,33.823143949962855,-20.17673540590355,-40.13449286908144
2019-10-29,3.5314819084651816,12.219164649797818,-3.621862490563174,-8.982219791413513,1.9271182954387456,-1.4096278208818518,7.956285845386745,15.76455441920784,34.19378304217149,-20.56003921155481,-41.01863884605447
2019-10-30,3.756745854777037,12.359755106134415,-3.4117905480919006,-10.069182144282507,1.8964802236331195,-1.0700088096104565,7.781454804429956,15.951007693452652,34.340913448314765,-20.490086725890166,-41.045288902866886
2019-10-31,3.9854421364086363,12.406901397894615,-3.2130037074945506,-11.11215534451265,2.4632081404479464,-1.2746751875516225,8.34668774141295,16.062006328931204,33.406139232031904,-20.347628474875535,-40.722922262692904
2019-11-01,4.388817575168204,10.030779155601351,-3.4257575645304854,-11.527254442220716,4.085795378059927,1.222862195171814,6.412018344829292,17.659742056962344,32.204552124852825,-21.338042701862477,-39.713512122032036
2019-11-04,4.042073025449454,9.054223381515158,-4.410995574938411,-10.6143142571906,1.8868794534075306,1.4168890885872116,7.525573539966402,17.263963481584668,32.17075356792246,-19.29239656142694,-39.04264914487697
2019-11-05,2.4638981754651184,9.768825949556913,-4.726827401175598,-11.313419894450533,2.5161653479397756,1.1467415651226815,7.854821117767983,17.819362165813004,32.83957590814863,-19.88130271091528,-38.48784022327263
2019-11-06,3.8213655454529487,11.194001500305717,-5.464564462723587,-14.475194716150092,3.836573847848669,1.1445986803185662,8.794326608164951,18.879888623524735,32.91211061129859,-21.716348842291545,-38.92675739574903
2019-11-07,3.2483289601710226,10.352409261431703,-5.0208738238289214,-15.48532905498169,3.994483071181591,1.6039137862849628,9.130154813320004,19.529231334521953,33.20234966037957,-21.360552946367513,-39.194115062112644
2019-11-08,3.5215099694164564,10.793334083526346,-4.965521247793163,-15.388033093546909,3.794300110361931,1.5888346838733725,9.266932862554881,18.879234798567566,32.74700740345577,-21.199410563434697,-39.038189006981554
2019-11-11,4.451508263288446,12.439454342747595,-4.073816770509026,-16.5033914277761,4.825817338726125,1.8886025102549127,7.996591460780365,15.829466678769123,34.53504590079123,-21.354832708799897,-40.034445588272774
2019-11-12,3.752008370296508,12.496961189057146,-5.361380740748089,-14.886407204149961,4.71137428139626,2.2102068245837927,8.238745701262971,16.563291057876086,34.87639523090165,-20.95707324424462,-41.644121466231795
2019-11-13,4.459959905071102,12.520765620682553,-4.817928445686448,-16.46047389293407,5.01641916286988,1.685840719832683,8.73774416334831,16.501268300941064,35.045657830460854,-21.712158404854833,-40.97709495973107
2019-11-14,4.66145057347461,12.8041443462145,-5.357495474529657,-16.196414266641234,4.653086285287586,1.7751455213420684,8.822027492062844,16.435972481060674,35.38127554982124,-21.835454606884383,-41.14373790120819
2019-11-15,5.60582240388959,14.055529205398045,-5.666542477847884,-16.001031515297008,6.290947256227554,-4.135793582448173,10.028514005795543,17.6410335594406,34.8626489257978,-21.590169068837213,-41.09095871211885
2019-11-18,4.978847125296667,15.297612144482187,-8.322206557756985,-15.281615848647242,6.5461999582398676,-5.441088483685064,9.991023790039023,19.158583646721382,34.4195317567178,-20.99480589364304,-40.35208163776462
2019-11-19,5.603679688198824,14.994313244967415,-7.541965476400335,-14.827930728700863,5.9707881159684035,-5.393200217843869,9.577700385284189,19.18974300063445,34.366483395813006,-21.75622683891622,-40.183384569004986
2019-11-20,5.985375839374285,16.69668614667536,-8.593429634977625,-13.3961532852,4.41957774936003,-5.946861656787561,9.63500493061784,19.35281640226181,35.33081983689938,-23.338099430650544,-40.145736897573
2019-11-21,5.5396933355356595,15.617681662252721,-7.361284254416674,-16.687682361450022,5.775540723055926,-5.822373619250129,10.558495261394327,19.01437511179212,35.28593876101728,-23.191860619170633,-38.728524000760586
2019-11-22,5.555427704957253,15.4798382480609,-7.684096641769187,-18.372963454708206,6.314558787403612,-6.094398713486825,11.259629677772281,18.67165524210867,37.94258975651208,-24.656447558470433,-38.415793048380166
2019-11-25,5.688155727523139,16.618322654117307,-8.709938448656018,-18.287342686582292,6.941328953768348,-5.632458117273231,11.462954915613679,16.67726595910314,40.10412227065386,-25.50439099463626,-39.35802023363162
2019-11-26,4.71010697297551,17.045883755967992,-7.5392046537610895,-17.621525278701043,6.603383505755701,-6.040688056372048,10.82445497694853,15.450875169075871,39.88024587255914,-23.798364224622567,-39.51516803982599
2019-11-27,6.934777226972429,14.380689274905237,-9.271166203194753,-20.24593911149902,9.067733548124536,-4.739976203476502,12.5590577833934,18.556711100151006,37.39275392778798,-26.49414879101169,-38.14049255215262
2019-11-29,7.276646718770365,9.643921556829355,-8.002304906992478,-20.732034199207718,11.093428724489314,-4.1423188856308,14.122530005776056,19.274371604537706,36.43669305837159,-27.080953513216294,-37.8899801637271
2019-12-02,7.984149750328669,12.944065402159154,-8.065840295576052,-21.745134260059217,9.955232376821954,-4.551201023720452,14.400266026104845,18.50804491704821,35.371696228805504,-24.382633466811903,-40.418645655100704
2019-12-03,4.71287767822578,12.377830150493239,-8.098772710375542,-19.63055608463567,10.79786210434257,-3.37653801087734,12.800914918763155,16.17456785332429,37.08574809420179,-25.825235277753414,-37.01869871570891
2019-12-04,4.152692135023784,10.894798389831692,-6.986428729441471,-19.08750441708611,11.612597795088007,-3.3540045532237173,13.62047829262525,13.521230696975763,37.86736211395588,-24.57148522583182,-37.669736497917256
2019-12-05,6.105187485971243,12.322778199613495,-7.829901323233372,-19.601747010365465,10.560489441982455,-3.9290594012958735,12.752962007120118,16.518107033894808,35.57462416408792,-24.911367318120888,-37.56207327965443
2019-12-06,6.841435017985617,12.467273035223485,-8.655562413682631,-22.24706339772623,12.220170724464126,-4.986613872053624,13.289791116328061,17.668490494118345,34.51909418151054,-24.257776171162426,-36.85923871500532
2019-12-09,6.155084988665664,13.568002923854252,-8.982104206883506,-23.65663609659706,12.251068763821664,-5.08882442062891,13.27335342580595,18.216003138648617,34.93833765516321,-24.12714363500124,-36.54714253684861
2019-12-10,3.9984311984145933,12.826022697443875,-7.101500144640738,-24.443584491136143,14.02867889920968,-5.1992507759630655,15.09318401823623,17.54848026452879,35.049246130782905,-24.46655571590601,-37.33315208097011
2019-12-11,4.612398078576447,12.858457786491215,-5.982365697447165,-23.605886172221382,14.094704428611266,-4.700170117052593,13.538075006860907,16.52847780277071,35.6270601685716,-26.86848992897137,-36.102261356189665
2019-12-12,1.6502031207349006,12.477054180159087,-7.830947745294949,-21.54533329988297,13.423664429627465,-9.768734880231975,17.116209740930884,18.903061383452822,31.691750028039593,-20.274027521505126,-35.84289943602972
2019-12-13,2.2659667489180038,12.691794571516255,-7.1057872272970855,-22.006974918797965,12.397383701305927,-9.399726466407117,16.98769944984467,19.042525334661434,31.25969161063975,-20.52056325855552,-35.612009545828336
2019-12-16,4.759909185153205,16.6977161584515,-5.034990450293151,-22.48345569627358,10.613005768171746,-9.394926861571435,16.341932319380547,19.990462531808987,30.376764290060578,-23.44483786776027,-38.42157937712815
2019-12-17,5.031260701418475,17.48762250445995,-5.182222894776217,-22.600100717152372,10.400992638476339,-9.723321389787998,16.23477250104,20.244572643803593,30.62960552167074,-23.937196608778592,-38.585984900373944
2019-12-18,5.051596471646278,17.898852060461863,-4.382747318250452,-22.559926465813696,10.449167284828306,-11.306967526280694,16.966996922371422,19.186937247779795,30.58696707891731,-23.659514478971722,-38.23136127668846
2019-12-19,2.5952018075654593,19.32144415351101,-6.334989557982922,-22.610033336945044,11.013320215807298,-5.7056510363270405,17.928160569965485,21.419869113212926,29.8046349143642,-27.732265160324502,-39.699691682846904
2019-12-20,2.3853036097009124,17.811505404406972,-7.1011633457021475,-21.93808718247393,11.19239377402566,-5.173310994147869,18.440107522928628,20.04461098470864,30.404312121654726,-27.615646427071482,-38.450025468030105
2019-12-23,2.2744042550839083,17.63132059199006,-7.012408243821355,-22.046135524251056,11.325665051512331,-5.486460410849901,18.215110567869345,19.00868503627936,30.286785769867592,-26.952284623536094,-37.2446824701442
2019-12-24,2.902097623646384,19.259612761044963,-5.858420281652926,-23.20040557202269,12.679026020221741,-4.22313316899691,14.779367095636218,22.637605811763223,30.948380030498058,-28.712596108853326,-41.211534211284764
2019-12-26,3.452020963087591,18.560134398823493,-6.584470079842816,-23.370004842303423,11.854828583455316,-3.519574780155537,16.404468082820728,23.830168044403223,31.115579278543606,-29.905910033482964,-41.83723961534921
2019-12-27,3.22768651401654,15.324087672860173,-5.898000016883415,-23.385560091300796,13.84160741075354,-3.4815559921323285,17.23366181419874,23.554222237185584,30.57401492357897,-29.789887810527553,-41.20027666174942
2019-12-30,3.9473072113292886,16.23623974390931,-5.992022015478398,-23.35008888049593,13.99388466862328,-3.2431296584035465,17.430458790770672,24.149161077920965,29.993500721351865,-30.893163292151307,-42.272148367376175
2019-12-31,3.8552871414311625,15.660672838973895,-5.579372315019441,-23.298097807328396,13.63958515991007,-2.994298497686543,17.56607216771269,24.042819401457848,29.701221599758384,-30.603127039124715,-41.990762650084875
2020-01-02,2.724303899311437,14.343053257971803,-4.318430621056123,-26.947441090332724,11.825310606155668,-4.010625626645677,18.076283451801558,25.162514949355582,31.44339396887169,-28.528796815390862,-39.76956598004233
2020-01-03,2.967630403255484,14.494248074291562,-4.252306633757868,-27.397957047497286,12.108545043557555,-4.263374401568598,18.079171453682704,25.3593551510006,31.28238576531355,-28.925918030656234,-39.4517797776214
2020-01-06,-0.53448430155008,14.615282559247717,-3.2145093102755595,-27.7072210513021,13.158646519560904,-4.885887403855435,18.678965131092937,24.05470515144134,31.72254919001921,-28.641512739890594,-37.24653374448832
2020-01-07,-1.2328916002455799,14.258698107281447,-2.5906930945518667,-27.709172699061696,13.420734126494565,-4.812367201762896,18.740742175614926,23.6690583835218,31.82596626913434,-28.911060779886014,-36.65901368653902
2020-01-08,-0.8829914700070276,14.321038899063666,-2.608477417094335,-26.240655528169903,12.839781066062443,-5.167952368834847,19.009206402750607,23.434627892647157,32.85908508031605,-28.822646189300507,-38.741016367433346
2020-01-09,-1.902038124575526,14.283100810436608,-2.670410450527129,-30.9087406690523,14.218989219421601,-5.025948976443146,20.83313148502718,21.687673763924934,33.33954608459338,-27.107030769797724,-36.7482723730079
2020-01-10,-2.189345330742782,14.644377502379228,-3.5622111560135465,-33.52986200555472,15.04539352756403,-4.247667106625215,21.57194812232703,21.671837639736694,34.15542464187004,-26.131178412493817,-37.428717422446965
2020-01-13,-1.8747482785252316,13.935098966342892,-3.9684193298164843,-34.224396456103094,15.237119160470215,-4.203383208210923,22.04104772226391,22.09259334200597,34.299013525025586,-25.732467007778702,-37.601458435674175
2020-01-14,-1.6433583802353127,15.333044219170247,-3.9012574019271398,-33.245341711218536,14.744248465581435,-5.260382936333741,22.318226451185353,21.651275477392545,33.151827773255064,-25.838267075682168,-37.310014881187755
2020-01-15,-2.33967946917042,15.252254507205308,-4.4210298734904825,-34.25008512922466,14.79789651234401,-4.2088552498268825,22.275227152257628,22.198467121314877,33.707805780664344,-26.54967537431795,-36.46232597775575
2020-01-16,-0.4309910998468638,18.216058926241672,-5.417950569912605,-30.71961703993592,15.814676772569683,-6.191693851676149,24.21015939543524,19.2572110512599,30.145489351739172,-25.943814084913207,-38.9395288509609
2020-01-17,-0.7871929882371091,18.80171439280653,-4.230873790864251,-30.38723981203362,15.910030498273983,-6.4026825188846885,24.43208115234691,17.684206530658557,30.366742269659298,-26.37482857275191,-39.0119571609737
2020-01-21,-0.7332463661198858,17.110552361029164,-3.2655466727829747,-28.777871966048075,16.365745847199705,-9.338450581862872,24.598202129823534,18.991434720170403,28.363818519074385,-26.386130106763254,-36.92850788372013
2020-01-22,0.42959297975751554,16.811669908604514,-3.3910238168944034,-28.9373272812662,16.614858774646407,-7.600485915014289,21.840720265493715,19.400709488055696,29.17246141097887,-27.885760578125755,-36.45541523623605
2020-01-23,-5.9092186859600275,20.88462918062946,-7.316431324890345,-26.079299556732316,13.553720781221202,-9.879671061831417,27.931762110727306,17.65841677508223,30.95270736433247,-25.371394241487707,-36.42522134109076
2020-01-24,-7.423287906839207,21.27491578163675,-7.407011309560545,-25.821468565769116,13.582972731498032,-9.720332791560423,29.2649249372637,16.862780814717354,31.309391827573307,-25.523986438375317,-36.398899080584506
2020-01-27,-6.899504494881782,17.367095601835643,-8.394636770018096,-25.09477516545038,13.766722661943433,-10.94181970713474,29.50177342018773,16.780643499038874,32.3420197591941,-22.4143712941314,-36.01314751058333
2020-01-28,-6.80778723872568,17.970900843187692,-9.636829435590002,-25.244745334364225,13.96109025702414,-10.74503397498863,29.47484795247327,17.116416948014162,32.1260611369663,-22.45078104123626,-35.76414011276077
2020-01-29,-6.985919411500845,17.778982863923716,-8.74444071688228,-26.116660623540483,13.997251604106296,-10.310622278925763,29.63444484989249,16.902001693713927,31.458731220833556,-22.281237584911175,-35.33253161670952
2020-01-30,-5.353655137352192,16.709520329776737,-8.417712077124307,-23.09475425819798,14.769362353163444,-11.630221301856096,29.719770995048492,18.00691480429019,29.277929518013224,-24.007948285234377,-35.979206940527135
2020-01-31,-5.573120060612013,15.22689334358455,-6.382636901908583,-21.521537559955803,17.79075051701686,-12.639686076275169,30.256255905021362,18.716809388034335,29.10068440979198,-27.32443969325024,-37.649973271447266
2020-02-03,-5.053563250175884,14.416453399843235,-6.052837721458829,-21.82886774380799,18.61255461477289,-12.469237621414266,28.72666988726681,17.739777442045835,25.450133011076943,-25.709526429871858,-33.83155558827688
2020-02-04,-4.9994803623306865,14.606594853052925,-5.703265916611386,-22.019134100306985,18.981130944844722,-12.039331842284838,27.817994613644004,18.301219381338143,25.832056625706414,-26.052677442632024,-34.72510675442028
2020-02-05,-3.941053500917846,14.48352512906446,-7.716789100370747,-20.123379909269815,17.60280720154401,-12.478174835269442,25.05451332526286,19.225553420514572,28.49252448311175,-26.335580488056145,-34.263945725613695
2020-02-06,-4.011666832887016,16.575765154129186,-5.1983431350221565,-24.38502222799179,19.49701187970443,-14.58085362244045,26.08623250998697,16.576848357208036,23.28780437312713,-20.767011116740875,-33.08076533907345
2020-02-07,-4.005760288918651,17.26122670669814,-5.328162619436441,-24.650805928491216,19.55534345015117,-15.24877270495498,26.54041497471242,16.38189944421859,22.13092122706915,-19.757149657962188,-32.879154603086036
2020-02-10,-3.488891722317504,16.94061405819079,-4.850755156676669,-24.61583048031656,19.735638216164915,-15.073091802102127,27.188344917185773,14.722632255960775,21.428810169762713,-19.20673622659166,-32.780734229260446
2020-02-11,-3.095245315368814,17.164909842211884,-4.6187945775699575,-24.943339686829994,19.06751027793692,-15.184362594368288,27.26627420939154,14.585428532191258,21.51877828446389,-18.822198515070376,-32.938960456988106
2020-02-12,-3.568820240350348,16.511689922832375,-3.8562469719825287,-24.3102379664139,19.482815232821153,-14.998750609360634,28.232692367814877,12.97913298943952,21.26077267416248,-19.669981071159675,-32.06306632780334
2020-02-13,-2.380397751872877,16.501248895544094,-4.697378578436783,-24.19484631823591,19.615377454223548,-15.658617534849206,27.83070411446414,14.006571034494286,19.57399127694974,-19.217492967515476,-31.379159624765563
2020-02-14,-2.442842759868739,15.948628840611875,-5.143257430228218,-25.18305200551363,20.21454176192718,-14.550431757688209,28.389830127312877,13.727363628613134,20.176211760963426,-19.554586852255206,-31.58240531387446
2020-02-18,-2.1944738623460722,16.413692056353028,-5.4977531819124295,-24.560173826051916,19.49924407535056,-14.5100907303935,28.787231379937865,13.49841196835952,20.038385981137793,-19.981574603792907,-31.492899256641948
2020-02-19,-2.6666304191559504,16.52483481754861,-4.1669857127322985,-27.01563976939547,18.05559226842253,-13.48332101908494,28.74217090385622,14.252752916814345,20.959448500502347,-20.14841270183226,-31.053809784943134
2020-02-20,0.1440552565738642,16.28296757942597,-6.52918389230031,-25.221759679894234,19.707615783527473,-13.992924852496579,27.289799632665776,16.31716121011874,16.608648093021287,-17.563755800445527,-33.0426233301964
2020-02-21,-1.1134481496330295,13.970614835948169,-5.218661113736815,-22.87615949831953,19.38772330410299,-13.49766706528112,28.100080763035194,11.117878028019518,17.03637281358229,-16.38235658675555,-30.524377330962086
2020-02-24,1.3872519710980669,17.587026968902407,-4.4245091508066,-24.47952946268007,20.209169279952732,-11.534119855770868,24.125921380197596,17.14708644467926,10.753219758507171,-18.7990470267789,-31.972470307300814
2020-02-25,1.2586809380467798,17.140049608545993,-1.3118060144714008,-24.126470760948628,17.396747368393022,-5.422856720221503,20.214425289870263,23.049453497102164,6.606902885299775,-19.84304119827413,-34.962084893342315
2020-02-26,1.114948523902953,17.21136905208337,-1.136504102444647,-24.957624068773264,17.365848507455667,-5.1670454427208625,20.13458144113946,23.15188001542137,6.88934402265771,-19.842172823016533,-34.76462512570523
2020-02-27,-0.4971528249179613,18.312210472826862,0.04397094973597859,-20.779241142284697,14.15361614220096,-6.493200228048963,20.04511662370615,22.12025777819008,6.793441068771983,-20.586295096866174,-33.112723743314184
2020-02-28,-1.2603258041850296,18.177857656584635,1.098771022243497,-19.874955660944025,13.13902512360454,-7.228869606901412,18.950520021180736,22.562880421219845,6.112744725146584,-19.789156119658003,-31.888491778291396
2020-03-02,-2.10833587589363,17.52442437566664,2.063101769115093,-18.598368938708212,12.44924911300653,-7.458687598664326,16.70979998519492,23.957551158771125,4.486928789302439,-18.53299302088231,-30.492669756908327
2020-03-03,-3.211767356090249,17.111032526320372,2.483199194873251,-18.60425000140276,12.84447776080279,-7.146569684569712,15.988257006639998,23.33019303061117,3.4672752843902117,-17.317471947046215,-28.944375814528783
2020-03-04,-2.4744884004032173,17.66404923909718,2.2992760007037276,-18.085034330435583,13.077431840843872,-7.173677664127311,15.831971456901073,24.100576525668487,3.434215971935373,-17.74778703760049,-30.926533602583113
2020-03-05,-2.5725980256103753,17.63651212640775,2.5114084944374753,-18.24501039843438,13.186453036164991,-7.120213369894415,15.825199549962818,24.04047329415323,3.1157262640198127,-17.780908304225818,-30.59704266698113
2020-03-06,-2.7787302406326546,17.060407573917857,3.3008259334980323,-17.849009113697434,12.525800477674224,-7.125875950292496,16.76238446675964,22.749844662546195,0.5496290335858021,-16.818025207572077,-28.377251635787076
2020-03-09,-2.9036851135686135,15.7272163711756,3.7079083485916158,-14.225874825500654,11.43369225011,-8.182299521880779,14.709904781773446,20.041373586442845,-0.24215850281943574,-15.16058696555401,-24.905490408770035
2020-03-10,-2.642266155219957,16.96429513470318,2.6670232239952583,-9.85552623218139,9.911071499716414,-9.515096949398142,13.478195359381175,17.146607681306094,1.0516828459417553,-15.475611394180447,-23.730375014063995
2020-03-11,-2.0198604439028003,17.30477316083892,2.7530930577043335,-11.326591351775932,10.38633638389311,-8.595063756042578,13.638741843160858,17.883187108122186,1.6655867953128904,-17.0431126697975,-24.647090127513465
2020-03-12,-2.5815991452766838,13.685924068199071,4.401837407585759,-10.880701303839658,8.89072560191454,-10.308802621826175,15.820200732963357,12.431423787276529,0.3007133884458142,-10.553895016760379,-21.205826898682147
2020-03-13,-2.6084881855345827,12.820826470001393,4.409296883294402,-11.222324465171027,8.642193869693415,-10.848077450442872,16.219368626186593,11.39071287301337,0.30786528943437474,-8.311620161453178,-20.799753749021818
2020-03-16,-2.4498074397836263,11.497597624716434,4.036707457814359,-9.665582712721061,9.1230333301815,-11.379083895464262,13.752665590375699,11.111418311426405,0.46529010855672936,-6.6141370774661254,-19.87810129763612
2020-03-17,-2.2555112778882034,11.126239427668622,4.01307709597549,-9.70887292122191,9.230082858199097,-11.684416464123728,13.30901652554843,11.153536047046742,0.9898847656412357,-6.3638161954079635,-19.809219861437754
2020-03-18,-2.5551630863948134,11.891982703130992,3.752538170021708,-9.892892433558217,8.910348575277041,-12.531549776272328,12.61108407112927,10.135204261550683,1.4284809274363255,-5.064157241840633,-18.68587617048003
2020-03-19,-2.3103935063077756,11.313459802660859,3.0142321742804654,-10.121032810129336,9.062635855396806,-12.870561594641146,13.048293168905815,10.638329994155441,1.6853298774807826,-4.937381300223194,-18.52291166157876
2020-03-20,-2.4471457983961074,12.633149548212657,2.330561671045885,-9.103858697217916,8.209711566126614,-13.847177642579695,13.010013335605393,10.052034873495899,2.083351740817122,-4.945610937853573,-17.975029659256293
2020-03-23,-2.173780881790691,12.71253216141912,2.1014688143863083,-9.00504967495948,8.590048848533542,-13.768710415609945,13.254079397128507,10.342524143753522,2.495210682630656,-5.59354937303344,-18.954773702458084
2020-03-24,-2.543828787009261,13.088677092337292,1.4686697729875533,-8.971292737619066,8.709565262662892,-13.500354461984244,13.397802205146789,10.795189017232175,2.665245347017688,-5.62640867412324,-19.483264036648592
2020-03-25,-6.460722858747189,10.888451196872865,-2.731452325321712,-6.180490981794037,10.648464931768615,-14.750722098244125,14.8380834437624,7.816135808130099,3.843854008256585,-3.085350841672934,-14.826250283010637
2020-03-26,-5.3176276891987015,12.492714511620704,-1.4545995846032866,-7.070087305019754,10.83910673431889,-14.88806172412545,14.64230901406954,9.398938401357114,4.296003651027647,-5.451162128196771,-17.487533881249902
2020-03-27,-4.56674840449061,14.210105149551836,-1.8326704201289203,-7.1515297133369415,11.358231920391404,-14.780962586863495,13.992178173987057,10.591571501857757,6.1323220550184345,-7.185229901141142,-20.767267774845408
2020-03-30,-4.471547794895926,14.393099681756567,-1.9008981879523077,-7.303837389439792,11.335078235251558,-14.562896208522389,13.600188770047907,10.907202547828135,6.595881243799582,-7.3141025503651775,-21.278168347508114
2020-03-31,-4.799301387078771,14.669130570507917,-2.1399746830802684,-6.707420373532102,11.765218906368048,-15.00304565021844,12.949925385102617,11.092869191175168,6.471216301740071,-7.058490269717467,-21.240127991266775
2020-04-01,-5.097281308437431,14.883377396216702,-2.2415412853108876,-6.0524047590515835,11.706454649104629,-15.588310419693912,12.013712033647337,11.576728427590197,6.20672994107926,-6.104027154195421,-21.303437520948904
2020-04-02,-8.030825097421186,15.346350148360926,-0.904593846133622,-4.163817083432022,10.83004901459644,-15.666663480518665,9.78672387393884,10.267237175661492,6.330483853341093,-5.741143644506664,-18.053800913886718
2020-04-03,-6.45010576296832,16.158855266324508,-1.579268264649059,-8.063899048377777,11.580064085393317,-15.510733491834202,10.479908949548943,11.692287245118536,6.2766573058964354,-5.559217877358279,-19.02454840709413
2020-04-06,-6.151648352172174,15.649197417334278,-2.9339199320393448,-6.042315306265081,11.416497193117422,-16.16649685531563,9.114763192957867,11.557791060375138,7.315682638443533,-5.67736490773045,-18.08218614870563
2020-04-07,-6.813062159653114,15.988562118324637,-2.8413159285737066,-5.912438372421775,11.384783076514523,-16.14887303707124,8.891836477071621,11.765885398102853,7.306512545693721,-5.674607886953382,-17.94728223103411
2020-04-08,-6.749411860776462,16.06164066544943,-3.1733997453403475,-5.343083732020858,12.103157221725056,-16.131223722991322,8.96001360978876,10.954267454238007,7.662851286705376,-6.3882846243242,-17.95652655245337
2020-04-09,-8.761901177694966,15.931334411361917,-4.3488724348597145,-5.465150502604814,13.299413282307455,-19.158342902950167,8.589314787608089,9.49055962229312,9.41393024850018,-3.2457737367541455,-15.744511597206937
2020-04-13,-5.21578691474123,17.848662933920806,-1.9942248070588988,-13.18558413103932,10.74461795044165,-14.926416727604163,10.184621832944302,13.132743243304603,8.51807230696869,-7.48660230488494,-17.620103382251514
2020-04-14,-3.6248122613906872,18.258044515227525,-2.501869652106322,-13.261327412048999,5.927551895849106,-13.730800494633002,10.469582330594534,15.145905430194077,8.654960130934299,-8.255842464996832,-17.081392017623685
2020-04-15,-3.5253135326878464,18.514574657508675,-2.2871421066415962,-13.515018480418064,4.616866693251566,-13.455982148956764,10.960329744336946,13.64435180258107,9.240884628106969,-7.640596079842567,-16.552955177238474
2020-04-16,-3.9399163215746427,18.47685005706056,-2.128410023212865,-12.451298393992133,3.7825439212424783,-13.406440362727068,11.535130499032888,12.545266189920824,9.829377949375171,-7.243667660439542,-16.999435854685586
2020-04-17,-5.454944630274866,19.25454481058857,-1.473187500170667,-11.868146552416079,4.6013273087984174,-13.390391112974015,11.459788077056501,11.267533669334853,9.719939919666757,-7.455634563380869,-16.660829426228602
2020-04-20,-6.091081225104745,19.543008380002505,-1.3189901187965916,-12.114643905311226,4.947836427599711,-13.448852920016805,11.660395518855822,10.470129827739228,10.1104987216805,-7.413482063246278,-16.344818643402235
2020-04-21,-6.237587675644619,19.92610385291006,-0.6670487147498534,-12.705402544139417,5.365970664776654,-13.282012380530077,11.902249107390745,9.197473888400609,9.824835309441482,-7.170969531273343,-16.153611976582226
2020-04-22,-7.013158821408837,19.24584232098823,0.16948875056117174,-14.571709117818983,5.859083000217936,-13.201755210785691,13.122837866131732,7.413222172273848,11.22741904797006,-5.979398572523209,-16.271871435606243
2020-04-23,-7.0203618266805705,19.091920680026206,-0.20073388732083686,-13.822659893016677,5.331817741662675,-13.770399337131892,12.891636015029022,7.910889287640799,11.254091421030253,-6.300702234797868,-15.365497966441168
2020-04-24,-7.300730290408794,19.284218190069836,-0.6751696339884461,-14.259056988852109,5.546475632023075,-13.603359337561358,13.206585579541624,8.124848872726446,11.491827936450534,-6.764077556362537,-15.051562403638272
2020-04-27,-9.295448345983132,20.69385256647729,0.13299636297611528,-16.647708727958445,5.422681351528553,-12.265783293279071,13.91806976248101,6.787593743135702,11.200804376481187,-5.080218513759334,-14.866839282099875
2020-04-28,-11.567101351353216,20.751772335131122,-2.7580603741262166,-14.523119146174537,7.322132503824633,-13.25442130273234,15.678311756139834,4.794761039289185,12.7711296644881,-3.920875835207866,-15.2945292892787
2020-04-29,-11.011329454929324,20.89694057964624,-3.3793559887152327,-14.888555109839587,7.5619855181734295,-12.821928679919566,16.02395406257513,5.121050524387371,11.175357024702592,-3.7420309771481044,-14.936087498932906
2020-04-30,-11.718052282257219,21.864232200620492,-3.301616001109494,-17.126449209105957,7.838243915108976,-12.131693098003723,16.273576564608376,4.624552241433989,13.105141985021461,-3.219789270190674,-16.20814704612623
2020-05-01,-10.841983251728792,22.181901962083018,-2.816701906947941,-14.996782114865354,7.228240017330947,-13.09507881040895,16.001058427808616,3.53935298076307,12.113404058040999,-3.722730904913135,-15.590680457162506
2020-05-04,-10.213016721539688,23.743438652692916,-3.6138142724972795,-11.856796053979878,6.166813921710656,-14.96844453293214,14.317347752767617,4.204128050487014,12.063140121117812,-3.983567662724127,-15.859229255102917
2020-05-05,-8.747004419479879,21.708144313487026,-0.5083843417090179,-20.73253695454548,6.802583395613851,-14.853621936171521,18.04624609260125,4.559561332106085,11.854760252290404,-3.8370799643716396,-14.292667769821136
2020-05-06,-11.01435906210618,19.179212135060638,-0.7520156182709172,-17.14280569943638,7.981993138716803,-13.943929671893386,18.352866599818768,2.114304998187947,12.634598643651458,-3.78127487435259,-13.628590589376216
2020-05-07,-4.000448082224565,27.565482606330576,0.15561131059649824,-20.214049280817918,-1.2115074309521816,-11.449188230919702,17.58169630547536,9.525407523834161,6.7741193579077645,-6.148440148164269,-18.57868393106577
2020-05-08,-4.605771513150472,26.397434056756623,0.779379335072349,-19.619101150537716,0.2296919526842487,-12.89683693252205,18.416063588562977,8.220748451963019,7.662442612966501,-6.695857385130893,-17.888193016664644
2020-05-11,-4.405800754510921,26.693067233904202,1.38325528010121,-19.95608246782797,0.02910899414500534,-13.664352361677658,18.466253493013596,8.200504025534798,7.683941740856881,-6.825265172169367,-17.604630011369807
2020-05-12,-3.8645636853720333,27.92674115248728,-0.7036246447584915,-23.736416532456282,-0.9362511829883005,-9.88368239305774,18.116149249013787,10.43599560645761,5.961428432149859,-4.358316583520661,-18.957459417954936
2020-05-13,-3.6845218624461182,29.16801908251817,-2.111587352544717,-24.97895598965536,0.07922136614227782,-10.115197161292727,20.01499927342961,10.797978255970776,5.844461596658888,-2.5326877175502887,-22.48172949123054
2020-05-14,-2.784109628681648,31.173554865345295,-4.9467673440781965,-23.407210717645405,0.6857513475155201,-11.908665765104615,21.146934735144114,11.20022155442264,7.182386053465024,-3.2480129449750734,-25.09408215540762
2020-05-15,-3.529466580478328,27.992409131105475,-0.4487196662864932,-24.880893032429228,-1.0442469701351484,-7.498445495812518,18.690101502039155,11.899525506415685,4.466607372956986,-1.6557478850506868,-23.991123882324985
2020-05-18,-3.9559292684230343,27.861249189018324,0.25114316970436334,-24.64869751507257,-1.4364687334038564,-6.190876135265015,16.574713199501076,11.76918344365366,4.720648329356095,-1.1783140890396169,-23.766651590029447
2020-05-19,-3.982474336791384,27.91560295793232,-0.14411410876084574,-24.51322193080756,-1.380764267723265,-6.137247168877053,16.69259929782899,11.816824758902044,4.7478283093880975,-0.9899897938443161,-24.0250437172471
2020-05-20,-4.31575307504643,27.6196693843481,-2.2095761461478958,-26.980045915388963,-2.5727715691097046,-5.331364012089111,14.086658379266936,14.841756927858398,6.536578185084721,1.2356123964421215,-22.91076455521815
2020-05-21,-2.420341417334569,26.48266836082749,-2.252838691378031,-24.047202262103845,-3.2687211734699133,-6.210863373848895,14.893992149385056,12.771664936175384,7.248179623482983,-1.3025442594029784,-21.893993892332617
2020-05-22,-2.8512748751608683,25.13294826118917,-1.0892415512022353,-25.73217223883767,-2.223153715909504,-3.4188291129399033,15.181108142024584,13.426369836446682,8.169189488928382,-4.7078896412054405,-21.887054593333218
2020-05-26,-2.1371853409821,25.42682198569004,-2.491791539150043,-27.74240337935288,-1.7454603882847408,-4.779855310706154,15.81213493530818,12.652891619648997,7.528772545472165,-2.049831013403818,-20.47409411423962
2020-05-27,-0.35299953370812887,25.64897338456963,-7.770391508253937,-32.525118445945566,1.936238372298419,-1.3541394842145138,16.407644819613765,14.968376353814946,4.192032170316807,-2.0161540129871725,-19.134462115504235
2020-05-28,-0.4093414650594127,24.825112752713295,-6.722595096422154,-32.89770653594452,1.160574235872204,-1.2569450496526429,15.810260140771874,14.919071290096653,4.988756405559812,-1.758559129878691,-18.6586275480564
2020-05-29,-0.23976534849607845,24.711880862805174,-6.444517576009659,-32.98265968215084,0.9944690237023508,-2.63675808806299,15.745262632335127,15.074906428468864,5.315546668103792,-1.0129067624026362,-18.525458158292977
2020-06-01,0.17843198703832286,25.2801040349094,-6.508642492398408,-33.12903421626409,1.4785351436522376,-3.263667691005466,15.946211557228068,14.527379215136165,5.41374334964442,-1.4404015762522278,-18.48265931168838
2020-06-02,-0.5341873655962104,26.688581064576226,-4.433484580439256,-34.38945225233693,1.576646575759554,-2.052183270008072,16.334543984631225,15.012896169451864,5.248554503258575,-3.843686756766715,-19.608228072530196
2020-06-03,-3.129170697316752,27.47943684853655,-9.229778204518638,-33.68122986385772,2.7079748247226973,-1.61057203746698,15.760493994460518,15.788862716096105,7.235993633921012,-2.406276824671849,-18.91573438990497
2020-06-04,-4.403031676466924,28.013188802010532,-10.477622352291164,-33.67440582708885,3.608457035974851,-2.27142004273648,17.025225669835166,15.167129989772164,7.214516212186837,-1.1043856962843677,-19.09765211491174
2020-06-05,-4.1700268796454765,27.684169296209944,-10.42242724155605,-33.62696818147165,4.4651973910433895,-2.538043699543664,17.25237649928232,15.179547584909102,5.39331603025191,-1.0376830350816846,-18.17945776439815
2020-06-08,-5.234522183326064,28.548313694008797,-9.765184775234076,-33.869311887650674,4.4935183247606005,-2.432384700360359,16.788703835115157,15.267929691609709,6.977537144786652,-0.15210621137578073,-20.62249293233394
2020-06-09,-5.886579065818026,29.259216184288988,-9.621083660083599,-34.16288795277458,4.453737886797143,-2.3842644332615777,17.02541582187871,15.461922369373696,6.903475432128218,0.3083897344994142,-21.357342317028355
2020-06-10,-6.789040150041274,29.653871542862447,-11.037189533851105,-33.21102922312244,4.173556596492702,-2.7341549598439343,16.946781992800936,16.14442456654004,6.687388253233038,1.1676071615123078,-21.00221624658269
2020-06-11,-11.150278093733775,26.484447474115242,-17.42847629297755,-25.535346426299512,14.155363755554376,-4.4707636418711445,19.001270445282714,12.561083174036298,9.991477486104742,3.5699636549916676,-27.17874153520306
2020-06-12,-10.96496675906458,26.1625228527475,-17.39876347324777,-25.361091559618558,14.18090861768367,-4.908543698085239,18.63000022866605,12.676183608547476,9.780841843905222,3.9027462653388056,-26.699837926872547
2020-06-15,-10.702802602317206,27.093318006954206,-18.081221773678394,-25.181952670319518,13.682259637012109,-4.572535557145429,19.885038971054172,12.004389950838586,10.791043175191433,2.398477582756726,-27.316014720346665
2020-06-16,-9.72395891499464,26.900557095352156,-16.864001293377612,-25.299488881559434,11.855084916576317,-3.2674824945725476,17.586015394533888,13.536380012236037,9.376627549738245,2.1276942444092413,-26.22742762834168
2020-06-17,-7.582332172118413,25.274918486384763,-11.563470060802118,-26.69195990218485,7.216927540493927,-0.15904321082311412,13.589221603721498,18.221605886849787,4.9592806458478265,0.6254806785647986,-23.89062949593405
2020-06-18,-7.468461213744803,26.12666821345121,-11.200584410269855,-29.41872707635313,5.975982193370896,0.6860254889137138,13.476288902202981,19.78915245002679,4.838897296101592,0.6727327220922916,-23.477974565791733
2020-06-19,-15.232536156338412,23.12957254060636,-10.682281996525148,-17.96954169673016,13.880341562558385,-7.982001497396837,18.991014106935424,12.263492053161812,4.05460477037046,-1.5358851102330675,-18.916778576408902
2020-06-22,-13.326942142414424,22.486634925033627,-8.861515484443004,-18.411071460885694,13.084134384645637,-5.044987764639373,17.520298118837545,12.166192492739654,3.980533167464827,-1.94509589157542,-21.64818034476339
2020-06-23,-10.848038646502005,21.673454890767175,-7.9134961782485505,-18.19775800993709,14.562319895448226,-3.36318065580447,17.200130465139793,10.544235812070085,3.738450365987987,-1.1269771630483092,-26.269140775872884
2020-06-24,-9.066399579103262,19.076553213590785,-9.374793280109671,-17.165510310363274,15.511757164986278,-3.7836085261062635,16.4676680808998,9.626094488568384,2.165823939716475,1.4245014621576502,-24.882086654236886
2020-06-25,-9.106335068464176,18.73541799488393,-8.77889457463472,-17.271261245259097,15.274993389647207,-4.021396898664847,15.876538652073336,9.823836844627493,2.279509196604792,1.2130938502628794,-24.025502141076814
2020-06-26,-10.814721419550864,18.646165043632408,-8.823790239108746,-17.0109614058359,15.306719668261977,-3.823228088691039,16.176144457707522,10.086677267568362,2.1663670205336274,1.6869753766704605,-23.5963476811878
2020-06-29,-12.211231506184319,17.569391334249772,-8.724291608977964,-16.25600578596928,15.226089752552866,-3.7497482166769203,16.10195142098992,10.379571721850724,2.892666364765489,2.320093286298899,-23.54848676289913
2020-06-30,-10.845438344363984,18.776704005281786,-8.680795624100398,-17.213090695478485,14.813770525677882,-4.582902098197451,16.899359959827137,11.037023920923076,2.8364532183719575,1.1993599123820644,-24.240444780323628
2020-07-01,-11.41009355204639,19.441956013305514,-8.713446363816473,-18.683427840986084,15.635438893456694,-4.329082780405429,16.998161552462747,11.100726815015449,3.020988030806649,0.3470482982851877,-23.408269066077857
2020-07-02,-12.21996998983903,18.9851055466859,-6.211139514346442,-19.620679660680878,15.164790599448125,-3.880539520011979,16.230662819571776,13.159737939095251,3.42072238199421,-0.8597327394353158,-24.16895786248159
2020-07-06,-12.258277322872715,19.03395396563809,-5.8869493128019315,-19.10788809770716,15.92583261414947,-3.7949149358519065,16.274082637954237,11.851800076768441,4.0705668824551395,-0.37756099474117377,-25.730645512990456
2020-07-07,-12.155644104877751,19.202886894522976,-7.382167704316146,-18.652273195671256,16.284403836488607,-3.3876394941061108,16.72898636425134,11.152514666111315,4.087756397446881,-0.6041707018308529,-25.274652958019033
2020-07-08,-11.942809750884479,19.655132050106857,-7.622258725881949,-18.134333086064686,16.426963460374893,-2.89678364464838,17.31284736121556,11.31290555552313,0.31506952185068826,0.3989556307264621,-24.825688372318112
2020-07-09,-11.471954635930345,18.449103567279735,-9.20063834259821,-16.475854086519206,16.833921621417915,-2.8798833124330514,16.126757785915174,8.787619546726546,6.826350697853712,-1.6024406023057338,-25.392982239406557
2020-07-10,-11.771190017069486,18.480169321237483,-9.60225514286482,-18.7271883948263,13.128152534314594,-2.5354079803872764,16.942333846081297,11.0157614094406,6.466413082570412,0.701579004078468,-24.098367662574915
2020-07-13,-9.509364355458843,19.118454518611188,-8.460738677623809,-18.307916929805984,16.45125162234916,-2.5673090082160286,16.663541634345563,8.879265865899228,7.277082729421011,-2.170362366341692,-27.373905033179895
2020-07-14,-7.916397407021734,21.03800012930205,-8.039313847006667,-19.511511413711602,15.724863302733382,-2.3004173328601354,16.595822520411588,10.37596153940467,7.138528681497547,-4.052167552868639,-29.053368619880473
2020-07-15,-8.159170194154669,20.230270069535308,-10.003751001062739,-19.088959857298846,17.33768386357403,-2.4869445004556923,16.270524564050064,8.765350447488785,6.252104291313572,-1.4195028247284682,-27.697604858261307
2020-07-16,-8.209240339953865,20.169790767618366,-10.405164083838898,-19.211537622762947,15.550129468350647,-1.6852307221467981,16.43859298839537,8.572260288538956,8.010990614731497,-0.6843258592362389,-28.546265499696048
2020-07-17,-8.06693865476312,20.725178242189912,-9.355989229140505,-20.63182028289677,14.411458260761705,-0.6062228671137007,15.939671132122683,9.245440671602594,7.65248936420322,-0.6346799137859449,-28.678586723180103
2020-07-20,-7.492586502080556,21.569208411524585,-10.531166690080823,-17.77563256256049,9.4666912884054,0.20800549451179506,14.856484421162307,8.890861472913215,6.576631131611748,1.746909684922855,-27.515406150330037
2020-07-21,-6.196441179056464,22.014409227090482,-9.770734612323395,-18.719077683326844,9.695725642473477,-0.05834272039240318,15.11735216916557,10.381550411937894,2.0325530971560255,2.4497947185080164,-26.946789071232374
2020-07-22,-6.433001464582603,23.151210018223125,-11.316994428509915,-21.384331255107597,9.489497651024678,1.408285270778748,16.38429005414261,9.49465621058107,5.686344111503743,2.562142941236445,-29.04209910929029
2020-07-23,-7.622629389683794,22.383286492928605,-11.227148099205934,-21.564606922243414,8.497805470411592,2.3079287917941684,16.72321646162804,7.960533443954347,6.485237644649104,3.8364868896480004,-27.780110783880744
2020-07-24,-6.9402401116881975,23.200310033014333,-11.507408422039717,-21.625165044246728,7.678691438606009,2.7381009524895603,16.98056445280602,8.847164332771825,6.350446235302627,3.2539718173285053,-28.976435684344246
2020-07-27,-6.905477563742224,22.097671360783337,-12.00441686737571,-21.055557643237073,9.311622691519531,1.6383828140167935,17.69659230303094,7.4861360435568685,7.608578621324682,4.198494859232582,-30.072026619109728
2020-07-28,-6.890060624782791,22.65406801240357,-12.199438846917445,-20.35715877067031,6.28597918590971,0.8485969826733992,15.931444736149032,7.700836574952319,8.509289171171204,6.010157675486809,-28.493714096375477
2020-07-29,-5.986518507552049,23.04189448441096,-10.824755338904538,-21.831731322230546,5.777731679948005,2.2375965624276404,19.306974448573172,8.825689040447912,7.892919621818493,2.373889865487044,-30.8136905344261
2020-07-30,-5.884094345067766,21.962910438130976,-12.046075135221017,-20.617798244870585,7.390213132543337,2.874131642001913,19.666768064841705,9.390811286715007,7.619657352960161,2.9105798500398947,-33.26710404207363
2020-07-31,-5.1812906416864735,22.54290706413512,-12.087287777095668,-20.813954758617626,6.87030640657872,2.8631896172947364,19.427236929158028,9.890412863321444,7.728159582490832,2.5769906468834876,-33.81666993246265
2020-08-03,-5.628167367980453,20.82627487009961,-11.73064797382439,-18.9390910704832,8.160339698801138,2.4665500096908772,19.166338184539526,7.910548256748399,8.702574930095551,2.595943638805906,-33.53066317649297
2020-08-04,-6.831177402892237,22.217273999403687,-11.24085679706377,-17.979708786035445,5.552684689498278,3.379314893882025,16.936184438267674,7.706975972987664,8.87315953700778,3.8506437186388496,-32.46449426369452
2020-08-05,-4.122409911167608,23.488148420554268,-12.546147448134704,-18.951637780997544,8.868809137074194,1.5497514118356577,18.83430534751851,9.033513615343395,6.731295527013344,2.3613140930456638,-35.24694241208516
2020-08-06,-8.939172146340127,24.612034882643826,-11.341128552806197,-18.73768257261422,10.7902391478449,2.7639701906228993,18.77968309878331,9.262795146803683,6.691871012118909,2.5643599723231034,-36.44697017938007
2020-08-07,0.2923932795399793,23.269329662093668,-16.93357454873255,-20.05728353942527,12.404026825018164,0.8460715527003799,15.03394679786264,12.422108619993125,6.294059661229809,-0.8835064047312358,-32.687571905548694
2020-08-10,-5.999771641764482,25.86628351530284,-12.591246422573164,-21.02377435944652,11.638583405994822,6.367070090987582,7.853158149737936,9.966001073335889,8.690583486733331,1.4678856381112837,-32.23477293641957
2020-08-11,3.6180784589619464,22.740655295348716,-12.653417874796432,-17.157402154418108,6.758554194148715,-1.029317243193134,12.813198377253045,14.02842086004928,5.303869247822149,-2.0484635432654983,-32.374175617910666
2020-08-12,3.34789030654305,25.069348054964266,-12.949010238361765,-17.41194009278182,3.6162088389592526,-0.9920030547379355,14.85603321416761,12.954769206473202,7.910807354113317,-2.9976772434023076,-33.40442634593682
2020-08-13,3.862998113504787,26.914447375290877,-12.377416803108218,-18.181365123178907,-0.38250333562879746,-1.8496872165328,16.546325713515174,11.482521366034717,10.710772255742995,-3.4641191547221553,-33.261973190917644
2020-08-14,3.7686863233815444,27.571580806095128,-11.155667494750787,-18.949299740625165,-1.279809279027404,-1.0440887796933396,14.55235344854431,11.809082276550953,11.233582887639798,-3.7846719758492213,-32.72174847226576
2020-08-17,6.2945928919928065,28.567667067138828,-10.684520144596746,-19.46975884221618,-3.493657979675092,-0.4699145575610686,12.3487980554669,12.098939344579946,10.887711940317942,-3.86968012720979,-32.21017764823757
2020-08-18,4.363878266175192,28.888408531771162,-9.729167261694883,-19.535829518428258,-2.580428021135134,-0.5255643869861757,13.275130420140414,9.312909503526853,11.652349441102928,-3.8925275685341916,-31.229159405937928
2020-08-19,4.671366197949055,29.21929292732014,-9.571590884234766,-19.25708683340602,-2.7232998415356633,-0.1973767024582429,13.78789258189262,9.369073045165493,12.12159915518528,-5.4797726019740765,-31.940097043903833
2020-08-20,4.01814124806711,30.820819811378314,-8.80045554186458,-18.452835888017432,-2.6768884728251408,-0.9741003207456629,14.439960722252536,8.989939395594973,12.052444254941292,-8.596269397010559,-30.820755811770816
2020-08-21,2.0498117641235893,30.60421508209795,-8.363779080061903,-17.330149208219737,-2.7121250285827188,1.0795112644730267,16.071745359504874,7.244501544275948,14.047170478240616,-11.105989271431554,-31.5849129044201
2020-08-24,1.4737267118894408,28.533814272065555,-8.204306884540074,-16.893007789651392,-0.86217851148524,2.390334952592056,15.594304619874464,9.322729104321482,7.5465247915278155,-8.921277248944051,-29.980664017649964
2020-08-25,1.3589981705054726,30.253281400208536,-7.069091000984784,-19.016186865563753,-2.2637132673137472,2.0798915754243126,14.467606879280893,9.459059982541262,8.786845180255398,-8.41679300094357,-29.639899053410055
2020-08-26,-1.2717292678667746,30.726114838823506,-6.572224935209263,-18.49011066007158,-3.1851307579159,2.4191640255379383,14.895824870852508,10.0248998609094,9.277974968824793,-8.284555316233309,-29.540227627651362
2020-08-27,0.0992844670540336,30.947185218230914,-6.981755987942279,-18.27475936425276,-4.0417942693574815,1.9380104495820092,14.485565152782584,10.244995925100596,9.599539461215883,-8.505713359736589,-29.51055769267694
2020-08-28,0.5840093516717104,30.938973012896327,-8.525069357688324,-17.369451076874526,-5.442624579552032,0.6088140076219446,15.682698846861811,10.64996907067298,10.12657370445605,-9.162162812240425,-28.09173016782551
2020-08-31,0.6678086405465109,30.438171200144595,-8.313571932759999,-17.87840975151191,-5.244331594733907,1.0280191687384104,15.435892684290579,10.730862346758414,10.220107451045976,-9.03006583210987,-28.054482380408786
2020-09-01,0.2148968005125056,29.31355145023953,-9.55318196667487,-17.466373633137323,-5.35392655131534,2.539681826397228,17.01516031373818,12.629589969336195,11.172579039394293,-10.924812341760529,-29.58716490672993
2020-09-02,-0.465067213372123,25.72924174267645,-9.257243902369268,-23.480920166812908,-6.512841896445792,5.251401042135967,17.192979910341492,14.820960230640893,18.685047689453484,-12.649625745611516,-29.31393169063667
2020-09-03,0.41889278921649975,21.145411999112113,-4.813614865185301,-35.09870810786213,-7.950370102500472,9.882451330371879,14.742680337248274,16.72157382942592,21.225651582218575,-12.474125645467112,-23.79984314657827
2020-09-04,0.15313839402631402,20.64446976683017,-4.4870174689558695,-34.759359194560986,-7.455589978271064,10.174516460406153,14.878106163133424,15.000763366897289,21.540996772327915,-12.147894227726326,-23.54213005410702
2020-09-08,-1.9859020399673568,16.0934200470344,-7.383821310219162,-31.354941724602128,-5.5731834419163135,10.707220174743682,17.699618127301974,9.5626867525487,22.84150693559424,-10.042810622978948,-20.563792897539074
2020-09-09,-1.8784665029561154,15.442784823750003,-8.316908579135472,-32.65047906375042,-5.124047032490225,10.812230888104608,18.550514902903444,8.94691937157944,23.546476612443,-9.438262340015456,-19.89076308043279
2020-09-10,-0.7230383822976023,17.48092575883595,-5.468931481163423,-36.37209676626739,-6.796867853706743,11.683762330929042,17.79408182860135,11.575600901556498,23.67492395730963,-11.689462956228695,-21.15889733756859
2020-09-11,-4.923346047958887,13.105219063870933,-4.73005668031773,-34.52559213147651,-5.12966339953752,12.003811916274003,19.035449866690172,4.864355841361217,24.935483854389346,-8.591848123951124,-16.04381415934391
2020-09-14,-6.7395315475016275,12.096540158756284,-4.7868005810362035,-32.74269436487586,-4.574521213786042,12.433581022379911,19.440988672747622,2.7321323141919436,25.415294194483437,-8.713657643807522,-14.561331011551914
2020-09-15,-7.422359684777064,13.277662808715021,-3.479453028672836,-32.73763040702815,-5.027815604785161,12.653964146079488,19.699830433211318,3.584845550088261,25.312280963604735,-10.279187610441554,-15.582137565994117
2020-09-16,-5.294808258933912,12.302794036443032,-5.004884237764742,-30.182197943839157,-2.89104766643149,11.881438164325331,16.493289650407917,4.299035674326149,21.104114242380632,-8.497483962218539,-14.210249698695307
2020-09-17,-3.6492120734699682,12.495241424528018,-5.445474390725963,-28.051452110787757,-3.719523276751346,10.641869373214888,16.64497316153853,5.662476711239663,20.8032924633289,-8.444096857507802,-16.938094424607115
2020-09-18,-3.0222818724547835,12.328022359212923,-5.018163867667781,-28.32249785085004,-6.705333131303547,9.835679380285782,17.78383254596166,6.330433979783052,21.76179731388069,-7.536642623574792,-17.434846233273248
2020-09-21,-2.4221271299657303,12.976284965707748,-3.98207784579904,-29.42727154607411,-8.251107504996995,9.50180411451744,17.57417066568412,7.699648191339065,21.915265285369202,-7.619764199106697,-17.964824996674977
2020-09-22,-2.929774966448207,11.832381948572902,-2.48890444592125,-28.832801298341636,-9.746166654247276,10.353559665034297,17.725997943065025,4.208249151019302,21.790247630029214,-7.494612867433432,-14.418176105328882
2020-09-23,0.7293425083974796,17.566594222260576,-4.2449674772190065,-26.739523282954202,-5.3591792688842474,5.49521394329706,14.955863617016433,7.493496546416139,16.75305021780595,-5.91908227658169,-20.73080874955449
2020-09-24,0.6060179002115405,17.148100108538017,-4.211313629404415,-26.963830363271498,-5.468318721234283,5.3218246791837345,15.048741005547683,7.287692245667742,16.767127075436818,-5.620465727871121,-19.915574572804225
2020-09-25,0.573404156763587,17.62806513222216,-4.354695341509185,-27.668388849139014,-5.335772674223605,4.834750045099867,15.156467862964547,7.560383190513903,17.033192405987506,-5.62366243843006,-19.80374349024968
2020-09-28,0.046024218669600714,13.796631370403546,-0.9929710942791132,-21.237864607447023,-4.085862016987662,3.7497619196318084,13.201764305115049,5.4880498529990405,12.114819750784775,-3.7792666698643416,-18.301087029025666
2020-09-29,-1.1521737385330937,12.886082399946858,-0.5204360622065565,-21.60818106242352,-3.201813737572948,4.18386274899531,13.968341908914425,4.035663289611932,12.933899915224217,-3.6741212502898293,-17.851124411666845
2020-09-30,-3.0355417887196836,11.519549001984046,0.3957422358049456,-18.748099198185926,-1.6366683615970317,5.1960116462987,14.79905292893821,2.0181590860911314,12.750314462942924,-4.0291334426268435,-19.229386570930515
2020-10-01,-2.755003342645992,11.20586184540636,0.6875834800654843,-18.625586450568676,-0.9776291537705077,4.8496219191060845,13.56428126031254,2.338058211178037,11.583585930620018,-3.5886927819105665,-18.28208091779277
2020-10-02,-8.024086166798128,6.937298372850748,-2.696337259671594,-14.097853385954593,0.5849011032274944,3.615569574533481,18.481232111363013,-0.6929920841691768,17.095860451303494,-0.6032129393506835,-20.600379777334062
2020-10-05,-4.635395184198913,10.300137485721777,3.0881336262066554,-16.818102989907885,0.9581027236313702,5.4512384452286256,16.29957638636847,0.4718072612522519,13.013594083231112,-6.664298732704125,-21.46479310482936
2020-10-06,-4.970018508608575,9.028078213956007,-0.24602568805713076,-15.496601807289878,-0.6411887851866851,6.318481198740486,13.469919095047672,1.632670485737819,15.528806883613996,-5.06244101246628,-19.561680075487445
2020-10-07,-4.054694468442506,7.224132523031983,0.14623782665202611,-16.581630961316023,-0.46923820832874696,4.551467477683403,12.992313618303967,2.711105816581181,10.42928037086665,0.03495036890647896,-16.983924363938414
2020-10-08,-3.031014596263688,7.296933856729055,-0.11460265106843792,-19.295417525554228,0.43150461466809986,2.667471078684443,12.996584247933413,4.21980262651563,9.335721043281069,1.827262124858592,-16.33424481978392
2020-10-09,-4.810800329533876,7.539314558807362,-0.07972115788930978,-19.31328506186081,0.5638319735122224,2.907108139528958,13.255601051731503,4.345427290713246,9.631976299807008,2.00260933823283,-16.04206210304912
2020-10-12,-6.9160668422962885,8.575269191684896,0.4868227245913914,-18.354093005328238,1.3489062833292849,3.5183578009090013,11.690976990662861,4.366480398520423,8.226170309622603,2.423884741217435,-15.366708592913369
2020-10-13,-7.240389738912185,8.621222380726124,0.09773946000547085,-17.989421107529353,-0.0007646229652920056,3.8019346516855848,12.107323154374043,4.526416651504249,8.604351729522492,2.3774505585012804,-14.905863116912428
2020-10-14,-7.45262796921611,7.470393346327896,0.28321144030913104,-17.746733426727175,0.3559063788607517,4.184781070211585,12.430933969981652,4.663622560860148,8.103148581275875,2.672539949677926,-14.965175901561665
2020-10-15,-7.830200116095455,7.913231023631454,0.629584682356338,-17.447228620678985,0.7326280860346515,3.4331910645730375,12.363370387164863,4.996945168148969,7.454565299196787,2.7913092178051215,-15.037396192136754
2020-10-16,-5.70958871600466,-0.3259797372530642,2.1840237705737877,-19.958824293697816,1.5871333577207594,3.7754925395020535,13.812975687528777,5.821329827500946,10.506549871604904,3.023700312903614,-14.716812620379315
2020-10-19,-5.530845957866873,9.926695026953027,2.3408834769208795,-19.068283196931567,-2.0898957126606916,8.518134911074029,10.676097341418071,6.157772603245533,7.249162959498165,-1.597856229562126,-16.581865222088425
2020-10-20,-8.914243247249416,6.724811345515349,-1.499915643516161,-16.90287477433639,0.27498945879159464,6.778235244338703,10.62994421845734,4.333566945359692,8.109403581535986,1.4911476287703067,-11.025064757666968
2020-10-21,-10.091758107135817,5.381863130536189,-2.3077143140162093,-16.77790310404123,0.8055998091411709,7.28554046799924,9.862122721524699,4.3668994599534585,7.312424887139628,3.5555526211590376,-9.39262757226011
2020-10-22,-8.661244785867751,7.50552176930988,-4.162799989310926,-14.409434764810996,1.4757977221097889,8.383796188788878,9.150618334259875,5.195660435462159,10.729503870468704,-4.109797536536547,-11.097621243873135
2020-10-23,-8.842887403495965,6.78389983408988,-0.1619892750065901,-19.851667121832307,0.38005104298635217,6.308239933606103,11.595525696533912,4.907597776581966,9.400397577386698,-0.4871264298575966,-10.032041630992495
2020-10-26,-7.206026533073739,9.15785816465123,-1.7649743710843069,-17.531614396433653,1.0948980368896173,7.183833256051258,12.798163959032095,4.52363767629484,10.467158952539961,-4.926919600942455,-13.79601514392489
2020-10-27,-7.936157535599477,7.773718764329558,-1.6757004056507583,-15.454060338465396,0.10474621464905454,9.505939784161697,8.872579897041774,3.90442336201707,10.969574118721226,-4.309344804612678,-11.755719056592056
2020-10-28,-8.313830174393516,5.28195742267765,-0.5391336668100735,-19.689279245782373,1.8183067533754382,8.33986495781518,14.470738092096312,2.019246496225776,8.688985657779028,-3.081710909315646,-8.99514538366779
2020-10-29,-7.861064130528902,4.614017020906289,0.6543305572169515,-19.99422536709536,1.0766750547381037,8.223417873658661,14.817823302464248,1.7365701581854864,8.050528185519667,-3.8049541205683113,-7.51311853449684
2020-10-30,-10.109820910242377,4.5094428505379085,0.43393721339216995,-20.377490122757266,1.6952905100168323,8.804096848661644,15.597221287829399,1.9972511297601017,7.8049889714198315,-3.103025991014391,-7.251891787603867
2020-11-02,-9.770695904258702,4.8393816007949795,0.2627040617735048,-21.076041972892526,1.4408124075992674,8.488187019944988,15.836282655177286,2.2474012590660806,7.922211627334647,-3.0461153979411932,-7.144127356598361
2020-11-03,-9.955693379141096,4.465937625896345,0.04877941645986539,-21.665893088825435,1.6704651775907564,9.209437937643614,15.336937357661895,2.241841587589576,7.913021725473001,-2.581306861444588,-6.68352749890397
2020-11-04,-9.600793816593011,5.913490837387798,1.3573784987015074,-19.98157406992607,0.3853194424030306,9.292124841618275,17.301295731993434,2.265265199654351,6.319366432916937,-5.091770815937323,-8.160102282219029
2020-11-05,-8.284513999308402,7.6274128716231075,2.8182963968941266,-20.002087830690684,-1.2253779624328587,6.165358231167417,16.365913824733,4.245276203952017,2.7896933605181573,-2.970903097557155,-7.529067998898725
2020-11-06,-7.681225783009822,8.309499805653132,3.148899907766406,-21.058531377501296,-1.531192769205461,6.246751752346839,16.0350328641766,4.279068166277455,1.7362231584594952,-2.0535921166575832,-7.43093360830575
2020-11-09,-9.659704015377585,5.661518674804441,1.9470432142004768,-16.517204716376256,-3.81507549760056,6.74624335087033,11.912149869595822,6.944672481046666,0.9740003078310338,2.289538154138242,-6.483181823132597
2020-11-10,-8.506427577450097,7.045079358518279,-3.751495786500186,-15.773959343035457,0.9715418218449372,7.150920335990648,10.624313238098438,5.8111195674741225,3.119967632557902,-1.3389263552261497,-5.352132892272408
2020-11-11,-10.65891855832787,7.297020753682617,-4.12408616821439,-16.150743909489762,1.4610719893369009,7.5028979058106415,10.648018148950172,5.778977777053029,3.6412858763649467,-0.5809543808173601,-4.814569434348968
2020-11-12,-11.380062534815735,7.1805731348086255,-4.372528016041201,-15.623154676876226,1.3295434700981446,6.739314609896979,11.000516656786388,6.16165085791549,4.157835257200617,-0.31312521936612825,-4.880563539606911
2020-11-13,-10.657074886804992,7.291187605785012,-5.049634789787106,-17.448983274243062,2.3539715631139444,7.42579779579971,11.20546938278541,6.742327659278601,4.031424523653996,-0.9450405829104938,-4.949444996670991
2020-11-16,-11.93672811520905,7.108653321613275,-5.8783783305253365,-16.709383677775378,2.663721632853836,7.639791999653809,11.87866204901708,6.89778329938116,3.7409922577673598,-0.7551729263776252,-4.649941510399103
2020-11-17,-10.861575451175042,7.601718861504466,-5.338653799104833,-17.929428179214923,2.8926447632517807,7.260376119993012,11.05267023457624,7.208500475469862,4.304018019237105,-1.558031951593236,-4.632239092944431
2020-11-18,-13.613553151383215,6.666821918646221,-5.747304612237855,-15.320136982799681,4.166956499854095,6.546243674376498,12.00693011449249,4.756790122968496,3.756238053415416,-0.29443992064054214,-2.9245457166919095
2020-11-19,-11.981527851195949,7.842561384960007,-5.797876447635375,-17.43401759993764,3.8672856119807335,6.026161477567868,12.59995140442436,5.871372974738819,4.778150370292309,-1.5873169492173957,-4.184744375977772
2020-11-20,-11.44963362587535,10.855770254133049,-6.224841004709603,-19.03331195760171,3.8305456877164943,7.414968586333018,12.021717021324136,4.896518580623649,4.688350657851629,-1.8892565430378028,-5.110827656757479
2020-11-23,-11.004135966612424,10.548563909018725,-5.260248943316327,-19.802991705878597,4.243387876192102,8.073784115360922,12.002817113176462,6.175477609687732,3.2550320330890656,-2.0694262702262307,-6.16225977049146
2020-11-24,-11.471891253113355,11.10952593558703,-6.29349541515343,-19.47125209746696,3.8408045476914907,8.65984670210004,12.2221894503447,6.464723320218965,3.3459226023437623,-1.7399482293877355,-6.666425563164566
2020-11-25,-12.761059793795852,11.756839629979197,-3.373552469443865,-21.043094858651095,2.484679350961187,8.734295223423771,12.999594836746695,5.630732524835551,1.9811710777585319,-1.3607544316871412,-5.048851090127016
2020-11-27,-12.868551334862005,13.005596756501816,-1.7324112376221308,-22.037068916053236,1.8498499493368428,8.257245423237265,12.005272481559174,6.532506220382572,1.74411063734766,-0.7285611049664453,-6.027988874861549
2020-11-30,-13.729767504844489,12.902019792868842,-2.290418550494678,-19.26132720205861,2.1334774797935836,6.324934112202257,13.20514405769157,5.581508566800977,1.9975721508298534,-2.1686202711330935,-4.6945226316561985
2020-12-01,-14.491872319100068,13.168927123184176,-1.836341728927735,-19.8921281911744,2.288729475002498,6.934515120084342,12.264539274177324,5.856489012566541,2.6139171064670847,-2.4319415258006245,-4.474833346479144
2020-12-02,-14.488850110198314,11.54145238082151,-1.4054595218235022,-20.743854699953715,2.9240164511978293,7.172683543187048,10.847072901680704,6.336633405357119,3.3641023583879814,-1.601855490243807,-3.9459412184128126
2020-12-03,-15.42207720069618,14.734727352236462,-1.6095924277126983,-24.697586218318094,2.481393042843294,7.904570035999086,12.850721994857224,7.652038641121905,2.3207481709319353,-1.1219540991150865,-5.092989292147891
2020-12-04,-16.746511393117984,12.801720601542783,-0.7260687971003108,-24.881315582026872,2.252126828265304,8.671901402119602,13.738941708294945,8.493622305720024,2.349817830433352,-0.7390048907483759,-5.215230013382481
2020-12-07,-16.253104612582106,15.544691641662922,-1.0728959150478374,-26.895957377635355,3.761485177193066,7.778500931534097,13.86760750544984,8.62577195926896,1.5846201784908658,-0.2367195179707977,-6.703999970363597
2020-12-08,-16.157028973196077,15.530259777434594,-1.4273934800121424,-26.507719015665458,4.011414706572836,8.183703012999345,14.107569842292719,8.806284240883343,2.172150646099908,-2.539733345147681,-6.179507412261415
2020-12-09,-16.567153916142246,15.479293520824726,-0.7107364785899648,-24.92677948995795,3.9719395005431863,8.862464431361445,13.258206331280391,8.371447848954446,2.3307774903865095,-3.3160605288840515,-6.753398709776491
2020-12-10,-18.12276598634122,15.710655700076828,-0.166119468557838,-26.71800043197544,4.701758595500422,8.92308097708721,14.261720044637045,7.674964555567442,2.651018726529742,-3.11436941023112,-5.801943302293097
2020-12-11,-19.021293857997833,14.973826483840739,-0.3602786079119795,-28.761126311006635,4.964657104466696,10.237193266668086,14.92820542086622,7.573563983268485,3.0064386162208763,-2.495408227123292,-5.045777871291364
2020-12-14,-20.286117506083414,14.914457733701411,1.4668889953114643,-25.957010159220765,5.875209108335454,11.277401351111294,15.929112930621955,1.0675473098467023,4.741833693872891,-1.9705403364263248,-7.058783121070675
2020-12-15,-18.611658396299717,16.561070872803185,2.015844691804162,-27.129364445963688,4.972173451662016,10.458276643398378,14.385731265556984,3.8553384210268575,4.321994851544744,-2.926761291115966,-7.902646064417013
2020-12-16,-17.308783260389603,18.37357186464989,5.469566660610241,-27.055044646315267,2.2487267094139582,10.747731814719259,13.673774287845205,4.287683114139114,4.411828076441438,-4.014512067101336,-10.83454255401297
2020-12-17,-17.50766514759384,20.088570637166427,5.959687349677793,-27.53172910259537,6.292944969920583,8.715623879109344,13.56023349642507,4.114191988072093,5.123485777530931,-4.833736386031816,-13.98160746168115
2020-12-18,-16.72056032866132,17.918420833131407,3.2043646986508207,-25.896894445097068,6.132593272956811,11.112279925771645,12.172522466427992,2.2372743756025386,4.6210093885941745,-2.769241064388325,-12.011769122988639
2020-12-21,-17.36891701065349,17.614962316379817,2.8627475867561856,-25.100575631416184,6.705402800426455,11.731680510355659,11.237876289968042,1.5185092876443775,4.897415582996231,-2.433642985538313,-11.665458746918702
2020-12-22,-17.970716547753312,16.56624485188884,3.391699151079166,-25.62478979014331,6.06578387327815,10.557559792243282,9.870638684978985,0.3101251126894766,4.449093321509636,1.1176612499009053,-8.733299699671718
2020-12-23,-18.236043052577486,16.14660044234806,2.8314762296608365,-24.980443108782637,6.126474453304326,10.798523561774232,7.4565193293129965,0.3418449836224937,5.306985197023252,1.6099382105637403,-7.401876246249785
2020-12-24,-18.096510049346534,16.79941384628235,4.507451652095455,-26.837788582621265,3.60291003049295,12.502621249173089,11.972600695016453,1.460678093325754,4.463121005675333,-0.5386167833315483,-9.835881156762028
2020-12-28,-17.772155788133816,16.77131132141372,4.943361426698345,-26.065343409576144,4.119097050030788,11.320835942727726,11.964489534377094,0.5944898876520313,4.9148543602193655,-1.2513076429152221,-9.53963268249386
2020-12-29,-19.437115409649593,17.38686787700054,5.334793324574065,-25.58265006986953,3.8355981283663,11.25056988296464,11.191008171429914,0.8228272183834804,5.75564671304133,-1.140487404554321,-9.417058431686797
2020-12-30,-18.831982900073896,18.035625637489403,4.441582677209851,-27.20970094083861,6.868433761750694,13.389730917200609,9.25783846908746,0.5984921860385981,3.6452613005730257,-2.919444715792551,-7.27583639264455
2020-12-31,-17.412050693557774,14.867933753229764,4.359368931942839,-29.367920084015736,6.020270497363825,13.495340261760177,9.764249969124364,0.4902368123268559,5.283269564174319,-1.0672947826741677,-6.43340422967448
2021-01-04,-17.37297227875645,8.364069152265614,5.89764643255765,-36.62963072166406,7.160785483149198,16.67398410135577,10.148565038078388,-1.0672415739718133,4.741684143651682,4.202844406425996,-2.1197341830920067
2021-01-05,-15.325778516951175,8.68890426329969,6.586285919849615,-39.2283929201414,9.457006624422263,15.423907305917439,10.234251966417176,0.5293532524640483,0.7828537955334269,4.356138087852855,-1.5045297786638514
2021-01-06,-17.3537462964363,10.489673537474289,4.623734725667504,-37.01930878768856,9.582121522457967,17.229788681220484,11.437256230961921,-0.597518948422703,4.7839187922375,-1.4026498408221357,-1.7732696166499409
2021-01-07,-15.489293766669263,9.748683768449851,7.737560078847892,-36.564121426450825,8.718164208193045,14.336421633444331,11.056101820582128,-1.3721418638724288,2.226248086126617,2.548329247029443,-2.9459517856808333
2021-01-08,-15.261157358714428,9.823713867803534,8.068016843937272,-36.55907785958039,8.710316100977849,14.50052745657689,10.744183234905606,-1.0922547188701799,1.5513524863767572,2.8444588940901383,-3.3300789475029973
2021-01-11,-15.438583874347174,10.239815206178662,8.562295569495959,-36.67766318601584,9.246746189681005,12.304741647813316,11.112066305533261,-1.2647779288867866,1.497210620663708,3.158352260153549,-2.74020281026975
2021-01-12,-16.231102203188527,10.505451721185565,8.605293579008176,-35.61673589204182,8.886594251937694,11.419998737831193,11.089455043846627,-1.811868131746479,2.2019232742847663,3.429435277483776,-2.478445658601032
2021-01-13,-17.06584750408841,10.87219723995527,9.643237088232922,-35.804240433602146,10.607744569615548,11.701186519045194,10.83671080398851,-0.5725253891986455,0.3878881693097753,4.003622671400535,-4.609973734658567
2021-01-14,-16.827623796262017,10.398712748600033,10.006933721510038,-36.07900087793348,10.87353788375826,11.959582128188757,11.038087878211115,-0.469694348447419,0.12405212274316568,4.096014745511837,-5.1206022058802745
2021-01-15,-16.772355237123165,11.128469632470427,8.995762583312029,-34.887236201833716,10.240321942523195,11.779951561377842,10.60662263644835,-0.20011408243992435,-0.45360630108783084,4.728644733773194,-5.166461267420388
2021-01-19,-18.815270645992776,11.643330072846723,9.275332582160402,-34.75230065292535,10.863059360386018,12.498975556099296,10.703135111447125,0.2393712805417465,-0.4676604051059883,3.757524518873879,-4.945496778331034
2021-01-20,-17.413065993763425,12.135562188665276,10.190302316532495,-35.02895405066176,10.697379064764007,12.990290523848074,9.033252358144608,0.9847610295465046,-3.8286032811467408,4.358718431989956,-4.119642587918975
2021-01-21,-17.871156426912975,12.330911408278936,10.383844970543606,-37.22475101401376,12.19276545401381,13.983303212633047,11.414355530491349,-0.2815968489887979,-4.023545762498344,2.6927658676527386,-3.596896391199593
2021-01-22,-17.927034759935694,12.35158224646635,10.71250428404872,-37.68011918215143,12.227660774712845,13.950181742515696,11.405031939777643,-0.9350745046876483,-4.160557649498855,2.951162265824692,-2.895337157072305
2021-01-25,-17.57141770747255,12.539812514292663,12.287857207932234,-37.844804390115364,11.131135765499053,9.077127634495668,12.495101599893289,-0.7677361877440063,-2.6202187567295,3.0189593397727776,-1.745817019824301
2021-01-26,-16.713548581889853,12.277106196615705,12.70889783396585,-38.68349449010496,11.728200397832666,8.80273097675564,12.488357199301745,-2.3152924454939665,-3.3033332164315254,3.8094605469432565,-0.799084417494555
2021-01-27,-14.875927744627703,9.952600267879063,16.089136979051986,-34.660960116497336,10.00233636726962,6.614014624250757,12.260447968519813,-5.0125288410130935,-0.16323452239694802,1.3538180895506429,-1.5597030719868599
2021-01-28,-15.099187310656987,9.858069507723172,14.459999776324167,-34.345114888714775,11.465542718039018,6.100537421591795,13.871345816544476,-4.343834667002369,-0.21460254140880863,1.7396698157851773,-3.4924256482248808
2021-01-29,-15.48400517261777,10.731926265777219,14.754052552814017,-35.16917464851612,11.427835463917432,7.014041927541527,13.86003764828395,-4.70181001479186,-0.6019028604985124,1.7251528305570645,-3.556153992466932
2021-02-01,-15.788238830799585,9.445225123668905,15.151994586328797,-33.99518383376129,12.267702775559243,7.045956748927239,14.428978216912625,-6.000188396905472,-0.18624184981010217,-0.6163206019237037,-1.7536839381966587
2021-02-02,-15.732714835641417,8.733804213838766,15.979470466598585,-33.78310206592023,13.345545534959214,7.804776314636783,15.443297772007654,-8.139685843253545,0.20439172885612322,-1.4777958200806154,-2.3779874660012723
2021-02-03,-15.495470029905007,8.58179953124609,15.99403649013071,-34.86862285874555,13.100858770784626,8.488936745710163,15.760211757955574,-7.001359025835569,0.26897673644077713,-1.9380352966206829,-2.8913328211611145
2021-02-04,-15.663278219168461,8.66095242553881,15.915014965081966,-36.03863931487369,12.61035545234698,8.474298940335885,16.07428978443447,-6.62831352832012,0.9313331477228957,-2.296132391327191,-2.0398812617715834
2021-02-05,-14.260977176629368,7.547423473036645,16.289640484975834,-34.733329257772105,9.498336484883026,6.931514625509891,18.227831214666068,-6.387588189272009,0.22440985494947085,-1.4040369866378626,-1.9332245277095836
2021-02-08,-14.202020107471043,7.095302250201158,16.604609479336744,-33.89683343652162,10.100806402428304,6.38123889720076,18.078004969857844,-6.5222258849437225,-1.3451071752189705,-0.6055220377338912,-1.688253357135551
2021-02-09,-15.121061366399175,7.94713262870772,16.914578407423818,-34.796437356670396,10.300242549745874,5.89348930014404,16.876472406053708,-5.407425337359243,-0.24542597334684046,0.5318381907562326,-2.893403449055697
2021-02-10,-13.598929252754985,6.392246639204217,16.97152159874844,-34.12506953457277,11.043719128957306,3.7284006698161107,18.292102495841746,-5.288401645454599,0.5924112204752987,-0.34969919191642873,-3.6583021283444026
2021-02-11,-13.75026893973029,5.963435839408405,17.018992492312364,-34.18530768610636,11.262544292683273,3.8117255734931206,17.951746778538563,-5.490783913180849,0.5392447091878125,0.07105052946224077,-3.1923796760682706
2021-02-12,-13.566201456953053,5.364586864534232,17.50034818506306,-34.64044100211197,10.847222376610773,3.978001795494137,17.548174623600943,-5.034798339822416,0.07895061081241295,0.5532637941298333,-2.62910745135801
2021-02-16,-13.435257660812027,5.5913443091600215,17.633943135608305,-34.73451941867773,10.890201871493801,3.6937366809386987,17.473032495704388,-4.9060034725576145,0.06931524583683313,0.2592855391955169,-2.53507872589023
2021-02-17,-12.971962793637587,3.5680063305411664,17.73113730560084,-34.12115104510925,10.80956666618222,2.9410291368587167,18.51884138534372,-4.08007076109611,-0.0985070441463165,-0.24738259825302578,-2.049506582284394
2021-02-18,-12.606996359101814,2.638466626784208,15.889860134867206,-33.96717576094012,10.886860706114206,3.560382828327448,19.65454950995118,-4.139889704063435,-0.357707380102525,-0.5484058301945112,-1.0099447716418979
2021-02-19,-12.302117552906395,3.859030283851027,17.27742395002022,-34.44547997352471,10.486918166493979,3.860191737496166,19.09218192648615,-3.808044196958363,-0.2678550186170696,-3.2711404669776556,-0.48110885536333114
2021-02-22,-12.153498750191801,4.1577114939133395,16.727810167210265,-34.07435274402803,10.553780139497107,4.1062761163664305,19.732812290396808,-4.030867504778385,-0.5003305819797959,-3.8784781461727675,-0.6408624802331104
2021-02-23,-12.690197138123779,2.0603056219070055,16.88582170676375,-32.51904027520259,9.792096680334367,4.69687263924628,21.418272729762506,-5.21999201217983,-0.2540983569850681,-4.743833848034669,0.5737922525120496
2021-02-24,-11.735357976679865,3.416861850606878,16.184872560850607,-32.070176734914746,9.279295541356035,4.618763205617839,21.043366790127408,-5.433526223056575,0.2899195407713222,-5.436034799353266,-0.1579837553257022
2021-02-25,-10.276062897497738,7.3932481911747345,12.531192947676715,-31.480824641777318,10.027314083766058,4.069290105286058,22.320538298926706,-1.3370049193972733,-0.26993837585939673,-7.585792747590503,-5.391960044708
2021-02-26,-9.869425836859335,8.08648576680065,12.641273618475623,-31.72438964032748,10.201834460029332,3.871054501066439,21.523980321280987,-0.9504826705924501,-0.2204577051242751,-7.333219738191588,-6.226653076557852
2021-03-01,-10.395047453320274,7.816140513831698,12.46894610939168,-30.722794067125882,9.651970602255346,5.187344433550791,22.069932893176073,-1.2398433527299773,0.37501710458654713,-7.308581363801011,-7.903085419814985
2021-03-02,-11.476349351787562,6.672640275907071,13.595879472381228,-28.02356461736686,9.6316258307276,7.9284119168158895,21.790166227249713,-4.456917211039254,0.7439891616364918,-7.766365870585503,-8.639515833938859
2021-03-03,-9.911431501867199,8.49263995779529,11.683356314856468,-28.758623746626384,8.753784698683148,7.04668130584146,20.363685656381946,-2.1147533222779913,0.06908254578789297,-7.533189896127425,-8.091232012447236
2021-03-04,-7.728521622819159,15.15683708916481,6.486723606959103,-31.23472327387067,9.431489049048622,6.309929461919282,18.070962112238206,1.0704325244140591,-0.12930627010226203,-9.278106347515504,-8.155716329436515
2021-03-05,-7.714626406736301,16.00652299852267,6.597636544195296,-32.16905937504154,9.166327623031208,6.3275887715505945,18.51428122966429,1.3164932767375888,0.42767641121831446,-9.40446249567239,-9.068378577469772
2021-03-08,-7.436624308608728,14.787393726251281,6.17470284809427,-29.843632201402812,9.759011105208117,6.541791599424229,17.9572947572903,0.5990789706681596,-0.6506107153581269,-9.39853974475922,-8.489866036807484
2021-03-09,-7.041748939061577,12.915704973553375,6.524209934943983,-29.139307942584388,8.819651982259586,6.601086361888051,18.385630280508224,0.39164894825468366,-0.600868474600361,-8.769451061041309,-8.086556064120188
2021-03-10,-7.112891635409383,13.548853707537162,5.04424359372797,-28.987437531644908,9.257510155333122,6.416336556975665,18.62010830391077,0.6012068448956001,-0.36695111823007664,-8.806330095001684,-8.214648782094173
2021-03-11,-7.233394797952897,13.17563807293088,4.079610630865986,-28.25649825307012,8.39508078280842,7.790790439724191,18.80915162436348,1.0803301625564927,-0.5010357719558414,-10.699016537136842,-6.6406563531338065
2021-03-12,-7.8703981388083974,11.999673887634145,5.2778783616568745,-26.80710141708562,7.81493666148323,8.73942030334075,18.54758363009674,1.2440326245720144,0.5103379276183517,-12.319122396607355,-7.1372414439007485
2021-03-15,-8.195832582618934,12.615941070729619,4.564961398320278,-27.223516595369844,7.464552054791554,8.656062594429699,18.80290632623995,1.4278427837481331,0.22899918848162315,-11.729978477185952,-6.611937761566139
2021-03-16,-8.473316979259764,10.691623505543035,6.454362882827141,-26.45060505089387,6.530741209110602,9.421008122261341,18.1015127374735,1.1889981985825102,0.4426515359653109,-12.186620006063492,-5.72035615554627
2021-03-17,-6.569098341805471,13.562622586263387,4.308215735660809,-27.313038807038645,7.353241661154328,7.9488978308936,18.602393399212474,2.6095752574374416,1.2028122699947517,-14.820959605842638,-6.884661985930009
2021-03-18,-6.563270297578768,14.209581818170008,4.26109997602812,-27.578626554777237,7.176594506593759,7.837829808984878,18.63564840415212,2.8440970174073215,1.392669035557816,-15.401422780554,-6.814200933983983
2021-03-19,-6.4764719941223206,14.307717508365073,3.69410616187821,-27.614872972963276,7.127525359030074,8.162453360078814,18.763226375283892,2.816563240849959,1.7192919538010187,-15.324358602139881,-7.1751803900616125
2021-03-22,-6.369293830454197,14.094273731696163,3.6227299539671236,-26.856211605551017,8.278053630861066,7.107078677162576,19.709216140874275,2.3442573087733365,1.790555450543465,-16.388456597854038,-7.332202860018768
2021-03-23,-5.8332283154370685,13.83361069596154,5.29773035720892,-29.205053271878086,7.4763585637865475,8.921897820408176,19.49232686084558,3.579068069509006,2.025111961958274,-17.984429446158337,-7.6033932962045725
2021-03-24,-6.339502831180596,12.571492977361046,5.931025034263712,-28.939041650762732,7.891201903899827,8.535539229657545,18.45362961722614,3.9479791342843953,1.9408790991387832,-16.567365259818196,-7.4258372540699185
2021-03-25,-5.02596342200296,15.49930963880388,4.835109757605977,-29.37924885220537,8.440727823850807,5.613802061762016,19.678662877902852,3.6741962406237576,2.9405202287591976,-17.19115275661897,-9.085963598481186
2021-03-26,-6.427003706882147,16.00607406698063,4.1977522359728,-29.05252263480618,8.59651744230652,5.381580678739084,20.54513031244653,3.2407523284635573,3.6198568179785013,-16.877495792507453,-9.230641748691895
2021-03-29,-8.390819357123931,16.257926001477003,2.2235608775812494,-26.89488806445292,9.954475670543616,4.515845179660204,21.002397511855705,2.599027438761837,3.7767844252443155,-16.92893103250124,-8.11537865104583
2021-03-30,-8.208766807022656,12.455105430554553,-1.1871928849748485,-24.722145164027353,9.761582347282712,4.446009106510488,23.884972892540148,5.160946360639585,4.396328514841983,-16.375688865856276,-9.611150930488307
2021-03-31,-7.174838147924831,11.15780685487583,-2.48496367702802,-24.72392486012285,10.790302092906657,4.63606857405658,24.54503862507613,5.055189385389141,4.9564203951473615,-16.75333126628493,-10.003767976091055
2021-04-01,-6.361321417130782,10.47457826685023,-4.182183474205118,-23.941317998539823,10.820583821263853,5.55080891637698,24.939292712967855,4.829498688704845,4.686126312417912,-17.978110561244584,-8.837955267461297
2021-04-05,-5.893678554636153,9.403385919733239,-2.1354215748785776,-22.250122802084817,10.126603544586274,4.208050268571981,22.574936627916045,5.450253961817481,4.9711656708406196,-17.144850943359884,-9.310322118506292
2021-04-06,-6.973402476349889,9.402739949557443,-5.6289868321693035,-23.16556276318687,12.175377123430295,5.338762232708845,25.204344744812133,4.491866554829926,5.969021569824932,-16.337406605015204,-10.476753498442278
2021-04-07,-5.5057639745203915,10.005319538145713,-6.6154975815017565,-23.502185962354226,13.62166702528998,5.223712716970326,25.688603278657155,4.9382596640526515,2.999634725945157,-15.6421561477988,-11.211593282885786
2021-04-08,-4.51610492786007,10.600904460983486,-6.816276372159052,-22.17427339675328,13.228483776548174,5.0711370330858045,25.12084808221374,4.857041094924341,1.2436595057317703,-15.815584832382513,-10.799834424332445
2021-04-09,-4.287483900570805,11.17197494766576,-6.852493561054118,-22.02082240180026,13.195039573918422,4.911630391819031,25.657909981474674,4.755417225688973,1.7621406419609968,-17.36708545544485,-10.926227443657794
2021-04-12,-3.185974517014216,9.199029359128843,-7.93553325224309,-22.90521167255519,14.412260810244732,3.525540437539405,26.527301583367958,2.8085288524884646,2.1259181728682677,-15.127602628965846,-9.44425714485935
2021-04-13,-2.8369301447430217,9.783824808820853,-7.994665941529931,-23.39887126294022,14.793613034658165,3.7440988625116916,27.117623247905144,2.9796197384846153,0.7396984851206128,-15.088168280971303,-9.839842547316621
2021-04-14,-2.0877547089414037,9.429131459090883,-7.596081975448939,-22.985487588164936,14.666342690711673,2.061067527612863,26.68299541061225,3.7769218016678963,1.421523775324971,-14.812571623418549,-10.556086769046743
2021-04-15,-1.673272522202268,7.565738374638158,-5.554424289437222,-22.887683782088914,14.139923084566817,-0.4352522647556185,28.688934479569127,4.414377470876943,1.8781494649033732,-16.390933768007358,-9.745556248062996
2021-04-16,-0.8485741469693551,9.126186413710954,-4.89115092427005,-21.97182660096386,13.539703892704836,-2.362890131677929,27.902129284856997,5.30402419807389,1.524939390847507,-17.630705684684877,-9.691835691628157
2021-04-19,-1.201047641858608,9.225559750933712,-5.741204127688363,-22.33308787322649,13.812812110106847,-2.497475792215681,27.359764782417827,5.728932493395533,1.906989815451226,-16.77510038326765,-9.486143134048376
2021-04-20,0.46062650329281496,10.057564073195465,-1.6835483302133696,-20.928375614899053,13.056369422643499,-7.289131889207724,24.555675209766264,8.462230458107172,1.9836895743593743,-17.517418358022503,-11.157681049021932
2021-04-21,1.1642048937855805,9.69316794583942,-3.0415978216556994,-20.94500452818035,12.441510267140899,-6.454172126663451,24.859084824323617,9.037992062565138,2.5652318433917856,-18.6683910664687,-10.652026294078198
2021-04-22,1.479279112824159,8.172642196288209,-0.9837543571845089,-21.55097606692474,11.583163867382808,-5.401756256269763,24.245096887979642,8.360599851514252,0.8345629970914104,-16.018644955961484,-10.720213276740026
2021-04-23,1.7693957445719946,7.955610718776427,0.028957814701868756,-20.63645568680085,8.56657325961308,-4.852982637926928,24.506275933782803,7.862294049194233,-0.48954970762446237,-14.72619683808545,-9.983922650202729
2021-04-26,1.8931195760854251,6.545446468449072,-0.6139023710429399,-18.568428392905922,4.882677429898749,-4.4445982180864405,22.3629880069805,7.424286499904824,-2.12330903151296,-11.502173448558864,-5.85610651921138
2021-04-27,4.701782335075919,6.048387221232431,-3.2309459763771287,-18.06445828653348,2.5063322879913272,-2.4974869453584745,20.33389681738953,8.589277508694579,-2.213952037919725,-10.938054488228858,-5.234778435966163
2021-04-28,4.663969411781935,6.373660167728616,-3.0535574632773717,-17.522379449172163,1.858549784650961,-3.1987901621198915,19.803588325376865,8.478039303336544,-2.0625759424742256,-10.59552577543272,-4.744978200398577
2021-04-29,6.003783709471563,6.653475167056271,-2.4931081388005225,-15.949639988261154,1.6169242920176572,-3.6171327282437886,18.849679158344813,8.118494264342175,-1.8138165612872967,-11.525209339410807,-5.843449835228881
2021-04-30,5.786201857475234,5.472858089881356,-3.4285632893745657,-16.721136990874342,2.5985035220735,-3.7251275730802718,21.32403720206959,5.711493896679016,-1.7207994108284623,-10.53889367034867,-4.75857363367237
2021-05-03,5.886388535313188,5.691620846474379,-3.7760778271816946,-16.500302330608164,2.1732233906700316,-3.7205751800901794,21.131246443832552,6.016099875901148,-1.4873237103066828,-10.711576967131606,-4.702723076872928
2021-05-04,6.490958509905269,6.7377534377638,-2.6983742265014854,-17.21226022748617,2.0464797471023104,-5.358696911906023,20.32263063547144,6.903172918467405,-0.2744226050297698,-10.955337107805093,-6.001904169981685
2021-05-05,5.535925598386143,6.9404328634769,-1.8319028239105108,-15.3488540770419,2.46025948434324,-3.0863810273508676,19.981845204100694,6.318614472967184,0.4204546707846504,-12.53074818984554,-8.859646175910001
2021-05-06,5.8489291950623965,7.0439744463095195,-1.9908795467641056,-15.046315389215316,2.3752396937858435,-3.2241801389038187,19.144100061827658,6.4627725476990605,0.030498849863818123,-12.492884033527076,-8.151255686137944
2021-05-07,5.606179421010822,7.024213798109855,-2.887064807140092,-14.516315549668604,2.847777536580864,-2.4354446213602614,17.644898182619656,6.788519790410291,1.058526504529084,-12.633231677062625,-8.498058578028946
2021-05-10,5.208515682065368,7.517774608001517,-3.4320935752254513,-13.690622948774646,3.5587817858847615,-3.4376975310291584,18.638413867828305,6.238256243293293,1.4750186555215805,-13.301378328689616,-8.774968458875904
2021-05-11,4.9087019609667095,8.575695590891442,-3.2742351466138473,-13.626785944661975,3.459023550204847,-5.0945330825671675,18.32911060112825,7.361587785757848,2.4215696578566366,-15.040176658952838,-8.019958314009855
2021-05-12,3.297850350854688,9.745733815429432,-2.8014624598059754,-14.201483058195109,4.716628270782934,-8.05700977795972,18.814745094950936,7.807574956129827,3.444365954577748,-16.038130395396067,-6.728812751368665
2021-05-13,3.063559150907338,10.34135318359938,-3.5003737930090892,-14.023932858807022,4.928702573923289,-8.221905496032562,19.131996337288513,7.564771497714929,3.6953199072588347,-15.981358374940505,-6.998132127903062
2021-05-14,4.48524252010705,9.632626529419298,-5.1852897909082,-13.708739957631806,1.01394133508785,-4.621665590208224,16.78145582764246,8.675419269781713,4.934396306479641,-14.416429159209763,-7.590957290560098
2021-05-17,4.386145735709533,9.975870574832328,-4.749529362635286,-13.27619906364545,1.0548908106572128,-4.692506646551692,17.075022067204245,8.774310570776535,5.183933529733167,-16.3780893642854,-7.353848851795192
2021-05-18,4.786635160638852,10.267923875314494,-4.510405786619614,-12.846528897225241,0.7932424843304062,-4.673380527381212,16.7272303681102,9.028437552585714,5.714962105019765,-16.551663705504183,-8.73645262926918
2021-05-19,5.356527665582377,10.720854514828389,-5.6655850134226995,-12.713760933924817,1.794122411724075,-4.3853646364748045,18.234474832335252,9.164848177622503,5.867830677279173,-16.639602210387274,-11.734345485162066
2021-05-20,4.674204205570973,11.409158467377097,-5.695860183648122,-11.768525962506693,2.2191334354404972,-5.514651076967738,18.38917300145536,7.862577652836109,5.835294432346458,-16.834764909738375,-10.57573906216551
2021-05-21,3.457977243408294,12.86523220707599,-7.1415762678878,-9.009742198698781,2.051655040552518,-9.215315214061917,19.9134317006545,6.124594609679647,9.28263990133162,-18.60363323070368,-9.725263791350372
2021-05-24,2.9161995909738607,12.487239694376555,-6.947157235755043,-8.277127194835131,1.8855568534887084,-9.6050823837451,19.53902594800938,5.89086964087582,9.491250433403138,-17.85491589501111,-9.525859451781102
2021-05-25,2.8076494170762345,12.661298312385085,-6.727335868572226,-7.56619181945932,0.8745861367231385,-10.46422570465522,20.151622548302058,5.401820002980102,9.629656067580015,-17.496514225441203,-9.272364866918736
2021-05-26,4.282560332065813,12.159567240207693,-4.119302688903218,-6.82970501539404,-4.095414926650406,-10.570234834441607,20.806693305726597,8.359909779780907,8.225905217136372,-18.15822189549725,-10.06175651403089
2021-05-27,4.388905583536626,11.34458109421307,-5.763223820881677,-5.905889051678422,-5.2006826455536554,-11.71125554474773,22.30140064417462,9.479932989402258,8.17199970836215,-17.92061368209476,-9.185155274732551
2021-05-28,6.110878787169241,12.88421273058745,-8.826347614044195,-4.275622158332737,-10.041682026829648,-15.009744941983755,24.56442650993776,10.394524050352572,9.295957179798734,-16.20612814565939,-8.890474370996003
2021-06-01,4.905705636303949,13.59301667651944,-7.874296239716799,-10.581647240370565,-8.641753123739619,-5.990908762387434,22.279579685876584,8.450081585729663,7.752783451100214,-15.204123527241961,-8.688438142073437
2021-06-02,5.250863321967941,14.403497351360883,-8.509698188888962,-10.516442711662997,-7.788426501803144,-7.713715495755736,21.66371357090199,8.886224303811218,9.215326739986438,-16.223215817968168,-8.668126571949472
2021-06-03,5.355076176235471,14.878897806365586,-8.289647401403414,-11.121994723426425,-7.505840156027531,-7.71251199517387,22.087655606198894,9.205858132533535,9.350015770409186,-16.959012805447472,-9.288496410264003
2021-06-04,5.214629420683423,16.50324023284965,-8.0196104548465,-10.602759895966763,-8.689025150798955,-8.38185396978443,22.079064196861594,6.825685467174466,9.719523143802576,-14.256943780722452,-10.391949209252616
2021-06-07,5.590559105929742,18.328015351071812,-6.971235432641336,-10.422792039613235,-7.964595941861688,-8.816152249084595,22.043058488961435,6.636954546891275,7.379602367441265,-13.829668324509925,-11.973745872584686
2021-06-08,4.846779690032449,17.6689918160111,-6.329544596724901,-12.32264637316333,-6.659369233875964,-5.946696398559027,23.729945788802,4.91426262407245,11.672592352225351,-15.404177263650503,-16.170138405169645
2021-06-09,6.61587087406329,18.642693722534318,-7.847019244411726,-13.120124851964086,-7.145494669647505,-10.019309755806091,25.230267933505445,7.095955923157476,10.794213863808864,-11.819116397362976,-18.427937397877002
2021-06-10,4.7293725924197645,16.616327754469637,-7.365746971247262,-13.318611916141052,-5.493427474913446,-7.577865011353737,27.465522463383422,4.7030080649580555,12.295867639501722,-13.741688400068952,-18.312758741008203
2021-06-11,7.865434722889617,21.005058379425037,-4.661871214108643,-14.362451752548573,-8.073733518245447,-12.703215157723854,24.596210695533102,7.077109798648777,9.034677627009586,-15.319647313898642,-14.457572266981018
2021-06-14,8.832562165169023,21.983562391765474,-4.370992284408743,-14.098739633192267,-8.644164546276741,-12.81850527544433,24.586939599705914,7.222965872870333,7.478800246056423,-15.675794021710807,-14.496634514534321
2021-06-15,9.139326644879873,22.378039917833092,-4.097145789275146,-14.245866411507237,-9.369989949389137,-12.71363739870381,24.610590694988247,6.925272890093808,6.821289985061895,-15.365801444433707,-14.0820791395479
2021-06-16,10.36152800128579,20.210072949079063,-3.714760866924223,-16.47737648795666,-7.065865859866335,-13.596527357132636,23.975284743459113,5.658756151999427,7.5176746820669536,-14.47264865199277,-12.396137304017671
2021-06-17,10.812473352985663,18.203992978212256,-3.72190629080481,-17.03163461184716,-6.40322705886598,-12.817957788410354,23.541282532315023,7.179525572312301,7.019359547730815,-16.388341222371146,-10.393567011256607
2021-06-18,15.79017542653908,22.72768319655104,-3.044605152035942,-20.671586972988493,-11.210464039518257,-10.659779193846632,21.188697911496064,8.88511796196974,4.908050856021802,-13.717507364773581,-14.195782629414836
2021-06-21,14.18663868686022,19.39610684130946,-3.7985948728824184,-19.710840575122624,-9.563018387736577,-11.338458210198574,20.855766939212202,8.216632603536397,2.7762763271404793,-10.650191917985339,-10.370317434133227
2021-06-22,14.593640651449917,20.414642451933076,-0.8652786143648399,-22.451370738298365,-10.307869735413988,-11.473396144653321,19.523553045378506,7.897390962704023,6.346755667674145,-12.45047736748593,-11.227590178923208
2021-06-23,13.624307210793162,17.87671504675673,0.38524495815184423,-23.5064651991774,-10.495683332676506,-9.444498873863154,19.665163282512495,7.873525252766967,4.762490652989015,-8.227047136323804,-12.513751861929393
2021-06-24,15.126743702741678,17.674728403857486,1.1174231418723082,-23.992217894320547,-11.289928310210328,-9.003612573176909,20.04432867885309,8.877164217761205,3.8753575684036576,-9.25397360501728,-13.176013330764377
2021-06-25,18.393131268576653,17.83274971254096,-0.658981696617559,-22.061780086429394,-16.01765371958333,-9.751525380820325,20.90306554798987,11.960663838102462,3.1197045102551613,-10.66419424742,-13.05517974659459
2021-06-28,16.490109569085476,16.431414010343445,-2.2100982841450474,-22.088964642390366,-12.307111141574268,-11.590703252690957,21.050622380571454,9.154185189115111,6.34155315879805,-8.855725978812515,-12.415281008300433
2021-06-29,16.149128719130246,18.182627614819083,-0.6519639302909468,-23.41341293404983,-14.59642854052899,-10.081656288129096,20.791741031109083,10.53212540886284,5.693596166933645,-7.902131156850373,-14.703626091005653
2021-06-30,16.74027525994471,21.60965365416024,-1.150855911227879,-23.009999913908146,-16.046737582011495,-8.344779561207105,19.281031857457833,11.342158013630637,5.262703446629644,-9.068894427517698,-16.614554835950763
2021-07-01,17.316645196857564,20.05540456764733,-0.8192326250342035,-22.289872350635918,-15.999636250257424,-7.841532714057209,18.252706384521716,11.462535653937152,5.8256613602260785,-9.304239876941296,-16.65843934626379
2021-07-02,17.169552551306438,25.136173148739857,-0.7021195912813738,-22.334664390102056,-14.981378944614022,-11.422612070708745,20.851930444558093,12.650156702088353,6.0372095591143875,-13.50129629590532,-18.902951113195655
2021-07-06,15.716817408144294,23.859899193303775,-7.853882190461334,-21.009585309771744,-14.841959287918684,-10.0424011909476,22.840663191399358,15.13943835440466,6.570145055014265,-10.730674438677433,-19.648460784489572
2021-07-07,15.200620206707228,24.33303206033864,-6.899231496335176,-22.296949536797918,-14.909118925820664,-9.0386990488971,22.146590453997135,15.50153772292596,6.228244173041148,-10.737514923444678,-19.528510685714572
2021-07-08,14.9163611659975,22.736102225042472,-6.59832635321132,-21.960851594838388,-14.667578965509591,-8.782125146147763,22.34015109102934,15.812429632491614,6.578984035280371,-10.66566508520301,-19.709481004931263
2021-07-09,17.209202203711172,17.50713847033461,-3.2783774626434194,-22.500736420144754,-17.886350471502347,-6.512494950588476,22.59718715420837,13.03009385629457,7.171586072187537,-9.905553159819362,-17.431695292037922
2021-07-12,17.527462866913638,17.24627394106716,-4.3937733410827065,-21.992682021086452,-18.19654922669146,-6.583428560216703,22.74676733735288,13.346726167746183,6.7983020751978955,-9.252184612105147,-17.246914627095258
2021-07-13,17.598131361978673,16.398641329409344,-5.0299399964601434,-22.132602261532377,-16.72463169139089,-7.748794499734785,23.470003823091204,12.136350148276449,8.14719230525641,-8.937122082569253,-17.177228436324604
2021-07-14,16.846792594625683,16.822204337401658,-4.834421478258918,-22.860249985616875,-16.371584584429044,-8.98362016668689,23.270661709749064,12.5944233970408,8.617399399087589,-8.261177507094366,-16.840427715818635
2021-07-15,16.756665769565828,16.053779091265838,-4.258640521378652,-21.976103639597724,-16.475430557400088,-8.931046194572716,23.63685281440732,12.5549996773062,9.218563855663533,-10.175701538671916,-16.403938756587607
2021-07-16,17.170718202512447,17.65921437087573,-6.801544821472291,-21.511483439371453,-15.192254687858856,-9.3252716077346,24.155084818537546,13.031269860404805,9.424087297686697,-13.125573802326201,-15.484246191253774
2021-07-19,15.530131388489167,18.944894490180232,-9.560393354528372,-19.084053917472566,-13.472587477353407,-10.192869376123511,24.776554041069474,12.761800449334956,9.774149017236581,-15.897686955357337,-13.579938305475146
2021-07-20,13.41587323983984,17.610256699495324,-8.549384756499308,-19.00300123553488,-12.405989357541486,-8.824294815265219,25.56041609387779,9.557285814387612,9.112485978274975,-15.275793085858382,-11.197854575176315
2021-07-21,16.91159607976975,17.49755890373551,-6.342166456637756,-19.257053293297318,-16.241683861250003,-13.688866441962261,21.800684280361807,8.374092804939323,9.843570300536697,-10.637896049419766,-8.25983626677602
2021-07-22,17.51448371357837,17.075184425555406,-7.04337279496923,-19.003640797217656,-16.823517229055746,-13.856236961175803,21.951058449073685,8.196684563641867,10.367678462391794,-10.294493034244297,-8.083828797578434
2021-07-23,16.790741830837987,18.566126353451708,-5.468462437822538,-19.28997870645364,-15.65925016112105,-12.67905133046461,18.893356521077905,6.867633276691322,11.120235034241873,-10.511780289604843,-8.629570090834179
2021-07-26,14.615753060226439,18.97200361510609,-6.959967327800825,-19.54957572817699,-15.693567422645138,-13.008831983116757,20.853984135083238,7.7552681664217005,11.185093653559306,-9.873909820463858,-8.296250348193198
2021-07-27,15.062049216032563,20.41045731406956,-6.843113218363229,-21.24686661229576,-15.421816053759073,-13.365586618578632,19.713326579803493,7.719367424238342,11.182323974569385,-10.639077419061529,-6.571064586655083
2021-07-28,14.379320603657519,19.172197134388284,-6.31324778219728,-19.272085878591056,-14.64029532839573,-12.517897529554766,21.013790321484336,6.322093357916032,10.311251072728595,-9.787042115995433,-8.668083855440486
2021-07-29,14.683854928660054,19.467963357599388,-5.489167044021443,-18.068177391158528,-15.699790212130324,-10.908052014185145,20.63198978114299,4.81736298596654,10.257496925851214,-10.068793371689175,-9.624687946035593
2021-07-30,15.07175616126294,21.344272684977355,-7.539156258547223,-18.26904593938456,-14.2050000389101,-12.532444837299316,18.516448015620426,3.498816017027096,10.703377361001401,-8.073927641515155,-8.515095524232926
2021-08-02,15.57758360160642,21.389391300605908,-7.244345684032169,-18.018770706656554,-13.596820761286878,-12.540020708211017,17.21370885278472,4.267032953278047,9.327938845496263,-7.749187865219767,-8.626509828364945
2021-08-03,14.713358114939737,19.941453156629905,-9.492165439510288,-15.937684005351876,-11.88207945137195,-13.358335202712688,20.208831810719204,4.077735282749202,12.476367367722176,-10.49899844308392,-10.248483190729473
2021-08-04,14.754157051075865,21.335156054007612,-10.402979115453235,-16.850024980205916,-13.554850225691155,-13.336206377596838,18.730125082303616,5.630402704097108,12.214052702437925,-8.41467200915855,-10.105160885816488
2021-08-05,15.99691783894771,22.191129341959154,-11.900242415677305,-16.758338756940184,-14.176817166681268,-13.465665178886844,18.51207626782589,6.61858223715538,11.876915674190514,-8.406507103304833,-10.488050738588207
2021-08-06,17.341203473295195,21.181553589236756,-8.679776523597724,-17.51670997209321,-13.54911187289909,-16.67683078145994,21.348301360269176,9.518216110677344,8.713131832061961,-8.897543319584187,-12.782433895906308
2021-08-09,21.251573586139997,18.67517504908794,-6.986523097808231,-16.45007064478954,-17.41846835146069,-17.566156805292977,22.51249847640051,12.592150140377512,5.795070383855872,-8.711814246189093,-13.693434490321359
2021-08-10,14.776782851759265,16.98858127360559,-8.244838256439252,-17.864169509843336,-13.070233070965564,-16.786452071128572,24.185341968653375,13.903066465778224,8.96348725415136,-7.883363236556519,-14.968203669014564
2021-08-11,16.548617761942296,18.108722982137195,-7.3994404075100135,-16.859984338260617,-13.081034706990124,-18.934168788092776,21.38361790455805,13.046372896070466,8.664000887855565,-7.623935335493442,-13.852768856216564
2021-08-12,18.647875058823587,19.483085546295356,-7.161794863671275,-16.78892163561951,-13.326899148167861,-20.405234066765374,20.13790378760831,11.834602655881966,8.302249031006667,-6.829955228863511,-13.892911136528298
2021-08-13,20.164107210751638,19.741969254753784,-8.656548847087649,-16.874116818636033,-14.644730312684601,-21.084382471938845,20.011685332605822,10.19807223764822,8.55687350037256,-5.529681816913488,-11.88324726887138
2021-08-16,16.866487442554487,21.04238458136527,-3.3787877945626406,-20.96834238240944,-10.88209335553178,-18.329155221122207,19.935226197687456,12.261083967970364,1.6046877458873041,-7.820009430769957,-10.33148175106885
2021-08-17,17.761231425223315,21.360996888421212,-3.710377003380671,-22.524334241081135,-10.352049857918217,-16.38589226753662,21.027854386221122,12.0502884824555,1.538820406492306,-10.495011695783013,-10.27152652311377
2021-08-18,17.755499707152055,22.594636851238093,-3.93872215476803,-22.556340835115236,-10.090988344392912,-15.94171118533707,21.439606929406196,11.485663228296303,2.054222290950534,-11.341676035360791,-11.460190452069106
2021-08-19,17.066857525445812,23.546751520012677,-2.563560539819946,-21.9133028282412,-10.228274799748377,-14.17308604030032,21.004444961921436,12.567313831292111,0.023515155906807195,-12.271917590959902,-13.058741195509043
2021-08-20,17.576458359790536,24.14137654954284,-3.4989371682542867,-21.75601522518042,-9.329074172365992,-14.931890409995397,21.395000766315107,12.16914842035483,1.5902861052178565,-13.166222104667568,-14.1901311207575
2021-08-23,14.991313102926838,24.846400662041603,-3.6151842260594407,-21.22606042798934,-7.911491036618173,-15.146996394394186,24.118519403287436,11.988147512138724,4.058489801879219,-15.010337212807627,-17.092801184405097
2021-08-24,12.879635447475238,24.415702634762354,-4.11140507266191,-20.596168517393934,-5.518896129847235,-13.903737701270899,24.91545611189221,10.813521956913547,6.288622423920273,-15.372070954077778,-19.810660199711904
2021-08-25,12.276499771677607,25.28574958746249,-4.68368702946286,-20.18663025649024,-6.241047639742632,-13.113733467904588,24.08360634875166,12.760564512725253,6.71699568165981,-16.195110719493826,-20.70320678918273
2021-08-26,13.519756164399496,25.820847068123626,-4.137610514491342,-20.615584328822365,-7.769128649044816,-12.883419458229241,23.111575417934773,13.806342802655067,5.830218007892796,-15.748539059487186,-20.934457450930815
2021-08-27,14.502321599483935,27.128569584094265,-3.9452692426711025,-19.860360210518998,-6.662319053361784,-12.21921853116141,22.234393759445027,14.600925884336931,6.134535772991384,-16.47744796868332,-25.436131593954926
2021-08-30,12.621382801173766,27.529334665323177,-3.6905018721047327,-19.865201319206015,-7.792203130958399,-12.35513892277531,23.133075609450586,15.028577588369515,6.042978468118818,-16.744913527094496,-23.907390360296958
2021-08-31,10.639252045324625,28.13896365925507,-1.6514963032852563,-19.404567056332304,-9.987971565867426,-15.021156404560337,25.53792357217182,15.20367520019802,9.135830902284923,-19.987876580011047,-22.602577469178108
2021-09-01,9.266347253564732,24.810468126721346,-2.6064773304131137,-19.43793901281431,-9.772860582048708,-12.825538426394274,24.838651697784258,14.866911839621679,8.339039915752977,-16.47511146053914,-21.003492021235395
2021-09-02,9.677610670347718,27.224792866816827,-2.062615658630733,-20.623528797772536,-8.920016660330006,-13.396272113961885,25.1968037885984,15.234792024523856,7.432850769613694,-18.515157429207527,-21.249259459997816
2021-09-03,8.491543902376677,28.05579701998286,-1.442889121874913,-21.840927796811847,-7.938193419272082,-14.37626988350452,26.431428975775304,14.126082925236034,9.511786684504472,-20.591153173183635,-20.427206113228365
2021-09-07,7.081612257726832,26.242682380204144,0.12836688729690593,-21.6776349020423,-7.960997752087337,-12.353538149510953,25.11522252318973,13.768924386154879,5.249985011452182,-16.826799393042947,-18.76782324934112
2021-09-08,5.482366876753574,24.542550871383142,2.1048174647963833,-21.14386407271219,-8.236781464922416,-14.184765740771375,26.933255169595697,12.808751745465827,3.324849469939778,-14.689867712159753,-16.941312607368637
2021-09-09,6.187402491827569,25.125080879158673,2.082682498407948,-22.03037420855803,-7.8690301628265615,-14.766414212585637,27.348603611881018,13.373028738673355,4.122217455087508,-15.903941977032922,-17.669255114032893
2021-09-10,5.349255477621327,24.581191490200325,0.037321000608940835,-20.931616392741,-7.323944372603066,-12.828220490617298,28.402548335619258,13.057935163274962,3.477089478321645,-14.14968822259096,-19.671871467094107
2021-09-13,5.124016465090861,24.914529059820893,0.22556029996714244,-21.127465093903517,-9.364382253803441,-12.30063927474395,28.65048062027907,13.867067325338368,3.3950531990367665,-13.946707519834447,-19.437512827247758
2021-09-14,5.303091778431352,24.97647209514831,0.48052021550066115,-20.978174162258284,-10.402787013227112,-12.179967295261221,28.482959519846048,13.544422102054142,3.683067128646769,-13.660527362112163,-19.249077006768523
2021-09-15,5.995122263070925,24.440726629090932,-0.472856115252938,-20.52545519594021,-9.70085559497354,-12.478577391823379,29.9601626620332,12.462940921223904,3.7375418417553163,-13.709210987465056,-19.709539031719075
2021-09-16,5.724430689093225,23.60528506136083,-1.2230482400241698,-19.780316454817154,-9.47211692271975,-13.527065981117907,29.742412013479225,13.35521516767038,4.087746065109954,-13.212077579890682,-19.30046381814396
2021-09-17,5.8992487567393255,24.099864477604342,-1.8644845268764954,-19.060458542131755,-9.379439023575763,-13.893145461630787,30.206384598355015,13.683659285006357,3.134830722624173,-13.04210953390183,-19.784350752212596
2021-09-20,10.417998535343472,22.73653500884555,-3.3489742224459604,-22.251617317714654,-12.169908265110301,-15.813463684312694,24.047162216083876,16.780019331091097,7.0038348803582835,-12.62409784704829,-14.777488635090364
2021-09-21,8.997579894413875,21.799693170412596,-5.743591145761954,-21.359855983490142,-10.975199953688701,-15.943707994381754,25.459843002111114,16.63392126414908,7.446322487278209,-12.194831742032378,-14.120172999009945
2021-09-22,8.754690969014902,21.62854784924039,-6.164165910253004,-21.2586357714356,-10.65630568306451,-15.708183594613132,25.256264275486586,16.16145997789637,7.569348068072074,-11.873034426794575,-13.70998575354949
2021-09-23,8.533794447467372,21.60322539785328,-6.640629770072891,-20.939179638239104,-10.5965017445183,-15.51238276798314,25.377466463802776,17.02136715075443,7.132660705339546,-12.055692263380266,-13.924127981023673
2021-09-24,7.048322365750693,22.127868386108915,-5.403134404276514,-21.71126339458202,-10.869205575291183,-15.009809947732542,24.95258529076544,17.447543041448327,7.422546714007538,-12.656262522081171,-13.349189954117506
2021-09-27,9.156094612003614,23.245749647143626,-6.48779919902627,-22.35260027626422,-13.065750090864903,-14.519432129649914,23.61706402088663,16.294820902551734,6.999796889290195,-10.180065403356231,-12.70787897271427
2021-09-28,9.604602280579897,23.603268959174798,-6.480758406475957,-24.336994198581934,-14.131468944884041,-12.784126140491146,22.13654618427543,15.639440943917762,5.594327783665051,-8.201368751076835,-10.643469710102984
2021-09-29,7.929193064775248,21.066781919096684,-10.25057140854652,-21.039763804363233,-13.268678575205868,-13.255913319047309,24.067614955190777,14.7258599929972,8.164398968088932,-4.9907372748089145,-13.148184518177011
2021-09-30,5.489992836787792,23.425747571962148,-1.3472617029271277,-26.699329317985118,-14.257341708440151,-9.348112673429668,19.827832137842222,15.449616802920303,5.460708565353613,-7.794212582142947,-10.207639929941053
2021-10-01,3.421021846235959,23.52052792154825,0.8234355777709368,-29.339758104181755,-14.15982424405253,-7.49737711108115,21.60318566496838,15.16635982002478,6.30248616904025,-6.982455373913474,-12.857602166359612
2021-10-04,3.096397419795977,23.2025716755048,0.7095482257937249,-29.348586901185413,-13.904077432654063,-7.389936815330174,22.003960253271856,14.851830926966784,6.743688008237584,-6.901626413149266,-13.063768947251837
2021-10-05,2.294682684089949,23.481651498224906,0.986301952300721,-28.6514090474448,-14.492738564855017,-7.887069472645884,21.513316444155564,14.127242391181554,6.466648989918681,-5.829706808108149,-12.008920066817574
2021-10-06,3.0459105956966823,20.67967648973216,1.23067503581008,-30.365809328254123,-13.714697290987587,-8.701834755760203,24.67690818030232,16.38214010918064,7.992568608454263,-5.687745444256997,-15.537792199917206
2021-10-07,4.573030325487011,22.704139614309526,-1.567498124796444,-24.98692905763174,-11.322208202765793,-9.686015117683041,24.73583487428988,16.716453395868072,7.116816880196026,-9.547948722668494,-18.73567586460498
2021-10-08,4.955057255342226,22.93020780257116,-0.971850129969198,-24.601894979628817,-10.73664491215525,-11.294534962273374,26.551046387960056,17.702273109984162,6.0069683502758835,-11.443195064010759,-19.09743285809612
2021-10-11,5.461457129032297,21.22198328261608,-4.398450115921037,-23.40323746971582,-9.45373479035311,-9.735162697988535,24.678733713624936,18.131934662085968,7.306632607093107,-10.03597216522867,-19.77418415524521
2021-10-12,4.867856712191752,21.25817528774698,-3.529717235763144,-23.029288010197497,-9.90956636593745,-9.840534262344036,24.79796080058516,18.231754764405892,7.0913352910667555,-10.458739501818911,-19.479237479935477
2021-10-13,4.95411142452609,20.416393591041015,-2.713422434670832,-23.494554833099116,-10.278939846286,-9.362389964352715,24.892108169046907,17.71694572242822,6.4807892339706115,-9.121280087804813,-19.48976097479934
2021-10-14,7.930889935209365,22.430370039726256,-3.917073392757686,-21.840102551595898,-11.688943851762737,-8.089542162828849,23.447181840016782,18.768356535559235,3.6546214603153686,-10.0563279540158,-20.63942989786608
2021-10-15,9.757320845324486,21.941677143196685,-5.331467358589933,-20.071568061192515,-12.616713575119597,-7.093480909130868,23.320820121697594,18.80217845864881,2.984248818223378,-11.111855586009462,-20.581159897048558
2021-10-18,9.878360256956086,24.81172795289089,-3.5701627744321343,-22.495391140875924,-12.76656948021055,-9.186068853577659,23.79521617426711,19.524675824716567,1.7071160468224065,-9.839065741222527,-21.85983826533422
2021-10-19,10.579091441583842,21.085793526544222,-6.089165592594782,-20.791550542855788,-9.85073902541658,-10.016446461106028,24.236310243279718,13.620146504181804,3.971940623492017,-6.7174583084663695,-20.027922408642013
2021-10-20,7.689764878238634,18.62881133211914,-4.664044123717446,-20.4784837453972,-9.359639018122195,-7.846812463109572,24.054841860280845,13.97058579607814,3.8714764109002004,-7.264113109343647,-18.602387817926896
2021-10-21,9.258104753244908,14.693435049698948,-4.206558393983087,-20.305378355740743,-8.830365167382702,-7.981170211212479,24.710995254836334,14.791954591032791,4.638447468519885,-7.889547160335901,-18.879917828677932
2021-10-22,7.935839123009188,13.097523437545647,-3.320852793136936,-20.806267638118975,-8.72288208515279,-8.179951893255051,25.454466760320543,14.869605300413326,4.66967628420376,-6.927176104591922,-18.06998039123681
2021-10-25,11.789398442640532,14.331269195855938,-1.891117898274942,-23.162097949485762,-10.941699346584635,-7.841438152371232,25.4666557855286,13.9014738327446,6.367740779841,-7.141442344923028,-20.878742344971045
2021-10-26,9.441723023351969,8.567137771123527,-1.9887220350276067,-21.745021330491646,-8.916958303092485,-7.460863535437355,26.159614136432594,15.707404873429795,6.260472152765061,-6.436125839845197,-19.588660913208628
2021-10-27,9.89072140086084,8.012240043855556,-1.940361669872729,-21.807794554134453,-8.923502649009947,-7.102963766119181,26.202804525691036,14.93301124073895,6.5532614193890595,-6.43169593973289,-19.385720051666254
2021-10-28,8.889924780108501,8.963315694730753,-2.418659048178796,-21.86333824834233,-9.085164625056066,-7.199062228606849,24.970275093607896,16.531773784564507,6.765258424326291,-6.9522047257805895,-18.602118901373316
2021-10-29,9.034966105492785,8.753908083932856,-3.4482842781687992,-21.840711669828664,-9.446272739654688,-6.940326080473767,24.890221359592374,15.896888316110577,7.361671938096137,-5.8546760139123535,-18.40738502118643
2021-11-01,9.823175977994538,5.622014036928007,-2.1593236178493527,-21.11878206370978,-8.21869523780191,-7.589835816444662,26.145587555657258,15.466229000293765,8.218265382553042,-8.156765127481044,-18.03187009013981
2021-11-02,10.158534332379674,5.932280832624798,-2.329959415726549,-21.07916418859353,-8.7043030934137,-7.745216964869876,24.902787347584223,15.75436384528038,8.182943465104145,-7.300794256827636,-17.771471903541936
2021-11-03,10.306296150692404,6.6233591871875035,-0.748614357226046,-22.426964396864633,-10.130476078558075,-5.334376214832091,21.41418549925399,15.294144226296524,8.935619975720769,-6.490979815384925,-17.44219417628544
2021-11-04,10.948892818545218,6.700832997955331,0.027167428738835042,-22.02548016840116,-10.303434260821405,-5.445012595028068,20.49686767907535,15.027520975084656,9.059136498770812,-6.9524255807261,-17.53406579319347
2021-11-05,12.08669978330957,6.139371414788627,1.4063153256864354,-21.784483074322857,-11.55345288558469,-7.443709323654822,23.10161768449163,13.728413341695244,11.45548356693682,-8.72905209313658,-18.407203740209397
2021-11-08,12.554049761056163,6.461582963496056,1.652662192606826,-22.85273802876418,-11.228623840741989,-5.9845879639630795,24.043652106461707,10.913338241518872,8.140779182959335,-7.088406087201527,-16.61170852742822
2021-11-09,11.901991078428253,0.14265604985597236,-0.3656485867074508,-21.316269574838067,-9.727457403885758,-4.805473585059595,24.610757492005206,13.608070289363425,11.746074482181697,-7.369997777692639,-18.424702463650995
2021-11-10,13.594111984340472,5.265680030134014,-1.737789760181414,-20.32056126541825,-12.136688108906341,-6.379574776792502,24.301162255598427,15.273962735424462,11.000361756030614,-9.342441680491753,-19.518223169737738
2021-11-11,11.952361457927097,-8.619975988310017,2.746786310681145,-21.38680122129113,-6.681620697807304,-1.447838224423819,24.399767319568625,13.781187867633534,10.55193982272634,-6.191848667104985,-19.103957979599464
2021-11-12,12.42173719268871,-7.512494980669516,3.432936900275024,-22.806830165899505,-7.050336906934064,-0.6165108472859941,23.933558584298424,14.625423803091664,9.99533417034165,-6.30662767209634,-20.116190077810046
2021-11-15,11.48084850059736,-7.9234697999224295,3.853367079631866,-22.067103345430667,-6.645472600929949,-1.0478198319795524,22.94626820387454,13.111777200438311,10.979987722175295,-5.167222275125631,-19.521160853329157
2021-11-16,12.358011267501979,-8.253900630929856,3.88309354071572,-22.338113176983136,-6.374992445757755,-0.8605346523012187,22.820190443205306,12.61792454658135,10.660994780906677,-4.904645917204888,-19.60802775573417
2021-11-17,11.682488930758836,-8.064380927350172,2.9872705354028426,-22.058255616812374,-5.932085811576556,-0.3634952970021317,22.808512081317772,13.078668392266437,10.267416165948717,-5.0420180841701665,-19.364120368783205
2021-11-18,13.539602519215578,-8.44838256448223,4.843550289506112,-23.386067734005223,-6.205281755602016,0.4183996401967107,21.55690146678411,12.574356994749422,12.226623119349895,-8.61084829796134,-18.50885367775102
2021-11-19,13.724259140555702,-7.962308560229317,5.197327211250894,-22.479047046293942,-5.49185875266933,-1.0465054552906636,20.73550298849598,13.662609658962367,11.724637919998898,-9.427200735931955,-18.63741636884867
2021-11-22,15.657300071687175,-7.2710676473619955,4.803962741647808,-19.408271457328013,-3.3443894193926127,1.0284231819270033,15.708179693932692,15.76720548179975,8.902606248765906,-11.949426200518204,-19.894522695159516
2021-11-23,15.981974299255214,-8.996433885216092,4.8885103175814635,-19.039686553807904,-3.0118934884171153,1.1592842341639908,15.556956288867823,15.856133830266714,9.329743337927454,-12.121700841746517,-19.602887538874995
2021-11-24,16.115572678011006,-13.594129198552764,5.063651958501794,-19.193563190915178,-1.144869087079769,2.8511337469884026,18.57930671334651,12.64433249850579,11.144686793330791,-14.638888098102974,-17.827234814033616
2021-11-26,14.33288674948382,-8.844445607074661,7.11264919779353,-17.56508803772398,-4.301478098094961,1.203851939453422,13.184461270402466,19.46938933386629,5.738137366102535,-10.857047717818013,-19.47331639639046
2021-11-29,15.138403510200376,-8.45699281790575,6.979787982930006,-17.698937751389245,-4.308495617241348,0.9854732661901906,13.435231557824324,19.638047015764613,5.999399732443379,-11.648290368474107,-20.06362651034241
2021-11-30,14.15464612140967,-9.695479466036133,9.954247214093229,-19.233993908404692,-5.148222536943564,-3.9254271480629583,14.583034060008075,19.894712941077643,4.039217527114516,-8.260135382649473,-16.362599421606312
2021-12-01,22.60881754969067,-9.860600466622657,13.671132403406475,-25.085974872281362,-8.500058489351545,-4.6344549866539,15.658764936933608,17.23732584826267,5.398568841447229,-9.093432596591448,-17.40008816823972
2021-12-02,22.118983024401317,-9.074923737974565,15.020670549829532,-25.929333496187738,-9.289623061770357,-2.8742872881672383,14.137411827443003,17.88765848891117,5.144332933973487,-11.281418687404454,-15.859470553054145
2021-12-03,21.894224331479265,-10.496399839519142,13.563181811566295,-24.98671880979102,-8.596583171692885,-3.8659160208785153,14.68478837306813,18.16234667118377,5.594387322467313,-9.837968310727518,-16.115342357155683
2021-12-06,21.564339015459055,-12.554215411988466,13.838329346180217,-24.4176066505311,-8.221954075492604,-3.4420363621611756,15.412075290317816,17.606670593067605,5.689874817374417,-9.096028963471234,-16.37944759875448
2021-12-07,21.66191771721141,-15.260642942123752,12.84915747697815,-22.436065394774914,-7.3863773735528895,-0.7021106124988279,15.76182783549065,15.15018614400914,7.409514891049085,-9.643673675519679,-17.403734066268342
2021-12-08,22.80294310447796,-15.042934525161265,10.902908985044846,-22.33088510427713,-7.204792761611657,-0.5370978529444272,15.441687016486938,14.754589245749784,8.072686516064564,-9.673338947558435,-17.185765676271153
2021-12-09,22.74194591079295,-15.08040021323545,10.461306570608627,-22.994336239575325,-7.079092931974358,-0.625296608405506,16.114295020819966,14.294778702779894,8.497037256027653,-9.246504914762362,-17.083732553076132
2021-12-10,22.315743053476083,-14.785503138523538,9.856697923977151,-22.19076392695871,-6.722986083100523,-0.1561093654758423,15.463255840804536,14.602487127811145,9.03293171918925,-10.385024196096005,-17.030728955103527
2021-12-13,23.03244107343633,-11.744779690295786,15.647417867197191,-21.28278188127687,-8.241916674485168,-1.0961688359156625,11.509626060194364,16.617830009665425,5.924346445644545,-13.662742796224215,-16.703271577940157
2021-12-14,23.772853943036964,-12.229956630807713,14.603875378740213,-20.41669127278614,-6.874851250015311,-0.6197277853675871,10.588456268577872,14.85032591467737,7.822268059579187,-15.13279830148825,-16.363754324146605
2021-12-15,24.072179256425642,-10.332827831715903,10.719059249076494,-23.126990903085584,-8.695326566250571,-0.03145659737430151,12.619174754926874,21.85371474926079,5.356274345071256,-14.816792447475514,-17.617008008859166
2021-12-16,22.40450842002403,-12.562971426263303,11.811317236881294,-21.366957185225935,-6.523032490590921,-0.549389302736472,14.066129027421653,14.69206317682901,6.602520234417426,-12.417992432835575,-16.156195257921205
2021-12-17,22.806238258340187,-10.433331462660085,12.183964950013092,-22.251246713770918,-7.2851547111510655,-0.3706140324264311,14.13521770742976,17.562330224884718,3.9698282506180647,-13.810456144702869,-16.506776326574432
2021-12-20,23.872958813461267,-9.496767013177198,11.486644156023942,-21.99963884530016,-7.895817114949395,-1.7871979064940717,14.363768426533696,18.29972968509547,4.295926894112085,-13.169633395699947,-17.969973699605696
2021-12-21,23.435073015447983,-9.824427699559621,10.928461865916134,-21.530512281706805,-7.521019122641789,-0.7866161772857794,14.884579041708932,17.044274838413145,3.6249512788155585,-13.301286070777877,-16.95347868832991
2021-12-22,22.593985573713326,-11.583924738718217,11.781295903677815,-21.33405373255495,-6.170721190751323,-2.652413062871318,14.711758909837357,14.447998178229682,5.636155952445392,-10.787689913183144,-16.642391879824643
2021-12-23,22.30352792990142,-13.974503435868137,11.538551987657499,-21.109435310159498,-4.364952277144056,-3.726845291383178,15.33290360687009,13.26758867591235,4.628994043054391,-9.129337968345027,-14.766491960495841
2021-12-27,21.791632765684582,-12.42611431998472,10.69784234807301,-20.33654892402287,-4.738552079381648,-5.0746172918805215,17.168836590157554,13.420960712519303,6.410174630750035,-7.60314232870094,-19.31047210321379
2021-12-28,21.94956568499049,-11.076656985646792,8.27271574230437,-23.428145292887457,-2.640183756457148,-2.587272670352448,16.668179954364874,9.909351279192407,6.215334227046782,-10.257085979308485,-13.025802203246577
2021-12-29,21.290514762322715,-10.454723600777982,8.083432225069316,-23.536206927363402,-2.679082950779261,-2.4440346894091576,16.07793928695604,9.951576240802268,6.3932233622489605,-9.731685701562277,-12.950952007507226
2021-12-30,20.044168196677433,-10.048707684677098,7.618692345603108,-22.63313114164624,-3.026759856912392,-3.0222565503675867,15.877419165254196,8.869286398342524,7.403066652182943,-10.303240752843067,-10.778536771613823
2021-12-31,20.053186777181168,-9.916165715843974,8.786525974001634,-23.84521425411232,-4.473281248785767,-3.199709139537461,16.519084755589233,8.402439146500399,7.48999869440614,-9.733175394235019,-10.083689595163982
2022-01-03,19.49567963425885,-11.617874998090699,13.040403415433573,-25.078051679350743,-11.518976680976287,-3.133221132895045,20.70339640435118,5.1946610533971125,7.662677343659254,-7.351105998535168,-7.397587361252015
2022-01-04,19.464438974320345,-11.844598886591278,13.155221441580053,-25.063851991634657,-11.431190029924778,-3.6982989364847256,20.981046881086485,4.941578753022199,7.680686669605521,-7.120128849833499,-7.064904025145658
2022-01-05,20.60323681681855,-9.777491729187922,8.381145550474713,-26.384812173980443,-10.925494324287811,-0.21051661324243298,23.602517875099807,7.187237273165792,7.0680189227343675,-8.350859463167964,-11.192982134426657
2022-01-06,15.850598505614002,-12.241850982848057,11.392294531691277,-23.832711212809713,-9.773782568520545,-0.5574883509985824,24.51482337730137,7.020888151486815,6.2506940118207694,-9.959351059516827,-8.66411440322048
2022-01-07,14.911587098821073,-15.336752992920708,12.593234551093829,-22.420898846562295,-9.413289946764394,0.41335529028326334,28.067184364213944,5.202205093063043,7.118123093604424,-9.262056162978638,-11.87269154185357
2022-01-10,16.03684030369071,-7.639754736830433,10.404630304977815,-25.20886701545185,-7.7568220787318864,-2.9063623708161685,21.734540071836435,11.151300300071739,3.350672896235153,-10.341308511642438,-8.824869163339073
2022-01-11,16.794904476205076,-6.9384702006046055,10.148857157848454,-26.177625180933113,-8.353759283381649,-2.449138063350688,21.78498573905223,11.91021203238077,3.1683542522953303,-10.542953354930496,-9.345367574581267
2022-01-12,13.265366676547643,-8.46791443925315,12.395739234317745,-24.437278047449418,-4.307079922567155,1.3283123777109012,21.55692888539035,7.747647066269877,1.3142369802857559,-9.678704697352487,-10.717254113900047
2022-01-13,15.415579132608798,-4.447884592996388,5.43072794400571,-26.66142163883986,-4.418187861251283,0.5526231572772957,21.618209856214733,11.069751987314149,3.704192563614882,-10.55805706687358,-11.705533481074482
2022-01-14,15.76263083847779,-3.852613736191671,4.8898541679893555,-26.932869186935953,-4.821480585850253,0.9852921681251701,21.6124805307077,11.584238595443992,3.7187994144013885,-11.01667836297672,-11.92965384319082
2022-01-18,15.905936645711819,-3.537601304176789,5.052677768152634,-26.90551064954085,-5.897555736277326,0.8626042951568706,21.39392449661075,11.705228092505536,3.876902782946601,-10.6329989629698,-11.823607428119459
2022-01-19,15.820064491219838,-3.6973562732830914,4.466376881053208,-26.16452832841611,-1.436373506439736,-1.0630355443580726,19.888983796505357,13.600738789065346,1.746315340449442,-9.721697449695398,-13.43948819610074
2022-01-20,15.27679393690164,-0.8843747958715085,2.731185498880407,-28.427096758417605,0.3114479730473221,-0.2544470380366164,19.676481629945158,16.32589383615891,-0.2584722499417893,-6.8885435468931675,-17.608868485772753
2022-01-21,14.713062338092172,-1.168151696353533,2.9396927959795534,-28.06439946919535,0.2812816928869353,-0.4087373472350748,19.66599766358887,16.1663951399547,-0.8534418368762715,-6.278424330396696,-16.993274950445283
2022-01-24,19.42638107338746,3.6132666338130264,1.1332649867570268,-33.09552519244487,1.4918899855651517,1.8181028843231672,19.778558634174843,18.01944088492513,3.3396059927704584,-13.526145577006403,-21.99884030626494
2022-01-25,20.147576311054124,4.77366483506259,2.086507702225134,-36.020767925063794,0.2076792057691108,1.1982510557777886,18.969146628405184,19.010112150437678,2.3725581454009443,-12.911641077011183,-19.83308703205757
2022-01-26,18.798812840150063,4.664428234021614,1.4889730248175255,-36.24726433204739,1.003755046639725,2.18763637425225,21.661163209045213,17.663747110880138,4.580459520579325,-12.531426290769055,-23.270284737569405
2022-01-27,18.8604235603364,4.9742348510793875,1.6000657930662925,-36.06253501830148,0.6795810119307646,2.2648079055961006,21.49702114612269,17.9022403044428,4.6238623564059935,-13.15307805466869,-23.18662385601027
2022-01-28,17.180518273448925,6.2816821477066185,2.6589474675935207,-38.044757084716615,1.6724646385993225,2.2382862640172476,22.45961016695125,17.862176218177666,4.205252643075738,-10.853174195234814,-25.66100653961891
2022-01-31,15.986316811048681,5.087642123440176,2.7216262287117416,-36.62854830167892,2.3548643428397185,2.2550675491909686,23.21663346783656,17.523217751994025,5.156989768063369,-11.127869646266895,-26.545940095179432
2022-02-01,15.796344657797107,5.1628645704305,3.0795299169189434,-38.43875942421067,2.6658077766535087,3.8347545392674363,23.585457089760254,17.963769847132895,5.367076498403051,-10.498341898354596,-28.51850357379844
2022-02-02,16.14636719714406,5.206798726183706,3.1674388111663063,-38.098514472399884,2.6261893458480188,3.011952240551153,23.831279010228144,17.523763196551272,5.239717641195526,-10.47347157030569,-28.181520126162653
2022-02-03,14.727219558305933,4.915898372013729,3.314260113904524,-37.155192419090675,3.4769538818641763,1.0887460496804948,24.168787655967378,17.16595502622131,5.805970037693356,-9.672630167979676,-27.835968108580637
2022-02-04,19.515062536759203,9.99873460358046,4.200763936651498,-41.068806966125415,4.19809330150035,-4.597185707427101,25.094835973909156,20.418008091340923,6.404345381773467,-13.556973489010872,-30.60687766295171
2022-02-07,14.418907786585663,7.579907529498442,3.8727051053626127,-41.488841284213066,4.113352266908862,-2.7887071962449284,26.15197337920064,20.540110027753485,8.029981132401133,-11.848935618314854,-28.58045312893792
2022-02-08,13.248678960851677,6.499389000900379,4.0241972118510745,-41.93002474007592,4.723803253998298,-3.5410578700902136,26.86029610019426,19.98312950947762,8.607799870252606,-10.479240466883411,-27.99697083047637
2022-02-09,10.922343191187267,5.343691088057881,4.68805610831825,-41.67995762288743,6.7283279232860735,-4.064686510765739,26.954317702655572,19.096025163285432,7.76810151769466,-9.813558290068556,-25.942660270763433
2022-02-10,18.13137252445793,4.476369020132353,2.1410467851975454,-44.014015009930866,4.392212278112666,-8.09018899960492,23.46772823126895,22.046241597404588,13.589971241426298,-6.62779011905252,-29.51294754941209
2022-02-11,18.497374283235374,4.5052076359050375,0.47260972872379625,-45.237594906824455,4.29960992979214,-7.876485991443644,24.231542069980023,22.582093884245538,14.524006056624373,-5.184067927021445,-30.814294763216722
2022-02-14,18.723864100189616,4.651606491698857,-0.5507629225203345,-44.589853373081084,4.0006520743803975,-8.552731295066025,24.59796921045985,22.67300755531403,15.268211092702487,-5.220415049681279,-31.001547884396544
2022-02-15,21.711233254221767,6.541715742022177,-6.869673364513687,-44.13990108797136,4.903120364035871,-8.316427246833825,26.400746338835972,23.803475280254574,15.40482185470232,-5.225179728257814,-34.21393140649602
2022-02-16,20.9959614231079,5.73027324797917,-4.331637055601419,-43.7903838537122,2.29813082347475,-8.25413591197102,26.02355292589411,24.55485400246934,15.398211560442476,-5.442631569186972,-33.18219559289616
2022-02-17,21.699161490410972,6.266571380575613,-2.282755945534859,-44.99997886045505,1.4514125996092417,-7.7870567286554575,26.088228692032658,26.080733494214186,13.496268336434952,-7.301225175710769,-32.711359282921485
2022-02-18,20.818225093357967,5.519376164611188,-3.010328873944829,-43.75282385081906,1.221262966764229,-8.17659106607627,26.199730529234046,25.44279456545864,14.517452209427319,-6.187597837922681,-32.591499900090554
2022-02-22,22.41818525238685,6.77397634121472,-3.3833982824006057,-44.202116839464864,-0.45705721455850323,-7.441249836769501,27.5771937547416,26.968003587326848,14.16933333326395,-8.549556330129136,-33.87331376561138
2022-02-23,24.028867340014344,9.773410539897839,-4.126129367245795,-45.45377729884417,-0.958679946433918,-9.063516334447769,28.659879989200746,27.872972593479034,14.416812389231694,-10.61286061498619,-34.53697928986581
2022-02-24,25.840120913357495,15.319032900851113,-7.1176566521376685,-49.533708198088696,-1.5492749729548905,-11.953508426756244,29.384298772621747,31.592732313952,12.671567777903405,-7.344445536784775,-37.309158891963456
2022-02-25,25.775924842734852,15.498117469580762,-9.36083088581448,-46.910815383000255,-0.6800749701733793,-14.070152882862466,29.69195059778832,31.31834389762416,12.285802772051426,-7.180840662417964,-36.36742479551096
2022-02-28,26.71137725243159,15.643618668381393,-11.225061311462667,-46.71391280549537,-0.3385361656671506,-14.875467794377222,29.63260123126068,32.5113776628403,11.464661766993672,-7.451867191306121,-35.35879131359904
2022-03-01,26.363444792620882,15.507913561797523,-9.868354961756737,-45.962275443364234,-0.9095108328195778,-15.835541797993493,30.931138372467956,32.57216207428863,11.017960937416959,-7.800108310825664,-36.016828391832284
2022-03-02,25.956728044044013,15.619511254831565,-9.888776267471414,-45.41292152370082,-1.0854838119571468,-15.845101090325755,30.845882261781284,32.65930290856252,10.329702168480495,-7.44232772547727,-35.736516218767456
2022-03-03,25.968919241272403,14.565674523682674,-10.060202176605117,-45.0612734404556,-0.7816369431246244,-15.566364068756776,30.488661325846053,32.809310023906875,10.565829212751467,-7.204258742703971,-35.72465895581338
2022-03-04,26.932986190971647,15.6637339622782,-10.847028064436685,-45.34587233502043,-1.9850486520404758,-15.76611437164722,30.22030940110234,33.5311152768662,11.104410358132085,-7.159774547279397,-36.34871721892633
2022-03-07,27.778517112872052,16.589081841192225,-7.852947751671024,-45.46502052230707,-6.439553841553419,-14.937344089273857,28.526608509941084,33.00025937466505,11.113708866144108,-9.018852132603556,-33.294457367405585
2022-03-08,28.958813253426925,18.81546942152947,-8.183517418073976,-45.99802621035106,-6.6794042233441075,-15.91515905937353,29.106161688881855,33.84013455485332,11.70645103648468,-11.70576533137961,-33.94515771265399
2022-03-09,29.57009440942882,20.09335640888321,-10.109824667539556,-50.912312714972046,-4.686204342561652,-15.986762723758915,31.11359733319061,31.637523729497744,9.239162726924562,-6.767517954322258,-33.19111220477058
2022-03-10,28.802390847859613,19.402570182028782,-9.84991206031701,-49.90667468579013,-5.260722470623293,-15.46174518242524,30.161553629591722,32.090479313719,10.465826853945174,-7.541077797697184,-32.90268863029145
2022-03-11,28.535436969161296,19.85385992066776,-6.9827010242573095,-51.041569120030175,-5.094357709914092,-14.48292476671429,29.60375901242878,31.943993096942478,9.147774206427115,-6.027322663198305,-35.455947921513236
2022-03-14,28.20969924268705,19.51003978245413,-7.20679302912329,-50.78846227154119,-5.052888283224661,-14.574466596776375,29.7119934448596,31.739183887213258,9.385556970208313,-5.895639157303464,-35.03822398945335
2022-03-15,28.275461279400986,19.336159655632827,-7.323774999419356,-50.64842695410983,-5.371696548931212,-14.421687189725532,29.79934026290904,31.47338488749314,9.59269350248131,-5.632314238648348,-35.07913965708299
2022-03-16,28.97763608166106,22.134131295700442,-5.125025800800472,-51.28485923988571,-9.372734552213302,-14.238811950131591,28.176730866918945,34.4730373465579,10.41460839516202,-6.409487528055365,-37.74522491491394
2022-03-17,28.649067797580102,21.254300822951222,-4.7798345742652515,-49.55209768023303,-8.942904894560982,-15.641416157988921,28.315988353267997,33.988077497364145,8.347533216228499,-6.309011881315996,-35.32970249902776
2022-03-18,28.91866100308353,20.023433081207514,-4.058163293586077,-48.64551866522847,-9.136529105252151,-15.955443866124817,28.30402066320147,33.44508409696225,7.84224916514917,-6.3508275158375085,-34.38696556357486
2022-03-21,28.095883437198424,18.567019498379736,-4.199722482149781,-47.40069930482116,-8.461903476767716,-15.806173879182701,28.401490529421167,32.309985271022626,8.117586882747645,-5.487102942789932,-34.13636353305831
2022-03-22,24.279928893399372,16.8754584903795,-4.6385282823116825,-46.80257814556773,-7.406774291626249,-15.882289495887811,29.729078806545843,31.65201802019321,9.80239754943095,-5.075265768406652,-32.53344577614874
2022-03-23,22.46561224803402,15.263072286827622,-5.354753961458471,-46.17662094112549,-7.676024466297832,-15.714176977064753,31.314064463704838,30.64489593260305,10.753325750832062,-3.5175766319269144,-32.0018177041282
2022-03-24,22.728940132282744,15.313003004316869,-5.95236316559469,-45.668636935957565,-7.7516136137373195,-15.687332914194442,32.066161776522634,29.67029872284948,10.339093249555816,-3.2580189102105948,-31.799531345832953
2022-03-25,22.398592460266272,15.396809564580835,-5.753463932909639,-45.7733026737431,-7.450394564383785,-15.642725667974403,32.2027747323439,29.23678138843924,10.284441818746288,-3.113891947981301,-31.785621177384257
2022-03-28,22.46722430415177,15.798147340029587,-5.426265916092504,-46.86377022240522,-7.486096757818757,-15.528405476751104,32.38419121887836,29.090063682087347,10.479877329684442,-2.9338531027394055,-31.981112399024433
2022-03-29,22.636374150959682,16.24958788697512,-5.251883773285371,-47.114466683753925,-7.427678377767364,-15.466690408774426,31.467230749907813,29.95636128146529,10.412142923653207,-3.0294494432910426,-32.43152830608899
2022-03-30,23.126176324466158,14.72665877268166,-4.548505384935581,-47.52527408012814,-8.339643297182747,-15.21052592952072,33.22516370877567,28.93605249790899,10.70771682419543,-4.90437095846228,-30.193448477798377
2022-03-31,23.211758523233854,16.316856456105526,-7.072223775509968,-47.837543008515,-6.931579828745811,-14.443998843909398,33.74461168386283,29.455668433849723,10.97595295201971,-5.456805217329077,-31.96269737506242
2022-04-01,21.22058468286521,16.873748234788025,-6.236363631475925,-47.71802029911157,-7.005139041734282,-14.070983130238687,32.298649295207554,30.53172261269752,11.363361408341405,-5.363927491048997,-31.893632640290235
2022-04-04,21.505567967279887,16.065689504024263,-5.821957540500762,-47.62913991982093,-6.784911058043377,-14.120261438614392,32.36384986148056,31.041129234151455,10.152786078585365,-5.078354838147405,-31.694397850394658
2022-04-05,23.465119690037213,18.265998929979943,-4.8708066721596595,-48.04042795713085,-7.889351719635727,-14.76005247987608,32.236487967253424,30.449226278352683,7.818053726941528,-5.156539768473493,-31.517707995288994
2022-04-06,24.287039104971285,18.964925472692542,-5.630962314378678,-46.96258010778472,-9.141797401433976,-15.780612292151602,31.662806823841038,31.531266472547173,9.061658316551728,-6.063828016352446,-31.927916058502326
2022-04-07,24.542724888675963,19.48832450115779,-4.610102883624549,-46.959761138294425,-9.54066917408558,-16.41503983254541,31.165681544040794,31.77542298083607,8.943257557814832,-6.530154346745036,-31.859684097230478
2022-04-08,22.128765138029877,18.611082949274703,-4.485749854199028,-47.65753464857478,-9.408797602417465,-19.74112081859058,29.851214768843462,32.88679010658858,10.817578852002669,-2.9543708440792216,-30.04785804687819
2022-04-11,22.74808021910792,18.77981127952191,-4.471979500294637,-47.23237932125784,-10.030558061122449,-19.245369409615243,29.88111043141771,32.23896898801367,9.516000971969518,-2.8017112494786005,-29.381974348262027
2022-04-12,23.89997735511858,19.330328065218993,-5.781646325141281,-48.637706617920365,-10.157288991632797,-16.606889710514046,29.952272540183003,31.785433662185255,8.0050060677586,-3.1294320194158303,-28.660054025840083
2022-04-13,20.344705309668655,16.537288935250416,-3.4217503840720838,-46.85988991572212,-10.02188384255156,-16.39128678926282,29.962569637335292,30.077926043597202,7.585977216389409,-0.5800501250348447,-27.233606085597508
2022-04-14,18.416962089704754,15.587251703842085,-2.690424212400444,-46.437383065685076,-9.393952033548771,-16.12700571287445,31.451022053128753,27.955096894573032,7.47893349287196,0.7098076768514545,-26.950308886463326
2022-04-18,18.07257854997009,15.75600781053528,-2.002609459847932,-46.08395876740531,-9.474104932941046,-16.571997945420726,31.53545333751694,27.244118839534778,7.145768716024946,0.8453220650597757,-26.46657821302675
2022-04-19,20.975411481582768,16.946628993046772,0.6594386094322147,-48.207340943526674,-9.960618442667354,-16.814572150069957,32.96097649158325,27.76313187171033,4.675222261776312,1.1293796790815804,-30.12765785194928
2022-04-20,11.822277186988828,14.425779558059801,-2.1374400913277185,-44.36084212549025,-5.585167129047903,-16.15311413128753,33.056103404205984,26.637716099106797,6.9296945228457645,-0.8165437997441103,-23.81846349430962
2022-04-21,22.805781609152305,17.985020244296294,-4.512224652403049,-44.062763200231565,-7.39968673583023,-14.740832791789643,28.961819555473667,28.230181306693055,5.289336320792302,-2.621527216611142,-29.93510443954201
2022-04-22,25.61227465642314,18.77992870036543,-6.581844192718862,-43.86724159149651,-7.016762289425955,-15.636104605167844,29.144215600505987,29.217922267974586,5.930041560815823,-4.919421518071729,-30.663008589204082
2022-04-25,26.202268363104935,17.2015001796438,-5.832740700068783,-44.266307250341555,-6.354980409052146,-13.61318767281599,28.44731013335543,29.360729870666802,7.573386802748686,-6.746396348279333,-31.971582968961876
2022-04-26,25.638810646981014,14.743858330087676,-4.923794572219634,-43.90066499671203,-5.8700465160486175,-13.114189876312622,27.99035991185842,28.393894270500724,8.922499669360207,-6.604328756624341,-31.276398110870772
2022-04-27,25.393892001086144,14.39308236538308,-4.910150585218631,-44.27140653954049,-6.206472999149156,-12.784656097224541,28.36710718024662,28.587125143826853,8.937610218399271,-6.212862404637249,-31.29326828317192
2022-04-28,28.69363408183652,15.51128677072849,-3.8461749093829383,-42.8179785709856,-10.869417544156875,-13.971962689301634,28.545549408559154,28.532111376079854,9.738754967008319,-6.133165012407844,-33.38263787797747
2022-04-29,32.077857546132094,16.21900848305158,-2.701298402289879,-43.10705917775796,-13.126428970295052,-15.808700765199582,28.52089549523751,28.40598775767215,10.500783065491163,-4.720846090953501,-36.26019894108855
2022-05-02,32.9460698385444,15.955166677321046,-3.335225378143406,-43.23475189947493,-12.713298829209094,-15.949968596351788,29.009458003059706,28.14734963123638,11.035114899871317,-5.224930929963293,-36.634983416890286
2022-05-03,33.51201703871982,20.28640395140353,-8.565476541895606,-40.74034389152638,-11.915927006647252,-15.114950575771054,29.321685376836044,31.941451365100463,12.049835901937442,-12.261873085979616,-38.5128225321774
2022-05-04,36.8494018097568,13.162688864739948,-4.067457796462477,-40.97825401697046,-10.625866473769932,-13.922458052996262,27.92677691319075,26.147032060672856,13.418048318647152,-8.67543518060232,-39.234476446206074
2022-05-05,37.63883769065431,13.19962242518352,-3.8908321420684757,-41.45794767000133,-10.817044688662364,-13.46347221567261,27.86017996609982,26.290319736363188,13.408391377366769,-8.864264210028807,-39.90379026923395
2022-05-06,35.820725400525575,10.37229116109836,-2.893597159428552,-41.84738276962176,-9.254244238796218,-12.20960973100803,28.072425861317925,24.727541125856362,12.261217669941757,-8.033733160873012,-37.01563415901244
2022-05-09,35.439173553250114,12.332134398096983,-2.557633320569508,-39.80320932099397,-11.29685883767361,-13.330078672407907,27.3633503671757,25.252815381508256,12.731377787082735,-8.362877920798454,-37.768193414670336
2022-05-10,34.7691553958025,13.719488940691818,-2.7397118763200297,-37.44041602303714,-12.45417214956747,-14.58495811752853,26.473761809382296,23.165881270510937,12.764782578959554,-5.614527168631554,-38.05928466026235
2022-05-11,34.063610236691616,13.472641116703485,-3.286206414569449,-37.2653983343358,-12.11880247127408,-15.077170475696533,26.758323718325542,22.22321177795827,13.356744385737471,-4.745848779502069,-37.38110476003846
2022-05-12,34.18514002235638,13.375951577615126,-3.448474257179697,-37.39568511932596,-11.91062045286678,-15.163768111077232,26.95277788092757,22.519279892548283,13.505353859106478,-5.440929729745122,-37.179025562359065
2022-05-13,33.190292295019475,12.553104042408776,-3.3670078262371703,-36.45693712041989,-11.60276053894377,-14.495318942381616,27.046050393312882,22.188904284636763,13.578911349258192,-5.27253053642913,-37.36270740022451
2022-05-16,32.21332889132502,11.841475295579627,-4.493155541016449,-36.73141668273834,-10.387175121565562,-12.919527998788084,27.30372700850947,20.2381076925557,13.214694334088065,-4.799944711592374,-35.48011316635707
2022-05-17,31.617147501171374,11.873911909328513,-4.084586561830676,-37.212109300532276,-10.346526508553538,-12.639479887501764,27.761204901043243,20.733948961831445,13.82935850249011,-5.635367823718639,-35.897501693727776
2022-05-18,23.359460061340855,14.35257609370143,5.053485363411369,-40.29216759593433,-12.716492475808991,-13.407698916103044,29.80028292637023,19.59004130897243,14.593825246017431,-4.927569321928786,-35.40574269003862
2022-05-19,26.461512374214152,13.820427827917698,-3.0150411664979515,-40.58413582154303,-9.388838524694023,-14.722887645607827,27.257022590139613,20.480921373504856,15.522864911091148,-2.985553383766984,-32.84629253475761
2022-05-20,23.071683305346866,14.584294735484548,-0.7640200386170193,-39.80331625940775,-10.319161834572839,-13.225395881108568,30.131636174895732,19.36509581120329,18.076124339862417,-7.290408478461828,-33.826531874624806
2022-05-23,21.268113597329915,11.86822437298008,-0.4284620285822882,-37.96491281420515,-13.461128248186768,-10.702772134822581,28.72126604699328,18.384636001073417,17.294084182994368,-4.425345983079808,-30.553702992494443
2022-05-24,22.235427944521433,13.047184461221548,1.0609049949088813,-39.20124987286939,-10.840465590709101,-15.782654620131538,28.091161688374086,17.974070086216983,16.138024915065827,-2.7514850602855176,-29.970918946313233
2022-05-25,21.901782157641918,10.328005611800094,0.723598228516849,-36.88683887135362,-11.291481324067291,-13.921889969342061,27.553830769841028,18.415062760659893,17.377969490284784,-4.417693311150529,-29.782345542831052
2022-05-26,22.205900491202357,9.226042065752864,1.3734417744424405,-36.781227596090744,-10.882513169582253,-14.506796665310333,27.493594276802668,17.815244380100268,17.949671520010938,-4.025411956534597,-29.8679451207937
2022-05-27,22.857708205797678,10.317731120087359,0.8038831508182511,-37.702899061624294,-10.737953814295508,-15.359475394779722,27.994232783649252,19.00494118923426,18.36997344516425,-4.284141553536486,-31.26400007051503
2022-05-31,23.09214399333581,10.262066154612711,0.6177190004306539,-38.246623472832475,-10.194934167043073,-15.384267462723884,28.659301488242576,18.988890119156224,18.061904246363966,-4.552372309298491,-31.30382759024404
2022-06-01,23.76985766215246,10.895066472875001,2.865773610220913,-38.30962591131532,-9.553098522939067,-14.36099756888872,28.908214463888115,17.927603782751774,16.021391881266965,-5.248609801504642,-32.91557606850748
2022-06-02,24.315419547745336,10.771978946906444,3.943202851521633,-40.97134991134534,-9.120018724457353,-13.07209814606614,29.17472855070092,18.060977466130183,14.664859567877926,-4.450580249743481,-33.31711989927007
2022-06-03,20.454600072282446,9.094137316777449,-2.655603472700321,-32.06671573388938,-6.465640505547853,-14.267940929981833,30.511785339041623,15.3314077198537,19.03027127371118,-8.676137243793505,-30.290163835753525
2022-06-06,19.64916462869533,8.483901810585976,-3.9326621761981073,-31.062000310126166,-6.793996970677171,-14.114482592633749,31.64290920081004,13.711291359910277,19.80954479980899,-8.405032083964727,-28.98863766621068
2022-06-07,20.190574304742157,10.447183593605232,-1.0229357159380044,-33.34908305038498,-6.5103159320576935,-13.053491529195611,28.696750366235392,16.671708005537837,17.09334716358957,-7.406375924520091,-31.757361281613825
2022-06-08,21.237522994630893,11.138143964620411,-1.585499106701576,-32.32547615577531,-5.496825741461038,-12.522655480378958,27.244077686505094,17.06881709250912,16.58637069505498,-9.369901025425378,-31.974574923578274
2022-06-09,20.624035887985812,9.231853334952078,-1.8453426276682876,-36.494716107746946,-4.997828102765595,-12.193782339647669,27.32622831573991,15.075996263922718,18.808154582085763,-5.9137129926841965,-29.62088621417353
2022-06-10,20.09178334594918,9.59768334352762,-3.9718326475670267,-35.67870324860027,-5.390886218971019,-11.876592017738744,28.34291082116185,15.347380494999229,20.011989989056744,-5.841244047107551,-30.63248981471004
2022-06-13,19.891543034393223,9.980883346819539,-1.8500477513624247,-34.04804936954578,-5.037228207188022,-11.869983986857775,24.746987590225913,14.653967722499218,17.078494832983395,-6.413854352223339,-27.13271285974392
2022-06-14,20.452442411695102,10.354661560628315,-1.970319104620998,-33.983799436540686,-4.662668296690981,-11.427195501564213,25.357260445115145,13.703711675355777,17.52855035318393,-6.212242168520291,-29.140401938041066
2022-06-15,19.102326895545218,6.378994131611222,-0.13568256524618505,-32.10823294091031,-3.3264517324974037,-11.470083950352873,24.973371093739573,9.486899965659163,17.470879914435045,-5.887434070314711,-24.48458674166877
2022-06-16,19.008102902836896,6.667516912195893,-0.22714831242691957,-33.28598885582556,-4.0334390057873435,-11.411961238834692,25.41590695819511,9.887808504418231,17.491646374627877,-5.4590315396851565,-24.053412699714336
2022-06-17,19.905599088550133,6.4092468628720525,0.17814104177222134,-33.06703721629099,-4.884411476139462,-12.24157431074046,25.86434391370993,10.024963272891085,17.513458437866745,-5.701564266523889,-24.001165347967344
2022-06-21,20.123797107825695,8.245572754496692,-1.5271349488177748,-35.20230955190599,-3.714917673530124,-12.458026124433431,26.56518530217552,11.361871058647552,17.06119459091461,-5.244523860128709,-25.21070865524409
2022-06-22,19.830469579278045,8.034575813433008,-0.4347969835811796,-34.90453781975804,-5.006852037347812,-10.78810460134703,25.461761075118815,10.05066952295175,15.491312039572321,-4.91354283520252,-22.820953753117365
2022-06-23,19.954368509322933,8.374237132225062,-0.19513420591498232,-36.09325075093654,-4.854763217685161,-10.478118359469192,25.675276695379097,9.182069518170778,15.519145637281085,-4.489932445747257,-22.59389851262582
2022-06-24,19.52775715416098,8.00429933735714,-0.8604997938284669,-34.25699327196515,-4.65718849212675,-10.495874453447342,26.385740761354484,7.5347006330285495,16.623303042002647,-5.135548164250068,-22.669696752286022
2022-06-27,18.67194939273098,6.570923353996221,1.7543564151413449,-34.47672278291625,-6.1949017008656,-9.335086177995137,25.378744115613046,9.893948611003111,14.270558562159536,-4.242140894694529,-22.29162889417273
2022-06-28,20.288257626686914,10.250975181221463,-1.1853676007710021,-35.42377800218627,-5.8651247554314665,-9.096897568797502,24.52478591028462,10.097300110094864,13.774549851712266,-2.9163675846866113,-24.448333168127284
2022-06-29,19.42405505530229,9.298766564006513,0.5059411312494433,-39.519995716761926,-4.924837953616816,-9.830611572430143,23.357688063765934,10.52506734654797,13.103608496964881,-2.1805958153771314,-19.759085599651108
2022-06-30,19.08012946961314,8.829831294763537,-1.167658718410948,-35.58889479159386,-6.127171497103745,-10.164652874656326,24.417447754181183,10.079171600259656,13.977371797127347,-2.132289765591892,-21.20328426858807
2022-07-01,19.39191520718005,8.727868897763372,-0.9527596931744426,-35.522381792728666,-6.160437184819372,-10.348672984264851,24.59402180655887,9.973376097377482,13.652408346445625,-2.0417153886041035,-21.313623311733863
2022-07-05,19.82974588413188,7.022135386572955,-1.591920313573283,-33.588561235720604,-6.30176008620289,-8.675894035157839,21.48906931899326,7.6619407718687,12.926630364482449,-1.177551172402545,-17.593834882992127
2022-07-06,17.97272810135844,7.593115290867416,0.018835779821330334,-36.12022450845164,-4.87976349268871,-7.336514172688354,22.72010873226668,8.965266733422894,13.541540898551645,-1.1100213371377237,-21.365072025321936
2022-07-07,16.724648536679794,6.5792530521750905,2.3914169189816192,-37.95133548014323,-3.7422793802300873,-5.525440183072419,21.751621387968456,9.102178819180665,13.261167344448936,-0.7795818091531856,-21.811649206835632
2022-07-08,16.858856258929194,6.722204162431936,2.670044334970541,-37.90887900394875,-3.4412571106956733,-5.814654356376693,21.88528453701545,9.359160019937491,13.038112755237094,-0.8835032916794461,-22.48536830582114
2022-07-11,16.76220911227462,6.284035666001202,2.953259115834072,-37.737537908936396,-3.772481431596759,-5.867604299894879,21.218840106048717,9.649350539984411,13.084205463145295,-0.5757875759388895,-21.998488786921378
2022-07-12,16.70940285107831,6.9834103951197335,3.0299910082842274,-38.08554025472199,-4.078088953619343,-5.932666490036212,20.93883897890329,9.699040683518334,13.056663934273587,-0.6214620130761119,-21.69959013972378
2022-07-13,15.61120750838272,7.9052408475928075,3.945485390397309,-38.39810852340912,-3.9440204000489842,-6.634382738981856,19.978213856075556,10.898337411338076,12.814323435429841,-0.5731111113431666,-21.603185675433153
2022-07-14,16.07323331178678,7.5248240778607425,3.6098569697287957,-38.68421439976306,-3.323875151381273,-6.424948602279997,20.652654423492706,9.50704766209303,13.099592957690518,-0.21227864754011705,-21.82189260168814
2022-07-15,16.4834320890035,7.549982269355056,3.8727363926362983,-38.35507505516616,-5.536624581907219,-6.423784554866543,21.67120569805428,8.165881034363395,14.320563664802677,1.1833064613017115,-22.93162341757698
2022-07-18,16.96180874652393,6.578600432253154,3.3059473639997776,-39.05767211155859,-3.5967574230270003,-5.920019999433578,21.769890139754622,7.31937915568993,14.658493192914506,1.5518696869792592,-23.57153918409599
2022-07-19,17.813925529099137,7.415976806719897,0.7670449558555106,-39.38180555944777,-2.812603307864876,-4.921526764529673,20.334467072152037,8.117874555594057,15.082915433813696,2.08745731281644,-24.503726034208405
2022-07-20,17.74687433856498,7.852714669019818,1.2839133834800265,-39.507576050880054,-3.794808675993181,-4.455466002686919,20.215893041412144,8.31457860375346,13.83194662474979,2.4021500191081486,-23.8902199505282
2022-07-21,17.881728391139646,7.882435489308449,1.1432543663536734,-39.452355788865184,-3.6042809942654657,-4.256257253342923,20.37959365751061,8.254572250366365,13.68091312575281,2.5745686585868697,-24.484171902544844
2022-07-22,17.36054261252768,8.39373233079722,0.2675263001932251,-39.210316537644175,-3.366384808509167,-3.8113990548655607,20.584642938683118,8.702258859385253,13.732557224260717,2.3200972729284217,-24.97325713775669
2022-07-25,14.994017968429347,8.390436198718831,2.4891094639823024,-40.542363668368125,-3.0223456115679284,-3.5356747160900426,20.54983654623844,9.012465732340132,12.78694959648071,3.7526607997080106,-24.875092309871697
2022-07-26,14.387186123866755,8.715186242676936,2.9309662096343487,-41.47802947774689,-3.244146774419505,-2.684096725036497,20.761630303675744,8.661450612905341,13.00802809057268,4.112300719921166,-25.17047532605008
2022-07-27,17.390129460554192,9.402812900862145,4.143389298255059,-38.87995962327716,-1.9342630049619203,-3.507287851879198,20.489159261919838,11.362285929081793,11.723325920494716,-1.306520766051932,-28.88307152499752
2022-07-28,17.18676793069237,9.913894124458736,4.401568161252271,-38.56147442715009,-1.6979153315900106,-4.571189816744052,20.857130910183557,11.718753720850572,10.969853157743245,-1.5012328835607178,-28.716155546135866
2022-07-29,17.93524747125366,9.277273359262395,4.837741131511635,-38.477516720290296,-1.3017164124930645,-4.720263476615301,18.53829299232123,11.982160287156177,12.53814465965722,-1.7188676746954314,-28.89049561706821
2022-08-01,17.80849654204482,9.164695578873577,4.223695956495305,-38.59242806625362,-1.1431303791613487,-4.334246181973882,18.257552420312564,12.350622579386481,12.628878443981876,-1.5765167579275214,-28.787620135778248
2022-08-02,17.493269088571964,8.971988567186159,3.7215748462759706,-38.48417563209155,-0.872004353555667,-4.014160021634453,18.319560483783064,12.352070215678182,12.326167527096757,-1.1821330177662617,-28.632157703544195
2022-08-03,17.908050474200806,9.310601403745494,3.8011831674785554,-38.448784219200846,-1.3970046049018094,-4.339084168712674,18.871461974856828,13.013923304883477,13.50349629000874,-3.775532443024872,-28.448311179333714
2022-08-04,15.867477439443405,10.179283262716211,4.261280867024908,-41.8802767304101,-0.4859274430635594,-2.229465517294159,19.45097444208845,12.772639296633272,13.176895590054883,-0.8138650682294326,-30.299016138963935
2022-08-05,16.136333983028862,9.660956036219886,4.552812168016331,-39.65335877855583,-1.298246727187177,-4.4907491373374455,19.471676421467592,12.602387837364034,13.862450135980708,-0.9566064292229157,-29.88765550977395
2022-08-08,16.024220525433364,9.409817354605522,4.759821918031847,-40.1685769154254,-1.7695447423888169,-4.032924014009183,19.773776792586247,12.860461864911713,13.899533619492814,-0.8621856341042076,-29.894400769133902
2022-08-09,14.325937793171164,5.400603414706083,6.895305978759836,-37.40191292109373,1.172105866515892,-5.156155163395496,20.54704321766441,13.029203420920666,13.849219089469713,-1.5089192281155022,-31.152431468603076
2022-08-10,14.394867659438617,5.502329563904567,6.725959362149666,-36.86968775494445,1.1684111982763312,-5.757798765224365,20.518292303827565,12.730207231990988,13.761815495495682,-1.2928660139186121,-30.88153028099601
2022-08-11,15.073976423301474,6.345631050920133,6.253513592494102,-35.36047320517893,-1.2624240014376227,-5.901480710477841,20.420324996256156,12.736363028373091,14.576552674037373,-1.4204487997507727,-31.461535048537222
2022-08-12,13.774683293529847,5.244974352250395,6.510642822049618,-35.048945041822535,-0.11435275998101702,-6.36091875065091,20.662644351073382,12.994761896434412,14.414593483046971,-1.048150316098102,-31.02993332983202
2022-08-15,13.91952306161528,4.8220910109232165,6.225054509810548,-34.98402597789428,0.0568247995934712,-6.248969815869884,20.869515698374016,12.702266944131154,14.437926428427119,-1.0278269165616507,-30.772379742549013
2022-08-16,14.51705240240932,4.747061264925804,5.5310633263187015,-35.72710855042855,-0.21621640676931975,-6.235636160862626,20.848499994108934,13.855315724510191,14.558670944865128,-0.8845637745803714,-30.99413876449718
2022-08-17,14.231618147304061,3.2229027617926107,4.91649096796408,-36.64793057564668,-1.1405132851348583,-4.6262012062579885,20.17961291228842,14.467749665695763,15.038341559078887,0.4133095758494534,-30.05538052293371
2022-08-18,13.68106718206991,2.245411396765718,6.60986622604716,-37.765103332225976,-0.7304519878448161,-4.317349618852333,20.355248153616913,14.11647552837465,16.12596085603461,-1.8465038643564782,-28.47462053962932
2022-08-19,13.723718953415883,2.3658601264899204,6.767116837775589,-38.13002809425821,-1.009861494687641,-4.5129457913918145,20.976701437845037,14.400897286344275,15.459873571204142,-2.077468416008159,-27.963864416728995
2022-08-22,13.915393319074695,2.683705203701905,6.505459350186129,-37.698138525727586,-1.5277233040300473,-4.290548457901224,20.58998892271373,14.646584748842855,15.06647944929874,-1.7962891601262498,-28.094911546032982
2022-08-23,13.6139887173143,3.048958441902016,6.427387000660502,-37.972307827247164,-0.9842604424147083,-4.753158354631651,21.234620689883428,14.59015172478918,15.912185393547674,-3.20969173987109,-27.907873603932494
2022-08-24,11.877256881673688,2.8090487113325935,9.04295857758396,-38.92469536513001,0.14914847078522087,-5.431669644090803,21.796937914736475,15.966886159193038,15.45871910696279,-5.614814612641808,-27.129776200405175
2022-08-25,12.064057707096651,2.528671792412794,9.153467998858858,-39.92194038773469,0.3552841733511798,-5.1441447256543995,22.02811587710478,15.845677766378316,15.327688847864366,-5.24230872882535,-26.994570320852482
2022-08-26,12.898565477906402,0.587717598003735,8.39037204677912,-47.03143238193556,4.148321647512006,-1.2661860516490862,22.638617463606536,15.649467576771684,18.65161720136338,-4.85097095807329,-29.81608962028494
2022-08-29,13.917969114532056,2.1433695117962515,6.4081791831029875,-44.44865214633309,3.4009526832022203,-1.9213554717588863,20.622036682929206,16.085199859973102,17.818866079234084,-2.6186419130455363,-31.407923583632417
2022-08-30,12.663081839034334,1.8264265415377565,7.08249268868785,-44.44409416494194,2.119337841668184,-3.0244749689659898,21.40077076920494,15.17472904532984,18.487347998025356,-2.5817239906308487,-28.703893598949456
2022-08-31,12.455310857888847,1.8978648466205357,7.387577100018646,-44.67233747826712,2.2973925342596857,-2.8196870443017588,20.95292043568905,15.294921476571474,18.06731500969134,-2.5954667684779764,-28.26581096969273
2022-09-01,12.706850696042451,1.751239480263422,7.198808020291281,-44.177878122648984,2.614346710569734,-2.5485163378304208,20.35580608056418,15.409300257708495,17.130294284294735,-2.3279711592769985,-28.112279909977914
2022-09-02,12.858322780153202,0.6535748477947863,8.270775364180182,-47.1126508019243,3.57425394061039,-0.7536085171790887,18.98592586841555,15.35053431281149,16.21285366717744,-1.3722370695672197,-26.667744392472436
2022-09-06,12.673109176556522,1.5362352558012873,6.802412421475921,-44.691461840308676,2.390671274509117,-1.1700036683308355,19.103317403054135,15.6007471366608,16.099291706807534,-1.745631884323359,-26.598686981902425
2022-09-07,12.583463756058563,1.893167612377482,7.51934313827762,-45.90181639550738,3.2987869704776216,-0.2734878532071008,18.590301124446057,13.604779777234583,16.206929296609985,-2.0836434997152793,-25.4378239270521
2022-09-08,13.976756652533197,2.8110174749593853,7.441746807085536,-42.49196513102213,1.5708537402746714,-3.9588252885997264,19.311795587744854,15.860809003575056,12.81550566993846,-1.407091255220223,-25.930603261269084
2022-09-09,13.872525455933626,3.6724840427403365,5.5852787502079195,-41.14281665975675,-0.9628838508613171,-4.41476840282354,19.600716484728537,16.8701236171063,12.38000728194929,-0.6320205013025344,-24.828646217921836
2022-09-12,10.582481716022727,4.468139139698863,2.4581553357398462,-40.823531005549476,1.5955917331476996,-4.080559117175696,20.320871230315447,16.912558478230352,14.20282762495897,-0.4462804305083523,-25.190254704880317
2022-09-13,11.605952454539008,0.38137391814342436,4.17271080098476,-40.18636386343415,1.1988228883640204,-2.3666489872055507,21.605318730254865,14.66156893659425,12.63210262069957,-2.224300924576596,-21.480536574363654
2022-09-14,11.446756658269237,2.0902207744984054,3.2902563083372485,-38.898473205335165,0.643103752539858,-2.605875284090942,20.579307780860518,14.940056096212132,12.659782501429973,-2.7082735384675374,-21.43686184425379
2022-09-15,11.685386746972455,2.3504435364372966,3.2393789478365136,-39.40902355988411,0.8063284958530517,-2.8166567551896975,20.631897560861574,14.867110256830983,12.731538441386931,-2.8245123567487695,-21.26189131435622
2022-09-16,12.281274499998773,2.5241119211826373,4.141177963544564,-39.785364202668134,1.1315972722410947,-1.8346761905369249,19.76838783749868,14.431174530002153,11.444474472715797,-3.267420983661907,-20.83473712031673
2022-09-19,9.711981810589478,2.8660796849537746,2.554012554871747,-37.646587508255465,1.6630213904193738,-1.86554954918374,20.970146051183207,14.58756901576443,11.88943887319408,-3.735028265321432,-20.995084058215447
2022-09-20,11.599742594450206,3.4826695896967266,3.5119634430161852,-37.16242703994746,1.0012701974426932,-2.029703707084991,20.27567406568673,15.527356884873129,10.795806483175241,-5.613982957552622,-21.38836955375583
2022-09-21,9.891117366807066,2.75410346526985,1.7096713432111983,-39.40873930447126,2.88586691123146,-1.003620036380326,20.430325331547266,13.178647265838848,10.127845835619468,-1.270466043492135,-19.294752135181454
2022-09-22,10.394861110006374,2.4025126241340047,3.6548193000887323,-38.3891320236723,0.6505575425017867,-3.444311117738266,19.960879065817934,14.033634853577539,8.782972338287152,-0.18958624572499616,-17.857207447277894
2022-09-23,9.268373048974553,2.7848612077918062,3.196261481890758,-37.27265952288957,2.1681473161849567,-1.953462138837267,20.780102274632,11.636722310553253,9.589764862483605,-1.405725204544737,-18.792385636239345
2022-09-26,9.610657202909366,2.4457164830573106,3.1959456069348846,-36.5555764967422,2.7335694471080814,-3.198219797548475,21.311470621940558,11.185693050291988,9.883440315114399,-1.4750290713644745,-19.13766736170146
2022-09-27,9.700531153370022,2.273698285676474,2.6818048463487685,-37.06634721431614,2.869261988505457,-3.869044544559401,21.34382889563608,11.074045367223505,10.312939720571919,-0.8081799840752097,-18.512538514381454
2022-09-28,9.545068793044948,1.842220912273632,4.021796141736928,-38.31552073287247,3.0641216458424054,-4.1518429071607414,21.271261856070353,10.722307572510829,10.459381381392546,-0.05844498283310884,-18.40034968000525
2022-09-29,9.5520542279627,2.1923019043013454,3.5861672045843136,-37.87504955395647,3.315642776360491,-4.043945812226838,21.599965354338465,11.145719328477327,10.655955929884257,0.09751836031118444,-20.226329720036794
2022-09-30,9.54456019057254,2.2643554008512297,3.6771606654252054,-37.80462087817965,3.405410495529523,-3.996610414658562,21.75960342966144,11.186422909999976,10.792957785440748,-0.36193333919109705,-20.467306245451375
2022-10-03,9.767298694316622,1.6427716833840549,3.805420546563468,-38.47999455841145,3.447288069417368,-3.674862899363319,21.461164729008274,11.623936620143297,10.821758947399474,-0.8478026826829108,-19.566979149774888
2022-10-04,10.006330597651584,1.9605667566447806,3.9636211339647787,-38.48277971374739,3.2501385467184747,-3.6374026515701416,21.543056593349206,10.960527493108415,10.90843574658814,-0.7714525383203892,-19.701041964387436
2022-10-05,9.691103346552111,1.5545454231598512,4.0765881191802436,-38.0685619938191,2.8660146403215663,-2.936158634664608,21.733489366918917,9.863115484910125,10.67831320823251,-0.6313872425452445,-18.827061718246377
2022-10-06,9.768463208996735,1.5029786358083612,4.397019577827336,-37.6270263405791,3.2756777680777134,-2.60325033621244,22.32756323924326,9.98840920944626,10.688637880860284,-2.205544725899074,-19.512928117569366
2022-10-07,9.035639201004173,0.7889032982046018,4.935692594295929,-37.54157689104279,2.9935278046155673,-2.650734459629902,21.209114476641957,9.481338932443393,10.374436624780017,-0.5287547143141751,-18.09758686699874
2022-10-10,9.509082790112913,1.4018555367134269,5.35337885649912,-37.9921755397731,3.3353914832006097,-2.315811255859103,21.619333120787417,8.89180058316282,9.988730547378424,-1.7587250990567185,-18.03286102316585
2022-10-11,9.370088303524398,1.03836581250782,4.972324430635425,-37.13631402418612,3.633978122235334,-2.4353626067048424,21.955457584643852,9.552930621813445,8.6635377863049,-0.3570926905613021,-19.25791334021291
2022-10-12,10.007049293816195,1.988027645523033,5.267830005496833,-36.856306952151044,4.3609479234391415,-2.4435055954371165,22.72888207115652,10.344082125116742,8.102974529414055,-0.6394676043421583,-22.860513442032264
2022-10-13,5.236804502101961,-1.3658787673669792,2.93329960919003,-34.56965155963114,6.363415466298875,-0.07823912145033773,19.460677632172988,5.982746666271623,3.594529942098035,2.73585921538546,-10.293563585070501
2022-10-14,5.242770381875275,-1.3794012549360133,2.90237419134165,-34.50821975211856,6.598870181217762,-0.017018462475334672,19.45633564338776,6.116616506097628,3.2470854062848105,2.627845048080019,-10.287257888754922
2022-10-17,5.705038352276816,-1.6833033466286196,4.040490928706504,-32.45018545441327,6.941165125946284,0.2515289820909459,20.231305978695403,7.755325617037656,3.3737673508746298,-2.7068965950338963,-11.458236939552435
2022-10-18,5.947762625867767,-1.3688174253339014,3.6757240481234703,-32.54720701325494,6.932938781440427,-0.09893108200616041,20.053024392532137,7.428191316957438,3.428061648027679,-1.9751346903719025,-11.47561260198215
2022-10-19,6.153342873391921,-1.6039026585461755,3.647039961057658,-32.49835764293322,7.103724390944606,-0.21089976217606932,20.081346896573123,7.422926425315794,3.5870114939815068,-1.8280770686394021,-11.854154908969718
2022-10-20,6.308600231344158,-1.3854252877677737,3.8144052287981793,-32.756447137446436,7.244043550201695,-0.2703902438214669,20.10331555220641,7.647149970957628,3.5563994108883037,-2.2013780904730424,-12.060273184887691
2022-10-21,5.694960633076576,-1.5411753622443172,3.766471797828231,-34.317529128770275,8.07180207670207,-0.2787957653727915,20.53445313736742,7.539869337439484,4.295616757919831,-3.422189183578851,-10.343484300367365
2022-10-24,5.822788144698421,-1.9408279335856378,3.786869651067036,-31.768400592538683,8.147773232212714,-0.9144378117743344,20.412306520660707,7.0824765294747465,4.223699593510375,-3.7118200938524097,-11.140427239872977
2022-10-25,6.452840096402397,-1.42951394085118,4.452212856672261,-32.85320320181455,8.666296607495426,-1.6173767527473046,20.87280744969408,6.279794237982117,4.465727299753297,-4.835965767391912,-10.453618885194587
2022-10-26,5.721847323543315,-1.7738704894112516,4.144984878510485,-31.085468127346914,8.681063967475367,-1.2005409691300173,20.940653150455447,6.450621424754274,3.927480476749878,-5.770236750657418,-10.036534884943165
2022-10-27,4.1900511099468645,-1.6471619040179064,4.072996147819069,-30.19411114607489,9.458097448637332,-1.2868036758413126,21.01376736594463,5.70541845838882,4.242109326392665,-5.6167575397941505,-9.937605591401109
2022-10-28,5.352905977983426,-0.6856988415713943,3.094928049922899,-31.79073768339798,8.544081727961412,-3.961373960170974,21.477654621807517,7.836922400566692,2.973113184135613,-3.963705630809983,-8.878089846427201
2022-10-31,4.821926216365526,-0.08048622883302414,3.5680243639954483,-32.60343857399333,8.271109486815078,-2.9619065159070317,21.733167696728145,7.972049778034872,4.194731875877878,-4.950729471297436,-9.964448627786126
2022-11-01,3.9980262951678327,-0.32911866197640904,3.724549185409032,-33.48372578682063,9.484276211001486,-2.656505134263483,22.097379615644513,8.166126932223065,4.119140055617507,-5.285144290998417,-9.835004421004498
2022-11-02,5.836761575008097,1.2444046503471498,4.353005562849987,-38.90562500339619,6.6717926626269985,-1.9980946592430087,21.664156184204913,9.365897636791772,5.950805913056257,-3.70291184275618,-10.480192679489747
2022-11-03,6.502334693533172,1.5529747657862458,4.915034402979771,-38.72533518992417,7.189614058172424,-1.3935181752354282,20.05779097289809,10.099249376038216,5.111947333590891,-4.013219573625193,-11.296872664214035
2022-11-04,5.829987230174041,0.31965647596172175,4.627228804023943,-38.5610103384914,6.195960991404405,-1.5788989946659484,20.98096131834407,9.617124319008653,6.006696200046164,-3.01138370701716,-10.426322298788506
2022-11-07,6.045396682490576,0.16577610853096303,5.128530221682084,-37.304801325284004,6.778022423882547,-1.4400417759078579,21.825902827798487,9.69876999235315,6.682555318075231,-2.6835655878713425,-14.896544885749805
2022-11-08,6.132505654111412,0.14490905873428517,5.020581930647481,-36.804119980571166,7.7434853929720475,-2.009604047452598,22.136296230922184,9.344367901905258,6.698836638407357,-2.526012640133075,-15.881246139543244
2022-11-09,6.083480124133203,0.4892493589301239,5.68402738093279,-37.5755033521456,7.099823386567678,-1.275234966325712,21.93081360317359,9.334209878940342,7.39113923066148,-2.568450652667906,-16.593553992199986
2022-11-10,5.951831591281774,1.0430971523343118,6.240445059517413,-37.4442504528117,6.586561110118765,-0.839781087332284,21.240341210245845,9.3545616135563,6.642248755333213,-1.9267404436189253,-16.84831450862466
2022-11-11,4.373207643677858,0.8877658908685504,5.382116019540845,-35.37318965317597,6.894828698564751,-1.5137072257013813,21.902274979631656,9.277714003915733,7.874647611843031,-2.2042932140973193,-17.501364755067783
2022-11-14,3.6001744415829506,0.35165599503466183,4.254930045244478,-34.40119546197202,8.26556372800276,-2.0149319885556736,23.2829920510827,9.28071421716021,8.861150282053288,-2.9817826150907933,-18.49927069454261
2022-11-15,3.563637285602752,0.4889589108170185,4.411429589366634,-34.799297517975255,8.139715402281382,-1.9628292673925358,23.06348885969038,9.429148007712016,8.940182335724415,-2.9450294970564244,-18.329404108770426
2022-11-16,3.2795048564007487,0.5266577179038308,4.3361205148382,-33.87907646551321,8.060145429955341,-2.6317363948941335,23.84950984554726,9.613411686598411,8.767135363722574,-2.938480561399743,-18.98319199315928
2022-11-17,2.9879906503074807,0.4519040080654122,4.536782839143299,-33.291789239260964,7.365313633813926,-2.264443213057177,23.47016654851005,9.531948396134737,8.996666809750621,-2.933231263895564,-18.85130916951183
2022-11-18,3.0144422662621935,0.2884700660193005,4.371430275177346,-33.13680151956973,7.6850351388060005,-2.7683457511789697,23.427579891866685,9.563073025314864,9.080199511416936,-2.685191042192713,-18.839891861921863
2022-11-21,2.7916916483084435,0.47181775345477206,4.686822226659444,-33.08859429605047,6.8715906558644235,-2.6315585999050626,23.69162809114779,9.398381977911427,8.535786412316881,-2.4035345311220624,-18.324031338585648
2022-11-22,-0.31602159736452506,1.0715577800272769,5.109454758644347,-34.28974228615435,9.266764153535476,-0.6046745642531164,25.103437930272506,7.03729405035233,5.685380213798581,-1.1337390020260756,-16.92971143683249
2022-11-23,-0.7636124514285569,1.3707279656656368,5.264443004215238,-35.101156667246315,10.003011324684579,-0.3293023957126593,25.42902542520268,7.0062071622157305,5.376594092882527,-0.9661192670078265,-17.289818193471007
2022-11-25,-1.6173319776558799,0.20598264011580625,8.18594307603584,-37.161159916291616,11.446935531023968,0.9717935147702832,25.86191617448553,6.3616534919624,7.99027224451919,-3.1633142492766524,-19.082690529688854
2022-11-28,-1.6196663260775495,-0.5176558985209709,4.477872929577572,-37.554756269421254,11.892099964505192,1.8593859854242538,26.493956577543486,6.959477500762674,7.869521886879156,-1.6090108565541499,-18.25122549411838
2022-11-29,-1.2908945058155297,2.115239784848498,6.57064710123953,-36.37049001340301,11.321585909680948,2.9739944599158576,25.049822691118294,4.905128851398587,7.960243915920259,-7.637147340406003,-15.598130854497427
2022-11-30,0.39825341989532603,2.6440400739932386,6.943741713997355,-40.32559467557539,10.85155322225566,1.7276662250786785,23.024952107891934,7.782159985389271,7.09465427019272,-4.423604765462187,-15.71782157765658
2022-12-01,0.045029391358923476,3.427728485583728,7.148407118105041,-37.87660689665737,9.873342798332061,2.191133302534226,23.433314823285542,7.557985475394375,7.379896260636286,-6.830231103690096,-16.349999654882744
2022-12-02,0.3739533625762448,4.286597614171384,7.656907051523646,-37.542587159734595,9.177892995125035,2.8803254804605416,22.727853735452953,8.199508309475831,5.1125716593044785,-6.790451585490729,-16.08257146286477
2022-12-05,0.9729071487245022,4.667536153151261,6.529170585997591,-37.28595556967272,8.05437887871443,2.8083460128149795,23.332793158958196,8.786435277913185,6.211074027597732,-6.171042575552548,-17.905643098646593
2022-12-06,1.8616046544004803,5.228017461221924,5.769229900355711,-35.331945168496134,9.322465225204795,2.2939450343386625,23.12904155977415,9.477872651136707,7.051478409739829,-7.430871250566085,-21.37083847711
2022-12-07,1.5738639524633697,5.6207723407082995,6.0136675555494605,-35.91178375329484,9.086205784919386,2.4195046366380097,22.79362135932763,9.445018995687661,7.165185061041768,-7.33196273477887,-20.874093198261903
2022-12-08,1.4921260937119598,5.593879347310633,6.071269520356623,-35.186155587035984,8.968265531412968,2.6584051553051324,22.591500662878417,9.139641505778755,6.422594792259034,-7.137668116477144,-20.613858905500358
2022-12-09,1.3128770479736858,5.774716164970485,6.3433646198443085,-35.124524638336716,8.841977722777841,1.9941852016317227,22.872365111057505,9.087434152091177,6.37736213271026,-6.978072727459988,-20.501684787260345
2022-12-12,1.401339734829378,3.9091393088194195,6.51993820176402,-34.821380745310876,8.99786143579307,2.140778137104874,23.11277355800405,9.518572400070326,6.205280855459947,-6.63822233915117,-20.346080547382996
2022-12-13,1.5726765114951036,2.3048114846979644,6.498423162791298,-36.09552037877809,9.745033272506703,1.4168074004959976,23.5155788852192,10.131220129307167,5.719267182150901,-6.291149775988018,-18.517147873898146
2022-12-14,1.5838359766759993,1.9979988796586667,6.5428104738100075,-35.80944522109276,9.591149254208403,1.4712065195452766,23.53184047383644,10.110482420404267,5.877722282171931,-6.219108470963278,-18.678492588254905
2022-12-15,0.03016281460865855,1.8784521358494572,6.23990738259225,-34.92677443385678,9.990333151359735,1.8999698135735485,23.27557833028264,9.302300642818224,6.407286482931738,-5.823338213387956,-18.273878106771576
2022-12-16,0.30213849200761445,1.8197090113520602,6.735224032397028,-35.067442704774805,9.42708255253595,2.179539104239666,23.451777419831544,9.723676579403445,6.340485057453151,-6.51045216614564,-18.4017373783
2022-12-19,0.5170704292042814,1.9496104457344074,6.73730691320354,-34.74651165424129,9.871139557294086,1.081530622351238,23.768800497658845,9.8368365716847,6.328812954087326,-6.815374398309359,-18.529221938667796
2022-12-20,0.380108543698654,2.1650710704878975,6.5757526318538595,-34.65926316953631,10.050589781670837,1.679269193352738,23.630831421315378,9.841526443047528,6.162636969664135,-7.461220884902303,-18.365302000652378
2022-12-21,0.22372192623312515,2.46399263367303,6.654673198904291,-34.920117745483495,10.373491944392697,1.5755010540992345,23.562413777011244,9.554926842948746,6.379230625271816,-7.642196361856165,-18.225637895194552
2022-12-22,-0.02583247906365216,2.3471125719561314,5.893428570882364,-33.93972823418679,9.200925209656106,1.2632394320444718,24.133935988855896,10.84098291673999,5.474325380874731,-7.648757940821383,-17.5396314169379
2022-12-23,0.651886456051642,1.9446381030737854,6.997387276413065,-35.05077147101247,9.230964592964412,2.2428204843611894,23.364789832583668,10.202858707179189,5.901123576760099,-7.890706493392074,-17.59499106498256
2022-12-27,0.6180169293615734,1.6915140613409676,7.485504122187862,-35.5828887508816,9.573458258267891,3.277999449003758,22.987583607328276,10.188631939044186,5.977816412586336,-8.28453387757331,-17.933102150665917
2022-12-28,0.9227897046455666,1.78777024725251,7.689231593229437,-35.827881848695725,6.178244529509655,3.506044972425613,23.390961318757803,10.54953506950146,6.4067177312054895,-7.626726609213009,-16.976686708618857
2022-12-29,-0.19634488378196124,2.3367549216314956,7.465808394752429,-35.3819509119067,6.799533036550159,3.5471441558203765,23.614817604939503,10.64575294445801,6.332165437191549,-8.15713833764795,-17.00654236200689
2022-12-30,-0.8929720608466596,2.2385030463907043,8.330631416163783,-35.57137323147496,7.166497617698269,3.60699186218676,23.844428882795413,10.57017291254229,7.121310872480038,-8.557980837233089,-17.856210480702515
2023-01-03,-1.5146969814620377,1.64688994531366,8.742833061424946,-35.062422640810105,6.571722953107894,2.804684729294479,22.749303766681265,10.924057515054614,6.850861617225334,-7.368155793510411,-16.345078172319646
2023-01-04,-1.2856269182431674,1.5427094458623998,8.89824720022149,-35.177590661710376,6.821863625733812,3.0862768484712007,22.70194992829049,10.886674747332307,7.132240834913304,-8.378984841624913,-16.22776020924652
2023-01-05,-1.0400202458916397,1.3669906857945193,9.14675546173315,-35.17981282242506,6.963301276138651,3.181230816601129,22.966484031657558,11.191773674334883,7.366817262996733,-9.343710586158366,-16.61980955478149
2023-01-06,-1.018774640089248,1.3369325918914114,9.396652361182674,-35.2622021051102,6.708135370157635,2.9116077041548465,22.702745865914096,11.60513405473047,7.569073662742497,-8.250303995706076,-17.699000869868087
2023-01-09,-1.2063066864229057,1.3202729489385803,9.247098950488223,-34.770305224845785,6.908089634988258,2.0566428516733737,22.720990682169216,11.641051968233668,7.700342846476275,-8.434486983589736,-17.18339098810909
2023-01-10,-3.070944201791434,1.8503882545400074,9.25642156642273,-34.35714650516367,7.462546562956575,1.441811105189018,22.79499206693461,11.902875330258581,7.673017984701374,-7.862966903446093,-17.0909952606017
2023-01-11,-3.598117507139534,1.9918286157968765,8.675724767657641,-34.25891227475415,7.864595714667786,1.9832634573328107,23.694771692851887,12.637084659793402,7.998257540119525,-10.310115941013692,-16.678380725312508
2023-01-12,-3.680343560449586,2.348471605484363,9.154931339573395,-34.30887205458797,7.466404368355853,1.98827820482596,23.629197411217902,12.903916114343389,7.80226780771325,-9.575891383808795,-17.72835985266778
2023-01-13,-3.7644515138748034,0.7257254641843645,9.686800926530069,-33.66155206060776,4.696733734988769,2.063041394809815,24.236013702187748,13.181151202086838,8.466542255735106,-9.51780312279557,-16.112201983244567
2023-01-17,-3.5304748014639955,-0.28558755601751784,10.215056304046826,-32.47593563874742,2.7772154353949787,1.821606139232216,24.788955967877158,13.27594984146603,6.578040209545264,-7.80588908996296,-15.358936811370548
2023-01-18,-4.5294740013601285,-0.9003835951705668,12.850991767878,-33.20416233273242,0.9962142574655815,0.6146499960856175,25.716386463001058,11.327071513007937,8.910111485206386,-9.285478021612533,-12.4959275317689
2023-01-19,-4.052761023259279,-0.25413820060170167,11.639645256698856,-33.26109031931747,1.7083810555380836,1.0838199956994146,23.823959234615174,12.047163875922351,9.16179446985005,-8.87076360087866,-13.026010744266884
2023-01-20,-3.8094629537529983,-0.09850266222461812,11.82525644031567,-33.630252595711696,1.6958222702052694,0.1827105366255921,24.117780488513006,12.09456756139231,9.223417432281892,-8.824975854647434,-12.776360662997035
2023-01-23,-4.041694732198479,-0.031629734385205666,11.971926104195731,-32.815089011342025,1.2761610205179466,0.8381730951828388,23.582579963880505,11.531258068680401,9.34419997460084,-8.669868783594282,-12.986015965538265
2023-01-24,-3.196688810693658,-1.1471723347090403,12.046423022614064,-33.35976051693744,2.2725331370217816,0.8603897908754874,24.788162717162592,8.022681092197416,9.633523396488684,-8.09044724071643,-11.829644253303428
2023-01-25,-2.9414439876145053,-1.3209758118151456,11.819734154228072,-33.011072874252235,2.0129996327909936,1.3542918266976756,23.9268196315775,8.83133258635955,10.15304465200164,-8.891841339271608,-11.932888470701926
2023-01-26,-2.52285520583807,-1.528978362677023,11.499061044682463,-32.95975509732914,2.1190814154719533,1.878513182389412,23.452982326955677,8.254850451222708,9.43308887142004,-8.015703691084795,-11.610284935213272
2023-01-27,-2.1033017785211996,-3.2874892024182287,11.950332554337876,-33.13888107120626,2.171467361408091,2.117881591563574,23.51734184578386,8.393907863596311,9.5705761884997,-7.788488065347579,-11.403347287696192
2023-01-30,-2.366599719662659,-3.575017225028816,11.825855246155811,-33.063142888797955,2.7160346322300484,1.8003743796022889,23.404743728582574,8.15227821599224,9.899817153407824,-7.767116488434695,-11.02722703404659
2023-01-31,-3.8434179827837482,-3.3665431826358656,12.176492036908826,-32.93959415865733,2.907270205161666,1.9510894577481253,23.663190219371003,7.613623909456777,10.041134523860151,-7.530964172952423,-10.67228085547714
2023-02-01,-5.260248685718324,-2.90049061396968,11.895988978640744,-33.14191890049688,2.7600092474479823,1.549747123406334,24.07945814342149,6.864549263380837,10.985158527195594,-6.363823509942264,-10.468429573365825
2023-02-02,-5.726360871943655,-2.6098456716806595,12.210933550267953,-33.39249712287469,2.821108046605019,0.48308293722297435,24.52657199265171,7.152624971239305,11.350337310384731,-6.337440760535017,-10.478514381337646
2023-02-03,-5.581127993220818,-2.3831343975035395,12.513871141463383,-33.405988111880504,3.2785832350869697,0.42501620537657914,23.77719407265657,7.43910978971067,11.647584084454806,-6.077491374902365,-11.633616651241681
2023-02-06,-5.825479606189319,-2.3404031846914535,12.476106086259506,-34.1082718923481,4.37633491215729,2.4019424972249226,25.367941011985025,7.387644687827233,11.387300389466517,-6.711704031623526,-14.411410870068096
2023-02-07,-5.033292721640052,-1.8797987610716973,10.550254557599104,-32.50259481341899,3.8152351486747023,1.9991242431529486,24.53417849260525,7.5700802718152715,11.613140133295786,-7.128903817742668,-13.53742273326965
2023-02-08,-8.165747943287869,-1.245891072483218,12.087219473880666,-32.40444080166489,4.068547755779207,2.923556301389354,24.959506324738967,5.565747894016667,12.081004482922708,-5.454290262247227,-14.415212153044287
2023-02-09,-6.056900205509507,-0.8844974672834525,10.827742942334368,-34.52404194806434,4.450747519343068,2.5891706507433554,24.246421619726775,6.656187516752567,12.13640476034469,-6.4694823738658584,-12.97175301452161
2023-02-10,-6.361523065374854,-0.5243814482005149,10.915202410032876,-33.789534365563945,4.640137317797496,2.8585962006549295,24.35711312893686,6.5923409386494995,11.904696760216282,-6.442598022265855,-14.150049854882752
2023-02-13,-6.01789398005171,-1.5597608579568885,9.92234656643781,-34.27007945781287,4.292703175763052,3.648153031937383,25.042899175423756,7.334927269687668,12.200512139624834,-5.72298730175028,-14.87081976130274
2023-02-14,-5.767866621098079,-0.9081271680982326,10.22758721924771,-35.11615585549913,4.746896382171968,3.7434944622860087,24.958238805877656,7.732769047465368,11.912854540780984,-6.264797671871122,-15.264893141263109
2023-02-15,-5.7811626803231775,-1.375811257946168,10.505988002660871,-34.75565413671602,5.002221547036839,2.7675770698758555,24.614271458836342,8.085715063896103,12.264849505720889,-6.0663482085154925,-15.261646364526015
2023-02-16,-5.740273615228887,-1.4018192900191053,10.628173561496538,-35.34812870357955,5.072426052356164,3.8277417048774396,24.38196325016672,8.33836504941199,11.977055284577105,-6.539980437366296,-15.195522856692094
2023-02-17,-5.919779261080038,-1.0455077473047822,10.252029732192526,-34.66523618658918,5.286001380705841,3.668971947394539,24.91756632979792,8.640312003294781,10.777174802486954,-6.566159705460365,-15.345373295438236
2023-02-21,-5.357705516715328,-0.8396186704375737,9.868484232294719,-35.173853370333575,5.528857147971266,3.355007983010765,24.31740287616988,9.0017207049831,11.615509348099891,-6.583891817383119,-15.731912917660068
2023-02-22,-5.420601803105598,-0.7602678831284351,9.677838174550146,-34.162410036621,5.332901929908729,3.7772665065971864,23.67356627017078,9.298539752655998,11.714271712032897,-7.201785333057927,-15.929319290002795
2023-02-23,-4.985427767773189,-0.5404059830817118,9.73049971481909,-34.28001890797097,5.245218689498273,3.9667104744703465,23.69244910209011,9.594498597042772,11.164129743911374,-7.711549010929005,-15.876104652077103
2023-02-24,-4.330040829084183,-0.5259167249211032,10.614038923866019,-33.43750702687663,5.197489858858887,4.692685185670626,24.289566318894046,10.335573454308033,5.402557213869997,-6.352085815595473,-15.886360558990184
2023-02-27,-3.5808651023245233,0.061891654018225495,11.333992599052948,-34.44803682442722,5.295504302804019,4.621416248853222,24.823424670200765,10.909404177590162,4.603767513314935,-6.630525552523267,-16.989973686559267
2023-02-28,-2.9184124636186652,0.909456800923266,11.453579918880365,-33.74254917166746,5.425413710631801,4.495529357349724,24.693524890143294,11.584763437962678,4.656798047502619,-7.633332014838359,-18.924772513269275
2023-03-01,-3.379492729660285,1.2460606080273777,11.186954949120192,-32.81947967812912,5.3361444116087995,3.138842067515114,25.093338939685353,11.525155149661344,4.6762544400437065,-7.354518336586835,-18.649259821285668
2023-03-02,-3.6200533542823194,0.14649358192025375,11.624614219266263,-33.14242742892604,5.0924411257088735,3.0724246377379956,25.15094203804088,11.53169475081286,5.05112131297642,-6.832242304058894,-18.075008579196293
2023-03-03,-3.5295261936604305,0.08518461692266044,11.674086566492562,-33.25556684016726,5.191948721672873,3.1955139372876857,25.334001592996017,11.567547025172445,5.222688366533134,-6.975697311299584,-18.51018048195013
2023-03-06,-3.424265246181477,1.2776546390842327,12.020849556997504,-34.36089402903417,5.710548661031609,3.8155869316879176,25.278609260374466,11.4823756918275,3.4104761630359093,-5.818489230211952,-19.39245239861159
2023-03-07,-2.586858322429933,0.7846399041540906,11.859593469619185,-36.359659890218744,6.08881272464221,3.947240108226694,24.47406028758232,10.975269082204903,4.79991676478744,-5.228466307414337,-18.754547821153785
2023-03-08,-2.165592909510039,1.76384559289518,11.939795731848378,-36.06661058495935,5.6067986445628435,3.6823244803558453,24.89199718537347,11.681188679873998,5.057965498593816,-7.431100171957468,-18.960612147076688
2023-03-09,-2.325430806268841,1.1136494888627908,9.952154549720376,-34.416050805168204,7.010182258942564,3.795809930070078,23.878237994276788,9.770293195177757,5.226636567947807,-5.568693691705306,-18.43678868185583
2023-03-10,-2.086468835577989,1.0573866375773804,8.905302028212787,-34.75294181754293,7.950739782835825,3.9095269736538114,24.13176030771956,9.178721387485325,5.751446982246989,-5.558817147534839,-18.486656299075925
2023-03-13,-2.26504171355748,0.6339240139231777,8.229160612921035,-35.048323243849595,9.39245347179778,4.312214128417736,22.515369319515898,8.513041225376568,4.998919873871813,-3.5988402412020264,-17.682877447214885
2023-03-14,-2.0630144435468623,0.7936813851595872,8.710400136851476,-36.28723119525079,8.370944579911196,4.941503363679175,22.379187384767675,9.177270368009346,5.270929013017181,-3.6852756762224885,-17.608394916375502
2023-03-15,-2.4474001364628037,-0.2644756582831036,8.46737240194679,-35.42139356518428,8.934299136116238,4.717794153573962,23.140054164321754,8.134162397099828,5.811005410084604,-3.6021155117274333,-17.469302791485525
2023-03-16,-1.6741305043221928,-0.6390711213692271,4.752775666484737,-34.65459419247571,8.333133545470943,5.035165417975762,24.479884521403292,8.177599593147889,6.49422952630097,-3.323835015752053,-16.98115743686448
2023-03-17,-1.77307595947606,-0.3729976622297073,5.877719432953825,-34.64246317213116,7.149405891678242,4.47084756790953,24.1780483245127,8.151922229774684,6.639183867000469,-3.069752693180945,-16.608837826811566
2023-03-20,-0.9421837795548669,-0.47839039080537304,5.869183753233415,-34.979508616310525,6.512751816786761,3.831365067992209,23.823172852674404,8.727065245386186,7.463217286076812,-3.666376466475768,-16.160296769003224
2023-03-21,-0.1342838257573078,0.23603384624188095,6.750312085302966,-34.935545967860854,5.389172484127556,4.419801170724256,24.086992136199626,9.5454616369054,7.773246905399489,-3.7483441906044845,-19.38284628067855
2023-03-22,0.16064898235927672,-0.2379077689168554,6.624927807535926,-35.737840566612576,3.857515645196372,3.8865890307684907,22.979452760405408,8.906679487550136,6.955823355560071,-1.3426612869172914,-16.053227446928915
2023-03-23,-0.1720755756142296,-0.09024470290931674,6.186303955259461,-36.35936339530613,4.090193584564872,4.059779396515523,23.240576551076742,8.804020514908672,6.890885326057074,-0.7779324634996243,-15.872143191053048
2023-03-24,-0.9636279883584109,-1.09397853669455,6.724526236039125,-36.368352886838366,4.85711004524633,4.417026775458126,23.938042009418538,7.811055322861847,7.487534177496144,-0.9455934356211912,-15.863741719007635
2023-03-27,0.5851811886738432,0.32698768545809287,7.069498340836162,-36.88498710138414,4.989753959679774,4.215270180501577,23.839620147665798,9.174452378040897,6.071904194234918,-2.950020093711217,-16.437660879995704
2023-03-28,0.7018042474151684,0.27084325091641404,7.55240132209083,-36.728515413331365,5.234306571614553,3.9767701312726444,23.853368498269546,9.174745292485653,5.500361831723524,-2.805994097248359,-16.73009163520861
2023-03-29,2.3451465656358437,1.645256597263156,9.544504711559497,-38.63330436770186,5.704407337128941,2.4451881635602035,23.3738962216662,9.091465786391339,7.8892908428127555,-4.456458673549577,-18.949393184766507
2023-03-30,3.512015501285532,1.7341697649909378,12.637890959930928,-37.620720104136446,0.2583946466224205,2.2826199721075255,23.61026951168286,8.850641017816159,10.768984395185925,-5.363721572129037,-20.67054409335681
2023-03-31,3.631327631971814,1.1529408582491811,11.189394014610983,-39.233570671613506,0.8022544402359983,3.099684358939797,24.444571915015757,9.165421384667553,11.349713525246656,-5.526278045715145,-20.075459411609124
2023-04-03,3.470726025134951,0.8249897382222287,11.78633080200784,-38.80174943280508,1.1463246019188063,2.6673013991642307,24.565138002204804,8.778052124230783,11.274654504742927,-5.858674831087981,-19.853092933733492
2023-04-04,3.402426537194657,1.4548968264763715,12.42367904701537,-38.20240492319613,1.350094647637377,2.75695036783155,21.02004749557011,9.268412486136,11.96162388997115,-5.649303173018268,-19.78642320161822
2023-04-05,4.653153343479374,1.794123006228105,13.062221523169498,-38.441368729814656,1.639515885491008,1.5777211906110722,20.272079155176996,9.807939574991778,12.603929036173355,-4.726649941669422,-22.24266404383711
2023-04-06,3.145771718036329,2.3936463275851168,13.78580511152029,-38.355105989328294,1.9805189113450723,1.7726528414775657,19.575433472169905,9.688464983608355,12.43613025404153,-4.075458368582076,-22.34785926187378
2023-04-10,2.4151649313855614,1.767296881906418,13.917504542606295,-38.50767957079578,2.424176477390958,2.2226678947890264,19.358251244105205,9.636254888277278,13.146436366578428,-3.949252573030705,-22.43082108321272
2023-04-11,4.1747309819982945,1.0048094570540655,13.690170133299432,-38.00536553463604,1.2786052677518285,3.8595532066320573,18.662248298228576,9.727562767987962,13.729757240947663,-6.157556119690412,-21.964515699573383
2023-04-12,4.3498964456960465,0.4577531276561757,14.323978164494633,-39.33753475044111,1.2762157399676255,4.274467460157908,18.316905885196547,10.485437526044777,13.92384499213594,-6.059381535664357,-22.01158305524423
2023-04-13,4.39305230865655,0.5383892298021067,14.53421263947098,-39.53867267213189,1.2726990483297982,4.544746595469434,18.02678398940256,10.633324520751387,14.185546592281597,-5.892882406568546,-22.697199845463935
2023-04-14,4.734099689546383,0.6665489571767864,14.838940439900327,-39.34016477229068,1.4745161575846168,4.859027311450035,18.12520859150557,10.848481790160221,14.331467299708734,-7.562854377227993,-22.975271087513995
2023-04-17,5.516933906063727,1.1006043643999988,14.942082448525227,-37.6442179306607,-0.626549867837241,5.391367198859385,18.828196059841034,10.948940766716149,14.183071841708639,-10.692327997861092,-21.948100789755046
2023-04-18,6.002503546918717,1.6934711886914329,16.09624444715881,-37.491977824903586,-2.1649096209256697,4.846151081067688,19.609662280570234,11.403509722924682,15.005326664489758,-12.730035264774116,-22.269946221217964
2023-04-19,6.065960230632001,1.5892655619712883,16.37859430256529,-37.004845732048025,-2.270804311955743,4.0596472339424565,19.338148785434427,11.738461210243898,16.063293192429853,-13.589023654816003,-22.36869681839937
2023-04-20,6.399054622571882,1.129200994585787,16.068612674039954,-36.736909361652785,-2.4814515054027453,3.9550238283955963,19.9095337254917,11.744495996941822,16.581196496544194,-14.248826295186603,-22.319931176328815
2023-04-21,6.249055939329352,0.492358113603359,15.279383052988507,-36.04979894496724,-1.5039912650193656,4.702659459588574,20.165812950913434,10.716140279271059,16.455456545765145,-13.946337695083791,-22.560738436388945
2023-04-24,6.708049440893504,0.2960392765464519,14.716016722029778,-35.994766623273655,-1.0420826344987262,5.053674780878723,20.29202215871352,11.09486886000164,15.700374973284468,-14.194474966477287,-22.629721988098403
2023-04-25,6.91129133164354,0.3451786640340231,15.641468797532468,-36.363118688128274,-0.5422244055419299,4.0394957502313815,20.415685712013214,11.01294379439345,16.542704547150905,-14.930599608672395,-23.072825894656354
2023-04-26,6.951129214830459,-0.046423907939143305,14.77093825142147,-36.3085986513485,0.07038167113448424,5.111505187237427,21.1331148805171,10.846617147915097,16.580319808850504,-15.681580180736503,-23.427403421882396
2023-04-27,6.630633544594261,0.27251990159761874,15.114270734470779,-36.632554006281374,0.06973893727732161,5.30226572621207,21.046183267154973,11.146043248641035,16.90381460795126,-15.58123749760805,-24.271678464009952
2023-04-28,6.46939292039815,0.5906152660065231,14.878538155892727,-36.33171626735231,-0.22583050127614968,4.9396108172267645,20.97255056460284,10.87169049875871,16.87842286015683,-15.562685968547633,-23.480588345866444
2023-05-01,7.332149803711999,1.1296746011556422,16.763920197354736,-37.16478430465545,-1.8542386172251355,3.2750785531136017,20.23463084774032,12.586441108480244,16.491288732842946,-15.48902460773698,-23.305136314781862
2023-05-02,6.873945149222081,-4.577942021096561,15.876446846427271,-33.403106703087616,1.153371528408826,5.146557312808255,21.99613822635783,7.724080743130912,14.429488675512133,-14.423635267192068,-20.795344490490976
2023-05-03,6.836240090262351,-2.364576978138473,16.50494329150166,-34.251922700533896,-0.17794004390242435,4.739473574067105,21.46463233097333,9.07197699986476,14.120256303044187,-15.395899623686795,-20.547183243451805
2023-05-04,6.718327698996092,-2.1581904451010274,16.66811984016799,-34.06404456627943,-0.1355507022757365,4.481588611542861,21.150847583890553,8.794615988428347,14.154783326317428,-15.15913539525306,-20.451361940433934
2023-05-05,7.339657385536114,-0.9702255097304544,16.855278644760176,-34.01805438631068,-0.8855789979227495,5.531092453433999,20.10087709610721,8.496494310838287,13.63523947120082,-15.232536263502489,-20.852244204410233
2023-05-08,5.730916856823455,-0.8761627656099904,16.90509183177764,-33.15268243489766,-0.007403380979582153,6.2838716436721285,19.268658611639864,7.330484366128502,14.005979974131094,-14.462811180870887,-21.025943521814632
2023-05-09,4.942107029668605,1.7118373139069831,18.794375797341587,-34.47097902524315,0.01710511829806194,7.298868315929326,17.465758998680684,7.745238541006259,12.672403745273556,-14.81105907078775,-21.365656764074146
2023-05-10,4.955648321629553,1.3125865964535848,18.709743919671766,-32.554999974295974,2.08061091438735,5.573349332385703,18.61737385367597,4.030423719399408,14.288894419113475,-14.714796679034507,-22.298834423386275
2023-05-11,3.58556782439301,2.033101320695323,16.057656667325304,-32.39161077091111,0.03459966804695114,8.30818361422942,16.55805825178801,7.0726332235994676,13.276386300213517,-12.670974178423506,-21.86360192095634
2023-05-12,3.212107047622254,1.5793556121983272,15.824071398576805,-32.041518422989895,-0.9212033214982682,8.65398787081979,16.33583890242531,7.865851283356378,14.063670036327622,-12.335484872065415,-22.236675534772857
2023-05-15,3.7444870879821934,1.5318403883951675,16.234085264503193,-31.8985538231627,-0.986118434185201,8.732257766613628,15.94952581631243,8.26087722842459,14.353935485093317,-11.897588932168851,-24.024747847807724
2023-05-16,1.8608165198180728,1.3774905736085543,17.302532117796105,-30.841389437781032,-0.4145463709025279,7.800533661302595,16.364072059316,6.376179500764337,14.789812390283132,-12.228403094301761,-22.387097919903454
2023-05-17,2.1759045012688176,1.5934462959747577,17.423640128105035,-30.852134030037668,-0.6671689622108659,7.867943375314923,16.34972711959263,6.7939084484331005,14.60360788833151,-12.419244755146899,-22.86963000962536
2023-05-18,1.9585984560064986,1.7088418738285895,17.699512965146837,-30.833403202236823,-0.77042945663122,7.80884895858803,16.35445846267318,6.274755929756822,14.833521004766567,-12.390095875217654,-22.644609116680826
2023-05-19,0.8585726825065478,2.99452996551706,18.641942690069186,-30.404402152809894,-1.1614075875706504,8.609183022058161,14.047528217530953,4.69602329983843,15.137301636690381,-11.951926498359796,-21.467345275470322
2023-05-22,0.8031008300137188,3.048983494170784,16.787205093890904,-30.531273644899933,-1.3102093313904106,9.133420951963217,13.93900273607504,5.281495821131614,15.712499598615224,-11.799878974405587,-21.064346575164578
2023-05-23,0.7190166457471889,3.34461885621009,16.447760660994092,-30.346760908500244,-1.2496071129262845,9.09293737435523,13.790759488966586,5.430851391635585,15.76786701206619,-12.059059803711847,-20.938383604836616
2023-05-24,0.887214299676927,3.3495821048683894,16.983498675427185,-29.765409614420825,-1.153647111896575,9.17924548120601,13.444224935476726,5.577283783397945,15.919022826292903,-13.753208378721155,-20.66780700130746
2023-05-25,0.8435944462896856,2.9736072992838274,17.413915281883774,-29.9865652601911,-1.5308484274157763,9.07715033801918,13.788725885155728,5.205581369697072,15.86989625267013,-13.104661205004,-20.550395980388515
2023-05-26,0.5750504650503956,2.5364279360018998,18.118195298293685,-30.094077730925434,-1.7725022193802857,9.686553066493772,13.417834249085217,5.1699221320097735,15.584932735460328,-12.806715348380067,-20.41562058370932
2023-05-30,-0.42924635002667344,1.2705134101779123,17.43106654596731,-29.414480278569002,-0.5752268437159955,9.2221826109554,14.712573480053223,3.741116790772253,16.246746963970537,-12.718560268764094,-19.486686060820873
2023-05-31,-0.7920999541010474,1.4864366853148425,17.675247434089258,-29.489499380347503,-0.3675206517876859,8.253845131801555,14.722397492989884,3.978198532362626,16.66525105240214,-12.553312096488867,-19.578944246235174
2023-06-01,-1.7052740909858812,2.0498894986445464,15.826931719200644,-30.402632272188185,0.04829201642938585,9.461415148741565,15.420377709025146,3.9932800108974646,16.7892111107856,-12.869417401542023,-18.612073449008307
2023-06-02,-2.8625797284179555,2.3469940196880827,15.462532444998558,-30.06656608203911,0.2735361470468405,10.267147999517434,15.35505461880777,3.1200325756848883,17.082550033201443,-12.755897639277947,-18.222804389209976
2023-06-05,-1.510684537818591,2.6827267459375435,13.752070574079127,-30.21458881005659,0.6449679530385453,10.153552861135537,14.44292798417871,4.608724270306624,16.59175806363193,-12.105834743903031,-19.045620360529817
2023-06-06,-1.3421457168996795,3.684907955762853,12.566001236003828,-30.129604728307463,1.2188184971101208,9.316262734242272,15.327398098664744,4.26441493019675,16.886663040500963,-12.137727850453999,-19.654988196820405
2023-06-07,-1.3193476785238545,4.283077047287534,13.902699530600216,-29.109896096152795,0.958205126808636,7.60841640669949,15.218154638527395,4.095675750588768,17.595766993573477,-12.637463388590064,-20.595288330818747
2023-06-08,-1.641078341255735,4.394994966529524,14.349048243441601,-29.737967840769763,1.6047724265318237,8.89863569211144,14.871778934592257,3.8523913176924083,17.541120491848318,-12.909762010978639,-21.223933879743257
2023-06-09,-0.6769249353968263,3.5652918756616288,14.734087700026436,-30.373221672095546,4.088737237229509,5.674836435845577,14.821228954226967,4.129449528028118,16.87501478261835,-12.667078041761997,-20.171421864382218
2023-06-12,-0.396411702223304,3.380515198875841,14.909642580563712,-30.019493672974207,4.469233811235824,5.413856422326063,14.831434907854089,3.4967450522998575,16.98253611919047,-13.209933795558207,-19.858124921590132
2023-06-13,-0.2628189273864763,2.7958507142126336,15.125064962648764,-29.707482503045945,4.669607273992668,5.635060765697247,15.070146912067088,3.4951730589918952,16.04390126282746,-13.118837850263617,-19.745665669741726
2023-06-14,-0.1707322621550844,2.6293165201166033,14.450969109817365,-28.880092883139454,5.0003161420105044,5.3194622878822315,15.1578794215051,3.6419465122839796,16.816275543605414,-13.717283508041213,-20.24805688388541
2023-06-15,-0.2742450737476929,2.85883635361877,14.42846909047698,-28.47275974752737,4.892202721986578,4.909911784258142,14.963572506941986,3.6736587868502824,17.204364703524647,-13.662609993664717,-20.521401132717614
2023-06-16,-3.414789003599722,4.161281775426275,16.041061625192924,-24.79558123370159,5.088858523069192,2.961272306127384,12.906875378176238,-1.0107703819688538,19.58754006623053,-12.56652172309726,-18.959227331855026
2023-06-20,-3.22046082010975,3.7186255738709377,16.216505155782556,-24.147781872897603,3.691626042443275,4.192366570282431,11.470852637967255,0.35740176807463797,18.495933908931605,-12.52044929639331,-18.254619667952014
2023-06-21,-4.425402551697843,4.088161512548567,16.400938804810664,-23.912859223991937,3.489907659594053,4.488148882016489,11.68315464505983,0.6803197431992345,18.898382516885448,-12.394603571346266,-18.99614841707828
2023-06-22,-2.4690582336182274,2.7564678717953086,16.318031530527833,-22.904817451637143,5.095367336671416,5.039939849442618,11.395347361613759,0.8734971223471035,19.230424564262577,-13.635858022869968,-21.699341928535233
2023-06-23,-2.6391773540195516,2.2965055058464117,17.24775710311053,-21.951706037278818,5.206125109525303,5.079307321747848,11.947197570833652,0.7560450067847455,19.41683752979948,-14.055505741127078,-23.303386015222486
2023-06-26,-2.4995789783514653,3.0202716870917783,16.994680130063927,-22.66853729251298,4.864319784143731,4.554524257860123,11.063471049802587,0.7745192310643461,18.118769584750822,-12.94564561259368,-21.27679384131922
2023-06-27,-4.625551919372299,2.2491438216842567,18.54536797586603,-21.719186183647523,6.96678936161976,3.918002942476278,11.495967600820109,0.22701695070556127,17.806367576586013,-14.732600877209087,-20.131317249529047
2023-06-28,-5.0812729039918025,2.0964033258636903,19.397595006920696,-20.77624593793813,7.134627099925311,3.599212516249679,9.576589889019786,0.08268592099115324,17.73183309198643,-14.79510466475088,-18.966323344275906
2023-06-29,-5.50356283740561,0.7799753703499306,19.589280942164805,-21.3829993799299,7.958368138937274,4.684076479356392,11.048396387134872,-0.9142291509288896,16.741721611160855,-14.006059134929316,-18.994968425910415
2023-06-30,-2.9659834708916435,2.873662012075968,18.072265402123605,-19.287233669821802,7.57335738976866,3.367459139957191,10.333593746616785,0.8597168854109896,14.340470263011085,-15.829131529371224,-19.338176168879585
2023-07-03,-2.7726931741707546,2.040083176116994,16.745554507936134,-19.227324987589306,8.068519151715279,3.5861797806168028,10.78632891270665,0.3772452992711095,14.726590566734245,-15.598391035983326,-18.732092197353808
2023-07-05,-2.7525538249058457,2.4114998379526185,15.335648828826209,-17.801973562224305,8.734998042401841,3.524158531234434,10.295551078743856,1.4663243518766222,13.461357163605825,-15.56171302907449,-19.113297418436744
2023-07-06,-2.73395652650818,3.7230931126643583,15.787831644740109,-17.929267015472263,9.422770117847904,3.5671063293542176,11.14632860163421,1.6895381656132997,10.930435015999294,-16.010864289104717,-19.593015156768217
2023-07-07,-3.1859073973359244,3.2890803841539764,16.067435917523426,-16.161725253017863,9.887733021383042,3.226136524631258,11.538576102749161,1.856021145723446,11.538955459091056,-17.440427850145838,-20.615878054755733
2023-07-10,-2.50732195026886,5.441816668208048,13.224752096463092,-18.438488484094442,10.078330093584327,3.6987010057325165,9.54873922560408,3.3199387249010215,9.263970420006672,-14.755161742314783,-18.875276057821658
2023-07-11,-3.7172257189659206,4.549954370397288,13.304706088089418,-17.755086199626163,10.49546235077689,3.932737866023203,9.74665817464016,3.920682453379598,8.810845670376168,-14.483914450070955,-18.804820605019692
2023-07-12,-5.713294065707856,8.50893410313381,14.523238011728878,-18.04217276233181,9.970127534789796,4.7574320146312346,7.740744729430375,3.8706468880356937,9.13904088671508,-13.252887838300474,-21.501809502124765
2023-07-13,-5.094084672766826,9.629203076260836,14.62742982926828,-17.354245964738624,8.773182057124046,4.551703190785489,7.2515120022714825,3.8011154686830224,9.167349530428368,-12.657729129024204,-22.69543538829187
2023-07-14,-5.00729768137812,8.391905542890939,14.821300210312373,-16.46059857402124,8.875615051888758,5.131554428616468,7.152642287757246,3.903461236647516,9.486943339865888,-13.73651090503003,-22.55901493754979
2023-07-17,-4.602875928733198,12.26963592370818,13.904505561168577,-16.991530165168072,5.606126742150849,4.18923057524232,7.821460047595025,-0.025758927586878144,11.012492872931077,-11.245950723224311,-21.937335978083567
2023-07-18,-8.788166064387028,8.172835450160477,15.729983858007941,-18.396800519696107,7.444321134028655,6.073897754837617,6.150257742658212,4.149218762763439,9.503039901776972,-11.021665607624541,-19.016922412525666
2023-07-19,-5.575356346969016,11.119167997216948,12.80653576386851,-18.322931020528507,9.595014800461996,5.9532946619118405,8.420151102691648,0.5602857793047917,10.28306391746554,-11.265663341841176,-23.573563313582582
2023-07-20,-4.616565245166413,9.593434564607563,14.906350274935932,-21.58545648387029,8.468555703427768,7.2107896435339285,7.857755613188743,2.702884342800374,8.330705081385261,-11.521265384681094,-21.347188110161824
2023-07-21,-9.080038472236282,7.7038761925936114,14.769240448103446,-17.14118014772557,11.398537414539376,1.9655257319213604,11.185966415180445,1.5002676099001633,11.975886049100978,-9.511824200119968,-24.766257041257518
2023-07-24,-10.324137452999253,7.206456684269497,15.447859890562171,-16.491213892505137,11.643934507297644,0.6557472192294824,12.358928399116664,0.7949662829387592,12.280208668519862,-7.995062939507996,-25.577687366921694
2023-07-25,-9.449648432561276,7.097513385382669,16.952643381452603,-17.387547220159455,11.308281896761585,-1.472457539726733,13.943362699835987,1.3650111133668617,9.439392207944579,-6.722542816711119,-25.074008675585695
2023-07-26,-9.39604102332855,7.13021957963177,17.313566155827147,-17.596268332720037,11.231968496948639,-1.1491451574650853,13.611174863280269,1.826259149819407,10.063918386596441,-8.210202369907698,-24.82544974868229
2023-07-27,-6.150270050521556,7.954865528623571,18.946428214097338,-19.819385067305674,11.894059999344009,-0.4360830005202274,7.94880396860556,4.1376656141097214,8.205989935416554,-9.932285608696851,-22.749789533152402
2023-07-28,-9.62782930979256,7.974189444712778,18.134306472458846,-17.13285784245261,11.92800954063344,1.4560557554881086,10.768419979494368,4.0457460577171105,10.836683606705876,-13.694014813059923,-24.688708891905428
2023-07-31,-10.819364340026553,8.758315757089662,15.131975263687295,-16.52767360551819,11.68912596372894,1.5024779681974536,13.550943003790465,5.509918424471948,11.976499444494863,-14.675636678920618,-26.09658120099524
2023-08-01,-10.614664792570409,10.043017469032108,12.800605936721709,-16.447798619978897,11.601531180923203,0.7019851173215699,14.321647391397391,6.50148990041869,12.69641141459411,-14.897163684260832,-26.707061313598707
2023-08-02,-10.360508689294804,9.787465989928407,12.94517748059414,-15.87623772152265,11.460028130401028,1.3898089352069718,15.277038062704221,6.860801995130018,12.461037476374287,-17.12434486795599,-26.82026679156565
2023-08-03,-9.87995583125803,10.407770269702226,11.014290027583144,-17.096626151235675,12.328350151984978,0.8117486695891927,15.587765354527605,5.623734564538637,13.849768398800009,-16.016149593527032,-26.630695860705046
2023-08-04,-10.26340869266754,11.018535545029508,9.71922992318504,-16.94811881680568,13.109365014342856,-1.7828904939527206,13.884874490339882,5.71937638019061,13.741840194227663,-15.045990274840811,-23.152813269048735
2023-08-07,-9.20417284349405,8.9357045966416,7.02086221995684,-12.38082546437736,13.149133812133968,-2.526017933703443,13.43440494658104,5.053183355446933,14.385574552451288,-13.762879002649953,-24.104968238986828
2023-08-08,-10.581284725883862,8.761679123334176,7.712810088564552,-12.002068880523844,13.886638107013397,-2.5540531847099572,13.859189026305899,4.731443575196664,14.484093699797882,-14.374076341463343,-23.924370487631535
2023-08-09,-10.071685772804088,9.246410853689923,7.505218150876459,-13.795310049471766,13.596862268362642,-1.8136466535274707,14.047754434222085,4.582353197838657,14.441735959495858,-13.786473918030026,-23.95321847065231
2023-08-10,-9.400324076222745,9.83142476606514,7.606553859163384,-13.698796175807303,13.53462853460043,-2.6030357119041128,13.509595148013403,5.77538874215324,13.612731099800541,-14.20305260770138,-23.96511357816059
2023-08-11,-7.979578106031994,9.15422664577352,6.4881179638748705,-14.327362216021868,13.161667590078139,-5.187779064834132,14.233905717130341,5.087867970653377,15.991036226992236,-13.304864929355425,-23.31723779825908
2023-08-14,-7.484579305649007,9.732459931592146,5.41899821504316,-14.538977470838773,13.686720435489121,-5.085839618925107,13.745431132831527,3.170259969747846,16.48318878591307,-12.616209877681776,-22.51145219752223
2023-08-15,-7.577131385212084,9.819732519311913,5.3119118353278765,-13.682043219931415,14.270468428299225,-7.230506024762747,14.67655405648705,3.1635973479645827,17.0324926778827,-13.037179992578707,-22.74789624278845
2023-08-16,-6.92542783391724,9.482942194713857,4.842730586027386,-13.65984450422961,13.752012204258293,-6.379160489882196,14.650921077648462,3.3180233534931176,16.864596319764857,-12.51797040347629,-23.428822504400642
2023-08-17,-6.700440644237929,10.029293651214687,5.067566158584981,-14.141778065856471,13.321721391933053,-7.2556241314590295,15.362713832589108,3.527940641051373,16.80031305750053,-11.971390262443215,-24.040315628877124
2023-08-18,-6.784798327430693,9.397376970826798,4.224809625904456,-13.285798290892465,13.595349515938608,-5.893784062813552,14.575030888043173,2.3758745251591478,16.56009011998023,-11.760428896888016,-23.003722067827695
2023-08-21,-6.77917483895439,9.55852107136677,4.380174635050452,-13.051980266863708,13.793787824147387,-7.51372833690661,14.714106552003173,2.4115959341820314,16.677279645373417,-11.528458563450435,-22.662123655948086
2023-08-22,-4.7483353249708244,9.29062870733425,4.7339372357645715,-13.96898877387072,10.153619341471767,-2.742545030216533,13.381559064244001,0.28707724088189934,16.88318215316906,-10.942401409664654,-22.327733204142845
2023-08-23,-4.874566532029618,9.868677452930854,3.155993642527207,-13.32605791589502,10.745912786970706,-2.5478867988103815,13.819885916088623,0.5938650986926888,16.384931941368777,-11.090538194685244,-22.730217397158654
2023-08-24,-1.7934256213310817,11.812290497828329,1.230896555919088,-14.832659997281752,10.297948687581055,-2.1587965831481313,15.380405314598718,3.3584464888457717,10.863700152560739,-11.200221747552526,-22.95858374802018
2023-08-25,-2.804020829445136,11.90253634560996,1.483492956924124,-14.670660485442788,10.560270177861838,-1.9253746011317787,14.813361992918331,3.161666991703072,11.292116764818047,-11.195458519508627,-22.617930794306965
2023-08-28,-4.41412463847368,11.15999124381814,2.7860858928025323,-14.323754465520878,11.857026146185959,-3.2572050271744217,13.245423490869044,1.682416788447071,10.577284200746163,-8.112906528891386,-21.200237102808522
2023-08-29,-3.223811322262449,11.861401389839656,2.443800388416321,-17.1533789884676,11.404054377654475,-2.6821850583916813,13.620992938756899,2.759909945240608,11.276063659248408,-7.715139766520643,-22.591707563513964
2023-08-30,-4.449219303385092,7.605187071672205,3.378904335865272,-10.18733979407471,11.867447950227273,-1.7996037115100307,12.737449827114915,-1.5821014972149783,10.035093917223975,-6.244521974811363,-21.3612968211075
2023-08-31,-4.551155287963411,7.684695625891152,3.349856230251291,-9.804194934071099,12.43189865073981,-2.6389984684148544,13.262245420733905,-2.2240858118460523,9.117598419612435,-6.268977742198189,-20.358882102734988
2023-09-01,-3.584305767722256,7.376123536243838,1.8540267317716257,-9.664293109161093,12.386026619433451,-2.884008376366012,13.028144073662872,-1.603361130060577,8.683828128173474,-5.593112686884908,-19.999068019090394
2023-09-05,-5.235600542970914,8.152747419563084,3.711467058678778,-10.104443083738886,11.411588811320243,-2.517828055991316,12.52964348138191,-1.1887481935824695,7.501613925087597,-5.4126028094261045,-18.847838010321908
2023-09-06,-3.752643085545728,9.00701624092369,3.918111091777675,-8.433098550469474,11.381353986810694,-3.4505555072735064,10.220864265183593,-1.978423923330027,6.28543483158073,-4.243868156851818,-18.954191192805837
2023-09-07,-3.8131475594128545,8.803769273655632,4.439188383841525,-8.512922308369205,11.447493048368997,-3.5988752972939864,9.907014229454944,-2.056170131841384,6.052959622635086,-4.02940102725961,-18.63990823377918
2023-09-08,-4.471222497615884,7.119323242075993,4.8628876022236085,-5.95633835639979,12.94443735980228,-1.687428205657639,7.89611216237779,-1.6878982268708853,5.70569908821092,-4.489685742399672,-20.235886425746713
2023-09-11,-4.490438626442838,7.539591421709872,4.66703618421063,-4.147774438293581,12.719748581134638,-1.6474055196050728,8.589828105187081,-1.2228846839227714,5.588161260876319,-7.185456445761822,-20.41040583909247
2023-09-12,-4.200299684261552,7.829163602651818,4.265146856906867,-5.899004013603225,11.796436584533097,-1.7318085487493704,9.045949134021,-1.122831931012655,5.60294352222968,-5.726553645875271,-19.85914187684046
2023-09-13,-3.6895798526079346,8.062025421675813,3.806317254092903,-5.894882766939801,10.796772797463433,-2.0004270726118136,8.72292822650401,-1.4458675057452268,6.799351624165098,-5.439343396977378,-19.717294729019095
2023-09-14,-4.103267227033726,7.6597710564398085,3.4927903787996826,-4.882881134756801,10.359840598213879,0.0719497400935154,7.87057453543018,-0.7395975166508464,6.71406932185036,-5.828853670606563,-20.614396081779518
2023-09-15,-2.634320292169491,8.935731331474742,4.490685343137599,-6.318221029135081,9.888656132799056,0.2726017051855649,7.484676609024433,-0.16539150379331602,7.436379134870904,-8.459814084040815,-20.930983347353603
2023-09-18,-3.1750175934939904,8.738364793245395,2.877997232421677,-5.763840034302696,11.625569359539554,-0.5536549882695709,7.49170779663109,-1.1467747181827974,7.082535122392784,-6.766228788730004,-20.41065818125142
2023-09-19,-3.3272546170835824,8.537425668160438,2.769592694144009,-5.1121308817093905,12.001582685016771,-0.35607237531669966,7.8689573181469115,-1.1792427318563625,7.35472880582067,-7.0544532354720815,-21.503133329850662
2023-09-20,-3.251317736055668,8.42920887736065,2.6329070200554128,-4.218759511177076,12.17943714623928,-1.0543510466663406,8.049592082137892,-1.2369321696524338,7.639677009385636,-7.3546181202967915,-21.814843551330505
2023-09-21,-4.319753814595543,8.937842732830703,3.090606461866116,-4.0191517570984985,12.762099639285864,-2.2943843417026386,9.026952661606586,-1.2837281146222637,8.803924823952542,-8.258356577389371,-22.44605171413353
2023-09-22,-1.902045613302647,6.593380661852947,1.5719291398325055,-4.613442384915423,13.041174509147353,-0.16020842844315553,9.34383653041428,0.7219707833487519,9.215027714253594,-12.268515835204575,-21.54310707698361
2023-09-25,-1.8332154704722115,5.251501246942041,1.5799135389761148,-4.072490394574245,13.399941817489662,0.2867093761890658,10.274066065094374,1.0558837930377791,8.729945827810198,-12.953447037941814,-21.718808762550992
2023-09-26,-4.227679004986001,6.269213413351011,1.4570590706648687,-3.970232764588765,13.401976610332184,0.9724129145812554,10.882700353014343,1.2097441266753464,9.246056064810446,-13.104584638817677,-22.136666145036955
2023-09-27,-7.358811996462521,7.481973222191314,1.5725924641180455,-9.063521379979925,14.055566060339245,0.352611973641487,10.66856715009385,1.3602789029522881,10.09058384536408,-12.048728516665776,-17.111111725592032
2023-09-28,-7.549252188471925,7.181710370747155,1.8484122638753036,-8.012073786982825,15.05324511266501,-0.10353991492199555,11.26696032172319,0.2951154557546545,11.198944250088786,-11.774475250395298,-19.405046634082034
2023-09-29,-6.312707960905399,7.731961559523668,1.024555482428795,-9.317945793862016,14.40485711070896,-3.7607152766508847,12.467265142415158,2.448695537449126,10.50794312100578,-13.63859503045694,-15.555313891656226
2023-10-02,-8.723402522834846,7.646755034211651,1.6917906636009832,-8.279726191946878,14.066825735722091,-3.802181743408809,12.755407905451804,1.9487819489999225,10.605280068346545,-12.81818037659032,-15.091350521552144
2023-10-03,-8.666271102251173,7.7722443612928345,1.9117016835142522,-7.808726907266994,13.786548788828213,-3.6981709030905137,12.937941043012046,1.5044214046184123,10.534131587950867,-12.628134889691296,-15.645685066916599
2023-10-04,-8.637347899634392,7.904936164683619,1.9878220793928278,-8.764376393467238,13.918390452103765,-4.723990226544942,13.037339646136488,1.652686404067012,10.925469169254,-12.57546472614274,-14.725464669848357
2023-10-05,-7.887505432172887,8.69134199738123,-1.7978156200118605,-8.769432051733844,14.841301405581262,-3.891426294216984,13.8641291065247,2.7042981421072056,9.279002444477669,-11.95539869956248,-15.078494998374047
2023-10-06,-7.848797364829494,5.330995854965494,8.833347687254914,-13.722005653725162,11.021894240199657,-4.289106623774458,13.410735281697114,1.4796699556975028,12.790584991990727,-13.086179680011291,-13.921138689465025
2023-10-09,-8.590697655254246,5.371948289924802,6.169322728602211,-11.135446183848792,12.312659120910283,-3.1978765342075803,12.827480733646937,1.357560338486664,13.953700108245798,-13.660150799654424,-15.408500146851658
2023-10-10,-8.453049778328321,4.923749105984044,6.11256158202977,-10.356351908829012,12.722389313496393,-3.875372609649105,12.883376379208443,1.6093290759989998,13.817822721958109,-14.150590455853482,-15.23386342601583
2023-10-11,-9.037426871475446,5.341897315443603,5.32615964218634,-10.42230770531252,12.982350437363735,-3.2517436372022956,12.162904566019805,0.9545588952752979,14.452453920105413,-13.675522600040672,-14.83332396236326
2023-10-12,-9.94786953392753,5.214919183039726,9.000064978175544,-12.8819065105071,13.57939016983731,-2.627241924782467,10.944456012115879,-0.8328450073272649,15.56488595434169,-14.228185592815649,-13.78566772815013
2023-10-13,-10.53694880201681,5.031482718085883,9.499491756065083,-12.071135793719726,12.627753438625078,-2.27007682460588,10.362204150720842,-1.652583792420387,15.581298373765804,-13.600040368701507,-12.971444855798381
2023-10-16,-10.563718484981578,4.970115814140911,9.057281944232699,-11.230581495109575,12.32598480046832,-2.1207243515219147,10.261897587152404,-1.6369309299250858,15.598426466438497,-13.459226934233385,-13.20252441666129
2023-10-17,-11.288956984017197,5.523857949562085,9.824732126439386,-12.469308011397636,11.850758762469866,-2.2736343578585974,10.479420189751238,-1.6875419541320156,15.309378741614992,-12.623742834511589,-12.644963627920497
2023-10-18,-11.673277654142638,5.912133146144413,9.217535529202976,-13.211101380812067,12.627085088276132,-2.562885039484371,10.175767592577841,-1.3671273119888383,16.25481925340324,-11.938429684452487,-13.434519538724189
2023-10-19,-11.538479327129679,6.110024946840227,7.423985722622277,-16.476292571502853,13.10903444920028,-1.326352269250492,11.932028804065084,-2.2997041316535842,17.817357771002264,-11.436366118161637,-13.315237276031851
2023-10-20,-11.068838211868055,6.086144641525294,8.001624306666656,-16.6477705616183,12.251400772043539,-1.9501155497524678,11.960079709195725,-2.1389444723675126,18.082561587713542,-11.332406987818459,-13.243735233719981
2023-10-23,-10.857048938335055,4.850165970859678,8.291115431837454,-16.353192758427063,12.573327923103363,-2.358771999225027,12.314712474541835,-1.9929909500403369,17.979362432468918,-11.246844606446913,-13.199834980336874
2023-10-24,-11.07813062118909,3.808277804632354,8.421199045980899,-15.771763312489853,13.203898257608984,-1.7313026731668089,12.055707497526939,-2.4895055710828444,18.798071012298223,-10.848955504073217,-14.367495936045586
2023-10-25,-11.594740093062526,3.966957879368863,8.458547022350672,-15.733144125628634,12.982715798008613,-2.262984218142904,12.389684274821704,-2.497950016002733,19.01217567597031,-10.70281193596199,-14.018450261721384
2023-10-26,-10.421403248442672,3.9547027276692717,9.113826644894317,-16.768166273352946,12.059323745179157,-1.5758345478154894,12.647149576817213,-2.5340391684689223,18.48520980722057,-10.717316685075701,-14.243452578624755
2023-10-27,-10.51877016933102,4.291528261808978,10.809067553315202,-17.742532027056725,12.197642728096497,-0.6683813364020352,12.694674358533376,-1.5935966275882834,12.274186820078768,-7.53811470316689,-14.205704858287902
2023-10-30,-9.615868809076545,5.199020711082596,8.67321859800208,-17.738335678897414,11.18751914163515,-1.5475663590902258,13.642689500481936,-0.2840016738264808,14.749619331619641,-9.611421737378564,-14.654873024552202
2023-10-31,-9.43692867649861,5.7283802666222385,8.273190850527243,-17.064395977701487,10.746169393283253,-1.2388648767321229,13.557532181291023,0.10488184006153745,15.783154486288666,-11.911075613824018,-14.542043873317759
2023-11-01,-9.4058727717413,5.709255568443837,8.330074475199595,-17.435811476107432,10.580868839415757,-1.2170486003161898,13.795037046575487,0.4987798667155232,15.822577107829915,-12.083726105709879,-14.594133950305327
2023-11-02,-11.880783715157442,4.005455102116741,9.29303358415865,-16.480750766317435,11.031880627991,-0.34542751428597285,13.882541783849419,-1.2615490221899535,15.819656955112166,-11.928820100058132,-12.13523693521902
2023-11-03,-8.26022514364628,6.854193723291374,8.485987283899476,-19.037000920396864,11.026793120081066,-0.8724098020765325,14.351345405404174,-0.2319785788287163,16.29880849289907,-15.495276638473015,-13.12023694215371
2023-11-06,-7.34327185767367,7.6813568462450945,8.91871771200401,-20.388642476736322,11.682762377492026,-0.09741855921873821,16.90840596114633,-0.6401942674675354,15.734165374569699,-19.514882497665155,-12.940998612695743
2023-11-07,-6.759372580006385,7.514263237103947,9.879284237227722,-21.335819530523892,9.728454121748356,0.1543582463144162,17.130563534113094,0.034157250657500526,16.038139164026035,-20.476814008468423,-11.907213672192377
2023-11-08,-6.81293722436024,7.110474915907091,9.437935942641658,-21.9713206690055,11.76045293643709,-0.22264273072667606,17.39758167818829,-0.3654322995432864,15.520003400657231,-20.56322379252162,-11.290892157674072
2023-11-09,-7.622563071784086,8.013861129475217,9.615240354545463,-22.45808181549277,10.248689377860472,1.3505616556700488,16.708318756623427,-1.2260551168070748,15.621791174265056,-20.414419822920912,-9.837342621434843
2023-11-10,-7.881518929895407,7.726842234166412,9.884341861772526,-21.601878427533514,10.580040126745772,0.5916561589208555,16.543918919352294,-1.9866840637110244,15.815869362579818,-20.184850067074713,-9.487737175323048
2023-11-13,-7.994691593106353,5.461745728703264,9.72019841010038,-19.43698643095005,10.983135791038038,-3.0251103307438,16.888679859595584,-2.6972434785780166,16.23373239074469,-18.97480355903675,-7.158656787767043
2023-11-14,-8.214148114303882,5.991981172691112,9.659744289454267,-20.83608643491069,10.446445725448015,-1.7112142222076585,17.089749093444,-4.019308806106579,16.293071888247653,-18.922739593450338,-5.777494998305897
2023-11-15,-5.527840109712741,7.0076648749289205,10.282757102055925,-18.180746953276937,9.971076718688977,-1.4267811232842291,17.240850261017044,-1.4369705397939185,12.092730703310806,-21.317825802350953,-8.70491513158288
2023-11-16,-4.352184555589673,6.8378684718177425,11.258309217086747,-18.435428066035392,10.318669460065493,-0.4152064546089633,16.716357716776486,-0.4442543993708341,10.867451842905183,-21.869443538415915,-10.482139694630916
2023-11-17,-3.3046873818407647,5.287174774503555,10.746328505128744,-22.552963781318855,13.21823666386345,-0.5765159143370653,15.779221237451637,0.346163143857126,13.364964197967169,-23.26081299407452,-9.047108451200486
2023-11-20,-2.967324630107612,4.453125952537135,9.119427018599055,-23.979171666128465,12.999226988488061,0.016582460872996307,15.935569183917707,0.9964006787764248,13.421672520132688,-21.81777855108875,-8.177729955999261
2023-11-21,-3.3982882149626192,7.065705892999134,8.672980150211629,-21.19736832128683,14.560941728697287,-2.3929108584297722,15.226717870586313,-0.4541556426712674,14.801686652413508,-21.731947282712575,-11.153361974844813
2023-11-22,-3.1470289505543008,6.873650955998414,7.706382202906198,-18.41674622085699,14.872140347089925,-3.1549066691659817,14.964412251031177,-0.6859084130909423,14.939099047395175,-21.93792989711399,-12.013164653638697
2023-11-24,-1.9319145621159208,7.215892444450077,9.715577233251395,-25.64228451563496,17.6343400801898,2.0812886395632972,14.597114592678281,-1.4107750779055976,15.470359893258802,-26.013817906716838,-11.715780821018349
2023-11-27,-1.3580192749272868,7.995740531421347,9.98367317163104,-27.27052071798535,16.767697888176826,1.5751866091285365,14.676814069810916,-0.45943717798002126,15.47428873961978,-26.231580340963013,-11.153843497932776
2023-11-28,-1.476598271895,8.382991597546933,9.818629249147463,-27.31764509366784,15.741196798021747,1.3206880742089027,13.994950800715444,-0.9335436613688586,15.873907832113716,-25.063299146669564,-10.341278178153004
2023-11-29,-1.0190580748743656,9.29482594133637,10.64963192388305,-26.367937492577617,16.031898411494623,1.1548108730788726,13.269550833090065,-0.6310076582747257,13.08508989178543,-26.017640283457688,-9.450164365483943
2023-11-30,-0.295089709703106,7.842614231056899,10.850813547728919,-25.324747057636447,16.65896563966959,1.2681396089212313,13.484903573009262,-0.8048534401174834,12.81563474539793,-26.17318381340148,-10.323197324925324
2023-12-01,-0.26000644181753785,7.374785724138235,11.812080551603316,-24.853615978239695,16.9870319609647,1.2883890546977455,13.14067202432328,-1.3567403277118188,13.119991053543146,-26.480801959795293,-10.77178566170609
2023-12-04,1.5930494070527033,7.238079573807383,11.418365917342399,-24.965162474239065,16.86939387567014,3.4080841445538397,11.587318268271417,-0.6966400615867059,12.30410220269215,-27.254668388897073,-11.501922464667231
2023-12-05,1.7111302681229006,7.316892655400224,12.54739637509158,-24.377912930385296,15.97954631833521,3.3564051908429207,10.706833323081398,0.11082842223177636,12.975116852198894,-28.888734200403327,-11.437502274516277
2023-12-06,1.1313474259591914,6.409581839027624,12.25982205865725,-24.782110699210634,14.738775432877887,4.440879574494062,12.801602358256346,-1.3576873445255444,12.841996002505468,-27.69479269736312,-10.789413950678544
2023-12-07,-0.5017154296456141,7.2756103236142735,13.137221620570756,-25.714349724505414,11.800604317627204,6.722746135348075,13.961461114791078,-2.3108992468295213,12.97381780675839,-27.493732305401828,-9.850764612327367
2023-12-08,-3.030075993601457,8.241712416418679,12.99210569547057,-27.685749422989037,12.914288055412783,6.9221906248090335,15.162011794897921,-2.490350624219829,14.331335272735203,-27.36481581726673,-9.99265200166709
2023-12-11,-4.071032462331601,8.643583742761251,13.828619018778227,-26.107814289490086,12.93767536870908,6.993090755103211,15.570847391046257,-4.2426930978531345,13.974313396799786,-27.520116405252907,-10.006473418270133
2023-12-12,-3.8049258051907344,8.219672340663806,13.797105102138943,-25.77231187067722,13.16124021688195,7.174056296196511,15.881838034024511,-4.358034979354059,13.286773596928057,-27.750875374483172,-9.834537557128606
2023-12-13,-8.26515513594056,4.131486828622286,12.576638957400888,-29.163076111021326,15.036343260135524,12.12104179598849,15.984975247844474,-11.958068826403327,19.018539974278525,-24.546635326711986,-4.936090664192967
2023-12-14,-6.151515925290241,5.423978703991608,9.292874927261124,-28.74120200724302,15.509862954810501,10.169675572115182,16.88081694092351,-8.830612231781316,18.675465928162254,-24.32693088492269,-7.902413978026843
2023-12-15,-4.187615534385429,10.26508685989674,4.7613260604297665,-28.259312121376873,20.401592357530347,7.4912017256312,19.80079070375578,-7.898748340038139,18.49913781624592,-26.11925678390122,-14.754202743788113
2023-12-18,-5.394910329042688,11.705945825636988,2.93616338930822,-27.586200351338356,20.880290651488394,7.334102819797252,19.33883609747501,-7.305007479604853,19.18007214182971,-26.07995662710293,-15.009336138446706
2023-12-19,-7.969800697009234,13.759910508958313,-0.3538426531429195,-28.535977230474263,21.604522707735256,8.812070033854468,23.33894467968922,-7.68048074043962,19.61877550617443,-26.020912695294747,-16.57320942005088
2023-12-20,-5.017594202501655,12.541883342332085,0.1598209733227094,-27.666384153106897,27.751090390572614,9.80043021348132,23.009102656248913,-11.723663214488525,14.904858761856232,-26.540632197913915,-17.218912569802896
2023-12-21,-4.377577979362613,12.2829284176712,-1.7543356542170727,-25.074473617388183,25.501482076068328,7.77756096703196,22.16768074201201,-10.066018266176528,17.415458037976762,-25.57234169958388,-18.300363024032002
2023-12-22,-4.56699663055889,12.173164286689797,-2.728216080396095,-24.493191733229768,24.869990385363323,7.4106370721004,22.490397462021008,-9.805048318519965,19.490064678352468,-26.09288876676446,-18.747912355057707
2023-12-26,-4.8161249621335855,12.017591506794389,-4.8545840986532625,-23.145844150135545,24.829515134416212,7.716332155650278,19.946484832984723,-8.203805110519085,22.07042020567826,-26.708962096160256,-18.851023417922164
2023-12-27,-3.3608522794480535,14.23775510533359,-6.504580716480731,-22.06222389990289,22.932176065917233,6.877399328286671,18.33969675357757,-6.5462907930116785,23.04004614685168,-27.32526633403834,-19.627859377085123
2023-12-28,-2.5470326143374393,15.08412822686411,-6.5892026131026,-22.367442270105684,21.52921250138273,6.804621568576309,18.682478314018667,-6.993231453999783,22.8628688570017,-27.64413163286232,-18.82226888343571
2023-12-29,-1.3492870155080539,13.05450569887806,-5.467729840152401,-23.83301939548305,19.88518355046024,7.791166856013859,19.21741456511627,-5.371234747751444,24.46335589853487,-28.385322599892135,-20.005032970216213
2024-01-02,-1.8248020962824256,11.869871598490363,-4.461327475980255,-25.31022436536449,19.819745826421766,7.639686331620069,20.94651605118888,-2.4868028148469534,18.54543778435938,-26.064551812423616,-18.673549027182624
2024-01-03,-1.5036530969088915,12.19234580194015,-5.291029949970181,-25.625888766385614,20.262173660506505,7.735494200865276,20.490203870504942,-2.712282776264061,18.803506637310676,-26.045850679776223,-18.305018901822606
2024-01-04,-3.097070070614521,12.496153938828854,-4.83989662538724,-25.05799745390272,20.481969179602785,8.034374021120612,21.051711925190133,-3.066496065570476,18.212405100622803,-25.928073723299654,-18.28708022659064
2024-01-05,-2.1807459291739377,12.563597446940733,-6.046245232721006,-25.988641306319114,20.465322498363278,8.215954336779674,21.079663177680317,-2.6384905369588836,18.743543751991425,-26.156230319247,-18.057727887335467
2024-01-08,-2.6412701902136035,12.60702073159166,-5.549201698018862,-26.492809541934655,20.4267743643082,8.415958426974257,20.437737374078154,-2.2184770222699512,18.592151685108533,-25.020324876853394,-18.557559252770368
2024-01-09,-1.0019643369901274,14.79706983094978,-6.097245317437384,-28.60080630478377,22.739452351586337,3.6839682040246515,19.88552572988381,-5.300080266659947,19.655483849087062,-24.488568742086755,-15.272834997573618
2024-01-10,-1.1407861790187894,14.772173849999405,-6.044470187441803,-28.203284547038294,22.830273418636125,3.863969321712318,20.19205513002278,-4.850922961736828,18.450682457317612,-24.697168020414622,-15.172522282037846
2024-01-11,0.3451175393868766,14.717063902865888,-6.215325729725777,-29.709132632451585,23.005373195591886,2.9361630737612927,20.622666525010573,-3.4342865741841138,17.752502086369546,-25.25892222732091,-14.7612191593037
2024-01-12,-0.4904378216981371,14.377565131930226,-5.104340993375132,-28.393057992130117,20.43975931588558,4.228566589288988,20.743718645571832,-3.597424085296609,17.61409754418233,-24.222258861166154,-15.596187473192785
2024-01-16,0.4996337412270293,14.03835839343445,-5.437252305360516,-28.39229963235394,19.400637166410405,4.4539645275855975,20.5676089997025,-3.5079266115875214,17.35451882792617,-24.038618777449294,-14.93862432953491
2024-01-17,1.9568105790542063,13.98914950195038,-5.3638340101284285,-28.714140630367222,19.517711893348405,5.5963771197901195,20.74557709489865,-3.554958910277776,17.7653120289132,-25.612802876181078,-16.32520179100046
2024-01-18,1.0205296702180533,12.547712931322593,-5.702750332661566,-29.025459949791102,20.451294402310808,5.529764458514222,20.82390670594964,-3.4894706508219,16.76885978761203,-23.891181508253005,-15.033205514399818
2024-01-19,1.3927199251708515,12.733295326898087,-5.3010709007013475,-28.44115963778597,18.314052770986976,6.025956767938297,20.39276520341619,-3.6986547320289986,17.273817885542044,-23.874433759340334,-14.817288850095785
2024-01-22,1.4946952776074625,12.429318489304919,-5.197793484075618,-27.092636083522333,17.430592819402733,6.541739709754054,19.227374175818014,-3.827750583830422,17.54729465602277,-24.19376726027747,-14.359067716204073
2024-01-23,3.4261780690192296,10.535058506129502,-4.138274404223949,-27.792010513845018,20.170553382940852,6.220199381249941,19.54299101736818,-3.4480370092709336,17.326639568600143,-26.897980859107925,-14.945317138860105
2024-01-24,0.16524397343877695,10.377598244220152,-2.894782781354934,-28.196105576446953,14.226143283051485,8.006471354871977,21.16048237350762,-3.669969240367479,17.84301766655949,-22.748445779275116,-14.269653518204954
2024-01-25,-0.1266849497763758,10.57153619185415,-2.779633398673255,-28.187722600052485,14.522549543705054,8.06603466958802,21.245965720206584,-3.683190645471427,17.690285407100646,-23.07847423886421,-14.240665699616677
2024-01-26,-1.2322393027437641,11.954695461639986,-2.622283703487639,-30.198634140145032,16.08372973585358,8.725755521646619,21.05263009534123,-5.83466573911295,18.288916691298837,-22.132846838813286,-14.085057781477559
2024-01-29,-0.7862725574154439,12.229980715830479,-2.9042784491269344,-31.08610519136224,16.515584640058677,7.7159969345050285,21.540273376979442,-5.960856600271683,18.59200618039712,-22.139289218353426,-13.717039831240982
2024-01-30,-0.7051632566787731,9.620726559334102,-2.9904531734712094,-30.109315649686835,16.60235579774705,7.559207711517928,21.93656380040001,-5.8070412852779185,19.023983909719334,-21.981367427556144,-13.14949698604756
2024-01-31,-3.329155615033912,6.259777321388512,-0.8278552121539917,-28.929880735942316,18.88957968677245,5.8592121891203846,21.391676872309063,-5.8134778819438395,20.946463922223415,-22.11783746932496,-12.328503077414815
2024-02-01,-5.864701053930645,6.911508834716258,-1.6215220348632613,-28.280558881561586,20.371083443731905,5.831987042416458,21.83043960089364,-7.158371957580613,21.571680044373934,-21.654839675913827,-11.93670536228224
2024-02-02,-7.516751375120862,6.803861045561121,-1.4965194042780752,-27.767942025504667,20.656506076963225,6.266699460152239,21.632305493716373,-7.3904538776940285,21.94921494986272,-21.62019364784709,-11.516726695810966
2024-02-05,-8.604451020406657,6.068838766669103,-0.41792033207697443,-27.29951839720974,21.1183351236308,6.397716984502992,21.088212152450808,-7.537171223777648,22.028479296298002,-21.60169982807988,-11.240821522000779
2024-02-06,-9.39331084010945,5.879821293958088,0.7756496530950869,-27.424992523647674,22.606462204851667,6.01142119105819,20.817333010307678,-7.9577458416651154,22.00537031859234,-22.685552042303172,-10.634456424137625
2024-02-07,-9.840248743083151,6.190162991339548,1.4762681637678838,-27.31198122799539,21.808696505660848,6.24540140210469,21.031124340053097,-7.954676202127743,21.323148159772828,-22.798967183795128,-10.168928205697426
2024-02-08,-8.986470649689096,4.934014299680925,1.675953437787399,-26.639771734764157,20.266878907817528,6.275409826302962,21.78298991065536,-9.376310652428785,22.60093741677629,-22.726053042539206,-9.807577719599237
2024-02-09,-8.163317499650361,5.0934347320847735,0.8459814729276047,-26.303763630148687,19.90401223673834,6.875673345469423,21.723192520778326,-9.434233770371463,22.585142519114484,-23.173717398790238,-9.952404528152236
2024-02-12,-7.668694987101901,4.64219602595152,0.9109098391985668,-27.82643046292752,20.201257769321742,7.218074283231886,20.53580570439577,-8.937421780059907,23.132089673754777,-22.92331160445871,-9.28447446130621
2024-02-13,-8.362041734169324,-0.29940687135186295,6.255223095413328,-28.76495225615756,22.61757045285873,8.705797373461081,14.505962327123811,-8.283574311526706,23.940416946633576,-23.903297156798487,-6.411697865486502
2024-02-14,-6.473429048083531,2.0908650595626312,2.995981767828013,-29.456345186874334,20.999859745497886,6.657164841400117,16.836896366223826,-7.330086944287714,24.817183694052517,-22.472943619310755,-8.66514667600861
2024-02-15,-4.924585076229249,1.805680204833891,-2.866758334353932,-25.77941169093956,22.384700864851155,7.206568095631667,16.03423929226186,-9.171096976699303,25.31259286659514,-21.246977018777066,-8.754952227174542
2024-02-16,-6.055043370548617,3.776113801004911,-0.5806428834819286,-27.97485052171441,20.56820768745827,5.476935023468059,18.933377137725685,-8.258668040121208,24.09078363484406,-20.934242019691126,-9.041970448943744
2024-02-20,-5.641737278168122,4.45875175947296,-1.6716325155656335,-27.51838974851791,21.803294189363456,5.092697314217929,19.125189176074173,-10.406534454215596,24.464357344388105,-20.821493100323096,-8.884502686726243
2024-02-21,-6.121232921274299,4.622568348941698,-2.1130875679815233,-26.966682048867526,22.0699756052001,5.038676053215411,19.41601116551601,-10.33049079719786,24.642599981038487,-21.366735555117458,-8.89160226347299
2024-02-22,-6.2147572006547875,5.075530856395858,-1.5410674745444197,-26.560814466239943,22.48042927197011,5.845227380394803,18.998409122591113,-10.211569001838036,25.0279278703602,-23.729824669992155,-9.169491688442761
2024-02-23,-6.556928663239859,6.5621338806525955,-5.740510636785061,-27.114552806751092,22.637611370056135,3.6587143584011272,21.556962193602118,-12.452456286301775,25.736741094550368,-19.765012164572482,-8.522702339612088
2024-02-26,-7.014533596792958,7.248293538829316,-5.9645046263036505,-27.118351830292067,22.501996532152546,4.584816389323649,21.87921940232222,-13.468238636956407,25.18185893369882,-19.300161527481173,-8.530394578500292
2024-02-27,-8.406814013622991,10.259766822626503,-6.28874605567276,-28.763444092644562,20.383343833358623,4.215322354018866,25.12115041569554,-12.595533877922549,28.94474448264731,-20.850995343958054,-12.018794524525951
2024-02-28,-9.184702265028307,10.810666708784836,-6.342224954029746,-27.873559745946537,21.15936142978822,4.114372503759483,25.973977459901178,-13.409857248930805,28.34077221186041,-21.207944925734473,-12.38086117442429
2024-02-29,-8.737026248565542,11.146265051666148,-5.690524567773025,-28.72111188336046,20.607744464641115,3.9489285159053225,26.35154274957158,-12.889536360945158,27.49984098246182,-21.813712716788793,-11.702409986813016
2024-03-01,-8.73354866604005,11.751807228558732,-5.406037860489576,-28.32514564042021,21.010252671335138,2.9769489169493824,27.166571222855495,-14.092110990957217,28.428578937344525,-23.289525614916116,-11.487790204220083
2024-03-04,-8.611677901666525,12.041203623817793,-5.664391647384974,-28.17833953635428,21.088423390663152,1.9458156913458282,27.176581984768347,-13.97319441576279,28.732887069952582,-22.834957423363022,-11.722350836016105
2024-03-05,-9.730281925122384,11.546097002020318,-6.7171754932772885,-28.147753348236744,19.062556488975233,1.2787094355170296,26.11300368090889,-13.396995758208824,28.341961991235138,-20.250775537771204,-8.099346536040159
2024-03-06,-8.615365042548575,12.182314009912659,-5.965558564110587,-27.410757934585074,18.05027176378644,0.8040985468119999,25.96239453241168,-15.04716205498002,28.971343538875544,-19.851887785455418,-9.079691010118658
2024-03-07,-9.97556623107927,12.478057687162234,-4.696876970931385,-27.314501039373756,15.947131620253458,1.5029202542991982,26.575125992122196,-16.917717702312643,30.14624733950997,-19.799310230154994,-7.945510719494983
2024-03-08,-9.217412753392871,13.08594224012235,-4.540662294786728,-28.03138582398907,16.02092654040524,1.3200832083662561,24.37918020792712,-16.442654462789683,30.96416565609337,-19.68775306809362,-7.850429449862318
2024-03-11,-9.236317330417428,9.92060277854668,-3.899542019711191,-27.317167143166344,16.756433839969972,2.070786417358036,24.422742643551004,-16.504458455971523,30.03166862936739,-18.983582561217183,-7.261166798309425
2024-03-12,-9.193709590828618,10.198920634112653,-3.520017516148684,-26.906215275391165,17.377035573803767,2.0267344400793945,23.88640326050583,-17.29359608519608,29.17662430082406,-18.663639596142907,-7.08854014561831
2024-03-13,-9.222240280601191,9.885993264215983,-2.71774558012892,-25.952198449018994,18.24996663081376,-0.06644928294339536,23.903748331221394,-18.697682590843293,30.071751132324493,-18.484682418601864,-6.970460756437994
2024-03-14,-9.755476244154458,8.383589875873156,-3.5358585600761216,-27.27061258294796,17.054891099093368,2.3577638306999944,23.468292513781805,-17.61535931454815,30.137971928662225,-16.631622949818208,-6.59357959656564
2024-03-15,-9.852901002223454,8.555996258168861,-3.762723469307957,-26.196618559264447,15.895594915400409,2.0294576448148973,23.282951061109344,-17.232496658763658,30.53573982520507,-16.732728525441566,-6.522271489697502
2024-03-18,-10.082966711329831,8.153794935819988,-5.070552903110055,-25.650605173860395,14.411636534457756,4.653560876273659,23.412270248157526,-16.782573560249133,29.311874241515696,-15.882270961993541,-6.474167525681679
2024-03-19,-9.187641487451295,7.859435344578287,-6.359974746261919,-25.15912319324496,15.08356886089615,4.3301652854222255,23.751553574366383,-18.710301842440522,30.303438033254096,-14.862834849401047,-7.0482849797174225
2024-03-20,-7.089055756874721,9.177982470419934,-9.532314730935404,-26.952919519401814,14.242928073511308,1.8018091425050784,25.911364855532824,-16.147429352736133,29.366741827878442,-13.759931451111342,-7.0191755587881275
2024-03-21,-7.7647055548336255,11.396490920074285,-7.098524806968101,-21.86658269599081,9.234028358024915,6.981813343119342,19.853930047904754,-17.08740175560135,27.340007587040162,-15.815341859621093,-5.173713583148476
2024-03-22,-7.207244066825325,13.893530298525903,-7.595061356431074,-21.984848161958826,4.4730518350386745,8.080163025214375,19.577013531355945,-16.957816916974416,28.68407724032099,-16.258601713771718,-4.70426371449453
2024-03-25,-6.05284854798424,15.868373295896433,-9.00228314543208,-20.850278810917207,2.9153995636776955,8.257289559883361,17.67951619627074,-17.618159892076356,29.697706928731506,-17.047320305938598,-3.847394842111271
2024-03-26,-5.723933168236869,16.522495335474446,-10.23417679348588,-20.215485342899818,3.386170987539316,8.270586066510944,17.641013901174063,-17.482033204993854,29.140168088422115,-17.642523624350048,-3.6622822451543797
2024-03-27,-5.874159159311375,15.836476231637391,-11.30593383592334,-20.19682080080605,3.6761215525289543,7.758986208784023,18.11536649375681,-17.771678558685963,29.20841546405775,-16.931022868723673,-2.515750727314483
2024-03-28,-3.4055066061372514,20.319971244534642,-7.410942819330401,-20.128588683679368,-0.015533949157273241,11.222846746536803,17.52935098534209,-14.395247925012782,22.593156242951025,-17.028322562509572,-9.281182673537934
2024-04-01,-3.6128034219410665,19.103368576448673,-6.972042981121753,-19.37529466974692,1.2011721834588514,9.96953903825775,17.376898112484596,-16.459060488352762,22.973254907018998,-15.50040378817954,-8.704627468326798
2024-04-02,-4.152862996479982,19.500779440729204,-8.47439731549025,-20.969363552090417,2.8610463701198796,7.144316535528034,18.236775036560417,-14.718653851706733,24.45363921656387,-15.472475629696604,-8.408803254037416
2024-04-03,-3.4668815468189536,19.35589879558283,-9.234273758849106,-22.295551849354595,2.862959476347413,7.671905167065702,18.564261319031587,-14.166092105663978,24.769174423995707,-15.842630639446256,-8.218769281890381
2024-04-04,-1.1158392639148644,17.769920341366756,-6.227866174798756,-33.08400923711616,6.44123200590289,11.828319753272567,20.569271240628524,-9.946787835448276,21.830444095338123,-16.650121963697657,-11.414562961533164
2024-04-05,-1.4481592029043924,17.99192624083169,-4.860715238061857,-31.57669190163491,5.713185562454385,9.43539043338808,19.957472262579714,-9.855852028530194,21.782808639653467,-15.773902029472602,-11.365462738303385
2024-04-08,-1.838830971979391,19.90467517432154,-2.9417013105691012,-32.065713127736956,5.4086955677089605,8.026691690550322,18.724222691644187,-10.883618245741602,22.44268370770247,-13.99649721447387,-12.780607961426583
2024-04-09,-1.0564420277219853,18.49057801308227,-3.3780745047593825,-30.796781911915957,6.48731993378793,5.943012663302824,19.044379162584093,-9.163633722526043,23.074340135611493,-13.875082470677441,-14.769615270767808
2024-04-10,-0.9659834679322472,20.341289964660945,-3.0819864087509927,-30.127520281068723,5.028243459206834,6.818587642473517,17.6172875471663,-8.776595417107039,22.190893293104807,-15.355479965840857,-13.688736365912504
2024-04-11,-3.0731142819342523,18.749556303017187,-2.1208726740659074,-30.379726539240146,7.478442424312149,6.686259811542925,19.134549586464388,-9.518950116924017,20.331076022106075,-13.717450861494001,-13.5697696737844
2024-04-12,-3.3975979394078166,18.206506644904664,-1.5347215453287646,-29.88693944356483,8.705308668233911,7.182377491796885,19.32637065235508,-9.044844107649183,19.453619494356232,-15.722705966224552,-13.287373949471593
2024-04-15,-3.49979809244185,16.791434779673168,-2.884909904644445,-28.64278811353346,9.675251234473293,7.208754579907804,19.297497041067103,-9.599787571132097,22.020480573893153,-16.93633983270699,-13.42979469455566
2024-04-16,-1.9671947998868546,16.85152393615971,-0.8070928463429539,-28.12299412511703,7.152768502049312,7.367742897879637,18.25745503430207,-8.431031359495357,21.492614433553783,-17.82495247080667,-13.96883920229562
2024-04-17,-2.2601106556600286,16.707270160561862,-2.160046462007358,-27.47254532326967,7.655469784909727,7.714728231958475,18.947939673950856,-7.984295742241073,21.001448234156527,-19.18917043714326,-12.960687465215997
2024-04-18,-2.1744935825328895,16.21026089263411,-1.6250116717135654,-26.81366645673829,7.972723176405509,8.115157067318648,17.660350494785575,-8.690814194030345,20.885014868226463,-18.393246801422748,-13.146273792932483
2024-04-19,-1.6849725836382277,17.71865816305916,-2.3840214637216945,-27.54319985275128,8.500413498029246,5.894061821719035,18.943427283686674,-8.053797064576607,21.490674994190954,-20.071515508760605,-12.809729287236628
2024-04-22,-1.0323687419213883,17.63959427463608,-0.8510114398534938,-27.37563753064652,8.711265983809284,4.144057212773788,18.862759726154977,-6.815368484635542,21.418323645161905,-21.967781594905333,-12.733833050573743
2024-04-23,-1.454703624280583,17.685521902842865,-1.0099232771100333,-28.05746575094139,8.633806460011954,4.009063273929911,19.359312981479988,-6.7424603593046015,20.691914561799635,-20.32176588002187,-12.793300288405888
2024-04-24,-0.5148185394112943,18.71173310513231,-2.636140425782571,-27.93714542729511,7.399600957569675,3.3577857996207996,19.326019409853075,-6.148601196087569,20.30532801381179,-19.66128665423942,-12.202475043171667
2024-04-25,1.1303896979533334,19.97637889160309,0.9197512739037705,-30.21184751942112,3.70759016617896,1.9388828433207266,22.192231218060414,-6.728191444747225,19.310761618862088,-20.896867043433687,-11.339079702280358
2024-04-26,-0.08817663948319421,17.951402724910054,0.8451527974393258,-28.93665747473042,5.042106771139657,2.593275558244457,21.900731473036842,-7.278987898733419,18.69441809119573,-19.701594029136544,-11.02167137388247
2024-04-29,-1.6474388827333684,16.388201285561465,1.287546342348577,-29.322220954018302,5.04535268835518,3.0116075635233557,23.369783529057486,-7.227532627795398,18.940235749760774,-19.299500709735042,-10.546033984324708
2024-04-30,0.5354209276837878,18.38386567719691,-1.45646851475027,-26.518741781320806,5.236720262621844,0.7902809098891481,22.833133595644554,-6.874069088201722,17.606101875147033,-19.01880147058428,-11.517442393326178
2024-05-01,1.356463696105493,20.50494741688979,-4.7720608617728715,-24.51781976084761,3.13590997736911,-0.7470315791853608,23.497757725049325,-5.243242372566812,17.350645977841552,-18.92595602434048,-11.639614194542176
2024-05-02,0.8669371694342516,19.96235811840218,-5.426563152945853,-21.97563758428759,3.0710159429633705,-1.206899352475375,23.257236952677374,-5.4446467006019645,17.25925366437454,-18.95249335770569,-11.410561699835277
2024-05-03,1.0583911902561312,19.782484304384596,-5.930194506640021,-21.491383775015805,2.960845493632533,-1.0904342147199912,23.41907463189125,-5.711225363358281,17.310371201418718,-19.364244474603318,-10.943684487245797
2024-05-06,0.12064523672123073,20.04024177789597,-7.747066122001705,-21.806475951929844,2.705652942238288,-0.4413956942132842,24.051176279452875,-4.280311207967458,17.927193850088273,-20.303643550278544,-10.266017560005778
2024-05-07,-0.1334290449626394,21.29440531258612,-9.167768754006012,-23.943811726762387,3.6237952074915114,0.27963919394142067,26.06096265780039,-3.378798563445784,15.147569808735469,-20.59655517587798,-9.18600891550004
2024-05-08,-1.4383470006767851,21.125169000496896,-9.439751039310018,-22.635388059213938,4.40317149534566,0.26708387622088026,26.755448674761297,-2.770978661559866,14.183957162675071,-21.109395423688653,-9.340970025050495
2024-05-09,-1.7171827602163319,21.433005090676204,-8.951799585082462,-22.771316324755745,4.760589690675076,0.6073643285645431,27.008463360579526,-5.052945528828147,14.515366255620378,-20.922748956301405,-8.908795570931694
2024-05-10,-0.751777160216065,20.737192042439005,-10.426612045890089,-22.498050351800472,4.8707530816679565,1.4023031531217214,26.50265273402647,-2.561506053698025,14.587883882104265,-20.77066755802582,-11.092171723728903
2024-05-13,-0.9400943941564606,20.672795779232672,-10.574983696196682,-22.14621689820383,5.219141699147883,1.41978168752577,26.5967347662409,-3.1191900753285324,14.626960887398994,-20.65621442496716,-11.09871533069358
2024-05-14,0.5743247909381921,20.138708699252504,-13.013350511463663,-22.534639539935778,5.273128414450397,1.4022711628299902,26.433938878673715,-2.5504788595465726,15.623686110408684,-21.03955479206583,-10.308034353541558
2024-05-15,0.38391077608226,21.22774202249697,-13.03246623803902,-20.693054426691987,4.7199392337348485,2.2702365168973415,22.379270620768153,-1.3387020337041946,16.38054886403326,-21.407804712372048,-10.889620623205623
2024-05-16,2.2397951496360093,21.039346145302915,-14.496214475936455,-23.480348953510404,6.809887172467043,1.1774191783174786,25.659517870109013,-3.2844868319964604,14.108569581109222,-19.885754694726018,-9.887730140772334
2024-05-17,3.2421970144812633,21.316677375643778,-15.794708088768289,-22.75659668938649,7.4147072605728255,1.2610914186096664,25.297462950345803,-3.8086725702934956,13.46362539912073,-19.488379852717912,-10.1474042176078
2024-05-20,3.867389816390471,21.647959852899334,-15.884488548714813,-22.47628187309044,5.907818634954907,1.2123018013693212,25.84126171456498,-3.947539327073031,13.910099537754945,-19.24051173965642,-10.83800986939925
2024-05-21,6.031531939574336,18.228981608471855,-16.270986653557685,-22.80601367142449,3.688087819868585,2.354845616040336,26.687018770908622,-4.9934930238625554,14.677703216597237,-18.252665507558163,-9.345010115058152
2024-05-22,3.1892171983130453,19.538176170835,-15.918823516826308,-20.935434348560378,3.9523683155847067,2.9194663474751508,25.948963670967544,-5.350119748749705,13.837071056409783,-17.963307373592123,-9.217577771856725
2024-05-23,1.2193035538325177,20.721960708541147,-16.100398487795005,-20.137092362775345,5.29148838650471,2.0735184755641,26.012278955948418,-5.467281294914585,12.808522582635092,-16.562176730034892,-9.860123787506168
2024-05-24,-0.31231037210717716,19.05040129033179,-13.77398306570442,-20.144874272179536,5.643991545654657,3.5703779389898216,23.99071056356702,-7.780770245125879,15.617732209587302,-14.990399628979901,-10.870875964033665
2024-05-28,-0.76370345662788,18.697138405431346,-13.48401948985861,-19.691328471920563,5.863775180735928,2.76883797480491,23.6811054609188,-7.42585415946813,16.095183574689244,-14.244407889245515,-11.496727129459593
2024-05-29,0.6613827769271694,18.62023551730762,-13.665785889754332,-19.534540339381223,5.702731900138204,1.5024626967873331,22.412672667916937,-6.607880155886249,15.656177831956128,-14.085072517583953,-10.662384488427655
2024-05-30,0.9715311888824232,19.993328369927468,-13.288896113497948,-21.320962147983483,6.381588691615633,0.5901936803319359,22.847407495115675,-7.64264940680637,15.060801285608079,-13.398463626613768,-10.193879416579605
2024-05-31,0.03245116117949465,15.29885024723339,-12.376125337202254,-24.48047465010029,6.224874177381764,2.0219849590514514,21.819226586720035,-3.094382050079986,17.77346154529664,-13.658680836247164,-9.561185803233045
2024-06-03,-0.4801600506864361,14.709062850186555,-11.237660355735954,-25.48373187755162,6.682181535172262,2.454109198279909,20.66382549367131,-2.136810134110817,18.35114860433613,-14.157633221480033,-9.364332042081308
2024-06-04,1.0032881136116885,16.148539848374767,-12.641578283182909,-25.8315989823957,6.3895299706548485,1.461742636521734,19.453396478168827,-1.4543677396876973,18.776216776800325,-13.933165024349513,-9.37200379451636
2024-06-05,1.4141274734601268,16.52524303147308,-12.8862049538968,-25.47929112170855,6.746013686899872,1.4209051150927507,18.84576870879559,-1.4625545327813683,18.740657359995993,-13.979815220368536,-9.884849546962215
2024-06-06,2.277065896602153,16.519116149807047,-13.489973057325926,-24.045168436540553,7.378095667076309,0.4286547723418579,17.209772415843915,-1.6759291559808673,18.38332017246431,-13.407251597904278,-9.577702826383998
2024-06-07,2.4426680790566877,15.774678505272817,-13.169095882384262,-23.762886233016868,7.597487111419227,0.6800125502822851,17.60543276771861,-2.0779678264557333,18.215222134830924,-13.62550267606035,-9.680048530663313
2024-06-10,2.8581966630494122,16.92804698105074,-13.40899146878482,-23.78779749859382,7.899791368106122,0.3637006936614995,17.563103101915445,-1.2334974811745525,17.514587587135296,-14.466648482973596,-10.230491463391694
2024-06-11,2.2315396894516084,16.564651592123383,-12.376187525047492,-23.815985124819733,8.34110559068803,0.930723864798864,17.417596305978904,-1.4560837228187467,16.426404835120366,-14.753101437599682,-9.510664067875496
2024-06-12,2.251974155143884,14.017981729401797,-11.068237676726625,-23.98245508502398,9.128841311156734,-0.7914035295769963,16.080683267189855,1.377026302902152,16.956337100594567,-14.436505640994,-9.534241934067452
2024-06-13,2.579559439440345,15.439603392923843,-11.032843746147229,-24.20545684852145,9.603880618327224,-0.6312152268357636,13.6107194087475,1.4661841438098264,16.94773441892326,-13.860404487844399,-9.917761112823129
2024-06-14,4.169446361902203,14.4411433868745,-10.231406232461126,-23.77617660871648,10.509378329115975,-0.7731084946445037,10.556350631935956,2.346662592377143,15.879035385061911,-13.393373009201333,-9.727952342244294
2024-06-17,4.922237623386408,16.272442679231773,-9.281865024311607,-25.712480842778042,11.132763495938406,-3.2082717418627453,13.312268680842564,1.8888477997801374,17.67734050823458,-14.107911062484789,-12.895372115976699
2024-06-18,3.506501853892871,14.037317837380598,-9.89556408178764,-24.574824446272647,10.16773038785594,-0.06933495020463454,11.613921299462575,1.8870933278186612,14.980748530897586,-11.942299977294638,-9.711289781748661
2024-06-20,3.3247424896351276,12.99668878801225,-9.823340736841502,-21.838011050310044,10.95330500634725,0.35267980022773315,11.260433462969687,1.4471723112982744,15.030573695638296,-13.700343760984602,-10.003900005992463
2024-06-21,4.580061601684591,14.326704406488162,-10.141661583111627,-23.58572991252946,10.529490869181501,0.5053333452494826,10.141084148634746,-0.22844795714193822,15.67173780876567,-12.2547714395211,-9.543801287699985
2024-06-24,2.44297190247174,13.605842984389724,-9.507084873006193,-22.88734536213454,10.992108567862246,-0.8889599888420037,11.526215605906216,0.32367398750356813,14.60840515579828,-11.447724198201861,-8.768103781747207
2024-06-25,2.9783069241372004,14.475944134577858,-9.59814791870943,-21.731528442290784,10.593474161042735,-0.033766679048184756,10.912469108700307,-0.6762789273516603,14.28555835401393,-12.258699376211176,-8.947331338860813
2024-06-26,3.5494241886916598,11.47850578597685,-9.42197709376763,-21.21173286854037,10.945024157549483,0.005616780978201064,10.653323432947587,-0.1856074165931858,15.04924991681004,-11.718597461263528,-9.143229422789162
2024-06-27,5.343727554438075,8.418321669665957,-11.643540827485332,-21.695594204489666,11.10077734913017,-0.5962729291670712,12.685476825479526,-0.04927922813435259,16.090010911811405,-12.885261649519293,-6.768365471729425
2024-06-28,5.6013392580683785,9.144836673226763,-11.199662766248714,-24.81802680840544,11.071242211144963,2.0105080710243755,13.063275269683345,0.44683753381497127,14.313805601643054,-12.642487794910316,-6.9916672490413205
2024-07-01,5.582184900598165,7.087928635892737,-11.118363456789936,-26.345024441239588,10.342105142661921,3.5301931785841703,14.16996739915406,2.2015952282674505,14.301098716342011,-13.471350358205697,-6.280334945265324
2024-07-02,5.6687850608823,7.459241133379891,-11.279823447988619,-25.953757969441824,9.579048234269237,3.119691366930141,14.419861998884869,1.3621330162887517,13.52946807559583,-11.811041084192205,-6.093606384608407
2024-07-03,5.052518303484717,7.5035937126476,-10.679266814586022,-25.905920561348115,9.529583786582194,0.5709380556655219,15.064928645301094,0.2786595609487108,13.923210811515233,-10.53273636620829,-4.805509134002612
2024-07-05,3.113964048142293,7.828615169991437,-10.945971861286068,-25.235567720223074,9.871542909465958,0.6749041750406093,15.597814805982466,0.6330224282405226,14.315309483872682,-10.894372562356857,-4.959260876869912
2024-07-08,0.7041553602863218,9.137807408041382,-11.567287752749934,-25.77202244138647,9.243350740334435,0.03763678643353785,14.63764087827127,1.3618920875577345,15.165383586531249,-9.588186010829972,-3.3603706424895634
2024-07-09,-1.2336091841284968,9.455134353928145,-12.16349548878027,-25.150648098356072,10.042433105991876,0.8153060034259312,13.966773890677956,1.7022523888732621,15.266186920975656,-9.247606400130834,-3.4527274924771305
2024-07-10,-0.6192193405780415,9.414442055141038,-12.150699332503955,-25.35185937701188,9.598233943806676,0.23596255867218474,14.250819186913276,1.6824052714912057,15.547109520799992,-9.150484869345206,-3.456709617385293
2024-07-11,-0.20070062610926698,10.575057701833472,-14.835791332387885,-25.906813456695296,9.420751699485308,0.9156602711973534,14.9503936676943,2.9516284542101943,14.361697273589542,-9.153700156754702,-3.078183496062998
2024-07-12,-0.01049862897332332,8.437031485341251,-14.355419278990404,-25.04436187379737,9.768783507502476,1.1490510376963812,14.755425828062357,2.170665777642398,14.986704677951437,-8.87181497119839,-2.9855675612368344
2024-07-15,0.1116571946400029,9.086981420403689,-14.419781303873101,-25.061273294838976,9.942633372892672,1.0934626566181436,14.766562286016978,2.6092665888579916,14.141615616314297,-9.448416802026408,-2.8227077350053165
2024-07-16,0.7900062303809108,9.456392632677776,-14.150790977404135,-24.46152737718023,10.319182556784128,1.5767826725490863,12.456619835611576,3.20270072660432,12.27372232742644,-8.301490073872081,-3.1615985535777966
2024-07-17,-0.08261638924552983,10.076881658064053,-13.684335407024726,-24.430381868898234,10.915677219934054,1.3180726133560228,13.675133586470295,3.6735595620199604,10.868787048424949,-8.229156755641739,-4.101621267459173
2024-07-18,-3.534211714598115,10.907782605521732,-13.23759286562543,-25.57674071134829,12.338299126764284,5.551917676781812,13.89245409454223,5.019676143359916,7.835431507565119,-7.686270816433769,-5.510745046529543
2024-07-19,-2.2967290415018766,10.434311129005152,-12.347090819242716,-26.176824577989716,10.64742981404116,4.337271163342308,13.763016327829874,3.9251334286373947,8.409598429797583,-6.930225600953364,-3.7658902529657325
2024-07-22,-1.8667917529479752,10.410735612203823,-12.10458851497058,-25.98464655394522,10.521802401081146,4.886423439608407,12.063396791050863,2.650267000610853,8.966831346794393,-7.282736692021423,-2.260693077464289
2024-07-23,-1.8266555379130551,10.378950596266364,-12.026969873381951,-25.928199604018573,10.80156528043976,5.3594945762370685,11.157276858071057,2.497365241169959,8.825942357865017,-7.811694803380028,-1.4270750913556185
2024-07-24,-2.598799939581667,11.400503885876603,-13.53485587476284,-25.855370895617334,9.110372762643095,4.650302824479752,13.616243543130068,3.6990066186003077,10.786379754033263,-5.891815288644501,-5.381967390156753
2024-07-25,-4.498855986931716,11.46294719269055,-15.062484956055236,-27.735256284868917,7.985735655992187,5.0713219653674315,15.35131214171814,7.760297480624558,11.370419316854694,-5.389349368292201,-6.316087157099496
2024-07-26,-3.981414690018184,12.087910932715488,-14.68309077462525,-25.659009293404708,7.8581766189522995,4.002084950032241,14.777267861910971,6.334912193622344,10.26359597529705,-5.795057508858633,-5.205376265623613
2024-07-29,-3.8914198884419164,12.166808667183886,-14.52834157249773,-25.78902469873331,7.930254855790835,4.117644741486544,14.607387729857535,6.340167551114149,10.312823687725256,-5.841735853855539,-5.424565219629727
2024-07-30,-3.873336421542504,13.253086771789697,-13.783429778202887,-24.944890181625116,7.554757075492816,4.651986622228549,14.617745800961671,6.470481826758615,9.162560399213646,-6.675265135097462,-6.433696979976986
2024-07-31,-3.6624353729543913,13.10515978626664,-14.08080013556308,-24.45374664200644,7.759791419562916,4.576480445654539,14.678716302115134,5.43171385059631,9.071170274061288,-6.506092845766304,-5.919957081966608
2024-08-01,-3.5251472845526024,15.61395136264143,-15.79733137221966,-26.615354906884296,7.689630563326176,1.5457719092212159,17.679045776833462,10.74707066047479,12.040986774245795,-11.500988222055625,-7.877635261030726
2024-08-02,-3.135650728103471,16.499032602413052,-17.28921941825179,-26.392276379795597,8.441935480623357,0.1214767455689838,18.361738375671806,13.917646395820825,12.669013597898356,-14.240018439367589,-8.95367823247792
2024-08-05,-2.8908734952234596,16.026977359405123,-15.696763140827478,-26.134016539065115,5.491931837731144,0.5253393370999788,18.304440012260244,14.952671736993778,11.01039087129088,-14.465401860997787,-7.124696118667281
2024-08-06,-3.026228996773412,17.03056806271563,-15.246098127983657,-26.135837848849118,4.100474934406293,0.37508060326467785,17.975308909659844,16.384751995764034,10.13435418674213,-14.924535340766688,-6.667838378179738
2024-08-07,-3.266559193822289,18.106995844799997,-16.13449412903514,-27.578231279805483,5.452995416282789,0.44607200108249856,18.280546259051633,17.030720242902646,10.489125896616244,-14.13256887669931,-8.694602181373583
2024-08-08,-3.268958326503565,17.917175860915776,-16.10848093227849,-27.331244110138606,5.481365925595455,0.6107206733118176,18.3792013728048,15.568828788915752,10.350302883484531,-13.675316735081452,-7.923595401026006
2024-08-09,-3.5115650653454935,17.753250413000217,-16.251867148348374,-26.844421921481665,6.11012416357984,0.971651997396151,18.424777985280002,14.59407992661555,10.7561942299902,-13.3414368690364,-8.660787711649945
2024-08-12,-3.582482569985544,18.338173683977388,-16.048944871977255,-27.478296534322137,6.293180493140781,1.4015212911390051,18.641577312513732,14.444943486651255,10.771760536887271,-13.155938395455067,-9.625494432569418
2024-08-13,-3.087120756639493,16.335415406825078,-15.889347491582669,-27.721999121112727,6.693832423357179,1.722633677947556,18.785774916421687,14.813995040320535,11.316492979612377,-13.416467170160253,-9.55320990498928
2024-08-14,-2.602214910740571,15.175150625311488,-15.996399914236612,-26.785527162402644,6.396213845462768,1.7770191242220221,17.579100173816087,13.786667592408676,11.501555920586085,-12.545318477480194,-8.286246816947127
2024-08-15,-2.504923717656439,14.856732027348386,-16.379486352671798,-26.62634451331497,6.133720637423323,1.9185849040858898,18.313303444731673,12.854659840764342,11.842256111560573,-12.261843614932701,-8.146658767338323
2024-08-16,-0.7522090872649017,12.713002191926407,-16.35714769879265,-25.16334290670616,6.1624551892995925,2.8814653770418346,18.225044186916634,10.68774623635261,11.18529766447621,-11.361455541795614,-8.220855611453999
2024-08-19,-0.31347414834294796,12.14230130048064,-15.900217129164616,-23.93878295385226,5.982771103632189,4.02789470500889,18.943287533386837,7.038263213376226,11.417155481481032,-10.774103598797936,-8.625095507208044
2024-08-20,-0.5472396955862138,11.815750378279787,-15.406193866916091,-23.67692451555976,6.112061317951671,3.7951571301427265,19.263517596471274,5.336698221129026,12.254117357744903,-10.573669249008233,-8.373274674649167
2024-08-21,-0.04252741970286422,11.945032018873377,-15.759605400558812,-24.542956945945154,6.315605567686944,3.6842628388455694,19.388851269777064,4.995807231167163,11.99627737018514,-10.303557505776034,-7.677189024552348
2024-08-22,-0.0035559218708272056,11.277827901737183,-15.192334685670005,-24.967355516679554,5.210548313321169,4.549831632761581,20.54709947031968,3.9612970771619302,12.417538984003869,-10.192963959435453,-7.607933295649545
2024-08-23,-0.5676786665300284,10.573848687851338,-14.93962430254711,-23.90336428094644,6.5059261876916,4.270574483162861,20.93404715244418,2.9011786704376306,12.846220584097438,-11.964289397203764,-6.656839118457626
2024-08-26,-0.7760371592641491,10.597769810503394,-14.664016166971798,-23.642608172569503,6.612944162089406,5.028556141829583,20.636775665120595,1.9118609819486068,12.595982546371516,-12.50265120716896,-5.798576601888691
2024-08-27,0.5183449728740896,10.299293158311414,-14.824560948452486,-24.481829643224668,7.194307992645989,6.860762106753953,20.443411157805755,-1.2574338889661618,12.64526379552423,-13.20416322266442,-4.193395480607663
2024-08-28,1.0643277124770805,10.254225550121532,-14.54801291470097,-25.42454115606129,6.651839018572204,6.488455176465607,20.347482077309394,0.9957567995797802,11.553390962188189,-12.429117342654841,-4.9538058832966385
2024-08-29,1.772672770870173,10.986667835361487,-16.201356055377374,-25.69245166105699,7.365945780271417,6.1411486502358485,20.912796539051882,2.4158443277900545,11.88409048582696,-14.152363339289508,-5.432995333683955
2024-08-30,1.8525511518455886,10.764303975836796,-16.20233606382027,-25.531012623824548,7.435884082959362,6.06364267604819,20.87018205958954,2.5505025729079165,11.759405856128879,-14.124032876557195,-5.439090811114269
2024-09-03,2.019009935889443,11.322899981832037,-16.10149584338535,-25.700914504083176,7.788825163062597,5.301955065266682,21.316108479312987,2.308023353093077,12.424859898400896,-14.24600085095068,-6.433270678438532
2024-09-04,3.1851637673992883,11.455977488862914,-16.20188012440434,-25.740352772051835,8.302616700115763,1.3708802909130071,21.61688582325239,4.087534716398352,13.028406220812627,-14.147478597207353,-6.957753514090832
2024-09-05,2.3747033341117714,10.467030393975804,-16.714731517058908,-25.114870708973047,8.145061171291005,3.954617065732066,21.0509386219441,4.6401030669452865,12.886419154765292,-14.606368387609493,-7.0829021951239
2024-09-06,2.3262797223370626,10.93323175601769,-20.156355763477613,-25.3608563747076,11.221435540507102,6.160160274118155,22.11206333146187,5.552703393825851,13.383438444989054,-18.108769188501768,-8.063331136569772
2024-09-09,0.1396608378566242,9.123689104673787,-18.30678023178067,-25.00660654533633,9.091528517640413,5.835922293206082,22.151268846148042,4.471105199201091,14.228668055439528,-15.994464032460101,-5.73399204458849
2024-09-10,0.8553692357096168,9.350912903576557,-18.028976596395587,-24.37023475925252,7.8839061061567435,5.442009506140479,22.36831949796013,5.044572517625042,12.627218625485739,-15.247816623250074,-5.925280413756141
2024-09-11,2.4425626089684016,9.69416458086917,-18.97487411857533,-21.10977983840396,15.73881669060927,1.536194596923778,21.541919012133974,6.25241620753566,9.586729217241015,-15.715065491757493,-10.993083465544508
2024-09-12,2.969489177473875,8.76766851070441,-18.307072576710077,-21.08355288862449,15.155245366012764,-0.4244571803882309,20.917663175640456,4.561830573611644,9.36195040638843,-14.224145305655476,-7.694619258453272
2024-09-13,1.7197080569302443,9.709183290240603,-18.89332155499772,-20.178795891485137,16.28559137487781,-0.5633292180829983,19.850667249956828,4.853380721125589,7.772928227954978,-13.010256700414118,-7.5457555561060445
2024-09-16,0.8547422584768611,10.233320234768172,-19.01385997550257,-19.67170479561043,17.217805340840584,-0.13264921301691857,18.677476693092714,4.912431991496376,7.301580147815002,-12.35569182922827,-8.0234508531315
2024-09-17,1.2203029330345316,10.258673834436806,-18.530480502657525,-19.386742441078567,16.473439767773286,-0.9019144367628371,19.450514123783876,5.1425673262887415,7.851566152187431,-12.569444276877263,-9.008482480128471
2024-09-18,1.4628120280110863,10.678077782089758,-17.197812396620158,-19.339619703718654,14.15691872275876,1.6755869095217406,18.969761564192254,5.590030871388109,7.789893183821491,-11.575362004899446,-12.210286956544948
2024-09-19,2.393738209495737,10.777991821537412,-17.718823362827052,-19.547553140064323,14.27937217919741,1.417613161996826,19.044131378228514,5.9614400721498555,8.11251178665843,-12.665158871164593,-12.055263235208244
2024-09-20,2.858593159582682,11.706993054860988,-18.061038785184707,-19.670669785968414,14.502629338799537,1.9124998398820878,19.099006158138238,5.998031443088664,8.090418873287561,-13.276418982330178,-13.160044314156401
2024-09-23,3.6118568514293656,11.58844415656668,-20.106779916755578,-20.011158716494492,15.311801999422329,2.4088565427075963,19.114587113210234,5.62124333414161,8.224454078955489,-12.27367113990659,-13.48963430327668
2024-09-24,3.8141638154748136,11.601581336223092,-20.389344128730258,-19.495441692212665,15.26802405273311,2.229984914753487,18.483385464105197,5.688437872116111,8.194124660760878,-12.204917641266498,-13.189998653957254
2024-09-25,3.935110002172692,8.050775373712213,-19.8604840923157,-18.73900674176806,15.924999785998466,1.4789276494420989,18.850218165321763,5.908733475684173,8.534591167424892,-11.604613529295591,-12.47925125637699
2024-09-26,4.642380379622253,9.388061661705805,-19.6382544813614,-19.097725766322462,15.653867652889886,0.6068031970630727,18.864569853100832,5.800483446374201,8.00015743179506,-11.87868250216789,-12.34166087269935
2024-09-27,5.117823431746245,9.014591422911366,-19.49919562235275,-19.559479155595866,16.17368275724472,1.4392920703366912,19.60574746905101,5.314626165022858,6.9867504167900165,-12.320484884378288,-12.273354070776016
2024-09-30,4.291920163876313,7.857838913210159,-19.2600495456781,-18.844407860989016,16.401354512298994,1.3953472450692885,19.699380510789652,5.247402075564395,7.981782422536085,-12.079586219821081,-12.69098221685671
2024-10-01,4.139493172704761,8.208654583024156,-20.77072438600308,-16.824561442820503,16.06232658980545,1.8936969966525652,20.21219837117249,6.105592650273778,5.058480495531299,-11.718805497368734,-12.366351532972132
2024-10-02,4.872237957487883,8.14063550900022,-18.950435306410206,-21.02300342207982,16.913528396411195,1.4397540555596038,20.78167635086578,3.264774430515132,8.22932441437787,-10.329425041528282,-13.339067344199393
2024-10-03,5.097098188757187,8.206704374896532,-18.900963080599446,-20.829716633193122,16.865639818625297,1.241536086144393,20.905253858443544,3.022167929849246,7.96631281302902,-10.195823136945044,-13.378210219007606
2024-10-04,5.182137878641839,8.348818515494855,-18.953822002535105,-21.166752612996405,16.810486358826623,1.1840625361710408,20.760314786069415,3.008493379974283,8.211058577140818,-10.151434096450913,-13.233363320336458
2024-10-07,5.9871385172893525,8.961252427656362,-18.507500923668253,-21.7511441904591,17.03963391259819,1.453315705590498,21.33265588875183,2.927004263048275,7.718621469514986,-12.259961600063534,-12.901015470258614
2024-10-08,3.542418367935767,10.050857615870555,-21.498925241582434,-21.156501440278006,14.585428008566808,2.908332803303793,23.097269860937587,1.472266729908668,10.031471523723155,-8.215717438554549,-14.816900789831323
2024-10-09,3.8750101512998327,9.265009237256564,-20.710992094675767,-19.16384292814143,14.337322982179572,2.481208934778195,23.40352024636975,2.352659927222618,10.714460983449968,-11.528788438390272,-15.025569001349112
2024-10-10,4.5533843778955685,10.387132142285253,-20.54491420334557,-19.50742995083524,13.511415603769862,2.002128535303669,23.33944204683266,2.3303466018994783,10.835929117301802,-11.272518549256084,-15.63491572185142
2024-10-11,5.2672757165382365,11.261947182674973,-20.221003768227092,-19.27497095894698,11.883842301206798,2.4915178958529935,21.969392823450363,2.113945704912908,11.556165001861586,-11.552179161986473,-15.495932737337291
2024-10-14,5.39712907216618,11.802708875445077,-19.834807379414343,-19.018093412620406,11.522333504215652,2.116999758278851,21.190609151066468,3.191974295260266,10.410267781343094,-11.082725524658876,-15.696396121081968
2024-10-15,3.5270759820882915,9.660126344814628,-19.077808289420503,-20.05896377412857,12.214088796319075,3.1812426710894357,22.56593915198704,2.335418015227873,11.534351655116382,-9.876937090906246,-16.00453346218741
2024-10-16,6.045430087163737,12.263246667349264,-19.48744971754892,-18.358345860627704,11.386969698916133,1.5913457147931496,22.344031403333204,0.7680405870627425,12.279560544217802,-11.104785930236382,-17.728043194423023
2024-10-17,4.796070913778621,14.872394421662634,-21.272598473103002,-15.028333819478362,11.04742428995391,1.6247692681439503,22.495224577676694,0.10253446930165921,13.054905523000272,-11.393421569256006,-20.29896960168037
2024-10-18,3.760601598255107,14.848362320576769,-20.708620640928558,-15.288248339416121,11.126307182031496,1.508160748858245,22.714161939866983,-0.5363215574741531,13.099262751106224,-10.970047709368444,-19.55361829350752
2024-10-21,1.905276916637476,13.480280790567278,-19.137171262190087,-15.478623321010772,11.69713803987014,3.922860006650552,21.83084416484367,-3.3924488784548714,13.607571021622036,-9.69708793889594,-18.738639539639557
2024-10-22,2.8532409733969644,15.009080088402456,-19.51300193696813,-14.152872686312314,12.061662900287914,4.2113720986114345,19.953936424938064,-1.9073967678814228,9.345378189981048,-9.754089786010397,-18.107309498445595
2024-10-23,3.133483145032031,15.156166381955302,-20.315541546814153,-15.152328446435696,11.219034216839034,4.209330220281089,20.93796709149524,-1.7603090596876285,10.31455127775611,-9.610696266150008,-18.131657014271326
2024-10-24,3.5688179476729402,14.604049437577544,-19.590207677154517,-14.645202614833686,12.121732372696883,3.910550325500836,21.400864579605454,-1.8047232143371872,7.512224395810549,-9.496732631350106,-17.58137292118871
2024-10-25,3.0224469841020465,15.040344537293308,-20.169117181601443,-15.553639319908697,10.954310020546345,5.0331982137414,21.440461803661165,-2.308394751238268,9.009023886955347,-9.530048830257378,-16.938585363293804
2024-10-28,4.279575065392194,15.225889064587136,-18.919237170165907,-14.546289593772997,6.813808444187089,4.834387535454681,22.253257332960473,0.24709869581165833,10.839239780957527,-12.41716552026967,-18.610563635142277
2024-10-29,3.915020634826618,14.860625822079513,-18.478128134434456,-14.661828580392061,6.766925884933997,5.215804841060788,22.234839011567217,0.5235571009261122,10.868814675989896,-12.60688364567676,-18.6387476108809
2024-10-30,4.141635945124619,14.814449144829055,-18.55898889759643,-15.066386062998664,7.096026180535915,3.5621265756322487,22.942522977449855,0.6126075055308604,11.185915804885752,-12.190447602323871,-18.539461571069296
2024-10-31,4.466471664442182,14.66584451066413,-18.90129163303189,-15.36427650272709,7.042720622238946,3.946351747384867,22.732943569063693,0.26727868692383083,11.616046673210931,-12.001319406625768,-18.4707699315438
2024-11-01,4.137089284351703,15.087345555457418,-20.17338188329863,-15.474592652132017,7.919866875602537,3.5093905550728124,23.272379866937598,0.7132935384557015,10.843796247463331,-11.64721418539154,-18.187973202518997
2024-11-04,4.421658685608961,15.573686218252021,-19.21297123314683,-16.25048853491056,6.753398818611956,3.868274515259529,23.78148711375995,1.1066845318855911,11.90373170214825,-12.322413322501731,-19.623048494967165
2024-11-05,3.963490734699519,15.539433453830682,-19.328751426241304,-16.62634756503048,7.115227161775152,4.4891651815974285,23.833925312333903,0.6783828901766071,12.159441615956382,-12.465986622554126,-19.357980736543716
2024-11-06,-2.6781119690610353,16.59394502306445,-16.581042583227173,-21.451958044013242,7.607689962560897,10.202706076141055,26.405736409817038,-5.542366550138212,12.18696286681542,-7.562790311986809,-19.180770879972386
2024-11-07,-0.1114112214296199,15.96828824957393,-17.12654298103611,-20.981511914928767,4.883293500548376,7.824512658297351,26.420505937411903,-2.1631189350764544,13.051105848853084,-9.016930783587071,-18.748190358626573
2024-11-08,-0.9476978304831931,16.457097613120368,-16.77953082382823,-21.258240579323303,6.5589739157867655,8.319549681768308,27.445855589707577,-4.64596595022293,11.051789573621818,-8.285293290136131,-17.91653790001098
2024-11-11,0.7765502827053297,14.825641341375487,-18.37128658489683,-20.45213577674246,6.54769643030869,6.68767351588275,26.78933844987567,-2.8175787581017886,12.43996021827796,-8.250518561341138,-18.175340557343667
2024-11-12,-0.014191367688837886,16.166177148974896,-19.866990691121543,-20.424972801295024,4.910431671240403,8.283797375919164,26.8522604180301,-4.3073612490557025,13.2501728993429,-7.294393625656532,-17.554929778689797
2024-11-13,0.4705069152971788,15.150303426820656,-17.405360741289783,-20.539472285489357,7.146776492384831,6.656000336161142,25.268641305523218,-3.11349439486532,12.113466461224334,-6.9459432028562915,-18.801424312910655
2024-11-14,0.9175957686327081,15.367470091651299,-17.38340065701813,-21.268151429138676,7.593493727065692,6.798326013750852,24.369326269443036,-3.130226745052653,12.67986154283794,-7.175565188481627,-18.76872939369042
2024-11-15,0.5382246504715198,16.133661512604064,-17.356708290993012,-21.254895589518636,6.198054230411628,6.949931880531878,25.259311288008377,-3.0158631231501545,12.932983460642106,-8.05824387172148,-18.326456147286308
2024-11-18,-1.2052456540918115,15.087956160574336,-16.943579127062876,-20.372291777058898,7.929312192615853,6.388980322398638,26.012909608912736,-3.3613358157568953,14.032872253034427,-8.612695477435523,-18.956882686129944
2024-11-19,-0.3143170307411367,16.368787190110226,-16.575727687817803,-21.361745137188596,7.451005604280994,5.009577459079836,24.786204220695126,-3.2729954396023757,13.849742989694207,-7.476418866807677,-18.464113301702817
2024-11-20,-0.5928063671635186,16.149203813803965,-16.389390022046854,-20.566899228730346,7.281026371392173,4.471607975240261,25.096078582311804,-3.339892722421034,13.508300997099113,-7.449735029772619,-18.167494369712927
2024-11-21,0.6174789442409576,13.766950149019877,-15.921582058639785,-21.70892222446964,8.30515299843573,6.135039655968157,25.06324019275283,-2.805840242098789,14.699279989190387,-9.195016585427148,-18.9557808189725
2024-11-22,1.1253329361438489,13.694163058672899,-14.8964746084567,-20.361348832868224,6.268161137284224,5.462120206380106,22.80069790272303,-2.224297881307642,14.37068605000006,-7.18080243783217,-19.05823753073944
2024-11-25,1.0833864281499785,13.475718344912195,-14.992988728340265,-19.297954664217833,5.923887605417775,5.408292262428262,22.298466762123454,-2.1443050225138265,14.38832732354993,-7.0535689286851735,-19.08926138282449
2024-11-26,0.8662496667393356,14.33093759130901,-14.58148772775958,-21.045569889880518,6.175518856141295,4.895569903474666,23.350721789376635,-1.974936013820745,14.721046825363842,-7.1762742950282785,-19.561776705915655
2024-11-27,1.4599681828867404,15.814237378720009,-14.300764437644709,-21.166956538607728,6.14543537435263,3.7110805846492667,23.773807710211784,-2.026116319398426,14.418371323008458,-7.270755175769999,-20.558308082408033
2024-11-29,3.390181636509851,15.342339599946826,-15.070935053732228,-21.000211673671267,7.4896036888316075,1.81635919769424,23.83491454553888,-3.3989043811575073,13.293214975749294,-7.377822187818168,-18.318740347891428
2024-12-02,3.5735181566697065,10.877884074007724,-13.791909023466097,-20.384721982458814,7.598015435453775,1.5084148510693467,24.006117274242015,-3.457547201887074,13.851726984015443,-5.75747007929003,-18.024028488356016
2024-12-03,3.66751206781575,13.119652007344314,-13.531885064415334,-20.519972117190964,5.53108989347389,2.0742851793578723,23.47060562788529,-2.9150343679176416,13.865098496128653,-5.668884768829052,-19.09246695365277
2024-12-04,2.3367703089089815,13.144074193329715,-13.495319852706082,-19.422386637111885,5.238903330421394,2.7214709417698373,23.28140758528413,-3.0667410927138334,13.901985555793829,-5.621710635728107,-19.018453697248
2024-12-05,3.3910987047548815,13.44551607113479,-12.94936204695722,-19.759914980834463,5.958323393920551,2.8141603534544117,22.53862988701853,-3.387905454992307,12.231476608590285,-5.403981671948266,-18.878040864141223
2024-12-06,3.5226434966052977,13.489436618208046,-12.785374086885426,-19.324310657575072,4.889691705555364,2.8904438958252,22.595499835475295,-3.7742623550096894,12.254408954082606,-5.167834111910274,-18.59034329437133
2024-12-09,4.729196826815155,15.102581468724154,-11.521773098076437,-18.82412315749391,4.094782726774582,2.3286948959399467,23.10818633491752,-5.782346537721338,12.601926967081752,-8.407277932458683,-17.42984849450275
2024-12-10,5.0805343115102914,15.47583268099585,-11.502516366393749,-18.34120983742987,4.356147015729164,2.31653090571632,23.167813958108667,-6.077135540340777,11.59746039103024,-8.829426514481021,-17.244031004445105
2024-12-11,3.5413461121024596,16.279856654048373,-13.656856092522219,-17.367132827435093,5.082528251501614,1.7077576721027938,24.21108178115327,-5.727191277500289,11.464957818410284,-8.76673726714833,-16.76961082471285
2024-12-12,2.8525675462448845,16.70465905855538,-14.464742527725363,-16.763373477836257,6.578919662646484,-0.03541049441901123,23.726704153312284,-5.521458478171887,12.388104865168799,-8.918296520859137,-16.547673786916164
2024-12-13,3.5474267098865653,17.283397752769304,-15.470303059591068,-16.481575876438676,7.330689927346242,-1.6916963278899289,24.082280430469723,-5.852333674593893,12.490401194760864,-9.26038331946637,-15.977903757252811
2024-12-16,3.650244207587022,16.4102391396695,-13.183231383759313,-14.7379570753437,3.188089965854388,0.1844401972103782,21.296967025801536,-5.545920766799405,14.065616040991188,-8.774860710319928,-16.553626640891636
2024-12-17,3.849645162782508,16.74844395327642,-13.41108255812096,-15.881561200982315,5.658584115363752,-2.596286154172873,22.38998816348058,-5.0594557908485385,14.010538152990108,-9.157906753436954,-16.550907090331748
2024-12-18,7.696890058956143,18.943291700217458,-17.705767990935186,-19.847499332811246,4.48629969605426,-0.8431106641339383,24.487141624058395,-7.786120544217496,15.697833259379749,-3.754397937506269,-21.374559869061862
2024-12-19,8.082718903955168,17.79288126939825,-16.32493935847431,-20.606891331867484,4.559044306971813,-0.5304188427135372,24.667859803466598,-6.901261517164478,15.102194653348604,-5.519473231022012,-20.32171465589858
2024-12-20,8.204782395049676,19.85703641377576,-17.755394739514045,-20.663273371029938,4.6377441885974235,-0.5862940675639834,23.944979425803098,-8.522394987560865,16.1818988524509,-3.9426083219348698,-21.356475788073155
2024-12-23,8.486522847677122,19.83320839874989,-18.910530104634418,-20.322595129770555,4.835619704494263,-1.8473755206110383,24.310315660392163,-7.940982803041926,16.740162446863636,-3.598951194618749,-21.585394305500394
2024-12-24,8.619898752407295,19.33704873388845,-18.683594944762504,-20.20072304356688,4.89854018994528,-1.6518445415801395,24.464921584316144,-8.599799705874382,16.893472279636867,-3.491665260646954,-21.586254043763184
2024-12-26,9.481724466195828,16.6653102555115,-18.038828559631646,-19.81770304855541,4.270067746433682,-1.739638891158691,22.863061433687918,-6.881858140024974,15.925325299493267,-3.5642425769385824,-19.163217985012835
2024-12-27,9.287114769215108,16.415948989369383,-18.17283518399968,-20.784839805197482,5.3541462954650285,-1.6382730594679487,23.586749116577764,-6.76972794463164,17.0354376212525,-2.8724710091026537,-21.441249789480395
2024-12-30,9.2991002566839,16.466551907387867,-18.40684922160687,-20.693076368207002,5.366906751855353,-1.6063006813988352,23.400483998746324,-6.710055486144483,17.110002095464893,-2.8106812826625855,-21.41608197011856
2024-12-31,9.36336973506819,15.627259765730315,-18.34511535553066,-20.55857798835917,5.32169404448797,-1.471262766530117,23.35456149310876,-6.607403805426323,17.114539087050886,-2.5980848787018544,-21.200979330898
2025-01-02,9.25345939463881,17.968619980347867,-17.834025311848812,-21.044975423194554,5.284205202128689,-1.9171380216688476,23.01700319247982,-6.049369553358517,16.647688912593196,-3.342612699559666,-21.98285567255799
2025-01-03,9.62487566036529,16.40987414459704,-17.169708688704247,-20.10300202699037,5.464819242482619,-1.838135218056749,22.7980726419719,-5.770985009909921,15.393019703621917,-3.2404724842561876,-21.56835796512128
2025-01-06,9.011048535710543,16.8463658173427,-17.28928100022069,-20.211857611294445,5.608660542713508,-1.6101043531552293,23.09115780042005,-5.743282401627994,14.837762173563661,-3.167262071824993,-21.373207431627094
2025-01-07,8.422678024516998,16.884019950273213,-16.04853293983402,-19.85023528619804,5.904072386993562,-1.8522469198261433,20.51429685257348,-5.552218078099017,15.107752240024851,-1.689842631061282,-21.839743599363615
2025-01-08,8.661611508834184,16.821432243317304,-16.185199102027795,-19.273155362408758,6.2370456390826945,-2.598518038609697,20.547712706609545,-5.3051574397288945,14.982035642083687,-1.6532419860521657,-22.234565811100133
2025-01-10,9.003847459118347,16.153190081828242,-15.402957678085492,-19.62320864744673,6.2788809367282425,-1.488624688176543,19.570729189900234,-5.1534580079979975,14.458234665654416,-2.5491783063868354,-21.24745500513591
2025-01-13,9.172986665686906,15.81141607906362,-16.309150716446425,-18.904269112951454,7.266819979409448,-0.5773815661053874,19.248302920496613,-6.027402622060002,13.962875020750658,-3.3639550465757964,-20.2802416012682
2025-01-14,9.478911789234843,15.514110182673576,-16.3238527095735,-18.571662593471032,7.713161555670055,-2.047603685166102,19.4943186432441,-5.812489865750834,14.040892304672155,-3.353891305707151,-20.131894315826067
2025-01-15,9.698074285383015,15.345654375415918,-16.442243068736722,-18.3666218555585,7.962978779196462,-2.151337609733453,19.975254408032313,-5.361767902340034,14.096331286249836,-4.94446508133327,-19.81185761657551
2025-01-16,8.535602644250247,14.230097910264902,-16.145668450095542,-17.87421614412483,7.666406172292341,-1.9212796730271648,20.624050595028578,-4.85083943366147,15.01647284464434,-4.9673229933444745,-20.313303472226963
2025-01-17,9.191379691429631,15.48312895366682,-16.28023586461987,-17.634173157816505,7.204990208609701,-2.2969284279259554,20.81913123384554,-4.800216998149622,14.516236698374925,-6.011326198935713,-20.191986138478953
2025-01-21,9.206835552717038,15.641436577447365,-16.115240284491335,-17.87387540329599,6.692692350012919,-2.1573636595527717,20.879828289204042,-4.634229124216958,14.346296935426764,-5.943328475581026,-20.043052757669997
2025-01-22,9.096315266479593,15.511428420153322,-15.873522500742197,-17.358299145579927,6.886921358015584,-2.358076376713484,20.465088199875254,-4.545636164753269,14.749475832120737,-6.205689256812292,-20.368005632043328
2025-01-23,8.809770127370712,14.382523352427881,-15.127727356757966,-16.992698888532274,4.8892159080962045,-1.7089707491779365,20.018439472173043,-4.388400059993074,15.178034257035577,-5.096539532631418,-19.963646530010713
2025-01-24,8.91183113051261,15.365972467086891,-15.087491103108867,-17.05319585016204,6.533558598036038,-3.3887044957934265,20.226210959827455,-4.916751680445984,15.339021496335747,-5.799674307269953,-20.13077721501847
2025-01-27,11.15646386651217,15.927515878699339,-12.857936588821474,-16.831945084145794,7.737374145256069,-1.1382671246869691,10.164744036114953,-1.525636137939216,9.796887223451819,-5.448522046136013,-16.980678168304927
2025-01-28,11.413852916471498,16.982247056161455,-14.819874672730677,-17.16854910726298,8.494132005254187,-0.35460487331300783,11.664483713731457,-4.687137499455602,10.386664498769647,-4.257857164036636,-17.653356873589345
2025-01-29,11.548422206500419,17.579427786598487,-14.668458352220952,-16.552586483229042,8.823367045204705,-0.07769425544037034,12.040616194223816,-4.724148806316244,9.928835146283632,-6.11344297260878,-17.784337508995634
2025-01-30,10.43381805780443,17.411425687153425,-14.982203729592143,-17.55186953163731,9.342323367661734,-0.1590515827293899,12.923992130707319,-4.5230468493493845,9.456780712453948,-4.545685948604998,-17.80648231386764
2025-01-31,11.131565389854217,17.71203472817386,-15.362223486136429,-18.038611861039744,8.604376868244756,0.03576988950342752,13.362303297163294,-4.4842209893929805,10.025402050730946,-4.536020488286901,-18.45037539881441
2025-02-03,11.644533684160152,18.558396741578164,-15.842522879305257,-16.232579023389725,7.928477705034595,-0.3922477219837859,12.939007903140592,-4.182551850567805,10.990868543382348,-5.636585522130673,-19.77479757991859
2025-02-04,12.03682512018753,18.661923175804702,-15.548460924115496,-18.845853547289238,8.460508123822933,-0.8592610962190932,13.742842309566555,-3.517561558363795,10.629140272861846,-5.4050643558130815,-19.355037520442863
2025-02-05,12.303255774280117,18.62569236120609,-15.785106022253743,-18.951428927469678,8.646393505076148,-0.8384402108788365,14.023100291863216,-3.8306162684415668,10.929379920425902,-5.70027152296187,-19.421958900845752
2025-02-06,12.02612943013304,18.811601616675674,-15.865047654267158,-19.075613766548383,8.39695565789178,-0.6888225565604387,14.324957166002818,-4.205095160564646,10.984284709378343,-5.641654217782801,-19.067695224358218
2025-02-07,11.98013574304943,18.42940240133042,-16.17493980469461,-18.48271568961852,7.981546775582743,-0.23285943838712342,14.343446731186646,-4.258184421356816,11.435389190879746,-5.8414221910401025,-19.179799296931826
2025-02-10,12.422885142445537,16.94782677362035,-15.787207988393703,-17.711996296851634,5.3628794046541515,0.04005748457679914,15.183857314685511,-4.327325891745545,11.567621386412938,-4.827393012612248,-18.871204316792124
2025-02-11,12.718760677891524,17.268747365360383,-15.921110582617622,-17.573161033347922,4.706800962341006,-0.29363451398893403,14.950929672713869,-4.153620450812859,11.651023035759053,-4.6286686618272554,-18.726066471471256
2025-02-12,12.47218993769441,16.925836560573586,-15.231592727353416,-16.751938631402112,4.9274539017017815,-2.769358256413881,14.243319922964758,-4.660462199371203,12.753251382718503,-4.256920322983589,-17.651779568128873
2025-02-13,12.62766986915102,17.052608707140237,-15.508729840100322,-16.842477257807886,5.480131315920076,-2.3573531845804965,13.564478952015406,-4.4331653774245225,12.478940184149806,-4.402683102954427,-17.659420265508885
2025-02-14,12.586932324675487,17.5847721459821,-16.026059354960303,-17.429523689183977,6.225676435240956,-3.6267860096164526,15.104310346238975,-4.303433925445965,11.148000120564873,-4.387887989477427,-16.876000404018292
2025-02-18,12.880609203161882,17.68252780819506,-16.1940066327614,-16.99872066043173,6.792756371019564,-4.2320173051825165,15.623740017691247,-3.8893817276134754,9.417694526758936,-4.107116499258481,-16.976085101579123
2025-02-19,13.13514049998021,17.678782016742588,-16.38531449941815,-17.798123502935216,7.390158767512489,-5.63463973068184,16.469086324543326,-3.4736911617276576,8.961767374262564,-3.6746723449846854,-16.668493743293624
2025-02-20,12.119267604780319,16.51388002991611,-15.559574733916122,-16.847739380582933,6.899076885409528,-4.988320771995383,16.711286642755198,-3.2204921394951,8.075725245009437,-3.3245357097494406,-16.378573672131658
2025-02-21,11.019908425730861,17.43522355472163,-15.050590989954252,-17.264569932112753,10.593263629196016,-6.741362253176469,18.35013754613476,-3.335562161631664,8.095700074750837,-4.461595058932531,-18.64055283472642
2025-02-24,11.055349569977622,17.032000550016917,-15.689313878002807,-15.67522356762817,9.873836292338424,-7.199433092307444,17.864426377084044,-3.830537014540461,8.122665153042291,-3.889356252580747,-17.664414137399653
2025-02-25,12.127514642362925,17.927319996139133,-14.724891179653866,-16.52501540582962,11.934605685762676,-6.28490544161869,17.5547047515833,-3.248450440765403,5.352148275235663,-5.881089879044929,-18.231941004171176
2025-02-26,11.542620509357107,17.578749853127462,-17.2473596854078,-16.052888682443367,11.943910606782794,-5.926311796616197,17.994218739843532,-3.017819700751403,6.128233706517818,-4.898974297255592,-18.04437925315435
2025-02-27,12.838362055862518,19.66661962300256,-17.301380093198723,-17.192530099336487,12.189769914977617,-6.145257462731486,17.925730573013084,-1.9171227258164691,5.779161207116985,-7.918431374843927,-17.92492161804566
2025-02-28,14.704915972694863,20.80638965820701,-18.727830797759665,-17.68106446588482,12.887308958631962,-6.7457061883653395,17.54432802271144,1.2461399232296486,4.346025802370974,-10.579089871198832,-17.801417014637252
2025-03-03,15.822613346146994,21.810518968496226,-19.14271548263956,-18.184934439208597,14.280932495882482,-9.012016566366754,18.15577244912798,2.5207989797615227,4.303023711311496,-12.148103551735616,-18.405889910776185
2025-03-04,16.475328978859636,24.85277768517561,-20.314293595039487,-15.307135750260379,16.590885108738803,-14.638159320643673,20.084692495541574,4.530699630498802,5.118775663125078,-15.284130582433342,-22.109440313562622
2025-03-05,16.283443351497937,25.15402795210879,-20.01390459591383,-15.089216744299556,17.934438473078487,-15.575839419153674,20.164866935791153,5.190998725240561,4.5851711573115495,-16.316450385624158,-22.3175354500372
2025-03-06,16.45857427431214,25.265413460712182,-20.112030078420766,-15.042114020310748,18.052686170338447,-15.474146398184075,20.066658033862083,5.389514656669036,4.759807458350437,-16.600520810405776,-22.76384274692295
2025-03-07,18.346307940425604,26.342085367088174,-20.88316405868168,-15.61461586589153,18.91103231073828,-17.439184859188977,20.060138829623114,6.400529847045632,3.8662885106107154,-16.632420812153576,-23.35699720961579
2025-03-10,20.01630554423639,28.42786853125949,-20.679687827147944,-17.450626586232517,20.184397781264067,-19.597192111189273,21.145998216388477,7.108929722811823,3.4702164361092542,-18.27089787663011,-24.355311830869674
2025-03-11,20.03351822123041,29.508999468814523,-20.401059111435778,-17.84358765283983,20.348714945867613,-19.78207421999403,21.336469291339597,7.333393999408429,3.6447388674700676,-18.8234659597804,-25.355647850080565
2025-03-12,19.89425787578662,29.407030295971623,-20.979225716946118,-17.62810046239921,20.308133957364674,-19.594680054286925,21.18805666906981,7.2920841018489995,3.5569766751845293,-18.71836070434678,-24.726172637247252
2025-03-13,20.67882094241895,30.376019761485935,-20.82991160891013,-17.896909842529666,21.08023771620897,-20.011515785685752,21.76264408285114,7.021322286965258,3.3654178862244635,-20.209834700787646,-25.336290738241477
2025-03-14,21.42194455557693,30.37977417499377,-21.04421655281883,-18.52373131233731,21.132775484877612,-19.70666786414153,22.234895494002586,7.113738855084492,2.6053969357063096,-19.898097486603135,-25.715812284340817
2025-03-17,21.614439462074188,28.783763291743867,-21.992751843113368,-17.414280432588335,22.37374317099544,-20.055734226607377,22.67350253636762,6.784256100128275,2.007211446235374,-19.685380621102205,-25.088768884133408
2025-03-18,19.957787887548932,31.01756224815793,-23.906212246661084,-17.203618802675223,21.676577800017668,-19.427271235922277,21.396698397805125,8.30720349451424,2.259261215896771,-20.34511656997322,-23.732872188708917
2025-03-19,23.24054740213377,31.55396019762587,-23.629942783445756,-17.635296045325937,21.422933344349545,-21.725557764235376,22.550980432707973,8.110434690691122,2.0530665254615172,-19.755098879783652,-26.186027120179098
2025-03-20,20.31344179567934,29.824683653977345,-21.852858645850517,-17.699252026503927,19.24960003944507,-19.81939274632245,21.560405522589804,7.4535030346405335,2.887990833916021,-18.52324571682533,-23.394875744745878
2025-03-21,19.124569158949512,28.47092061591097,-21.5792377905085,-17.489310003707885,18.982275492743483,-19.13206256404085,21.505889019075823,7.503971792478794,2.9548208048355917,-17.865915386714974,-22.475921139022
2025-03-24,18.335515409592958,24.112732021301326,-19.944022166551463,-16.38999647539719,19.01429984854117,-17.84422062337911,22.259092555774927,6.755531130721053,3.311982292147107,-17.585672066245778,-22.025241926504982
2025-03-25,17.836608139093897,26.056571093477572,-19.794011249136965,-16.19866390213646,19.52798199197852,-19.307752458675104,22.291820349453303,3.7737273482855755,3.313947984943283,-16.503740177742507,-20.996489119541103
2025-03-26,17.741501495200183,27.086383956957945,-19.226756878691063,-16.87271995376313,19.53873834299837,-17.53765089855456,22.141035482476653,1.9536919227723928,3.296698900857919,-17.38455858785344,-20.73636378240128
2025-03-27,18.302972634465263,25.50776893300538,-19.876016893599086,-16.072436472725975,19.283410848016146,-17.421246506054757,21.714017534812328,1.4495427900508275,3.490028210676158,-16.409409207170704,-19.9686318714756
2025-03-28,18.390886842228625,27.39892120571986,-19.20529413907323,-17.663242648598043,19.74890860001426,-20.799306643758968,22.61482412833277,2.0690162866073223,4.312011362534321,-17.038975693724744,-19.827749300282186
2025-03-31,22.951341400963855,30.465661154317374,-19.325759144749,-22.57007605564384,24.032418482098905,-25.705757893826906,25.297400643641737,1.9458920947490412,7.764650221281741,-21.71520628595112,-23.14056461688172
2025-04-01,22.837250814174453,29.887980630354505,-18.61971249446521,-21.813506379690764,23.812808102891893,-27.06951198879956,24.766355619156954,2.1233181741932015,7.3478406495329125,-21.219944984922165,-22.052878142426252
2025-04-02,23.282835578492566,30.76231795765615,-20.51294060261023,-22.824427153976195,24.008886827498344,-26.595327805417412,26.010006529690045,2.439500335228743,7.961112621454191,-22.086583704919256,-22.44538058309693
2025-04-03,23.650083010112198,34.454397855064286,-21.764915148864013,-25.693891676528274,24.173727136229488,-27.02905413878881,28.31722308479368,3.1027289786007515,8.59499746735436,-23.770486352968923,-24.034810215004743
2025-04-04,22.269867553717873,24.875665503500727,-17.048223262220397,-18.640328208355875,23.4275027528995,-26.684133463296362,31.819778708128112,-2.198117478450669,11.006980958183334,-20.873307525527814,-27.955685538578393
2025-04-07,19.521878466575785,17.653950133262526,-16.611690313269918,-12.107977247261601,24.95028833331635,-22.562722669123538,27.998784315657886,-6.363342169109785,13.920403754948453,-20.827680299840296,-25.571892305155885
2025-04-08,19.445517255280805,17.52743828288051,-17.359245658048906,-11.221751118900528,25.25041425224795,-22.222405860812287,27.793878199671155,-6.369467929618978,14.74251702229921,-21.107324973807096,-26.479569471191887
2025-04-09,17.265543093994708,15.017576575376978,-18.38837515382039,-7.679148622034035,23.74840641836454,-18.856328973497,25.59641836566439,-7.924348851200477,17.837046452184993,-18.512403886012976,-28.1043854190207
2025-04-10,17.301745219474554,16.593219936321773,-16.362940457061768,-10.638454955320569,24.181692050736885,-20.373238590261906,25.898005013140263,-6.259316144030365,17.343874937268893,-19.68665459155205,-27.9979324187157
2025-04-11,17.064791574869616,17.702067951819984,-16.05185598355979,-12.102988495615534,24.78048236271907,-21.438868024455694,26.38019735786156,-5.080393568047924,16.747014817258403,-19.95049350199492,-28.049954490854844
2025-04-14,19.02197705137263,17.776697913281254,-17.237827645527062,-13.506488716005975,24.980600266549914,-21.20094678771771,26.551738176155098,-5.190527979894853,16.40514232653736,-19.656884132648273,-27.943480472102365
2025-04-15,19.65348484745789,15.537325765899013,-18.536003496140793,-14.767735678215303,25.408950272828704,-20.81791176382574,27.77297624646853,-5.272867069666063,16.67318353769369,-18.87158093633402,-26.779821726165892
2025-04-16,18.960725719777002,18.012587460338494,-16.890437346490373,-15.274602838477264,26.12387911525127,-18.569301342735358,27.44308472568865,-6.6120882587866845,17.17826269857099,-21.34394823556275,-29.0281616975739
2025-04-17,18.987758489276956,17.717606014075898,-20.22559380329576,-15.60066253247875,26.4460171691762,-18.156750821803783,28.309844615987345,-5.92247953138623,17.926288671527203,-20.547880122051183,-28.93414814902777
2025-04-21,17.251456220560726,14.69189316430895,-14.921620755357566,-15.136183235860287,27.141329343340402,-17.761569081605472,27.283736918566646,-8.800153065524029,15.681143969219903,-19.025996704196913,-26.404036773452376
2025-04-22,17.286628574949574,14.504810606918014,-15.160947757666477,-14.514043947148338,26.637885373334896,-17.97116588970394,27.29573424338814,-8.204496959059895,15.881757680717001,-19.002319796558297,-26.753842129170735
2025-04-23,17.331429013404602,14.883428621494659,-14.629136457460618,-14.513846945041863,27.17410801709954,-17.68773421796861,27.031560340608237,-9.027359985229353,15.629104991971644,-19.48597148010421,-26.705581898774
2025-04-24,17.147340873764392,15.488919461125008,-15.301366106551,-13.911408262776334,27.47740635068388,-17.43336491481682,25.418059273371114,-8.608867546148517,14.336887905501001,-18.862952507086206,-25.750654527066473
2025-04-25,16.829282065802232,14.56187183560769,-17.521835410177545,-11.638431077046562,28.278990871485647,-19.718921287369568,24.718921418994057,-9.166002078681984,14.045678096048803,-16.96330912425823,-23.42624531040456
2025-04-28,16.661844127571925,15.121863613548257,-16.561613316657926,-12.992948990739393,28.40662985266482,-18.865125624402495,24.824081750944075,-8.734950285562135,13.994332240754943,-18.141592395518003,-23.71252097260404
2025-04-29,16.834540461004693,15.361690458887935,-17.033755183721524,-13.266089663762202,28.414344069064853,-18.96847417423642,24.98862462802721,-8.868477369016631,14.11603305678554,-18.06803678435334,-23.510399498680144
2025-04-30,15.980405355007875,15.747186925379324,-14.101046448600314,-15.862169275414374,29.56541966719584,-16.636548121973632,24.230171204074466,-10.446528025058626,15.22495286856477,-19.827719747435715,-23.87412440173965
2025-05-01,16.054972921535693,15.918311963071758,-12.86892725708735,-16.192524233172435,28.81997658211965,-18.393555706592352,23.337267730385307,-9.770082949225298,14.877140920563093,-18.026938076730474,-23.755641894867566
2025-05-02,16.077149773319675,16.658057313013046,-11.997239279136934,-17.884014918322094,29.51489924882479,-18.824306627448863,23.496397455929383,-9.518428981190212,14.986256177082964,-18.9047845737896,-23.603985588282164
2025-05-05,12.058586857310672,16.487121390688344,-10.538956456344238,-18.542447601527016,28.408083803048996,-17.929674555234897,23.615124547587214,-8.213140975642347,15.26818214367394,-16.900225938300764,-23.7126532152599
2025-05-06,13.160245074968529,15.973796743806915,-10.542654198647327,-18.818508488686774,29.100981646000392,-20.127839725266085,23.650209382185267,-8.094569833951454,15.499751793977921,-16.551871767635063,-23.24954062675237
2025-05-07,9.02503321069193,17.13200339868142,-9.531212324043153,-18.04277745632129,30.010609678106974,-20.83051243781067,24.774081469036588,-8.57001203759853,15.705002386662784,-16.017914157527088,-23.654301729878952
2025-05-08,10.69814861783216,17.173911406922386,-9.915588031822324,-18.465960311435474,28.970757639410678,-20.668707918776235,24.381413546921223,-7.768359009684374,16.24221696026649,-16.797157042826626,-23.850675856807904
2025-05-09,10.928272908255678,16.823694553176097,-8.713024595304518,-18.289788085695164,29.519506164019703,-24.104427158978638,23.495847803535497,-7.614287950169427,16.049542486912884,-15.758053157861525,-22.33728296789058
2025-05-12,10.758048026973128,16.011890865869987,-9.469867795329606,-17.06504557050083,27.371764364140887,-20.742645617107996,22.705002989334048,-8.530737550419886,16.079036369002367,-14.775267752631834,-22.34217832933028
2025-05-13,10.913100991432955,15.995727100273768,-9.595942341292712,-16.58497580192379,26.59454487810649,-19.830490268100107,22.594653130432107,-8.727629555464219,15.025042955527013,-14.453599390570233,-21.93043169842131
2025-05-14,12.4246000864335,17.981788629270696,-9.781226675657706,-15.337707748484135,29.8857721924455,-29.948477941916323,23.95120232968948,-7.9429869040075545,17.446754012567382,-14.596905188566794,-24.082812791774003
2025-05-15,8.377968080940732,15.311027684640408,-9.024806318948023,-17.327747944514947,27.14134859147113,-21.922983529221362,23.248190495656445,-10.244208647275329,18.40829779696817,-13.435075949334944,-20.532010260382286
2025-05-16,10.435835097227695,16.46134544060763,-10.605757734730886,-16.979586453347274,28.724418755366358,-25.52533220367242,23.989647352815865,-8.95851500594243,17.452927680116744,-13.443066733139517,-21.551916195301786
2025-05-19,10.353415106343505,15.882206359797749,-10.65155145486409,-17.285535144282093,28.708974864348335,-24.978440165552257,23.923089406817255,-9.086496203638347,17.714231911761146,-13.31616789657771,-21.263726784153462
2025-05-20,9.694062775778804,13.273683869035253,-9.714841616753645,-16.479068631575792,29.21620393335131,-25.025203770468806,22.802690879983217,-8.469276368030009,17.362971254066537,-11.903967743149238,-20.75725458223767
2025-05-21,11.868527191357416,16.856896029123007,-11.896931964716927,-17.789220540368873,29.237099455301532,-23.721069785480772,23.961391681842002,-8.66218120793387,13.786742426559044,-13.150339592437845,-20.490913693244735
2025-05-22,11.731761041534384,16.425389866163755,-10.645274337673555,-16.966903810519867,29.028053174842924,-23.916896789384786,23.79098498102978,-8.744609195781038,14.796918389781226,-14.070086811221557,-21.429336508771236
2025-05-23,12.542418000171224,16.322825279656243,-10.655666703102327,-17.061023947863887,28.670589558288057,-23.514345447542972,23.969638000607176,-8.167782024702845,15.098548884465217,-14.729237463129166,-22.475964136846727
2025-05-27,12.62842999273704,15.86685452470715,-10.620321721401112,-17.548406865361315,28.810849979030948,-23.480102120868644,24.25458757566311,-7.969038784784544,15.201022766794821,-14.801429945227582,-22.342445401289957
2025-05-28,11.982260930192652,15.033321765589832,-9.836869005572964,-17.62751476477571,28.577210947540763,-22.849070599442207,24.420172579869742,-7.194830795631134,15.076130469320745,-15.48824831282812,-22.092563214263592
2025-05-29,10.563605443271229,15.200749560911916,-9.882708837796343,-17.487939927245854,28.754943921486813,-22.63975564640988,24.51060893638126,-7.259343469414375,15.486303538318083,-15.524790453195806,-21.721673066307083
2025-05-30,11.62840941987318,15.246175099872247,-10.004540127182906,-18.803902398287676,28.029686302060895,-22.405743440247427,24.407218399261367,-6.763927776143106,15.73728397878314,-15.478137137644424,-21.592522320345296
2025-06-02,12.4260701042746,15.39742816744129,-9.46872257514093,-19.22582588733691,27.89467025742293,-21.330450283858262,24.492601075328082,-7.105882062883424,13.995356704462054,-15.660725433506173,-21.41452006620323
2025-06-03,12.255894304900707,15.310377514084848,-8.58770826434916,-21.003008784496068,27.91763942932566,-21.200776832643164,24.175835345653837,-5.702395420186761,14.515080031188475,-16.325869288222435,-21.355068035255904
2025-06-04,13.599421651018162,16.767516180683558,-7.015401599180521,-25.922779213520855,27.77908431351979,-20.90661465353857,24.508519111007047,-4.956644846333361,13.719313778349274,-15.056717820690423,-22.515696901314044
2025-06-05,14.752770123918552,13.593540058627326,-6.173611121108053,-24.557990101492805,28.164945459554147,-20.375288570256743,23.5755119845024,-4.306372417924905,14.498874953071152,-14.489827373583609,-24.68255299530744
2025-06-06,14.493086472037618,6.126172016432946,-5.965763315071669,-24.385010930617945,30.176177988352364,-20.427117077400617,26.493702489775018,-4.692902153720638,11.938958527686651,-12.703491444446314,-21.053812573027443
2025-06-09,14.293622822284476,6.221109493678171,-6.515502222748623,-23.255986975580825,30.690816878801073,-19.867657762404043,25.267830082218524,-7.476452750435371,13.51168053700971,-11.447591254072691,-21.421868848750385
2025-06-10,13.230271026368044,6.7272990458615,-5.6379134653002865,-23.01457333478041,28.14989730281731,-21.010978644519177,25.06684946720742,-6.391733996179667,14.268087097719572,-10.716796568777113,-20.670407930417177
2025-06-11,13.681060868383142,6.647435671759752,-6.133780144746254,-23.02403662090113,28.08526011020257,-21.095640467463177,25.185079944776717,-6.06672473291988,14.794741117220525,-10.721167881071167,-21.35222786524112
2025-06-12,14.822288762920465,5.627139592678802,-5.465390068372841,-24.502918845162604,28.485733070682855,-20.467950462479216,24.248218795412157,-5.879796797501442,13.130342792522598,-10.667347196062892,-19.330319644637882
2025-06-13,13.716888321828279,4.493209549206014,-3.845789441092208,-23.401548152005375,29.08904480623869,-19.59492234615481,23.448349861926346,-6.33170852848518,14.850732190770074,-11.174985389240973,-21.249270872990813
2025-06-16,14.688979232485465,3.877689738951986,-4.692187876929864,-23.67436488088545,29.35026573233118,-19.70359674587894,23.65868634661021,-5.58021145011088,14.671571671248927,-11.112271947637765,-21.484559820184934
2025-06-17,14.887152877414294,3.8334807035250975,-4.6622472148337835,-23.58053183771849,29.220857553303077,-20.400527741642435,23.88539640472004,-5.31389981100088,14.916178475582669,-11.115793276676072,-21.670066132673554
2025-06-18,15.29865396429274,3.912477777888057,-5.423445013569761,-23.63509071004662,29.02093843182209,-21.014795120103393,24.322499137319127,-5.018244456427297,15.355203144146344,-10.87272943465534,-21.94546772066594
2025-06-20,13.443781954884926,4.333534392519411,-4.9172120109274715,-23.459180038245023,28.66099702137447,-20.78481587032411,24.791359021457197,-4.52559376576734,14.752836302656846,-10.5659582837106,-21.729748723918306
2025-06-23,18.964375887337184,6.066310024624158,-7.230388640586426,-21.2179936924139,25.515345767142293,-21.8724100183329,25.600236078758158,-4.805720337714561,18.670375995478224,-13.121754821408913,-26.56837624288331
2025-06-24,17.626280129070125,6.50929770242486,-3.933589333061107,-26.60217362581679,23.835612627933415,-24.881276522813735,22.973700258218983,-1.1465873583472472,17.961087149692105,-10.756926712442606,-21.585424314858017
2025-06-25,17.28631140457894,6.13131214409654,-3.485837503690391,-26.538698799569246,23.241181928059845,-23.179520328251726,24.408517400704127,-4.658780084278135,18.953324434947703,-11.06811928291853,-21.089691313679175
2025-06-26,17.6627997248156,6.160636720007588,-3.528747226780794,-26.62970770689708,23.430458357009968,-22.97371630535575,24.647414367690786,-4.487754922132737,19.272445455004743,-12.313770906945237,-21.240057556417128
2025-06-27,17.725003597828405,6.221025542289809,-3.3194541427733952,-26.859730279222752,23.69295976632918,-22.908286200718784,23.796701090961122,-4.239315198613198,19.46686974757263,-12.607759899650773,-20.968014024002287
2025-06-30,17.830731861474817,6.160392984939975,-3.2675849115206717,-24.847382394101494,24.270287779268074,-22.654907789671846,22.962581686118597,-3.3071564999460037,20.47861922005667,-16.64258654999425,-20.982995386623898
2025-07-01,13.247622774294456,7.272674242409792,-0.36271600344932153,-25.372729085195317,20.994535662709154,-19.72268093652407,20.92483368884811,-4.2854951491246,19.850467516463667,-12.492559482214503,-20.053953228217317
2025-07-02,22.43654969358228,7.595906436440728,-1.835480877884308,-28.660154824748922,24.280831921781555,-22.449405626541186,28.9591113785268,-4.877257898826031,9.511198406933133,-12.377193076332418,-22.584105532931595
2025-07-03,24.27137563684883,7.979207483481076,-1.6383181447250479,-29.24084841135661,21.922629047375253,-22.12367278698227,29.838432357513568,-5.167508331418986,9.098023182833487,-12.032172892183254,-22.907147141386048
2025-07-07,23.500958594793616,6.1651040245153865,-4.204170201257583,-28.159059864762476,25.241017679870694,-21.464599009878427,30.75654463518022,-4.465630396404336,9.598798202342238,-10.698922973592829,-26.270040690806496
2025-07-08,24.09641519890151,7.194606188336294,-2.4820078422983727,-31.255985579460187,25.091945114797042,-22.49585184723282,30.729160527723167,-4.831875889028169,9.95770659630314,-11.108213215163843,-24.89589925287779
2025-07-09,24.526827822158992,8.578318381168756,-4.644672055108487,-32.7205408029173,25.982973297541392,-23.60736156930632,31.6574442186362,-2.7960107690752807,9.491491580223354,-10.514194232566581,-25.954275870754728
2025-07-10,22.83218511378385,8.45856268528506,-3.6543856871320486,-32.62903941439435,25.870955917170818,-23.527072890752436,31.357562066225157,-2.692222317798482,9.956732449452872,-10.731389047162494,-25.241888874677954
2025-07-11,24.776966206856173,8.920167414071273,-3.860092730177442,-32.88777174535852,26.50147813863275,-25.38732459495978,32.324332609044035,-2.200555435193678,9.531946953101539,-11.55374238501318,-26.165404431003182
2025-07-14,25.074699753309744,7.999931210816186,-3.5717717651774166,-32.66266929387667,26.218446948981423,-25.712494783796487,32.815153098251784,-1.9033698082901935,9.566970737349948,-11.741314177425608,-26.083581920142755
2025-07-15,26.09949882293614,7.4824691406640085,-3.0106824901015017,-31.448748319558874,28.241309316040798,-24.47745920356875,32.49369257787636,-9.745783631560712,10.091247326724016,-11.132083353523967,-24.59346018592754
2025-07-16,26.747577999049,8.113672646559493,-1.7685174796942533,-30.968268678734205,25.227139724963607,-25.102621440933966,31.614020861544716,-7.464928099291271,8.586930397210352,-11.033922816634202,-23.95108311403925
2025-07-17,29.073561356610384,9.569239536758033,-1.3360442567486075,-31.35501461454976,20.943958840748977,-25.251354588378604,30.816993888834972,-7.769125478670517,7.322361107944104,-9.13763568926261,-22.876940103286323
2025-07-18,29.714417637261917,7.544716744945617,-0.26479896764118394,-30.61735284268714,18.176866578028267,-24.019190461565074,31.440883588316083,-7.934133953445567,7.800048065103141,-9.600472345606093,-22.240984042709982
2025-07-21,28.609028759087963,9.459923261247326,-0.0037401790477815666,-32.67252666877274,19.824260236952455,-24.741635210787607,29.934730982548302,-6.379362270411804,8.305525449194448,-8.627916095022343,-23.70828826498824
2025-07-22,27.950896100715354,10.980100809712425,-1.9486009507147344,-32.17852663441842,19.776153681019238,-25.090313009879942,30.793205358554616,-6.277002992536737,7.471780632071429,-8.546564364619186,-22.931128629903988
2025-07-23,26.74425018906635,9.367686095641403,-1.4409939340518036,-31.942445308995183,18.99167536047817,-22.915911189613922,30.870002843156826,-5.194246831134393,9.095215936390446,-10.307580529738374,-23.26765263119954
2025-07-24,26.437258669825383,12.158549028708336,0.23890837553224742,-32.803448077634755,18.479731447556716,-23.89343139914442,28.954699235677168,-4.748688812387044,9.156466047495798,-8.20109124719832,-25.778953268431124
2025-07-25,26.038184312658714,12.462726853389,1.7830610339751871,-33.36055822501731,18.131324478674117,-24.09235442368019,26.99298869307853,-3.2423327331543135,6.704208128787343,-6.9788112020150805,-24.438436916695984
2025-07-28,26.254949276045522,12.687184196547406,2.264025234480087,-34.56285803681501,18.39209684173079,-23.579152241601435,26.81263891741243,-4.009851241504421,6.249058748332715,-6.826664922313924,-23.68142677231414
2025-07-29,26.317993982763156,10.863594414375868,3.639862681115048,-37.691237300200854,19.55281663268252,-21.811913867859502,26.467881029277763,-5.495868421322314,6.216504196716301,-3.340377297309402,-24.719256050238577
2025-07-30,26.457749102834043,11.59710939061678,2.6054549071334634,-37.050378378831745,19.92169250135744,-22.00750583229963,26.045122924669826,-5.22126543555737,5.7895666422826935,-3.9414747123240517,-24.196071109881416
2025-07-31,26.159677385974746,12.029992031824904,3.1952880254828813,-37.1753242696835,20.185968338782104,-22.74703188444282,25.259810223986477,-5.521010805618076,6.841830233196092,-2.918144238116156,-25.311055041386652
2025-08-01,26.598886380147178,12.030670343247337,2.208021609411034,-37.31005906854581,20.03453918121565,-22.30890735127698,25.20023816492187,-5.001831055170754,7.101901349659215,-3.271568461309627,-25.281891092299112
2025-08-04,25.46661620158342,13.392643799756243,3.7896141093306426,-37.45095813756267,20.00338113786006,-22.473952016257293,24.646691574716982,-4.714474132999996,7.661269565779136,-3.8679205975851687,-26.452911504621376
2025-08-05,26.054739167183044,12.99235097756305,3.542793795725615,-37.29057139373011,19.429511994485836,-22.80735121870555,24.662440363593433,-4.601645660635995,7.9102866366892215,-3.552075939474534,-26.34047872269401
2025-08-06,26.380290344289364,13.040013947545276,2.765608074775912,-36.823433377741466,17.67138547033592,-22.652980779772825,24.915834659636076,-4.339291146274931,8.440670322415599,-3.4208914211826738,-25.97720609402623
2025-08-07,26.116205945201358,14.536010120095654,5.0544261667461114,-34.71421046433815,16.101842206645827,-21.549636018583513,23.785339838949014,-4.872015237625064,8.617207436130442,-7.473541359472819,-25.601628633748845
2025-08-08,24.574997364382313,17.15408313799942,7.340100929635312,-36.084047509693555,12.992872707779028,-23.246169981904508,24.658548393516014,-4.895592002947296,10.3763306450075,-4.746477618240462,-28.12464606553379
2025-08-11,26.118557318310337,20.53310572350769,7.668989946715428,-37.83146559967487,13.524235773034988,-23.420312366805646,25.26118391242143,-6.888384198828859,8.43254290109472,-5.007021537042405,-28.391431872732824
2025-08-12,23.277954000219978,19.697230845250715,5.379901904131842,-36.1477006689431,13.313856715394039,-23.124790021206692,24.515676905713704,-4.215741574270098,11.564947187855282,-5.016544161783571,-29.244791132362018
2025-08-13,23.022079420890933,20.04674044183939,5.887155780982226,-36.0937912223849,13.647827946661437,-22.93308355510927,24.452194747925674,-4.447528724165053,10.091459438299339,-4.7905544032337986,-28.88249987170598
2025-08-14,23.207896426352164,20.533197288832852,5.71535388387511,-35.98899355722554,13.959463702166644,-24.854751311699175,23.662158061870684,-3.079948353507234,7.989949092876472,-3.520630328585611,-27.623694904956373
2025-08-15,23.68793679235111,20.96288437102274,5.8159610528303745,-35.6669934230494,12.749890771377096,-24.675104677006495,22.10674558748572,-2.689681272945336,8.087265463969914,-3.1856648184925263,-27.19323984754314
2025-08-18,24.7194109727959,19.897064302635997,6.832021091712363,-35.72116364174046,10.597673295809741,-26.335486738305974,25.64711452450254,-1.3926808699723097,8.076747178626277,-4.421703768574062,-27.898996347490062
2025-08-19,24.770310975100983,19.80613651883293,6.015865411800874,-36.24465302170376,9.13625349245342,-25.28892204194203,25.28450182988415,-2.452563050266818,8.165565443389369,-1.9640219568287876,-27.228473600720292
2025-08-20,25.404895730842014,19.961943158655117,5.837815940785774,-36.52321131861805,9.157392583803059,-25.440075278450934,25.04128930469186,-1.9145624340014393,8.229091492576075,-2.0553411599866394,-27.699238020296818
2025-08-21,25.71566499552297,17.06074639272363,2.976268575655766,-35.29080918048787,10.814283962738557,-25.561567266839745,28.402709434937947,-3.481141595268781,7.627479445216693,0.1785231698777352,-28.442157934076853
2025-08-22,22.061093923223908,17.432311336484133,2.1550450417864937,-33.28486701134267,11.90295696290572,-26.122620871992112,27.094011915125137,-1.7033679046953125,11.0336930350621,-0.5736225366601246,-29.99463388989723
2025-08-25,24.06603330987751,16.402184092447314,-2.3303845437215216,-31.714918257075816,13.425306383104044,-26.73327554925649,24.268522904527487,-1.6304373537555676,10.699278629869355,1.1095123897842,-27.561822005800558
2025-08-26,26.333162866405843,18.339574637907518,-6.711677264006781,-29.99019342469399,13.410972703954414,-28.279708178600288,18.41726533363014,0.3941320279235896,12.258176933511763,3.407040872160536,-27.578746508192772
2025-08-27,29.47572781458743,20.302898020953833,-7.132606321560914,-32.16401817457466,10.295193047023247,-27.37797366921719,15.235080085933575,-0.06630162562517228,11.874591689815134,5.6819111301944645,-26.12450199752969
2025-08-28,29.39234184767352,19.80291343042292,-6.951593977285484,-30.471379729278645,8.794784557393385,-27.190889358408263,14.177069948265384,0.8231601546728342,12.956463441388507,5.4416046570606795,-26.774474971904873
2025-08-29,31.238414510831518,18.390763840500767,-8.001299316496002,-30.95231720011337,12.246521466822756,-26.952946153634414,12.378336227904569,-1.0448615187604986,12.808014347761116,6.363075219055233,-26.473701423871717
2025-09-02,31.564667142592043,19.161873403585005,-6.6609880499769645,-30.98306842143768,11.26303613047682,-26.219313220370083,12.833161031014058,1.7128802603925948,10.762069229771441,4.9653703513970555,-28.39968785744425
2025-09-03,31.026230021533095,20.05365534031789,-7.745928718486738,-33.53141371915389,11.012188176322553,-26.072495534499602,12.988852115931294,1.5790872504242799,12.332695647780625,4.82405250137225,-26.466923081541793
2025-09-04,29.784370173037658,19.989801714456377,-8.006695334792028,-31.429300394179663,11.020291481009053,-25.583073567152226,13.802593515565704,1.3233898217067832,12.821792634557823,3.4258849178049076,-27.149054962014425
2025-09-05,27.232319163219117,19.777312317409198,-8.983004071432134,-30.705860389463552,10.577361841592364,-26.176531639607248,14.94320889943117,2.125835070468625,14.211894303747272,2.002355348631113,-25.004890843995952
2025-09-08,29.10904739984069,21.11810563390553,-8.868674650003456,-31.602891103477795,9.400720916309623,-25.625418304968456,13.666336599487394,2.8596641258058497,12.472040960959134,4.815650084488453,-27.344581662346897
2025-09-09,29.686950026241107,22.33506950446396,-8.40092344653047,-31.472945462637504,9.506747609675116,-25.323783693842145,13.591571744157307,3.856986272401784,9.721811118337854,4.32968460824128,-27.831168280508308
2025-09-10,29.38914822673189,21.198283932499493,-8.328876832532899,-30.450736875309588,9.97184807141953,-24.732432546421975,13.785596258315735,2.908431118491933,10.997991264833672,1.2849926540311856,-26.024245272058977
2025-09-11,29.872844411617322,23.116085080396118,-7.032892141134596,-30.314017318760826,10.689484268011341,-23.321772200167956,14.073814679128219,-3.3291719993376176,11.460570726069136,1.6444360930274513,-26.859381598848557
2025-09-12,23.920834024864803,22.13475825222352,-4.589515085503592,-29.01293315442659,10.106473423835553,-24.741848698663624,12.75902815244379,5.084921913124646,7.235104276311603,2.7264681683103618,-25.623291272520454
2025-09-15,23.475578915837033,22.55580627962462,-5.420333236406151,-29.67519629150103,10.887813635046584,-25.423337389677066,11.971359186624554,6.758568602522516,7.136070477728566,4.132828316581012,-26.399158496380693
2025-09-16,23.530235096830978,22.19892484468248,-5.384833769087905,-29.576837755488597,11.197941970197462,-25.876006527875866,12.36182073507544,7.095583873288533,7.014667174176239,4.386592858098851,-26.948088499897594
2025-09-17,22.087686043206986,21.235475865862554,-5.291982229064146,-29.019685250212106,11.482587413400168,-27.297763897333105,13.255722626950387,6.260139527233207,7.703436637999857,5.194174575447192,-25.609791313491016
2025-09-18,23.916617848076072,21.158229489857106,-4.109580389714495,-28.424571008921312,11.55729354139126,-25.650484374684353,9.905402112919106,6.620731482071022,5.017821056696903,5.6544445483756505,-25.645904306066996
2025-09-19,24.590723970755604,22.04554005614993,-3.176278655884957,-29.28016778852595,11.493653845997656,-24.947792425403584,8.24639242521107,6.435682535772756,5.153764576990838,6.774172419234731,-27.33569096029803
2025-09-22,24.115308755058123,21.633193827301724,-3.165700664818857,-29.144216087092396,11.715870292551415,-25.153449846741836,8.688343368594317,6.235238967565152,4.4465920174035745,7.012952678496461,-26.384133308317665
2025-09-23,23.076982568711898,21.403106675125414,-2.9296440262001084,-28.98407943047497,11.440475422190048,-24.99212152138532,9.268816189291954,7.129145354864278,4.470411649130838,6.3292092980920955,-26.21230217934611
2025-09-24,22.838389604754184,21.341030800468403,-2.428237523556703,-29.362252090485512,11.274004168328332,-24.464347800625795,9.319328121848812,6.743272548552454,3.297783831963386,7.1784044121055075,-25.737376073353104
2025-09-25,22.91765515445401,21.789527243646333,-3.139617462527326,-29.4404683999623,11.531729797762168,-24.6014396422838,8.822541249540109,6.809468020479571,3.57550631827543,7.061968226913891,-25.326870506298057
2025-09-26,22.969057984164508,21.956206421260433,-3.4107220401195946,-29.209734158061494,11.39767474203866,-24.66080414898422,8.352957024561192,6.840553992450353,3.8241575092009015,7.0441453861513,-25.103492712662067
2025-09-29,22.136361231601498,20.891537815629846,-1.83506890584232,-31.98709095039503,11.96928776239919,-23.57642509186818,9.689119006582573,8.229352989684969,3.7551503964538426,7.710188431855784,-26.982412686102187
2025-09-30,20.978929064774547,21.535198702409346,-1.6801992765590086,-31.389424436582047,11.621030362067003,-24.78508779920103,10.33807119454849,8.037110358537461,4.1386104199566915,7.294687780585704,-26.088926370537166
2025-10-01,22.165630104418938,22.044871640195467,-0.8472703358564786,-31.376904590343898,12.069470678972735,-27.803110012361152,10.625795839916563,7.748284626881798,4.218275282915386,6.7818092018368645,-25.626852436576264
2025-10-02,23.400948277470945,20.89769573187685,-0.20009433261937204,-30.965290688052562,13.134120243289871,-30.397781395517484,11.661923622067448,7.485043351272694,1.3028613194907024,8.59059840460506,-24.910024533884176
2025-10-03,20.282549579150256,21.38001321055755,-0.9738677964687525,-32.24973365574233,13.795267404036167,-29.245097866915756,12.57517021109156,8.078487662455998,1.558082633598758,8.990872007475573,-24.191743389239008
2025-10-06,22.03610602178631,20.235608071922925,-0.21060030476570546,-30.60028674861094,11.83637452889407,-30.078937414679764,13.033002824923088,7.327011952603783,2.3648125427037883,9.298865837951908,-25.24195731272941
2025-10-07,22.493729492047947,20.845160760621553,-0.6625098949169086,-30.33234240500269,12.383120519996723,-29.787536585715465,13.374496436535594,6.900225619330783,2.796649673990075,8.231599374727452,-26.242592991615
2025-10-08,24.195908057362914,18.821042066112184,-2.0755451098946196,-31.20486778552886,11.77526734030026,-27.968903448864104,10.294822011392853,3.6204481897374166,2.7626282659050787,12.274380579867483,-22.495180166390583
2025-10-09,21.957016925122446,19.69137453331423,-3.593574231108448,-29.31781977873885,14.00060651598855,-28.365766857295696,11.495397576074325,4.407661738309599,2.2505222227421626,10.121764367521791,-22.64718301193014
2025-10-10,17.80508746436864,16.025820611727525,-19.5821028227639,-20.06736912511593,19.551174662090133,-31.24991488172393,25.984905248824163,0.8788061343402944,12.902188019302486,5.788451231977433,-28.037046543026896
2025-10-13,17.196316611755805,9.803847079858542,-11.527674501685773,-17.250062119628836,15.833720512378676,-28.827710498330525,21.121853219813005,-2.9755044127637973,8.567488589459629,11.395385103775538,-23.337659584632192
2025-10-14,10.580771792585793,15.04072436125648,-8.116110475966678,-20.16221804814468,17.473626931815673,-29.55080613233163,22.028396794686586,-2.765440017231242,12.991606103134927,5.08017086431596,-22.600722174121216
2025-10-15,10.856590289833562,14.777070818249584,-8.012841854335264,-19.476015827297225,16.895846974209377,-28.779017605169145,20.016465191717472,-2.730201558227705,11.697195355208478,6.091221963908225,-21.336313748097375
2025-10-16,11.201711908655554,15.204848671105722,-8.441363385837917,-18.997346074475338,18.062579921884776,-29.98930435126524,22.431153786769272,-3.076868480113177,13.079056618261674,2.6191356506721633,-22.09360426565746
2025-10-17,9.36127694609398,14.807969341690637,-9.099986531044266,-16.54339458225521,14.459417551791432,-29.799698899207655,23.631106055471804,-3.921104856400447,13.705378003493792,6.758270981196858,-23.35923401083089
2025-10-20,8.999731290123663,14.810026163964793,-8.58172163837856,-15.259597837810226,12.579098921054424,-30.38041316618873,24.047936383043705,-4.189657247615116,14.453215648843766,7.461627452263272,-23.94024596930094
2025-10-21,9.079602480363263,14.139489361304442,-8.455889400118565,-16.14919018427551,13.440090780422963,-30.227777970659815,24.65467848385667,-4.6143680485700145,13.918550287476577,6.279766221844255,-22.064952011644245
2025-10-22,9.58551725762247,14.669280233193106,-8.694288461458918,-15.926589605188944,13.862635827677039,-30.09487379637727,24.285093260223604,-5.081080759559953,13.975309131667004,5.180662287604193,-21.76166537540236
2025-10-23,9.161240969104085,14.264697742244635,-8.593266085908475,-15.570100210967304,12.522422545034402,-29.748884200596265,24.417319374526784,-4.892182356887147,14.59567906977665,5.401274479546046,-21.558201325873362
2025-10-24,11.927990160383686,12.304446239760551,-11.293693091202428,-15.954058788022238,14.766100248183946,-27.98308694196824,24.430738193796145,-5.763873304135728,16.087799180939953,4.328063161065174,-22.850425058800788
2025-10-27,12.109060480143455,11.85545739275716,-11.825745975277655,-16.136139810421156,14.002851606440586,-27.53759946476159,24.81568954665157,-5.211290956083545,16.37130973283199,5.786518477508878,-24.23011102978969
2025-10-28,9.689963118087562,12.657475669122405,-12.75532667413242,-17.694364062389504,11.932901524403917,-27.01919879983449,24.459024169541593,-5.296580047553519,16.47950485656689,6.670602936978668,-19.12400269079113
2025-10-29,7.8404136785763825,13.133927487728883,-12.596592993034662,-18.58955998276363,11.917281740492314,-26.623007541565684,24.870988555588895,-5.038502363557868,15.881402646251203,7.797485738649968,-18.593836966365785
2025-10-30,7.872118566722335,13.3173454575727,-13.702246715748636,-18.366911106943974,11.967041829898207,-26.425848037011406,24.42999074726501,-4.9533283912433745,15.99276256755887,7.983805593516081,-18.114730511585854
2025-10-31,6.9420953649214425,13.23159303453292,-11.998536073795258,-17.753840082291134,11.58221388974141,-26.468718825794312,23.350756186566258,-5.166901113298707,16.556735178919254,7.333858404372194,-17.60925596387409
2025-11-03,6.903018431363435,9.054297593160499,-11.797765959671281,-17.895109251586163,12.389793018487225,-25.85853402923786,23.28564295570348,-4.404696663324742,17.19863718647521,8.850836227129264,-17.726119508499067
2025-11-04,5.928538870469168,12.177868000402967,-11.237815059237086,-15.699476718756209,8.367386848368383,-26.784501736892032,24.345038720744014,-5.293114316571518,15.631233023824123,9.06581457181413,-16.500972204165897
2025-11-05,6.083168810707292,12.964132991239111,-10.853925261101054,-15.998269095018586,9.871886178948344,-25.448594392425036,24.03359623618711,-3.9862090119872704,14.404517490643556,7.349538005623714,-18.419841952817208
2025-11-06,6.5440788842765585,12.264869417568306,-10.436424452334371,-15.83662713177084,10.112529046643274,-25.40481071811878,24.450612980024616,-4.528542972552287,14.540891948551064,6.507566941612026,-18.214143943899607
2025-11-07,6.72875199284222,14.294817403718156,-9.982924540433181,-15.617172549381579,9.523107628634136,-26.80791263662511,23.838931060140325,-2.1909670406589896,15.008634883733222,4.152956848517277,-18.948223050486455
2025-11-10,7.260786938806163,14.156332704836743,-9.782406317639222,-16.165616104741794,9.61073033842807,-26.750934674520032,23.775918413203684,-2.162097020248666,15.039900027306771,4.544143899913138,-19.526758205344855
2025-11-11,7.90467346800007,15.961572808145021,-10.917350536456048,-16.895992455963537,10.564892304303143,-29.073375903998247,23.749252641673834,-1.7313060161128107,14.979363838530347,4.979310303678602,-19.52104045180034
2025-11-12,8.229822699164743,16.601185195794898,-11.417038178907617,-16.755650300523747,9.362360205688034,-30.97724779045827,24.36185396019461,-1.1462040957810729,15.059502718633652,5.406857485736836,-18.725441899542062
2025-11-13,7.469192294615169,19.067472557642674,-14.105360123860017,-18.12484419429623,13.043038949765744,-26.85202242823958,24.912381117080997,0.6450486093489189,13.854253594099575,2.832437487357552,-22.741597863514833
2025-11-14,7.942833401216689,19.339885521171,-13.373118218061009,-19.0912377029387,13.332929478414414,-26.49322349750493,25.62841181893451,-1.9651993638589857,14.244582268189276,2.5807738355544814,-22.146637541116768
2025-11-17,6.960796088470488,20.394620537898348,-13.425887825253639,-17.125636172829495,12.831683419117653,-26.520441002631756,25.83608828828622,1.4487967717237495,12.959150978738293,-0.12995268546622185,-23.229218398053682
2025-11-18,4.234714874634449,20.30372442154959,-12.903445906475142,-16.97377965228894,12.341901594794138,-26.350069670519062,26.125462507075326,0.2675825164806156,13.159377190179683,0.9192850374897716,-21.124752912920414
2025-11-19,3.6225381758045216,20.529487116905287,-12.904157819617069,-16.732412965910243,12.430998752129355,-26.245241570191027,25.792821775814232,0.45084398190726915,13.413263469407468,1.0406764012113854,-21.398817317461187
2025-11-20,11.712023353450405,21.565966323903325,-19.14097097376368,-16.238414332433287,11.34878365324127,-29.592936099005705,23.90230719464813,7.519876733217714,12.871591964794277,-2.3417705444724106,-21.60645727358009
2025-11-21,11.468500905523555,20.975165388859892,-18.362808224791713,-15.24403684064552,11.48081950991525,-31.39252004838678,23.654409231609222,6.279860676857211,11.145811634381758,-1.4271833916382803,-18.578018841684603
2025-11-24,11.699572160046515,21.661928428370658,-19.693560617195146,-15.180952045407096,12.21842902253529,-31.055843743341214,23.903413814816574,5.396241021290052,11.123163748820389,-0.5796536347749566,-19.4927381551611
2025-11-25,10.251619008152588,21.480171195972744,-19.066064545969823,-15.567534923698105,12.704393881253921,-30.8107196406836,23.82579681994835,5.760628821853416,11.020953894976856,-0.7897728479538273,-18.809471663852506
2025-11-26,12.503255698697473,21.124187336482407,-21.01822012821077,-14.11569656235448,13.359741930235003,-30.463901817890438,22.842829126067087,5.123900218792343,9.037301732541309,-0.41381279920197755,-17.979584735157935
2025-11-28,16.946630264261557,22.374703639433406,-22.771611055171753,-16.26115490016751,12.421632271102496,-28.21452396643744,22.68784892939061,4.947451992707514,7.4120592533276835,-1.808388466959741,-17.734647961486836
2025-12-01,14.811473366355827,20.68239398560337,-23.785586373742518,-14.744969449732999,13.876779612015312,-27.20651803154407,23.102131659547098,5.60570532813783,6.85613902113829,-2.756652383357306,-16.440896734420846
2025-12-02,14.920258592155335,20.436995198170152,-23.87990163371221,-14.605430235511626,14.02871228845379,-27.09309296306936,23.235485329215265,5.783078212078735,6.005800643580471,-2.7239174295126105,-16.1079880018479
2025-12-03,15.809047942905309,20.58866677423599,-24.583390410848892,-14.806405812906277,13.337882263874363,-26.34393542836903,23.5143831928074,6.073189019034459,4.818536395302701,-1.9644708880480692,-16.44350304798796
2025-12-04,16.24772711819469,20.12511187430752,-25.44489254141147,-14.828069930776131,13.177919568362626,-26.370539384027346,23.418175089926706,5.950420720338471,5.521107440246283,-1.3192640097689008,-16.47769594539251
2025-12-05,16.053685319631057,19.571688293098163,-24.699821705655772,-15.079766190813174,13.166205797564615,-25.820280805388116,23.32719140121516,6.074277543385705,5.539970222870664,-2.213282511868208,-15.919867364040087
2025-12-08,17.593123891705687,19.21589918016339,-24.150501750520256,-14.4568973916561,12.798378446557521,-25.045608340122506,20.75114785570561,5.358048000754778,6.370199394770722,-3.937011035322726,-14.496778252036165
2025-12-09,16.633575640599915,19.728168272126055,-23.547029923510138,-14.304066448789442,12.331209438740657,-26.563535055617976,22.09391022950838,6.916679434646468,6.050081558035629,-4.314953902987014,-15.024039242752522
2025-12-10,16.94627444225783,20.175217575284123,-24.170015723193373,-14.023534353033348,12.405393666053854,-26.221903536392,21.34937570578181,7.726739126640425,5.159589290136452,-4.8078429251271615,-14.539293268408649
2025-12-11,18.99748562229823,20.61629198685489,-22.316990534387486,-12.550912324068179,9.382711353061836,-26.538282908464353,20.926695955763364,6.744821057135454,1.3868976463769371,-2.740257236786938,-13.908460617783732
2025-12-12,17.299023558539858,18.7999780771937,-24.166860685340055,-14.816859993218664,9.892357849663227,-27.359204725369196,23.179313249175152,9.813408209578824,4.725979302044564,-3.8157160976859004,-13.551418744581518
2025-12-15,17.845426280757394,19.16646976096021,-22.741662664070176,-15.699175342431012,11.48989375436419,-26.693902141176714,23.028403132431592,6.837742347902349,3.830329397457291,-3.659334291468973,-13.404190234726158
2025-12-16,16.46213514999475,17.363537701564795,-22.567448070216315,-13.85370721479152,11.604609546461589,-25.417222212783365,21.94379303459661,7.2814742124757,4.501975819590271,-3.419859817124326,-13.89928814976816
2025-12-17,17.52581306281813,18.337398705148345,-22.40666444566383,-14.767732826761033,12.008098237421393,-25.913446640611944,20.078818107119616,6.9186801075294255,4.952373150421593,-3.3592620929645136,-13.374075364457184
2025-12-18,17.932897470172435,17.865139553979077,-21.646851676188383,-15.22582345948878,12.564709370701678,-25.346934022570323,18.969156399795366,6.079895644480686,5.547673894135173,-3.334631953376835,-13.405231221640094
2025-12-19,19.28749437274749,17.672799932472046,-20.921522070478545,-14.867614236136966,12.45124547879314,-25.557684216314065,18.448371934183413,5.582090728347552,5.828471822734997,-3.668386247333544,-14.255267499015503
2025-12-22,20.550354189637588,19.810257793882627,-19.333849646684996,-14.365825381946841,10.409165600977772,-26.261826240940167,17.888091537239617,5.238294714051406,5.872285903487736,-4.3554638390302785,-15.451484630674457
2025-12-23,21.611329072260617,22.444614812871237,-17.51287486893692,-10.844483805680127,8.517871986374317,-27.710169800505817,17.435086785402873,3.5929053213395576,7.056382110385343,-6.821198647348254,-17.76946296616285
2025-12-24,19.44870561075433,24.047870621151944,-18.76565779519371,-9.06294510757575,7.473011754008596,-28.410353133672757,19.203063858077556,2.8093014014154107,8.296174364808564,-6.4684097634494435,-18.570761810324733
2025-12-26,18.438377146827023,22.537551275217822,-21.677294265015284,-4.127188676036617,3.6072418699676376,-27.6530813539298,20.326011368455013,4.7824715847263235,9.156302229850112,-6.903317230750638,-18.487073949311565
2025-12-29,20.287740440200608,21.960345387646512,-22.8964381360339,-4.174193341226086,3.1305965581026385,-28.20642033581108,21.129894543274062,5.054023746414387,9.224665566706221,-7.049787118173505,-18.460427311099835
2025-12-30,14.70251838131081,22.418771412425556,-18.412739678537548,-4.076638320725593,1.524311549197222,-26.915812257624417,20.2913020941116,3.33538291026926,9.630602465185333,-3.8143075947416207,-18.68339096087061
2025-12-31,14.949739922832535,22.353594831882944,-18.697224580468756,-4.422506017418087,2.3058373518871917,-27.142258249758257,20.363815724945113,3.9887588851054687,9.638982467490749,-3.585566025431376,-19.753174311067497
2026-01-02,10.009151009774754,24.627590218561025,-23.97864079091758,-3.0640700856523893,1.8078788399388799,-27.026046615019787,25.87140167033637,7.45568691053208,10.724357476102796,-5.798788983206109,-20.62851965045003
2026-01-05,9.248728102968514,25.86766695105588,-25.699799464341467,0.07578788723029106,1.8162693948789723,-27.58458267458404,25.965205169475155,6.035807886379203,11.620907346761982,-7.077491321479393,-20.268499278345118
2026-01-06,10.786288082123122,26.19792215465263,-24.15823750887116,-4.528450503424239,0.6526522607298801,-28.07048654639189,26.741296146103565,7.941997043008996,11.685429125275206,-5.992177143466662,-21.256233109739405
2026-01-07,10.798656569664175,26.106551381170533,-24.495043581256027,-2.846411311958761,1.0665178386045682,-27.322870076493523,26.596752024542283,6.366878788275159,12.617293961003725,-6.136705137484938,-22.751620456067215
2026-01-08,5.82650013720577,24.448864210252424,-22.360721173720663,-2.375853208879576,-0.07391542305583698,-27.13182265842196,26.012898010716924,2.6493926555284304,15.547267551794917,-2.5953014949021167,-19.947308606518284
2026-01-09,10.874068844637762,19.15799280616021,-28.901557338983267,-1.7658480727930197,2.8120138157564867,-26.2143760569601,30.220048317423675,2.475182302425708,8.877055662159933,-2.35321644089791,-15.18136383892945
2026-01-12,9.805273525727571,18.07273079068328,-29.967573023633726,-0.34973884081682627,3.725291646823308,-26.276057677045273,30.2963632262273,1.9504490585926675,8.610640736248385,-1.4623707643202977,-14.405008678486382
2026-01-13,6.806240731818974,19.318566439395937,-27.114314724431317,0.27546441598909155,3.8319609132048242,-24.952315982445114,28.597688401438546,2.9463635147357223,5.966649887652949,-1.4511834446666825,-14.225120152692952
2026-01-14,4.2433497311595545,19.80755665481145,-26.709508570296208,-0.6266006273072691,5.030889757217295,-24.780744190744983,28.09783471270582,3.447465869322386,5.464921107285377,-0.15351328383100338,-13.821651160322432
2026-01-15,6.449576923273398,19.91734705110899,-27.844477879271793,-2.9615945552486664,6.055280525993382,-25.224910409832987,29.24781553744468,2.0636522337231185,6.187480890970576,-0.21375852774136206,-13.676411790419344
2026-01-16,6.483743347821445,20.765129909891883,-27.34525953646589,-3.8301487643213363,6.412094435570907,-24.99266570966389,29.99799317836927,2.402475069316907,6.7488592749523235,-3.253898047505345,-13.388323157966326
2026-01-20,8.17696266080253,19.946710548854355,-27.04932418096029,-8.828987735789866,7.180690041689147,-23.89717296339129,27.636338197134975,3.823194778846144,3.7432541769610737,2.1344397410219926,-12.866105265168763
2026-01-21,8.401506217341606,19.941992185777423,-26.861064049325762,-10.345642055016953,7.279201675210231,-22.548025787527116,28.68107535195641,4.182972716688624,2.2550204331254236,2.4861426369707402,-13.473179325200611
2026-01-22,7.021197656918702,19.18146603967996,-24.96115821373769,-8.805878719873114,9.451007296577984,-24.255700439438428,27.518843972212622,4.279344185350411,3.5228175891848537,1.6294394665658842,-14.581378833441157
2026-01-23,7.1148745157092605,19.317770371603473,-24.540416441237753,-8.68874180043916,9.86745421706604,-24.29160118476441,27.15652674607604,4.373767066708879,3.6684123417860377,1.0688478305679894,-15.046893663076418
2026-01-26,7.53337379843876,20.347413385482895,-24.222357440419607,-10.063298328291552,9.809184092196219,-24.06041788991098,25.562054140602598,4.280317899871335,3.684894498579581,1.859746873387337,-14.730911029936564
2026-01-27,7.595893007937477,19.47768438247796,-23.412881288354832,-8.771597673763843,10.296877924353737,-23.676956123078227,24.46384704017862,4.091123535879319,3.755940933060643,-0.4452188202451026,-13.374712918445752
2026-01-28,8.036056154550664,19.198805833975513,-23.56877442774018,-9.041038942359918,9.94509988455755,-23.335064858680575,24.725895721670824,3.2439701162092547,3.929577759302987,-1.1437018713471758,-11.990825370138964
2026-01-29,9.52973193061473,21.119949313006202,-21.502432776816022,-10.519587536476799,5.789255992920815,-27.065587448004706,24.990286566286983,1.4585647931262713,5.885170450418656,1.1045447217391313,-10.789896006815276
2026-01-30,9.726553042517835,21.374748174372527,-22.65443737240529,-10.945379778203154,6.211804910695278,-26.232261394553262,25.0731372148379,0.9075379362311651,5.541015485706609,1.3760558511718557,-10.378774070371492
2026-02-02,7.216407767841531,21.011203260448767,-21.595298142053885,-11.073970879052965,6.19973895687464,-26.932218042655137,25.953719987711594,2.008463367450645,5.947560389435779,1.7295171625182633,-10.465123828519275
2026-02-03,1.840300416732191,22.553828024931775,-16.597992907675014,-13.088086465667388,5.9217679579579965,-27.417985138682695,25.094698702500537,4.506608911916999,5.1322810546937205,-1.0424214786950898,-6.902999078012996
2026-02-04,2.172626610351344,22.614651721755195,-16.15452799527725,-12.889155902065262,6.027574470532983,-27.432204498230803,25.04992869827764,3.985530046023129,5.0480445563617025,-1.7368607607963327,-6.68560694693236
2026-02-05,1.2052762810741768,22.81366372455362,-16.102237824953143,-12.766337118214523,6.001763749812909,-27.162706323536753,25.12033951684836,3.9219435797779028,3.542748205457414,-0.9711358118204458,-5.603317978999499
2026-02-06,3.357878485260855,22.83184203534971,-14.97597381117243,-12.971973808143574,3.5255465787102906,-28.392507398955836,24.522607519233603,5.69664781181271,5.163005212774081,-2.045681923064535,-6.711390701804866
2026-02-09,1.7198102398867974,23.05027474738864,-15.49455062358053,-11.600665192420877,4.905121341932741,-27.88031316822145,24.623778789416576,3.491720886178868,4.35902158820052,-1.1819436743754181,-5.992254934405814
2026-02-10,2.5538000065945567,23.888467622962537,-14.494862034909538,-12.41790878452732,3.2691655348465645,-27.421130054317615,23.40923776590418,4.348334724640253,4.5961673906545,-0.7380204501119607,-6.993251721736122
2026-02-11,2.865356803483479,24.35850904116063,-15.820477230095392,-11.919966313491578,1.69596380190157,-26.807342671307808,23.355718496515507,4.1279336504657635,5.071187651126834,-1.0021801937017045,-5.9247030360573305
2026-02-12,1.0157326894362626,21.256997937269176,-7.0862065975742965,-17.527927851492237,11.596239505716738,-30.617560651532962,27.255896755464022,6.538387192830072,3.285101772365138,-7.530748300150101,-8.185912452331763
2026-02-13,2.249209519481454,22.132274400752678,-7.098342922682768,-15.82625163553574,11.705376528339727,-29.827568154050617,27.368696897862506,7.557577335734862,2.9673233816974545,-7.924090939161886,-13.30420441243767
2026-02-17,2.18159949881327,21.772449171852173,-6.699496283719114,-16.28071630542425,9.617354013845883,-30.36554377250946,27.52048457331192,8.06939779012096,3.819661181495448,-8.040600679601177,-11.594589188185644
2026-02-18,2.9558202565469287,22.09567664551193,-9.010969824588734,-15.99754778040311,11.607556898541318,-27.914313970562077,28.147457702206935,7.219851123146398,4.736186950104013,-8.290942218213864,-15.548775782289766
2026-02-19,3.857796279527278,21.844770179649913,-9.87271454981525,-15.103823966929099,12.598467608055387,-26.772239137382755,28.482734152583944,6.384457616986751,4.474288081755574,-9.10457042137488,-16.789165843056814
2026-02-20,3.588867596491653,21.22401314946859,-9.444256485752348,-15.618614702708648,13.305359730307103,-27.762893653947962,29.488979132215263,5.944914500754379,5.429448012095861,-9.433207346423082,-16.722609932500816
2026-02-23,6.104511136561044,22.67732051598611,-9.392415914141615,-16.113568261843298,13.847199299572495,-29.686594967856216,29.72640114258904,6.123310694703491,5.899570067965584,-11.508164593757229,-17.677569119779392
2026-02-24,5.866609860121301,21.951020594183262,-9.926168309684655,-14.858402892861115,10.190542187512193,-27.812712462388355,29.78800736667401,6.6215918430890355,7.0041916041742525,-10.166449486782007,-18.658230304037886
2026-02-25,4.655933642958431,21.83705887548669,-9.460906800150397,-14.580629117905332,10.419224383385256,-27.044977495797085,28.87404840542814,7.217468881131836,6.290586055807054,-9.129409958469317,-19.078396871875306
2026-02-26,5.3888859813845045,22.33246482476882,-9.183653695761286,-14.980534364629762,10.598041980693964,-26.82557553859298,28.329430247747354,7.067427748443592,6.171283058292602,-9.701029061511413,-19.19674118083538
2026-02-27,4.858303403107513,20.366129125609774,-8.321715327994276,-12.798789778088263,11.57187917547229,-26.017738552867883,29.55456034348262,6.604065762672974,6.905455010485696,-12.153661929537932,-20.56848723234252
2026-03-02,5.480446077558369,19.63267305924998,-7.871579606772272,-12.49807127127265,12.05119304031686,-25.740577764280907,29.470098337130935,6.339016562907872,7.244093005782872,-12.006401619466814,-22.10088982115432
2026-03-03,6.300051550299187,19.401740743422863,-9.424293533687461,-10.784268408087115,17.324745407888372,-29.09270977520373,31.605810519474716,4.43377852217759,7.591839966639213,-9.572804810502895,-27.78389018242075
2026-03-04,5.10098339454494,18.70820110626009,-7.474743407768926,-11.53012322610062,15.727310210876198,-26.418324938459044,32.04832552248811,5.4611610921763685,7.4822428281757425,-9.753739131165439,-29.351293451027445
2026-03-05,5.07961326402382,17.893871578636606,-6.360556200815239,-11.393746908153958,15.767567485553826,-25.583754018248968,31.23796089680718,6.342295833108551,7.967480015139131,-10.970489149082717,-29.980242796968263
2026-03-06,6.059885855539562,18.676647605846483,-7.06804685833518,-10.998269937727699,15.42766862867667,-26.183264982317304,30.017837491511187,6.25992009596321,6.965897965309054,-9.790035779975796,-29.368240084490182
2026-03-09,2.1187087393334707,16.643706260354534,-6.269988248474547,-13.623822033076642,18.170150894664445,-24.798344824213977,31.685329009351463,7.782558929380315,12.652722651578742,-13.466386255846686,-30.894635123051067
2026-03-10,3.2546195584489936,15.255780702476628,-5.855648975792974,-11.719965348188481,15.948183071043147,-23.28672011295467,29.740630645879023,8.07552787362468,11.522631083111918,-14.80471108580042,-28.13032741184786
2026-03-11,3.5840517021749747,15.229276298447573,-6.281488485146923,-12.023804420154406,15.808491997315372,-23.190494522060966,29.909143312925806,8.005832599855822,11.604552476998848,-14.708790962667479,-27.93676999768862
2026-03-12,3.6816145703432994,15.98326786381223,-5.240882873691419,-11.131066782490308,14.783223365345464,-23.5160303159181,30.02486569625276,7.410182123479203,10.868882341307,-15.09884547389894,-27.765210514541174
2026-03-13,3.227812437995027,16.46509711543797,-6.145619727702652,-10.624225519354475,15.710489529475439,-23.717504777022306,29.302187983706048,7.029548086769736,10.317318016027912,-14.129434259593118,-27.435668885739567
2026-03-16,1.7679456012534445,16.449482111535048,-2.817596761127106,-10.19730075919069,15.773240947515475,-24.312626223343827,27.697677725448955,6.493275057819886,7.894610143403881,-12.94388757897189,-25.80482026434317
2026-03-17,1.9743463810155362,15.16470284965132,-2.410223144015319,-9.769111851337513,16.38828640093331,-23.749015948260812,28.02856542270922,5.352348151836182,7.6884590093032585,-13.10064951257668,-25.567707759258475
2026-03-18,2.406295651622486,14.684882448239321,-2.4905827266406675,-11.88593563024181,17.24449802258293,-22.76682939601261,28.964302636180236,4.824182534893836,7.938779094668618,-12.906993655052254,-26.012598980240035
2026-03-19,3.4606337402412635,14.982787979432004,0.005830351705256476,-14.92864851302106,17.09883459863582,-21.94832125550282,28.905047026485832,4.392727182898284,8.681026316866934,-13.5165386115196,-27.13337881622187
2026-03-20,2.8261223296366325,13.83515669461596,0.13102881753330564,-16.86620389905906,12.26632716347821,-22.78268495102673,31.014663371442907,6.807096360603168,10.23856588353523,-13.444272490669938,-24.02579928008965
2026-03-23,4.109002002624152,13.848646796199802,1.2220730118743148,-18.390933753009918,14.547767614495214,-22.359750090807317,29.287054620148467,6.781609065959813,10.507649194038166,-14.109671271234504,-25.443447190288182
2026-03-24,3.2642642928174155,12.080188242588193,1.032392679922225,-15.629049491064109,14.407038421159882,-23.036407362066477,31.149622792382615,5.605784798572998,10.99447796495474,-14.860167649067876,-25.008144690199636
2026-03-25,2.6734271973418657,12.972244901969347,0.10270175948352289,-15.310412780760359,12.49672432930646,-21.15245398851699,30.584130857373296,7.701242589515431,9.052208828602843,-14.241475391824906,-24.878338302490484
2026-03-26,4.192347452284267,13.64937234646088,1.3942046806750596,-16.101335628040168,13.171814481162201,-22.584595547606334,30.43260246915493,6.920534067657272,9.718744969302264,-13.982566213585464,-26.8111230774649
2026-03-27,6.0296219527837565,14.786939320124162,2.6651908054661675,-15.513556132200165,13.541171199107382,-23.18563426138587,31.648166950403066,6.756673959423253,5.603955096049745,-14.53145130808776,-27.801077581683742
2026-03-30,6.293443114440393,15.341241444125899,3.21506778191403,-15.649503970800318,14.287031320753371,-23.466612385036214,30.675899935082143,5.784643793869307,5.6263377145820925,-14.419729559667815,-27.687819189262875
2026-03-31,6.89555970652512,16.04786489718751,1.4011231553590022,-14.033124919188658,12.458725334350802,-26.548627701594768,34.54746017722229,9.166563186884957,4.073964214577188,-13.690584767068955,-30.31892328425443
2026-04-01,6.036401638426426,15.661124991864241,2.731449650842009,-21.262559241144935,12.160307891841597,-24.21651960928981,32.9279619192406,8.717492021613438,6.891138599369327,-12.231956096476978,-27.41484176628594
2026-04-02,4.9772986741568985,16.38468082612401,0.19736534385467053,-15.50082932158346,14.058180032558298,-25.980544989300462,34.797959549307436,9.87705109423537,3.5992636223131456,-12.762117995364761,-29.648306836301167
2026-04-06,5.161786758137509,15.662755207941288,1.0756388052583787,-15.456997101607762,11.39710694070736,-23.312939053384852,31.069619266397297,8.334496835876251,5.424205237143397,-14.512800238381764,-24.842872658087124
2026-04-07,3.5881785247346727,16.30419077935707,2.365494600869212,-15.66197625587641,11.05737896868321,-22.72021640272382,31.33270123928429,8.15883119253158,5.73625920085766,-13.802564085480185,-26.358277762237336
2026-04-08,2.192087407042621,17.68074186973351,5.658158015193592,-14.94712296930804,8.363526255976012,-21.59823458584014,29.943949910045205,9.23033815950663,6.45658800188761,-15.447582036914078,-27.532450027322867
2026-04-09,1.1289304423896738,18.60481552686484,7.404693028213771,-14.033814858759797,8.396821688284646,-21.725540737354557,30.537585109901542,7.520870958433591,4.8145980070789705,-15.615786435712593,-27.033172729340066
2026-04-10,3.1078171758139916,18.37430428492752,3.022883479438036,-15.462053498452015,8.39058020897437,-22.921327762521905,30.729643826395517,10.770198531547166,7.176237144125054,-15.083625181417545,-28.104658208830173
2026-04-13,3.1084623879514623,17.473795084303532,7.011092984460632,-14.34649718673667,9.96401287219635,-21.484832340880956,28.422603411550483,10.45743302823513,3.971473479421462,-17.180789596795286,-27.39675412370609
2026-04-14,2.328716021831923,17.031095949282076,6.8736791872681025,-13.888537512284067,9.173091009116789,-22.1508942694131,29.442452228807113,10.263591397593132,4.79421988230682,-16.81204582325799,-27.05536807125076
2026-04-15,2.104198173987612,16.622258240460468,7.039147828816496,-13.755322825701455,9.611128857332886,-22.40396476193368,28.89551113611789,11.116295565942337,5.242602388038549,-17.75317436522799,-26.718680237833112
2026-04-16,2.20675099105064,16.184809249843838,7.065117286772271,-13.986364328539672,9.907191864831503,-22.892091445260114,28.272123427579118,11.387447640069055,4.979387457515628,-16.922694018242254,-26.20167812562
2026-04-17,1.591517127675516,16.853045813192622,7.999109633830216,-12.942055164375944,9.86338412769679,-22.721735653708052,29.471667329823035,7.394124847322729,5.321620388788531,-16.704206562223277,-26.126471888022152
2026-04-20,4.712698741250904,15.075427748539028,5.236904597784104,-15.64678242128906,11.032892799996077,-21.666783558406372,29.339175582910258,12.437149724028657,3.3593350432908835,-16.35939416742302,-27.520624090681498
2026-04-21,1.3740033987082683,16.57400851685516,2.802160545976143,-15.039155878977894,10.78756280633516,-20.113327742316216,28.85943245033738,8.482887061661131,5.9480609672292815,-15.289146730366994,-24.386485395441404
2026-04-22,0.9773552998388197,17.22870360023552,5.081532751211917,-13.887110176300268,11.07006990459719,-19.775300744247794,26.57053057299889,9.5548902666051,6.481802142823938,-17.035290972627237,-26.26718264513613
2026-04-23,-0.9972867065156095,16.662375030282888,2.8810664310685112,-19.251227971402322,11.09249634053242,-20.680462966377824,31.565809967432585,12.23390215449443,4.400305095130975,-15.765694178426699,-22.141283196219348
2026-04-24,-4.1736637459279535,17.344039499186565,2.0128787013148255,-16.006518518431292,11.19365606389293,-20.792028449296716,30.641678817704644,10.909113099562546,5.738990275761196,-13.686170778473368,-23.181974965293364
2026-04-27,-4.848787531806828,17.420692532099963,1.5736796693988495,-15.84291576117267,12.069054509386262,-20.909419459514282,30.790559459098716,10.764646065955745,5.8672933557166544,-13.442258257883722,-23.44254458127866
2026-04-28,-4.827266577667146,15.633487085380935,2.023510523745756,-15.871972395471417,12.60264397156061,-20.442894382331765,31.108842473608647,11.210619598321841,5.341877056373733,-13.188817945224983,-23.590029408296203
2026-04-29,-3.4084818259572387,18.343808866169084,1.7143095392918184,-15.14796772848976,12.869707405244014,-20.238150808895362,28.803485977603003,11.293889489340003,4.026831435951095,-14.619941096963139,-23.63749125329352
2026-04-30,-5.847615783843594,15.149131966396993,0.0481790322489104,-11.80141571840715,13.173241373154099,-20.736604547085264,31.84492361256386,5.340506687203842,3.6722562245871586,-10.864867916747052,-19.97773493007181
2026-05-01,-5.252197315475193,15.36588252815558,-0.9182525873212768,-13.291379532393663,12.72659920606904,-19.839891669988205,31.506380749856973,6.726913671911234,4.675092186020606,-10.593663258093322,-21.10548397874178
2026-05-04,-4.979257184843213,15.11091477665768,-1.1680861384464691,-13.555286262056335,12.921965139267286,-20.520067123673975,31.64784295369722,7.0345949255601425,5.101099729917536,-10.336527956326172,-21.257192859753715
2026-05-05,-3.693448540345173,15.035839045168103,-2.8786716744879612,-13.706121435458357,13.204098071862845,-18.64799004623997,31.577068360056998,7.281072928595108,2.90242017271855,-10.104394249551738,-20.969872632318435
2026-05-06,-3.3488253685580958,15.481036341525368,-3.81007781573787,-13.440783256188531,13.109408508137307,-18.664568412832836,31.117877812092246,7.621389338752479,2.2751386141941623,-9.78696427403196,-20.55363148735227
2026-05-07,-3.443273468931757,16.07493973593982,-4.845211755366201,-12.943703842949375,11.581024307071573,-20.007552077993267,32.87713997210261,9.095517588652442,1.633343846542374,-10.074060329112093,-19.948163975956128
2026-05-08,-1.9824037922503095,17.19279826018635,-4.202785016823142,-11.754471012588837,12.473624726139533,-20.18118059909063,31.149951404752585,6.1198647986514345,1.1319256916189886,-8.837449529928655,-21.109874930667253
2026-05-11,-2.071142429200364,17.182056402501686,-4.404334739850249,-11.628675331975415,11.967179171817463,-19.543805836219,31.522247539174458,6.476221117954665,0.7563908033985172,-9.290759642524804,-20.965377055076885
2026-05-12,-3.867653372114191,16.00813102415698,0.28286243798355315,-14.082177780263926,11.64817748108834,-16.421413628134502,33.002718957427575,6.800787930246543,0.0797733253330648,-11.664662063888727,-21.78654431183473
2026-05-13,-3.3830412681786015,16.177565191121474,-3.226690290335256,-10.349521618521933,11.902940731749894,-19.16534635643363,32.89856705855006,4.049778265693178,1.1431440729399327,-9.83217816024851,-20.21521762633659
2026-05-14,-4.606684603878101,16.135613217188947,-3.679851814412224,-8.26914731315825,15.17507672144049,-19.89127640958648,32.40498127070839,0.4839359183328469,1.4384956218930824,-10.47912081209364,-18.712021796435096
2026-05-15,-4.664389155889523,13.544330622857302,-5.810013774093164,-9.079761615428552,10.950776526389618,-18.065719826079558,31.503538605960784,4.286245192530714,3.7692374310781815,-8.101884900002467,-18.332359107323384
2026-05-18,-4.785784733276728,12.093554572032744,-5.149779087920464,-8.42547362010653,9.614299691180051,-18.199777140603814,29.334381199348854,6.943798016240166,4.258532154480875,-8.348700448163207,-17.33505060321191
2026-05-19,-4.5297051962377495,9.794421372703937,-4.810788181000547,-7.594413880897697,10.330728395562545,-18.797780669940252,28.749829453311648,8.479106821080407,4.278001612651238,-8.586841703894756,-17.312558023338745
2026-05-20,-4.413820261052528,8.718202276838838,-4.238400530432926,-8.43852605115277,10.36389723337652,-18.282831996426545,28.6463690073587,8.630094298084487,4.567790556220217,-8.351577817514176,-17.201196715299822
2026-05-21,-4.486612343541545,9.719314198584357,-3.865437716887854,-7.478460384064178,10.203275662971762,-18.87943871202291,28.59230762258413,8.261419533953443,4.612895634886371,-8.480205598328453,-18.199057898135095
2026-05-22,-6.926853824397746,10.471682408803034,-4.411044001957357,-9.34120569446489,12.961666882367808,-18.214395962598758,27.285269934664555,9.466372780885976,4.0494440583390485,-8.577854313859625,-16.763082267782032
2026-05-26,-6.438837368821623,10.608905220324118,-3.9582204259432814,-8.655340803514392,11.905524541977286,-17.8168062045724,28.10886841478556,10.113072667890634,3.5810416057567807,-9.112967829687207,-18.335239818195475
2026-05-27,-6.654630486609406,10.912661096120985,-4.089474862976921,-8.961733014563578,12.100084815625536,-17.642876308955437,27.814072484558707,10.355497959923866,2.864624397459295,-8.700179573517246,-17.998046507065773
2026-05-28,-6.844345067306264,11.419436370165158,-5.205819295677394,-8.742967021356328,12.16305207161021,-17.68144725296571,27.955398851849736,10.082261391474162,2.8534002916458405,-8.41076644899146,-17.588203890447986
2026-05-29,-6.670427054439642,11.673382773573039,-5.516635264886048,-8.6190334972854,12.64112393627694,-17.82015799939255,27.516434679776268,9.90941044083766,2.595110908579912,-8.223953338330801,-17.485255584709392
2026-06-01,-7.238114336269177,11.75683497687514,-4.167915022916837,-9.011831831763168,10.86965255045412,-17.490080478959108,27.16828483410481,9.968968886371684,2.551507434195102,-7.573488513590327,-16.833818498502232
2026-06-02,-7.09592054838928,11.72403524026447,-3.7580842516553403,-8.74133086972725,11.569527993500031,-17.307859500820136,27.414733273788045,9.503531115904934,1.5707922300601496,-7.4428900958954145,-17.436534587030224
2026-06-03,-6.509732263024148,10.741715429863575,-4.349830642042264,-7.760688491330413,11.145857469483076,-17.24680896559206,26.452790115456665,8.964612901744474,2.765202194054325,-7.974450286061497,-16.22866746255177
2026-06-04,-5.833505388117814,7.64850824773697,-3.981574603706619,-8.361505762768488,11.455977138934301,-16.956032207910447,25.996740566467878,10.036594437569121,2.7941408434803634,-7.323225830959878,-15.476117440725425
2026-06-05,-5.101592501257791,6.4092313444022295,-1.4839135544173558,-9.521296937566675,8.11193178835319,-17.024485870378832,25.615155004174596,11.22357864578403,3.2847615837085726,-6.458912504267005,-15.054456998534981
2026-06-08,-5.102465091525886,6.790221114735985,-2.0287718056746513,-7.472915910735082,11.770342299207698,-16.581712618971302,26.62289898175257,9.042351384428073,1.9165855559934784,-9.381669310177486,-15.574864599033404
2026-06-09,-4.1200401732827885,8.358213666267929,-7.142349865233314,-8.3860427341032,5.603060476223149,-19.064677846807598,27.54500033258732,13.638601538957474,4.12066055640004,-4.232107581110192,-16.3203183698988
2026-06-10,-3.4741869903169444,7.970894867594666,-6.396494729754082,-6.743374963653174,6.975236633145769,-18.39192028649107,22.480763330395888,11.33828275121411,2.6958894403673668,-3.7598769506192156,-12.695213101883326
2026-06-11,-3.387064236941555,8.69629383880256,-7.6640475038980185,-6.7397319867082,5.074962991400014,-18.559482689496036,25.258564199619514,13.150771426407289,4.143880191658667,-6.242853720825131,-13.73129251001913
2026-06-12,-5.746696746463002,7.24460485094157,-5.648500488812083,-8.658640229286227,5.939335671220022,-17.072214280769572,24.5828100858202,11.251175527765938,3.7282036649168475,-4.776701616399997,-10.843376438933689
2026-06-15,-6.192539743406506,7.212655910691396,-4.730316617373759,-9.136105405242674,5.950398083678309,-17.088188548072978,25.02872612227796,11.118100390004997,3.507953197463081,-5.31206953762338,-10.358613852396445
2026-06-16,-5.607367358455399,6.967200427122123,-4.394199045569593,-10.850964368057674,5.9016324819655495,-16.16495179559996,24.55472130589915,10.737918015903915,2.6769028660379917,-4.642523054537769,-9.178369474708312
2026-06-17,-4.843414994838298,5.514142173795577,-1.7479855503487727,-17.14420957921032,6.212863513163711,-14.310027412478263,21.82238100504155,12.809785568040851,1.8002672546316347,-3.000625984189355,-7.113175993608316
2026-06-18,-5.261588501633042,6.047906460509921,-0.7669319597753059,-16.459243788184587,3.9042538717657465,-15.439592648309194,22.627512108443852,13.835855412313215,2.3969439028301025,-3.0246449909105877,-7.860469867050149
2026-06-22,-6.712734024574509,5.940119256749,-0.3105079158827522,-16.226571564586607,3.498048627111565,-15.16500714470996,22.54289883009038,14.386649826043026,3.087797811215566,-3.1888020830279515,-7.8518916184277145
2026-06-23,-6.373353959670887,5.72847414753879,-0.17343388402175464,-16.547739104935204,3.413532783389755,-15.58707266546159,22.224159380140748,14.67253234512463,3.2429774253393475,-2.838429777443224,-7.761646690000617
2026-06-24,-5.950672313048386,4.985562128442766,-0.2717179793672173,-16.8606792800199,3.015543175085668,-15.79618124810569,22.41924072813761,14.930571196180288,3.431118931936922,-2.460865755757652,-7.441919583484378
2026-06-25,-5.768880507089641,5.562498398031977,-0.9849340633929557,-19.180179416619097,2.45688628273075,-13.45041097359573,25.09310413886388,19.18150034264722,1.04737697365357,-3.53097435218352,-10.42598682304645
2026-06-26,-7.391498253984622,4.884913288591946,1.1332543997980977,-14.906474273965792,0.47156262707247265,-21.310505360218322,25.37807892835221,16.882791566539126,4.087300781926601,-2.4814745732473753,-6.74794913086437
2026-06-29,-8.557413493325562,5.293330853122271,1.971942809081277,-13.61076209848671,-1.1135845220687202,-22.42924830980521,25.901992485172457,16.387226299297716,4.141477122324503,-1.9056425474531622,-6.079318597858844
2026-06-30,-8.942765735621663,5.827744292453019,2.7470817666756204,-13.971791345258502,-3.728346879422162,-22.661156193225423,26.035567285906055,18.958592376818075,3.703767595958908,-1.1807422830162082,-6.78795088126774
2026-07-01,-10.31153661254929,6.042681883837147,3.851111205635746,-13.366604235780663,-6.284585264321606,-21.718409661791426,26.18482603631314,19.448451610174722,3.6640856215902033,-0.4691784669424166,-7.040842116165557
2026-07-02,-8.451690622453754,8.166589224477036,1.4091514799255194,-16.35093874231721,-4.32884520851448,-21.538119013797377,27.940640636106835,19.166945026038007,4.376050998522871,-5.101862105735094,-5.287921672252402
2026-07-06,-7.591908622234456,8.278799496879302,-0.8411804689016193,-14.45729187533508,-3.175294102658434,-22.65257707156703,27.177310704471665,17.881817935215594,5.499095930184481,-4.289491002125665,-5.8292809239287635
2026-07-07,-7.988420627234653,8.178894539748825,0.8932511361836788,-14.988645048201803,-4.174131544057985,-22.71191547280117,26.278045311486935,18.31791263733161,5.394028668316437,-4.039964050521455,-5.159055550250386
2026-07-08,-8.141955136146947,8.284690882601453,1.1184149278224425,-14.926787223984817,-3.9972121065344624,-22.220645953171765,26.326313900378878,18.085363591686644,4.776841037237787,-4.520845582283442,-4.7841783376057805
2026-07-09,-11.504373517880722,6.772180288536248,1.96225415488977,-14.125980652390474,-3.844494895234277,-21.768452749204545,27.03766790368236,18.56117572852179,5.157602699331264,-3.985140324474962,-4.262438635776469
2026-07-10,-11.662654830561067,6.596024499984395,2.1201767069617503,-13.985765541305568,-3.730597222599684,-21.63731633272461,27.06390020264898,18.6739740472332,5.116493677434406,-3.8214022728176715,-4.732832934254141
2026-07-13,-11.573519306087256,6.691839206137956,2.088650202227001,-13.868690196881623,-3.8082308562993887,-21.4058118759679,27.23316681925735,18.759871903862027,4.620563169737764,-3.788679763753926,-4.949159302232005
2026-07-14,-12.166790428231373,4.061096219633285,3.611575855147038,-13.712910990175281,-3.4659547304974225,-20.838975796413806,27.855227581237756,18.8697966572566,6.049360945559627,-4.94431979457304,-5.3181055189433195
2026-07-15,-12.019832724325703,-0.09392780596853356,4.554020534276965,-13.328090038453361,-3.542322217403594,-20.640521777108816,28.792102511924583,19.637269194232246,6.143052309342238,-5.115968233675787,-4.385781752840231
2026-07-16,-12.849323314587899,2.40646000965522,1.4781092661269142,-12.576454989265443,-1.8191561009019424,-20.829217468445215,29.18877062283707,18.270721164188878,7.37618077706756,-6.570445285698334,-4.075644680976836
2026-07-17,-14.657804146133842,-2.924644972523865,8.766500735054422,-16.625157792325396,-4.436290959899196,-17.23257882655262,28.788273780153332,18.925691899456957,6.923797686420954,-4.588164236188227,-2.939623167462507
2026-07-20,-10.416953503788669,0.36556248038871786,5.796319843387778,-13.873292203220629,-1.700177788234818,-19.029377182522595,25.6609302910842,17.95471457450835,6.366508622803721,-3.1776318765606746,-7.946603257845403
2026-07-21,-8.928488627212595,1.2214400905837408,7.01400804339896,-12.917214928898055,-0.02013924173702719,-21.57479393920768,23.66580664508328,17.229836421441064,4.928007625526703,-1.2571271176470304,-9.361334971331353
2026-07-22,-9.261905824671715,1.4478001826052491,7.290187426902392,-13.504996352532004,-1.5409384624576674,-20.905921944440685,23.40123747467888,17.637698859964196,5.235601570330161,-1.2041475209165284,-8.594615409462278
2026-07-23,-8.11342366617238,1.6723279212524034,7.584278272641008,-13.757219386795654,-3.5790736853830154,-20.40658862864207,22.606010348149255,18.09371179398824,5.802916497687164,-2.080353909776541,-7.822585556948425
2026-07-24,-7.569333899127585,1.408438710228566,7.820151609084945,-13.695642952420357,-4.19762381964339,-20.595535100286522,22.02143377916613,18.486675561681018,6.3214357679181745,-2.152532682429161,-7.847466974171809
2026-07-27,-7.9799600932345385,0.7907922324126275,8.400708484825188,-13.42999427594959,-4.228189044548003,-20.023621677911112,22.1525510966745,18.485503901701726,5.914992656343074,-2.7384612161814132,-7.344322064132399
2026-07-28,-7.408043159384874,0.320384067441708,9.396509818271525,-13.014216280169826,-4.06022408139944,-19.575956020108563,18.83116821972996,19.524063365578023,6.2230325464991125,-3.439842963951378,-6.7968755125062685
2026-07-29,-7.628972054845953,-0.36527465970392825,11.57523529496332,-13.509034670974735,-4.319218633840997,-19.611080448935574,17.174815577333845,21.003876123414024,6.825945255746063,-5.434696900807381,-5.711594882348706
2026-07-30,-7.1785048221853245,-0.23925022845764943,11.64996397013207,-12.994452621373874,-4.254728431753435,-18.96936341544383,16.96226300625672,21.2857745513708,6.997204841958535,-6.931478601923779,-6.327428248580205
2026-07-31,-7.319943928513737,-0.02759324554591558,12.197701910774477,-13.164725872864452,-4.348454273062721,-19.05753834723508,17.136110005269984,20.753459237023236,6.815453580400288,-7.008472634612019,-5.975996431634094
2026-08-03,-6.187058429688108,-1.4310308223639794,13.10918054834056,-12.500921548030021,-7.115209532142742,-18.247928476100366,18.12755952921762,23.497873427819883,5.49202223417592,-7.779113871987974,-6.965373059240804
2026-08-04,-6.19004094963325,-2.5075991099593935,13.612832412864748,-12.566438353469024,-7.11062266082692,-18.443584490470037,18.353722574444888,23.927093644605954,5.576003125296893,-7.685135682265084,-6.966230510588872
2026-08-05,-7.817009806412372,-1.7096470070380008,13.909868283811605,-13.21739283601017,-6.5585639213055344,-18.13406487841584,18.74652269913716,24.14746452241124,5.58562554782344,-7.591294765837503,-7.3615078381640515
2026-08-06,-8.216329062998888,-4.740076906687044,14.927204004356952,-12.10133150596706,-6.913589073323777,-16.619873613639587,17.99440510732498,23.836350455960456,4.0688693471223445,-6.889037095398251,-5.346591656750114
2026-08-07,-6.554945066304121,-3.243426851455496,14.352094573539652,-11.472038116677602,-5.422289447846666,-19.31432221413344,19.434709859758442,24.36956675388982,4.380063518890665,-7.459767313816037,-9.069645695845196
2026-08-10,-6.289847450867235,-3.225108868653635,14.647354477649785,-13.865161144238684,-4.424786589118995,-20.080151860505826,19.702254097090375,24.843829517773436,4.813419587316645,-6.997039644075194,-9.12476212237064
2026-08-11,-6.202178582431628,-2.4153087039901493,16.3467121567897,-16.884929265937927,-3.476094748504792,-21.344908972749042,19.849475694818835,25.275108078030087,4.786919243975703,-7.167364667048773,-8.767430232952037
2026-08-12,-6.806753365569897,-2.833152526289851,16.169775007345493,-16.755585821813725,-2.513079956507376,-21.185209861462486,20.131105091654405,24.91199198533124,3.80274752676371,-6.3537902176872905,-8.568047861764164
2026-08-13,-6.799861788738845,-2.9803212750075545,16.04430507157076,-16.711028720642844,-2.3465574360791166,-21.114176461300747,20.22976897070201,25.270407881558796,3.671766028446598,-6.114682299522286,-9.14961997098677
2026-08-14,-12.231153699572666,-3.971991436780712,20.177225377302165,-19.01019031299422,-0.4437897633553547,-21.980431401670845,20.092604410713292,24.137870007473907,4.947699726922494,-6.2477140167762,-5.470128891261844
2026-08-17,-10.02545646136955,-1.9730874933871618,20.08900254932648,-18.130091998014926,-0.7800634443916223,-21.703109826444734,18.197729750028287,23.57914607820586,2.528085469256041,-6.505752997720663,-5.27640162548802
2026-08-18,-10.790682763621973,-2.258485045120409,19.974341427631444,-19.26370146806697,-2.0560516992117073,-21.485500287889625,19.252165157846434,24.286267955277204,3.2222755972174895,-6.301157442912036,-4.579471431149834
2026-08-19,-10.1192363195686,-1.172301131739701,21.080252469382145,-22.277856245127566,-2.9110507378958346,-19.171147976757414,18.603903915682565,24.247363058673614,2.544656776137927,-7.204655568789285,-3.619928239997847
2026-08-20,-9.993221023127376,-0.42460489408883006,19.96589955764653,-21.511080351116995,-3.4212646382149288,-21.266405171035935,18.770311686081683,24.647888554182423,1.36464772297019,-5.272024432892238,-2.860147010404546
2026-08-21,-9.810722060160657,-0.32103456985920076,19.95025559505207,-21.353319058992714,-3.3830391271043823,-19.898815699394458,17.876055790204433,24.01723928817318,2.314401853323261,-6.129032674159738,-3.261989337081772
2026-08-24,-9.34615524814285,-1.951999700625258,20.94576060232236,-20.777937433365317,-2.787751033540758,-21.025863400664186,18.982700074833602,24.421392485033564,1.9483206413423915,-5.641347803863702,-4.767119183329875
2026-08-25,-9.112663522429855,2.620083697852742,20.54956757740799,-21.37025757705393,-3.7401520308257616,-20.185287852735016,15.92287538485921,24.239640970414357,-0.9033440722461279,-3.4276183365484627,-4.5928442386951716
2026-08-26,-9.635788277050608,3.2615110791136104,20.45528267218259,-21.7994683186465,-3.349468438902548,-20.043904150837605,14.626201750473996,24.126238808622112,-1.1398330598573523,-2.5219269082506486,-3.9788451568470222
2026-08-27,-10.091875376001369,3.1290222516134207,22.15783432838827,-22.238858321261095,-2.884037463274751,-19.752196980317557,14.104261302372237,24.19141251830517,-2.1960315040464593,-2.47537334431226,-3.9441574114655893
2026-08-28,-10.173566053172827,4.540565199682334,21.425115412695206,-22.670638811047066,-1.9708317510899533,-19.714529723807676,13.061468093102064,24.39498842517378,-2.556265033288028,-1.9977767241908566,-4.338529034056961
2026-08-31,-12.670109071450014,5.206049615178934,27.13306059695354,-23.034115071005022,-0.4092874153805397,-18.0265927955154,12.10394968767774,25.227937573324382,-5.659334710408167,-3.0601930943419546,-6.811365315033527
