Date,Communication Services,Consumer Discretionary,Consumer Staples,Energy,Financials,Health Care,Industrials,Information Technology,Materials,Real Estate,Utilities
2018-10-02,-0.033996089125375065,-1.4399114225948881,0.5595462994689303,0.19200139992877185,0.03705615312525151,-0.10753394921174424,0.21329224350510606,-0.056368250579900706,0.5796692818255375,-0.2721719426994326,1.1995353513182665
2018-10-03,0.2798144381331726,-0.46537697247342596,-1.0833228498056213,0.6302210823167663,0.7744247334803127,-0.26400261699382305,0.4223522656052024,0.33184314301651097,-0.727063662259936,-1.023798325572002,-1.2767452498817373
2018-10-04,-1.5443357861289546,-1.6603494315048548,-0.252036880942266,-0.44482176539453966,0.7362329168862484,-0.8887570469193913,-0.3255954942523764,-1.825341799890596,-0.45059263090659796,-0.6534366689853731,0.5780008303696611
2018-10-05,-1.0603155068148924,-0.8133135690237964,-0.19806784246637682,-0.14728664766843208,-0.40107459233363585,0.02152572374313767,-0.4575462145956435,-1.292888122314026,-0.6235163596853794,-0.012018902399365448,1.5507216858288935
2018-10-08,-0.05860042515358244,-0.08004411268389504,1.3352258402380301,0.03375098076057396,0.6154666030695629,-0.13545014552297993,0.16410219789760544,-1.209340485294183,0.0832653003306283,1.2963535808304123,0.7918225239691012
2018-10-09,-0.17457573474516214,-0.2134645116221066,0.018788696322931356,0.8706752905699303,-0.3032841587433938,0.24906311173124487,-1.448836598449474,0.3660287957374708,-3.137910286336118,0.31887248091690723,0.3771086980353187
2018-10-10,-4.026339867456398,-4.017316849976525,-1.4259565945972523,-3.490790205233395,-3.131266643114322,-2.3962606950944414,-3.6358860760540703,-4.911255097472791,-2.4904780201657277,-1.6195981356044185,-0.4883908182396224
2018-10-11,-0.8549506126004954,-1.737610935103159,-2.3330928662996873,-3.211608501101551,-2.9858045808119495,-2.764223879244444,-2.329332606407216,-1.2502469099544467,-1.4422587994795313,-2.8944769910689354,-2.000111926857165
2018-10-12,1.9713411297300212,2.1994309376450363,0.44680981395680686,0.1942214572790996,0.12427310308712737,1.4282540490358693,0.5724417114738644,3.1696075771275902,0.23154370331954013,-0.05930045966633142,0.02718184802818418
2018-10-15,-0.4803730030746579,-0.5621537048180597,0.4088398406045056,-1.0089306914514293,-0.4830929000413593,-0.7647346415119852,0.18221071225144814,-1.7191141229843374,-0.20742388517029783,0.5259015532353546,0.3347766899422471
2018-10-16,2.3503015050571547,2.2862902981872364,1.140262092103385,0.8702552600965905,1.5903379773791233,2.8484560018299607,1.6337385886932865,3.010920494864362,1.7186595509491474,1.8670062593020724,1.110953535145099
2018-10-17,0.5108763452864123,-0.6154252552904347,0.47060143209096444,-0.5675425481374787,0.8966666060562032,0.46604589534805135,-0.6099978674701598,-0.4979844425125732,-0.7427241254236775,-0.27090708919078893,-0.1802406708735384
2018-10-18,-1.8518656662009194,-2.193611231936303,-0.31976484768794217,-0.3804995274955572,-1.5399022092079881,-1.1903607025993252,-1.809145247450561,-2.0839024177833836,-0.7249049905259526,-0.0038283579051383355,0.13916352071433097
2018-10-19,0.24092493153232772,-0.9167629305667766,2.147009861857186,-0.8555211572490429,0.3458487327846133,-0.9672926466401551,-0.36794059809494123,0.041464605841164584,-0.36340860614733805,0.972969985441531,1.5750620590371007
2018-10-22,0.04088365555673121,0.5090965646524471,-0.7663692058201783,-1.0023377162912182,-2.102297658117942,-0.862900483879436,-0.3610450144210266,0.8206741705077392,0.08757226273134812,-1.3899468561118253,-0.5459817263552328
2018-10-23,0.5253532492529731,-0.19676581774131444,0.4576162550079017,-2.6652890323622347,-0.8479134147156787,-0.5826406492757786,-1.614010344384935,-0.39923210081841304,-0.93826032235269,0.6638867287774458,-0.5256590891985686
2018-10-24,-5.265324157618624,-3.5902516600557695,0.4703901209488433,-3.6651422411482115,-2.6941785459420298,-3.212289825550429,-3.5132486381574686,-4.5667592737658325,-2.93260150708257,1.1030997228307908,2.372983277501579
2018-10-25,2.6329845713682842,3.510331317476934,0.2878353172518619,1.2202744586207046,1.6125612042454056,1.2021613113029157,0.8301187395408464,3.2494069535373966,1.5575725012050046,1.2598804093817044,-1.5866561674009683
2018-10-26,-2.4861034934615884,-3.9145546088974754,-1.6765669486590618,-0.6753999439445065,-1.28550368754306,-1.0259793622005804,-1.1546852777913768,-1.854772529005403,-0.33468816209544466,-2.6298487072662446,-1.6963353334132938
2018-10-29,-1.7489050193215547,-1.8714700362737404,1.034729302928818,-1.6591851266272293,0.8838200365550962,0.2774160674019343,-1.595518440535947,-2.1233437190510482,-0.3419980378072741,1.5381244384928516,1.35150358986327
2018-10-30,2.410690763170017,1.0924693440259403,1.9550168900495337,2.24044816634449,1.5589820880763927,1.2319212600409044,1.9127862703494203,1.1145829241283138,2.1760665751062103,1.6613237725081527,0.2105028314207722
2018-10-31,2.3031438842776897,1.8009591979810062,-0.960601227059083,0.5765155649854029,1.394713437312308,0.14388306685091332,0.9165144728138741,2.352118759874999,1.0978469025102493,-1.3847270677849424,-1.182933602830682
2018-11-01,0.023000606936485396,2.3282150942704933,0.5695005887141524,0.5695569875152082,0.4424510787349485,1.1609481339925765,1.5086100117675698,1.2325798367170107,1.535886950461986,0.4046349709940463,-0.5845900233726941
2018-11-02,-0.9298145580081763,0.277670310799105,-0.26022660475730774,0.14088309582551978,0.006087594085481373,-0.7392568450866775,-0.2850522690092141,-2.0131382163716567,-0.07816075015968754,-0.9349076092724029,-0.5610752023969573
2018-11-05,-0.24154655983626025,-0.3325209263723667,1.2611619173520106,1.4919879756428251,1.4991246137035705,0.8705410670182062,0.5229757588123914,-0.2370445389711442,0.5032622007821907,1.6550411399346772,1.3517539989442815
2018-11-06,0.5902776787238424,0.523274570386083,0.5527724635374215,0.43002717760038844,0.4999556663982689,0.4745435224616767,1.074817090811688,0.5858584870846022,1.6789423472950245,0.47328664912067564,0.7964034530021141
2018-11-07,2.0427159460737205,3.2373260857076085,0.49687652789751346,1.2611449529376093,1.2990191838597582,2.9321515059058445,1.73698573104344,2.8856879282266843,1.5828935660656114,1.1424960379616533,1.091792634966104
2018-11-08,-1.0629786342441554,0.024685590964223233,-0.02613528209584345,-2.177293842356413,0.32250252094029463,0.003803925909111598,-0.24575752779766757,-0.21849056120524785,-0.5038435382894122,0.10588032191630095,-0.189009817077523
2018-11-09,-1.1992475546587653,-1.5612827608144235,0.5535601389251369,-0.5521303193575712,-0.9820713057473245,-0.19143128445528085,-1.0315692507105965,-1.6794701647382109,-1.3854053963810093,0.1486570473386289,0.6472662195626211
2018-11-12,-1.5636712635890684,-2.4825617203870154,-0.706423556890303,-2.016970730809948,-2.0137575007118023,-1.2704385081779876,-1.9552527075700084,-3.6845640756576303,-1.4255529850159105,0.18809165275444525,0.4415084374322367
2018-11-13,-0.16877879044615404,-0.02165950325950081,-0.4000424491312177,-2.4241681950855787,0.6234567727877997,-0.6950385981617582,0.4545282258811745,0.08205241216396447,-0.33576073602805934,0.11926945197165821,0.3620214098761674
2018-11-14,0.5094193422500553,-0.9851579668274763,-0.6889350363370594,-0.17910162325642967,-1.3835455887176207,-0.797778457538538,-0.4091978380366193,-1.320662060482951,-0.5856520727841643,0.08309252062580574,-0.6505941449436358
2018-11-15,0.47866028093863555,0.09033369002666994,-0.4644222593349001,1.3107706711672324,1.382706638645645,0.8891401771907367,1.2324230656865274,2.43038081436566,1.4808637381947551,-0.9380486690957618,-0.26189516557795395
2018-11-16,-0.34022083921839386,-0.5530000633102866,0.09199487654564359,1.1011198398241142,0.13015581015858152,1.0630713548013724,-0.050674578737690046,-0.1792701763353779,0.9906129876981169,1.3723708029553192,0.7959291167541493
2018-11-19,-2.83816897839402,-2.9116820974077506,-0.2773824889248023,-0.07492866621643315,-0.06297692987901396,-1.252933508973766,-1.5516156212692067,-3.958446103732372,-1.1899493803229606,0.3318153130901373,0.5967585408991127
2018-11-20,-1.2987401193656207,-2.080229307888582,-1.7385480203059096,-3.1386673173600084,-2.1167041936263864,-0.9267637680303031,-2.1342811230180447,-2.20711917085591,-1.7504687606254186,-1.3935359517730201,-0.5604047672191934
2018-11-21,0.9714216644312342,0.9573902058929524,-0.7650003182831298,1.4838110793324901,0.01766406392310788,-0.6531693137404052,0.6407914962990544,0.6071967141891839,0.7805699581814135,-0.14183634118115332,-1.5756088702333348
2018-11-23,-1.1940418978047094,-0.4657365525513464,0.3528356869786794,-3.1583925763836356,-0.9541081336461632,0.09914427449737931,-0.27952478898695976,-0.9373928138376313,-1.197292678928362,-0.33955373011776213,0.15333757813563473
2018-11-26,1.9697244078730485,2.6245246502938087,0.028782522362249496,1.713669500087173,2.0366316065574277,0.8553988174400919,0.8776998960789175,2.2105109971280137,0.8916667235296721,0.19501912126309273,0.3972558751942953
2018-11-27,0.5381775541933448,0.17282448514234935,0.7536333758439091,-0.21660613694197547,0.0868820555224075,1.0026808545500516,-0.21024060741453224,0.2249677842169764,-1.4225906066478933,0.5467537946601377,0.7506037712304343
2018-11-28,2.215397269470785,3.3679593652489985,1.024695903055109,1.795412259463662,1.8252777365341954,2.47586196528715,2.369599871886685,3.407483659514847,1.912978662273938,0.9101379770422676,-0.13576762373039195
2018-11-29,0.40301612693891437,-0.42069346717347617,0.005721258001237029,0.4894566258503871,-0.7889240756314424,0.34596446114995905,-0.11828055710655759,-0.9664323333704278,0.7653205171862564,0.12110609410325805,-0.11305378991129159
2018-11-30,0.7867610145828726,0.6835835190187922,0.7971127110743178,-0.1830730352522514,0.6145553445820447,1.1125043192059505,1.0384200776624115,1.0749734514877567,0.2303451509233997,0.9696625306642562,1.5850571097413189
2018-12-03,0.06299171121667937,2.2964380272929077,0.08372270264334195,2.102641267771827,0.5217300373804235,0.35833016425356984,1.0975183920380307,2.1877314024722136,1.5820502947340538,0.38579278199910655,0.8361804149032414
2018-12-04,-3.3486583518960025,-4.126695076912303,-1.7835304357839716,-2.8727005203837934,-4.500628278681643,-2.3113205493608118,-4.384045190697296,-4.027642309151338,-2.7455110216584946,-1.2623046866219083,0.17378985483598056
2018-12-06,0.9850081035413519,0.6816734934802867,-0.22608757419794068,-1.6239604956408682,-1.3975077237602906,-0.2954557211576512,-0.6128894070530987,0.21894218252667444,-1.5102683581953253,2.612255788909908,-0.05899446969092082
2018-12-07,-2.260563845697647,-3.217383356795773,-1.3270586037550731,-0.7386572314052433,-1.8441690127355366,-2.5129327921340106,-2.7146141662960317,-3.632475086500709,-2.2502463177667136,-1.450860411077484,0.4397446664483287
2018-12-10,0.8388233093347605,0.14116813285397878,0.08769764797646733,-1.5334278200960378,-1.4085391869062358,0.368358407226893,0.19312117929897596,1.4436131636000376,0.4290268331164037,-0.43715500978691435,0.29538908882967685
2018-12-11,0.07335411964737695,0.0522917598154752,0.7765367841809981,0.01228663296520775,-1.000983485948982,0.28277908005804026,-0.5839716077649547,0.04970708061747773,-0.18483868992356944,0.09586053884300413,0.29610259445888687
2018-12-12,0.8273691389009499,1.0567354689771271,-0.24215780285997401,0.26295716319891776,0.3560990986750956,0.787717849911027,0.49143171373141914,0.794855640307807,0.6402417136073996,-1.9352974488959085,-0.645885495093494
2018-12-13,-0.08728909317780043,-0.4112382861542624,0.5893938417503286,0.5057131658176538,-0.5459766620295757,0.14140726755534855,-0.3110735272077033,0.2316506358478586,-1.1426306142109777,0.5557860612983891,0.8929380152153844
2018-12-14,-1.1226499804878334,-2.08536826163226,-1.8041436332104686,-2.306074957672267,-1.0637357770128624,-3.603179232796,-1.4743328019517998,-2.5489757096752297,-0.6500028694587108,-0.22719324726948728,-0.2953922041066134
2018-12-17,-1.9460001132320885,-2.9385963150935877,-2.2144020156328015,-1.7172874360731623,-1.0253251240357626,-2.164333422885566,-1.7620220300687672,-2.259742861408622,-1.6586702646916485,-3.7850299481473195,-3.2600282078775185
2018-12-18,0.8082190092400987,1.0895401983175654,-1.0300459880713406,-2.2864996425737294,-0.41502275324316024,-0.7539906206704333,0.5198123140091988,0.9170297450618928,0.40362209517197156,0.9088065095050789,-0.5645997164768477
2018-12-19,-1.889146585889792,-2.316903687184178,-0.9919615950561603,-1.269959872107045,-1.218926146997878,-1.1957306488072483,-1.9129272336750431,-1.9784820800615053,-1.6214338620017403,-0.9527240922915338,-0.2881261555686126
2018-12-20,-1.5200658807716318,-2.3632041438702367,-1.762998786916518,-2.702749298169924,-0.7662882161480196,-1.1969370132673325,-1.7179478122478697,-1.9450287996314939,-1.0192304247663853,-1.2927478976206543,0.26565533497559335
2018-12-21,-3.2241964172439173,-2.7508150696015203,-0.9816372653340165,-0.8836997707572308,-1.9885319093283136,-1.3326947181828421,-1.9488051348667454,-3.1224654887930936,-0.8934230896460613,-1.5712960674833765,-0.6524050254785682
2018-12-24,-2.0321571961820366,-2.124196840638247,-2.9237702783090884,-3.922849767715599,-2.421260554868261,-2.5847461591868117,-3.1737365929942998,-2.7838408001118413,-2.580184695460068,-3.728980055239397,-4.456781901364224
2018-12-26,5.37563487777464,6.182089303850727,2.9510433517066867,5.759075347136572,4.5581980972439355,4.385627154405785,4.731385170666979,5.9822985976058325,4.03762013180558,3.1997533284560924,1.5641701096050553
2018-12-27,0.5407327963161617,0.22231372764280366,1.0218659720037682,0.6389995150171335,1.0847003531302366,1.0724107780045267,1.1870725135749025,0.7649702956586719,1.7674580033736231,0.2774060341887516,0.8544490190229901
2018-12-28,-0.20655603836095837,0.34711814528819657,-0.003475449431073823,-0.8307869579331351,0.05659072500309517,0.07073027103207771,-0.3339962000457856,-0.2561533901616894,-0.596400634549933,0.2522784398323775,-0.031461039269237566
2018-12-31,0.23273552000418204,1.099306893727415,0.44873126686302567,0.4104462794140342,0.9661126115306177,1.4094164443596984,1.0291791538200172,0.9416468825970011,0.7692336722745702,-0.02477628366191501,0.23090328290532905
2019-01-02,1.323901675959289,0.9714365608402998,-0.39522129370034903,1.9178752830919465,0.6809657844436672,-1.4674003332774073,0.38475037732431056,0.08735355163239036,-0.04270829780147584,-2.2968583286414597,-1.841710843926746
2019-01-03,-1.5145003805102222,-2.3021851135111073,-0.756574846722959,-1.1824548353192348,-2.396888162695302,-2.68391821203206,-3.0246368486766664,-5.352905536029776,-2.5746680608458945,0.4486367801234748,0.07642630547272725
2019-01-04,4.046827474726593,3.543125846412772,1.99337022995077,3.4229082413414704,3.158958116880037,2.8349120767047467,3.7788052623518666,4.3460093774636555,3.758721069166011,1.0255772088790025,1.455425951160549
2019-01-07,0.5501784557666314,2.3394822328929403,-0.13148716656336504,1.157717142169938,0.23847086509849147,0.304441038386495,0.5812534451149401,0.8961602995948768,0.40381358140052054,0.8246639879003189,-0.30672823900274493
2019-01-08,1.5432328447407742,1.2050562432847176,0.8973797381399267,0.8370569569878153,0.003653388177379663,1.0159854042234515,1.3685182416967956,0.9140466493205283,1.0037545105702237,1.7601508617331518,1.3706112409399993
2019-01-09,-0.4591371003132982,0.44421759773020847,-1.0549223840186472,1.367589533654013,0.4550701029272858,0.2341098571163524,0.601555733779474,1.233871426727707,0.04437582523323953,-0.4763392154708125,-0.6837544449976438
2019-01-10,0.11860917111640004,-0.22326885501325097,0.5722232393966039,0.2648413733267844,0.1153992374902051,0.23150461508159317,1.412576533140062,0.43453873243798247,0.966810097955782,1.5181075116695404,1.4183466023770235
2019-01-11,-0.04133194155288086,-0.09387419280409268,0.2926585353556643,-0.5789715052707148,0.16156602609958653,0.30934193397157,-0.14007449702983182,-0.1559198682585921,-0.39992909456496156,0.18898028467601435,-0.43655472901819486
2019-01-14,-0.4400261815333363,-0.730821386136643,-0.3905582887196331,-0.20736470990745495,0.6937009566540246,-1.183460661433082,-0.04271986051229918,-0.9309057236663026,-1.0186932466843441,-0.3140293157702554,-1.5891335199877947
2019-01-15,1.9419695139762796,1.2620412168475499,0.977408354191721,0.22511049690878437,0.7092642894993861,1.7021774314065117,-0.24225682272547433,1.4472458903459908,-0.7166173126655834,1.052778052700302,1.3689140117595042
2019-01-16,-0.40470033970176134,-0.11209050785700311,-0.5297257256974852,-0.15247124962780412,2.1475183718780837,-0.14555461626248437,0.10790118114903785,0.03871297853041601,0.34335157945482964,0.521555871193573,0.264454024701218
2019-01-17,0.44174800953399623,0.6672737137867377,0.4200246618694194,0.9531834520474617,0.4816361947489069,0.9124958778275001,1.5815979272291523,0.6676847552459321,1.3387626579476661,0.47418578996821115,0.4747716715373643
2019-01-18,0.40420661794948287,1.221838138111684,1.2014815228364983,2.0036504892602425,1.6760733106552637,1.154037201770771,1.8000471299490193,1.4752385567355095,1.5693517126854735,0.2989519119455283,0.1192339744372042
2019-01-22,-2.0130713504311832,-1.897164135841599,-0.9505795539089392,-2.086581966636849,-1.1355500464841124,-0.6930533817001104,-2.029308272190659,-1.7892385555261554,-0.9461990978697152,-0.16111774201622225,0.14294679278226582
2019-01-23,0.3376763338611748,0.22898618029303328,1.1314312369452657,-0.9225568587650677,0.021520722367587924,0.04366413545050048,0.17982063901409645,0.38464317729267755,-0.9031103661440952,0.05605439181575994,1.0745169951865992
2019-01-24,-0.0535355170847009,0.5458003804062771,-1.2487150591950311,0.5729060088918021,0.12462601864153244,-0.9210891442007373,0.5070021984458289,0.8144383549234749,-0.7852823126707441,0.39862165059702465,0.47959917958980813
2019-01-25,1.0445307996570206,1.0204844061377252,-0.3451119612852244,1.0812899480422928,0.8756616837223122,0.06607719260303944,1.2708669635541712,1.4187849517756428,1.7406215840890835,1.149642824321686,-1.340344532246868
2019-01-28,-1.2449495972950975,-0.7763962667236354,0.4772300088649434,-1.0079140819936252,-0.31366599497582587,-1.1523942889060301,-1.0310895054370812,-1.4869653940612766,-0.2612945614849972,0.9578823669647692,-0.46334915352718153
2019-01-29,-1.02283551194692,-0.90414205127889,0.09632934495890089,0.2761729219576732,-0.2097840287146768,0.6647947031004139,1.294426025442989,-1.0257697720007792,1.1296564790056238,0.7844841099235311,0.2830265524585893
2019-01-30,1.3267226334868136,2.2903971500887885,0.5440156829243881,1.2457503097291416,0.5055909083809786,1.484966238902258,1.6280810466660829,3.0180730573842736,0.9413946595473036,0.8172004772152202,0.6486147209916773
2019-01-31,3.922259760061012,1.1418138173573555,1.754851393635414,0.8545519462916279,-0.30158519282074797,1.1201619978804103,0.5220318204832972,-0.13952773043202327,0.6758796485287639,0.9621243771162782,2.051234725596133
2019-02-01,-0.2997747803679984,-1.9763884082744267,-0.3761744667945794,1.9121950926652995,0.4989496503447299,0.17075593436354367,0.21534214487120865,0.622398252963065,0.8273124403690714,-0.6785782624778758,-0.3029595782547229
2019-02-04,1.075930553785857,0.6101809387591901,0.6564735169748005,0.11293560497971537,0.37601889399898486,-0.24296578545819966,1.2247612376004693,1.6121850429299267,-0.11633616294241378,0.644757689986171,0.20714320972032052
2019-02-05,0.82625144293933,0.9841571459909679,0.15465438794685246,0.29975459973473845,-0.14340362558157022,-0.11370985273679805,0.9115815393588305,0.8860042302342966,0.4351877495974409,0.5758383062413494,0.12145827117927706
2019-02-06,-1.2579294169939803,-0.5327755132677696,0.00892405141899466,-0.6246147829262956,-0.2887858697719159,0.36091706190076916,0.010603968813408013,0.20105544007482604,-0.3806513823681127,-0.7545810691028337,-0.1011861843042046
2019-02-07,-1.1339867568410948,-0.9815364959876669,0.07491022070910616,-1.8882463085420047,-1.0960623283111968,-1.0048328042055732,-0.7863696390579836,-1.4767454285117594,-1.3976161023207165,0.7756935112438018,1.2611193519720094
2019-02-08,0.1854069344370455,-0.536172820353024,0.5088789201964442,-0.6815537252793336,-0.5365507168974492,0.14477793230193492,0.14076954968966102,0.4920821378018196,0.21422984329030376,0.11332701064584441,0.4884850236394096
2019-02-11,-0.5576327013156188,0.16446423045692662,0.23166709942178226,0.29469208001675856,0.2513860405643948,-0.2256326451427532,0.5270173132480687,0.003880098196519938,0.12665824270486858,0.25059704245006764,-0.08563475802722652
2019-02-12,1.0968210570541435,1.6847413490827825,0.9146748680118211,1.1503856981725864,1.5240280950940996,1.3105087193961102,1.5040064230382306,1.3229541674823841,2.1346275283944753,-0.7085920363211945,0.173126715136563
2019-02-13,-0.207079836918194,0.5668357309026166,0.26380632577266533,1.1709187595674255,0.20007630864831613,0.22019462327488065,0.6359970811416479,0.15410940690881667,0.20249888467938276,0.5554947934731925,-0.3068812299271696
2019-02-14,0.18584840752332335,-0.4766895415744853,-1.2091291610693309,0.09029554314082743,-1.1761146181993936,0.2574036236186883,-0.609307829357003,0.13661751839398545,-0.46404910306499497,0.4186726406668572,-0.3153664196429461
2019-02-15,0.2741073801734685,0.5106854000392216,0.8056540219984589,1.487080100589589,1.986062422553771,1.4720586837570697,1.2800466583394967,0.7889654882799554,0.9618184567154736,0.5161100918052675,0.26875461563258957
2019-02-19,0.3824950719522641,0.5022326885796047,0.5446007267937125,0.33502725313178033,0.17877843859861856,-0.25512410731525687,-0.07721965441308001,0.01939494046972577,0.5537261524075975,0.0962631909546275,0.5349045018902118
2019-02-20,0.014085028201490511,0.140854557921894,-0.13120419128818478,0.6875887791457821,0.5649789320950879,-0.17836394443512424,0.4251672680630572,0.03279160638638812,1.2747651328064884,-0.6978744681580262,0.4408247979098561
2019-02-21,-0.6270269840181827,-0.21920095646354512,0.2643583714033914,-1.3425233398642762,-0.4413991051008233,-0.8065075595830848,-0.39056251835386574,0.050593154792008016,-0.024028030737743688,0.12767197961718593,0.7463013308070627
2019-02-22,1.059703366610682,0.6069578335834047,-0.7820353019298939,0.2739198179330958,-0.3008580254597194,0.9442190550322689,0.6495855299216077,1.279485983695076,0.6213961736061668,0.6139137880962591,0.5968693546610881
2019-02-25,0.1600475867549059,-0.3117368217763112,-0.5765706146308709,0.09887984160964254,0.44172853341129453,0.008324257103126165,0.3487691655441091,0.5166135016913054,0.27668868735431157,-0.8118119642262579,-0.6450919511115194
2019-02-26,0.11425173034372615,0.1602552727364202,-0.044756938597448975,-0.25975373374447097,-0.22522036204780652,-0.28629056133511627,-0.24428842700599174,0.21619058216080167,-0.6745297523498556,-0.221445987821899,-0.15675775926305982
2019-02-27,-0.35182855065571783,-0.0338060657053206,-0.13490238850488856,0.36750556040468335,0.3413997419889112,-0.5832523848934593,0.34827522710199327,-0.09840213953057265,0.2379662429621486,-0.3859639613904622,0.1136736523552231
2019-02-28,-0.02362248919062732,-0.560049382714428,0.439810394392336,-0.9406767128332238,-0.28916114407421417,-0.1587852692252673,-0.3797389765536986,-0.3512700039285469,-0.8646692437425344,0.32722948800779983,0.40135156761748747
2019-03-01,0.8527833231404448,0.8985750068494054,-0.045180670374886024,1.7745287426150727,0.5566638818737691,1.3237840859886707,0.09490408642530361,0.7100927884223528,-0.2819168543625166,-0.15852498403546447,0.18966828082575274
2019-03-04,0.12545877233728842,-0.08511921323246277,0.033348915469094645,0.14570276559883152,-0.610349169012738,-1.307319247593832,-0.5099974228680136,-0.3842490941493145,0.09764809393400499,0.38606416272544936,0.20728725021982716
2019-03-05,0.8746130382588726,0.1774637899819799,0.04186904561843329,-0.24497296678233937,-0.37684285683827207,-0.08327892802069868,-0.6105151299832149,-0.2711669305103832,-0.43143585082221825,0.2528406095884355,-0.16979346215285504
2019-03-06,-0.020069848381785774,-0.6184649767657494,-0.07611620055155356,-1.1685559907256124,-0.6748760427589385,-1.4958811725057948,-0.9394682083018013,-0.5445725245393053,-0.07054139576571489,-0.24856897296255295,0.03609326414949134
2019-03-07,-0.923845349935502,-1.4448127099855892,-0.5268294577742517,-0.5117108921800633,-1.032618131084899,-0.8499195739501767,-0.6406626004637953,-0.8916943980342461,-1.1635685305194545,-0.08470105037671095,0.257139347491531
2019-03-08,-0.06889488124113778,-0.6234256505611351,0.0920427922322015,-1.8229735355278984,-0.014583949196495272,-0.28224842400143696,-0.2654101635645861,0.006239863105422624,0.16615886174829428,0.08926337699191907,0.3586740036271202
2019-03-11,1.8835293616644093,1.5953720712162416,1.2781860732711248,1.5216618944530984,1.0069386033318524,1.1373647947120733,0.8318051520136761,2.1625083168191277,1.3373999426148533,1.5334506082978623,0.7271008257045438
2019-03-12,0.6275821474694165,0.21416647903212746,-0.0636597748935196,0.441197302571433,0.17060017274593417,0.6548925374452624,-0.9174687043295016,0.5321053833514771,0.3624201997351054,0.46618079316449784,0.6100878595056032
2019-03-13,0.26810120991891867,0.42631837211314805,0.6590028096268341,1.0730891195980905,0.7239508181111892,1.0485596183498034,0.9269083147354699,0.6831265480018214,0.5189058950666615,0.48609471204778887,0.14386385394963722
2019-03-14,-0.4368442246344524,-0.28505470058473203,-0.33703559736026734,0.054018793632460725,0.3883279606780903,-0.27361456341092955,-0.309127322022506,0.21795328266657166,-0.5845095211870627,0.03923219982662507,-0.13461886956866792
2019-03-15,-0.133877474229849,0.742843233823836,0.44999780935921757,-0.11127254591785067,0.6135342824178633,0.47747257089446327,-0.19854594133984307,1.186512476898469,0.21732150079202373,-0.40608797582670975,0.4632098275527323
2019-03-18,-0.8700031121560368,1.0702941852476362,0.3431654465360845,1.31396729744489,1.017160972324915,-0.1200874475889407,0.7628810857439777,0.4369802492422659,0.1767496008648185,-0.4857707104949386,-0.4089522966707348
2019-03-19,0.11771348527020997,0.5052312190584908,-0.16710341724988337,-0.23392107624539002,-0.7534177148466482,0.752714399097523,-0.4108404416558465,0.19945847905982644,-0.13362459186391062,-0.28563099888698945,-1.1884575445098877
2019-03-20,1.1401599972424192,0.43133408083317176,-0.4305744774257474,0.6694507732202895,-2.0583632942561656,-0.6947239987867387,-0.6495374959897795,-0.2867721461449468,0.002117762781645472,0.41384666003926035,0.28270500951547933
2019-03-21,0.835127457921973,1.3119676632834278,1.0775303878150981,0.7066302717312897,-0.29384745475213353,0.1907225167226774,0.9342118437583764,2.4868676098750204,0.8792411160726326,1.773426418901395,1.045927161332835
2019-03-22,-1.3906986397572962,-2.1703323591954184,-0.24553407951098083,-2.50454454346912,-2.783839029439897,-1.768113245963913,-2.298232144140749,-2.4050017187737387,-2.9067874645826532,-0.5269440132338109,0.6877283120652807
2019-03-25,-0.234957760678689,0.5406928535446774,0.055824842955556876,-0.0653037319980077,-0.4200280342118771,-0.004039898207001388,0.23256021733564622,-0.38791960787642044,0.08405772017926502,0.07126219597369274,0.11564277549905916
2019-03-26,0.3690988405123432,0.37067204896788797,0.8163506736785618,1.3108224390834362,1.1190986789982666,0.6787777197154672,0.7628185945233344,0.5244411314290692,0.6739971116617014,0.6726626749966991,0.6967158397768166
2019-03-27,-0.5120439761193928,-0.3420928533199586,-0.464293585161471,-0.7953325788136791,-0.43567566813491415,-0.8405803201992809,0.1333727701612287,-0.5480134864881229,0.14337441744535198,-0.35120916088448584,-0.6729187506270635
2019-03-28,-0.5638347015356021,0.5669714918096448,0.39712227636421027,0.23954711945005566,0.8354656337837699,0.2750810198385201,0.782000814589312,0.3708987239245545,1.130659579497596,0.7428493666604643,-1.2540760132544835
2019-03-29,0.28588164876221966,0.5089844559791346,0.6241071189158905,-0.09223590431650834,0.2896177544562605,1.0551808965797393,1.029789352020087,0.9703190863362889,0.6628874849358165,-0.10137290027090329,0.6005833249953922
2019-04-01,1.3855245396127385,1.2257135323455828,-0.19323488933639296,1.380345490457255,2.3560479275360535,0.1524010343776332,2.0435002598399175,1.3808309060315447,1.336761884671371,-0.292653393053579,-0.7144894320466519
2019-04-02,0.48933830726687044,-0.016578954275218646,-0.5417227579234194,-0.6811723128314197,-0.04905817952251424,-0.2502845259715539,-0.09076578837654435,0.3212915614663725,0.5634563435248269,0.8665381081575239,0.10502550282232483
2019-04-03,0.3287521485299441,0.6905561731237707,-0.552072830193849,-0.8896745948953814,0.3284529968548376,-0.1725095555158495,-0.17932588447443115,0.823954740007086,1.1612747095947136,-0.11642378248811631,-0.15392981445909049
2019-04-04,0.7340750171074913,0.6270068236427657,0.4573547202704247,0.8368450542448628,0.5047235526688957,-0.3018399359670824,0.5467172462188331,-0.4296177802887988,1.0296611292594926,-0.2702334840609889,-0.400886457633936
2019-04-05,-0.038958154077836135,0.6381116674443047,0.309524052698832,1.5463586716039113,0.10601439995792164,0.6854998368684633,0.2933155399759534,0.40238791304745214,-0.16242250538286238,0.7682662317485014,1.001488491034927
2019-04-08,-0.12723405962200732,0.4001020755419092,0.40404761164392394,0.47716824223066195,0.14292798581426855,-0.03660073666943493,-0.4723654959969197,0.3863081239062613,-0.03200309388706631,-0.5003829183744216,-0.7308141450864317
2019-04-09,0.05495278784623014,-0.8782174321042152,-0.15931113198064353,-1.1893732949464193,-0.8830829390500619,-0.38391123386313786,-1.3848308093296482,-0.5177474289435683,-0.9199181419252098,-0.30257294952782887,0.26198419501285436
2019-04-10,0.2200191458840216,0.4955106963907502,0.37869912224037067,0.329829975659524,0.3090520886882575,0.10903159700511476,0.004394777674734486,0.6967075619253679,-0.17024606988478086,0.7286256683579682,-0.378101331639689
2019-04-11,0.17708186136062268,0.12162429956555978,0.2404608857620786,0.09589018154063661,0.5606726313864244,-1.2742097448464347,0.8539579132258852,-0.15690402121399116,-0.2270770395653008,-0.1446369509043244,0.5507189082673587
2019-04-12,1.2392652809472682,0.5342871696410653,0.2887220255957948,-1.0972700538692062,1.88958408268164,-1.1039727146841478,1.269695023119407,0.6872297870099842,1.2747374359360593,0.5567705005696737,0.48950199542499995
2019-04-15,0.30034889449486885,0.20303092648643187,0.6478460963418633,-0.6109974837626081,-0.6334182895183318,0.33324868394977397,-0.4834506848161804,-0.020334333758120274,-0.2686797980032223,-0.6098287468050093,0.0010674689578352152
2019-04-16,0.25732121375143935,0.5140798638702574,-0.039314659277308504,0.5416427687760217,1.3404020166683204,-2.191675274505769,0.569320547265802,0.46036807373253025,0.45700654960146014,-2.399144272454422,-1.398705117041787
2019-04-17,0.1987592748489643,0.188653063214804,0.34094711260325816,-0.12413956639067524,0.31822531789122227,-2.9370026602413715,0.17594411007615357,0.5683017080763624,-0.6770211479752912,-0.9498765795775541,-0.2116652817683371
2019-04-18,0.11916945286156976,-0.06251026054079722,-0.015653510853658993,-0.6305559654337591,-0.26802318188455854,0.1285900127895638,1.0168757822019077,0.29703724022046013,0.2807238345115302,0.7068525665279389,0.015245529732423806
2019-04-22,0.8057381290407698,-0.11766160424356056,-0.09188041561384178,2.074455689550854,-0.2741832008490127,0.05232275896913399,-0.3542179957670794,0.25564083090697065,-0.5095239658645205,-1.0518916211011768,-0.11595709119448183
2019-04-23,0.7006809328856302,1.2474371646289497,-0.005148177736760113,-0.007383026688519447,0.5820304153968858,1.6123530218994082,0.9280000197739628,1.0717035666925747,0.5008574060937421,1.0980170545343642,0.3717757877020635
2019-04-24,-0.8075731939754207,-0.10662351810865306,0.08215465982621725,-2.2545443197702975,-0.13391695166752587,-0.08188140688909504,-0.33556440582462815,-0.01284512440178913,-0.6936418636097857,0.7582244536460616,0.5427431789909958
2019-04-25,1.2096249042414895,-0.4419526051766018,-0.6502402407264015,-0.21529732114952624,0.26825895093660185,1.1099653182718132,-1.9743408184373792,0.09820387165940676,-1.2570420136940816,-0.23386663464510482,0.4313816075895103
2019-04-26,0.6888258911106618,0.98912096048086,0.7220613365831796,-1.2624310127582332,0.9476903937010022,0.9779036911059248,0.6535681589417884,-0.37826811308571057,0.766594115547498,0.6825928427069796,0.1614055998631548
2019-04-29,0.9192938527056549,-0.34372602480736986,0.022132551758873836,-0.22764574818298627,0.9078358146769461,-0.24866107114804337,0.2532801070372501,0.013149639661896648,-0.16654737998179073,-1.0550019067260499,-0.63927713060264
2019-04-30,-2.865921818448908,-0.20550200719330225,1.1999553807823826,-0.037765217825787525,0.15529352022192133,0.5346142688665781,0.4821896602433059,0.16869241640422436,0.7340492638181788,1.1422081149320853,1.6620094074352085
2019-05-01,-0.8016464524052623,-1.1104413856403603,-1.1933779195177856,-2.099514991697289,-0.8090240614108213,-0.2961232891309889,-0.9006993167588181,-0.19690703353749373,-1.62908847927173,0.04305057338460207,-1.0738590935636616
2019-05-02,-0.5722954994854967,-0.09395897965472048,-0.10912115466552545,-1.5990106039274683,0.11316402404844882,0.4902909974124668,-0.1271082343690842,-0.5834916475385485,0.3822262897990462,0.13383135147447284,-0.281893541064654
2019-05-03,1.2836905096899949,1.4627215258959978,0.8586149107823127,0.7420623656434322,0.8411741807686817,0.6429503708025706,1.2167300091057076,0.9072855848559416,1.0026838898757429,0.6557927572734562,0.6452882767352385
2019-05-06,-0.21432748154169853,-0.6430091925537679,-0.1556391905045354,-0.1720202584822504,-0.7221001719965552,0.6243756784254408,-0.9719770768000046,-0.8323868034145577,-1.0573985897674902,-0.39375757437703174,-0.6467877734889051
2019-05-07,-1.314596563815233,-1.4694634149584362,-0.9869518892686772,-0.5346833124463275,-1.7039701257132578,-2.0082133694857456,-2.0861437937195086,-2.168524960623615,-1.5465363596629438,-1.7968427805853648,-0.31399629624660735
2019-05-08,-0.3948290446925622,-0.10917597330944538,-0.23739565273277446,-0.2824557509493784,-0.25479041371143696,0.12709921333855817,0.03485390632995627,-0.17469818490211902,0.09642666932366936,0.03775906908384202,-1.3874366942609746
2019-05-09,-0.14037444223268492,-0.4467156774361202,-0.2737760670085681,0.16877204954163436,-0.1465228091487621,-0.22021120155550825,-0.17360416352253566,-0.7146382184895503,-0.5986823472093664,0.2808710396556946,-0.09343209644937349
2019-05-10,0.20629242894893723,0.0058491718227119275,1.2324840160389718,0.08219017559788615,0.4924155317775181,-0.0911667146410151,0.3791504095520709,0.20190465724698184,1.1865831331501513,1.1341385969836508,1.715704827558861
2019-05-13,-2.4675965711921313,-2.9955845428478125,-0.8745207057103429,-1.6178294212680016,-2.8732721288316747,-1.663608234412525,-2.9017687667743277,-3.808560466542437,-1.9866706470772468,-0.0074252294055111015,1.1017829805135744
2019-05-14,0.057725208148755036,0.8936274070648837,0.41352401850350085,1.047183267660824,0.7268410304183799,0.36847619129030473,1.051458799135498,1.6137627181601923,0.6853454418132987,0.3816595263131137,-0.8729886683689076
2019-05-15,2.1799855463331674,0.8362393515131821,0.7466512523094212,0.473202511411364,-0.44929901887711293,0.23712902376542283,0.16295674299543828,0.9961776606241042,-0.007225344762475978,0.6397852794026233,-0.1355531269679456
2019-05-16,0.9348613934785843,1.0427682566505945,0.8137090654192688,0.28388798008530497,1.080993670694106,0.7078384275897476,0.8717837211133737,1.0034944917164899,1.2256402948262242,0.48124132100067746,0.579532164092953
2019-05-17,-0.4394243921499383,-0.8777294862969194,-0.21928538872930858,-1.06529626825302,-0.5840484016225381,-0.1802117737748543,-1.082370382156876,-0.8303035475679954,-0.6183672214611409,-0.19129039562738412,0.4821340243625159
2019-05-20,-1.1080805276992647,-0.7174942754704453,-0.183288359630713,0.0773796279076904,0.11094652393310354,0.0332259922131197,-0.3116608705114579,-1.8081324537921883,-1.6220343225058222,-1.6247302455908932,0.16873004273573056
2019-05-21,0.9018026151496156,0.517184694360773,-0.3090361350031906,0.9650350393163356,0.8301150078659999,0.7965933995226913,1.1581507896365788,1.1669488399963204,1.2849496330456185,0.8240187855882526,0.05591107040302649
2019-05-22,0.04820230837706789,-0.8376975899424112,0.5587421259118547,-1.4048378190303863,-0.5020179070369524,0.6442392399489354,-0.8119309955481082,-0.5954480174113831,-0.6029567479145681,0.39387553026969446,0.811068976952246
2019-05-23,-1.215675768133505,-1.4451929157148744,-0.09054894190128371,-2.977391177340632,-1.4493245444675984,-0.3316019726210757,-1.6192849776439997,-1.7787450686311983,-1.4333317594711537,0.5085111272381075,0.8182540055663998
2019-05-24,-0.03987918154159655,0.18762055269871347,-0.3129854707666088,0.14715639393069563,0.7557706687195436,0.10562435863693546,0.07903497864944539,-0.00817639277253603,0.4703058406449378,0.1344392683423338,-0.2103830213126562
2019-05-28,0.15577543719518597,-0.4103810904913729,-1.7318828972958993,-1.1867550327727587,-1.078543684837135,-1.4407338971382746,-0.8919116690340027,-0.3452189251061348,-0.8963365952745312,-1.122103139616866,-1.6313670620068543
2019-05-29,-1.2109879412120568,-0.8838465559656806,-0.6913765848813255,-0.6482808823605742,-0.12708281749116324,-0.8989469648784225,-0.47710651379869323,-0.6080881681109699,-0.14697681567109838,-1.1889594654947424,-1.3474213280681233
2019-05-30,0.006651914784365914,0.47313915938469325,0.32844359983049637,-1.1428486488369345,-0.40120709589488074,0.5451039914872986,0.41708417557691974,0.5672293958790452,0.1065225626312004,0.6382110977268798,-0.13978627125263152
2019-05-31,-2.138776270030307,-1.4966951331007965,-1.3614290646912837,-1.596950276609302,-1.484004488644494,-0.7486976528422017,-1.4412107913180492,-1.651502690624846,-1.172870010229221,0.7557848239068535,0.44250288494726553
2019-06-03,-3.1319648689410298,-1.4051770794103848,1.2784888521769013,1.5012783821997149,0.6928590430057499,0.30022287821943144,0.5417786144937519,-1.7869168483307014,2.5172364025275042,0.40169171481704036,1.0287716728115115
2019-06-04,1.6343827862672156,2.5813979612883666,0.7469531613127872,1.6263990393470862,2.6305586342508707,1.5958871449991712,2.2384386967713215,3.2243072264349943,3.1853065496783675,-0.5349975544968499,0.03943932050550796
2019-06-05,0.06352676676226546,0.4271334943691583,1.2658672910998938,-0.9433812735991073,0.5920243074378612,0.6878219236442271,1.0667215351275057,1.3922740598435555,0.7515432149506259,2.2802751169580877,2.117384278107967
2019-06-06,0.43108531623139035,0.5219439129237247,0.8331213462206059,1.8231903091316797,0.37827987571291644,0.3485377642334286,-0.03695034083205794,1.0994127297403862,1.4902853366137547,0.10671710053230113,0.43465224711758504
2019-06-07,1.4657635440034888,1.6402884600072272,0.9992198945915234,0.44422157016868924,-0.192656871447211,1.2415746601423754,0.876067031334579,1.933603855709976,0.626690159377269,0.27182359396856437,-0.7752698643523712
2019-06-10,-0.05784662839708444,1.1620087047943082,0.16718180873423136,0.378601915844436,0.8723099056805348,0.3233871975521519,0.0795223995852323,0.9752864545483431,0.19288774440810455,-0.3296020432084243,-0.6017960521790411
2019-06-11,0.2679127196171457,0.3171389827818319,0.3511409837742632,0.0430135945931448,-0.0032418464424400287,-0.22531608382375495,-0.8330284139914466,0.02920503141968707,-0.06686762032457944,0.16265494116405418,-0.6954310250770602
2019-06-12,-0.27441583583864876,-0.12750433689261723,0.11261902690042265,-1.3809809483533586,-0.9615422007809107,0.5028427231064166,0.2116810303654416,-0.5743573476665017,0.3915185514003994,0.2865053291859081,1.324130235295055
2019-06-13,1.1405954114037338,0.8704199881573794,0.028813872980407277,1.2027471638770069,0.23459703453628641,-0.10314415277618445,0.5576361675092548,0.18504052522613945,0.45344974103936647,0.0921451158681838,0.15171147510355065
2019-06-14,0.45304789750802155,0.22146278126283597,0.04492838587166136,-0.6571917267743435,0.23765012030653737,-0.271874820881728,-0.37035105140613767,-0.8396359241502015,-0.5006542046869565,0.306479060934377,0.9882735374811746
2019-06-17,1.1371769776532166,0.10392668151995871,-0.2380725977581555,0.8282360291760851,-0.9266474121856965,0.4307509486909004,-0.3335349545852624,0.14831109575046741,-1.0155996554830344,1.1247347582285672,-0.33763418243799576
2019-06-18,0.388429637075472,0.7728232359433042,-0.4754499671717984,1.3118728092877894,1.339295692623495,0.8336628135724984,1.8231414586894668,1.6529226038624913,0.8427907518626256,-0.3524454490705485,-0.315694225013678
2019-06-19,0.17460152090435238,0.22734014407485828,0.41100698278070585,-0.1725817645954418,-0.14861679738680997,0.9088526466859186,-0.040392404291796614,0.41696620320640676,-0.3368856315400341,0.6741160169147155,0.8037111426958937
2019-06-20,0.6745380923593506,0.570346611771625,0.8192058811605992,2.146135543864273,0.47600877342669384,0.3324381117989126,1.590676176252259,1.5081959065769408,1.066645492161342,0.4879854147835872,0.5391366585172266
2019-06-21,0.4347389097088639,-0.3927977606918475,-0.24740967586089674,0.9236535228145182,-0.29015687971292453,0.40555062746422677,-0.5909515137308384,-0.45475482548719925,-0.3135787871257014,-1.07647803459318,0.4646525976284603
2019-06-24,-0.03421017534916584,-0.46018251862972287,0.2510476593381274,-0.8970778044717079,-0.3151294001088436,-0.34814292175638695,-0.24180361833596498,0.1759658189274538,0.556086660481138,-0.4992579342028256,0.01384126408551737
2019-06-25,-1.5942733207467705,-1.1679653269500845,-0.11409626371146665,-0.8702784939121,-0.3540611332313617,-0.7582821931607352,-0.7483927552635401,-1.8726318079079094,0.06590047759441692,-1.3293443313286706,-0.6263713857515416
2019-06-26,-0.590566184022993,0.4221406687723886,-1.2760205289470963,1.474963954690059,-0.14324324116436477,-1.3247494896181986,0.04940954030969004,1.131505615661588,-0.20585067282941266,-1.984862420773402,-2.1746732037483927
2019-06-27,0.3604513122547844,0.6013214804373461,-0.011834554776451827,-0.8594740280519743,0.9323760034993077,0.6219030472455058,0.11934992011408695,0.22444773712576552,0.3412184773232767,0.7371314958098979,0.1215030473397229
2019-06-28,0.7876084171334666,0.1997224641015146,0.11120150064922868,1.2063954975997393,1.3829634306315997,0.2727419906541895,1.009139349849713,0.14869456699618253,0.7575439694905644,0.2609451607824262,0.5186620055203307
2019-07-01,0.7574964665561846,0.9042701136650043,0.3779960445693319,0.13192165501293976,1.1137283644444793,0.5582364066738351,0.27579650299079356,1.430110618837665,0.5954559872160304,-0.27728304712763036,-0.31405401049839454
2019-07-02,1.0470964928177044,0.3491269520557449,0.8480375872400119,-1.6734186750566882,-0.1821254873847571,0.40451070081694296,-0.2519815375921814,0.37172325141688245,-0.0332954215219287,1.7979677917903902,1.2312094439239836
2019-07-03,0.7964783526639019,0.6747457237710799,1.2760062818370617,0.6215093685323229,0.5709476807487719,0.9517209789271968,0.5314288181467058,0.6618669815465702,0.6052725351266242,1.4467462946891707,0.8409130129025041
2019-07-05,0.24949230228095065,0.12037185395403828,-0.47602364446015877,0.03923750779878969,0.37659890997560297,-0.7550782935373357,-0.46840196475651064,-0.2097401402266297,-0.544023279785669,-0.5682486061989482,-0.16813280711332165
2019-07-08,-0.8984280028639476,0.1982706691925764,0.17235910963710407,0.23814147902928265,-0.5844758117585793,-0.7240994742230432,-0.7847869639535355,-0.7455659759594986,-0.9473784025404274,0.3460529435541813,0.11068351867575252
2019-07-09,0.29162123021153424,0.40866141121709204,-0.543153865732638,0.10520173966113223,0.32490586111601766,0.06949988211052939,-0.28926910700271125,0.3359264430671002,-0.8704909103391286,0.521657086751541,0.05937952971365721
2019-07-10,1.3141751335831815,0.44900328450712235,0.6847150310343187,1.3541098716865605,-0.44881170545021165,0.4144377727503205,-0.2867178120729949,0.8239165755524381,-0.1495170637585763,0.49605828319840883,0.3160487580774185
2019-07-11,-0.10363641529793712,0.12113779571691072,0.2655901682427932,0.2431274679735066,0.5456162526803741,0.027288837950978934,0.6420021480765115,0.34637316069948965,0.5422250449253607,-1.1990478974701146,0.03407991950660585
2019-07-12,0.6413980191807186,0.9995500753797639,0.3520489213632368,0.2930767571110169,0.6232886516107096,-1.0107437139918816,1.7429808000219493,0.7746551782678418,0.8388030166269819,-0.4022057458064025,-0.6396702140575906
2019-07-15,0.036233517316220515,0.35341744684465387,0.21263182357141605,-0.7955134200177563,-0.522745016021696,0.23269377218364704,-0.36641215605438016,0.3126219717227453,0.20674463350549246,0.1353081389431147,0.37010050645606535
2019-07-16,0.004702743137713453,-0.2015162703261216,-0.008861161887506123,-1.1958181914174761,-0.26861198931043834,-0.49423581644799824,0.581102937248509,-0.9379777201799506,0.13045816363361443,-0.21158674779171777,-0.5732325752734111
2019-07-17,-0.8471797700754536,-0.9245001015702986,-0.07307176740320305,-1.13886766042658,-0.9638296783256888,0.04532370939908583,-2.0777763171595183,-0.3188605900144711,-0.8590623238111504,-0.44372376744059305,0.43252449272903154
2019-07-18,-0.8577218101278661,-0.2407592148611845,0.7204633216395414,-0.03673170247658189,0.7822521979341012,0.6058896618001605,0.29725066815979473,0.7636571525634467,0.4277753082248807,-0.1578018248880844,0.7881059043636237
2019-07-19,-1.3182349138272382,-0.7141532904830233,-0.6777120342849563,0.39296487440684924,-0.5488139168642182,-1.0840215391121206,0.3617877588116803,-0.5533105530213178,0.22672514500892232,-1.6978567713803445,-1.4609292972586418
2019-07-22,0.17506149419959957,0.21641369086786857,-0.5517637836187573,0.5333286736876894,0.16763939726736066,-0.15937079591798817,0.11283727980858935,1.2240067245703397,-0.3264460955039476,-0.02585365408407852,-0.18283535596858475
2019-07-23,0.2991219379196253,0.5863044667538662,0.5177302253779059,0.23013378010320112,1.1042435334435152,0.6228268656937376,1.2468854552809678,0.5174893379131722,2.0028026505153838,1.0138369001040162,-0.6154008013894376
2019-07-24,0.812656124726266,0.5107804299291612,-0.6207680067290359,0.4226827117139888,0.823082474842405,0.04037766332228833,0.36983827670487013,0.8627954753064822,-0.15042337710217296,-0.08997150236711193,0.06913019653431184
2019-07-25,-0.09573529240075666,-0.668922451274486,-0.04047514233786862,-1.0814394314970788,-0.6122433043499768,-0.6121698562717749,-0.31683312794780677,-0.7893960584562045,-0.7404946555013348,-0.4827274172691881,-0.2985446572401349
2019-07-26,3.1779048811703294,0.08375669220594448,1.164144077995511,-0.4067332985552609,0.9766727649107938,0.43172777542806107,-0.06196847662486084,0.5636402042419327,0.05159960874737918,0.28928979626769563,0.4081538060840853
2019-07-29,-0.4502580649457677,-0.6210129296744924,0.1610125683951311,-0.31034748203094087,-0.7631078052895579,0.39735563202560853,-0.2222161991639999,-0.05166237709009247,-0.378145728210152,0.47518090558999654,0.4901450883789433
2019-07-30,-0.6457952175041456,-0.7150696976451816,0.10033510848523018,0.8607985638208627,-0.20172681614874735,-0.50784054478481,0.3128618449876196,-0.6749655277660226,0.6456191983914958,0.8868523122545803,-0.7688135626469553
2019-07-31,-1.2791503000616233,-1.2367871533235955,-1.9259996239028987,-0.5909197965015861,-0.46755768808493675,-1.019415050306266,-1.0491474617128078,-1.5007491026357525,-1.4473481162405888,-0.2707656855179947,-0.5364207806633253
2019-08-01,-0.5496659658458566,-1.2726052867416318,-0.5629880402685555,-1.8867985985226046,-2.3391386543105424,0.13025296572592257,-1.9252081428578394,-0.5148032710855098,-0.6606926596408531,0.3372827073187381,1.00452076669773
2019-08-02,-0.8434650204696021,-1.0239677932008557,0.13944622942538185,-1.4606706944611891,-0.19771864890038032,-0.20175292112941753,-0.671064019796733,-1.723661040114377,-1.1684534152979877,0.7622579174556643,0.05005659319034111
2019-08-05,-2.896094772590458,-2.802769759360397,-2.757272809312374,-2.9648805420264477,-3.2930890496663494,-2.42844263838917,-2.9268392313467713,-4.224041038687698,-1.6093279734824741,-1.9811793833358295,-1.5299556527769853
2019-08-06,1.3199524347849387,1.4241076808818693,1.0376172769774181,0.11445257610848954,1.4889104721077395,1.335561237733175,1.519037602338404,1.611250681414196,-0.27678094643291623,1.1553116451329983,1.2908839038431135
2019-08-07,-0.4883515989172972,0.3044318733189899,1.1241494050407133,-0.9147154582858018,-1.1876369081185114,-0.025798889306606485,-0.010039699227327436,0.6356000888680788,1.2932334826700427,0.9356579681598317,0.20924418994825253
2019-08-08,2.234484685316558,1.994924298051946,1.0738243815908801,2.81554148267303,1.6177323149228022,1.3714470934752017,1.681594738346253,2.335388197751371,1.955813870478062,1.5508294193255776,1.0164550378908097
2019-08-09,-0.7839285734350355,-0.9936599867622251,-0.7052633740634214,-1.28344626463995,-0.31767319677894496,0.21723996026430364,-0.900915000451849,-1.2346252655005683,-0.5563938381000607,0.10359740233153629,0.03942114921397069
2019-08-12,-0.9915293646743453,-1.3849846323439792,-0.7684561032184888,-1.4556715618530343,-1.8318551886356935,-1.0805979678255406,-1.3521935321055447,-1.2742434925643482,-1.640245524071819,-0.14309966574425323,-0.1744468826858067
2019-08-13,1.4688283449770607,1.6935687466499392,1.2023528010642575,1.0035695573390526,1.1842729219162873,1.3559795299882207,1.13246185689303,2.433199317198706,1.181017220029262,0.09264306949248159,0.03348039234589472
2019-08-14,-3.02375874595224,-3.1882693830344593,-1.5206031514019245,-4.171846523320741,-3.559945517189042,-2.941563151296205,-3.039298739006174,-3.1769007364207598,-3.236338396618141,-1.6117396960288246,-0.9429995682941515
2019-08-15,0.5844466147396867,-0.045098305159898475,1.8495903172413088,-0.6252950403328713,0.35384882539936513,0.3623736094698392,-0.29612860611856195,-0.18387291238350603,0.12527145091549993,1.315444448099288,1.2530991950507975
2019-08-16,1.0791661798831196,1.0664047441293927,1.019047849424253,1.1123310310801264,1.8021533792384352,1.1798193795309035,1.837527755242439,1.8764975142078468,1.765185286460363,0.608332919854315,0.3514151902178194
2019-08-19,1.340169423299093,1.2422643538738787,1.0202893659031702,1.9900976322567248,0.9715515203902058,1.0036576128932015,1.0192484367446661,1.539300128761074,0.6420880773461999,0.9061617452061425,0.6874839824564379
2019-08-20,-1.1075736084261611,-0.13737174037357422,-1.2163977968989699,-0.9614827976044427,-1.4015404946391445,-0.8855861516316401,-0.7775401413600395,-0.5337510389310556,-1.2875768075855472,-0.7825553478554529,-0.17993622932022574
2019-08-21,0.3692536613605579,1.7182806397173405,0.3391878200427507,0.7683706910547011,0.4823249147981045,0.7066834802761126,0.7361072746381674,1.1556249671090526,0.482745109926723,0.47298374702303464,0.674234925952249
2019-08-22,-0.1670059510762771,-0.15821090333001286,0.4050604970491068,-0.47677138248482726,0.6235049058709736,-0.5656454646477184,0.14511891634047627,-0.2646421630002817,-0.7607245021919654,0.41559963149823437,0.06521070845102561
2019-08-23,-2.6158315436126376,-2.785862664008257,-1.5929286000033749,-3.338751273013258,-2.549225163639088,-2.310672480046349,-2.724831757837534,-3.3808986227174027,-2.459177888309762,-1.2771812333574917,-1.0584644907305527
2019-08-26,1.5124116985552563,1.0339490513561902,1.1118054058212512,0.5384371251087785,1.0969437772309591,0.9545814123281894,0.7006531844107435,1.402010241097936,0.5201419472982928,1.002478072403271,1.174219170104879
2019-08-27,0.02488153956608529,-0.38530823113217905,-0.24584523154313911,-0.5881641885146314,-0.6931829930678458,-0.5778744037934656,-0.43209473934404974,-0.11982215321217349,0.1971518571207639,-0.381371267917087,0.1341485648299385
2019-08-28,0.5363488917920606,1.0230179879634138,0.8789854574791137,1.266677815219021,0.9240172725183639,0.7533753564050513,1.0192686981411094,0.09473771274585346,0.8979280861916397,0.31198784533583407,-0.26107314766267076
2019-08-29,1.351703188220842,1.4416852168002763,0.08104496486488735,1.357012939914338,1.4568525848306964,0.8027703438829686,1.7282114910383468,1.7002475886059125,1.039609999814298,0.7089997371752458,0.6417786763655575
2019-08-30,-0.07223346128778277,-0.6061491428401706,-0.16883346665131543,0.08752577334170783,0.37397375853068004,0.27140736672049326,0.4408076033815788,0.0015109985669598193,0.4717321283920179,0.11252395929783696,0.04254450457887106
2019-09-03,-1.1339937377148326,-0.29735506239024795,0.5076018153452335,-0.46748552849354724,-1.1148562436916167,-0.5751823928706387,-1.3979327451316037,-1.261220194768423,-0.8760612660295088,1.287252582642043,1.7370858738325299
2019-09-04,1.4905282653376548,0.8344283539570555,0.9008888301421814,1.2975479942158765,1.0576367536159286,-0.02589785678107993,1.301106749148172,1.6854209965733538,1.01745816069773,0.8209810073525078,0.14707499772969007
2019-09-05,1.5849269446279814,1.8729648112870638,-0.6896032178410542,1.2786882056097604,1.8384881374740605,0.9703087699927498,1.6945144261848162,2.0817988125160976,0.11534076019479197,-0.9411604063329703,-1.2015980685198697
2019-09-06,-0.2578518345004068,0.19422113206415573,0.3814947340196439,0.56863367541539,0.0012426435921129677,0.32946030030647,0.08370359644206539,-0.1785475282651167,0.47394216759526736,0.22157293179535711,-0.3383805420425271
2019-09-09,0.19957806915522663,0.2511106789200001,-0.26226924461682816,1.6751937557289673,1.4101480051804562,-1.0269424876808793,0.20510275382912269,-0.7506617031718756,-0.8163293031473938,-0.9372377545127984,-0.6261192151756712
2019-09-10,-0.1768269114658618,-0.4445781087202287,-0.6090981378343219,1.2938436372397413,0.373627496114586,0.1685214617930102,0.8053189023292013,-0.53175659125337,0.7958911481451497,-1.347201908654952,0.08840535328978803
2019-09-11,1.015334801665403,0.14610676619223764,0.3323609454650835,-0.16021265796734493,0.6134450030984273,0.961555177825485,0.882133510692688,1.0034742541698838,1.0072646529927691,-0.30369567127977765,0.9710819474762366
2019-09-12,0.4135578065128164,0.5376473700531641,0.4210193344120652,-0.46135255639104406,0.47913012360233004,-0.1572153115257959,-0.02264250992751877,0.5137098543520509,0.8492508686675004,0.5766199204208375,0.13217627935252624
2019-09-13,-0.00543786552905532,-0.19195149649501972,-0.712441223350271,0.6824007366475934,0.8189504596567505,-0.07680788373401218,0.512227492983934,-0.6896873693371663,0.9344978277762142,-1.2864282843439114,-0.5727824341672135
2019-09-16,-0.8074252700997057,-1.3416600387167708,-0.971382409287176,2.944816965809148,-0.5475646912453108,-0.26199173183117935,-0.26509018535016965,-0.2744336340197573,-1.5675335230932488,0.9726401094552142,0.08015734221838308
2019-09-17,0.33957666816238385,0.6364335763718774,0.556725515852871,-1.401443587968803,0.11550783035500077,0.15524062716287104,0.016689046791804083,0.3474953586443303,0.8613075285688364,1.3615121382568023,0.8892075384106986
2019-09-18,-0.06807691859358796,-0.07496221410824917,0.1013232390274895,-0.3585021620391187,0.3939316874842695,0.035126390890989886,-0.14967396796681187,0.04566216221290666,0.036460326104840145,-0.32716841168560484,0.46897517188167004
2019-09-19,0.10128586875288144,-0.18902895642837653,-0.02749238187069615,-0.2913470456930066,-0.41449102971783275,0.4674352403207213,-0.47284241914652686,0.22419388558577272,0.33173968460513076,0.28724893840537497,0.35933482553471807
2019-09-20,-0.46798797305660395,-1.2026967845545913,-0.2733143970023993,0.12282636056743965,-0.6451598911438935,0.5995966289269752,-0.5867736569084581,-1.1069243523793546,-0.24661302562314347,-0.32374694776336566,0.36461241158246127
2019-09-23,-0.40181291382662865,0.1752934203082346,0.4006639178734736,0.12814720557571052,0.13075032954829857,-0.6426878437686249,-0.2392699639933762,0.25918978685644134,-0.21568184727171194,0.1985619454018441,0.1292341989183398
2019-09-24,-1.3862063233216568,-1.2695681367908511,0.2929481466787322,-1.5374478109868295,-0.9489537220987438,-0.8814725912760056,-0.5981555631593406,-1.0378766758150928,-0.9933365158893992,-0.13187823081241667,1.0529058898826997
2019-09-25,1.1128133364010546,1.0206297966407596,0.12510020620582488,0.33366475967403947,0.7447621082552808,-0.5497623169778533,0.7476909211659696,1.1991594878595908,0.5308570428853298,-0.08744437124145815,-0.029016156923555848
2019-09-26,-0.7711946688866225,-0.6633680560539397,0.44578864744436886,-1.294225259836734,-0.38106807320549596,-0.6592291345393628,0.10015500881965175,0.022002816251019148,-0.11327745004288536,0.8689355116332999,0.47862916065836847
2019-09-27,-0.9416506954104521,-0.39968757627775586,-0.08137585359710721,-0.002500424789195927,0.30033412426102085,-0.4913835925762379,-0.47084520047626677,-1.2675632115913948,-0.3097806284468002,-0.8189839921657102,-0.3436074306309468
2019-09-30,0.34332823287042497,0.8259224166069913,0.4444900100352206,-0.837404413580185,-0.13441029840542335,0.9266952823072879,0.24127692014163155,1.0250963130672428,0.6688960155457577,0.1348653056843981,0.05874680701272324
2019-10-01,-1.043413327332267,-0.7651444716258757,-0.31829329553601776,-2.289042652334452,-2.0111152877062164,-0.9590072282497912,-2.394162339922834,-0.8188603820470606,-2.0810436258526983,-1.0508802374719524,-0.3087628915506818
2019-10-02,-1.355246012435806,-1.7392923544411092,-1.869501860132826,-2.6689636578850653,-2.09717764023173,-1.5651306196949204,-1.9611399239370164,-2.0445347956224915,-1.9483121545935613,-0.5930551958971111,-1.303915713924405
2019-10-03,0.8395972190591041,0.5410130593105809,0.6843814213065297,1.1092757176463637,0.16927971761108632,0.9094035772786973,0.6477902765982644,1.2614655010743308,0.38289684498557125,1.1664661995042795,0.27075834011884115
2019-10-04,1.4053116860351806,0.9521122587601236,1.567208121776056,0.6302260611749683,1.911190610803419,1.6215678613735698,1.089706903608623,1.7258694054286592,0.5354994747880641,0.6040911002235132,1.507099931472414
2019-10-07,0.019910268816944007,-0.4671887153665557,-0.8106268937617193,-0.9239843618853244,-0.4547845996075247,-0.4414057300650072,-0.5712818892538299,-0.48367704358944896,-0.1910601795863002,-0.3078966821175969,-0.4466397059284077
2019-10-08,-1.266726531649108,-1.1885652501956185,-0.8470685671862964,-1.818020427596109,-2.0358502316775935,-1.8551343805587053,-1.6047991538426392,-1.8090173415241722,-1.6659150866426173,-0.4911167072373733,-1.0197091112848171
2019-10-09,0.4326000605080033,0.9001663141295128,0.7940720733171769,1.0288630711771682,0.9860773055082971,0.6672588445071906,0.794400427808388,1.4440049845413272,1.1092145677407381,0.31266746154941755,0.5054152094549488
2019-10-10,0.6300917272012124,0.5061874294262271,0.17490263645149062,1.178301997241484,0.9821996121450773,0.502970267355341,0.7984336431780756,0.6184737707504958,1.2308455827708766,0.20815690353631666,-0.12162883841487578
2019-10-11,0.9736902725112951,1.137749647752062,-0.04985232286088157,1.341353332009872,1.2491701956369612,0.779596056832084,1.9182611059012666,1.4896727602747488,1.7322560689195048,-0.30642855466967656,-0.3511320821005454
2019-10-14,-0.19870276895746863,-0.04358994251270614,-0.4341815719958401,-0.08353186937304274,0.13364678993639054,-0.09469434059411583,-0.22727940602728636,-0.11311984895758363,-0.7531505840809285,0.1278399868674103,-0.6771476096521296
2019-10-15,1.6499068843724285,0.9729461927163554,-0.3885523549355669,0.381042724865437,1.277477739771258,1.7629293019396757,0.7756112016966803,1.0619599804633708,0.6394865994900287,0.12009410588391602,-0.2993186246190514
2019-10-16,0.15895583652258968,0.4037738221881055,0.08340506454087984,-1.4789186998072683,-0.2170594586565232,-0.1097168732958382,-0.006823824668830198,-0.7112710111968,0.18401591750142063,-0.15379165458249736,0.22610140207401788
2019-10-17,0.6899170669752238,0.32256525364418775,0.2957854063705293,0.10818633412383587,0.14044216781422383,0.7423294564001737,0.396603390177936,-0.2443752274418774,0.2210736741935586,0.6447047489466562,0.2254357945969722
2019-10-18,-0.8788422740184045,-0.34417232946111304,0.1446845420918714,-0.41660740856221834,0.17071819290248477,-0.40801800263095594,-0.9596689028210914,-0.9384639089898208,-0.05837593447422869,0.9840705470577225,0.3633679738888879
2019-10-21,0.364467580289294,0.49923898128800254,0.3746520343552378,1.801318996578445,1.4315950847846255,-0.1397444523079488,0.5293873628150454,1.0790280172260307,-0.46159011359316354,0.6915784952021947,0.3664017945075761
2019-10-22,-0.9349980076065536,-0.7802669619444591,-0.041726374538963516,1.1936317087026422,-0.3273858738218614,0.14275119651573911,0.6745262093652273,-1.4609237494481486,-0.45271716412827984,-0.4064185032189968,0.4415029638886086
2019-10-23,0.6564852309490821,-0.42213634259811833,0.4430013106190819,0.7814569628922708,0.3625453510404766,0.5684695592302249,-0.001892151312240553,0.13569041160189987,0.5837436751635616,0.1422683669739175,0.3667616110353753
2019-10-24,-0.475295289931604,0.07774147670762059,0.248771426991424,-0.49178144433604726,-0.03822293904221771,-0.6615946594584213,0.0930565428609216,1.466683096230009,0.49227338573510876,-0.2701537759278941,0.3920880841602938
2019-10-25,0.7736571344488887,-0.2632567218797366,-0.5218932091550172,0.7602042046869087,0.4877469375663132,0.3274031447899984,0.5782835557347331,1.2028171560681147,1.0407525649473444,-1.3351823994836913,-1.1037996986767915
2019-10-28,1.2437517200138901,0.266612940046993,-0.18611817509500056,-0.5533047974186975,0.4893463671237678,1.0134600729834498,0.2945159709642541,1.2606052492213544,0.2066623492609864,-1.123250697592249,-1.3218289762008277
2019-10-29,-0.9798779882525838,-0.6252719150562577,-0.17961692076899125,0.30938218246905486,0.2735139799173305,1.2257942066776442,0.40120955996779456,-0.9668640930132344,0.7849063811357428,0.431674342780284,0.10597307492940206
2019-10-30,0.1412571126222815,0.6412682623608958,0.5377752869207199,-2.0488348404092425,-0.13579534217829214,0.7972875591269725,0.26592451900798597,0.6006306782977933,0.1790466967506622,0.5352499152963305,0.8581736762897262
2019-10-31,0.2576923492801481,-0.4606172067089376,-0.13938849995768332,-0.5361953600896147,-0.5488354389317467,-0.1766364025668379,-1.1223896791146173,-0.0760023472943763,-1.2503159972456857,-0.38142969948084526,0.45133870687793637
2019-11-01,0.8723701381234344,0.6192585935943931,-0.0402416290595854,2.4178771454524526,1.410543977580425,0.053648510332994705,2.1185996372746048,1.1884498420004372,1.081930131728366,-0.29651621580520904,-0.21733087477094842
2019-11-04,0.35101961896749806,0.1457341374883615,-0.9776000606114346,3.0192274350486965,0.8604481938756363,-0.38728222723017536,1.1809534872603844,0.5079297919720274,0.6469382617671547,-1.054381922091311,-1.2983813636671795
2019-11-05,-0.03855668809566269,0.14356198595677522,0.20066234739004118,0.43480748912787837,0.4462646216250218,-0.9343081656894824,0.1366088754734679,-0.14508919538458948,0.13072664332245207,-1.7303792991662774,-1.031365905355281
2019-11-06,-0.22066279568827055,0.007245961209966982,0.6311784560685796,-2.3591497898108567,0.4434544786949307,0.6233503963004824,-0.009052271989086605,-0.01755706014740306,0.23088610199917384,0.3639381308573245,0.26140786692337
2019-11-07,0.6591169481810779,-0.6194967275413685,-0.276529801509839,1.5279709864757456,0.6458918756152235,0.13030489258261685,0.33355313676817966,0.6374121804770602,0.5080390549600884,-1.069171835164318,-1.3645166941373663
2019-11-08,0.3219603972206006,0.030877704994330613,-0.05500652513289157,-0.934662322734393,-0.007140415809563328,0.7844775291776743,0.17168438034690414,0.5715483649779517,0.4331336248151728,-0.27726490683751875,-0.38571975179631157
2019-11-11,-0.3665585640453898,-0.30260468992508527,-0.34888363581142856,-0.524765496252666,-0.2526929996999591,-0.4223918693051351,0.09407147393484984,0.07712921837163833,-0.23238239296622873,0.22846223513403824,-0.6803193364084915
2019-11-12,0.30935679071123995,-0.07840405758494685,0.23661097948671736,-0.6262985027212634,0.02590947922439227,0.5822649140117911,-0.017771753971554047,0.28545643572501456,0.3692609917039607,-0.8371618238857339,0.24431349586248766
2019-11-13,0.37957541702175757,-0.416210627470568,0.9491019430414251,-0.4260569388697495,-0.5790763405629985,0.11688266470962817,-0.43127323528455447,0.24882284422841877,-0.20546014056587883,1.0804602786150528,1.4558717640199976
2019-11-14,0.27850600970297235,0.32849612868645656,-0.16257948985892404,-0.2965547266291174,0.07274329629251682,-0.08355341408895711,0.2699873976119398,-0.15565714219204355,0.5338699729258384,0.8667572862724436,0.22292745643815606
2019-11-15,0.7640105593997415,0.1030188774091393,-0.07557256638768613,0.6850001387177702,0.4580652905321698,2.2527993805762927,0.5988727570491111,0.808771376827535,0.2115458151577669,0.5621836430406548,0.2642633157306389
2019-11-18,0.23467396762348466,0.36473486244613706,0.5897090613335965,-1.3119949920735252,0.14845808691884524,-0.35715758654854446,-0.33370405155032973,0.2439564919641137,-0.1955504461535245,0.5078885973097629,0.17077756659479754
2019-11-19,-0.3031826101256203,-0.9242140941257319,-0.18298830341838634,-1.423183785905676,0.15701822759833614,0.6843345382265933,-0.1687205979364863,0.27304853532529,-0.28067596958842395,0.12904347425102333,-0.2572667150888258
2019-11-20,-0.8171014488619824,-0.34552004711411843,0.1120379265274576,1.02479974822017,-0.5305805642619208,-0.11883908826561496,-0.761049949499859,-0.7200330373837525,-1.1454283462732666,0.019412073521453063,0.6220895020354054
2019-11-21,0.2072363480597014,-0.5636830691467433,-0.4600947197065671,1.679633301091542,-0.06655172177482484,0.20767804923335373,-0.17418296257215413,-0.4843684136760445,-0.20289506315042502,-1.3899784573775904,-0.37222863195201733
2019-11-22,0.10736373337421212,0.6555999225862342,-0.17477479842293872,-0.367733027719295,0.7287796655900416,0.41002106556857726,0.4972626789108458,-0.12428398848327478,0.14251512384713783,-0.5447922857991222,0.02343477569126792
2019-11-25,0.11815261336251309,0.8990694225530255,0.1820833865166607,0.0910805861244611,0.6328903701794608,1.048451327016613,0.6364812861520939,1.4188502216531185,0.716475047250241,0.035584146620929874,-0.3689411320196267
2019-11-26,0.3696166988694872,0.8242264266165682,0.8195731397967974,-0.8787559111345628,-0.11725398770040936,-0.09188701455783194,0.3242732775904999,0.05154338138018438,0.541046204792616,1.3924238041321193,0.38003175948241247
2019-11-27,0.6138674617692412,0.8407017952181197,0.08067613579678148,0.24886783720369673,0.37816341830584405,0.4879386489106264,-0.17659329642675545,0.5854931228337826,0.1533694344777069,0.3309707656024156,0.0938806621623447
2019-11-29,-0.3895593139096729,-0.7820891149364761,-0.1135523274169908,-0.9537356980955541,-0.21756472133714655,-0.3584226478908741,-0.5172900981079221,-0.3307395980978235,-0.4155933489818716,-0.44412327811074886,-0.1434337213329218
2019-12-02,-0.8774498297720966,-0.7659129977465587,0.27443809413977927,-0.027080312489193046,-0.6532218811369498,-0.44597389266825865,-1.6006296575631282,-1.4197798918003908,-1.0392530915331268,-1.7563519384387665,-0.7789541441279896
2019-12-03,-0.05866633048689405,-0.996217310292049,-0.23205540625987817,-1.498335571601976,-1.3155859631346745,-0.24131732414875887,-1.1662616889753612,-0.8453191840458492,-0.4285263791439022,0.7137429534778342,0.5001176538490434
2019-12-04,0.6989255182524325,0.36481886107207584,0.651855424723963,1.411082015261681,0.9393894054439501,0.940266496544716,0.3474924279790236,0.30228413311518626,-0.09176928334492561,0.5847214067024309,0.7161006543514331
2019-12-05,0.3466877469101132,-0.2157321073528976,-0.24084086767521806,-0.4527395140344021,0.3603119470418742,0.08492281349476563,-0.0017170871686450042,0.4183852832823648,0.7649120364148647,0.0416510795218956,0.016267271463960748
2019-12-06,0.6402062102062702,0.8052306446838956,0.41983578919824405,1.839270007195963,1.3478562919416948,0.5726272506093443,1.251898251356528,1.0897704901344234,0.8641612442776838,0.11634079180716334,-0.22506507546209256
2019-12-09,-0.261524539729305,0.06093054432455735,0.12434557289129516,-0.2253376768308076,-0.3121786259567359,-0.6892121439017389,-0.3421620827578118,-0.46667671185455983,-0.18551485170789037,0.15286131168159006,-0.4899701112112406
2019-12-10,-0.4325899911440169,-0.23157875964523844,-0.3346687329646419,0.13517669355525544,-0.027343031795234108,0.15051226068103657,-0.19542750823794877,0.020668820122254898,-0.6482354792741255,-0.6921985684214794,-0.04434111081483592
2019-12-11,0.2658874070195888,0.34481198155141185,0.15387517794656616,-0.20260421495273623,-0.1807101997433785,0.21181050390056197,0.5708185163771398,0.7130826098633661,0.7230544163859473,-0.7546499662586548,0.33036213172771467
2019-12-12,-0.12023497556003054,0.8940226297039792,-0.027908847647565693,1.886185186845211,1.9271267981136937,0.8682323059190845,0.8667130141083371,1.0551432385879174,1.3111807147809509,-1.4487249172146888,-0.49185391878712087
2019-12-13,-0.304672914084613,0.07887974282925712,0.3508722047996411,-0.8814018889144858,-0.4459220205440208,-0.1186849700084268,-0.2869417822883754,0.6235376395711278,-0.7097649524337069,0.17258772378932014,0.8255386679248008
2019-12-16,1.0435268975236833,0.4182453223620541,0.3328876368055491,1.2869586113565112,0.41447524460717583,1.0755496605717456,-0.06848497753775691,0.8642573294703573,0.4818176484435656,0.7653829946483942,1.2852939542714188
2019-12-17,0.04130159327489052,0.5723456468287171,0.003542059842183698,-0.05394237531989175,0.4442230159619061,-0.04927351620963346,-0.06813822539995765,-0.19025024995236434,0.23497626514052256,-1.1715931111471114,0.23527408299306707
2019-12-18,0.23675266552983026,-0.0029058053028339476,-0.43202762491161956,0.27241615265876507,-0.4942231603900728,0.13860517637823172,-0.454977014695946,-0.07665775169478563,-0.24315495277363794,1.3402372933747162,0.43432606141971
2019-12-19,0.8220663334050144,0.3624504375694952,0.5922962954057114,-0.07974559905433136,0.036111552562256434,0.40951070051929456,0.26828772025662173,0.711442451205472,0.3647312048255372,1.0757319350802914,-0.05676377776219595
2019-12-20,0.3595133339560311,0.0984122710965425,0.6341302588851768,0.8529577590398144,0.06827430319979422,0.7951119655252388,0.5544936697921913,0.5411365870187748,0.47672662149312206,0.6338049093063968,0.7752100077823797
2019-12-23,-0.31971210159179064,-0.06939501004911178,-0.42030682342292397,0.9276628551609377,-0.15131073571877407,0.2849379599017105,0.5932777336331966,0.32577330744631605,0.38759371250262104,-0.5496948358040895,-0.9911249934392478
2019-12-24,-0.17095548245454198,0.10791693953214643,-0.0090361153604157,-0.08749331957748413,0.09461556505313855,-0.10983470679969373,-0.33644246089082347,0.04168836831172008,0.09992101251312764,0.17153996077360523,0.10474697279956595
2019-12-26,0.877941963023137,1.5328113347172532,0.12003077749795293,-0.010931465863363462,0.5600935513895324,-0.09973709314704879,0.21880929483009304,0.7604843638942232,0.4349356333416794,0.550173369339613,0.18140107751070483
2019-12-27,-0.17436118889709917,0.051190386601608455,0.36496968389543555,-0.4370527070808159,-0.12871532121266638,0.06615418810163977,-0.12519263207494002,0.024388103379294316,-0.2625700158452075,0.29520145591963076,0.26295700472712474
2019-12-30,-0.9958296105730245,-0.7457768381683146,-0.49492874694738753,-0.3177820608553479,-0.4035702335994639,-0.6474667080414981,-0.6014876949882242,-0.5972212043737938,-0.2573909143940659,-0.1255752088515115,-0.045489156980979537
2019-12-31,0.17207176175366906,0.13976643073957182,0.035862745387609724,0.6079663457371932,0.29071724876483224,0.2793548775038544,0.1004726232187556,0.37163815323948807,0.5864799473646577,0.6028338481566348,0.5166953867477102
2020-01-02,1.419538302579036,1.3823248909044017,-0.7668564915515791,0.9036444533865498,0.9284360417731646,0.2091954529162865,1.619140084521083,1.7733060056646253,-1.2942323837596488,-1.3384506067844306,-1.3938666727915974
2020-01-03,-0.5396070572256,-0.9040836634588241,-0.2627242394606681,-0.46337970341848034,-1.1135455461539614,-0.8642398925658072,-0.1752255845629852,-1.0711426219467948,-1.60288192971176,0.7790665818626997,0.10950973849777959
2020-01-06,1.2868050885509241,0.36995915892760933,0.1868669154904633,0.662595023787131,-0.042432099594236175,0.566349607575582,-0.02423386682981294,0.2977559232975082,-0.4116509489948761,0.09567632147348012,0.24606502286956355
2020-01-07,-0.08183727870586217,-0.11552222928944164,-0.7734304637780217,-0.24702377393801486,-0.6722287725165751,-0.2565276627635945,-0.18919119519074407,-0.12593995555832116,-0.09595246742435365,-1.1866074755991092,-0.19892795424132406
2020-01-08,0.6853928923655697,0.09711979873515394,0.4991096407419391,-1.634665656450012,0.5322712179259024,0.6418442409527116,0.22921674621672022,1.0517853577695266,0.428672714360654,0.4116318984003019,-0.002542681675444021
2020-01-09,0.3228720334769479,0.5449472854361556,0.8217009652684534,0.7966791914857497,0.7906447241261018,0.4411949872394775,0.4586331680460482,1.1209466497322604,0.3722978883088751,0.06746949108114204,0.5205829051338855
2020-01-10,-0.11638502437698378,-0.5797553885449358,-0.1486597808608445,-0.6021002988094705,-0.7528876969064076,0.046319166391239126,-0.7199068730914496,-0.1558296137109641,-0.32175838957972525,0.934761806840173,0.24069799321545432
2020-01-13,0.8134295541091007,0.34926111523667486,0.6368678568952242,0.13006434601485764,0.7359062014888172,-0.30898095619355304,0.8698351450922793,1.3458176723704787,1.382710946349332,1.220660549752576,0.6549691988316726
2020-01-14,-0.3804057055391899,-0.13553598374240383,0.053942643981517734,-0.09674084416104997,-0.3150257702354091,0.5697441500258982,-0.009795284874260436,-0.6069531110110541,-0.3872144467124667,-0.49907395727119047,0.2750835590751059
2020-01-15,0.38574076945983266,-0.26221835303079033,0.56129838374277,-0.6777968526351382,-0.49396586528221326,0.8218280755296463,0.11766424864471452,0.07639765506397152,0.5643031842000998,0.7649849280756932,1.3949115895650575
2020-01-16,0.5885230340164729,0.8783262049451269,0.3455414875505132,0.03145942624095604,0.9027283488075689,0.5015776175717808,1.0165742282751016,1.381249152750019,0.510918077985669,0.7349858922997429,0.6031084464361895
2020-01-17,0.8926629585985235,0.2520501755975584,0.15313702634443133,-0.7025089104658886,0.44013676468368657,0.07160084385637315,-0.009851893692670621,0.7201071934507431,0.5632625922550826,0.11177095212758391,0.7569183418965728
2020-01-21,-0.0711342361851519,-0.18330005445462855,0.34928724311639336,-1.8949129544730925,-0.8990309557505808,-0.0009493748914815167,-1.048152923704314,-0.07335277420778316,-1.1112289841132994,1.0411957485586014,0.8331350270614318
2020-01-22,0.08375198721520387,-0.12835505513725057,0.11553731346257608,-0.7827486177162815,0.27512109912706834,0.1263568252412866,-0.5528468036590295,0.3374338241580327,-0.3459287699094486,-0.7839930818824116,0.2905737010312252
2020-01-23,-0.33022300230017,0.05421971235058477,-0.26495181149030084,-0.2084502458781366,-0.2542711540619558,-0.4898346562829389,1.0368653854716865,0.4550604117918438,-0.12284453923438199,0.9583634480857605,0.9137204463090003
2020-01-24,-1.0488233428579197,-1.3681717385802452,-0.6677642702063207,-1.1411259081977376,-1.2738802951650965,-1.6929463228899093,-0.5113466711630508,-0.46907979584830983,-0.5677648821983119,-0.2731605208822504,0.32444280065508085
2020-01-27,-1.7463224928546432,-1.6576652062847086,-0.30098572624996245,-2.6985996427132513,-1.5566436789886362,-0.7616633798727914,-1.8882686657726444,-2.4158647392605266,-2.0682480091143933,-0.4365690831747006,-0.30640850981413426
2020-01-28,1.1435814313076456,1.0093692353655055,0.13668759830262017,0.2696136218515921,1.1158425087086785,0.4603312566241903,0.6598518228863122,1.8546566332874477,0.9844210502530396,0.30829037418103217,0.366645909382277
2020-01-29,-0.3914883565692512,-0.06756355637857601,-0.515407612920518,-0.9540765806825446,-0.1218891188137028,-0.28494386038026015,0.3452464047178641,0.3338073364686989,0.40407856232854733,-0.6283675818981403,0.3004584075860467
2020-01-30,-0.9204385523561817,-0.05551534486618887,1.0082098814784994,0.9939863651995858,1.246362984464107,-0.6675870003691682,-0.08997558085426943,0.8739009981118107,-0.0685702829665825,0.287199938007105,0.8882781793805904
2020-01-31,-1.221440503428601,0.9990309719320707,-1.189760372976266,-3.2765444649727997,-2.0435993517232176,-2.0589739128575775,-2.3875719744302164,-2.8135644172421896,-2.2270427928212655,-1.3878986095412686,-0.44512556585732155
2020-02-03,1.3966549968095272,0.5910576981558521,-0.001298146483224106,-1.3709933826056737,0.5488405090435184,0.9124665921284165,0.025956079142819725,1.2492523624626133,2.185256836104145,0.11782400080709855,0.32157178127661656
2020-02-04,0.5470213215434918,1.783016880320341,0.562433099664077,0.0570375885877677,1.001127285481678,1.709904936540593,1.7755790931904376,2.5672872158858997,1.7541518051165597,1.1702796420998967,-1.0351896817874016
2020-02-05,0.007475879842669261,0.375002027798207,0.7774876995517301,3.588220050148239,1.9120643459954214,1.9362455247895818,1.7118756355502016,0.5376409413194662,1.7087905911928338,-0.05112765650894586,0.4182574823688183
2020-02-06,1.0541890771105407,-0.0972683017780462,0.34477405836014763,-0.925426632144382,-0.11731089209340667,0.08072821566482419,0.32964023084650396,0.8591747391450559,-0.06161940319259268,0.4028779885487867,-0.028887591331109495
2020-02-07,0.18443592357603095,-0.2698856236519819,0.1586870752794177,-0.6397442273048295,-0.366031770683302,-0.8478123906221449,-0.7823975389592598,-0.9806358707792378,-1.422875083312358,0.06508060085152322,-0.3130458809473494
2020-02-10,0.8958301702068139,1.3235533200200695,0.2622882906611022,-0.7595523377370705,0.22800070934168604,0.5096390166013841,0.4983616137593468,1.3534984852909517,0.0956084573169743,1.1868273253487385,0.33296448748559454
2020-02-11,-0.48717561457736946,0.7505680084275294,-0.2866925532090268,1.0303054261511067,0.38890144750430167,0.6072640775685767,0.3894203037204085,-0.3920644726396526,0.4492696901799486,1.200998045881706,0.3811381233748957
2020-02-12,0.8403973383504872,1.0055672582747242,-0.01753594180755802,1.3528505334455585,0.0360998536324964,0.14803484956376106,0.910160931546923,1.0969109822051784,0.4916250688159923,0.6458341654244202,0.016520542342537494
2020-02-13,0.16201550209554547,-0.28403031490229236,0.5647501911859535,-0.49595947679342106,-0.058609119221452226,-0.5257608433359692,-0.6087781191302745,-0.33224524957463497,-0.33098451664040096,0.48802994313572085,1.014532346554232
2020-02-14,0.12544396593515295,-0.23772737149179146,0.2930316324292205,-0.7736014278194779,0.09089263888397774,0.11076345240772839,-0.06901616004451644,0.5208604269506166,0.0713966313360191,1.1270269211721071,0.6435519842769583
2020-02-18,0.45901095199734354,0.1093458660933103,-0.25049149131006027,-0.8396892226175018,-0.8478072144859755,-0.391885978134758,-0.47159094259025663,-0.3651502255634484,-0.32793381425707985,-0.1848634419731819,0.7808319584195866
2020-02-19,0.3364350577841765,0.5069904323772874,-0.18783010079308204,1.0804677693120373,0.7382043054269433,0.4489174440149543,-0.03630518133770065,1.0819435975808973,0.24060509004768235,-1.4426330688477567,-1.1030126509314615
2020-02-20,-0.677234651487649,-0.0980737128205705,0.05999036084664272,-0.198792560022311,-0.2419997659474259,-0.6396676953574868,-0.19800724141036383,-1.0262644342353735,0.22075334759478113,1.1680590280722987,0.31458092583016417
2020-02-21,-1.459345249750754,-1.7539541954098223,0.25487115700170193,-1.263113557711881,-0.944015157256442,0.0393769415897459,-0.5231977685819422,-2.2641505554686843,-0.44090409875831826,0.39382865993400656,-0.1866587963310525
2020-02-24,-3.4579176179303537,-3.725514844964473,-2.4858106325220395,-4.760270379119,-3.356138876965007,-3.3451033077748122,-3.0244336676819477,-4.342631931962691,-2.7625945916906782,-1.3497738117291422,-1.1705711997247188
2020-02-25,-2.4071489134954818,-2.6591124222690175,-1.7685972865611597,-4.39864695537478,-3.4235465222696533,-3.0041870143209666,-4.146289112642957,-3.287924560349966,-4.270588988294058,-2.632324779855872,-2.1900440147049585
2020-02-26,-0.19972481090440367,-0.6931511312193854,-0.5837190757720212,-2.9869241207571195,-0.6968225729285059,-0.12121148125095037,-0.7662902099099075,0.41941364714398216,-0.35620713252379566,-0.858566203996681,-0.9803600603425716
2020-02-27,-4.158079447333362,-4.194033030753859,-4.087500078976738,-5.756787998850098,-4.513003698426165,-3.400389204585653,-3.956338104817521,-5.421749850178032,-4.7896495290164856,-5.74451066866556,-4.816037317388883
2020-02-28,0.2985803643119411,-0.7009053862399502,-2.1300989626913074,0.9867741049421455,-2.5639141842760167,-1.5162102814245115,-1.3309326416429843,0.80284256646936,-1.0101160969874634,-2.5255777781534667,-3.38984474601435
2020-03-02,3.3565437553948265,3.3987908660483566,5.4485791726646555,3.0906763021632964,4.77826418940097,4.793012545755727,2.9078047027101745,5.540576884733875,4.064529452759137,4.9491030948099555,5.691211747653871
2020-03-03,-3.513765315082464,-2.38620155539146,-1.3910496518917923,-3.292772130762793,-3.789552977753932,-2.6346769282200624,-2.6008591882046495,-3.8644520978016588,-0.591624651880609,-0.1548601670543759,-1.1762739239081736
2020-03-04,3.4902808016025615,3.3584049548949357,4.625329436723695,2.3067089317515537,3.2501478191625965,5.7510519439200944,4.105206608406715,4.1965387200793,4.139610640801877,3.854280209451637,5.530416241368788
2020-03-05,-3.904270735152076,-3.8473960482686667,-1.9926131264893427,-3.6359117740224165,-5.028006183557799,-2.4507502958632092,-4.93333215809983,-3.310099413927739,-3.166558161439022,-2.402974005995879,-1.6538267014293677
2020-03-06,-1.1984925939934348,-1.4340867022805688,-0.7091971597575624,-5.555981165960783,-3.2914990734388163,-0.5224037825455344,-0.9108103357605466,-2.0446690842278015,-2.5916062530682624,-1.690807684418075,-0.778407534231174
2020-03-09,-6.464298136319826,-6.550169684203323,-4.295370769696983,-22.711423947871687,-11.462371184268552,-5.395032696108567,-9.415512218082407,-7.874992639713159,-9.604221069498633,-7.376792984602426,-5.862158700983717
2020-03-10,4.380017635657108,5.278887880308216,2.858252619341836,4.40642203710861,5.84211004143323,3.4433537097683957,5.044888349953823,6.475440492267811,3.5368096258547985,4.880035209111384,0.9863769752392314
2020-03-11,-4.3816013307869985,-5.510468011426917,-4.968150426931046,-5.373077455836543,-5.639397847839975,-3.991471620268523,-6.049613376984627,-4.896947963538381,-4.884024739300134,-5.532898024119859,-5.244002103525284
2020-03-12,-9.26999971468,-10.370126844397003,-9.785866813666539,-13.448556125137541,-11.446578326440346,-7.784724237907299,-11.021796992442612,-10.368815079401752,-10.168347160231352,-9.198320172222868,-10.802248372467735
2020-03-13,8.88472723172882,5.910065664510274,8.016551886526795,8.019178184340788,12.288621543415864,6.814978591965868,7.673523844032403,11.346727342809475,6.1717127829413005,7.98110700167398,5.374438911312992
2020-03-16,-11.315845187207664,-12.699822768451627,-7.521742416589852,-14.744598844345642,-14.832162187059444,-10.66627549067464,-12.492849209256295,-15.035768978977499,-12.647081062662018,-18.278004849169385,-12.34641890861461
2020-03-17,3.8169197080211315,3.9178476282880443,8.145013439646684,0.7710687467842078,5.5765715010205925,6.008555423734584,4.079888378099103,6.434909906606824,6.305684964992625,6.400514902897168,12.261741369317956
2020-03-18,-2.834476617146978,-4.932379085848406,-2.946469843604894,-16.773490254224846,-9.201326216112141,-3.5678608768794122,-7.590863479169115,-4.732871860383392,-6.1255679759440795,-7.82753992691482,-4.838060820681085
2020-03-19,1.8150104367363693,3.1792958277225707,-2.725691097868249,6.648600592108549,1.9867575673739022,-2.1469806017640822,-0.28441543923479523,1.1326823527660854,2.078549840737837,-1.3587583981737685,-5.787863032472723
2020-03-20,-4.718462880361973,-2.616573267504243,-6.570638690124841,1.0934583097403467,-3.423518008684829,-4.46615261589507,-5.190149069001341,-4.49870842319781,-4.136028153968716,-5.791955854752776,-8.627061809351716
2020-03-23,-0.6783427417836517,0.38585209657186537,-2.7413848065455313,-7.19810893306214,-6.379505736780615,-5.225327885956476,-4.496261126860818,-1.2540375202881315,-4.966542497872004,-5.824268145654658,-5.539329922116346
2020-03-24,5.871462083752705,7.642279902141312,4.420763611267483,14.984947079344165,11.85069173549184,7.30888746651554,11.460128236893047,9.878786875697939,11.076607583160158,8.061023127928166,10.337146288373894
2020-03-25,-1.5254333227288261,0.8623165644429683,-0.37213417991068887,4.641879283338068,2.552479233258355,1.302664993311723,4.878999736697203,-0.2817495851221633,2.0919682960753314,4.298995410169815,2.78258513309767
2020-03-26,5.807123295406427,4.1670657712367545,5.013799073982865,6.176270649212298,6.138169032242968,6.787988383778351,6.441707269953044,6.044143263114411,4.536088451467633,7.447777646946555,8.036473368947252
2020-03-27,-4.238968332190239,-3.5490460121435548,-0.8140512347838409,-7.234478954849894,-3.3840011391876024,-2.467186510162199,-4.526745799509741,-4.691133255614028,-3.8267484900544724,-0.3120649353316913,0.5022958790231515
2020-03-30,3.512726365593087,2.2184903990319973,3.880999028727551,1.041756153220644,1.9708815122014596,4.587557980391324,1.5199885706959508,4.063866230108512,3.3281687762407173,2.8707428347425914,3.6054359739066393
2020-03-31,-0.4584323136139039,-1.7885993418064106,-2.012039986074711,1.4398318099140262,-2.9897736954815692,-0.40641844623284057,-1.1701157191611489,-1.9592640506550958,-1.6297383890382098,-3.309879216598371,-4.129591953008566
2020-04-01,-4.0272228452297965,-4.070191510509549,-1.7580855729150047,-4.898221284724444,-6.133799211282177,-4.015714883622528,-4.659988728132528,-4.8379491014835265,-4.859386342099318,-6.256357598030298,-6.34495553481105
2020-04-02,1.5941648412631009,0.3199020586788988,2.997928949484649,8.608417891455783,2.4397496379782297,2.732263351794921,1.400692521072794,2.263308435151965,1.6145465683066007,1.2162974505468103,3.083957313587788
2020-04-03,-2.331398499604504,-1.4887933598053362,0.558611983935166,-1.4673581452268445,-2.217325994079621,-0.9529674250938032,-2.2567413245679826,-1.712687437874826,-2.3948769046645526,-0.6982345870911436,-3.694173874230255
2020-04-06,6.608404675350145,7.25754514390449,3.9744590103796362,5.101850998032706,7.036343858666843,5.276782524706763,6.8403039291421495,8.40571352642995,7.106450253374648,6.7898483401817735,7.537400059709843
2020-04-07,0.6832552958474579,1.1966314937471423,-1.303960455197869,2.125329507232363,0.876954064417269,-1.0111168909666322,-0.24838205874654143,-1.085675744155519,2.2288050785946223,0.02795816541182343,-1.2300195580784672
2020-04-08,1.5913067906453056,2.7418419122050186,1.327135630725935,6.446495124656236,4.221442276766829,4.205476658645765,3.453262196147149,2.766078142606831,4.927227772138411,6.999486930558627,5.256545796435324
2020-04-09,0.5734830379901493,1.3149359347385319,0.7307398914579873,-1.1314277132579937,4.833293841566674,0.5131043897245369,1.5853193579782558,0.006439976852813994,4.052736595431746,5.029876271730463,4.6369513937143845
2020-04-13,0.022660175816257788,1.2586072214555866,-0.5941500343981236,-0.47441145191497613,-3.577937603105984,-1.0470970479541448,-3.0055062938784842,0.18276968053370524,-1.9953089654364242,-4.706507362212293,-3.3420733302906838
2020-04-14,3.356723593339103,4.192957994351651,4.006348632959735,-0.4035476457913388,0.32705932363489926,3.2832560883869335,1.9223523616447755,4.058421855808534,1.2693227850551236,3.1739037847891995,2.9220576077298217
2020-04-15,-1.1279143101898026,-1.4246650806241032,-1.4550760669702265,-4.905123493263507,-4.367766727209159,-0.5179436762577776,-2.9576328425699177,-2.2528831569595926,-4.494896948747576,-3.8859273490794894,-3.425874820977843
2020-04-16,0.34735503538165446,2.0269747115241703,1.033622920265378,-3.866426194502171,-1.7789161759621854,2.2179258526336616,-0.7956614203246988,1.124540986681224,-0.6689517165672652,-0.7155870984270938,0.053424551273709014
2020-04-17,1.5000991313037098,1.7532601826180416,1.3465513197250532,9.743398094740149,5.190155142383692,1.9981924739478316,4.543525382143658,1.361558410717669,3.8778239868053266,3.122187737246468,3.2550759806678693
2020-04-20,-1.001622212200783,-1.2093509555392867,-2.084721049454369,-3.3514777023411937,-1.9867606562335043,-0.8827472033480429,-2.5695625917820033,-1.8765840437206012,-2.955797821180638,-3.8159612867384767,-3.9664306391593125
2020-04-21,-3.2824555660180037,-2.7507435737511328,-2.1996767302531017,-1.8606796314571552,-3.2198427630292,-3.217278916801329,-2.5042597470847094,-4.184215149439926,-2.5757305571117817,-1.6624368345578142,-1.6267991375613742
2020-04-22,2.4476499073033575,2.0199138932088125,1.1116249761933918,3.258253604055965,1.0880921789725158,1.6170337424840633,1.265561972318791,3.76370369714924,2.1960327403128392,1.9107667754272213,2.893054628723213
2020-04-23,0.7936577211099921,0.4470147796362674,-1.1595263942544045,3.000625837851319,-0.46679010410862043,0.46991226515164136,0.657658310240808,-0.6558964240516316,0.36940213722911314,-1.2155051275084192,-1.775816222127129
2020-04-24,1.0247050538707199,1.2782011657835937,1.088616996837533,0.19936772502261382,1.3086695068461052,1.4534932419844604,0.871736387938431,2.0385898939993123,1.5744917988855853,0.23244841479777273,0.6205289047357853
2020-04-27,0.35347067106367297,0.9952922987491598,0.20121328474452568,2.024672656284701,3.4433219786857165,1.2578300123722523,2.445249489730222,0.9170774589114765,2.488948770008321,2.9384606901468002,1.073963223956397
2020-04-28,-1.929167609248944,-0.46823739643155926,0.4543225185256714,2.2609240197611222,0.8353879449613498,-2.2288740570766437,1.6197045060761175,-1.3718516557396274,1.6260252982537662,-0.13899585822251673,0.34116906343820835
2020-04-29,5.015860356193195,2.2956561580599875,-0.6503407528589908,6.7855483667299135,2.879783590399816,0.6879312724036662,1.9037415485799893,4.159288456650198,2.4822596692044976,0.25921488596682035,-0.9345229023475997
2020-04-30,0.15236881426182042,0.562373768212324,-1.1258051574385357,-2.4708026854096063,-2.710752176313516,-0.4802516777730208,-2.0397155132163327,-0.46744579456830504,-2.9675684003329055,-0.5808181174317073,-2.418082532420404
2020-05-01,-1.61074356051046,-5.021723085309369,-1.0164597163634437,-6.1081994800759345,-3.366381712798352,-2.105423623715061,-3.1471818514921943,-2.9086277201831487,-2.0907356088670994,-3.350095949258795,-2.480191332243827
2020-05-04,0.3418143139656149,0.7082995522312266,0.034998798808222424,3.677251873198034,-0.9684599708235335,0.06794903349523719,-1.1832610246389799,1.3722454017282566,0.5098388345239483,-0.009720014319849937,0.7491298909156305
2020-05-05,0.605483076383396,0.3511045776424004,0.2020643391316393,0.33897152706868183,-0.11707413137149855,2.222984137411534,0.4156722965338669,1.4305741433696324,0.5171571647180312,0.5801570939006749,0.9219751111312873
2020-05-06,-0.526063661759492,0.4135486028359438,-1.0513600946578912,-2.789058500907685,-2.3261462275567086,-1.088267966155541,-1.4128654917370667,0.6958765049265745,-1.8567511401543482,-1.9174206136611993,-3.5834116917779197
2020-05-07,1.8007267662653403,1.2958781620409845,-0.41508374317862917,2.529182295347086,2.115902231524372,-0.06893367875898856,1.1453887092925696,1.5123942164231654,2.093016319017583,0.8701638855017094,0.4300606586395209
2020-05-08,1.5424033081738966,1.6081208079930642,2.1233687884327845,4.225628220629563,2.135078648351345,0.5633019566849011,2.34060462472291,1.4097647947257874,2.17254207795643,1.8124476383943542,1.9679719844225654
2020-05-11,0.13874361874992397,0.12065811069045773,-0.1501752473838696,-1.4786886526679,-1.9402208351227443,1.626094675402145,-1.277649131863491,0.6910100938144029,-1.4753817200559483,-1.1716146019049825,-0.4808115784388337
2020-05-12,-1.931030586337865,-2.3379509922436457,-0.7422116888075112,-2.419309941552665,-2.6943626629134942,-1.5718276559666597,-2.83633958692905,-2.146472684720768,-1.5880000341187313,-4.32847920767531,-0.9139298929948374
2020-05-13,-1.7210940906836052,-1.1574772244522449,-0.8574997797517285,-4.474127181868658,-2.974605226853714,-1.1035946283077502,-2.821546149743462,-1.6338014106589038,-2.1007285984633177,-1.6881710241666246,-0.9163777437667207
2020-05-14,1.052687382171686,1.281283153633364,-0.3247230137339135,0.8955250922292374,2.514821449233051,1.0802551273905239,0.9643373370045103,1.2742271555323794,1.0096428265316941,0.013317987403844211,0.9382151409823197
2020-05-15,1.2964086676983155,1.010241549709609,0.9025523572475682,-0.34193942597957744,-0.7392649206485851,0.6820796193090238,-0.3502124089568712,0.44360626719308627,1.0810220196576736,-0.459186051816666,-1.4225475781384223
2020-05-18,2.2129299734312684,3.018100709198021,1.634310015286272,7.050830928817611,5.097238035966904,0.8427648243379863,6.200774156830213,2.520615013235645,4.336889796735659,4.721406922071475,4.038165798459735
2020-05-19,-0.5002759098029687,-0.031598102745997884,-1.7741520889543971,-2.8248111266492555,-2.556175487700704,-1.241414398161866,-1.2662018261781405,-0.41101545744642415,-1.029680385490557,-1.924885616596853,-1.7130232355422848
2020-05-20,2.590631167978713,1.4792179185889576,1.0791311521203417,3.800035139135914,2.1728795417530233,0.013429770649711728,1.6848886975489525,2.085083713703608,1.563297131172279,0.8465590645600704,0.4846908911927355
2020-05-21,-0.45229536643382967,-0.35759267025117675,-1.0487761938119726,-1.5895102174075977,-0.37214000969818645,-0.7841216769456777,0.1661258058792598,-1.404298575778597,-1.0493057907521597,-0.6040749023097384,-1.0131177338388395
2020-05-22,0.44185816554091206,-0.19605777893613902,0.2660217633686536,-0.6962945438726438,-0.2179938861725851,0.15183358100404665,-0.10751199460361797,0.4122865990035296,-0.15163841177632612,2.1882855891551913,1.1259351452582853
2020-05-26,0.28544084877877,1.023183496911336,0.40538091850048463,2.9402299984208797,4.749863138787958,-0.2385439292705826,4.061124374415777,-0.16290716520434664,2.5111075403400873,3.0960286499836585,0.7169196353222953
2020-05-27,0.518139562960582,1.1347550189030382,1.3484524774379376,1.180121091592361,4.114677519778523,0.980688611074955,3.2099933839556356,0.4764067193602865,1.066390404211815,2.220147062677412,1.0524144353471596
2020-05-28,-0.8862593558159292,-1.0651191214562286,0.754909551861452,-2.9204864734200835,-1.5596500730428318,1.183692487183748,-0.8588022502318555,-0.18584395232230974,0.7251947752528601,1.236829804633568,2.986423287476637
2020-05-29,0.7509903650154913,0.7170199503677723,0.15077071745456838,-0.03435946550060913,-1.185179123321692,1.2797334913339102,-0.6052302845295012,1.1167934631873375,0.09075122498271988,-0.7422319368919059,0.7870134256078857
2020-06-01,0.7149794362894534,0.9472522156923111,0.5659860237233799,1.5492386945254468,1.089995519644567,-1.0610097927810187,0.20576465738220734,0.009997673676577726,0.49047313765750916,2.0086002890401633,1.0640180383653124
2020-06-02,0.5082578741413434,0.6009476634871252,0.18206545739222837,2.4841269288896854,0.8547345983303039,0.6213728652411399,1.2907072063255647,0.9045352128502896,1.7027782139269805,0.6445830694507189,0.5955387940947382
2020-06-03,0.2105253866937529,1.4950730870312972,0.1551552557055841,2.9420623822547576,3.678146800675736,-0.19568726974064302,3.7758473154530803,0.7793891604397147,2.1124474155335444,2.2797737843603367,1.2852069038698548
2020-06-04,-0.9074058714219828,-0.5941825781831019,-0.6490041182979418,-0.2823853382315486,1.879660173793473,-0.8307969409464431,0.9334150319599483,-0.8853693963335295,0.28999157060946607,-1.848140841558994,-1.9707177964860447
2020-06-05,1.6186990121144549,2.0095281493011248,1.31921889415368,6.99969151799619,3.788896176749526,1.6699309019474182,3.7451797954999466,2.613654258790241,2.437607503402652,3.4309541445290934,1.34179774845117
2020-06-08,1.0575396236197938,1.5471823558609572,0.8358504843675895,4.063483891896856,1.7536736647047058,0.5687080556612596,1.9577761974289205,0.41362606118098005,-0.034086291425567065,2.1022158460270983,2.5980250745342715
2020-06-09,0.13798557511586407,0.049209384917372694,-0.8131993954100747,-3.385005692217183,-2.1491884792044833,-1.0644791580347375,-2.628854759786618,0.5350063409957793,-1.086254527545206,-1.1763379745663918,-2.158138634541653
2020-06-10,-0.1550922093133582,-0.30335980835514614,-0.17089183267150942,-4.945126756596841,-3.8034547510123247,-0.14641323850342464,-2.4557317858217256,1.7089286011109328,-0.878378020210716,-1.9183447206179998,-0.5431438553793823
2020-06-11,-4.781214320886113,-5.025505589472552,-3.6501247185218095,-10.176071194527683,-8.525321806615812,-5.806638059756344,-7.441291210222657,-5.959205496379783,-8.227309630343255,-6.521785725585638,-4.064150392214058
2020-06-12,0.9330492319257999,0.6765252461926329,-0.3145548121587486,2.691201066009876,2.9143558683974535,0.6975758544844162,1.9653826258259672,1.3198625253385485,1.8978122848052108,3.1451030256446053,-0.21696613018890115
2020-06-15,0.9664619734014165,0.8766069600085237,0.9666565357977018,0.24198996886470778,1.3275081731108693,0.12035185640146744,0.897948185292658,0.8664173248803807,0.8440633230620688,1.0215535242867877,0.6220836302452168
2020-06-16,1.2088484031524815,1.918332562155776,1.565796649684613,2.7895763041163053,1.3684845280406903,2.435090309465828,1.9514565913963873,2.1006859919473344,2.0638639739778344,1.6619144546754907,0.4563051357947885
2020-06-17,-0.014934270502217795,0.09933264378107362,-0.21108940678255153,-3.340792395647281,-1.4041615267555254,-0.15329681682992014,-0.668576350787064,0.0022795740751336787,-0.7748123064338431,-1.1517275156796307,-0.3126829597487174
2020-06-18,-0.01686956415532455,-0.17401190641879233,0.40955384180297594,1.1697881270368893,-0.08655662458382332,-0.3185465046411974,-0.29920817395284904,0.5039452666813559,0.07762502961070325,-1.3669483532658009,-0.04388867544380629
2020-06-19,-0.34279167341447064,-0.4161839894937687,-0.5873375295281511,-1.7367033414041828,-0.697646489991375,0.7588912795070529,-1.3048127288937221,-0.7727843106626383,-0.38332518872641463,-1.0349588844926247,-3.1678701107190537
2020-06-22,0.618310209647163,1.1030702123559475,-0.0735544545895075,0.6458757801311157,-0.48287575987720066,-0.3023631150703993,0.1485786124642683,1.9468668976954788,0.4194914202902052,-0.3165140826373497,1.3324630213612263
2020-06-23,0.6465363492626869,1.1057885306383637,-0.18354551578983272,0.06552630245081176,0.4164923991896609,0.4204521967413525,0.018261482692422747,0.7234631461811161,0.18900020825563574,-0.37805247680017007,-1.0700919263742077
2020-06-24,-2.4160773684078722,-1.9968366168374723,-1.5668668133791754,-5.736217399584698,-3.513228498729496,-2.6989788963832906,-3.5802208317861752,-2.3271910159980025,-3.047182407308896,-2.6812744628139855,-0.9491823636941665
2020-06-25,0.6167228471085057,0.34773321525410356,0.5962898563643754,1.85456772824589,2.6060268466654635,1.0102624716799917,1.1062446985867243,1.2893502270381694,1.1987808780973503,1.0583942179692967,-1.2310817134774805
2020-06-26,-4.83968755972078,-2.4590333702206704,-2.0245064910548938,-3.5136649416858083,-4.3770379262848955,-1.2252851097129875,-1.8772669710375423,-2.0673823538069263,-1.3412671537389826,-1.8927203828164718,-1.0405442998003767
2020-06-29,2.0889803033878747,1.2090681532442025,1.7217391304076086,1.4483799517439928,0.9783572082681603,0.865118929435457,3.1088895478255156,1.0963813694690185,1.8479719503169703,1.69306458615637,1.8366714074716806
2020-06-30,1.2968137282024568,1.7820304643477092,0.7978077952766985,2.119657881419003,1.4751132248896925,1.7806761650572267,0.6355143710895358,1.8322065246167711,1.4226217713614038,1.5752583267157925,0.4063687785222243
2020-07-01,2.217439542887337,1.8455478115935506,0.08531941294198678,-2.5017525210181817,-0.9830938092212439,0.6970654807866165,-0.43799818585058553,0.12141295864542889,0.33964698613403427,2.5228156476746135,2.2619011771932653
2020-07-02,0.01221612441155549,0.4082988864454403,0.3610582700081837,0.9917425549490735,0.06515026622431813,0.6925806227895935,0.8341715727341784,0.48314163985427167,1.739382166614788,-0.3680380132386415,0.22588359812862865
2020-07-06,2.101168572159991,3.2959400672426202,0.43142997992523213,0.4338735007513995,1.9469394298984273,0.9951259741459847,1.3743904408770535,1.787679594967035,1.4165338751556256,0.16705277891286255,-1.3432676858790618
2020-07-07,-0.3894994452881965,-1.8010182340149974,1.400259691185009,-3.2975028720413406,-2.0761097332300382,-0.8370726535624662,-2.005856972109539,-1.0344853925873663,0.10509509320169298,-1.6158566788702329,-0.34988020958074745
2020-07-08,0.9103684117645174,1.608949475854202,-0.38096192628153747,-0.1333496751164986,0.9953228923222934,0.061900040212807234,-0.12148299205542874,1.5943246371566895,-1.4305678425649817,-0.13122471116800408,0.8840409219644442
2020-07-09,-0.042295278666590524,0.8614400229455604,-0.42380595450757974,-4.8903376247683585,-2.116438004902933,-0.8668752153986445,-2.1660071150951667,0.36457980805323015,-0.8153758790971121,-0.3769751448161226,-1.3199096526895857
2020-07-10,1.7715781521378788,0.9783708125799223,1.8989703564663507,3.2714362653518463,3.373558453409308,-0.2411089553519348,1.3376855145429651,-0.05380283807604506,1.6103228085323793,0.1536202083328908,1.8740131239721465
2020-07-13,-1.8773282907729503,-1.8186161856427134,-0.27369815609008524,-0.4599341780978023,0.30944850042691757,0.5234162002225691,0.2953641309871765,-2.161114108338668,-0.07482832272093753,-1.6440037485368038,0.03852697733567155
2020-07-14,0.806746527543896,0.4514868746372479,1.5802406331347594,3.4541684791524765,0.7624366652306124,1.950440621192783,2.014375643630247,1.2282984543563757,2.491123692244156,0.9479897780324027,0.9672081151702838
2020-07-15,0.267770776615502,0.2568056778489213,0.02556535920007401,1.874752501876246,1.8898629312711899,1.2754315894961954,2.5280131260619534,0.5194742742679518,1.583398083816655,0.4803054244495812,-0.45021182021394424
2020-07-16,0.2232055853106064,-0.3212979365923284,0.227570223005287,-0.5450980764147517,-0.08254479414150567,-0.14246658448798857,-0.11681595940607527,-1.2298323936549693,0.3410184626422508,-1.233381376260822,1.3089249119148028
2020-07-17,-0.31858838922695903,-0.7409339370795046,0.3700897103335948,-1.5447411094987278,-0.8463853979990343,1.336367238565026,0.5153968830790898,0.44837381257785547,0.9098538171395666,1.369384040070095,2.2541340414634
2020-07-20,1.2129474509393021,3.2598471892053302,-0.8987135490303182,-1.956531918747958,-0.3449805995932539,-0.06890479753659014,-1.1966091298573434,2.5353566614968153,-0.7523515831839042,-0.9829292642330743,-1.3711718583450918
2020-07-21,-0.45863809233010006,-0.45312364144770995,0.9559777747196717,5.931718720196074,1.8294043104468578,-0.027304617186807385,1.2673751418745527,-1.060210176771926,0.789177968251669,-0.014947043516406557,0.4126659008504107
2020-07-22,0.02110008807499057,0.1872281059219404,0.737083248441867,-1.4042083051424694,-0.08344547921395427,0.8733462926150707,0.8282947019737289,0.8155385839623056,1.1428238236789587,1.1746222728011588,1.453666562827506
2020-07-23,-2.0433154580957997,-2.203492499747977,0.11689821874297615,-0.18073336515743021,0.1413209467333879,-0.39608927556624307,-0.32291830554531903,-2.6590468361301762,-0.4114611859415723,-0.5001658859453849,0.10936642682295197
2020-07-24,-0.12036271766104267,0.3426942343401366,-0.19274215301178077,-0.5970100646935238,-0.3519061759430087,-1.1180882821333855,-0.7978941576939935,-1.2482722610993655,-0.24937011786634666,-0.39918411470495596,-0.6400613741623222
2020-07-27,0.837792592012317,0.8421385040102077,0.5229660744531459,0.3517607776481142,-0.8186259865652266,0.6436367750262878,0.360074757347152,1.5762356960264132,1.4209748316431021,1.0876651654551024,-1.2728000943457787
2020-07-28,-0.9374344870112927,-1.2631851507595473,0.24120285233267116,-1.7415234027433586,-0.24157564598984207,-0.10026541361851661,-0.658930351266924,-1.2212998683863838,-2.2943485138205753,2.0077152611550417,1.5374979165195701
2020-07-29,0.8016548276629478,0.9814613353737242,0.06802744643960665,2.038384507974994,1.9970638635586144,1.066845419098625,1.2261016900932384,1.5232549259060655,0.7314421117537319,1.7631839178959647,0.4341478250276216
2020-07-30,0.38105289591559194,0.14434553084894186,-0.05636491071678067,-4.227647107116396,-1.8683887686403013,-0.8384269360695824,-1.0005066051573557,0.4746142800137607,-1.8589665905013093,-0.8493798293346708,-0.022587221962836183
2020-07-31,0.6968053811908558,1.3785139726865925,-0.1596208907284964,-0.9424511804246256,0.03724082957439566,-0.5768734433348258,-0.45723229840346563,2.4559057375718756,0.1340781184072943,-0.0013520212242117415,0.19453224108949574
2020-08-03,-0.10630696925690757,-0.6250974372054713,-0.25761045675904737,0.2715056791508903,0.25043744764577386,0.8946863181270422,0.3532965136197754,2.4244737715764595,-0.6480486941364282,-1.6965328992171917,-1.150983380410279
2020-08-04,0.2405883453728681,0.8027588042282676,1.3593261989167849,2.4913949556346733,-0.4105728930339429,-0.4579411708250503,0.31574947385593277,0.2168931122317457,1.308791524063492,1.3898855040152003,1.0468319602110137
2020-08-05,0.21603438758452792,1.4528940183297394,-0.28346795369751393,0.881171327607459,1.4370172325739274,0.45832901243321295,1.8110052786546356,0.39310906472962986,1.418337595982676,-0.6639349773623255,-1.2609971857108684
2020-08-06,2.3894091041726275,0.5201067936344562,-0.002360669953756181,-0.6816156595914158,-0.11265197859426258,-0.5860954917579958,0.2845955581034557,1.4590974598582083,-0.5204383865687633,0.0660101252626576,0.504569287666437
2020-08-07,0.24411210093504526,-0.4246296981714742,0.5127233246013966,-0.05769017108733619,2.1271037722515036,0.5264211060060117,1.765001256909825,-1.6107149511548111,0.27477049835227624,1.3603052148379329,1.7816367073218249
2020-08-10,-0.5105208078159749,0.6393526572188848,0.4995415845036187,2.987084284452094,0.6495598920603203,-0.3423580425657324,2.4106244797779057,-0.33813095778402946,0.8055425886450629,-0.17327497075500448,-0.1117220957530799
2020-08-11,-1.325193060906183,-0.7027641750976944,-0.6979425858751881,-0.09990970143654399,1.2143714545821886,-0.6285221547150481,0.5270809694834915,-1.80544729310945,-0.1895979229807705,-1.877457745241699,-2.1594203220046078
2020-08-12,1.2589384512403041,1.6627054489420632,1.3658286462218678,0.43292474493453914,-0.2728511385345086,1.711539208397461,0.32059951845759094,2.276042400787893,0.5936899208961424,1.2655855438473376,1.4399770491821924
2020-08-13,0.3649006691354559,-0.03116026830810533,-0.10825201496935158,-2.013741641833077,-0.6030793238353273,-0.21141994525328497,-0.6685138090042821,0.03190481483485726,-0.05492602263429546,-1.198725221635582,-0.38622628538958614
2020-08-14,-0.11490857480579478,-0.12155374125222539,-0.01712324942583712,0.8688016883604153,0.21247103968323355,-0.20579398144484157,0.4538640269973215,-0.10721471000767754,0.0984853902954116,0.19756409321777507,-0.9161752441892269
2020-08-17,0.13523304037316095,1.1320462226136632,0.7216022088955323,-0.6099051805982935,-1.5729730361079792,0.5746758350536915,-0.49741189487468684,0.6576850342357013,0.4689783215181699,0.8304338410616982,-0.15006011577454517
2020-08-18,1.0804715980896973,1.600138723717777,0.2638035055526599,-1.72298316478345,-0.6123144805329587,-0.04558716520270059,-0.5190629913883562,0.3949120057850859,-0.3235875095172329,-0.14610306057836414,-0.49088645446527096
2020-08-19,-0.46903423057047977,-0.7945428471584619,-0.7999881560869557,-1.092207203589519,-0.10575503026948936,-0.34367809557341206,-0.28428243012048904,-0.23784713508397626,-0.28658228147092685,-2.0580689265394057,-0.31643460495486336
2020-08-20,1.3659161670912265,0.20384566085552333,-0.4382971656755682,-2.152283389116006,-0.863763607644064,-0.2905913470716441,-0.4335524985886657,1.4207072229327413,-0.41859842344525605,1.1073536787718865,-0.8938397744969577
2020-08-21,-0.34092007126876567,0.29301684026173563,0.33986519535556264,-0.6284772641785578,-0.22642301792849526,0.09903306148997798,0.21684154699722655,1.2158503717135594,-0.4359899913669927,0.2667822926013663,0.13004268929120893
2020-08-24,1.0167616719986754,1.281289845029255,0.7768850960733561,2.7545163802659807,2.2960442925053828,-0.5417288098949881,1.8453340358546046,0.8643797565608524,1.5226232406928815,0.18310298756380705,0.9205867130022225
2020-08-25,1.041248567627468,0.5480239573853232,-0.14639479617126538,-1.67761270853586,0.24986896975980377,0.6922545180158495,-0.11132425075813425,0.502593153200278,-0.2498776139308569,0.33991867019233474,-0.9242374463048632
2020-08-26,3.626958482731484,1.5091613341271495,0.1214673182699605,-2.246663433387815,-0.4419544392004318,-0.1335258426351902,0.05355549248221365,1.968506493398041,0.9678662295212933,-0.7911732238510174,-1.2153922459603568
2020-08-27,-1.3300841092601154,-0.7415081407832788,0.8475689622586244,0.19036369463687383,1.678805446121064,0.7847514846346662,0.3872271063850645,-0.004439091729967931,-0.23889721385321205,1.3415551828202334,0.2927105281049977
2020-08-28,0.3819083243665398,0.5012907006491216,1.1167980772569257,1.9287147185329072,0.4664136406531637,0.20851669988655375,0.9071103054658928,0.9656658005719309,1.0858922912115287,0.7327807337298623,0.2637244755963624
2020-08-31,-0.3804897284962502,0.21691727151684298,-0.37062004448088787,-2.2871295674769416,-1.228860330750973,0.27270948155498026,-1.2075561697226063,0.34937702131100207,-1.4254363798984182,-0.8409996907565322,0.3193925950215243
2020-09-01,1.0724805674452111,1.0892358027126001,0.6088882907125724,-0.938623246182435,0.2081947084510265,-0.956856427783665,0.860103835984266,1.8584523994962963,2.681721817819736,-0.1494557207113228,-1.1432012011132617
2020-09-02,2.1715662546457772,1.2240378050847953,1.7735811780432076,-0.29003303721695983,1.4936425370382738,2.0188855787848343,1.6649319996089456,0.8473566315936787,2.1278056761646673,2.175134925429447,3.071241915741452
2020-09-03,-3.485513306468002,-3.6937150232689673,-1.9748534173287102,-0.6280180427552303,-1.627839669160856,-2.7681279298012327,-2.858535714086559,-6.038194360691943,-2.770305778402485,-1.6835105687988003,-1.267394529765442
2020-09-04,-1.9536737424119706,-1.4411995560523319,-0.28562721317034406,-0.44002892715511793,0.7156248993591189,-0.7083503211316001,0.28564845751356416,-1.384979554721017,0.05286272645978499,-0.4717715542119215,-0.5598666966174202
2020-09-08,-2.4701086031622514,-2.2675736724420044,-2.170907029690957,-3.7197005812326887,-2.5495639126412644,-1.6823364196422408,-1.8918307475214904,-4.738793812733597,-2.027855387683572,-1.239990101090317,-0.6024835648447746
2020-09-09,0.8382073808580977,2.362835959038819,1.4719921368151276,0.4529861722832951,0.9095105119578909,1.774702805909602,1.5704019171235228,3.288215284253114,2.621457365533228,1.2522808706320878,1.2459352872770046
2020-09-10,-1.5706635595573015,-1.846651339641827,-1.3047527785405544,-3.5742361332817514,-1.4006371361876846,-1.5896379032936687,-1.3477375166340757,-2.2740548044992477,-0.9661486341055696,-1.4656556200083033,-1.7902110500422637
2020-09-11,-0.27911041094196676,-0.4083110418503133,0.5564566621620171,0.2472468079740522,0.7431849578046299,0.3661152938661326,1.3687925464047537,-0.7676305023229536,1.2999923641993054,-0.2522524580194375,0.3316447133515298
2020-09-14,0.022674287917978413,0.6269267581404386,0.47271569650459105,0.5562214263471636,1.281763050964854,1.3499541329271132,1.3615680219899646,2.0606651197093475,1.314022750666715,2.122819993486544,1.2942171149454724
2020-09-15,1.7812343374360233,1.005829047487395,-0.09681113535771603,-0.7824021375384337,-1.3488172630735193,0.1429466221080501,0.052497261654562054,0.9887029068954165,0.44388196893736986,1.4216260722112877,0.711778125509643
2020-09-16,-1.3219736067086902,-1.1598982583448663,-0.584254013048328,3.968498288063437,1.0492012047062742,-0.12519508910881189,0.9541852671802298,-1.5883470781024254,-0.008489939242268029,0.5743296055841849,-0.24898655341004033
2020-09-17,-1.9114801043051206,-1.667264612459684,-0.6397051164067037,0.2191951935153658,-1.0192872956486738,-0.23130300913469692,0.24154864311994065,-0.8455776300134477,0.7063812456016503,-2.2727839141937487,-0.8329308711413812
2020-09-18,-1.2351871788452453,-1.509128473603922,-0.9756175489584411,-1.1635437148385985,-0.24629836614908088,-0.12734890759845766,-1.1533523671401096,-1.694311021545751,-1.6829034276446964,-1.969412017227156,-1.8142972971602698
2020-09-21,-1.2245732111248189,-1.120224909204143,-0.5275496241003387,-3.3411463162485546,-2.513531187433693,-1.8402789582902639,-3.4682589811224687,0.7582567474630387,-3.380935492733971,-2.8425341282686998,-0.5889692030688098
2020-09-22,1.8053497906116178,3.0396527141355163,0.6665786828122637,-1.0959187449893202,-0.779709459556523,-0.2211681900610713,1.038082493562297,1.6161726736857072,0.3153514140612898,1.1982757049655,0.6384901964305809
2020-09-23,-2.837920972507901,-2.3416378730801246,-1.5953472862920408,-4.625526653484908,-2.260599493150715,-1.1005783365179145,-1.8171477925792454,-3.2670161622229354,-3.0152478485739125,-3.0016583678744873,-1.624498897471607
2020-09-24,0.5019401057441741,0.1429381856515481,0.7269570322137351,0.053331790890720994,0.181280821678427,-0.59131270155156,0.05854622708863582,0.6095396675627535,0.7381027187045203,0.357555535480141,1.1601445134451716
2020-09-25,1.2592123799853856,1.6147517601199244,0.43733414256722253,-0.07049965891463414,1.0463807414384256,1.5961778960935844,1.5579430110778678,2.347526175137757,0.6465624524769368,1.9658662844160537,1.5948693472298
2020-09-28,1.213349329804716,2.1459521089577875,1.0280839263712802,2.306589168454052,2.186371629512751,0.7767599194392857,1.8057082864453458,1.8023355742162708,1.5894288779399282,1.6580770493250971,0.2595470677378206
2020-09-29,0.3718345573694866,-0.7843282584716746,-0.5626883163258742,-2.8432059385756667,-1.1921861863914707,-0.09173697560441293,-0.864214286428824,-0.3115893500467096,-0.6183275126088424,-0.5706983295361704,-0.08139670874054535
2020-09-30,0.1130508442567248,0.5984962508096644,1.253143566637296,-0.20085508288080725,1.2183626236866454,1.6826785203849397,-0.2275604610113569,0.8797086949726347,0.897703746069905,0.5300372659133734,0.9101329953147862
2020-10-01,1.3359718593838792,1.530737070239429,0.6624544994110092,-3.174952620079487,0.18357652578444816,-0.49037550092914295,-0.3156752249856837,0.9620518739264348,-1.4258523223262267,1.4806983194347427,1.0110973018202114
2020-10-02,-1.9945696475714807,-1.1952295269542799,-0.7140733662808233,0.9651421835161711,0.6207225933435592,-0.9124005345371413,1.0319471345192028,-2.578734342521069,0.8226271144489213,1.5766341152587633,1.1204036591770627
2020-10-05,1.6014411440491783,1.6083465220615694,0.7541027461910214,2.821511310961443,1.4857227143832092,2.063412903271475,1.6529549737182725,2.222824257806685,1.8247533197069463,0.5564740430588803,1.253638728674773
2020-10-06,-1.9538381661976532,-2.1827607387558166,-0.7111472566600175,-1.5047681577746388,-1.0570078616017566,-1.3711996031230513,-1.155843311011722,-1.6311333764729044,-1.3591599617947927,-0.7930176007186851,0.8483506348749349
2020-10-07,0.8682079704355764,2.4626063047828777,1.0931565376475463,1.4257015291539956,1.6517645194891202,1.8518999046392615,2.186982719649753,1.8616728791600747,2.5866331680741834,0.296868750760247,0.6223191703881659
2020-10-08,1.0423073958299462,0.3876770629277836,0.5724462852195549,3.862229906237828,1.3386562598832006,0.4594660075406128,1.0119382331479871,0.4041467088804789,0.8751336416783785,1.5575083574178996,1.7830469114911593
2020-10-09,0.8129940640550649,1.552331704769772,0.8026832953536897,-1.6616285229973013,0.06758418516876996,0.8865077196910797,0.4295377103379934,1.489623374931706,0.7838241437709522,-0.290593811435057,-0.04484578545063109
2020-10-12,2.3991730044946737,2.229844023447665,1.1636652697216416,0.24052331780967887,1.1228163200612153,0.6124896685076107,0.5375971510567782,2.6792590901154334,-0.13010505807430484,0.4543396550843901,0.6758308563424388
2020-10-13,0.3531868555660094,-0.022407922029834118,0.10547835121380986,-1.6300798827411935,-1.871199566354673,-0.7332541421923419,-1.0473864513223614,-0.6789061361264569,-0.9604084502299858,-1.688979496223156,-0.7109482968994525
2020-10-14,-1.257140132337224,-1.5229323974729714,-0.6060923147869176,0.13710775258999683,-1.0885481580234582,-0.6560567963585878,0.5039363103726842,-0.552010234745316,0.3267234943663118,-1.154108052394702,-0.1539001845569829
2020-10-15,-0.6641116568504405,0.03514094153217133,-0.035004191474267345,1.0857341814432682,0.7704392863508094,-0.7666582172970063,0.2680382946542102,-0.4585307280433249,-0.43434392088857665,0.45270089224960985,-0.05766422860792032
2020-10-16,-0.002837146011706075,-1.0569397753506573,0.07263422722747132,-2.3195051100267463,0.05876101822347377,0.9973433528248821,0.640010889259594,-0.2899575383045198,0.6593258146120602,-0.3428283448820817,1.075214458664619
2020-10-19,-1.9509767879750113,-1.602232243321496,-1.337602710125665,-2.035755797590181,-1.5754159211322278,-1.6655703630272323,-1.2985869382130528,-1.8897277920906328,-1.225147433646875,-1.5602056465106737,-0.8621039597785017
2020-10-20,0.8543105655315661,0.6649679757128812,-0.0238503832245953,1.244014542014476,0.8102423623603893,0.13563458920565805,0.5643382709023403,0.3919957628068657,0.2311056764377372,0.7125061255869836,0.5613409389575935
2020-10-21,1.1698224708168796,-0.6538644975863764,0.16790376354965708,-1.8182809724651086,-0.4244853455068488,-0.4418935865753104,-0.971342128466607,-0.13922973802304334,-0.29802059743933,-0.4125900087330035,-0.21273030543770088
2020-10-22,0.8346330212328257,0.06065399276754147,-0.2470774101528013,3.954755006156867,1.768538933954226,1.449573382841285,0.711361937116183,-0.48627651035586894,0.4096182365369097,-0.8725383228526035,1.4426009945748706
2020-10-23,1.129461998851084,0.8708257086564953,0.14676899094137777,-0.7344861206109299,0.2852526694188215,0.3750435888184662,0.41709190072151253,-0.1556793745972854,0.35380622244453785,0.7057373971125745,0.22905866511309012
2020-10-26,-2.328602572500266,-1.4096499975474903,-1.2914769497420584,-3.4465380000727657,-2.2554906655782974,-1.1302379624549592,-2.492878808125539,-2.2010778185743622,-2.505380134029232,-1.161389072110214,-0.05425906957744309
2020-10-27,0.5673518508816779,0.6220693417817492,-0.12318724274486813,-1.4804677837047093,-1.9524553909049922,-0.7924477810041644,-2.0254479834628873,0.4404776180745038,-0.9749782087352119,-1.219883322513182,-0.07619513457783386
2020-10-28,-4.226583215473431,-3.4928518377511337,-2.9332958763089954,-4.255086294937654,-2.486860459877678,-3.2870759372591616,-3.1340170440826944,-4.566010983493253,-2.94807919211927,-2.4562079370211287,-2.988658997479117
2020-10-29,2.800040390923632,0.9516863452682178,0.10743915334762849,3.2530709240694557,0.6804639096009883,-0.746938099924837,1.503600540752637,1.8732731620541294,2.1009734197852445,1.1690325532480659,0.27197873629039415
2020-10-30,-0.5704956662091292,-3.217661342711379,-0.5175513207060317,0.3227524972493935,0.23045700008389763,0.019902017670831922,-0.20436342112561182,-2.5302819783447466,-0.10937388582874764,-0.8008489271541743,-0.9475248889464002
2020-11-02,0.11588141404108199,0.20565784997927916,1.5650248739136672,3.6491739717329565,1.8883083178462312,1.8336636669082893,2.652092784203071,0.3227560757321969,3.342527903141905,2.4436360239877963,2.2011240760392754
2020-11-03,1.3509509328102112,1.9707515406087959,1.5640447727236033,-0.6104650799464492,2.1599998993267504,1.3888810426420213,2.888519024452297,1.7488349825547127,1.493642754472569,1.4283986602098278,1.44607719971681
2020-11-04,4.365543402828719,3.241962174867936,0.08207124370489496,0.06771492452852046,-1.2033604690855115,4.249510742843867,-1.0338863357015273,3.7603995443487332,-1.626557865173371,0.2111564872987346,-1.616917242490027
2020-11-05,1.7389214911486124,2.1009035891000587,0.8080001862577368,0.08701583098330518,2.3535392137548086,0.13053640819676618,2.1275712762132932,3.0773845481625104,4.007387658990495,0.3564221519631879,0.9315756482319012
2020-11-06,0.1212924718039987,-0.2620720132457511,0.5405945894436214,-2.1520276091334503,-0.8210265031831123,0.16605018858766984,0.20350038053588448,0.25438757717202376,0.24362217087483193,-0.4542724039260813,-0.23579648981831217
2020-11-09,-0.4703452125846651,-1.8342444838641394,-0.6087660069170173,13.114218535147632,7.621876478944225,0.6234692654389751,2.9607296567059067,-0.7088638584919477,2.1016921907630093,2.1534286165666128,1.7874941028522788
2020-11-10,-0.4361449759601801,-1.3527162994891195,1.8003254098577104,2.388169219223851,0.770532927722061,0.34836493564259874,1.693721770877888,-1.9313837190996757,1.1471300842316847,0.43538513115941785,1.4052895620803156
2020-11-11,0.5745042384365044,1.516201689344981,0.9588560973671589,-0.8286338225348265,-0.482983146203845,-0.2171648919045773,-0.8429105679452626,2.3399483329420643,-1.3794446958363245,0.725741806914119,0.3380025559389968
2020-11-12,-0.43452191136708573,-1.1774741574978804,-0.1828836531267886,-3.358201096917296,-1.6984117061787347,-0.4317538858978802,-1.1791016783331447,-0.9579228688044338,-2.273743854284703,-1.0700705093509773,-1.7470077957755314
2020-11-13,1.2798872795829876,1.311786965821454,1.3460941087289724,3.650561595271095,1.5077975024352328,1.2995849148852054,2.075054577298252,0.8294553300615852,1.537206397559633,2.291547611210708,0.9153088317371552
2020-11-16,0.5969863588632535,0.9761572577042006,0.8642949404006797,6.33702590161551,2.257224525718739,-0.18347951743664354,2.4414736330231808,0.946437520770328,1.8646090640907902,0.4935720114587025,0.9670715218532329
2020-11-17,-0.4630862147079739,-0.2495085877339063,-0.6389832108520023,0.47531837946309435,-0.1553958152099814,-0.7788524250546672,-0.3383165970300306,-0.5436124369491789,-0.42494800102266245,0.10106418743521225,-2.0409464086944933
2020-11-18,-0.9536561871499531,-0.7844736038949283,-1.1929228622175385,-3.0515115779516013,-0.9308911267227252,-1.7718632212273586,-0.5302854199038194,-1.1149494744411452,-0.7879121651980346,-1.7066654239541215,-1.9568205792214985
2020-11-19,0.4237462122485438,0.4037889885673362,0.4010640050690769,1.4599877358265698,0.25308268856067895,-0.17796320770505625,0.2235197285906515,0.7999719513479,0.49975884873136145,0.09391494485108394,-1.036442551478686
2020-11-20,-0.6535090118967354,-0.5566337214906023,-0.6828779942842091,-0.501451337606123,-0.8720221966223837,-0.17974721978446237,-0.9222451079483824,-1.0775514451074306,-0.19905549602946018,-0.6881097591335197,0.04592168831363136
2020-11-23,-0.058990850060155364,0.7844059691765503,0.0996007561415533,6.741175826146744,1.8759560771326935,-0.32114285138836285,1.5828700589370115,-0.07351436049781238,0.8340139211749408,-0.3737068367219649,-0.019896901440315903
2020-11-24,2.316458554346033,1.2916406677162258,0.6734355812540417,4.977745333787466,3.406382849800212,0.2800061952779126,1.7775078612117656,1.3834745115377467,2.3603089521919043,-0.05474543013375302,1.10092277092214
2020-11-25,-0.3103338613600902,0.6661986574699352,-0.11902011720494407,-2.524421775468747,-0.35802553704240603,-0.4383058700189267,-0.7848078486289518,0.226462161449273,-1.0333262617720729,0.2031485007813866,0.1126187254854503
2020-11-27,0.6497584926141458,0.21821715344071738,-0.07025226320879646,-1.2293570337326503,-0.38671289161928113,0.9006404937987176,-0.19595829049068714,0.48657104511595384,0.479362418625213,-0.18674210310925557,-0.9726384171775742
2020-11-30,-0.8441039641939,-0.7408165147365006,0.029254981875841666,-5.3723773229117056,-1.925201487426694,0.280507942485424,-1.1222548323150001,0.6427705764930108,-0.857937606671525,-0.8073330143922803,-1.4834281889363572
2020-12-01,2.047292191092827,1.019444430735988,0.6085682754147266,0.4774936867778048,1.4848378029353384,0.7817959710720975,-0.04322079424452878,1.4034048213374022,1.0174096415896665,1.2591307881317872,0.7348264595975088
2020-12-02,0.9933290928909956,-0.6300071437234265,-0.8685269494496362,3.1588273468835966,1.0377701020857004,0.784497548951516,0.04881236496554941,-0.21293749080936292,-1.5758476186068935,-1.1230248689161582,0.6660282007203372
2020-12-03,-0.4803066838350189,0.1335199940541665,-0.09456428166761817,0.9959263694332119,0.012616356822721836,-0.1920059258637368,0.303120998228844,-0.1393899335734367,-0.717136556102295,0.7489269012005818,-1.10945023015078
2020-12-04,0.010619412930332852,-0.13102157982352647,0.6836748111812909,5.132026939738647,1.0836760517652322,1.1071122263092363,1.1429054543717134,0.9932364316143522,1.9299777952362167,1.2826062188537888,-1.0527916238007158
2020-12-07,0.5911027345649884,-0.22771315164575695,-0.34209121387581787,-2.3828996076745668,-0.7177403327425147,-0.584193479897054,-0.5046374565108699,0.2771988928611817,-0.7138930922156862,-1.0091572242823066,0.5519546319434515
2020-12-08,-0.22162573320476486,-0.005732043560255662,0.5807205371290295,1.5585910199338127,-0.08597474078397672,0.7294292980749668,0.44992747335109234,0.3458396338248193,0.5274813251257212,-0.4849168081126379,-0.3089221365253177
2020-12-09,-1.316178313974785,-0.6708154500757871,-0.40157496596059705,0.2580774617788504,-0.21392182060680057,-0.23542038488325678,0.20032421419233662,-1.9012083046083827,0.01980740501965739,-0.9783432201641571,-0.2567123650550176
2020-12-10,-0.4606817689994304,-0.1553782927570316,-0.5297893562318771,2.750108872699264,0.1160224840903611,-0.24648333289428329,-0.9941539856779361,0.0677677286341388,-0.6444172511888462,-0.44731566736226125,-0.5176501557354465
2020-12-11,0.9881113230696957,-0.26960227057742053,0.2575804570802518,-1.070424604102772,-0.9481031736915293,-0.4287191997666033,0.27923618480435675,-0.2466458286495641,-0.5202500337304615,-0.021166478952728794,0.14946524956419788
2020-12-14,-0.699702286692654,0.4695717662092121,-0.4133649220837258,-3.6756395024199846,-1.2763528303499567,-1.0447570907096189,-1.2336811609191192,0.38713972390261353,-1.355782505979827,-0.9065260715512019,-0.5354961195169188
2020-12-15,0.6442007590463398,1.0278615768476063,0.23763996577541427,1.8188765231446993,1.6299078431860485,1.056944321782393,1.4114206678712304,1.6097578750677823,1.7439205880916089,1.7312632134486536,1.9158768402072885
2020-12-16,-0.21034841144924388,1.113758945437236,0.16604996772722627,-0.4193021731686972,0.07916680156167283,-0.33732976441013357,-0.5086936092625862,0.7162171138758555,-0.3676339093925817,-0.1201577880037639,-1.1568960581537078
2020-12-17,-0.33974512798947526,0.42701734586459356,0.6151048587038844,-0.564466707942859,0.3576409104469853,1.100472577467912,0.6216937457721394,0.7587448006576206,1.1181201912743401,1.2264574156229455,0.7174091796125045
2020-12-18,-0.1668049897411138,-0.7978022985872081,0.20069007358183089,-1.7226930697227343,-0.7624537480307227,0.00885406280088927,0.114495008837466,-0.36817170797810966,0.36243352267236645,-1.7951025631950537,-0.8797053896639996
2020-12-21,-0.6399028709695369,0.1318843251464949,-0.9832831977247841,-1.752335955121603,1.1689362885635064,-0.9859973185630966,-0.6493393284769549,0.08501565392501556,-0.5406466835699761,-0.7804199811809953,-1.2774982217890372
2020-12-22,-0.9966666367120349,-0.414585337762253,-0.8168528790499194,-1.6585449267653676,-0.9827174094043812,-0.39183356111798384,-0.4561150019190716,0.8464102781958733,-0.6008972967559492,0.5861779656719371,-0.2218110546881456
2020-12-23,0.37728355141042186,0.06176762717448444,0.21828299778150853,1.9539833737657677,1.5505978460993113,0.07728479214986432,0.2859137183817176,-0.8277075793256513,0.1372506343073199,-0.9576827658656282,-0.20314562426381905
2020-12-24,0.1632394695912298,0.16950605611469388,0.40172943821013235,-0.5813414622122025,0.09447858035584153,0.24398540094170226,0.08698124949269466,0.7478058437669541,0.5963889527775614,0.8467800083193,0.6886677285839865
2020-12-28,1.9120808936909475,1.5326104183782903,0.843031285805411,-0.4947992425595607,0.514289084744601,0.27933704593580116,0.08017968725329887,1.2095741218599005,-0.2847149413964403,0.844856605973521,0.4717337488248173
2020-12-29,-0.15343702915629334,0.25093243601138965,-0.2749107084055775,-0.6695485221507895,-0.32537180567223817,0.43853226205516566,-0.6939456500625003,-0.5101675589399475,-0.2681886514484607,-0.7031783921102598,-0.05350214123895982
2020-12-30,-0.8405586979070389,0.32090996985262216,-0.1068855705614169,1.470900024350294,0.3551309883574308,-0.002804662222549812,0.5827136602608182,-0.0050266399944735,1.3014226254607113,0.3712082020868397,0.4713688607659683
2020-12-31,0.9889114952463716,-0.018324196392427296,0.7199811502764368,-0.8104788875485411,1.2944147409720026,1.145135158467055,0.6193078133333697,0.2698799392345418,0.3698940461904194,1.2366299909262093,1.5730145372504771
2021-01-04,-1.5509495625455965,-1.1230177490991557,-1.0112503099726853,0.14107266327363335,-1.3672922846086588,-0.5624302001934391,-2.649206833352928,-1.8272597861957507,-1.036500711294383,-3.336400332088766,-2.6417873022241207
2021-01-05,0.2648741400290476,0.8573085206340858,-0.05207869421903123,4.261356756310996,0.33724719950843884,0.6352065328910114,1.023774735527417,0.6492567913849324,2.0703626838427094,-0.1170135647603592,0.027363467080434585
2021-01-06,-0.7959826876480972,0.34150327239540645,-0.09157754392577426,2.897767131291541,4.149345976317557,1.3883280755051879,2.3031417267052174,-1.8676846138132384,3.8578993111375772,-0.6294103041971283,2.4215287531938343
2021-01-07,1.4650307967420686,1.8538163911596153,-0.35018394610356496,1.3509054548605992,1.4077080240948636,1.330557787363986,0.5796702924915516,2.563559183812827,0.5846690993040418,0.3594800268467274,-1.3549507559788612
2021-01-08,0.3071668072216212,1.846954026760645,0.48877999205081285,-0.024601411832493664,-0.15425615847135643,0.4597620933468498,-0.1576902507125573,0.7509853933927978,-0.6295258521991514,1.0840241654441287,0.8585066789560275
2021-01-11,-1.8417446656468346,-2.1569155767986055,-0.8966347693341392,1.62660572812009,0.41083389949587856,0.5921409781161885,-0.06852991022516897,-0.9754302288113982,-0.2350123840424031,-1.6986200443900854,-0.93783517556729
2021-01-12,-1.555101947717942,1.2992021179052746,-0.21340231773776921,3.3444845469460356,1.0100485160732267,-1.0995890793529022,1.069878858577113,-0.47180051515942517,1.2220993616885598,0.08524271445898378,-0.530707214608218
2021-01-13,0.3746683318664547,0.26223765724948145,-0.014696976472256035,-0.6721787512141343,-0.15413206543355135,0.25315810343130235,-0.9365285231769122,0.6688361901331609,-0.9279881931240558,1.3735250815594087,1.9199149397970416
2021-01-14,-0.981882455339232,-0.7471823598699311,-0.6424391677016841,2.993144898646925,0.4484144292208503,-0.43019025543298645,0.18802171176553958,-1.0272466612523852,-0.33037822782184495,0.604550311661351,-0.38516208541414115
2021-01-15,0.23980179945087496,-0.839655707685826,-0.48524476549132967,-4.101685658346766,-1.7999765234270741,0.30725776583769493,-1.2972170515613881,-0.9670600841415063,-1.5691839938452055,1.45307220205331,0.9544970137882737
2021-01-19,1.956615322259754,0.6215402617470072,-0.43692162568088966,1.983398684992877,0.4163680878285228,0.7335237686374881,0.29728155695421854,1.2520955138380523,0.2897884052637671,-0.5584085997396181,-0.3845185165721038
2021-01-20,3.5169322944446773,2.2643246025808272,0.4208973826827693,0.40804358049624684,-0.3989002703662029,0.5446326640674746,0.5705395198500981,2.033237908093436,0.3609109199239673,1.907016218272354,0.6116119859618772
2021-01-21,0.29042310621273404,0.5330418039803454,-0.358596479569815,-3.6157851803262897,-0.9954327008621691,-0.5302223270774987,-0.9139740497760989,1.3271781860443863,-1.4142054935193797,-0.3507186378766711,-0.6154843708471998
2021-01-22,0.09919381788107824,-0.34200078880308,-0.2280965376654264,-0.5620220827590846,-0.7666800529868184,-0.2894924879531972,-0.46561268479814427,-0.36229191752973294,-0.502222233527944,0.2937653146637644,0.16321865051580353
2021-01-25,0.4377221470968658,0.3593144299831923,0.776714463242873,-1.0777724308289678,-0.7736580149205581,0.6280279710165574,-0.580545682668999,0.8602129471493801,-0.533872970405888,0.8184655074686664,1.921789989052104
2021-01-26,0.7339520056255343,0.07427794072606661,0.8567697156119964,-2.0770838590225416,-0.813225007694986,-0.4212637051431262,-0.9338019054810613,-0.008265245876753351,-1.4093328820596542,1.1374158973409194,-1.0062314954045601
2021-01-27,-4.076242356639747,-3.1263709062675282,-2.0027799860550712,-1.3638387913656795,-2.9028920988365186,-3.2465776299493534,-2.0579021531898327,-1.944746575817741,-3.031173761143221,-1.3678446423425716,-2.757738823101913
2021-01-28,1.184472594461934,0.23283352449937184,0.4782484926174192,1.199709485036296,1.8825331635642857,1.448169627905333,1.4755550886415,0.3618708369031946,1.649519102457989,0.3236021079596886,1.1840996305057117
2021-01-29,-2.0231717506290092,-2.155891541100051,-2.1182237020869525,-3.543069643883358,-2.0596426589677272,-0.8283191497691704,-2.0023040345230134,-2.486023152156143,-2.0421323931221282,-1.0460154045078711,-0.5605276299182974
2021-02-01,1.8692845085738,2.8696003036083084,0.0424032208038338,0.7314532185691242,1.1010262955608698,0.23105196561202018,0.7726804691205053,2.462514426004426,1.847743461180124,2.20474181691818,0.47546393221627264
2021-02-02,1.58671544253815,2.019503967032835,0.820114779626408,1.173446758244228,2.3964560806524715,0.2699983946454098,2.1023865047944206,1.2955470641785276,1.082700697902854,0.3338121926728715,0.7956641399686938
2021-02-03,2.1858376523699405,-0.8563558520487861,0.15422666978886473,4.068132751678023,0.45716520514154757,-0.6373935150834942,-0.025808759629770524,-0.29418097354229467,0.18295975902566144,-0.3557287421569728,-0.3027963195296
2021-02-04,0.5778975046716366,0.8583147349742561,0.782892609290128,1.1774417909035093,2.189355402129856,0.32426467859509184,1.1761643661630934,1.5542366910908143,-0.6735639460514558,0.4558925669209113,0.7130993433902068
2021-02-05,0.6642388619111324,0.9206010236796889,1.0185253777118246,0.9927757025660466,0.060385297758307935,0.26843279317999497,0.45849282977373645,-0.20991850007014176,1.8431331150321302,0.36100905914229825,0.5338052252960844
2021-02-08,0.31290581017510105,0.3344967562043786,0.5243901782186843,3.996554717847846,1.2180146481225762,0.10829496703563497,0.859932142751711,0.9601341496192799,0.9203752851759374,0.24942173508201712,-0.788295713059667
2021-02-09,0.07454680452482795,-0.6564039900222106,-0.07246507233377238,-1.4532072862642622,0.14114079839377475,0.09284418027205855,0.14998326502515447,-0.20910448909801557,-0.6412212645735871,0.48760641070051364,0.09892977199933399
2021-02-10,0.4818992226928839,-1.0479299602021783,-0.2462892592855604,1.8140068505016191,-0.05157062727719075,0.1822647450131348,-0.255412871989427,-0.17622414439298778,0.009312393388882286,0.5567490389893077,0.38827826493837625
2021-02-11,-0.00019893274392862172,-0.2756154756061519,-0.25960314127852646,-1.481065785193176,-0.22059213855082607,0.17330078368902485,-0.28045809337875716,1.0551964258202704,0.14364472327886257,-0.18116983912743956,-0.7305096673229815
2021-02-12,-0.048898685250219495,0.21171650973256892,0.14948979464917328,1.2816227952272239,0.9825028102170669,0.5583619541957585,0.6561267025246431,0.46494269534674226,1.0014529180232972,-0.06120342920004589,-0.7928161547826484
2021-02-16,0.407556975444143,-0.4758220905949539,-0.056281273360133346,2.1629897832946217,1.688279175781477,-0.9931154170958207,-0.067205230887235,-0.33175053497269646,-0.17763517648065916,-1.0739665881778078,-1.1545550601333803
2021-02-17,0.508059817445247,0.6715611546810839,0.3980669612862986,1.5237535478140392,0.34909485059210965,0.3632885880545264,-0.33471461388088747,-1.0374116165596132,-0.09995810039998523,0.074465398009283,0.11416772008845895
2021-02-18,-0.8055554121309454,0.10521252839264034,-0.6772288060702638,-2.3094338360315274,-0.4728075166724512,-0.6823810903684581,-0.4075568538252546,-0.455692631448628,-0.5818542029787163,-0.015171078402366828,0.536080483567239
2021-02-19,-1.164113877174796,-0.945594703964977,-1.1233933940152379,1.5024874997976392,1.0465515857470422,-1.1615542428204169,1.407816407697987,-0.20999506126807185,1.7877479151178453,0.2615041261111474,-1.5288648345852875
2021-02-22,-0.3333435544141616,-2.4014088629026493,-0.009272630860182119,3.385516167236046,0.9467084957178802,-0.2649677791598803,0.2952408555107708,-2.226887821911725,0.43316509682757814,0.5648977193929504,-1.9791672648319794
2021-02-23,1.0699104236175627,-0.4609259926869441,-0.14234234396849552,1.3571066475149982,0.4752942339829151,-0.12230762821625209,0.24919041693877203,-0.1905565703504997,0.33065187455882894,0.3018725144220537,0.7889573858013404
2021-02-24,0.5393538036939037,0.7640049876350645,-0.15510630237910955,3.647412117482892,1.9739630412717832,0.6746697753839318,1.9539927501676289,1.457729476717737,0.8044996628029648,0.5211396889997132,-1.1636153457661775
2021-02-25,-2.7612104170947753,-3.841490420283517,-1.1353391556507768,-2.0650997312810273,-1.807483893458052,-0.9509792526882029,-1.961871474479467,-3.5598074282240755,-2.4311154100264094,-1.598703362880299,-0.9922492803230095
2021-02-26,-0.005899384331960627,0.5256198930965269,-1.640459406859319,-2.4081115014613568,-1.9487587234886874,-0.8144905016291846,-0.9912316990051777,0.5580299964353898,-1.459253745569548,-1.8376159368248108,-1.8838808314005369
2021-03-01,2.339430645811697,2.2051309582171523,1.0645724990740446,2.711123181589916,3.05038729232947,1.2116253392927518,2.4754484691296246,3.1388171427680494,2.3512739325248977,0.13576580269551825,2.134312128307227
2021-03-02,-0.6282517696909734,-1.3604234759312668,-0.2533557310361794,-0.6293304648576736,-0.2374845752048156,-0.23202555229028762,-0.28882367715351087,-1.6148004083517888,0.610108175999393,-0.7177417910075953,-0.2785987034274187
2021-03-03,-1.6690655437771469,-2.5185902884955347,-0.6808452713175727,1.2567517354340916,0.7878349844213794,-1.2569376637061092,0.11497598821708653,-2.470804098753601,-1.283786584181692,-1.1884693764235024,-1.196090554013721
2021-03-04,0.23926244856965834,-2.1092766690357196,-0.5254617366528695,2.333923833686506,-1.2453877028307256,-1.3026357700603797,-1.646539244221169,-2.2800697003580943,-2.110579525470682,-0.7876212587718063,-0.17573928389162272
2021-03-05,2.5226624110592337,0.5302569182048209,2.085702068912879,3.752042490563356,1.9164378677647145,2.049890862827048,2.376073753940013,1.9492883320445191,2.2799492203235734,1.1800842242422718,1.5696631639331176
2021-03-08,-1.590273471297205,-0.4399427057650592,0.08716946526558471,0.24189371760760706,1.267911196051619,-0.23752509555440499,0.9521961590653785,-2.442512325620364,1.1838348369951197,0.5003517017603102,1.3752136708205311
2021-03-09,0.8587379714430116,3.9076447943462798,0.09040607030815509,-1.8191183866591238,-0.8355108467620577,0.5166222889781665,-0.3058410566593403,3.278165464991422,0.6503842948430936,1.0920200035097358,1.2397447386781846
2021-03-10,0.4158956414717621,0.29916811010278854,1.3479711163363817,2.664424737770073,1.8974389067875828,0.222382174963749,1.4016438351727059,-0.38719619761685775,1.6502843895115642,0.9255001991852767,0.6685317605495333
2021-03-11,1.7439788781138237,1.6572732976077387,-0.19980569477179952,-0.13822069877174464,-0.3352468372860806,0.5777497805850696,0.09316467001811443,1.9959901161604667,0.6024667882208623,1.4681037522668308,-0.2657176740457599
2021-03-12,-1.01400826256877,-0.008501163014071809,0.6587198419030665,0.23274342162011832,1.0618045885183938,0.1624082195592627,1.2984764192429457,-0.7275343242643202,0.15254627216415392,1.46788793302746,1.2649287357557724
2021-03-15,0.5143744744900584,1.1651007026892446,0.3292215371681041,-1.3137158870606669,-0.5862609615519832,0.500283763733036,0.7942867118234586,1.0481885760697447,0.2017007237023223,1.161173525194308,1.346503754707373
2021-03-16,1.0476330821251487,-0.956159236976482,0.05649532708017854,-2.9190917559184726,-1.1365755138405877,-0.050016519971880974,-1.381001989252083,0.7666416246739699,-0.9394564240440287,-0.044626440849943515,0.0972806450154
2021-03-17,0.21309525684224812,1.4683795931722452,-0.09128815668840759,0.8529686515152681,0.6521446145926432,-0.4575338093548647,1.0212350590708643,-0.13063391401557506,0.7832669075659597,-0.1688581699800634,-1.6591012501133873
2021-03-18,-2.0187048079648204,-2.8340201790836397,-0.5659957757266447,-4.765733327789819,0.5593158202481723,-0.16136833717975613,-0.11680274976414079,-2.8609944545249357,-0.5888711465119351,-0.7606334742443162,-0.3612164552590541
2021-03-19,0.7898906414014706,0.7414421472389369,0.2902597814159582,-0.10511509427433097,-1.1856227664747885,0.3380755154315975,-0.7384624048747355,-0.3612188222084443,-0.4222025544883748,-1.2815743463475529,0.2167990904110758
2021-03-22,0.8631416959903936,0.7158687829062109,1.0414745030494428,-0.964211070352969,-1.2432278620671045,0.8316428567449999,-0.17745224353210437,1.9115132692790007,0.03672295919065262,1.0614673669390469,-0.1155847245113574
2021-03-23,-0.3184576109045015,-0.7184094621271453,0.42544560106735535,-1.3517137108731911,-1.4296481783461212,-1.00623155218918,-1.7604887458277607,-0.6204617870047758,-2.094386479076196,0.3339803767194065,1.5033633380964675
2021-03-24,-1.6160660594642196,-1.6519861516831935,-0.4507031867710883,2.4800954002865887,0.4282711314836419,-0.02337177571196812,0.71656092354775,-1.225045030508372,0.6147748882079279,-0.5466830645803264,0.0013597816757287598
2021-03-25,-0.3117905305385676,0.4742161794655878,0.9420653423497526,0.20554575041147974,1.5071661877447793,0.35889520808702735,1.540908243408617,-0.0611636328443738,1.3749897165908957,0.7805479977015246,0.9861926766750182
2021-03-26,-0.29698158664888663,0.6362569792875125,1.6916902183671692,2.557634096055379,1.710981727978728,1.992114934403593,1.7983971543124908,2.442497440899935,2.4686422514966173,2.438564752358699,0.3874001198258803
2021-03-29,0.9993848945034832,-0.37877733895721727,0.9899765007482486,-1.2754039759673474,-0.8711022527059953,0.4119969815224962,0.0166711571489513,-0.4937417382685986,-0.3328021658525402,-0.1566873584164203,1.0610240462282603
2021-03-30,-0.11140199228386917,0.7518317633162795,-1.0679502626318136,-0.8048510812357252,0.6372268853836535,-0.8455171358295807,0.27831167668092344,-0.9383383138866439,-0.376072363727963,-0.49906983908219943,-0.9314084546253881
2021-03-31,0.42690968311240735,0.9247327070281318,-0.5275526164202263,-0.9241843004092186,-0.9139839386896245,0.08372731558026275,-0.35017572123429874,1.4524039365953005,-0.42780636277535455,-0.4752177421769667,0.6382311909938825
2021-04-01,2.033716490439478,0.9754442595909448,-0.2054037653535861,2.4169302928141816,1.3168380498035714,-0.2443094885340452,0.3669871020429869,2.0604705230468086,0.9426407829378322,1.543745958455173,-0.0182200687026442
2021-04-05,2.364167877952508,2.314426645652926,1.3298365153707845,-2.1666685319819794,0.757726674460199,0.6726882532048589,1.276219276059148,1.9971798521906734,1.2847711839102127,0.6451158112285678,1.0869000126132957
2021-04-06,-0.0696461594102338,0.32341611941777204,0.3950958617644437,-0.2756932355914287,-0.10227875828943722,-0.4772998164045301,-0.37242291541944067,-0.32589202143584417,0.2630217281285735,0.13557280774752742,0.5233859630877918
2021-04-07,0.7545331507677082,-0.10696923867514457,-0.18865021471828577,0.39975382363576034,0.4168912918707725,-0.18928485965496353,-0.5020015485875613,0.5598496762673126,-1.774583363275121,0.14865147922267022,-0.12604905645475878
2021-04-08,-0.10544909819613156,0.47587289667318444,0.09481207320717835,-1.3686634428822642,-0.02526875916015283,0.09406569836022757,0.22214703904050018,1.4181701607636772,0.1786274833539053,-0.5622551531398708,-0.10501698690968793
2021-04-09,0.1969363881299123,1.1173085817572361,-0.003975257632067338,-0.4950575454810615,0.8467785042414272,1.185400503980719,0.9803290733550716,1.012868261564362,0.8337807612130474,0.14068948794239977,-0.0735352203412774
2021-04-12,-0.575997950825227,0.5810066342378553,0.42645974381229246,-0.8988197636935428,0.41245568600057875,0.05171940030130256,0.3093708920724626,-0.49300272357502617,0.26685789148108,0.5306404748614043,0.06948892576616104
2021-04-13,0.020469670943898493,1.133408057479255,-0.47547148583005555,0.16522095743675996,-0.9162337560375549,0.4418462575495054,-0.3793392962859747,0.9387029608380718,-0.14701983451754705,0.633062637054921,1.2133780185882257
2021-04-14,-0.8379936139917111,-1.3072533716771986,-0.07873704148237397,2.80236892969502,0.6441435965269489,-0.12442143730899753,0.08853247176682187,-1.139444044168162,0.632947775900238,-0.6917804655391088,0.3990570094414987
2021-04-15,1.3173329880487454,0.8346528771630546,0.8145420494897657,-0.8663637468587476,-0.1420163319476087,1.7497314427815998,0.38127723934821267,1.783487311518002,1.248997573208962,1.9276613353267664,1.0998694024843934
2021-04-16,0.1731804610505299,0.7355169092547352,0.6730502594974291,-0.804619937060859,0.6606536409718071,0.7588678159740292,0.226671884867093,-0.04047661389959439,1.2146386635516317,0.1475904750982555,0.807677086876461
2021-04-19,-0.19755592562661423,-1.2036465289117821,-0.5141542353589346,-0.06591183699859524,-0.25857324295887146,-0.030251564587300685,-0.4228822689001307,-0.85589149461621,-0.468851710420467,0.2948450970474284,-0.4921447261305398
2021-04-20,-0.4583047056814468,-1.244064693082456,0.6083856936681675,-2.729970247641722,-1.832009037882141,0.45011111966194806,-1.1661634809858736,-0.8595328908768723,-0.8876148689542462,1.0725815945721664,1.3049425475733933
2021-04-21,-0.3215532488758984,1.3443862288606419,0.45352554843178855,1.491970531160279,1.3806862293081026,1.109363952380171,1.3074463777422032,0.9736053413306661,1.8246227547188116,0.4220671248410613,-0.9082661460094154
2021-04-22,-0.6806372356786496,-1.2983379871632879,-0.8058247751629739,-1.4364276758332648,-1.1120285801326941,-0.46623708807664477,-0.4782806975703703,-1.1819988327348325,-1.7638453380824217,-0.3675023732946354,-0.6966417845729128
2021-04-23,1.1445080499912257,1.0321902833653303,-0.14759030897949718,0.9695846402036018,1.7240322102255439,0.6482444059879728,1.032542135224631,1.402893643841125,1.6900379182310448,0.5857199355390891,-0.17546646004190797
2021-04-26,0.21972277334771242,0.717857767828123,-1.168441070244042,0.5722849683216167,0.29010291394572196,-0.3940101876189603,-0.31350109649143726,0.5370196122911298,0.48538203683780345,0.18900121245665688,-0.5482665811154037
2021-04-27,-0.3810659151965628,-0.216950469637664,0.002694011962987815,1.1602534962005124,0.8913539117296866,-0.4948108876976895,0.8771626376634301,-0.25652354923799947,-0.30374977785080626,-0.02234279625820726,-0.7553969871659436
2021-04-28,1.2604998472767899,0.021038347900481542,0.000869342660617576,3.148249227219057,0.21926802681125962,-0.36004798308091507,-0.3663350066854919,-0.8944107549842866,0.22994644070679837,-0.3113082432366904,-0.1519411608599482
2021-04-29,2.6499090115251684,0.026194928510139947,1.0978690222954333,1.0939035666490868,1.7927280118357385,-0.32748881570439814,0.7209579645137811,-0.024328052179769986,0.5644881478658699,0.680659959007359,0.8897422929596039
2021-04-30,-0.882956819752156,0.38262594399758715,-0.017173094278459478,-2.7061639886384117,-1.001596487344923,-0.3237391978442279,-0.6902290384448866,-1.4130954052267928,-1.1008107662813564,0.5930493994505862,0.7612779752571832
2021-05-03,-0.35522054069102293,-0.8633826515445107,0.7690368424736068,2.8951392644123803,0.578078345565065,1.2109009208207746,1.136539463736558,-0.21622982244304964,1.5039168504581255,-0.5115644494582482,-0.04004455490304097
2021-05-04,-0.9601268989132621,-1.3527673022670483,-0.4867161161373235,-0.004111051713773197,0.6583819520676013,0.08839539673792657,0.47336620875009494,-1.9431800497769858,0.930317080109884,-0.617785165525923,-0.3497458999028916
2021-05-05,-0.15577582734939538,-0.429066713178124,-0.16915772179839852,3.283988789251915,0.9189888758715958,0.2484172195959819,0.148099001563882,-0.17672513188385877,1.2427960563285467,-1.507151847361559,-1.7277955126627553
2021-05-06,1.088257372821679,0.26795322174135444,1.1926750544948188,0.5254603302712197,1.4706184050123634,0.09663852264238793,0.6940899267742574,1.026073294503472,0.8875341736458483,0.4710381396531174,0.7331426693231798
2021-05-07,0.5582086342188086,0.7625192929383379,-0.04679379714641936,1.8971853199547613,0.5244412139468027,0.6875247982648032,1.0085032587590148,0.7729319400343725,0.8883713656894782,1.2079338763064447,0.2446690674911348
2021-05-10,-2.029548227647818,-2.204736232273909,0.6832974381539049,-0.03516018059276274,-0.11164638754306472,0.10460829591862826,0.037117478763869165,-2.5813678294525033,-0.38880573571247035,0.34248923930018893,1.0058916274334515
2021-05-11,-0.5118750981934417,-0.842143518813316,-0.8457222172799762,-2.49815618750117,-1.7198143491000102,-1.0000482827966721,-1.3763916015538844,-0.29109431862355745,0.255235611033925,-1.1125972307722034,-1.2029000188768801
2021-05-12,-2.0237284283012587,-3.3051734058516793,-1.4302853581121193,0.059020135713805696,-1.2764887604559176,-1.0167926736651305,-2.497500793628016,-2.903626002342226,-2.543036879282826,-2.4485343783112765,-2.3784252156382064
2021-05-13,0.9686026399424613,0.5503979955774007,1.3730479529524398,-1.2558680925279806,1.836337543920128,0.9884359458125191,1.8725300440717318,1.3824757127976293,1.4626489844222996,1.1875895809433485,1.7693279530051227
2021-05-14,1.7700672655219607,1.837836312917073,0.5014762732617152,2.9886367682893162,1.5527149574409245,0.36312621046512017,1.3585718348885278,2.0790420980488515,1.1796344871387348,0.9831690264782764,0.3859509842961621
2021-05-17,-0.8329095361016007,-0.036593188062859765,-0.1767038284915047,2.2671898661057073,0.09412419688658123,-0.18243525765274074,-0.17999459721345226,-0.7027106520476838,0.779471870397275,-0.010154809910028335,-0.8686114161361023
2021-05-18,-1.4414920429649665,-0.7747119447018599,-0.07247312433628308,-2.7059318927276736,-1.3284038130744051,0.007631166313407608,-1.4649688881938816,-0.8109540349367068,-1.0952214208103344,0.15879700080632414,-0.005911368385146668
2021-05-19,0.13563811942225382,-0.7778395710428077,-0.2848105808478233,-2.550160526213717,-0.6196578756810869,-0.16039519711138997,-0.5946534922171615,0.29142838245706165,-1.6083561474623742,-0.42405819420966695,-0.17601621087401514
2021-05-20,1.551633107267469,1.0052653635461035,0.8535395631992201,-0.009527873234440813,0.09583988113423172,1.0198418871333677,0.23236712156713815,1.817353645320554,0.06422174726693387,1.3396825665665726,0.8136182419295889
2021-05-21,-0.28374670262809015,-0.6550242643309404,-0.0823591343360964,0.1953899481136407,0.8865439406439535,-0.03153311412013142,0.4049243357725691,-0.5304399458540003,0.27365865381392973,-0.17093545767219645,0.5346556552890002
2021-05-24,1.9160293803317172,1.0970547852712582,0.31563282201641724,0.9706215873910349,0.48627301383419813,0.0622031809985185,0.6018970706622917,1.7258525005418597,0.8120779834016014,1.0369485206123648,-0.2018729380805664
2021-05-25,0.10855806554833675,0.3308513525105301,0.10494991110654832,-2.0607227841908236,-0.9662214404506756,-0.30738832618380624,-0.36175643072472036,0.05460829631397371,-0.8089705798332966,0.28904914513909585,-1.187330975280343
2021-05-26,0.5290144873630467,0.9119544569011825,-0.07831886386267498,0.8630399419289274,0.3019921634258771,-0.5834914692590594,0.31285287126064215,-0.020130912305518545,0.054149488892424665,0.24863898442690657,0.0007910202055647501
2021-05-27,0.31334817263451537,0.1573075902132178,-0.5981245784628786,-0.005390864844043505,1.1667155693350404,-0.21202584840803096,1.3281985740294413,-0.5471229718883532,0.7118522775385366,-0.13206321210539515,-0.6616785010775044
2021-05-28,-0.4336100617956751,-0.2634569086421198,0.05820169509611266,0.11754993185810683,0.04548407892974729,0.32642793367474404,-0.10492922831982684,0.27658953826646326,-0.18083772667163844,0.6235305496608913,0.4602248560289351
2021-06-01,0.304635002809419,-0.1760911920221265,-0.3025558301913187,3.6945633585436166,0.6300965199576303,-1.7111028389885248,0.4001955072987577,-0.41789750879017756,1.3788157015191027,1.6761124371510683,-0.6279379486156141
2021-06-02,-0.2812549400496648,-0.4097981598725856,0.354568736952276,1.6751121802694209,0.1414310751908947,-0.2648495292652576,-0.2634826368871904,0.6220556068179794,-0.9382923909863402,1.3957900691092835,0.4991680422062115
2021-06-03,-0.7822956718158417,-1.3565439408990638,0.4240973491709266,0.30071871634471686,0.2595922795790763,0.41201948015089707,-0.2504241792419039,-0.907779992341119,-0.06836886673331778,-0.22842121459798206,0.5203562971446032
2021-06-04,1.3465546082555622,0.8716696038946714,0.30567892714634803,0.5636289316316329,0.17558223906411238,0.28512691091426773,0.31726275926753367,1.8901606831879496,0.15092794310441537,0.13057441910064968,-0.15077725725934815
2021-06-07,0.43297051379833745,-0.029117470623052817,-0.2356739071239765,-0.4195970600704834,-0.6601374989514981,0.27248734720659945,-0.6685219672639386,0.012414268106504197,-1.2636370317721275,0.9382106994781082,0.18785086796237802
2021-06-08,-0.316095066574728,0.9578013939704618,-0.8233193897588279,0.9197168600750053,-0.1960824977895958,-0.38687618788839895,0.24677593146250662,0.027914463629870358,0.16248223419720764,0.5297283056537697,-0.9185306355496696
2021-06-09,-0.10884635067331903,-0.4386152610237795,-0.5165424558577033,-0.5355307948054532,-1.0456491355266202,0.9996140703276962,-1.0515639171372761,0.06375306381137495,-0.7580260055050986,0.15637542602416715,0.844292766590043
2021-06-10,0.6897628282299524,0.7548375525346737,0.5663956544495821,-0.06939353946947552,-1.0941044336317631,1.6554282551729176,-0.4180057588388965,0.6733748185315147,-0.5089922819966761,0.9092893913630148,0.6738009174062884
2021-06-11,-0.03492240084266184,0.43053496288123844,0.17610397032906489,-0.39256255960121833,0.6404727612352729,-0.8039205509496637,0.14175361621306468,0.5735848816632937,0.3434431683409239,-0.5905565405943857,0.2753353133201073
2021-06-14,0.7756114242378571,0.1649418478754277,-0.12734170525690944,-0.40559542976722984,-1.0102565449825844,0.07893575152439287,-0.5246991343944998,1.0421329681151248,-1.2691593403132622,0.4106635286488059,0.11210514992031399
2021-06-15,-0.5064048243416585,-0.5154761076260805,-0.2767258130756941,2.089277649293755,0.1999826281362988,-0.02373237589835449,0.4699189144307041,-0.6432548489230121,-0.24862843036786075,-1.0463077876709237,0.3474866086297334
2021-06-16,-0.8059946809010352,0.22020787221127314,-1.3138985920010997,-0.42358896324377815,-0.151988178873781,-0.36714376299490403,-0.9959447631043329,-0.56715775814545,-1.1550390174689784,-0.8637778240095817,-1.5065859479900976
2021-06-17,0.7075359161751221,0.6908723306500442,0.36352377889854587,-3.5840869085114573,-2.9298116153414204,0.7795396713114648,-1.5561001052405015,1.1553767651376017,-2.1770899161817168,0.3107495536769834,0.4830441457921363
2021-06-18,-1.3027861672796812,-0.4327191905032841,-1.6539806864879683,-3.0617457123902123,-2.4798471564735345,-1.2748366155872293,-1.2680191236725162,-0.9251418296165853,-1.6560264887357667,-1.45119771510814,-2.6688322359909593
2021-06-21,1.0363990577025866,0.4233482234651374,1.0706902889451657,4.119452195950509,2.271342688608112,1.3086769005301981,2.145500017654995,1.0924150949076679,2.0782999733851977,1.863069137493544,1.364407838914902
2021-06-22,0.7640302028156315,1.0083718798337882,0.18925135193723558,0.7209503971280982,0.09130934872293003,0.1990696497000957,0.12360016854313859,0.8974428292867533,0.39094015446221086,-0.44705629331146396,-0.679272812141226
2021-06-23,-0.18872794523688136,0.6785122520888215,-0.6012656556602681,0.20904666698541613,0.23836662439552178,-0.4920787519303649,-0.2912722617000297,-0.1257749401330919,-0.6109541158052141,-0.38258584216018965,-1.057462234479197
2021-06-24,0.673479231307112,0.046314997714524964,0.40317596044861215,0.8938171758185915,1.1662044174401376,0.5625771236753658,0.7209238613407454,0.6099553833397635,0.2569743092643621,-0.4713488682880445,-0.10196636963155838
2021-06-25,0.11296143438384194,0.2630569663395553,0.8687747515456646,0.4350503736546541,1.2206442040525267,0.42204346094313877,0.21606573340537397,-0.13751602112334502,0.029577378302947554,0.6319122570374286,1.1266435866226951
2021-06-28,0.7913447541250793,0.3111029891161955,-0.011516847294974972,-3.384884086136679,-0.7839721932725415,0.1253355047170819,-0.48524230014177727,1.0390574651211928,-0.06052773436198953,0.077205300301024,0.6054541373097193
2021-06-29,-0.49071127142745624,0.18862245134097125,-0.3973367980329993,-0.4974799606127499,-0.3136202351707698,0.06790855932471603,-0.18964082050269282,0.6779012956498507,-0.021235956971760686,-0.1263635505322303,-1.6682840154128356
2021-06-30,-0.18339591352364773,0.02820448927640732,0.8485678554695597,1.2089613040862757,0.4632804233446378,-0.010222057024948722,0.7949009481921431,-0.11631269144666821,0.19800713313587123,-0.7478753772715806,-0.1648431859203393
2021-07-01,0.8409145128762849,0.39869940600016957,-0.2577712632821652,1.6316336639030664,0.7580508621941365,0.9418500120920615,0.6478902175960705,0.13073780942376043,0.5293893892048751,0.31897154181417386,1.0922780962480723
2021-07-02,1.0318143030481155,1.0976847596332524,0.32954750364639185,-0.16209515447267503,-0.21427645692092753,0.867776994354959,0.20930880694800125,1.399538893237015,0.09584602268218176,0.5125465660072317,0.07825357154691434
2021-07-06,-0.0792119159446456,0.7788422354804404,-0.3711171908020875,-3.234253758130603,-1.5244494653076832,-0.10083615105089584,-0.9295187006272464,0.4020609122696228,-1.4025984348636202,0.8131985437080672,0.44270791148104405
2021-07-07,-0.017126584198597163,-0.05564118807754416,0.4869025842073617,-1.7065011984264198,0.0976416805350524,0.6171413767807528,1.0010780654779015,0.5394483709214828,0.9999541928187505,0.48385917529174793,0.585146067303612
2021-07-08,-1.0919014420893578,-0.015888766671838233,-0.30868228914630036,-0.5025521559950548,-2.001229098347094,-0.4677401939982589,-1.3225543248887235,-0.9364959299508163,-1.3810629048703644,-0.08764767254881621,-0.2419732868478107
2021-07-09,0.7389014391210386,0.7223945890570115,0.5713873858376294,2.0725621668953895,2.7500276565190713,0.351373353701477,1.5730321715781685,0.9597999589415408,1.9818935409317324,1.296671494397633,0.16005134675597618
2021-07-12,0.9446407158962705,0.61103715201062,-0.1926389011215769,-0.11952300503570379,0.9177389281599204,0.15500951633672647,0.11961910446205679,0.03204503010331518,0.2241586775031254,0.8319727568996701,0.2808267383877883
2021-07-13,-0.1034083616215514,-1.2067792542268252,-0.020322026998959276,-0.7528424511514615,-1.0396720801226604,-0.11053013036322608,-0.9454839989570464,0.47023532180860056,-0.9268251347467822,-1.3350583609898619,-0.7687402530648726
2021-07-14,0.05645550730216061,-0.2286400274754694,0.9383124545420827,-2.925204369631663,-0.5256525007381501,-0.12195813670621211,-0.026982429191752234,0.7690052967938491,-0.2319263067716185,0.8840955918981275,0.8292461650159255
2021-07-15,-0.5628812786441818,-0.6736457250986001,0.4177675891466333,-1.3927905914592758,0.3794724475992202,-0.25356210746585944,0.22315783072754322,-0.8437977157265983,0.0716564494604343,0.12009121175030645,1.185520955619306
2021-07-16,-0.6111289620017126,-1.2971527374827971,0.11106364346149986,-2.740303724798344,-1.3390465555541922,0.22525323058484864,-0.907953052649418,-0.9582377635387586,-1.3979266205970806,0.09324126325786654,0.9867292003196005
2021-07-19,-1.6976912323859088,-1.0822910183092291,-0.36542018218038536,-3.6712822681213533,-2.786066318688046,-1.1321319815400261,-2.1825424339332264,-1.462406074665731,-2.1011521218567246,-1.6674227695732504,-1.6083335974878346
2021-07-20,1.0443926250184157,1.6545221106633379,0.01788321274624784,1.3861592682567303,2.3245612081868874,1.155206467831881,2.5685399454604485,1.4924365193117752,1.2099704864188197,1.844434788891503,0.3910585706294053
2021-07-21,0.6936695778145004,0.7653850465166094,-0.17002233475492856,3.4200876381299055,1.6761214791640004,0.14034020028265448,0.9679687611475374,0.9426089239338354,1.071783406095492,-0.352489386328965,-1.1049532882551119
2021-07-22,0.48077448256854066,0.5609953250252071,-0.23780552252276949,-1.127497338318636,-1.0604494506995685,0.6460342612980846,-0.3572259049906127,0.7144870091735486,0.07120838014764873,-0.6927478642373835,0.16879840726478731
2021-07-23,2.6874688210058975,0.7558939609491951,1.230852488275398,-0.38098540506877043,0.12593356388943086,1.2057928931410027,0.44038535287659436,0.9607627768988323,0.7329372668702041,0.863544647022528,1.2677452103526397
2021-07-26,0.7042922923017937,0.8052391258347819,0.1521036456583773,2.5031664228520927,0.570982789460635,-0.6318438114639795,0.02247781198804991,-0.016807157376342,0.8549732901292644,0.010602166002799507,-0.00956403548223246
2021-07-27,-0.9035669089458545,-1.2475677922276165,0.18050579728257535,-0.9445793634776306,0.06354041990962445,0.43425984152086383,-0.5530423356082803,-1.0020058134606735,0.18121512303377985,0.784088590426656,1.7077622065208897
2021-07-28,1.4301239768109448,-0.16742007551733218,-0.8389355922897122,0.8425618129334992,-0.254952791506638,0.4020857618692414,-0.3118982575923943,-0.15750231682728627,0.234259495008263,-0.6426395870704346,-0.692939686562505
2021-07-29,-1.0453683750740619,0.8044863578093818,0.533826195680126,0.9333180938346627,1.0340727600893884,0.16346621927990093,0.7791665842370159,0.45568131198266054,1.0859382977500436,-0.29952783276050016,0.19609219270284223
2021-07-30,-0.39862272282806843,-2.99958404532055,0.04057804821508514,-1.8296628684933625,-0.7101334951769323,0.051453291732449356,-0.19129697800885545,-0.1175835192325953,0.40881467398038585,0.3492303944453346,-0.8750195740507449
2021-08-02,-0.24580468730052255,0.3525380623970376,-0.3075388789570701,-0.595615504257325,-0.07512738079149986,0.16749143247786574,-0.7212690032564848,-0.41474787698038673,-1.2077604524453631,-0.00042094019767393215,0.7417205367991933
2021-08-03,0.009819106439386315,0.7151967004584321,0.5030719761134697,1.5931336142386459,1.0760059445978414,1.4723799816925889,1.3841500842692775,0.6581973894585273,1.0228224547782523,0.44793601641815645,0.6083480244562617
2021-08-04,0.1484387387983098,-0.8185019913996517,-1.2271139493180379,-2.962957498200296,-0.7719433692817471,-0.3814104698532163,-1.3436221159180826,0.19940809710074178,-1.032717995021046,-0.3691237134869968,-0.1356739442735937
2021-08-05,0.9667498818341498,0.9044083033089695,0.6618458540971239,1.2074333550332772,1.2029783525306306,-0.43436375459959314,0.4400717555062089,0.5166373533178469,-0.1461540133905182,0.8249637580345345,1.1165674108334602
2021-08-06,-0.10902937127631758,-0.7865927152532073,-0.036982408728874996,0.9779612966215482,1.961716801232727,-0.05419997646313243,0.4175514144606712,-0.11988860787662398,1.4063342053685202,-0.22646343852285497,-0.0856986497219231
2021-08-09,0.11732076055908129,-0.09336973289339968,0.290751437142606,-1.4398354931900972,0.3450118429172026,0.44604236055830987,-0.35558377806983393,-0.35099264086214904,-0.1382566989759011,-0.41594675412874027,-0.11507823322528427
2021-08-10,0.03261955337726227,0.1819795858595592,0.7553374725015972,1.6549981681207375,1.0230347226296,-0.2938346184383149,0.9776630324233329,-0.745809717427944,1.3789292879916604,-1.054558536193664,0.09488194685091415
2021-08-11,-0.032785864877512116,0.052668620745870955,0.3026004125888227,0.7381873119836037,1.1062558141670529,-1.159793990004545,1.247602907211732,-0.006975017219484109,1.407077052036093,0.5215422018349242,0.9117395308195044
2021-08-12,0.4109751349097997,0.15003614018855493,-0.14600987117494027,-0.5052100579394995,0.12920767468317176,0.7515458219513694,-0.24812699714282124,0.5806152720163439,-0.17471582315197334,0.34374740447094104,-0.0031120970426873444
2021-08-13,0.34834426104049593,-0.31000702206043285,0.77095332802758,-1.2141950258911645,-0.7358529899275242,0.5831928480015447,-0.31122819617911973,0.5284722477063971,0.15074849095957846,0.6494342299311356,0.5612674039982395
2021-08-16,0.2338300334390681,-0.49647302430180473,0.6520869174299179,-1.762614140388226,-0.18030784918592896,1.0900633341739823,0.3686860715412749,0.46168004268593477,-0.5152587571873944,0.11426847339373093,0.6448008998679566
2021-08-17,-1.0377979975603124,-2.324378566381901,-0.010556065476599295,-0.8862309549348325,-0.786079481922511,1.1693696392014603,-1.083746174298495,-0.8583790935423821,-1.1790993444491265,0.13580512852307858,0.010818947303377357
2021-08-18,-0.7797343890520865,0.1380267035998052,-1.2981979711658598,-2.4398934372746934,-1.1711108709242664,-1.4663005477333086,-1.1529922790290548,-1.4125383767881283,-1.1272661246349618,-1.0818419353857323,-0.47234382555138527
2021-08-19,0.1236938290389199,-0.7144702744626268,0.890621469833236,-2.7631215230776767,-0.7445275040976648,0.557635880286099,-0.7111730702693095,0.9295485070996621,-0.9267107944637356,0.9410391950025382,0.37843641878529144
2021-08-20,1.0347395558333272,0.9047863454329277,0.2300182427689093,0.26182091673523816,0.593715757837283,0.4662399787622831,0.2233891051539555,1.2639620749191494,0.66318344492949,0.45919979159000335,1.2112543622401482
2021-08-23,1.2701284276130924,1.4730622812932292,-0.34928929197821995,3.7298572100945657,0.7621707393980558,0.03113921410029213,0.7203433457091672,1.2425122568618663,0.8197914965453679,-0.38637224601098885,-1.3261198398290885
2021-08-24,0.4403814462601277,0.7981210693951118,-0.7472775223777743,1.5994734591529278,0.652847705053301,-0.3963497007425435,0.47771920507311283,-0.11208259328575823,0.6089419405889172,-0.7218914457123176,-0.6327634252386631
2021-08-25,0.27229949128311215,0.28481921471670973,-0.08885673882814972,0.6700288819235786,1.1720977118697222,-0.2777043528802605,0.5698795537759385,-0.06871029390513232,0.39356076692173647,-0.18353411409226197,0.20068892937925628
2021-08-26,-0.7060124187515467,-0.7144697078806069,-0.526039295899132,-1.4797172339572084,-0.5289815614753747,-0.36772895076014384,-0.4374934278512133,-0.6337836623337989,-0.667160299480075,0.058472686873662715,-0.35146542368695965
2021-08-27,1.6219021664076403,0.9305633010739452,0.2832614980630143,2.5163935842044722,1.2636452582663678,-0.20261419763618857,0.7085983341029867,0.9476934755096691,1.293784841221739,0.8635437564309713,-0.030650472586880473
2021-08-30,0.724149604548533,0.9923505838608384,0.5516605494059449,-1.1910565370575608,-1.4131514519664654,0.6234961222133822,-0.16138514275687832,1.0852365947251883,-0.10302247977925387,1.1076968541014953,0.17336882662074338
2021-08-31,0.20999912798263315,0.4124458639799431,0.09923690540301555,-0.7642072186061807,-0.09963031422092321,-0.14347945193701767,-0.22300084191413572,-0.581037360491064,-0.3734538438777066,0.5854708880502139,-0.09577092822952844
2021-09-01,0.5301861263330095,-0.028616038841713213,0.4920972151486616,-1.575364236674404,-0.5973269411289037,0.009111447941325963,-0.444922998578958,0.04938126574025124,-0.27763151757873034,1.6817837817519745,1.2922132513266085
2021-09-02,-0.8049051640469946,-0.11114790119847621,0.2752672905337111,2.4799884446731584,0.2440022847709964,1.049568241608915,0.9767401088476714,-0.07783328574376344,0.579543441099093,0.44224855505230126,0.8074164051121618
2021-09-03,0.10334503262985886,0.008551556878457366,-0.01176754545710234,-0.55248378553302,-0.6152520353011671,0.14164764033369026,-0.6125126324570165,0.38084939880380025,-0.6411547671017634,0.038560390535831095,-0.8062898893719354
2021-09-07,0.467206388273017,0.4705230625889256,-1.122673744759372,-0.5622038443028211,-0.5716993670292112,-0.5498036645607999,-1.7825832834256201,0.05451153944858118,-0.6049843218897055,-1.1270863754865472,-1.3848835724866062
2021-09-08,-0.4371100303196349,0.12670853768757986,0.7489034175538996,-1.3091090957701073,-0.3175765494179016,-0.11496481254497556,0.1867583873364092,-0.4078090692056755,-1.0591241163719258,0.5208519065182108,1.7732408671794804
2021-09-09,-0.3214619456235322,-0.2864626737716562,-0.6188004454203834,-0.01380272421212961,0.21269967714749555,-1.1585789795550177,-0.5055274945333555,-0.42906847064644077,0.0837330733959127,-2.1136340285574944,-0.5889551977204323
2021-09-10,-0.9192356651661983,-0.6404356051751247,-0.3241789768357672,-0.02608450701519844,-0.6664946517750899,-0.947496014838072,-0.4495874323923835,-1.0354587344281354,-0.0529892745489355,-1.257612926982425,-1.3947763400695536
2021-09-13,0.43483419211007696,0.1353842127159281,0.09606910979878826,2.8067335448705024,1.1022454712363827,-0.6862628774761275,0.17929865953902785,0.0283809193068576,-0.007853865876188184,0.5142107300225028,-0.18728485113534601
2021-09-14,-0.8417597007811747,-0.3491522087852751,-0.5959927679073901,-1.5085986641914007,-1.4114363434840227,-0.10818574823102792,-1.239509458856375,-0.1847215500629002,-1.0890427007043482,-0.3748401492045888,-0.40793570909599314
2021-09-15,0.7090767468024196,0.6584105909398952,0.2941975075886797,3.637353416412075,0.8866508481234643,0.6907640386037615,1.0892382716335862,0.8781203545300474,1.0341076915799459,0.4247774745860619,-0.151004062770033
2021-09-16,-0.21152821812190412,0.41682230955158417,-0.27537534630180976,-1.0513464075742767,-0.2551659311852872,-0.23820552133876682,-0.6729951085413685,0.07438486946858595,-1.1915640290473675,0.1644185838879942,-0.8227001036191202
2021-09-17,-1.3493696154241381,-0.3600669555720031,-0.5258937353975441,-0.7840440096155868,-0.4951764153342,0.04119643538042398,-1.0307114692655577,-1.536395051775678,-2.0635723365415912,-0.9341903022295329,-1.5992083122714962
2021-09-20,-1.7447298023875475,-2.4698343934703364,-1.1024781219433986,-2.9813075189993574,-2.2117626402085007,-0.9548859089480288,-1.0969941960292429,-1.8673012869545558,-1.9990132982189592,-0.6286583123757002,-0.20926452895381648
2021-09-21,-0.3053176904431967,0.07511152337891329,-0.09289063369237469,0.46950784385000044,-0.17659329746241167,0.16713417233893468,-0.6964862952891263,0.0502829264796034,-0.13431068625753298,-0.038191657812281656,-0.24294030010569956
2021-09-22,-0.06628280355218666,1.3231108041950108,0.24442136772402293,3.125588639722591,1.5633908924534483,0.07995793978425786,0.9009505216865583,1.3908643062431276,0.9809694139675822,0.8898881960569859,-0.1085664668841988
2021-09-23,0.7579405819736488,1.009351746525398,0.35019469101419864,3.217614650098592,2.4291406458190963,0.7860938876800146,1.5290045699981936,1.3309652193085384,1.3856443982200914,-0.5843721229237858,-0.5063006716318997
2021-09-24,0.6888473198596088,0.30598637088104175,0.1849185720677891,0.7450142390482911,0.517713758482731,-0.45209548165855,0.15063921319492835,0.08393350473120216,-0.13875293509031292,-1.2275315152744362,-0.15386445224603895
2021-09-27,-0.1611680163913365,0.3805867773349378,-0.5769008658372561,3.254388471074746,1.2462475265769108,-1.4597995868667963,0.09907946390331365,-1.0182908350469515,0.6365208208033242,-1.7183113387632871,-1.218057572228006
2021-09-28,-2.9245631032914345,-2.046254766153761,-1.3941695312335778,0.4599741144106597,-1.574988961181548,-1.7329067259733597,-1.1321788327363795,-2.9962930253287405,-1.319525131938798,-0.6382351007258592,-1.232612963914313
2021-09-29,-0.21555142168915933,0.007645222921301399,0.7637571420689909,-0.0399945975475504,0.02036587273250235,0.7781998622053069,0.11087368350573704,-0.08528100930016556,-0.40032699000596644,0.6368482901277794,1.2873906445642282
2021-09-30,-0.38989995309794245,-1.3774023964434512,-1.7690684671302106,-1.430232246981023,-1.6551811181467282,-1.2819026459250316,-2.02715882221196,-0.7774325612958509,-1.5658059460567488,-1.6019217278937539,-0.8322165599082022
2021-10-01,1.669280059766227,0.586803081341491,0.16454371100540768,3.159724352758077,1.5275540706136415,0.027036566061175802,1.3743296613378562,1.460439725681688,1.5877931063043018,1.0290545360661643,-0.04143710184519961
2021-10-04,-2.1808765223430884,-1.1144763976850731,-0.42617893466976375,1.5305750603097865,-0.7541736638164457,-1.4940018476194123,-0.5230988264741345,-2.4051921850863547,-0.5743422014020885,0.07103567864577696,1.370259449798463
2021-10-05,1.5784704575487114,0.5279545893166786,0.5154493452858214,0.49117055959613687,1.7563189987083074,0.5565307753855724,1.11171441558371,1.4188482169753147,0.9279032459032138,-0.8899643847830899,-0.18854684744324218
2021-10-06,0.5599401929306639,0.43012481149986626,0.9843747201808823,-1.059398688041269,0.18606390412761067,-0.24054935631190655,0.4256053462564501,0.6785708030647964,-0.17778694152992147,0.9778367608840053,1.5179522249515554
2021-10-07,0.19272216920916987,1.4582017042939637,0.45188948203867757,0.6461052725548608,0.5877551370612096,1.2147471847098168,0.7986942189915425,0.9130019977163354,1.3282039891004758,0.14228543957602513,-0.538641667939929
2021-10-08,-0.4319608907622383,-0.4526157974393589,-0.11677578106960523,2.953159450679142,0.4552316981762725,-0.5157001727298046,-0.040107659192923105,-0.35148853142212855,-0.5678859607331718,-1.1410582115245824,-0.7385817452825179
2021-10-11,-1.403282161247855,-0.48496520490056744,-0.04213979903028714,-0.3926996051689723,-1.0311581843236288,-0.7418909044663506,-0.7827280159173391,-0.525025514540635,0.022803239625915014,0.16997205023002832,-1.3579217737283176
2021-10-12,-1.085881810485707,0.7161933185700174,0.02928632524410492,0.016950933811076294,-0.32221513616504793,-0.4758329681769941,-0.3287328378989449,-0.519331306737522,0.18307539734081513,1.3244014984111716,0.659645297895058
2021-10-13,0.4844121809160338,0.5919275812717318,0.1519708637851079,-0.06743734772316583,-0.6590760371430531,0.09231575922828537,0.2016619134038995,0.520804554818184,0.7935048540470019,0.5326571427224368,1.1297318309595863
2021-10-14,1.7723527818471398,0.9355620761823793,1.0338804664231376,1.293402895715567,1.6900586441737635,1.424114004299652,1.855857499466,2.2044533427607025,2.4260735216896703,1.3796288782811577,1.1932614778072435
2021-10-15,-0.15005398387009336,1.824410500276264,-0.06716445583146094,0.5481415703940453,1.5165731328711856,0.49362453985917076,0.9791265757920988,0.796850911172147,0.3167489145677193,0.006126621622410039,-0.23101917729154584
2021-10-18,0.7617139900121258,1.220478896361496,-0.37054665272640336,0.12638390038136008,-0.03277849773930513,-0.7184752067812411,0.05625215811628334,0.8477682493843649,-0.08032743540019066,0.2148695322599812,-0.9724410253820462
2021-10-19,0.7175254886645083,-0.31533384931707864,0.1977641825696117,1.1488977018060715,0.9630087666711408,1.2970575800648665,0.5837892027707272,0.9838110240130554,0.4685270284108035,0.398474773898364,1.2482233027869345
2021-10-20,-0.1850595702342456,-0.1806939758542695,0.5639292849814548,0.8411983780303712,0.7307739425797647,1.4527528370965177,0.6252545980458535,-0.2994208884231467,0.7680084136037921,1.5100119384209816,1.547178233069722
2021-10-21,0.23088344640611796,1.3659216199938005,-0.07003496336981231,-1.8321701208407952,-0.3391329664114197,0.44284609341242687,0.25981611854583725,0.36200357847677633,-0.193741376182439,0.3505515845753292,0.017842058431106325
2021-10-22,-2.442908589811453,-0.7023523906551666,0.8047314624059176,0.8499965818275613,1.2986929474288529,0.35891159029756636,0.3343095239751193,-0.33335672081288836,-0.17373872492466713,0.6626534273505686,0.463275415747729
2021-10-25,0.31203143545403644,2.18646136739194,0.10166341042862656,1.4326644760842702,-0.12476188180761848,0.05743415011375308,0.22315613640681248,0.326088449690444,0.9349156542037294,0.32235529773746996,-0.4344879064860001
2021-10-26,-0.33863371765843914,0.2670427342801319,0.23338248079515359,0.7277437950093568,0.1950148183886896,0.5425926433488559,-0.6217402901874053,0.2907489563944327,0.40501081984383286,0.44490493831421485,0.5607594217955281
2021-10-27,1.2733690168944958,0.2961767737247083,-0.5400168205158669,-2.920930887627582,-1.634242409783581,-0.7819607970765595,-1.256894362996668,-0.38584196456757197,-1.3781883313766465,-0.7949772436102146,-0.6713529774793995
2021-10-28,0.2835283707566867,1.4267228237506913,0.3920643919061642,0.7533280512010624,1.2023927836420654,0.8598232073745015,1.1758934235626903,1.0266935209358445,0.971293019297934,1.4311888662472874,0.6406274416416364
2021-10-29,0.873426917322017,-0.024521713376367413,-0.07644355887160943,-0.613894033939546,-0.44602254327308144,0.9072236131452308,0.032470942637632366,0.40433893479396216,-0.5388558784773355,-1.2117931358268403,-0.6346469387164895
2021-11-01,-0.8290308910523291,1.5105065071068045,0.14138469111257898,1.5352048171422272,0.062014472422861,-0.200489012275763,0.3088753087724765,-0.11361030883038731,0.1459176864760848,0.2024471881736139,0.391685202978623
2021-11-02,0.4119095685679299,-0.7035731067510447,0.6733835253580087,-1.020975688935533,0.17057962520249206,0.659001485242207,0.434807120183587,0.7703917986752754,0.7775772145872712,0.9381939939606692,0.04890358699642639
2021-11-03,0.9514404467205317,1.909157687914717,0.7868526919100088,-0.921118021485409,0.3443813500079515,0.6097598793372667,-0.1480542560209681,0.5978080116962499,0.9327416033770577,0.6071422646841674,-0.33091381586578045
2021-11-04,0.4206543265484804,1.4868268026282396,0.2190000269007183,0.29587286959992126,-1.3548788044815716,-0.8471269198725246,0.3806900619844445,1.4384105700130088,-0.09752942057421644,-1.1718592209142387,-0.5827826473874756
2021-11-05,0.7914593242213596,0.744559922875087,0.5083362686080727,1.5005155936339805,0.06916866196117716,-1.152307704522018,0.9822906939057519,0.4424555899472022,0.7920032029317535,0.19486973596382648,0.8801332559363189
2021-11-08,-0.1778162855422044,-1.5506023444481323,-0.8878050632524062,0.8116899367793672,0.5339790436415048,0.5466285876755208,0.3209045910875007,0.5568920454167683,1.30008401138272,-0.04166148640771239,-1.4664484702029912
2021-11-09,-0.29172128918161616,-1.7610325894655943,0.3999461899081387,0.41912821752670537,-0.5861778111348602,-0.38201759412646696,0.27001046209221935,-0.4756613598229126,0.3587505104524972,0.3699280379342843,0.4324495640339686
2021-11-10,-1.3667502432152165,-0.6721150624084224,0.17747799531916164,-2.9308881868900647,-0.22785906950526244,0.29504384068467027,-0.5664289184983877,-1.6712266751046467,-0.6994581549038394,-0.5354607281739888,0.7003959369867439
2021-11-11,-0.5745852945519421,-0.3041589282736507,-0.032058264971926625,0.2864925275664371,0.28654531008345363,-0.2678793051159949,-0.3273716096864386,0.4735741322803564,0.7846948201868483,0.03206864855897695,-0.6079640073274462
2021-11-12,1.683371825635496,0.3524309654126402,-0.022436195350520858,-0.290095292150316,0.1952933769649717,0.41204138772497195,0.7813880182747489,1.1618244069413175,0.7724873890689755,0.08636218666738296,-0.19027674412872464
2021-11-15,0.21874242779044914,-0.06421342327466208,0.395648731361116,0.886612667625515,0.011038483368627412,-0.6289140075125516,0.11281604969638125,-0.12519055442967295,-0.3798577133136578,0.4565202106591507,1.298239973475123
2021-11-16,-0.4540808986696013,1.3521730391999203,-0.7297307773609794,0.09756023068999717,-0.17815450301159327,0.37312214109001746,-0.058772731314908316,1.0763005264026406,-0.28609359738812007,-0.6668907607176643,-0.5613958267693252
2021-11-17,-0.1025768784831349,0.6415634762178226,-0.20413419802583502,-1.7534151221987158,-1.1115006453895686,0.19740000102100275,-0.472135578607329,-0.44086535626885687,-0.7777195739146932,0.613615506226018,0.1322686098099271
2021-11-18,-0.06307621604580385,1.518220983527908,-0.3362363748467126,-0.6169254295456544,-0.4934632137296295,0.08419020429909774,-0.24200138672391774,0.9620877322387428,-0.45279068605075085,0.024045536678602708,-0.5393125200493638
2021-11-19,-0.24995182829648205,0.4129018023555326,-0.2292724962121319,-4.024168066351136,-1.1173530426152274,-0.6524720731226978,-0.5516414369090095,0.7314739609189446,-0.1611273165384198,-0.5845876252384469,0.576180304224698
2021-11-22,-1.2427379322441894,-0.5452743354033033,0.7995191889493176,1.7014056972361717,1.4150797492694585,-0.46123036309335813,0.25931561404379394,-1.1824736655297765,0.15576638031096138,-0.49617399506036397,0.5880327599695433
2021-11-23,-0.4136232126686233,-0.777256320763174,0.663149586544174,2.9239822485530502,1.5442652383179907,0.09619396452315127,0.19313487256680278,-0.20507097178101094,0.05823716459774355,1.0718156804725358,0.11312927664502592
2021-11-24,0.2812812467483437,0.18074483833583085,-0.22466118159553472,0.9892572371778738,-0.23816089094407553,-0.05855768857817605,-0.16456696958774242,0.7078106822531269,-0.7065944516818314,1.254005103654104,-0.06171779557965631
2021-11-26,-1.9635462954014544,-2.7175077068166833,-1.4498201866945024,-4.077518975036795,-3.314683783597545,-0.4814581668107306,-2.7284852206364403,-2.652300008952711,-1.7751132009105155,-2.7797369471542153,-1.6235426051010649
2021-11-29,1.2297495710598267,1.7169961107151666,0.35209514405349945,0.6023702472407997,0.2890295069601254,0.367479794384639,0.2862199712150912,2.5324723134259743,0.5181387878220057,1.3497970616581065,1.5491520654408517
2021-11-30,-3.059932244059062,-1.3623332903454701,-2.689315364789041,-2.520964503042165,-2.3937455769855736,-1.959665360616604,-2.619372009028299,-0.9498856197649951,-2.388765421137769,-2.1551841063753274,-2.969415655368603
2021-12-01,-1.9803685282240513,-2.0207230233648477,-0.6180939198815488,-0.8461323968975617,-1.0869199033097015,-0.22084460423628907,-1.4449383375483709,-1.2731622488863517,-1.1466356355190084,-1.3608695583401258,0.1601843490647717
2021-12-02,1.5902242948121619,1.036304719468237,0.683534135435766,2.797472815247344,2.737796625391061,0.35937827240699477,2.8156424129380677,0.8154648223258564,1.9066183504293652,2.6345788407942723,1.2084358817934142
2021-12-03,-0.439594377007717,-2.0423345785432208,1.3174448206729348,-0.7576438180380098,-1.4566477519642886,0.28999845310075334,-0.08475186511026521,-1.672333035185635,-0.2313539635743004,-0.42723848608046283,1.0046890240924204
2021-12-06,1.4243789572750365,1.050820457420951,1.5369544909295432,1.5834795105546726,1.3461942756243614,0.3943542935942939,1.5763208757687557,0.997576300855638,1.467119875617779,1.3630912440374896,1.5191533332793368
2021-12-07,1.3388205316195112,2.3931623491778975,0.2673421907793159,2.1355623099111742,1.7941368213989768,1.193273309422878,1.0346970795563577,3.4206311125229747,1.4994697953920464,1.7646424034792556,0.7466593106737313
2021-12-08,0.7205892406403029,0.32174208476440613,-0.4521083599534195,-0.022403082225035814,-0.45329959025165056,0.7101365959301202,0.2472796133410083,0.4505828114580424,0.4029989511775492,0.4445211040961174,-0.11446342028501656
2021-12-09,-0.783112692723426,-1.8705460195209092,0.12909587081567295,-0.9124433575305063,-0.2658152340334922,0.25738006156998416,-0.2963291268468716,-1.0545540259314643,-0.5849340415610804,-1.3729685259884772,-0.20210125706746446
2021-12-10,0.177829928453394,0.41457316259221344,1.9496409435235924,0.7739569307303441,0.16096579402802708,0.3499562308255714,0.4606354804132081,2.136176181245829,0.6143881809517515,0.4839379891872145,0.5652983732298383
2021-12-13,-0.7590337296687036,-2.5447120623649386,1.249488518907562,-2.797620936081505,-1.0662582188191327,0.8950793984259398,-1.0717771119790804,-1.65975061355874,-0.5911177394448245,1.2805889684562204,1.201530025067019
2021-12-14,-0.5464842932275682,-0.593429681024277,0.0009489780610684633,-0.4466709318613977,0.6284395552452334,-0.5300017360822102,-0.9761149070827425,-1.6472148070123573,-0.12361552717665412,-1.2705868875117368,-0.6366576461623694
2021-12-15,1.3154716483113256,1.427586495892376,1.146451253187471,-0.38424366087452255,0.2723546911611994,2.1138627228789093,0.8743890782742298,2.712512127135101,0.20318911517080107,1.482869887994784,1.6658079159770969
2021-12-16,-0.5909340132769567,-2.373335125992039,0.3794450050821762,0.638603170814769,1.2537680590868887,0.6121879553277436,-0.005040010762331929,-2.8917409224722657,1.0015881311282637,0.41627486801032626,0.4860217896531432
2021-12-17,-0.8112838486858807,-0.37961788467450897,-1.8848106153783317,-2.229003982594151,-2.2812829682548696,-0.8024382171882269,-1.6768755771052921,-0.7083569611934102,-1.2658938280127798,-0.29590189876551737,-1.536064300928059
2021-12-20,-0.6280315480401693,-1.7549025865471037,0.04031816382457914,-1.2245730232075478,-1.9164936089651032,-0.6494414211026401,-1.5838968471775625,-1.2760163959749715,-1.8246561729851547,-0.7397224632076083,0.04154543228115321
2021-12-21,1.6396325228309283,2.5581959281944924,-0.06876870090373176,2.8060878564977947,1.9244769206626962,0.3714860355267242,1.9019624314784909,2.5278621698150436,1.2449462647792284,0.6120979405028789,-0.1707680094613852
2021-12-22,0.8149063864288695,1.7850122754565578,0.5156747254703318,0.5319204262511157,0.49321886052982744,1.1519479481485984,0.4728246897178207,1.258019477105124,0.7954066354650788,0.9429473307529279,0.398101752801018
2021-12-23,0.6917123595068804,1.3139207756304538,0.16107475680631242,0.17968873125060655,0.5512741441301895,0.4128595893100474,1.1766309363453464,0.5298915545339331,0.9782725962100043,-0.35776362557775454,-0.033282481488945775
2021-12-27,0.923159178496839,0.7936427406952331,1.01665810968039,2.139042600371665,0.9223191084107154,1.0491562496429063,1.0719584685810408,2.119941841822691,1.4432436890295137,2.0001782949129847,0.4926572465631318
2021-12-28,-0.2733774157785758,0.10237543660626329,0.6442152696191298,-0.07240251958367658,0.07337843812133168,-0.2844147620897425,0.49527912404939783,-0.5910621008118604,0.5451869326013961,0.4398571661134687,0.9263267088063928
2021-12-29,-0.31688339641225294,0.07923938287531354,0.36799810108666414,-0.6783246979437771,-0.07232650193488178,0.6071242877228333,0.20746470673400313,0.06265891405648627,0.4450653141755123,0.6186669027273376,0.5122593871736233
2021-12-30,0.037392357766631835,-0.41670322777342816,-0.27858353730065,-0.617336035543812,-0.2447675285827419,0.1348354437795143,-0.41685025068242426,-0.6646169697262048,-0.36363951270724715,0.3879261253020206,0.3402677781392391
2021-12-31,-1.1900377502536224,-0.37363951618903046,0.7362490369651676,0.29914784737161254,-0.1492876298516847,-0.3864209882848349,0.4362929619361019,-0.4935557499343085,0.4483203271654738,0.14622490909904015,0.3236147366917371
2022-01-03,0.4307064183143507,2.9244190103640766,-0.03609082920513827,3.0577882542875474,1.255204269340853,-1.0490680255107847,-0.811705945862291,1.028981335332203,-1.4636264752420685,-0.9633620824802636,-0.9455143651681432
2022-01-04,-0.34536577060423146,-0.8706353875378782,0.31300659507346007,3.32437329690613,2.5682097902075807,-1.3770250111558637,1.9744272963661096,-1.1329732876347436,1.2301364863203132,-0.39105608833740096,-0.3290208768239908
2022-01-05,-3.0532448653496194,-2.769754935850406,-0.023723851456277627,-0.07629282175751759,-1.227738407442424,-0.7493740405795983,-1.0142202138775644,-3.164071613322759,-0.07123924783532604,-3.3346349614156012,-0.053066647885824075
2022-01-06,0.47936347273405866,-0.41906220435581026,-0.2139415201859323,2.20164214436535,1.4222532996934796,-1.3005137528931792,0.3785696132322013,-0.49212353508090434,-1.3284081240391339,0.12766398142639648,-1.0716135967359979
2022-01-07,-0.5479315368982451,-1.6788645493922054,0.14551976913625841,1.4166250492718526,1.1678206168468526,-0.46028468735661887,-0.04932699632925246,-0.9759790546167714,-0.1929286254150053,-0.533275426681223,0.7494840852229847
2022-01-10,0.03688374780142484,-0.5323732113036739,-0.7855282510069179,-0.209368243955707,-0.29571319057028916,1.0659917229653344,-1.1894118850169184,0.10726093294525307,-0.9554380540354984,-0.5993047672520716,-0.6463576185105331
2022-01-11,0.9849852733919159,1.080340939553009,-0.12056638117438868,3.370299887651191,0.8181675052253816,0.5641524044113948,0.610891209052163,1.1719709729396228,1.0855675077945086,-0.15645580229525913,-0.9278211592790051
2022-01-12,0.39359998154123516,0.7010445388532082,0.03305156813047981,0.05241617344688003,-0.017572208043846176,-0.2484910394024819,0.252768138360455,0.44792882959796726,0.9328809355772028,0.2944136457953285,0.35295588644583564
2022-01-13,-1.4780422755084446,-2.3237873855410354,0.2542404030538934,-0.6289111791203127,-0.38562523054886066,-1.6463546043276216,0.14645976132120422,-2.6482801986072944,-0.9388733348158392,-0.36167651497954256,0.44788894532570406
2022-01-14,0.5241514540586697,-0.293941793364988,0.05852636280292745,2.3540652459129885,-0.9934137206931032,-0.20268350230566537,-0.5887245899864443,0.865592476854389,-0.9654579332824903,-1.1961135047570328,-0.6546259299852827
2022-01-18,-2.461802241011867,-1.93770773713486,-1.5557880894209746,0.4361404322988748,-2.2812685481372474,-1.3686729481412456,-1.1568276403833382,-2.493682576102552,-1.3125928222775787,-0.7303355525388978,-1.2119180403148537
2022-01-19,-0.26270793546162513,-1.8836843840141921,0.6665347481442843,-0.6802147039328934,-1.5624983379007784,-0.490562285528111,-1.1139379054157277,-1.4248428466875989,-0.16843196505504363,-1.2370040865977598,0.4548946255057158
2022-01-20,-1.1436376157662,-1.9339482150858565,-0.8440974099502359,-0.7684051802975965,-0.5950627796608944,-0.6066486059640557,-1.2935853582341814,-1.3146681166058538,-1.4015147983620566,-0.9375467342812378,0.14085755430421448
2022-01-21,-3.955600440336314,-3.3570704087520657,-0.05511196304739457,-1.8736596613481946,-1.9116525080008637,-1.0666364012220508,-1.0411230391257174,-1.9749792764851326,-2.6055549493977272,-0.04586665535659906,-0.18437557419030312
2022-01-24,0.6206020257498363,1.0957381913594388,-0.29266029456583315,0.5603578399628965,0.1555064957859659,-0.39743983624531326,0.5509835122548437,0.27105745483617055,0.008511545235578214,0.2237923057566672,-1.0354340046529282
2022-01-25,-2.3493973973621585,-1.838285356317985,-1.2295753229995126,3.8733860997205127,0.5494413126285705,-0.6175372988824276,-0.9122054872975277,-2.3239466728531033,-0.8850057601698639,-0.32200712039166945,-1.6298870112671553
2022-01-26,-0.7427699748474444,-0.27700118448829764,-0.6657183303731994,-0.08906911202193185,0.3218043720769942,-0.40440138477518234,-1.1324156764895246,0.798637098346181,-1.067771920569695,-1.7094773586174519,-0.718705242824862
2022-01-27,0.26091711792139805,-2.647612140034961,0.5255015073217596,1.1904305858958213,-0.847427647200858,0.13513882247085582,-0.934331473688024,-0.685994849815595,0.31504402649196744,-1.7604610010467323,0.7743597917078974
2022-01-28,2.953882048913134,2.2723278909411353,1.1774182649977187,-0.7754056958336086,1.2501087757000038,2.0870457592249236,0.6948185488405073,4.316920897619226,0.5897818720793818,3.3373820652678896,1.1726182009120865
2022-01-31,2.23769152167711,3.888297075344541,0.6398198609774969,0.3775535462792219,0.8105564732065752,0.5960501731795413,1.1761777330709158,2.531043559891071,1.416641556701061,1.230332579451315,1.8018640722078032
2022-02-01,1.3603770366794827,0.6158178209780049,0.004728318890221656,3.5432852283516,1.3421465261684433,0.2539592358839976,1.3544012940805812,0.2650604545109558,1.675044647639273,-0.7474592723992344,-1.284536061515229
2022-02-02,3.186808649758929,-0.5977034283995328,1.0814503430327964,0.35766265388122115,0.6861695673159299,1.256901640545127,0.6608926811229394,0.7290373305810215,0.18259539544529038,1.6594696401881077,1.4021222929478856
2022-02-03,-7.7949772812474185,-3.7732493906958777,-0.04901483124267637,-1.0927706991784936,-1.183490316446166,-0.4988925357753438,-1.707295966852005,-3.075450363619223,-1.8220399035222694,-1.1311871148994133,-0.44609444229383355
2022-02-04,0.058450992779816024,3.82745948455989,-1.1799991046422629,1.4515385517049935,1.6068058254179751,-0.4407867290863844,-1.0246575972356478,0.388013624869493,-1.709350897835928,-1.2482197146187537,-0.8111287425763334
2022-02-07,-2.333475432243987,-0.2295885906051126,0.06329820483939302,1.4404935646733223,0.3302344452167897,-0.13992141521596674,0.08931248933026388,-0.6923523112459858,-0.41862924804848783,-0.042409690717819276,-0.20434608218168068
2022-02-08,-0.07990861249615572,1.507572823666113,0.30053276125142836,-2.113781249691122,1.3187622249324906,0.748337987489346,1.0784400233480622,1.2270456355176815,1.2823825176692316,-0.8374007516802542,0.10544990383178793
2022-02-09,2.3644683769582615,1.0525207898546423,0.013168535549436514,0.4840512213843293,0.5781591916336568,0.7919332734493475,1.3364680142149108,2.2541633671692014,2.14551122770492,2.3305472766702415,0.4326604086649075
2022-02-10,-1.5158279989623544,-1.8045747426789498,-1.0868281791814591,-0.7339437427751248,-0.8860107746261807,-1.591477807471785,-1.693362107690911,-2.771017823478591,-0.5488862257570254,-2.88099767760801,-2.6444470950142613
2022-02-11,-2.6080948375851327,-3.0390041517220223,-0.3508530013652197,2.6422598159370465,-1.4726105404040006,-1.2847536999435598,-1.5084151047017247,-3.0048042507359756,-1.588594581453105,-1.378696372984856,0.005919235579039525
2022-02-14,0.37481068673133766,0.6442085654466996,-0.30401810020129677,-2.2079747529266056,-1.1491798036307403,-1.1255291311189703,-0.42034692769340265,-0.018430042661414587,-0.9207826229395789,-1.0196171752426209,-0.804881991035169
2022-02-15,1.206476906518413,2.136109645230926,0.1781899813176045,-1.3340239860854348,1.3103696646890932,1.1272602303654717,1.4976349533275415,2.63498164380725,1.762689078944094,0.4235939050612568,-0.5516413206745765
2022-02-16,-0.1452793744675455,0.29374451041497435,0.178613543901962,0.7225244378477708,-0.051254693626224014,0.15044230785359236,0.4554515011138031,-0.15479236078289454,0.6698938538970328,0.2803938629518681,0.17649065317793308
2022-02-17,-3.125283548995732,-2.7086592856944574,1.1023003203875381,-0.28971573084048735,-2.3442716517799034,-1.5782315587688234,-1.912062368605478,-3.1135918436465335,-1.819840429850322,-0.9694514803613385,0.05752648130319393
2022-02-18,-0.9454536689447645,-0.8014360132834228,0.056126686989153275,-0.904777033927824,-0.0736816334979735,-0.8283079901923556,-0.885754261724429,-1.1229672295205027,-0.19405607153192386,-0.47894696968729844,-0.32876501033364214
2022-02-22,-0.8642629279469165,-3.075077186260066,-0.8226940282836572,-1.4787801961675215,-0.44716314670077334,-0.29165614960752256,-0.9486924809738047,-0.9186484226555157,-1.4379531936731267,-0.26265567116956645,-0.08032480038348563
2022-02-23,-1.8768322213452522,-3.613488011633492,-0.8970291753911587,1.014823348185359,-1.7041103903540367,-0.521949953895615,-1.905444325894583,-2.6074861790364534,-1.2191447365873485,-1.3208945958460667,-1.7323504662449745
2022-02-24,3.1770166141312224,2.5955808364819744,-1.5961110824645992,-0.9163146893660918,-1.1841087762565936,0.4359345231232625,1.2433401656311753,3.3380999572015884,-0.3357405346458454,1.7911007809795192,0.7103053610652886
2022-02-25,1.4537485677885666,1.8228602886393421,2.934792401403704,2.76464683255056,3.0414513675014834,3.0056512421451975,2.4054224720417077,1.334628049892401,3.5108223587975664,2.440782337932808,3.086370746345774
2022-02-28,0.007723599253287289,0.7076859278130465,-1.292219058610168,2.4009546554180736,-1.4319346312595065,-0.7784196585331379,0.7165260928778522,-0.22058061135003912,-1.203201737461465,-1.7946672789660763,0.42460292581280434
2022-03-01,-1.2724179899275467,-1.4345885016275637,-0.5205857236636465,0.9786885498850662,-3.6604390040028147,-0.6115638613041973,-1.585174579449616,-2.0353575320666164,-2.3814179451817252,-0.2345484752752723,-0.8411841681304904
2022-03-02,0.7039981106688967,1.8801113638243663,0.9409293263490706,2.2836840461558885,2.430799383815054,1.5715796237543036,2.162407809438154,2.1280293183731738,2.2551528774363834,1.8161942174577117,1.1979856528966104
2022-03-03,-0.8499377997462646,-2.463312243111214,0.8543744773428068,0.41180504683067487,-0.2590816323696822,0.4918197132203239,0.02353466918157206,-1.2380867045592416,0.09544438046536954,1.0711431745944207,1.703582263125912
2022-03-04,-1.3781464994631094,-1.5282690569056316,0.2349777876630162,2.9175012145763604,-1.8855671248242394,0.5007240733283964,-0.18581414589048686,-1.8704329906886275,-0.32746731335241397,0.7995361038192977,2.1660964615679146
2022-03-07,-3.879986026473557,-5.025683009074932,-1.9566665177715092,1.7437025377543032,-3.603502808554095,-1.759089807676936,-2.7129207844806933,-3.8364637008110156,-3.3296940459086968,-1.8511813326860742,1.2849704952185705
2022-03-08,-0.12192418820691998,0.09734349456439173,-2.6777770770251594,1.5130957138357057,-0.656545511808698,-2.1444165040411436,-0.8024266297192355,-0.4279901024626177,-0.5037208902654625,-0.8632004192296687,-1.623287239845191
2022-03-09,3.452765043255102,2.9410009992837196,0.6589841673559829,-3.327851512757172,3.508429590763176,1.859081359065459,1.8537238170263728,3.905701241505341,2.789183983325103,1.4522195737735883,-0.7832427067601179
2022-03-10,-0.6824487389587243,1.1437335665704618,-0.6837770225184019,3.050193485459766,-0.7638933099421713,0.006083206502773762,-0.10933242451589169,-1.7759484248846231,0.16891809325899046,0.3339701732255544,0.7175255587718173
2022-03-11,-1.9434436900892729,-1.9395293612125586,-1.1200066525573624,-0.6977417478369903,-0.6506881817797052,-0.7473729150818996,-0.8151702033869296,-1.789645198347942,-0.8411518817480891,-0.9202963015072956,-0.3727936124818059
2022-03-14,-1.8989732068092917,-1.96060714583809,0.5216020120985124,-2.9842563234202033,1.2728672439248536,0.6820686936063807,0.22426923196706403,-1.906240505944824,-0.19099055621638056,-0.799396681366359,-0.10911780080683929
2022-03-15,2.313712088734759,3.377501231375298,2.0992832088479934,-4.07691229652829,1.2684490663674743,1.9064385856855268,1.5358709478450716,3.367812169491443,1.0772134804064766,0.7234430715637321,1.232948362172573
2022-03-16,2.916302528639557,3.4126008663481717,0.17862267495928988,-0.5791711678533475,2.7627767128585563,1.1792342843761785,1.2715064706858006,3.256822239847156,1.4676903436900472,1.086884442335922,-0.17452125956385528
2022-03-17,0.8452170723247568,1.9404357795938216,0.543411204237871,3.318367956224709,1.3116724760360452,1.565387860542958,1.308910057029027,0.6950307922784209,1.9271679813471216,1.3468060991452453,0.4539181412529578
2022-03-18,1.448168225581568,2.2449942165918846,0.27981211810988776,0.09916052741039845,0.2626671003621095,0.6444847092549145,0.3951479278776132,2.1540902154165535,0.5641046364029313,0.18469194370600067,-0.9087452202049414
2022-03-21,-0.6505157649330953,-0.6496836531539,0.027315569928263974,3.5907781523349085,-0.061831314895622165,-0.13461343547778987,0.13322687071648986,-0.17278642357950041,0.8916194391426356,-0.5340481243089554,0.6701579794772335
2022-03-22,2.003097789576746,2.550617748943978,0.6269414244555438,-0.6761944678603266,1.5305629246757815,-0.0005253191915969737,0.5354290487234745,1.4090111558864624,0.5351339423246093,0.060456357901572395,0.08972517367110176
2022-03-23,-1.2236675458394737,-1.1617492214890264,-0.9518169928915963,1.6336129849816634,-1.7772197123402673,-1.798873784852122,-0.9583169188014653,-1.5051954663290847,-0.33498967218447784,-1.0769541340127684,0.16564398703124827
2022-03-24,1.7900654788966206,0.7419415814782112,0.6399678050534291,0.14618900241550245,0.7472214001416256,1.1326592657210166,0.8017221086326889,2.6295999132860253,2.0157881885453044,0.6479133766990262,0.9860407004644102
2022-03-25,0.32431918840868673,-0.051360299312406814,0.7651133504734811,2.1886544128494076,1.2913841138342659,0.5060746043917237,0.6095355427755973,-0.09825938183389342,1.0396499374452837,1.207827510477516,1.4684540487490367
2022-03-28,0.2064673390602638,2.772080760326536,0.5149242535604366,-2.6636167966760156,-0.24120422813876605,0.7468410474749045,0.05661453023794998,1.2129274117883941,-0.4533230007900235,1.254233380913266,0.6123889655030302
2022-03-29,1.3220213760643347,1.4473443582623877,0.9155859037485056,-0.43977172432995715,0.13107392352480374,0.5051826739872289,0.8896973998832097,2.0481884465061384,0.6950437739711477,2.8430684387595373,0.9190322743837407
2022-03-30,-0.49379010536190965,-1.4937490811158567,0.22866030327612788,1.1798691864046862,-0.6244176156836645,0.21402212454109973,-0.09571374408126844,-1.408862575427549,-0.2546114711214106,-0.5783418323172382,0.8318370205398868
2022-03-31,-2.0465707291159925,-1.940823218787782,-0.39907428973010295,-1.353696541962315,-2.334018183876259,-1.2253699058985867,-1.5781541775497012,-1.6178971765694696,-1.2749111046278487,-1.1874817452119182,-0.17006892466112145
2022-04-01,0.9220411409110035,0.22469543350341054,1.3019828128255992,0.7935298436237321,-0.19296409472312853,0.8656272820144586,-0.6094410152059434,-0.1774687680484522,1.1282286220095423,1.9920413242413915,1.442156253384219
2022-04-04,2.0669414945477915,2.41459238628204,-0.268306666698339,0.10493109018807135,-0.5354795563915234,-0.7647760646857186,-0.15793780079117117,1.902540056405708,-0.056333207745706944,-0.30772209133866985,-0.7977203833724633
2022-04-05,-1.3901279070401185,-2.5238713980734953,0.04966189096585847,-1.4396043005105832,-0.7293655476308563,0.1667877295253439,-1.3124743446834743,-2.2368411271906923,-0.7156689825429883,0.04713516382374083,0.6624703107504231
2022-04-06,-2.217163733604165,-2.7990897203426575,1.3652717362833344,0.6593198403221734,-0.6269780649898046,1.6012902457055287,-0.775021083070731,-2.612644945449154,-1.0270086585251474,1.4907292042475981,1.9726507587117483
2022-04-07,-0.6432366657660795,0.3403328621259298,1.1199306736697232,1.3540323957636453,-0.06548082536338373,1.8227966729355705,0.26643929975000885,0.2061352622385533,0.690762858024457,-0.8387420110692171,-0.2547215071584636
2022-04-08,-0.8354610392106828,-1.137156771210622,0.3970100974551482,2.5477090420209128,1.019897228267202,0.6124863802371586,-0.5950267347154666,-1.4288262255845887,0.5694449806971,0.35696284098600506,0.2917955070166113
2022-04-11,-1.8696235951006213,-2.065520638462073,-0.5586134366389148,-3.2557386359423766,-0.5281607786259749,-1.9562344155621798,-0.4230777959632842,-2.6058667818924084,-0.47233820149526073,-1.3909545527535216,-1.3994316028527949
2022-04-12,-0.727019566720224,0.21441618518725192,-0.05694087973683418,1.682558032567417,-1.0650958434642228,-0.9438735217887093,-0.12018417567543033,-0.3632396545998741,0.02868684176548146,-0.34528438006407075,0.40299237868942683
2022-04-13,1.341713470614865,2.5573224834969017,0.8381905279891577,1.329687678290832,-0.1657509936125543,0.40816184037022724,0.9705535965674359,1.5620608830554716,1.4537594047877382,0.4093408995033953,-0.17071922022170713
2022-04-14,-1.8860245725561713,-1.6583231217427612,-0.06799001909819473,0.4308036912033429,-0.9987798241172434,-0.45534359834850113,-0.18511731007967372,-2.4480893638336103,-0.37894509404094984,-0.5526254975430012,0.003916799571372907
2022-04-18,-0.1888044621740174,0.38804408193928963,-0.8000931629564054,1.4863558215178618,0.5575082488279527,-1.1489662960005695,-0.3966633855688406,0.30140554989574625,0.07577446828837622,-0.2744506754283207,-0.4945520738442218
2022-04-19,2.1198219439441894,2.886845320410551,1.4421221445482726,-0.92225902983251,1.2287841478430033,0.864556649027392,1.7476923491685727,1.813929072944908,0.90605036701258,2.086449801213911,0.6058849880525086
2022-04-20,-4.380860220279192,-1.5941291399387407,1.4362191794566932,0.3100621006623859,0.6950317391259774,1.3234454974300227,0.5577711103826449,-0.14205384965482062,0.604990439446736,1.7905910366022857,0.7877285363792695
2022-04-21,-2.5270819239383067,-1.2161819378919454,-0.10896685575453319,-3.0836389270386797,-1.5201371259358867,-1.1149755670235466,-1.057616825619056,-1.7254245874857308,-1.7765168095453319,-0.6624308780696658,-1.6327169815126674
2022-04-22,-3.5365343153901296,-2.3594142126277977,-1.6611692084638483,-2.403287622852771,-3.120072737761277,-3.856222258759739,-2.5686517485618703,-2.8554028941369674,-3.8156815732195555,-1.807784705305058,-1.7034086562895576
2022-04-25,1.4857612121096375,0.701192173640621,0.39911602440088867,-3.4838293076406104,0.16298349502232315,0.6990708338815887,0.06951252054397926,1.403945636879924,-0.32641670671684103,-0.4707832309659865,-0.7242467155542659
2022-04-26,-3.402806930241504,-5.512658906010907,-1.5154972138159273,0.12004141581695014,-2.5403136067181245,-1.8887951017820412,-2.316195233435583,-3.775862953531431,-1.5308143962362926,-1.5050296000530807,-1.048446882650109
2022-04-27,-2.586781419996195,-0.06662122512897653,0.26008379349080357,1.445080426924099,-0.08747807571973493,-0.11043610016260051,0.39287828391589064,1.3545184991817816,1.5275194749758352,-0.7558495168681597,-0.4624174576903054
2022-04-28,3.8803418352123678,2.265813282818028,1.4625098010443176,3.188256504007822,1.1974867173370987,1.3414289212837636,1.1332476830654952,3.957343038855568,1.5255701911778086,1.8595848846561047,1.0979773066096583
2022-04-29,-3.8050527540091283,-6.404500646934121,-2.6144692614399507,-2.611254354743298,-3.4540096753600307,-2.5550839330338313,-2.7994106214008685,-4.204597485000437,-1.98349569828326,-4.980054310867308,-3.055458462466892
2022-05-02,2.5189518862368896,1.392535202046915,-1.307686697676037,1.4213626143330107,-0.07142624343380394,-0.7150468226715975,0.1432346730200774,1.4885605190817457,-0.3791902140847524,-2.553799527004649,-1.0524757253016093
2022-05-03,0.43377178212127315,-0.29759603623375136,-0.24622216308183784,2.6216086279532376,1.2259760517403002,0.2922187119058128,0.6714179747565825,0.14036996586415462,1.085620920970753,1.2190811621548538,0.3671867732520489
2022-05-04,3.8962459439352286,2.814017611309324,2.10345304848874,4.026750304192397,2.9332598787681796,2.1770378749945554,2.838849354808948,3.447590192250299,3.189439174314539,1.1453224455415012,2.1917179337300365
2022-05-05,-4.335815246556235,-6.2101173342238845,-1.9463931793473235,-1.5086623070912164,-2.9145436816793944,-1.9611658014748765,-2.8289335461695746,-5.048683084215369,-3.239681710101489,-2.5449704462713307,-1.0824369782859744
2022-05-06,-1.2292986724902575,-1.3613987673057875,-0.2138410334347125,2.7047536908304033,-0.6408791198353708,-0.1711084001406496,-0.6148747931912409,-0.8001269037801945,-1.418775218973052,-1.0079389010641224,0.786476895751295
2022-05-09,-2.6815817881410786,-4.731013121848476,0.10289252785942617,-8.47716870822131,-2.496449084307637,-2.5639339951143234,-2.485439128280737,-4.043928755313229,-3.3440315857355722,-4.785483193237251,-0.7786979955762796
2022-05-10,1.0179967209102154,-0.21022936081797286,-0.8424173749466152,0.9064421402766355,-0.7518244586173674,0.30300630870202117,-0.5895153068139898,1.552424952707155,-0.6043872520595631,-2.40655603890937,-1.2553018878337026
2022-05-11,-1.6695940124731028,-3.821775146128546,-0.409146878637069,1.3515256697104039,-0.9210114505838626,-0.6625954818714123,-0.9773474390100434,-3.346142795485745,0.06275402362042105,-0.37908813741407515,0.7672604167836391
2022-05-12,0.5246863739703232,0.6989439596952395,-0.04832502023716466,0.11344258216728104,-0.7263435999537612,0.9434842873212125,0.09945866839535437,-1.1857240071511856,-0.12450575382632968,0.8267781496703234,-1.17411259228632
2022-05-13,2.6345128236864834,4.1653374803729335,1.4123431796064925,3.22572423561293,1.3057083663829923,0.9770987442098619,1.2287686510736051,3.370802649389758,1.5784470912922548,2.5050366589757758,1.0822259377738697
2022-05-16,-0.5696842499236084,-2.299886614171567,0.37267712020566884,2.589472742833325,-0.7301839149929347,0.6927230812582645,-0.15655079637188676,-0.941078342820884,-0.22333969981465093,-0.8058696194580043,0.32273994012126406
2022-05-17,1.819697656620153,2.788871757973209,-1.9801699033604785,1.0513208101572478,2.5832254021773347,1.3399781285896681,2.240874241796775,2.8655102306516245,2.7399837388648596,1.003531941222781,1.0109311595226593
2022-05-18,-3.6326186059424668,-6.903051645031456,-6.702030952430246,-2.801480472645428,-2.8367004129812936,-2.653758975867436,-3.846774857264026,-4.864765583391006,-3.1555702044546945,-2.9874898111183366,-1.0367542514153547
2022-05-19,-0.5743220088636105,0.08585857492238455,-1.9710562486988146,-0.20107542987189334,-0.7411670755504854,0.18639084806414405,-0.9448658053495724,-1.1502524590935235,0.7207521158723345,-0.1866005581443051,-0.2239980883793677
2022-05-20,-0.2840126838070512,-1.6996569345767172,0.27924894413047696,0.40217012612999725,-0.1403833467849493,1.2843993809295031,-0.9846168946746894,0.14479028905180447,-0.18910925002576956,1.1831279622565474,0.2691692222347768
2022-05-23,1.9090411827818017,0.6211207437279993,2.0513556478785047,2.5900810187725583,3.1393132433893745,0.7953302283209276,1.6239248382430036,2.3784032997711138,1.725855334864166,1.247945287771951,1.2026744547143242
2022-05-24,-3.949541978216819,-2.8668210793983313,1.5607884847664306,0.4322360439080017,-0.18922464349997847,0.2632818912386842,-0.146448757416084,-1.6249389989542324,-0.5971423228127463,1.229934616243412,1.990315088477664
2022-05-25,0.8200783168281237,2.783809935553521,0.0036678074855658904,1.8611675366821223,0.7107749419759637,-0.024007973947491868,0.6105441079177598,1.1899018684531921,0.43295432315401694,0.5388872653716542,-0.06605198109624268
2022-05-26,1.9853338205075295,4.723500689593467,1.1171501959627632,1.129186325973691,2.1965626688810307,0.40786111905118644,1.9968082146768684,2.409427407240202,1.7525422171508358,-0.10600364908349616,0.2677531424113516
2022-05-27,2.6810734215470657,3.519823720644571,1.199683245341217,1.6455132508132464,1.75785051731355,1.6966552943414683,2.0545572317332508,3.3597172012702776,2.2909851085118595,2.741249838935862,1.4690798199536257
2022-05-31,0.4481658248489068,0.8787832667382401,-0.6868613473692515,-1.758121499023258,-0.3764003825303844,-1.365821191806936,-0.8540673482292129,-0.7041641601059226,-1.665899137882497,-1.357622452980088,-1.3941988627311799
2022-06-01,-0.6858946449694776,-0.8215260801077353,-1.390541769177268,1.7977985270473755,-1.6566440080807958,-1.4423189839585926,-0.6778014814526827,-0.32694623803098216,-1.0671457201360421,-1.115884498768947,-0.161512729821281
2022-06-02,2.635862207441687,3.034686378408479,1.3694481474762743,-0.25882678318857827,1.3517174682908293,0.6844487466052517,1.9016859545963154,2.3813205142997047,2.66156989719334,1.4376787957827728,0.5946092641067745
2022-06-03,-2.4317814574366796,-3.1630339227814734,-1.0788338813985148,1.3892954987348114,-1.528364033782094,-1.1321835465146635,-0.4117939093194193,-2.536327760379057,-1.1241017596636902,-1.2505746929294357,-0.43982773880930104
2022-06-06,1.0330441915541582,1.065600490745748,0.053720382582272005,-0.1367744869475214,0.34244128764367526,0.013054086837025199,0.3679630669086753,0.07228732601404965,0.9934991407854025,-0.35553606617958966,0.4449916338220341
2022-06-07,0.5234245181692112,-0.3758720130812665,0.32723541632863884,3.1602721967511713,0.6553375872619268,1.2968768847258223,1.2984795905100248,1.1982745856402597,0.7214151577980099,1.2133665682811505,0.5714527488114904
2022-06-08,-0.04445049902611292,-0.6413501314470778,-1.1557987598198722,0.18880352832211217,-1.7215506473226143,-0.7692932783821158,-1.828094722114491,-1.110775275015185,-2.1987593984908647,-2.5177802463189547,-2.004391974816257
2022-06-09,-2.854339378113691,-2.116843819508405,-1.4874891746243755,-2.345524652825584,-2.6204993985521785,-2.349142001538209,-1.9895911911209547,-2.8051486004135193,-2.4146492232268755,-2.342286309528319,-2.471426234609145
2022-06-10,-3.0271977148918716,-4.274733140664898,-0.37258612225322224,-1.7383593201283718,-3.659706740158993,-1.612485543035253,-2.9423383748814755,-3.9932868651769677,-3.119413453867949,-2.392393671347185,-0.7750612534637258
2022-06-13,-4.676286191879667,-4.9616188787719135,-2.215207439040089,-5.327287788051091,-2.930544738597076,-3.0555083367985216,-3.0866160012760564,-4.590699706020392,-3.9808520271903833,-5.0247497783858694,-4.741130144116994
2022-06-14,-0.23239333970768622,-0.16412928833426543,-1.1891499200114803,0.10209385101774503,-0.9922571633568384,-1.0176768431110923,-0.2788212658380048,0.7118811786255792,-0.9286340139968223,-1.0636693703162972,-2.624552934919579
2022-06-15,2.341146533756516,3.121846007174576,0.0944088567299045,-2.145038365022854,1.1592427062796105,1.05415343691809,0.9998065166535172,2.105013572388447,-0.019470247099330994,2.209860396654974,0.6626200743127467
2022-06-16,-3.606907559847907,-5.0492314596697545,-0.5984444976192466,-5.613841593034225,-2.5628042831370514,-1.5412418594227528,-3.4486519141482925,-4.197940544488292,-3.6550934525788312,-2.5771978005519887,-1.9926972160764194
2022-06-17,1.3604408591510955,1.2812232047939889,-0.4562158855109875,-5.5694603133669265,0.2136437145663884,0.007718804230815533,-0.25633384487284605,0.9640675789088329,-0.06743273484067032,0.6649557612095044,-0.9561599720786828
2022-06-21,1.6419882091349496,2.8974358204793766,2.719662932232392,4.96567576857458,2.014245754319264,2.6140151863688814,1.8269545240202925,2.4903821702652,1.479000808464349,1.8430380675538056,1.8948576586749024
2022-06-22,0.2382821949292192,-0.17673796699799899,-0.14346847824589523,-4.294954084159178,-0.2869775778640752,1.44989326549491,-0.5043865866184571,-0.43533147459668076,-1.3137680318515905,1.4792317883446393,1.0240961276101432
2022-06-23,1.1403871475078424,1.557029211222035,1.9682392667768636,-3.8543611191810268,-0.5005398065240819,2.1508418152223534,-0.3959173294149373,1.411328165366607,-1.4616820593094093,1.9546071545871555,2.315939961707474
2022-06-24,3.9200465591639633,3.7161886940682227,1.7603757051515492,1.5619571997366342,3.6745879850150005,1.645830884558801,3.4630604834031353,3.5072645411376153,3.828736255744472,2.014871136151909,1.7392505587740217
2022-06-27,-1.1027035754944647,-1.1523249298074405,-0.22274231649218137,2.6642858201205932,-0.41470545159384925,0.3770360255253882,-0.2527907541006135,-0.6431252344458315,-0.8326096542946683,-0.21335851787647142,0.8029766479344871
2022-06-28,-3.0513081192743177,-4.203869306201834,-1.3618737871571476,2.600861654467496,-0.9405554962362113,-1.747909345967126,-1.214712056572138,-3.0677649857660687,-1.0870294761654993,-1.393861330992067,-0.364875969175757
2022-06-29,0.3078194904508801,-0.047576177165985424,0.4320711479505518,-3.4573831177677268,-0.6376968285532566,0.8818981807583374,-0.6582393183362671,0.2459484257012747,-0.7043737090696927,-0.7781941651761699,0.043674148465715636
2022-06-30,-1.5783498230277018,-1.6053159705321354,-0.04617085182563728,-2.038578291702643,-0.8555550677614763,-0.3283516891131397,0.20882668912675412,-1.337465227753365,-1.222870164169228,0.02951762984624962,1.0894702769390225
2022-07-01,0.6218073903777681,1.9561728752239722,1.3912418167747933,1.5087787945109328,1.3958344523652713,1.1997455033305477,0.9210695151270727,0.24539341624670244,0.7428329613411234,1.8181787971456793,2.4447158061746728
2022-07-05,2.699135138011603,2.2877006736031085,-0.4360417577068915,-4.034206702146363,-0.5340829998921541,-0.5877521250269796,-1.4845882817456322,1.2555576757929394,-2.0619431889659166,-0.5244215833626401,-3.498199907892244
2022-07-06,0.46231371383378883,-0.2408125653866702,0.2384167602235533,-1.733410440488423,-0.24264924425323459,0.6399515488420665,0.7200070588191835,0.8472886844583012,0.5698293638867927,-0.0025347133001855926,0.999808725365064
2022-07-07,2.012603787357111,2.526842143690822,0.07559898914578968,3.421950411574972,1.4190756584245687,0.4352899042772481,1.1114610048330371,2.040613457605305,0.8462838118867962,0.057236694911483664,-0.10093780719513196
2022-07-08,-0.2152983601070686,0.031634968438256,-0.1966791522841889,-0.022666439830927507,-0.17205850525808128,0.28307012262704095,-0.43824011390857215,0.07683675597709247,-0.9689162046712175,-0.5628164239242357,-0.3249572422534479
2022-07-11,-2.835860966579017,-3.0095323304507957,-0.17157049368776475,-0.8542947964633338,-0.8399246547110671,-0.20858676438161786,-0.6910315869754454,-1.406888125521598,-0.2545710130255336,-0.025482694523955712,0.6339647042692412
2022-07-12,-0.4947984796781651,-0.7762007542730129,-0.3215295118429865,-2.0559048395565256,-0.6735533316066401,-1.3519417755401946,-0.41242190009480895,-1.3450655694196805,-0.25897816266507206,-0.5995877019356051,-0.512661984078063
2022-07-13,-1.1838425127647167,0.8942157196601448,0.05605306532161881,-0.24916959285676574,-0.9171668968949873,-0.9226057183012704,-1.20217347579089,-0.2129816934205129,-0.5165764977556694,-0.5801675158376824,-0.44312825108771575
2022-07-14,-1.1333235528809231,-0.05343902986508729,0.2638069968866698,-1.8724396690623033,-1.932522606499661,-0.3566277875595361,-0.5493634622965625,0.9225014685227326,-1.9088444539334064,-0.9897589997694736,0.012407052661897856
2022-07-15,2.1244251784058967,1.689888355190873,0.36320146205984594,1.897492068113421,3.3271276438866058,2.3747615763531855,1.546549855359031,1.7446742816420253,1.5900987905460555,1.6649560414975078,0.19458220339418353
2022-07-18,-1.2063401304927603,0.20970589322532804,-0.9335486739545719,1.896445253227212,-0.5539106390684824,-2.1894403286429016,-0.6608084707354811,-1.0537385605355927,0.2469486952327887,-1.0453766201487522,-1.408291029955924
2022-07-19,3.6497322758923136,3.057080022970536,1.087969928303051,3.1385376280274144,3.0510942298186707,1.7693153760610936,3.5028165953123183,2.9984924465911496,3.012497787754622,2.7502644146964177,0.6749046806255724
2022-07-20,0.9714764850431552,1.8010210741081902,-0.6158245491401181,0.9396889307335645,0.31851884936705266,-1.1092981145275354,0.6807981888307079,1.530104082484446,0.06559462424953459,-0.5135892944008853,-1.3729472176007125
2022-07-21,-0.26721316311285626,2.4089263394531053,0.4452607479406855,-1.671800750968301,0.7250080982147467,1.474202820365841,0.6346765901783384,1.412163527560195,1.3579286202802527,0.9901115857762861,0.29131414371268355
2022-07-22,-4.632547287216854,-0.7168711126192123,0.5653741269441179,-0.8284604886656182,-0.42715414632157467,-0.35060282823794964,-0.25411569028046865,-1.4070990156105156,-0.733577081772638,0.7607446610456291,1.356608993473553
2022-07-25,-0.31686264024866945,-0.865915828773368,0.3988535530435636,3.5054503432583086,0.6050224055161407,0.5502175510326072,0.39785106985224455,-0.5944467406237863,0.335869224733699,0.08180797840166903,1.2487745858922943
2022-07-26,-2.133603602173374,-3.469607496769518,-0.9901332393596193,-0.9146155408218568,-1.3572989193941543,0.555269641125509,-0.5677373421219191,-1.602180735796107,-0.6839285259479096,0.20112521689656734,0.5971298318040132
2022-07-27,5.231177814836739,3.8753320194192034,0.9373549984098969,2.117901184691371,1.5074489576464571,0.5981259021518113,1.7603210829332105,4.065575930506432,1.0376208988025573,0.5586206363178032,0.1101404618072787
2022-07-28,-0.834547941154118,1.6581929080281108,1.7015984533698565,0.4053377221766425,0.7088845115514435,0.5203348765037559,2.071528190593667,1.3794693139291156,1.7071135828983377,3.5498468399478864,3.448611694193689
2022-07-29,0.6112112586439374,4.344679846516874,-0.5454661640587993,4.469238393198451,1.4233754816805428,-0.37493267827300514,1.8942209837506183,1.5436963716137875,1.2794478366634046,0.07059473499819596,0.8256092746734917
2022-08-01,-0.4823379488300218,0.4608574271863778,1.086822148750206,-2.082784223090336,-0.9271004242882307,-0.7517265278370423,0.09295685075518038,-0.22196451339517975,-0.8016358162028863,-0.8790048978291599,0.10203441540959399
2022-08-02,-0.1466734795383098,-0.6544773771538219,-0.6468439143393383,-0.23068716900207725,-1.088605970471324,-0.4055426986600637,-1.0167155895178666,-0.7349716346514493,-0.8734345504822341,-1.3318906976198708,-0.22268555599598272
2022-08-03,2.4914139657622054,2.5263558072906767,0.4269328869279489,-2.9963194128134467,1.4412636423961815,0.9025124788129798,0.9820830289245528,2.6347900789156378,0.13807572982603003,0.4240345330322915,0.6719876500526464
2022-08-04,0.20721733339877235,0.5916409416158472,-0.9654716809898896,-3.5878550148985315,-0.3374460450813301,-0.5244422541569493,0.30836042394056173,0.3844187309480128,0.00914428626547022,0.11691792200203263,0.11042407592399185
2022-08-05,-0.9492772772852628,-1.900595596753112,-0.12896314366331865,2.0076927022752087,0.747834011075306,-0.05804386587677554,0.26325912217122616,-0.22816197228862842,0.3418205486273615,0.30563382477390544,-0.31168973264883504
2022-08-08,0.3384026025684928,0.23152307118743892,-0.07931492624373747,0.5201192842629111,-0.18395584666941586,0.21367193408439517,-0.021647535237056204,-0.9203080059305019,0.49598362460160683,0.7233062844651206,0.11511482580237709
2022-08-09,-0.7010369270305946,-1.586233017692155,0.013361120305261246,1.804628197611844,0.5753257037207216,-0.28694830239652497,-0.39459771018320716,-1.034375819054994,-0.5217912855950659,0.711769707831162,1.0557353555636058
2022-08-10,2.7061641931735743,2.8792866316722314,0.7122597486209912,0.7217370050280857,2.18611044187276,1.0664732816394369,2.131235706843559,2.722771596245641,2.843482720422991,1.4537223417027794,0.44727407518540707
2022-08-11,-0.048581344784605365,-0.7545977814882219,-0.3036096166249903,3.014259210023027,1.0075769049361218,-0.7299055249630406,0.37705197813339875,-0.47829033512489244,0.21022714471910428,-0.5471982707268059,-0.14312797485114
2022-08-12,2.0680870892117045,2.3300718730248646,0.9764278721108134,0.7951604297882039,1.6355982691972792,1.3804677209096046,1.5486288100856522,2.0140097156054195,1.889178831042815,1.6903863120191462,1.5224104670651142
2022-08-15,0.49295827531912173,0.6496866731120823,0.9972626391406484,-2.0351160914932964,0.050295348019196974,0.4454372673302033,0.27311721857288096,0.6347403858130753,-0.07685109278494369,0.44556791446477584,0.8126410846106673
2022-08-16,-0.11823394129288958,0.991722768747777,1.3944759744931712,-0.3806749510041536,0.672958618513994,-0.27015302670599634,0.4222343614858295,-0.2772543843758244,0.5802753207887569,-0.3973939850554473,0.2675771730006603
2022-08-17,-1.8900978220357256,-1.1668902950919215,-0.18066574037057853,0.7292178156739466,-0.5031898656462646,-0.6024087894856271,-0.7214500227650174,-0.7116613204588723,-1.4159485065557702,-0.31691743641442943,-0.15070291396226176
2022-08-18,0.021616170349278548,-0.05216851768364292,0.29835488312425457,2.3506935550931356,0.13700001700322506,-0.42058037905710155,0.2820978589317925,0.47612483539300643,0.2477283922976689,-0.7678620335336879,0.3359052471030774
2022-08-19,-1.9802681853440702,-2.160448960318432,-0.4565404856860436,0.04948212562769061,-2.034123811376007,0.3030992006581317,-1.23103015559051,-1.8487371688123435,-1.8044414560312896,-0.965201933903625,-0.05116999760491696
2022-08-22,-2.709513311873945,-2.910841505659318,-1.1500196147717536,-0.3250776901275456,-2.223348697310548,-1.3614352620803387,-1.935741115967417,-2.8328535312992047,-1.5303800939867291,-2.1350727705154786,-1.384168560655193
2022-08-23,-0.6423346348182164,0.4094938733764483,-0.4301870175790221,3.6292325322015504,-0.37437710377866557,-1.4251227363930448,0.13489991904232349,-0.26029912489949003,0.8953438319266409,-1.4436174471623244,-0.6331271220989865
2022-08-24,0.37270843501222584,0.3736061001967285,0.28408027384141515,1.0908943944211793,0.5504549017917081,0.070141134192524,0.3039570142827555,0.030010190411347264,0.23286471363842748,0.6653701609297712,0.3480212501610622
2022-08-25,2.122917044241079,1.2756061664906677,0.5155584770151365,0.7433139952361554,1.4973749668417404,1.0779809713655562,1.4423579541087779,1.6566384116931623,2.199426741150163,1.542870822983755,0.5912640534702666
2022-08-26,-4.181166104253694,-3.9533226118126477,-2.5816039495909715,-1.1101875103554988,-3.035009908122663,-2.8130704977558105,-3.5438666659149023,-4.373362091175058,-3.116469738347905,-2.569529627836891,-1.5579818145508546
2022-08-29,-0.7431058033387659,-0.5680288483073487,-0.08732699504542715,1.4865187577177772,-0.754161265194524,-0.7321185375450018,-0.46785019334807204,-1.2838009787778246,-0.7360794603105644,-0.8871043036504053,0.24331464608316228
2022-08-30,-0.7464483837847852,-1.1600863799547185,-0.9525973401937463,-3.4198097196956128,-0.43480975007987765,-0.6525691277257647,-1.4842060302586417,-1.0672962154244563,-1.7693115435026152,-1.4674604513603173,-1.4712591495578418
2022-08-31,0.02217027915932327,-1.0562338719936188,-0.556142696228629,-1.0111567673545812,-0.9216849516832438,-0.6600081572878621,-0.8702730809924194,-0.9745095732531085,-1.1503570751778973,-0.33016543913956986,-0.6859677853681507
2022-09-01,1.0972054024608118,0.8273978536679659,0.6707711013758992,-2.300266807004336,0.3972994466766227,1.6690537279835391,0.15171903790711272,-0.46737667556295004,-1.4114503534752871,0.36001348238369657,1.4047073263866003
2022-09-02,-1.9167420967476139,-0.8933013750243227,-1.3856848291887427,1.925945450761612,-0.8496020546999428,-1.4619716295065697,-1.0923915909118251,-1.2699786354705678,-0.07598265490915808,-1.66806312868486,-1.0776309856682
2022-09-06,-1.2228128223669037,-0.3004629137602048,-0.6252161234516054,-1.0653354034474887,-0.26336475923951724,0.0106045270443509,0.15282360064747524,-0.6826557916246743,-0.30173218953338665,0.9821153891815516,0.21488022352419392
2022-09-07,1.9556106055662923,3.02487541297141,1.789706819936961,-1.1383768932317,1.9506928404847483,1.6623662835202717,1.6095025439837556,1.5482817604469183,2.6784785530740933,1.8857017926246793,3.0872034350094024
2022-09-08,-0.48898918191245694,0.8981762060325746,-0.1401818660295517,0.4960991782952431,1.6771707723889595,1.760361113474856,0.30100532237468536,0.30499943423950443,0.9233992372981118,0.17335126077950055,-0.11962906129092381
2022-09-09,2.4696600081822675,1.98373512797735,0.9231423066891021,2.3122440516220983,0.8466170237821373,0.8186824799607983,1.243584102264119,1.972914937867321,1.4583883463805511,0.8887040461137516,0.4142327406611022
2022-09-12,0.4395771840370226,1.3957993840692455,0.4371611124278203,1.6528295125710144,0.9005206306982536,0.6228544744265111,0.5796184364551636,1.6586614566805444,0.8427658096379962,0.8719791473597002,0.9557716573985742
2022-09-13,-6.0927050100775055,-5.392344747630759,-3.2745832036825604,-2.485104646564882,-3.8420047052787805,-3.311913927895227,-3.861742878412879,-5.4825599241330005,-3.571961958305448,-3.9463988306060793,-2.7294520998218776
2022-09-14,0.48727667597585583,1.3839352595299377,-0.10141615115814105,2.6720838866743386,-0.20199575703176934,0.023692905894265055,-0.2140536363394017,0.39703686012689854,-1.257994013913713,-1.3469411459739387,0.8009920903737361
2022-09-15,-1.1780463394360654,-0.6574053701299327,-0.9375058439732037,-2.5335033219758385,0.2619413559159484,0.5224674386354468,-1.1233412449868971,-2.441058477177592,-1.3912820640640744,-2.2107292606394964,-2.559280174321531
2022-09-16,-0.5561455134324123,-0.9024545445198916,0.16802669944622697,-2.120537614517783,-0.9286769983089046,-0.28217736999099874,-1.977022812112403,-0.5365555946783469,-1.4437764751752231,0.06695597995327067,-0.37039938646318055
2022-09-19,0.44676857055160335,1.3432541971961804,0.6886572786668514,0.20267598808708007,1.139219599409044,-0.5642721435612971,1.3130419096511885,0.8176913906872942,1.5249384962663637,-0.20705133909827378,1.3034700991289876
2022-09-20,-1.6017849481299058,-1.6797658388845882,-0.5576452109827432,-0.6257583092830299,-1.4418822763635255,-1.1622017590551783,-1.2428051001816576,-0.47604724882001836,-1.8800052045583193,-2.601588718542878,-1.4501586468708987
2022-09-21,-2.398138625156389,-2.4745862049863376,-0.2671935821004065,-1.459393328060751,-2.1367806428430045,-1.7230723175630596,-1.3469403830483637,-1.651099544701992,-2.2279869194203696,-1.5730258009123927,-1.3872150984174676
2022-09-22,0.025881756553895456,-2.2257137282687336,-0.279990312706579,-0.30281719234366244,-1.6142039354474345,0.558007598507836,-1.4705500531488636,-1.0142470595301185,-1.259783078066495,-0.9335881621529907,-0.38718858025181513
2022-09-23,-1.7947698396501703,-2.434842008278452,-1.7788224689316068,-6.845305448119413,-1.5858953220334808,-0.5165884930581193,-1.8658434938113995,-1.3829366315516134,-2.0246898705131677,-1.3343295069203742,-1.1844621560288986
2022-09-26,-1.360019371181715,-0.09337281361939723,0.08089929009884746,-2.5774421605247158,-1.6920399268333053,-1.0182324856071925,-1.1224262629965225,-0.6828623390338197,-1.6575382433932933,-2.5604879538049063,-2.4597185893757594
2022-09-27,-0.746792271353353,0.3149232776914999,-1.7188958720902476,1.17349347932995,-0.2509726868161199,-0.2154254920534235,-0.330751283097703,0.20177244582014364,0.21557671922189228,-1.1859860334840846,-1.7235781780434345
2022-09-28,3.133608000723236,2.7202129985001253,1.215648697991012,4.222168800956126,1.8902703637797313,2.1387203603850624,2.17567993365171,0.8465049333019672,2.6088178548590752,1.9163338897620399,1.0896158331733725
2022-09-29,-2.5461131380196855,-3.5616501792298108,-1.5628802409590432,-0.15378106631592062,-1.2220689431597078,-0.9154759444440286,-1.8707283714658647,-2.8065657489842266,-1.5503087785514154,-2.856567656323687,-4.161289973293659
2022-09-30,-1.658061262035567,-1.9695486741484902,-1.7831933355134468,-0.9837813891551668,-1.109060530214733,-1.4262746675119373,-1.293579296195312,-1.982791854279122,-0.34527652117527996,0.9181884524762662,-1.986617454538498
2022-10-03,3.0434810718613248,-0.03724282844584431,1.7425863384214633,5.502474276347398,2.742481184913062,2.10078450072419,2.983722949730892,3.093486381138939,3.344133214768852,1.8381232175837678,2.9004462514134213
2022-10-04,2.4764184912059246,3.5407598222347554,1.4920200868311724,4.134672313237899,3.6651836097815482,2.2701407814680867,3.3194387172216566,3.2586954437014843,3.4423496945156677,1.6471211970308293,2.1883722381186184
2022-10-05,-0.6025422790049634,-0.5957811828116086,-0.6352465336236253,1.951864852328312,-0.8383850573682072,0.2909529446969916,-0.5522333860619616,0.37145024433788204,-1.1227957371383692,-1.8556761387053538,-2.212476106319246
2022-10-06,-0.6231821755596046,-0.7216414828560924,-1.395882210959782,1.7607887667179445,-1.4416878874246484,-1.2848772231797694,-1.218318354819861,-0.8495914826780042,-0.9683859822595284,-3.0979187448969823,-3.3253905749497212
2022-10-07,-2.966048358165174,-3.7444624773335544,-1.622838332623385,-0.7708256082778285,-2.373543367476845,-2.1559723824946144,-2.0065639643938766,-4.2004205029879405,-2.6450548500822575,-2.5297443309611762,-2.0687298922426574
2022-10-10,-0.48507149193937527,-0.6669269475187476,0.27912582060743624,-2.104157089890895,-0.47133182406339347,-0.646941417371749,0.35569076591790744,-1.5764925499901352,0.2626354410800749,-1.1701605088911842,0.09836431881114091
2022-10-11,-1.6664723689634537,-0.9175335977629901,0.9743428383376957,-0.7178476667476837,-1.260850075007921,0.5890429258042957,-0.05116722593172626,-1.5238893713812782,-0.7893430595962933,0.9412823809152794,-0.2664924035194133
2022-10-12,-0.07514143072041679,0.26049054288875356,0.36264009257818286,0.7180422541984424,-0.292888784612883,-0.5288683262775683,-0.8232371159973829,-0.3235667537519045,-0.8510730816069038,-1.3917230775126335,-3.450776565369289
2022-10-13,2.203621896600659,0.9195542551916008,1.4623712967692877,4.132407033538093,4.0615161955788945,2.2217728228331786,2.1859952979181396,3.0810095942467117,2.847971602270357,1.7631284884368918,2.503674238266415
2022-10-14,-2.042701723399034,-4.097742585255553,-1.8385862343990291,-3.5971420153134557,-1.708558425379903,-0.8227155660158049,-2.259719127148831,-2.908714955045363,-3.5782566155388476,-2.586333105146968,-1.577295891393722
2022-10-17,3.35399734000568,4.24649979709307,1.1091594745473428,1.1734578818530137,2.4408641355334475,1.6866903882210504,2.2682639861023954,3.020144247993822,2.5219747950618485,3.7877628910276155,2.1449378554208702
2022-10-18,0.5458732555803617,1.4016392349192726,1.3574241468746602,0.7477776357156231,1.70048082392108,0.5624510100848011,2.263705017616191,0.8129414282353443,1.837686810844514,1.2599587936672432,1.7507241805718148
2022-10-19,-0.23468500165140485,-1.1255227918588384,-0.464431917638839,2.9073173592282244,-1.5385869206301455,-1.4130910050128345,-0.7248598283789092,-0.2530483089136716,-1.1331878813382286,-2.540895751583983,-1.2734365478775234
2022-10-20,0.306041699337298,-1.811324913548576,-1.3565289194864205,0.13891107157077243,-1.5738393943790117,-0.8617645828721056,-1.884777151459902,0.12347572695522975,-0.7130810978286258,-0.44971476149499023,-2.5097170516779927
2022-10-21,0.9378121502274848,2.9238267230337347,1.5190812042759751,2.663763119149334,3.004274822245483,2.146706914811666,2.508598199638106,2.6460071735293753,3.401469700501192,0.7040011206435727,1.8358624729043815
2022-10-24,0.9007910962763269,0.33225846970702044,1.7551199851345207,0.3694332441931849,1.3164962105652236,1.9235578630554333,1.3600059376271991,1.3364877603808194,-0.6847946175089277,-0.06923572365818739,0.8206486442923957
2022-10-25,2.381245335000057,2.3125323462671763,1.2464872937816112,0.03487496763632313,1.1044591713151592,0.7271302336760171,1.2462392769421928,1.9031900731606102,2.542776540194951,3.8744577068038093,2.011237390039218
2022-10-26,-5.223198565491644,-1.1404706671461335,0.6506401486008907,1.3244733943629452,0.27092425015237415,1.107573456462733,0.18958340839615967,-2.214501844197089,0.6801230790965453,0.047588103775845096,-0.04445202840553299
2022-10-27,-5.04944219121787,-0.8686166950422518,-0.004251413732146335,0.2862602444294585,0.788495848262205,-0.5933854380774135,1.0007895262224196,-1.2879735452952241,-0.264675388814538,0.03186597199447968,0.6821012888438948
2022-10-28,3.2760622743619723,-0.5261871462760108,2.108985027001968,0.8626058265373255,2.4658791022806716,1.6148116005361974,2.3569517315516464,4.428874241222383,0.9497380027977237,2.317029172871177,2.7662275017490847
2022-10-31,-1.7121774637106297,-0.6599109254528306,-0.6519835777959508,0.5945782408830665,-0.7446508712490418,-0.06266550606112124,-0.3487857497190363,-1.3477955091168876,-0.9138358329416789,-0.21840746072513384,-0.9651463671602608
2022-11-01,-1.9136039136485006,-1.4619602742923792,-0.2730183150940554,1.080494302391615,0.4147413636463359,-0.03172697282879073,-0.00412449336460055,-0.905316392148409,0.12486369590241979,-0.26282298166804724,0.42108982522790916
2022-11-02,-3.257873884074883,-3.9622571501100996,-1.7580426775528324,-2.4088598511336,-1.22592679224087,-1.705370245568693,-1.8005770361554316,-3.5310157486933096,-2.8431238015569233,-2.7178621736942636,-1.0414633023727131
2022-11-03,-2.9097469251759254,-0.9490493386855244,-0.2573592029846983,2.04062777587377,-1.0825630377387663,-0.4361556365538073,0.8817548472416645,-3.1444037065129624,0.8142335105394978,-0.0033703225599711643,0.4528009624906259
2022-11-04,1.7325243513692683,0.7972292630641602,1.1040697138571458,1.0913182875853813,1.8131656970844328,0.5020710937384483,1.4742795690973527,1.6252786019164172,3.2611804266120226,1.2814003736578088,0.5638685634463086
2022-11-07,1.8693371102854264,-0.7932633008350276,0.794272165404684,1.7198541402823486,0.9128359092689615,1.1105860705720974,1.0936626659323425,1.5994492972758283,0.8161962758585154,-0.03705175284341257,-1.967291390861749
2022-11-08,0.3771749887340793,-0.3851888794902072,0.3386307867686686,0.059290456876292946,0.5791831910433008,0.4923047481789468,0.9678611590295984,0.8528554184748378,1.4313172409921193,0.6090791077595671,0.663823792144322
2022-11-09,-1.8816961309667695,-3.328171811890788,-1.2003673521168614,-4.850679164118463,-1.6855077678902284,-1.0624626967283977,-1.4812911163058011,-2.7181514643509255,-1.7503542250627564,-1.0600085054168116,-0.8647425354113408
2022-11-10,6.114395757207235,7.45687604241519,2.4020065337753143,2.223627321379417,4.853252034094589,2.49790013063524,4.164262336452938,7.907440850255269,5.444595552939494,7.352345299061221,4.609909435983388
2022-11-11,2.2755178582784925,2.52932152442415,-0.17606631984477206,2.954301082106604,0.7946983425015851,-1.378960688930481,-0.21976098675530617,1.7238350585138427,1.1245148594258971,-0.14600859861245258,-1.146806865884364
2022-11-14,-0.29914480640880936,-1.7635828165367062,-1.1158832594739316,-0.5382693973046817,-1.4747025151990583,0.04900643868438934,-0.6145609420914684,-0.9559174854439147,-0.23989240558800093,-2.6602915846056225,-1.2994641812490115
2022-11-15,1.83032925914087,1.2305471237815517,1.4245736923551926,1.0285397741833684,0.23217965524357545,-0.09177908133072563,0.7674730624414265,1.2181752960479149,-0.12964302089204136,1.1832765568830106,1.0562436047516708
2022-11-16,-0.5569409951638822,-1.5975569451289446,0.46635327887106437,-2.085708952426106,-0.4400791551868114,-0.103302968062557,-0.7707032816399934,-1.439309087631617,-0.9727255712717592,-0.8277350176269846,0.8709650450629742
2022-11-17,-0.5972891233614268,-1.3079308529822786,0.016944189938330863,0.05899731362675506,-0.5138768484960117,-0.021800083094232998,-0.21498010054507388,0.22058499671737916,-1.0391801091926571,-0.8474903601565551,-1.8028683608402116
2022-11-18,-0.4583892370985892,-0.04869812011313571,1.1073846956198419,-0.8052845390136589,0.7913440488437317,1.1919055815627635,0.7313210593953996,0.11975793623913204,0.656469248624489,1.2281507582715323,1.9830318652017276
2022-11-21,-0.8555888948755018,-1.6135800462228538,0.8560241071116979,-1.35468921601323,0.33574449269762385,0.027147408262426415,0.3911731114476866,-1.190955924619015,0.3470516449003323,0.6554846623548961,0.4856382324318735
2022-11-22,1.3140948327874171,1.153273837465519,0.6884979013584105,3.0744056404449482,1.0325483424593926,0.874200457796014,0.7848116622804293,1.912497435343018,2.227248644657397,0.4105675045864983,0.8370133163115879
2022-11-23,1.1289346252761339,1.4045159520612518,0.33540225382816063,-1.2523921477293365,0.3364537461581698,0.34219811443323156,0.3918892103956965,0.8703433673329571,0.4124002725064144,0.14676262278049151,1.0261688609351693
2022-11-25,-0.561104023871898,0.02178689296324551,0.07797645428404196,-0.32174352920059834,0.4120766129950889,0.6423248606986192,0.3523199081237888,-0.6811397872961247,-0.11703778084959209,0.636216249841714,0.6251812336345385
2022-11-28,-1.6290628900194273,-0.5465645024794583,-0.27148936839014526,-2.750425496536048,-1.7700651839863304,-0.7824740761026586,-1.8317054125032501,-2.1465071941114777,-2.209242417102718,-2.8348199459529115,-1.0758474623928513
2022-11-29,-0.3676364712516784,-0.46945031779496643,-0.40949700658789817,1.3401190542834354,0.6630314984136159,-0.2218316554398258,0.5611136710639317,-1.0016389152127034,0.27022970044495676,1.610741219649447,-0.732030274184065
2022-11-30,4.871075170614523,3.5340756768238046,1.712951385556802,0.6374147747269133,1.6163850895120313,2.405992072344917,1.6423794255728816,4.880522664614177,2.410086212686114,2.322346354155031,2.5345677076308326
2022-12-01,0.2976188555231324,-0.13730823621677,-0.3970849937859929,-0.44952867871598373,-0.7344164990017494,0.21588556619758964,0.05064187499273348,0.05192835050889031,-0.017391332346951012,-0.23989159787648237,-0.19079956622421615
2022-12-02,0.051767039569334324,-0.1999315115018441,0.42735613445232973,-0.6552167301970844,-0.3889512238130821,0.2420932198085233,0.6196363717958852,-0.5659301066979296,1.0811026889265485,-0.3712444160408881,-0.46331945262958646
2022-12-05,-1.5022142139962222,-3.0925874355748966,-1.2372540107982668,-2.926477718350104,-2.4748165028243068,-1.0068084338305625,-1.7614663637059749,-1.6840530429298086,-1.9852046312524962,-1.774601431209667,-0.613812491998216
2022-12-06,-2.7076125162379907,-1.6927733439228942,-0.6620040355250604,-2.6984420655587695,-0.8861746281986829,-0.7161466622572528,-1.230032833755361,-2.1560917162401347,-0.9036076021514992,-0.8009551811270123,0.6469264213217197
2022-12-07,-0.9476495990857582,-0.558730922410746,0.23849168315215546,-0.32951159446088696,-0.514417211706939,0.8627724769532349,-0.12299137386859689,-0.5409749125309267,-0.239022987585086,0.21589547151645483,-0.4594780673167118
2022-12-08,-0.6224565797148394,1.058413244899824,0.45037631919975024,-0.3008862776906609,0.11764482351224458,0.8934848341763054,0.5441105481216317,1.5740237831693389,0.7053819634155365,0.680715181698187,0.5437028221621741
2022-12-09,-0.06485680304539261,-0.5043130885423979,-0.8906336724337375,-2.329245849840258,-0.2838349760524343,-1.311938565809717,-0.8096688857658019,-0.6086004628141445,-0.931008549667427,-0.2788748456417268,-0.47134158246059393
2022-12-12,0.6011193159564956,0.2564456826803624,1.0758930397194102,2.392469133353864,1.2578060646313136,1.0233461994250428,1.723018398166152,2.135195556192542,0.8364908903753125,0.9246851365782507,2.2501065168262917
2022-12-13,1.7290852869986462,0.14251650148986914,-0.17972759905316285,1.7307970069011678,0.23202567449774725,0.2432047542679155,0.29622541281479486,1.0965299280389633,1.353351635612852,1.9244007015635345,0.31183926284159963
2022-12-14,-0.9096995818904039,-0.7909019976347514,-0.0964627417576867,-0.6680984360640877,-1.288479367171228,0.16220388557737245,-0.22191062017852592,-0.8376388211272121,-1.1425016874132046,-1.009621997178124,-0.14089034361033287
2022-12-15,-4.0264366843061845,-1.8029995392662141,-1.641694440268892,-0.5986703840185296,-2.0223892588430785,-1.8900454488008533,-2.5872772285984325,-3.818945701656532,-3.1021210935548424,-1.3922294267479731,-1.2753162570863543
2022-12-16,-0.10504590121731124,-1.8105064025465072,-0.592859767944267,-1.278511655688961,-0.739205826156706,-1.4241430966958948,-0.5216340003118087,-1.2676721797165198,-0.42201743654551754,-2.946657080922893,-1.6701799933211128
2022-12-19,-2.264315672686723,-1.7319883353984167,-0.078979305714545,0.1826118598242758,-0.2154937290387001,-0.3534348680240942,-0.5169286526184939,-1.4146301332339652,-1.3897449306687464,-1.1276674563418916,-0.42538645596830693
2022-12-20,0.7272463678464066,-1.248642701683249,0.039254331807763936,1.529522205570123,0.31530699216981123,-0.05569933239903896,0.07962691485003316,0.16804022982492534,0.6860886205913942,-0.2962195966429685,0.06417006516570388
2022-12-21,1.1774657158970094,1.603207622026631,0.8812341759992659,1.7961079005328007,1.7020237577312818,1.3155668176420952,1.778695338092909,1.6483690932613297,0.8242389531477308,0.9157833535502474,1.3390180904977287
2022-12-22,-1.2256068725237381,-2.763367727587628,-0.3617264412397081,-2.2805694028662553,-1.0014713904371833,-0.16663662749957306,-1.354611166302659,-2.5336599784680423,-0.9105612936930148,-0.41141980974140063,-0.6345071485958134
2022-12-23,1.0881865785134115,0.675486081902691,0.48116202314507767,3.0526973168697156,0.635783364183352,0.08985258742811457,0.6368821127914774,0.09281490557293712,0.6657437068422464,0.8326898687608187,1.044217202760431
2022-12-27,-1.1984820825382905,-1.8636645672850136,0.46686422708377806,1.1315699776086885,-0.046274775795429636,-0.2926570233503888,0.29948636625198777,-0.9771920455201738,0.015679249913321675,-0.14790982100207462,0.6283368118079296
2022-12-28,-1.5290324839799352,-0.8728697229740567,-1.277233228096694,-2.1395582574579257,-0.422846300867247,-0.6443207190034275,-1.326834071682157,-1.6687782627846979,-1.5024504311914921,-1.5969781450525442,-0.9796894279985336
2022-12-29,2.6245116771303736,2.604098679922217,0.4504718859930571,0.9324344456358201,1.3742644408168534,1.0146008749143343,1.2100175119971086,2.5874162812786166,1.0362307978030205,2.139545839848386,0.6784149630751033
2022-12-30,-0.012851679625885785,-0.23607447509542123,-0.4559656497095919,0.760359571460513,-0.2767900928087269,-0.3238405920472456,-0.4295040182746728,-0.10234679817739577,-0.7938980172467357,-0.98722478129305,-0.9629269842538188
2023-01-03,1.3285258991837325,-0.7540895535177773,-0.10385182592509683,-3.5942920022187725,0.38192434217686316,-0.2909681295264968,0.16270535363299143,-1.0308702790712327,-0.13637192967333486,0.2702178166167096,-0.036308938755491335
2023-01-04,0.9681375290804928,1.4063771984958955,0.3138477147834005,-0.06473426135200187,1.5209841383862226,0.22805283563645867,0.8689604572261378,0.2598031782662903,1.691142199328776,2.16862450546362,0.9314503664265802
2023-01-05,-0.5138557067455445,-1.0295034403641945,-0.9067869142414398,1.9687567705756532,-0.884889307910873,-1.0607234369183365,-1.103345729718354,-1.912334264132526,-1.7314664991824957,-2.996458310249024,-2.2447525740044947
2023-01-06,1.7360869245752029,2.393661173268774,2.576130252889909,1.5842021007052072,2.1897253357358464,0.872356941942951,2.6220682347120827,2.94127630942187,3.4145667661468844,2.794383129844397,2.0021500851773824
2023-01-09,0.05663892047736609,0.65803885944007,-1.0268273860550194,-0.5151044280311293,-0.465803653910628,-1.748967342298555,-0.3785286913266459,1.0651525082414808,0.565450285285956,-0.05077862418475969,0.6312009470035758
2023-01-10,1.276824532440721,1.2656364373258195,-0.1597496826054419,0.7761652146947255,0.6357379550658284,0.8793468401956178,0.5093616822645036,0.6110308911404592,1.0007379309474198,0.35493612873261277,0.04178292478668722
2023-01-11,1.3915677379797045,2.691687947746105,0.14340561996533646,0.34677642930549313,0.83377852490243,0.5624649581128902,1.0234252315619439,1.720318182516998,1.6323666447887657,3.555201171561604,0.8321326227364579
2023-01-12,0.8161534445783102,0.1732290614579846,-0.7933493192552211,1.739634442034685,0.2334406257183424,-0.3567686030954198,0.49797224161788567,0.7111527586674512,0.3118070164879822,1.0438669478670257,-0.6278814129231459
2023-01-13,0.6052994401987275,0.999847838199222,0.4857009398498048,0.1466600367913137,0.6632033203429641,0.46570449697759625,-0.10982541468449662,0.3260503123076331,0.6765143788778268,-0.5584130782888788,-0.44463329330230433
2023-01-17,-0.9441337647153061,0.047316483496903275,-0.011624357104528096,0.17288536203979815,-0.6975947770741748,-0.5298323916452192,-0.9038333075179662,0.47059140243848885,-1.073487174764682,0.018003148816948273,-0.1261870542632016
2023-01-18,-0.9121332904197474,-1.300739585548819,-2.694128710514145,-1.8248104008844448,-1.8594445998606275,-1.4350246813559393,-1.7843316749307336,-1.3067419083583407,-1.3946398643979727,-1.609058063741375,-2.4291782841371448
2023-01-19,0.9448998640783622,-1.684757750084044,-1.0603302476699268,1.0302090265638133,-1.3106109265101509,0.24592290928345564,-2.0220531873887437,-1.1249040661289942,-0.8237561713317323,-0.5150089053840186,-1.0049691181195832
2023-01-20,3.796193926435317,2.49453838309377,0.8428254651321427,1.3278932105544834,1.549467531764356,0.534336041836275,1.4005039873264222,2.6466681464154544,2.067954044089266,1.2343114010043896,0.5900436879273475
2023-01-23,1.6750301200664983,1.5841049228453834,0.41176310280724665,-0.27614119226845857,1.0556922369597057,0.22582849990114742,1.1278364640777634,2.2042495502870607,0.2708991830867358,0.23378942036636172,0.0396521969059713
2023-01-24,-0.7540680655109842,-0.2213053639715799,0.4033885766654239,-0.14896565472507597,0.11882861871675712,-0.6516371109500897,0.5516620677281129,-0.0008066030102577812,0.09495891925059756,0.3951638013964476,0.4818422689265785
2023-01-25,-0.43423221963544134,0.5340808206115096,0.2033033443231255,-0.15916908020391762,0.6665337584917698,8.311196768260796e-05,-0.6979489513721922,-0.1954894873624161,0.2732449450862046,0.030214475093813687,-1.4034107126671966
2023-01-26,1.688163007454214,2.126014550017265,-0.2857387275436546,3.459652634126099,0.4563880657785846,0.13420537557350032,0.46141868262656827,1.5739202641577081,0.33491666426532946,1.1168664255096343,0.37260369356443723
2023-01-27,0.9319596007045315,2.3303436039959267,-0.21061575375983618,-2.0875799377404176,0.010422718597749712,-0.7167984751663664,0.2793712728090312,0.4890929577349191,-0.35007485596293836,0.8673124751514937,-0.02169646495817643
2023-01-30,-1.810225402567657,-1.8492189558538288,0.024409096014640027,-2.315378978716178,-0.4734905027369127,-0.9419041722888821,-0.9199570830274785,-1.9942678940450826,-0.6645084535492042,-1.1911496579863834,-0.46453166345038904
2023-01-31,1.3936425659212042,2.2176850937050414,1.0945038240251426,0.9153739357849666,1.3043330909689386,1.2632980976602801,1.6876743728090018,1.3940934601967705,2.176712865704313,1.809653327829978,0.7017058526970725
2023-02-01,1.5310462887022491,1.90801768106994,0.721261797346863,-1.8119847592445362,-0.02384376703354509,0.4911748986235345,0.7109083177492478,2.212781016960195,0.8223631354600885,0.7551768755263455,0.16057891417063297
2023-02-02,6.504460236618356,3.0629740978953603,-0.9134652083907586,-2.5712489612064653,0.10331154220084794,-0.7809433857091028,0.7623125966933522,2.6704820592285796,-0.3940076862424942,2.168404609028217,0.14798910548645372
2023-02-03,-2.1306822231983364,-3.282098562339337,-0.47967501093757287,-0.21100309111447693,-0.07171404845482672,-0.21078564932921492,-0.560223811216054,-0.7401821225326312,-1.8138798437320816,-2.1186463585314566,-2.083240449383432
2023-02-06,-1.3099837474040195,-0.1332315626484877,-0.046425034223101715,-0.3546815964191238,-0.12879725145818482,-0.6478907370077759,-0.2736671274169075,-1.2287790033860557,-1.065293559362851,-0.7044458313980266,0.8577755480161271
2023-02-07,2.4663239898195184,0.23686593886453935,-0.3344575787260901,2.980030091658526,1.150368065051286,0.5920337175615409,0.34275903979017674,2.374290005365464,1.0436150652978466,-0.20055100933286418,-0.08386818247365362
2023-02-08,-4.394262934946615,-0.8880296098669017,-0.8215431728186486,-0.896672462756091,-0.5819518557841893,-0.28006110921868593,-0.6484379662576647,-1.2483203889897407,-0.8051003906052943,-0.3289897758140672,-1.722928614221781
2023-02-09,-2.957222989848877,-0.1926783905852439,-0.22663612835657243,-0.709030479790204,-1.2095539831719389,-0.8574895456960899,-0.8605808510777423,-0.5122566243840904,-1.4469925254687566,-1.0308423202412587,-1.4085402250537697
2023-02-10,-0.8733761241296336,-1.3164100417618267,0.9306522617707733,3.765370801007888,0.443310579368176,0.9341842463646304,0.7124829518629844,-0.5607823936512621,0.36327218506666464,0.2705765470786272,1.9692283706331775
2023-02-13,1.0793248263475512,1.4158232443692458,1.1953458542326212,-0.6642819581295559,1.0911070640939071,0.7791662016272101,0.8533772228964851,1.7595987583007684,0.49288961586129637,0.8731139088415266,0.5804122404392206
2023-02-14,0.056227995133433586,1.2357292017545738,-0.8684139442452893,-0.04877461984927996,-0.5334331651001667,-0.6007378911463059,-0.32886400772081553,0.42628503324166217,0.23269467040880687,-0.9833470537073875,-0.4843219185733265
2023-02-15,1.1596276778826047,1.1636750523234227,0.23263367845867358,-1.6942698334676525,0.13107661218949235,-0.559431785811408,0.6103782821233678,0.3526808203200357,0.467254202631092,0.33139461989330493,0.6443566493672257
2023-02-16,-1.6043394379704867,-2.3339303272023866,-0.8459544351244341,-1.0332543907636977,-1.0046671621947518,-1.0662536476766153,-1.0288904634398783,-1.7717838909751351,-1.1786368605402708,-0.9485143988669527,-0.8405721652924205
2023-02-17,-0.4479969719863584,0.06629008656944975,1.2542690700016328,-3.6251734229306587,0.07124080919987873,0.8854461338540702,0.5970530855847784,-1.2163856440936054,-1.0041810340267268,-0.4671203105907685,0.9854317121958963
2023-02-21,-2.3441997964539247,-3.399474063005259,-0.31372889344272753,-0.286819841898133,-2.0011302574512517,-1.3561303312529747,-2.315800162303251,-2.420261642699684,-1.584881666086474,-1.97844349090555,-1.8977434230078174
2023-02-22,-0.029167868353374374,0.5633552890029762,-0.38090635950926477,-0.8071801025555463,-0.1915643076581945,-0.3166283138100182,-0.23142718337235615,-0.13334059422811093,0.6657387274624957,-1.1560419352822977,-0.41376694537173553
2023-02-23,-0.6982374008210307,-0.09037393447519977,-0.27772813884876923,1.2517546535578656,0.11452222898691164,0.2498378270161072,0.3922193151744624,1.546761760612362,0.1717691525728303,0.8771691516452134,-0.49812150658154936
2023-02-24,-1.4867620846690808,-1.6286323930810893,-0.5613519231158524,0.007574336026451681,0.12284214515708831,-1.2866677276590386,-0.5846631420915004,-1.778312440502139,0.6664375639853327,-1.7557909775661824,0.005781539328024355
2023-02-27,0.4162470784821644,1.2105014988049705,-0.21215205757671174,0.24817941201699206,-0.10380715370966451,-0.32237702781940153,0.7485873156414828,0.5143015307589618,0.22220203597807694,0.1407632483779538,-0.7643396710762075
2023-02-28,0.2599163914812779,-0.04764061598345389,-0.6611282469052318,-1.4143657729420613,0.15348276981640827,-0.7634640481991886,-0.2728683511997672,-0.19804943410726963,0.4811265409442309,-0.04521726732090921,-1.7332662246030561
2023-03-01,-0.5696017719955503,-1.2874320504211947,-0.8118380945868822,1.8577169122243669,-0.3689006491479015,-0.1829558294862991,0.33273710493015374,-0.8415984748877151,0.6426900995951179,-1.4923613994687417,-1.7220050238796916
2023-03-02,1.0159602016747378,-0.44955153091701755,1.135458020900527,0.746637674666231,-0.48288546641646835,0.5419022382717558,1.2019974102333404,1.2028017945176424,1.1902205110587718,1.2215489800999815,1.7966965179751149
2023-03-03,2.0872596322118664,2.134178128072114,0.08315052119549035,1.3267593049198412,1.5670954361159783,1.1225481634741352,1.0154328294187265,2.156348048391553,1.44050566670392,1.7064118478685308,1.7572503526089196
2023-03-06,0.5000670800317774,-0.7634467686716888,0.31751057616066064,0.15409274575730453,0.09867891965286375,-0.04932282464724179,-0.19788371341870126,0.5630813150869537,-1.6151282810555199,-0.4329581634289489,0.44892168022980955
2023-03-07,-1.1285450299872364,-1.3766801000371474,-0.9637608387412792,-1.7491693626419869,-2.508070551846067,-1.6237885365839158,-1.2937991758149452,-1.2773406904005475,-2.009872129362715,-2.50357602591783,-1.6847896287292
2023-03-08,0.18075700292669747,-0.30869020648170786,0.00818744007945342,-0.9801778480766159,-0.3979314200144856,-0.543266990169146,0.2539236170164881,0.8185348373467595,0.4269488887481209,1.2320910871499067,0.7649016584138515
2023-03-09,-2.2362299874484095,-2.4532495639883143,-0.9282927982793763,-1.401043863241185,-3.877736644747603,-1.0134892263729716,-1.4652716231449914,-1.4602443579396331,-2.6090852786725613,-2.336281782390201,-0.8479592668839042
2023-03-10,-1.4935678987197285,-0.9768225298468721,-0.49845947665965895,-1.3532204863352597,-1.7382984078843093,-0.7262055506388355,-1.8513927675493222,-1.7566458572572539,-2.2108269931388076,-3.3532155055260726,-1.6180034964755166
2023-03-13,0.238183117668111,0.2657662249513535,0.4423139695385814,-1.9081288022746616,-3.571878817731606,0.8484123505436202,-0.5688634614794743,0.5324304804871015,-1.071549896287436,1.505664549418397,1.502918150208772
2023-03-14,2.889306087123083,1.767184832864709,0.8080668514904048,0.9176353903551027,2.082840081384223,0.883501172119291,1.0127043567152143,2.2481141507728806,1.2305304302502278,0.8269672022588183,1.2773235599531916
2023-03-15,1.5361409955187917,-0.24358009619601087,0.71333072512249,-5.414859424183823,-2.807570798808924,-0.17857718662741423,-2.4263750633422774,-0.004841614993281547,-3.349763264187536,-0.020168004514054764,1.2969789496751338
2023-03-16,2.6596977521944396,1.9521230266961587,-0.1194220906214602,0.7750696736025906,1.8788972596834428,0.9655424977910121,1.2705950640004013,2.733292397246157,1.137273997538267,-0.03305970547864774,0.6804046356198402
2023-03-17,-0.4773602535598341,-1.2255832780296483,-0.6001238213378075,-1.477849865566024,-2.60940138812105,-1.2626883963190434,-1.6230707461913834,-0.08319265606869604,-1.521102098274772,-2.259063661907217,-0.9778480771517589
2023-03-20,0.5167168527460503,0.35977449948383516,1.3107513177558467,2.028315287420846,1.215727748889312,1.2937368801843012,1.328953581819626,0.24734046113115707,1.9557406155162913,1.0296286576231972,0.7930842146831484
2023-03-21,2.3858158206698756,2.7682823316229035,-0.14563420634824384,3.3268429291809114,2.4182442318513426,0.5564704440647609,1.0970586999609038,0.8291382617600545,1.2246107089879965,-0.5817550379318023,-2.0641687757715594
2023-03-22,-1.5987837076991618,-2.266087876413849,-0.9314846436690121,-2.1065717125319887,-2.328324464863535,-1.4987612622269773,-1.9073947858307283,-0.9056028429293629,-1.7907744527944989,-3.6810380641134133,-2.0086133888950544
2023-03-23,1.7731137307783271,-0.012012176268793386,-0.34926572280659285,-1.3682510460752155,-0.6304377288037794,-0.16323804975660866,-0.23675378372804792,1.5899420809540543,-0.15363127603720914,-0.619793152110575,-1.0203248525218205
2023-03-24,0.1182969035842838,-0.38379703202488047,1.5670126016672496,0.19027809698930184,-0.08288749827764505,1.2695452368078282,0.348499841824352,0.2450559072075941,0.838144012322563,2.482027677896955,3.058945828559361
2023-03-27,-1.159222471965784,0.14008249821938717,0.6166045945098506,2.0643872420467586,1.3547823370868315,0.38845188207061754,0.8040370277074161,-0.8291319464196965,0.7391407891971435,-0.3313217016009284,0.1276902960373907
2023-03-28,-1.0135303696196896,-0.15577480882013095,0.13108518101926123,1.4249269155269444,-0.09606746454588833,-0.5484334164320874,0.5469509664348517,-0.45986280354944115,0.4763533966801785,-0.27265866189147275,0.28738482134341714
2023-03-29,1.1361603961555038,1.9303664371733549,0.5441960261143726,1.420373317404936,1.458110562452172,0.21847968441229507,1.420243117961557,2.050002257353304,1.3534269733495647,2.2472089022579897,1.4211777225562146
2023-03-30,0.3027332983540509,0.9081523060987633,0.3657672012087203,0.39906124256382725,-0.3150546053281002,0.5503114416859285,0.2219121544047197,1.1125420625968268,0.685973162620501,1.184626396637888,0.4015892540826037
2023-03-31,2.0970288775190995,2.6106506558794558,0.8631219703333939,0.606480853505042,1.1575162713709668,1.105465926725252,1.3007363367701095,1.4630687138974605,1.5441673850580615,2.127876890243212,0.7668049746146568
2023-04-03,0.5065664665322377,-1.0743427322763568,0.5040863771269541,4.661593663733649,0.22406047633362355,1.0931598937211233,0.18793255505009984,-0.019350785581418447,0.6766074231224776,-0.9145902433065316,-0.7192083765318177
2023-04-04,0.2968815112802109,-0.030565430288225774,-0.3338369435525174,-1.743923886553718,-1.0133907537082478,0.044387137554103,-2.2645321072031535,-0.5761296970224724,-1.479660383455453,-0.02292818457237932,0.5084049738938761
2023-04-05,-0.22140810293490754,-2.141001932953458,0.5700175158751895,1.4407997889492636,-0.14234943333408845,1.7440080722739777,-1.289230945535491,-1.174279519730295,-0.2582990726072078,-0.5242217417277685,2.536303786600025
2023-04-06,1.813815640109223,0.059636788511625335,0.1438254980458182,-1.5114639295300107,0.27233890860223753,0.2224683348366804,-0.04345147177194176,0.6733561351947526,-0.18611608902270438,0.6848866842499508,0.737883469935897
2023-04-10,-0.7569538313503402,0.3966222867861406,-0.054976480541978213,0.43732960119576497,0.2538141273605062,-0.05114817000526094,0.8795936364302336,-0.2043351488252989,0.49904792784317564,0.4686671180361486,-0.1946034508262596
2023-04-11,-0.49125672561711275,-0.0513268755953826,0.19865199654925128,0.8760118441279717,0.8307802201870874,0.2859986609797428,0.5945024920858217,-1.0215249773494612,0.6862556482610651,0.41521624469536106,0.06806367723280884
2023-04-12,-0.87199917132845,-1.58991920387538,-0.4187524819440447,0.06618550577160437,-0.1998623017309406,0.03372217205916362,0.2781454394806253,-0.6027695745944095,0.09056771842194836,-0.3186683051248408,-0.1071333928813922
2023-04-13,2.284152816575412,2.363336975874161,0.5190123785744987,0.5971794882587745,0.878288854522622,1.225293244221,0.3658849211466305,1.9504303455482395,0.9899821095537144,-0.36509918245356665,0.010365161866004023
2023-04-14,0.37253101538988065,0.12622778313029143,-0.558823168986921,0.13727681118072663,1.0012560679871845,-0.7114859058804713,-0.15743382483009333,-0.495024014969819,-0.6568407560617384,-1.6771216297015472,-1.1027927792754948
2023-04-17,-1.3154468495946692,0.64982886741992,0.5891655184779593,-1.2579991417385867,1.141636459132779,-0.1266715570809841,0.78518692373127,0.3750766577317115,0.5494184033520785,2.1540252185959985,0.5568389808139919
2023-04-18,-0.7406611536604283,0.08303998912346078,0.3195159589342273,0.45131464793301873,0.3008985469044432,-0.6781056638466908,0.46891809928090067,0.4172199931586942,0.3855776942867162,-0.12808465000049055,-0.506116526516179
2023-04-19,-0.7554418851437542,0.025876156442554317,-0.019311185585683916,-0.23066143853477974,0.1942968884715109,0.2537240039137076,-0.07976516729152755,-0.1368136164496728,-0.3128779510287471,0.5142417965317264,0.7693378311294594
2023-04-20,-0.7470066542720588,-1.664044370680417,0.09239362697640091,-0.8904565814176871,-0.28855577651527053,-0.4116717638832127,-0.1918402352067321,-0.7686873681279285,-0.06565851944679779,-1.1746171563461822,-0.05568470846359193
2023-04-21,0.3098661396001438,1.249271930028233,0.6681991766852503,-0.6201989766202147,-0.3676922440428778,0.689721775648013,-0.2574769670121079,-0.3792960074799011,-0.9359074469156676,0.2036721724034842,0.2951671646943895
2023-04-24,-0.06596676650860393,-0.10997688114928339,0.37781721675638064,1.540797590669972,-0.2076076741742131,0.5348664388978487,0.2393209402564324,-0.406237798278853,0.6962995683049169,-0.30062621168674314,0.5040070452399038
2023-04-25,-1.6167159235954274,-2.1047479735199675,-0.16358612647616338,-1.7823882891317202,-1.7266042579988128,-1.0562730760221364,-1.945315046847929,-2.079218479378733,-2.127618144394162,-0.9695378184331953,-0.09088352448801065
2023-04-26,-0.28432427847972275,-0.41839753992730444,-0.7344270773871987,-1.4009555997119596,-0.9350984582714185,-1.4154141497681636,-1.9652120335705716,1.5946616227755361,-1.1973688009574264,-0.6487868752497554,-2.404907277492744
2023-04-27,5.422816756195657,2.7808612572158884,0.9670835751721046,0.6263832923975733,1.5791042528802994,0.5113494263391164,1.9011482268800532,2.141163809169503,1.320366829039243,2.482575365294162,1.1849835718676183
2023-04-28,0.3800688147684295,-0.141359274789154,0.39495133421586487,1.3801432730826082,1.174851796957272,0.8133786051772672,0.9690899010662616,1.0453036737529897,1.1174588212563177,1.0831011305139266,-0.19118531075873382
2023-05-01,-0.0022271875293685722,-1.1120435168761076,0.11371428126476374,-1.3066815780137055,-0.25397314444505065,0.5991025965904692,0.516436302793209,0.17586063498304283,-0.05709171561299331,-0.93884027736838,0.20376620803943446
2023-05-02,-1.837952669174114,0.1612055795003591,-0.34982037596755466,-4.3714948763182795,-2.3016594765515914,-0.4551596061038208,-1.1015706247971442,-0.9493812857592803,-0.6491728111100215,-1.758653741714731,-1.2178871932721167
2023-05-03,-0.15425939643956724,-0.708685715952144,-0.9193677245542666,-2.010308894318014,-1.1653893120729464,-0.05386755018149101,-0.39963435022843224,-0.8310708731983656,-1.1257034050522285,-0.6582752620529844,-0.313376533862316
2023-05-04,-1.2274817332041636,-0.6501271383175742,-0.26490494084160765,-1.0672718971338073,-1.2729357789591391,-0.8199548376276051,-1.0812041650019395,-0.503492145042352,-0.6850883149518755,0.9110072601875234,0.7139857009302611
2023-05-05,0.9385115350897278,2.016012868925864,0.9079265546215868,2.642092991821466,2.3580566691792355,0.8715124776328977,1.5151448365375273,2.6838889517502147,1.6317515970835537,1.52017033755688,0.6527407302960538
2023-05-08,1.3166152200591912,0.31851130485021945,-0.19821082526539652,0.045115794782126885,0.1898024268360071,-0.1558652008073282,-0.4001397171537914,-0.014050273531988946,-0.28581985204821864,-0.7001979367659632,-0.3095973874263064
2023-05-09,-0.5664917638813618,-0.004750153473811815,-0.31116284121810744,0.0535608951341402,-0.36917440645619104,-0.7138140235953762,0.17806475099848393,-0.8660471275140724,-0.9410476282487695,-0.4217275608033444,-0.21305774668405633
2023-05-10,1.7289967289682548,0.6655381232784928,-0.16433638508862444,-1.2005214943155487,-0.5908429575748142,0.24800711852218868,-0.3473831954581705,1.2148119102500654,0.05201330200485488,1.0052956599100769,0.9332618608925397
2023-05-11,1.7139876843606143,0.5835953786247511,0.328994092771458,-1.2375447228396406,-0.20216081452539383,-0.35386521039854996,-0.6335241827817094,-0.44787343084240133,-1.0334274043543488,-1.0171528655556614,-1.1343259951316806
2023-05-12,0.186896278485955,-0.9737057371816022,0.3112669215453801,0.1478054235493562,-0.37791974412400364,-0.19529379348595477,-0.02115107024637614,-0.2272449632165857,0.16913395859323538,0.16031461206102565,0.43834639484732674
2023-05-15,-0.014532300794616508,0.14034564432208016,-0.31790409066551917,0.08534294780415319,0.7872224138066909,-0.14600346851495907,0.4843200324243357,0.6967094811405495,0.7566853532941012,-0.1854305274282908,-1.2644610080001553
2023-05-16,0.6106184927382518,-0.2138306710292133,-0.9673371172707448,-2.51173690420968,-0.9530150478972497,-0.7998216592956984,-1.3647860315484088,0.15647849752570797,-1.6612962574295211,-2.575029985113374,-2.3086643346399445
2023-05-17,1.1248905204659336,2.0403461628791923,-0.08807646698457598,2.0868645782318276,2.0083901645121816,0.10893036549265504,1.6522945962395859,1.2588303458943373,0.6563074872356099,1.2257514812638177,-0.3595073120774974
2023-05-18,1.6526287767119041,1.5554402295394525,-0.2977061885147248,0.4141101047897614,0.6772953110967512,-0.24669176446031618,0.625687132227612,2.031260483556037,0.5016084783554701,-0.5665411342447598,-0.37964049084048185
2023-05-19,-0.4402368180867482,-0.8477567763986118,-0.0665658395414358,0.6919625938948151,-0.4568528552786359,0.44189094468469226,-0.3025407296168236,-0.09894609431588616,0.269608691435355,-0.12498873114309338,-0.1660729213734782
2023-05-22,1.1845386865482912,-0.34704846500885905,-1.4091052894975262,-0.4995598268765678,0.1822157841456984,-0.0022583694956924893,-0.03090703259627436,0.10528173495853808,-0.606201538544329,0.7045992866556359,0.01858998681578455
2023-05-23,-1.5077710231456183,-0.9235400113973885,-0.7101538504667758,1.1080202702627562,-1.2997898429165224,-1.172870205658567,-1.2223413681474047,-1.5348975433495196,-1.6559960792964852,-1.3109065174569234,-0.34707961711982366
2023-05-24,-0.6094278378989267,-0.1992752094214111,-0.629309771009249,0.5463351818857668,-1.3010556354946372,-0.6904964417256185,-1.2658879621867407,-0.6219627296886376,-1.0962019086338026,-2.152429084355945,-0.616215186829242
2023-05-25,0.41898553178325343,-0.5080571566320565,-0.7871872468358322,-1.8407652075037164,0.0588785246817043,-0.9623711836888285,0.3015755142822088,4.1352565346775005,-0.41668882612858155,0.19994785819991945,-1.3728665279100236
2023-05-26,1.6627932092424142,2.4277982779967755,0.3354162502297637,-0.3936034428344917,0.7269991159101267,-0.1855377929681609,0.7542419261102603,2.5633134849792136,0.34356383358505016,1.1454910964370792,-0.09017552392389436
2023-05-30,-0.16849718648882894,0.8114774110372135,-1.017961236021431,-0.8812037618916145,-0.037906786547614646,-0.6591234701917782,-0.22015264180791255,0.6202238089749973,-0.6879571465780173,0.26298110981392997,-0.3764278342606522
2023-05-31,0.028442684516857344,-0.8728044610349124,0.048763663341545124,-1.8497819943900835,-1.1213253648201786,0.8264265655470693,-1.4489331533913896,-1.0869278562076594,-1.055182551050355,0.6686900811477235,0.9629840384042391
2023-06-01,1.1693749157406268,1.2266479363348082,-0.059805858862172524,1.2498877731596043,1.0792431049252018,0.6711888094613386,1.2360249263876775,1.3013202807560198,1.3142573774395976,0.014595654507260223,-0.8211796043675433
2023-06-02,-0.02253042543491478,2.1868510395340732,1.3564738190114405,2.8957607967066776,2.1174075930947116,1.3088108897876194,2.895678774605092,0.4982266452151597,3.1399828450478724,2.0739890924336764,1.0039684230508812
2023-06-05,0.5947621231797883,0.35759227925909925,-0.346786191291697,-0.5195756011098719,-0.5656890523863645,0.36519765788785413,-0.7553409875535106,-0.546218444671217,-0.0558721008744325,-0.490885299104728,0.45277223040574094
2023-06-06,0.4307596886665146,1.0179899833733268,-0.46343596941282494,0.6771785884225369,1.3138426856509895,-0.8558055718511829,0.5812613577069823,-0.13003492301384778,0.657384994305493,0.6313441478191497,-0.0614224120277067
2023-06-07,-2.045932334910596,-1.0071638202750128,-0.3299686770671449,2.572822006959318,0.27889245248023803,-0.4345318984489646,1.6008631205052617,-1.6302426771820042,1.1964401348294618,1.572401950068806,1.676371007678353
2023-06-08,0.2978854738799449,1.623374616353349,0.7781724879080598,-0.4496813003540202,-0.14887285026727962,0.6470157891553767,0.13920890373262051,1.2045838442319539,-0.298023546719659,-0.5518074052393691,0.3870132712756737
2023-06-09,0.1239684472220144,0.4786218804179129,-0.10235757927104094,-0.569645123185656,0.06572875606328109,0.18913598679650484,-0.2771348751482079,0.4654950049865642,-0.8239478811895432,-0.5703157834213918,-0.5835186146808353
2023-06-12,1.2191460947461736,1.7583325672779113,0.062338252950266286,-0.9510567932614602,-0.08079296186138409,0.41685237874710634,0.6713999371526561,2.0904951458062673,0.46925732300546036,0.04371444980981383,-0.15994450847100922
2023-06-13,0.22714249822644672,1.0210931002277965,0.4742699969174514,0.4427139935354202,0.556137244976815,0.5335178445156493,1.091002533798398,0.6853668360939177,2.3222804485818336,0.6251014674243629,-0.05870321318584515
2023-06-14,0.06554059812546806,-0.09953935689087669,0.6175158820800227,-1.099736566803659,-0.3530356488138506,-1.1257261922456336,-0.282295609175566,1.1530530578423006,-0.40502762242487483,0.34235855441490803,-0.04809391816802307
2023-06-15,1.6218374120017098,0.5995433180491484,0.9030349164632056,0.9663928375067871,1.2452510045918628,1.5112060291882323,1.4862078788615765,1.2783690726583852,0.9112201466239512,0.37074873519914664,1.0345156041896657
2023-06-16,-1.0219540595838237,-0.16749075511810582,-0.05151233793381737,-0.19676533467828158,-0.2111640345645101,-0.0292700299685371,-0.1387857050893938,-0.8308835658352584,0.0886549316774314,-0.11287627330665431,0.5305381522949545
2023-06-20,-0.28314143016202914,0.7983578337642838,-0.7909486552096968,-2.2904756245691615,-0.7015404792851929,-0.1548282382949552,-0.7793717716733994,-0.4637058383138594,-1.2658284744157644,-1.1090778884446764,-1.204329973445445
2023-06-21,-1.3356007105697623,-1.2967936568111242,0.37561217389910573,0.9333224160960344,-0.1809883562306708,0.07096589999139749,0.5704860379722827,-1.3952328212576224,0.3956618758072707,-0.44931884609534534,0.8544254552546644
2023-06-22,1.1846245846065744,1.5970440503981371,0.5221176527710796,-1.3239880084323759,-0.724307185624714,0.6436308075768941,-0.7007268047891742,0.891637825165872,-0.27214241536122363,-1.4573526511376786,-0.7507407992531581
2023-06-23,-0.24220107461759693,-1.1632079462423794,-0.5906853828599561,-0.7741274440189632,-0.39890220864343934,-0.31291527484741183,-0.7498080012892935,-1.0998054315191963,-0.7846180968571617,-1.1261629439263159,-1.5375837916410569
2023-06-26,-2.055709084509444,-1.4113808057655144,0.009307213661114049,1.7051884832809188,-0.22268819752822452,-0.5869181980993315,0.7721630227911714,-1.0419540960139295,1.0012714086637653,2.213613328153034,0.9537759461312877
2023-06-27,1.109810878921977,2.047649258223732,0.3704826132970573,0.2888351491125129,0.6946690293360908,-0.14637344812685119,1.2595590616652477,1.9898939588801405,1.3576362412414043,1.1095476738452112,0.046819793256796895
2023-06-28,0.7974515109500876,0.27086667142259063,-0.5765751301628844,0.9934100948493088,-0.17349248230308822,-0.36009638658977644,-0.024072281932905646,-0.03186967719185337,-0.7027593246234182,0.20813900839524174,-1.4753284086469909
2023-06-29,-0.636389881967626,0.02868711691755658,-0.189028701959168,1.0875435996269596,1.6637776021468973,0.6483499023109164,0.9268863832758774,0.13696629000952792,1.232786301720132,0.8781509201992286,-0.033281944285228376
2023-06-30,0.952422769950024,1.3599002833273945,0.990705205648277,0.5967620834826272,0.9145888642094548,1.0709835521197597,0.8524075927407262,1.7960045909957123,0.9261352860161458,0.5048685456001923,1.206766515985798
2023-07-03,0.22997431999104395,1.1266134084631594,0.6622813995214961,0.3036067784226485,0.6022008448099341,-0.8598463440228393,0.06965476893526676,-0.3381754258934711,0.294237068215625,0.8536008188588332,0.6535453664461853
2023-07-05,1.2526145647758022,0.047001498757307345,-0.1039869456772169,-0.5289541439528839,-0.2950189125038591,-0.02967811130101864,-0.6155135984005748,-0.5710628048458373,-2.4895149076779894,0.44956604657072796,1.1200774677752745
2023-07-06,-1.074616214236311,-1.6639609115524225,-0.3635221263764024,-2.4877339953982154,-0.9085222787903654,-0.8714881469920962,-0.7377004659580326,-0.15419153350582585,-0.757005682673192,-0.616472977231899,-1.2223519287105054
2023-07-07,-0.5362365723402517,0.1851916594578053,-1.4152382899049394,1.9594035150507088,0.09964755432652475,-1.1982680521383116,0.2181152010497111,-0.4436644523767331,0.8392097724232322,-0.5129605942063885,-0.7424284834579662
2023-07-10,-0.9554697919563029,-0.017202610205297914,0.059211623904690924,0.746876771755809,0.44439313469353015,0.7948862800813007,1.334370134250815,-0.05214602660051796,-0.02582061625598237,0.3457044887641043,-0.41896314762696213
2023-07-11,0.8230131331896721,0.8392160571466127,0.10852077457768879,2.1136276737237014,1.172019044944098,-0.047752735819333994,1.186498988016941,0.1852736149284467,0.9221476254389442,1.1643100175113776,1.2411970363259148
2023-07-12,1.583904866730737,0.9534960945156219,0.2114709950511123,0.8839868979652127,0.630165002357291,-0.29050799249145554,-0.1829631292368543,1.224616441454301,1.2572051690192267,0.42807091945818543,1.4731644910144293
2023-07-13,2.4227822211867003,1.1583471904208167,0.401120836501089,-0.48579403205816013,0.33669520168186945,-0.0255345634458573,0.12141220609811854,1.453472255477674,0.7589937310213544,0.6553863237203286,0.3626151655478403
2023-07-14,-0.614471859523862,0.3081155248435592,0.3690084059747348,-2.7464582522782828,-0.6436888658323006,1.4938764380954372,-0.34723094253125036,-0.12337935402509875,-0.5716114413794865,-0.040177182524505334,-0.42492162484290047
2023-07-17,-0.7651315675101232,0.32880795507605937,-0.28384452055098963,-0.08589399277677487,0.9531423319083822,-0.43851945877406145,0.37905801357064856,1.3053250158628273,0.0871541939445229,-0.8143007304631479,-1.168636863832543
2023-07-18,0.35857908627752905,0.2812922578491949,-0.16626166146566979,0.8469690057620618,1.0739285663610063,0.7161199788779183,0.5440532713697954,1.2157165735241608,0.6826916691992988,-0.8385659115709265,-0.7965617099715679
2023-07-19,0.12610337768771343,0.5083920913891917,0.8947357713883578,0.5619383778834511,0.4101037922705565,0.4678366315507596,-0.02893192995158592,-0.28306007087488316,-0.608300913811988,1.098801252116818,1.0169299843173534
2023-07-20,-2.480840253252308,-3.74737076015793,0.8176216511928334,1.240331341391144,0.7590290572661806,1.6192745577699166,0.4386992323605554,-2.05601074744992,0.20760510113233166,-0.43041946623744926,1.7997340302257379
2023-07-21,-0.43714231800301695,0.0014712291247310492,0.3290733104325905,0.809857831419343,-0.3554397270778047,0.9682098629959788,-0.4269437748929849,-0.3065007579726421,0.020980371428562215,0.44739249317405916,1.4820676151771577
2023-07-24,0.4442708134187535,0.5339443516674971,0.3770679119602584,1.6735916484090931,0.9759545950054097,-0.24924858647312895,0.23475880398594545,0.26118673403245374,0.2733735989291451,0.9728255336002007,-0.2874726029851501
2023-07-25,0.418582490327457,-0.2510779621918934,-0.05451899615662814,0.5331500122230319,-0.7377732707650746,-0.08223204434022117,-0.1373396606290929,1.1477530340126265,1.7270481526268944,-0.7568440112480503,0.21878231722495758
2023-07-26,2.7037351711034536,-0.09556238196543508,0.23368375260316304,-0.14269263370693938,0.6029275076562345,-0.09649410555483284,0.6030403108623674,-1.3000975753153927,-0.27416887910639653,0.34965646260899585,-0.05143837925948245
2023-07-27,0.8656110922468487,-0.9088597360723758,-0.775990897686026,-0.5964571269929382,-1.278837071578406,-0.7944735845174458,-0.8632588912665171,-0.3430740185838465,-0.7833372486313036,-2.169845243711058,-1.746535913371015
2023-07-28,2.325127981219186,1.9128511608322367,0.983138116264195,-0.010324106498536012,0.12977275223332302,0.2910896769830551,0.5838868999208051,1.4323731325035847,0.7463331400481232,-0.28844213017228326,-0.2572808278670089
2023-07-31,-0.1380128371805312,0.5836433185192066,-0.43191898104508,2.056923263365574,0.4469832790424466,-0.814295654514851,0.21965389722857537,0.13886134383422366,0.5011303206685169,0.6927902093145815,0.02673198145937298
2023-08-01,-0.2583537126016114,-1.204372518711851,-0.489089394664541,-0.49610794156486554,-0.017175075580646102,-0.49721325385724263,0.24820014140238564,0.09237015087704915,-0.4019935170931755,-0.13585824473368385,-1.2704342261281953
2023-08-02,-2.068066591503977,-1.9203823209237247,0.2059383436594005,-1.4403137357326257,-0.8955056737005982,0.03526432335679503,-0.9744055150672162,-2.6504479336114657,-1.265445832268176,-0.4184597922532903,0.010017419337025671
2023-08-03,-0.1497460360026767,0.37105091230521753,-0.16719473835350804,0.8985223976928415,0.08763013515268821,-0.5051998159642498,-0.6259194889351001,-0.32482335350957203,-0.7500303783696592,-1.366330660200605,-2.3207635365923847
2023-08-04,-0.3440874964866825,1.9037235912395947,-1.0037639590918828,-0.054791545945764235,-0.44474573543518503,-0.37100115915281945,-0.6400184736870476,-1.6158088281132796,-0.26294111157185246,-1.046666491130212,-1.2230691150810489
2023-08-07,1.93721653606917,1.068566019664896,0.8870710231691616,0.20833258473881586,1.397272750450207,1.1680934667214686,1.2308538274959013,0.2395052117393341,0.6784326333416243,1.1979018158995018,0.002729933469744565
2023-08-08,-0.2504823806865041,-0.8992517090313955,-0.6285449833286172,0.4869414465783413,-0.8620162149239258,0.8772720003478174,-0.4805413982466641,-0.7565676052655966,-1.0535875637479275,-0.4552791306478832,0.49305077141565945
2023-08-09,-1.2718130611736012,-1.2719669814408299,0.147104496993256,1.1460203715771735,-0.7821886623394266,-0.034941921475955325,-0.08980399901064692,-1.5205439288630873,-0.40805016080802925,0.18899921860445237,0.15968971903366783
2023-08-10,0.3918088024591003,0.29456837543066977,-0.20075092997139188,0.11641717549551706,0.0636622027914908,-0.06709062187597171,-0.2922819440281245,0.0085313617671503,0.1312344301088172,-0.3057795470027642,-0.3162903155135514
2023-08-11,-0.49138321169641563,-0.3108098248591746,0.21103277162656042,1.6302571796357128,0.2031738138183127,0.5931299286451305,0.07969730745455439,-0.8733878324589368,-0.28822396963527785,0.18592626821281624,0.5069868512068805
2023-08-14,1.0962901970677834,0.3812198571278536,-0.5269782738263211,-0.3429499355752258,-0.14603546043739057,0.3734283581739247,0.024177375414634623,1.8053792334761043,0.2026902179242916,-0.5349580358604055,-0.8437154076456546
2023-08-15,-1.040268614493105,-1.4508755543706273,-1.005929288463931,-2.5787846441392954,-1.7472280167080534,-0.34055524160708717,-1.2907800369737503,-0.8885540772145909,-1.6508783682204644,-1.0827542075001935,-1.7044371497953754
2023-08-16,-1.219974402591563,-1.3667840531064912,-0.22937563395039065,-0.9276832917317298,-0.2173991992030133,-0.7497505273624875,-0.5445033553064413,-0.8957996137621608,-0.638053557270939,-1.2202211699984922,0.45082649343711256
2023-08-17,-0.6327649637898921,-1.5874029446972322,-1.0755355485780904,1.0915503922998628,-0.5126718709294621,-0.7971973468850024,-0.8346657257967246,-0.9777884347303728,-0.21758473650755517,-0.7530403591278169,-0.35788600791264685
2023-08-18,-1.0546979758032908,-0.37330491609240685,0.4336159749428229,0.9650691698539741,-0.131488276169309,0.021541656274999352,0.09745852401458113,0.12214665573909127,-0.09328738188909647,0.2839589415860421,0.3862880785849749
2023-08-21,0.8237598046042564,1.2134843435197473,-0.6341221004923201,-0.6595355572789103,-0.07241835841371186,0.09463537553742554,-0.15545899453896758,2.1540069203813266,0.08019067439917378,-0.8939028506981666,-0.5953810615900605
2023-08-22,0.11770789707234605,0.07671016690065074,-0.5307984017567666,-0.7510953869861695,-0.8389982235296695,-0.3376454608638443,-0.22233662608899052,-0.22672897741822234,-0.04111069984655746,0.2768338603315977,0.26951043542981984
2023-08-23,1.9001475657250388,0.8225967822031361,0.6563820439728378,-0.27210277346186873,0.9222638160159647,0.2928135145093735,0.9793275332654898,1.8887231951797985,0.12776424910725576,1.4371230933987214,0.4344332878363549
2023-08-24,-2.0814403018693524,-2.078626276543998,-0.7779647197952512,-0.7812037743525639,-0.26603495419565487,-0.7764018169736626,-1.2240393631255395,-2.2234412511036568,-0.44639363919469116,-0.42596183513819014,-0.6229808090338319
2023-08-25,0.11697627762421062,1.1284586166039479,0.6272849242063554,1.119428944579987,0.3700437539126162,0.615838261616372,0.837691922592868,0.8357402011823639,0.2350287790019128,0.2610623390740943,0.7655367918009569
2023-08-28,1.1023027535687928,0.35375128861962724,0.48873500889105637,0.676790611872079,0.569508051973835,0.2289724574436035,0.7704433853292227,0.8058425814595089,0.6980948480307155,0.7678988253852366,-0.04159060609908488
2023-08-29,2.4630293185716954,2.3804772729487857,0.43634897381054105,0.25947235969867477,0.8695726877984454,0.8009934854798857,0.7838615250847264,2.097534038335018,1.6577188594005332,1.151885534204476,0.2719468605169564
2023-08-30,0.33204186896549526,0.3025435411474158,0.18522274429643326,0.5251285237620298,0.14303472843918907,-0.06206713361015946,0.45109318186267733,0.8333262599967239,0.14940008507748656,0.33580114737956657,-0.43503688737388246
2023-08-31,0.08945939511016453,0.5593370722947599,-0.4781522137542461,0.17407835218040146,-0.4093794828368607,-1.174687702857832,-0.5370233326350721,0.34645413766871413,-0.051919459533604266,-0.7655420370499335,-1.043040595593243
2023-09-01,-0.5449315551845557,-0.6538106839914294,-0.7506333862249867,2.055250854611589,0.7933311338070758,0.23155406721875585,0.5075024393711206,0.2296450482661464,0.9949759783811363,-0.0506760161131935,-0.4996790792457959
2023-09-05,0.07623939967179945,-0.05452794319667264,-0.8432042231712487,0.5293095006678954,-0.9653160515942648,-0.9296601193391378,-1.7300885967650812,0.4115035997088223,-1.7513713799602668,-0.9488043280552924,-1.5530200232860278
2023-09-06,-0.6010644297247308,-0.9943931176112795,-0.1533476245364953,0.15989340062444557,-0.15039522255002233,-0.6029801589583736,-0.5089467189210989,-1.4115804072845353,-0.3597360706436792,-0.23178235218983162,0.21475702977166114
2023-09-07,0.17631282841655269,0.4692466596303086,0.3856455317690795,-0.2077642966267604,-0.1785992683617846,0.4913468371326198,-0.3165998661558085,-1.5819792479347266,-0.4570961278849864,0.6840478832007854,1.2753879776969015
2023-09-08,0.386958638115866,0.005590381474666403,0.14879045686619555,0.952467369719131,0.24913782262994755,-0.01506727989080563,-0.4831152891195832,0.2168086469356172,0.08705623414066455,-0.6221773726536991,0.9459590218829422
2023-09-11,1.2275318556848949,2.851319973299382,0.7908787330434208,-1.274860607924678,0.3582648529021457,0.7032146840840878,-0.01751704675341428,0.4484192032043664,0.46263859419690434,0.02566553125878684,0.32155136526255523
2023-09-12,-1.0831926654204367,-0.9579102439715019,-0.6760912083058889,2.31862950844258,0.8243676618206374,-0.1624973797819737,-0.3819458427859283,-1.9560410646936115,-0.295928222984815,-0.05096336562841912,0.13207691317284911
2023-09-13,0.4710018904417589,0.9482844685174281,0.23829316752968605,-0.7753051491378634,-0.09404757365671906,0.028412659665341438,-0.626634183770009,0.29725346240871925,-0.6142362177817203,-1.0590253936135137,1.1888813550841677
2023-09-14,1.204872730150723,0.8509801650095868,0.7838496619574719,1.2138161889686128,0.7711098570736034,0.222285897091447,0.9798790888333823,0.7067840667433187,1.3370564383728856,1.6711880321717927,1.4532589089822663
2023-09-15,-1.1614244946497274,-1.8985155231935955,-0.7881074341458739,-1.2575786778069347,-0.5401741680110917,-0.7696131760487175,-0.5297210559059354,-1.9212724734116784,-1.1188806254598884,-0.5284510100839127,-0.47925191662520045
2023-09-18,0.2991273956242954,-1.0499043286032501,0.010911163800218157,0.6695750928039822,0.342269015496521,-0.1944349307973914,0.10691398171774423,0.4582521901151558,-0.45464610592855204,-0.8283383100390551,-0.05425822666021093
2023-09-19,0.0362241796660316,-0.6697984884015663,-0.24202669175537644,-0.7963041098649004,-0.10997051872885588,0.10948003105521889,-0.4599855479202616,-0.0607050064062866,-0.10598708086584392,-0.558900205072462,-0.5383498240819056
2023-09-20,-2.0093714644154166,-1.1430276316946932,0.16894854981584412,-0.8725172988465327,-0.6861527974024628,-0.006160363808671884,-0.35207366151192987,-1.7780352091293257,-1.0142855474674346,0.11592295961226391,0.09896936313902326
2023-09-21,-1.6341669882621008,-2.9984608661802534,-1.3236476618422577,-1.2996235126923992,-1.659055876209142,-0.9672871617482383,-1.6253274045160409,-1.5442356929699095,-2.0942902904037863,-3.5723524127825077,-1.0872441683759484
2023-09-22,-0.12303348962738085,-0.9421749144933483,-0.41023875926995756,0.17859031443748455,-0.7497313402414624,-0.18859799925324244,-0.3545819384899658,0.24688168954523793,-0.13189000448467722,-0.7137862697496469,-0.16792480661738643
2023-09-25,0.38368682829458206,0.6835518201898361,-0.3811424853291927,1.2599203262851748,0.1184171363570903,0.5427197429571816,0.4645878485378051,0.4547159386794617,0.7640882407378532,-0.19539970833322132,-0.1984189115450238
2023-09-26,-1.3295539629082653,-2.0805838564020536,-0.8883552735323348,-0.5484471190368078,-1.3805446576561118,-0.8821772761577176,-1.5348496798824298,-1.8219165439329745,-1.500849589796878,-1.7950535073282066,-3.091371094148135
2023-09-27,0.5530661837080424,-0.37416135635780756,-0.7935711183155977,2.4171330411429692,-0.1888546585096116,-0.5038063200975702,0.7451372105642673,0.14751307898346985,-0.022013743082838492,-0.7840556216119124,-1.9770072664739147
2023-09-28,1.2153561514205347,0.9448980517919381,0.25495261999276747,0.016849777753187314,0.6751862447218431,0.45630283208139566,0.44675938490722816,0.6743456058806311,1.0020634872852112,0.8775525542652614,-2.208777988896615
2023-09-29,-0.7993852100380875,0.5840382283525043,-0.38249953070960135,-1.963718169424994,-0.9150187196444494,-0.8009059164328882,-0.585486201263827,0.382103734977138,-0.23224206598005767,0.321366070808401,0.19399188919086027
2023-10-02,1.49938470212975,0.3185745538625967,-0.5924714441447921,-1.880061034356242,-0.8311848669426658,-0.1246793326875917,-0.9273590624884098,1.3096931975412929,-1.3208325813183532,-1.7511732141022391,-4.856446278230263
2023-10-03,-1.4546767050945508,-2.666093587530252,-0.720012608984977,-0.02179764298655382,-1.7135256548624034,-0.9355567954712802,-0.6882075024872237,-1.8149859911948714,-0.3085532920011725,-1.9391989302388395,1.1562878896588498
2023-10-04,1.322842873663254,1.9897404163960077,0.7796981169625845,-3.3706582016116418,0.8259534002000989,0.44876123209207636,0.3536684554397553,1.245179782079122,1.2088418768927223,1.1486686818880734,-0.10830956855584155
2023-10-05,-0.12588911862199947,-0.5753589108510209,-2.05806670802869,-0.5915515256060772,0.3800534282106669,0.506583187272154,-0.6390408089863999,0.2701352933372049,-1.3151432203140243,0.6492736578845937,-0.5458920950015491
2023-10-06,1.8117433785300667,0.7336254591867655,-0.5417131786624271,-0.016657579012845,0.7988910161230047,1.0394333700738057,1.3094036939073912,1.9080001550982382,0.9009896236844903,0.3440320787480085,1.3563970365513038
2023-10-09,0.951602089952054,0.16157952092055108,-0.022714258304815584,3.5209564748970537,0.007626584205944671,0.3758118320678578,1.5686255186907714,0.43129015939755905,0.12390177786658027,1.293299973853866,0.9930354355158381
2023-10-10,0.2208382599733219,1.095602699524021,1.0607387315660923,-0.052820320112296426,0.7710220010781466,0.5141763140644201,0.5718482001038222,0.13127975622266905,1.04839944762272,0.2859587056773072,1.3414021405869254
2023-10-11,1.130946722469087,0.4988447413501911,-0.5857307983709998,-1.6039591220380909,0.11059495433928619,-0.4242468845165455,0.5960159730008594,0.9818830199870742,0.2265608424413927,1.9844090180335743,1.6073085890732501
2023-10-12,-1.1925669670096133,-0.9440669854916234,-1.2190107399419263,0.04529561645684361,-0.6267247884089245,-0.9173073921008341,-0.9102944689077127,0.09459328014772249,-1.5751380403346784,-1.3172523079448721,-1.5053978633998943
2023-10-13,-1.3400831327492515,-1.5263516741540961,0.8127447823281165,2.1269348854300367,0.1598505069515348,0.5878268868703447,-0.8379756916188434,-1.5162500776756465,-0.36739736858664,-0.05392562311067872,1.0872993353595963
2023-10-16,1.471951751478982,1.634497985492414,1.0003827693753236,0.6873180215179414,0.9952400137558615,0.7435803335231912,1.015988010348324,0.9485762440159726,0.9666359036012262,1.0082851191625548,1.03862667815196
2023-10-17,0.43986115015452526,0.04053259859804953,0.5025749087975832,0.9490903289550069,0.510212179477339,-0.14963731220638674,0.3025847181267128,-0.7756174505496148,1.0280090658703867,-0.5426457022255261,-0.24327388271153927
2023-10-18,-1.622331570126571,-2.4203657508577257,0.3686792428396685,0.9118082795560258,-1.7644420964518661,-0.8841977461599204,-2.4441868482405864,-1.2264752230779594,-2.6846998532873596,-2.2013026983351915,-0.944160958003186
2023-10-19,0.1459650138132265,-2.324592461318335,-0.7117246108705706,-0.16647426568211288,-1.2917884298584268,-0.9776319550368582,-0.9295749366542517,-0.432563404288322,-1.0851916235318702,-2.4899982561716456,-0.9431813224933618
2023-10-20,-1.1680434121093963,-1.7579913701298306,-0.4753656706971735,-1.7285951712497762,-1.4992371263360749,-0.42612369576883913,-1.020890121847691,-1.76301838450574,-1.2706368306019575,-0.5386099068403456,-1.051596369252142
2023-10-23,0.7016492082723583,0.2753562294865226,-0.1688719017472859,-1.7067985482692842,-0.7266744653256756,-0.6526413036828174,-0.4782966207406192,0.4212533352913743,-1.0817029336837123,-0.8568450434367443,-0.8353038415907493
2023-10-24,1.3575067593713033,1.0876337841927874,1.0178447861267037,-1.4188090063748666,0.6952425672561657,0.30525659527703236,0.6613351797005209,0.6864621722384961,1.0696867685196076,1.1447688562661231,2.527495804340038
2023-10-25,-6.165002580047875,-2.5614025774125317,0.26631308198684484,-0.15005946249036492,-0.3103157843193489,-0.9160148299215716,-1.2168499645828506,-1.244663909434237,-1.1620701949764207,-2.079011575771942,0.47507571012521277
2023-10-26,-2.5980675060599645,-1.6239384930138572,-0.645161511013913,-0.7755818455245361,-0.3016440872827368,-1.0515524261979374,-0.46956504830344153,-2.211099455307328,0.6843340069554458,2.0368004437573837,0.835402724548127
2023-10-27,0.028531061524449706,1.7073304350975917,-1.3115863776529737,-2.3547897387643117,-1.8772236570982814,-1.7218030268860043,-0.8689562197917121,0.5643290425838474,-0.0672320364797909,-1.596842509836685,-1.8207033145529694
2023-10-30,2.03611059328813,1.2119283472524345,1.521574756139198,0.3166240561386187,1.6998474620407105,0.5340494673360068,1.2360055294178103,1.1552428050855574,0.9522386716208457,0.3288075627271991,0.6850439448593834
2023-10-31,0.18183526509874678,0.7024231868030475,0.3753360149123352,0.23527610708278063,1.0870049490346754,0.6047227883795319,0.7276556464361351,0.5705869326230859,0.4853652309329472,2.0260645749529878,0.8514570554918607
2023-11-01,1.8680211882822944,1.4493418017332627,-0.10548265383958917,-0.3151527418431316,0.6498496944816998,0.18911414265515666,0.37310553766905713,1.9819003753655353,0.4099234691579697,0.48926774489653896,1.0973326983776692
2023-11-02,0.8538553753684146,2.3306598302282113,1.2325318049993519,3.0440744405447924,2.34363129645719,1.5788291507921266,1.9557662186020057,1.703280029639986,1.8788260005657242,3.007538488134898,1.849777633466279
2023-11-03,1.3430655828464464,1.1868520258144284,0.031938288292965314,-1.0102067282843545,1.2871909593812472,0.4285570875888361,0.8447881499648746,1.0519484232985032,1.4815222348010315,2.332512852699117,0.5843772896359933
2023-11-06,0.2004587244181928,0.17167884084450583,0.17808504584075704,-1.166245370274111,-0.42277039579705405,0.7221925465470451,-0.2707729097198795,0.7934825721169523,-0.5190282741960566,-1.4326860313005971,-0.30843809744253337
2023-11-07,0.5104820193792752,1.211579357065018,0.24542219025925066,-2.3027058941363294,-0.08966445913516757,0.05770982921494453,-0.2778400863931543,1.068506153228502,-1.9507684613072664,-0.887376784133512,-0.7346080678336052
2023-11-08,0.10334441086646959,-0.2707117679859698,-0.44122961788836373,-1.1618493312769098,0.04927506155765955,-0.07969703935415226,0.2487939285374195,0.6543131313490086,0.3513088941690409,0.5729618931857512,-0.7428334642275698
2023-11-09,-0.35720272160512806,-1.8904487452517114,-0.38687387676896823,-0.2919002025347331,-0.4383548827333218,-2.1750232260701754,-0.26637982613036326,-0.3988282218507182,-0.8690269424498934,-1.5241396616736438,-1.3994663207398195
2023-11-10,1.6613539091691552,1.6450486160544224,0.667068854918857,1.06702204815408,1.1400780531863672,0.6164890821204467,1.3100592039168208,2.5212630771478515,1.1814413813359588,1.0897614928807988,0.5223493352603863
2023-11-13,-0.21589060989660575,0.2988453229195028,0.42678189023217833,0.7081294700831221,-0.16591041658291122,0.6194262808428332,0.09537864689691775,-0.524090364764203,-0.11017963268622476,-0.785446513792461,-1.2529036325685106
2023-11-14,1.3425673658881891,3.271179771974635,0.8418974982630723,0.5190952619720873,1.9124250339528457,0.666749776547875,2.0089520941786376,1.8813260706762251,2.8686856784554786,5.179223169295984,3.870157486374946
2023-11-15,0.5399429852452212,-0.048402492911362414,0.687805505204689,-0.3270366628429261,0.5910266148119186,-0.034177919506930235,0.19553318874368422,-0.09836656457313739,0.4429522150014523,0.15477321748967823,-0.32747745734080164
2023-11-16,0.9530412673864832,-0.9618485879280635,-1.779423352873349,-2.1540588187340206,0.3244251015909963,0.39004549449369863,-0.05534798412562045,0.6551116257220387,0.3083080258646838,0.03019217350864482,0.45388215943532173
2023-11-17,-0.46769098186406505,0.7284803602466698,-0.20572385380783834,2.0609406835554185,0.5291597858697921,-0.16992631159939703,0.49857420119096585,-0.2677102644283592,0.13257101176168562,-0.17969477782860152,0.19791833241068707
2023-11-20,1.0203098981811423,0.530156600831319,-0.004087155993150514,0.13730503143960884,0.3414336874577595,0.5266352215607255,0.320528951790495,1.4778640426094918,0.18232978438571806,0.7747782752131898,-0.3181504939465033
2023-11-21,-0.02308682792674826,-0.38657038412122696,0.3286423388798572,-0.19984437630232266,-0.026588207037707343,0.5857235134273194,-0.02541586403687821,-0.830565756402922,0.4466238041185296,-0.47273135853680165,0.22201571887412033
2023-11-22,0.9139245890311156,0.472981761211702,0.6334536214838341,-0.11472178265051783,0.39162409877388615,0.5402013113039891,0.19505988338752794,0.27183408674495296,0.08259943991647303,0.33299704948731446,0.3375648647570493
2023-11-24,-0.7068422336785767,0.12900155109258335,0.41718830315196703,0.4303136597853714,0.3269120948339421,0.513515119094082,0.29100696708006546,-0.3211389873973326,0.2975436897713648,0.3567595388780887,0.3028980962184807
2023-11-27,-0.5024983319175058,0.21280014307025716,-0.19465322634232046,-0.3741812310350292,-0.2806744889083366,-0.6452887931353455,-0.5879230419708339,0.013426356545941239,-0.08269611510714808,0.3915474603149378,0.0865115490482897
2023-11-28,0.39083622242873317,0.539426107644507,0.4740492853481079,0.06593206365413075,-0.12332406457166649,-0.5081151569886291,-0.25398788938793826,0.18234351474236898,0.17940555615932935,0.515424302251423,0.2863860547492944
2023-11-29,-1.1585087670524188,-0.38293755202021945,-0.8978214062789537,-0.7423317616042111,0.7184175089321003,-0.000891866051914308,0.2963586674083001,-0.008309819003353628,0.3254366377268295,0.7333691411100542,-0.8004963522424928
2023-11-30,-1.0532740061088408,-0.19238973674205362,0.7325964354573299,0.5911896009480118,0.9848570729782593,1.2106857053696805,1.0499785909722215,-0.09511950408303509,0.9814481687983884,0.8075974240812924,0.3941131933654883
2023-12-01,-0.23012308019216185,1.2459485600413636,0.313313871632505,0.5018100892517706,0.6820257602877927,0.2959435904470818,1.5418893807142993,0.1786882002130018,1.0550107426164246,2.0796452908937413,1.2371235461653538
2023-12-04,-1.3768105376619106,-0.5276194384727056,0.12119458810511635,-0.45695980489319094,-0.021244938976823984,0.19269919295908564,0.18225485592386703,-1.3046510426387412,-1.207503153911063,0.5494313840799687,-0.40295816428085474
2023-12-05,0.20888511148334035,0.35391744754379534,-0.7025977095814654,-1.672848709466903,-0.518455130768151,-0.1605802483871526,-0.8619071464054007,0.7915224110061846,-1.3409095101102368,-0.4428996469683226,-0.821518345654088
2023-12-06,-0.449768498111076,-0.08211278409298463,-0.36030134944095876,-1.6110788469224282,-0.5297502429694058,0.058598347877199655,0.4582620250896865,-0.9500282444425757,-0.17469945911670284,-0.33108871823583963,1.359947002165045
2023-12-07,3.214908862372118,0.929012816813136,0.20290193416939828,-0.5449515276518966,0.3865261722374558,-0.09155890837318256,0.06432912155054261,1.2502350350161955,0.6657836303419691,0.08991276805908864,-0.23362297895062184
2023-12-08,-0.19449060364957457,0.4632667589533134,-0.7000329506642616,1.0887921064765822,0.45514301912814575,0.2251278669734967,0.30191980632122534,0.9147302231015892,0.32297981250735674,-0.22670975789408399,-0.20693617014572163
2023-12-11,-1.0166866017257392,0.06670861272729675,0.9371404720975901,0.08750560413163473,0.6689906009452311,0.528209561857681,0.8763645541810556,0.39284064478522657,0.7090925557708049,0.32271310844483153,0.6501652032521672
2023-12-12,0.2637708201104872,0.3790592565785556,0.3049319363773401,-1.3639403110012525,0.7290284695807204,0.44910339983404435,0.45012862072634674,0.6438335923911399,0.6025879296905655,-0.03608072308657767,-0.40244757717065927
2023-12-13,0.5245709569689175,1.3176349666027427,1.7678681302514008,1.2493955595094306,1.5937789131234064,1.7628783356157944,1.125579632760167,0.9134258973027958,1.1216720782442826,3.484195255397161,3.638315731229827
2023-12-14,-0.08742415281692248,1.0128265912325105,-1.474804667812075,2.86590697329843,0.8890851258307817,-0.6313220473365779,1.171112608968294,-0.3734847290732941,1.5829078100912197,2.529037271422374,-1.3028243830636113
2023-12-15,0.16486966163375555,0.5097838438309946,-0.0407715174410696,-0.5372794516221611,-0.3809182359743213,-0.8506059025700711,-0.19301386402737278,0.6796183054542662,-0.16281345405753528,-1.241285244224322,-1.7520758783500219
2023-12-18,1.8717213998542304,0.8051329364517502,1.08916443896969,0.7401712491564246,0.11506950928341872,0.19066407116449033,0.09225568639193968,0.25711302410007814,0.032679300196643224,-0.3831726802952831,-0.3188672119942244
2023-12-19,0.8899683632226996,0.7002614190627945,0.23772626594532342,1.2419662332858765,0.7662416963927209,0.6187998184843053,0.6936360061514746,0.2413838675725228,0.9013887504256534,0.6993750561282482,0.5655058177249704
2023-12-20,-0.002414746363133263,-1.8111278751198594,-1.997693222338962,-0.9183537787129428,-1.7260228742201797,-1.4752676112653227,-1.6540803184347896,-1.5676155567872663,-1.4994594593507309,-1.3038447553670447,-2.000016899497588
2023-12-21,1.106579013841176,1.4542780872127914,0.686646996917653,0.35357684707982134,0.873046569064786,1.182929852853506,1.0391837072169952,1.0496421935658486,1.0275802919402395,0.9151527973340458,0.1317142376755771
2023-12-22,0.2193253024891783,-0.7479105704313602,0.7122618687340208,0.2739061546547067,0.22951293734189585,0.4762695489760008,0.44526744974130705,-0.011632121695584396,0.6076545201864542,0.3122833715842035,0.33645713156632295
2023-12-26,0.23573189655908927,0.34080579683305917,0.39244696169523413,0.8573518801461462,0.3913190719249133,0.21486024967979578,0.7211924295842761,0.3733687490673025,0.4088465413678455,0.7843634635368628,0.6458901772890098
2023-12-27,-0.16017118458979285,0.26116415560644596,0.22966740295881213,-0.5383659434397071,0.2397749045114631,0.48144414265519314,0.16887218234308785,0.016990393288033725,0.22188944439455024,0.45784819384941494,-0.1155079843007736
2023-12-28,0.1026396609675184,-0.433734332030439,0.028591689363310743,-1.4399245875994846,0.343199358957938,0.2305863849143571,0.006702545685949444,0.12354600371938643,-0.4736648931754593,0.5305379349816353,0.7012561294744045
2023-12-29,-0.5160488159344742,-0.6667669788267425,0.16688189277148652,-0.2382978348632429,-0.2916947442864539,0.044600897920808846,-0.18501335886573583,-0.2942541416667711,-0.38888801785958976,-1.1921421955334184,-0.091490339207116
2024-01-02,-0.9488284271435964,-0.9201589716640184,1.1073434828171658,1.1451834250732384,0.342402557454627,1.7455382845992156,-0.9406540305631919,-2.621888633098876,-0.24702813149548,0.9494414419843212,1.3602054326630644
2024-01-03,0.09632358017781942,-1.912353146506784,-0.6871364425869398,1.5121999580754228,-0.8325838802594548,-0.0705270296431734,-1.4885743476135869,-1.034823484823197,-1.1517610094486785,-2.3822711373772516,0.3851396851294868
2024-01-04,-0.7469511872003799,-1.0167364124385716,-0.18100503513268326,-1.646275218675718,0.22360789235365597,0.44002166200110837,0.08949911090073805,-0.6488292286260223,-0.34921263673317443,-0.28028430461776704,-0.3382697288902954
2024-01-05,0.3264883451147959,0.2919090521230214,-0.30467901980067646,0.04763560319599739,0.4981670581062679,-0.021409810610772125,0.19178245270936073,0.1414606501619161,0.22247271651666986,-0.18038419440157277,0.38951221899492444
2024-01-08,1.7168876663532022,1.7785842419758593,0.722880966232279,-1.1512265008180969,0.591638277651486,0.8508753661101516,0.512927869539142,2.6921703584943004,0.40893736426750743,1.4216347292974911,0.7211971691552197
2024-01-09,0.1735879065480853,-0.1537690868152104,0.29275420837588595,-1.656294717117958,-0.685868117022014,-0.01049093974500711,-0.2607181968848708,0.2036020529182782,-1.1298322257276627,-0.7320461804423872,-0.7595046372471187
2024-01-10,1.198260768678001,0.9447507051942156,-0.04942089943772644,-1.0081536603806858,0.21478002494354276,0.4065156767991772,0.47439397490481927,0.9781516499769681,-0.15959536680538464,0.1376478350152809,-0.05941097882387493
2024-01-11,-0.2740872288584228,-0.04065294146626954,-0.005995447830406667,0.17787783927729428,-0.4513405503388178,-0.10369091424716326,-0.21791774448734114,0.4311669835688197,-0.30394633679078525,-0.9790050564734083,-2.3818613322460704
2024-01-12,0.6196369523225209,-1.090269093429513,0.3374184773386539,1.2247556179616021,-0.2501742442861749,-0.2716132524695681,-0.04247697457697507,0.3619769005401429,0.1573061271872937,0.7882443686025035,0.5789469806635329
2024-01-16,-0.43575022001122105,-0.26392145469601214,-0.44851831594499264,-2.4063846559993087,-0.6661987253141098,-0.5693520965185532,-1.0212540059632271,0.3578083565427687,-1.1472418952144832,-0.6017550006589399,-1.0672902776903004
2024-01-17,-0.5689521817364891,-0.9324847576015158,-0.16915270336392035,-0.8681441620627218,-0.2880092504822865,-0.2645368810947545,-0.6619371330891158,-0.5075440069347121,-0.7903215407232927,-1.9063639940733792,-1.5313989304722548
2024-01-18,1.3629549549174402,0.6003136468529462,0.000756293621356408,-0.21439965924821297,0.29774449165100475,-0.006382630657276647,1.3163781746797154,2.0324493792938774,0.41471788093699946,-0.6129332680618725,-1.0550429879745167
2024-01-19,1.61969547932449,1.0025603259476152,-0.3425734288410769,0.38623728015570785,1.6086139772828931,0.07579491924771524,0.5833930116009679,2.2871885260881357,0.09044234201679643,0.9401920317960542,-0.12794496566251515
2024-01-22,-0.02943739898021376,-0.5386365742044709,-0.5193108810833156,0.3122668872668603,0.43034755717456535,0.3507914173205126,0.7306102795603024,0.3935663664545515,0.279422158006495,0.4303238616814783,-0.5263809060255152
2024-01-23,0.9404529802079542,-0.098610503261726,1.0057864146247057,0.2943752900599287,0.14388246432743218,-0.07019571519945667,-0.07232298497027453,0.4631119074030868,0.2947580907472984,-0.5088985169580043,0.2194341394699116
2024-01-24,1.0849160368211712,-0.21948760743359322,-1.2504278907624544,1.3815417027809969,0.4592946329300665,-0.9054831326655408,-0.7760413246503904,0.7628610735256778,-0.9930329646658455,-1.3424217730503316,-1.3829431754888626
2024-01-25,1.7380097216222543,-1.2529495681427445,0.9280548767258575,2.19987184477853,0.5535225676847314,-0.2523927404884576,0.8967111958101488,0.35773512182398315,1.0866690632114415,1.3059858468268801,1.7665812297461774
2024-01-26,0.3959687503192893,0.5795143863044552,0.5938162856982164,0.7738200416618956,0.2844625431457806,0.601557332053195,-0.1338692314649705,-1.0588642803282373,-0.03788833167569837,-0.3934441007046221,0.33130905659452514
2024-01-29,0.9390537221943155,1.3929484230460885,0.5230071138842125,-0.18529612027463097,0.32736300699245874,0.6688505698858805,0.5693938781170935,0.9256393036840111,0.6095540510938555,0.6767543041084246,0.6320377023195052
2024-01-30,-0.7757067298579484,-0.2806573699596443,0.5082544482398381,0.9608918487752881,1.1629354332774098,0.2680511292391814,-0.013180458679005316,-0.7497513925754349,0.49168086209824385,-0.9473064965544501,-0.04308847549109563
2024-01-31,-4.165538092285789,-1.91272016435696,-0.6588730288213241,-1.9088696261271008,-1.2201268477705776,-0.09179498397150332,-1.178306750385568,-2.14783330251194,-1.2481325865781174,-0.7164592568807353,-0.2922797288891467
2024-02-01,0.9089408448128709,1.9571434256681175,1.9510566789082515,-0.04609992243497156,0.11261699664358844,1.2778022156324411,1.6101821795299553,1.3913813761281149,1.6569038716604803,1.7659132820334535,1.8630504237655645
2024-02-02,4.3890172452606775,2.5032403193741524,-0.17355319926864507,0.14112827749635407,0.44248916416804107,-0.10772904212260881,0.6180257477816041,1.2636301196968935,-0.6068465854191862,-1.2543155739983067,-1.8340245737492489
2024-02-05,-0.8418342434516629,-1.3329289007827625,-0.5368587169251552,-0.20941371927467972,-0.6316163318643393,0.37157360598758876,-0.5604752720136223,0.5696028311638016,-2.634744081435835,-1.998261794337617,-2.0526778818611895
2024-02-06,-0.24520299460606795,0.3569723714859071,0.21906851065790997,0.2905464327364381,0.31763823088434,1.038294496212726,0.9429433859016382,-0.4826330224484509,1.5272031690203944,1.483217411439675,0.29520952241239573
2024-02-07,0.9816548679848305,1.094730865500445,-0.10597510145246027,0.1801465690929014,0.7135460851538993,0.3028956460963195,0.6459423665530798,1.41041286029815,0.7534894384133037,-0.07386846528966529,0.06032998459218724
2024-02-08,0.2956797634589307,0.29460650827683554,-0.0480923618979062,1.0771787822598813,-0.5014079745485457,-0.16102465415943362,0.04488038030610573,0.118570735281551,-0.29680124162715277,0.5572233704285698,-0.8366650763173858
2024-02-09,0.7771706860803812,1.021900248331536,-0.7908570879797749,-1.5393352919579184,0.31471615047279455,-0.039498728755518006,0.11527924530429097,1.4533644445001506,0.2476609048622073,0.2920424539423506,0.42494042561532736
2024-02-12,-0.19856579323591594,-0.3189918696973479,0.618977336459275,1.0383149744420803,0.3971028704525009,0.09028249439566817,0.1049344372394149,-0.7780567748245492,0.7041888075405012,-0.37126543609700347,1.1334662854596411
2024-02-13,-1.3937427279430366,-2.000348023421941,-0.9522995887631078,-1.1584251575254636,-1.289638625419148,-0.8422588387627122,-1.0166071429198456,-1.5756934232621047,-1.376235179622565,-1.8606991398453792,-1.7087797825819973
2024-02-14,1.3546481477658707,1.0327633629453734,-0.22960484662917313,-0.15473875036469426,0.9527325009059283,0.8175425092036455,1.5759452724441243,1.0571652279138786,0.6160548743748531,0.68662159663376,0.5340332022608695
2024-02-15,0.022311642831481137,0.892176741556691,0.5189108373831642,2.4018680336243565,1.6161721918771816,0.6637386426448778,0.66295803742751,-0.4445847668922485,1.8636678977706496,2.3284667640811425,1.5214349164270717
2024-02-16,-1.5948756711640106,-0.4429911542887568,0.17992134523836872,-0.030185371035409178,-0.2955615719021541,0.3412678507746227,-0.5875772910887124,-0.8164820668945388,0.4852673481299596,-1.005289248913822,-0.1693661319805067
2024-02-20,-0.03923136772908044,-1.0887666385395045,1.2725925569118166,-0.956481202125115,-0.4804906470250098,-0.4682155089773866,-0.35759766304597895,-1.300118903973279,-0.2215345568877751,-0.16679152134852845,-0.13016923356065271
2024-02-21,0.1880029716682218,0.7299428011957946,0.20093718082492482,1.7841277559935296,0.3361792789800328,0.23382831796429976,0.4521337002305569,-0.813471692207024,0.5407700337930194,0.7365016069706674,1.3487873959542815
2024-02-22,1.6020171869201463,2.2056530166644683,0.3830804447004518,0.0780346551878942,1.3452281786030234,1.2467348086454342,1.1710996222552201,4.103833543567455,0.9406241416532233,0.24378816539127082,-0.7794583940350741
2024-02-23,-0.20193881083956902,-0.3739448472518701,0.28205324251368474,-0.5811257209431594,0.29670269695076223,0.44215188491940244,0.503881435289599,-0.26947664186830905,0.607943206491489,0.09186232995297679,0.7073601550474136
2024-02-26,-2.1620138650856506,0.2184867925367751,-0.1594293404040653,0.2877119206910065,-0.4797201548740997,-0.5016888709018695,-0.11955233422001056,0.016141448569298018,-0.606800776034449,-1.1661756270912407,-2.1449188045384995
2024-02-27,1.0194168463783397,0.14547816477761613,-0.0044744870264749066,-0.3945845293984854,0.25805560828585766,-0.29054145628432076,0.09623008005168529,0.07220866864002091,0.35886290116081615,0.04876053822497861,1.8107200254367486
2024-02-28,-0.9328871127662829,0.29631615531716154,0.09230292196776145,-0.20320584813778897,0.369878772545136,-0.5251165471140783,0.2999914090177942,-0.545710949754136,0.21978649598124986,1.2267971196533618,0.26877210511982863
2024-02-29,1.1634454085347201,0.9367000897288223,-0.295074771734121,0.4345218574139344,-0.029915957346428993,-0.7313333813403518,0.3222601182835877,1.1241903794272041,0.8240408520973046,0.8420978233771361,0.029089759596227394
2024-03-01,0.5245911188785425,0.35818455837982127,-0.05658278446326376,1.1540052188814376,-0.20068283933326142,1.0190324095695604,0.328643825164391,1.731362987686997,0.38092763217747005,1.0676596364285293,-0.7352685494829538
2024-03-04,-1.5438505767324233,-1.375369223682713,0.18772847114580066,-1.1296260049210347,0.17881071050194186,-0.10081711253152112,0.40667122750133833,0.15923201837363998,0.714272203850475,1.047097400262277,1.627593872699692
2024-03-05,-0.7572018455254972,-1.3818556000474014,0.3733085657964857,0.7308212472919289,0.05326319861464989,-0.8128445304161729,-0.8091783234174296,-2.235784652883218,-0.5721853794323758,-1.2837179410752166,-0.2960143958121061
2024-03-06,-0.13730532212480118,-0.3967192778749322,0.7429182256898827,0.3879813952242219,0.39115770360030866,0.688396675586489,0.49842333618844703,0.8855525382560816,0.7112325359789925,0.533458983606105,0.9521099608898542
2024-03-07,1.838992316165405,0.907409072325267,0.39237023283979805,0.777916237033086,-0.14281812779572375,0.47380703087111553,0.7956016731950223,1.8523666942507866,1.186384571963966,-0.0543749075444071,0.6054186158500217
2024-03-08,-0.020660673930023948,-0.5132749991656546,-0.8057297436552752,0.3536023368413479,0.20842195378241687,-0.28295336032759655,-0.2630192223671249,-1.8870826730873482,-0.6018138953944082,1.1210867102471258,0.19478992400622921
2024-03-11,-0.3594410791870149,-0.5092936571706308,0.6179107757561987,1.005507667565348,0.1691027874454851,-0.15943320357115517,-0.5018295200049415,-0.3544501456414611,1.1050621038923718,-0.47934957079703916,0.49982927089072743
2024-03-12,1.1900174295214139,1.0119623163963414,0.64592652163325,-0.16006001938015926,0.4342868375530239,0.542582153342378,0.41786089070482874,2.541018497851355,-0.07250409170234108,-0.3645574365819602,-1.0083286043107031
2024-03-13,0.17226213429341916,-0.15356996781151805,0.1213895268016666,1.4966671200079313,0.588466697053818,-0.40575150468893384,0.23428458380574899,-1.0965713219192565,0.8382147199069544,-0.6142372899227805,0.6372865238486509
2024-03-14,0.5249247644353624,-0.4369404394752698,-0.7746128832100609,1.066395383256904,-0.6710734703253798,-0.4036944397918631,-0.425608099722912,-0.1291409504354399,-0.6166036042657072,-1.6150100531979383,-0.8251226299062666
2024-03-15,-1.1690179150156004,-1.2199641194675925,-0.17166306326225966,0.23316716776295227,-0.06803143173972943,-0.3760940860403925,0.06792636122595269,-1.2998045377767273,0.07593939892831467,-0.12930521812103424,0.11380050225873604
2024-03-18,2.9425829579475806,0.6388253902844419,0.7394337250884886,0.4278055450017087,0.4732202316056339,0.0019321561549563064,0.14204786714066037,0.5431358640729181,0.17601982034337027,-0.012724359025081766,0.4446160853655141
2024-03-19,-0.19637399539997197,0.8081063604040134,0.31403572531390944,1.0583483493038477,0.506987349747018,0.678980435498295,0.8139934843728669,0.6278300320036501,-0.010917895202450031,0.0013960399784684284,0.9122146382886036
2024-03-20,1.251231034161868,1.4408881303067234,0.2552231387001822,-0.07162395272572845,1.2247788721689685,-0.23316746508996625,1.1736292616438233,1.1411461826737839,0.9747733048005308,0.3868249763825189,0.11774108823385265
2024-03-21,-0.2075353087544105,0.40684893641966086,0.04559511612007823,0.5400638556425077,0.8234057493823426,0.09274286982099533,0.9665808078308467,0.05547279879276592,0.4051280877737977,0.4395711336980247,-0.1967257646508812
2024-03-22,0.8823225315625637,-0.6617961783832649,-0.5907144038116247,-0.2206315459904338,-1.2484406398327095,-0.1382709735801765,-0.3113255674930444,0.43114001791936507,-0.6371530480752657,-1.2867249677548305,0.13991789617576558
2024-03-25,-0.3826161478492507,-0.16706369396310042,-0.30882885499068163,0.87036930748243,-0.30391979790101176,-0.160114086224405,-0.6707647436645039,-0.5320398776608198,-0.006984506459820228,-0.43027287458274793,0.44216492574771277
2024-03-26,-0.22657737396955924,-0.042454401712734534,0.06464152630146056,-0.7643371574132646,0.18478519109620267,0.3304540858705735,-0.40900970485868005,-0.7672437148382464,-0.10930175391259189,-0.44547906489513317,-1.1412447818071876
2024-03-27,0.09836335669795196,1.074667939569544,0.9154336319164685,0.9351077770930923,1.189337109577538,1.2594892596276681,1.585845069256704,0.11008616032652141,1.4501407715869123,2.4130466791949585,2.71053482195877
2024-03-28,-0.35317581631130446,-0.14979299620939235,0.10194982330395475,1.0939619318222316,0.5389730026548163,0.10606667965771953,0.06422777822957582,-0.11585176664588165,0.24805532552506637,0.6893648956872929,0.7477515626207614
2024-04-01,1.4944235711064573,-0.5643463283881864,-0.6825454630441291,0.7909150424598352,-0.5965845264101755,-0.9003053948475349,-0.757347639381271,0.21040900510522617,-0.31538592821961736,-1.7887026262516093,-0.6564392553492234
2024-04-02,0.04957815447872611,-1.3139669815744772,-0.6196470467260222,1.3416334219249726,-0.47583885330459175,-1.6121266470100055,-0.5233415905221824,-0.9726489527624381,-0.4018215740535589,-1.1449395898546284,0.17095192426356484
2024-04-03,0.7042729865316137,0.2513634396425884,-0.9952228038125369,0.6652696301528048,-0.0767348295623027,-0.07710573230726465,0.48020045526623845,0.12512351483023826,0.650275321267612,0.06186565981415316,-0.42273361885667693
2024-04-04,-1.3991043107021153,-1.146600169632296,-0.466683519935362,-0.06515209667156945,-1.171945048950491,-1.413238863528468,-0.8735102787704302,-1.7483980970552646,-1.0299480436599286,-0.7887025630082607,-0.20582859861851063
2024-04-05,1.5901439132232666,0.9372131061026336,0.22245384421133912,1.104505692997381,0.9048315445414905,0.9283664111716752,1.3866607154860586,1.35459584662621,0.9530629781184133,0.6588601039365148,0.3362694888799904
2024-04-08,0.008550662766951258,0.7445466333545546,-0.17259125910294418,-0.597814841285258,0.37444813969379753,-0.40128850913386643,-0.20871604085233306,-0.32945513186089276,-0.021772541467708035,0.8027218645155739,0.6346199369626674
2024-04-09,0.10076766593815137,0.4782219629409114,0.48528282308230775,0.04514919837573115,-0.4815082912686231,0.3075793226032127,-0.2244200115023575,0.13788138010545475,0.23325326448406244,1.26648515761862,0.5567573197734652
2024-04-10,-0.2045788783576889,-1.1901276237569915,-0.24380404407673775,0.31211704426401365,-1.5262191404934762,-1.1224017327022682,-0.8252201483139855,-0.7619130278452464,-1.6057709669335087,-4.233293393623259,-1.760393541925716
2024-04-11,1.1691496748803438,0.9949446944796064,-0.31535451723921104,-0.1732898113919385,-0.6209404269132718,-0.49569893929928865,0.0802363190600287,2.344450271157762,-0.12424364248693616,0.029833208616072967,-0.2103780926114108
2024-04-12,-1.4946643589040163,-1.6524155416527937,-0.8822106553636835,-1.5305667851698574,-1.4236625336823465,-1.5227132341446517,-1.086890865839018,-1.6563860641747254,-1.7126455837806618,-1.0627973805615525,-0.7459383502499913
2024-04-15,-1.6536712996814826,-1.6703482522545012,-0.4349948762599733,-0.9008510583120953,-0.5578346864746132,-0.18209628530901323,-0.7091902586487473,-2.0145225633747863,-0.503747319936405,-1.79773047543163,-0.9169398396761345
2024-04-16,-0.16106873871038294,-0.5212355274487099,0.06140952637489027,-0.8997880726634885,-0.5751549418476017,0.002812715529537471,-0.1968102151228505,0.20252974813437447,-0.7324653753993678,-1.5589272154718872,-1.372829704371676
2024-04-17,-0.08424719311443322,-0.5809401117761106,0.3919571771986604,-0.3675126626136885,0.21243986112278035,-0.17871346439401462,-0.5765782996477915,-1.7360804905153508,0.19534951477196785,-0.8153367352427761,2.0637236327039608
2024-04-18,0.6623227430066552,-0.7896763977640135,0.3468755714520776,-0.2302925372658767,0.3123424878738364,-0.03155446377490498,-0.36413682577362,-0.9170302535033436,-0.0038697973252311405,0.025222060157478975,0.6143840312209606
2024-04-19,-2.079441280872634,-1.2945459516156033,0.8824672110433469,1.1122157138152167,1.2695460990202077,0.24263267889931636,-0.13898731581821294,-3.1860700828269493,-0.1459617348194046,0.3827550463202214,1.4615300225121317
2024-04-22,0.43839391319540555,0.6389603947859304,0.9409786224575859,0.6015256944678014,1.1942029227449045,0.38966750854375165,0.7326985305412306,1.2375079104850388,0.10173356619650195,0.7630595004354919,0.9471038833304896
2024-04-23,1.8315259513217053,1.1811568624906799,0.003712730870696075,0.5143626695280171,0.6819395474455258,1.2634453907020025,1.3269621282948387,1.6748220217521548,-0.8574897098956326,0.8645206119712189,0.47650913843125914
2024-04-24,-0.07987544547615544,0.4653757635072969,0.9480052505758058,0.07215941690836838,-0.13895075479246669,-0.2875295860117544,-0.8284383892800841,0.027958721007589855,0.0642179891066478,0.3911388775395884,0.5870396191589741
2024-04-25,-4.262627230387414,-0.2191252550006245,-0.2319177957251251,0.5073117508832218,-0.4852970675162328,-0.6554516279476142,0.2788453923370626,0.13962016310660677,0.6955393205356731,-0.5224485277661035,0.26604179481105816
2024-04-26,4.571809281187419,1.3292407450244652,-0.16961606183914438,-1.017924295801453,-0.23724517183733368,-0.020018902963475756,0.12028542700447047,1.789784279024919,0.6391745850647381,0.06468681550602592,-1.124060541439687
2024-04-29,-2.138877865445675,2.001724834429904,0.28853320329443516,0.6273708800428074,-0.23554623867672023,0.3361960017803662,0.6812625914247129,0.365927409121198,0.8124350263458343,1.1015527818878645,1.3812873580528384
2024-04-30,-1.4924354921511858,-2.7782177781054656,-0.46054830510117206,-2.9582666647193165,-1.0054050731005042,-0.02408215993382235,-1.650753143710707,-2.1943873190586283,-1.8199508495691805,-1.8853155015575669,-0.5811672188198423
2024-05-01,0.8828862686994559,0.0014049522065531963,-0.7411543159898408,-1.6687868862098942,-0.012137842954020442,0.1731008392106193,-0.16351868287945964,-1.2889522154176942,0.24936233217461395,0.11479535526550333,1.138308909473802
2024-05-02,1.141416586639978,1.6181516028998326,0.8163486246452233,0.480640377808235,0.23761016463683432,-0.17598197622409611,0.5438667732523684,1.6067613541027164,-0.6157516124190237,1.3382265411667642,0.5059143148139985
2024-05-03,1.0125630160412633,0.694693757066487,0.3236515814474306,-0.11444478407060223,0.2905040459792871,0.14757954122753525,0.6631038367713599,2.9575813913953892,1.0339586516889125,0.8255607206633936,0.8330206166649617
2024-05-06,1.3193273616507355,1.076055573411157,0.039614716849680376,0.8357447644477792,1.1950360401112512,0.5014450301735114,0.9680128007728684,1.446652363193368,0.6167701679893075,-0.025615524439064494,0.44485911459217936
2024-05-07,0.5916634721090717,-0.5932322310146382,1.0614256353533345,-0.10567391902937558,0.3487418259323353,0.8437994054974551,0.3712161594120561,-0.5276154165950744,1.1793850268639006,1.051704268024887,1.1047221171541683
2024-05-08,-0.15113203745703355,-0.43195592225937746,-0.2885064528645985,-0.12997371885440945,0.3581680961305309,-0.3445871681308585,-0.011562530179265744,0.23117158140648722,-0.4120843859005421,-0.9242395619096381,0.8161309218542167
2024-05-09,0.4055246399671258,0.5886133306098097,0.7219486426092557,1.353270641137658,0.7024553040806275,0.7720552959883535,0.89321487720977,-0.2607284626697505,1.070872924592256,2.244931420110676,1.4803152801125996
2024-05-10,-0.17127252220498482,-0.6685429635828973,0.6060681070254544,-0.5408780322306183,0.4821152309666792,0.17576289824685298,0.0737569097530204,0.46375161282003297,0.12248528882048178,-0.401007838518434,-0.16963045796244783
2024-05-13,-0.22814064495620973,-0.17682734613960002,-0.2685231248925572,-0.23025233609616752,-0.42971978809594014,-0.12615902183939257,-0.456181059059104,0.4799036552497453,-0.08526810199044954,0.28158557499850634,-0.017239354644397093
2024-05-14,0.4928135351049556,0.4403350709742839,-0.291316899976828,-0.12517147723842612,0.4706614744602052,0.4475109389359404,-0.02897579332945532,0.9636526874541647,0.08363599602446335,0.7058219544832286,0.20890898204812167
2024-05-15,0.961961630214257,-0.08013372828996715,0.012573582505099993,0.206610913883745,0.7569959189546224,1.4703501764195617,0.5932448962434412,2.24620622677056,0.1293663487016514,1.668078444823997,1.392266380341905
2024-05-16,-0.0023697408921655515,-0.7381474229972127,1.8313781995806206,-0.4455187373213287,-0.056502071545178334,-0.15172506190490276,-0.6393906701045717,-0.33341117532680925,-0.7382998267717339,-0.17165646151451255,-0.36031244713241506
2024-05-17,0.49541571097947196,0.4941668169409417,-0.16597375326979383,1.359966235633442,0.569454360421932,0.16451686342040625,0.122235950747577,-0.46686599188595945,0.7563462557748556,-0.012456408232273675,0.019017527832640962
2024-05-20,0.27530198615586715,-0.7151580802199354,-0.6990255626933228,-0.6446129877944823,-1.1667693197446438,-0.24053131642004633,0.14557972474139438,1.2999322518255718,0.15137904833301727,-0.6964204959608015,-0.2120350751885183
2024-05-21,0.03421811191222971,0.49715160020964405,0.6824230571971217,-0.4842268410126901,0.5334114867141787,0.21608287176834784,-0.3418011479899195,0.3011060421885308,-0.007455915639486891,-0.06120196852245946,0.9627661867888507
2024-05-22,-0.27630920988932905,-0.8939325073948968,-0.2309295850202551,-1.8463614691503427,-0.5028350269708338,0.19844949927350267,0.12020578761336909,0.04674005443261541,-1.0243366857614924,-0.8645964156656955,-1.1892508209163146
2024-05-23,-1.1509987018508978,-1.5489491573663055,-1.1769608665314009,-1.040463996497479,-1.5412290474656305,-1.0585766265429035,-1.2311326720101192,0.4423867896153233,-0.9488249726230674,-2.178746307007382,-1.7299684835737583
2024-05-24,1.3138113017394943,0.7472361739985053,0.2611111259027678,0.12694092081288721,0.6479164903465892,-0.2987062998084371,0.5566896387633635,1.0956379381071324,0.7886674596137341,0.012370085484069636,0.9599549489300812
2024-05-28,0.4759821964500696,-0.060996860846533434,-0.8225850744509728,1.0480279298947348,-1.1150690590261603,-1.2315837686152822,-1.2256465088317638,1.3196872360738194,-0.464109977163941,-0.6261366471522077,-0.12733408037359548
2024-05-29,-0.5176869359812143,-0.5364611329608515,-0.7224656475058205,-1.8724680947663757,-0.8697854137775646,-0.7564194809922098,-1.4229345701050744,-0.3609962648022608,-1.4731353285896316,-0.9261107457936438,-1.3229719821291528
2024-05-30,-1.1033869503292226,0.12007207169975562,0.17108756860809263,0.24235046308293892,0.6270973772390612,0.07923798247668894,0.7169533371420403,-2.544067217581234,0.8239335079382895,1.4973748265254314,1.3936354324827618
2024-05-31,0.5580535431976178,0.06386062099031978,1.420673858029973,2.438798176963674,1.376318930195724,1.345144482365178,1.188427350555336,-0.022124667216499968,1.1428594192386654,1.85859758041518,1.6402486232315245
2024-06-03,0.5282400463328435,0.16086257487272584,0.019125721969066905,-2.6296417750116103,-0.604116564736798,0.7360079579759261,-1.2205772427066504,0.9586496265678106,-0.6295738929251199,-0.36713015874144544,-1.2843406732953795
2024-06-04,0.3352088385152317,0.16630748062029627,0.934075815784129,-0.9723154986782173,-0.4081186263989874,0.32371388608799273,-0.21204479189077483,0.4046920861983702,-1.2406449838732723,0.9151924188299166,-0.02612494660979362
2024-06-05,1.4967978685001184,0.6580382331878734,-0.17681761345349684,-0.003793289949671027,0.25373377845261524,0.42307671113324763,0.9745652561436147,2.6003754497429328,0.7579393603658472,-0.1591375247268719,-0.6052951175662248
2024-06-06,0.2157680189396757,1.0172400217655828,0.3271079233405704,0.5543961627792278,-0.01855690192921984,0.3024897025073396,-0.6065267698261042,-0.46407590783346647,0.13028144240355827,0.1800977513724595,-1.03544102811039
2024-06-07,-0.794750883715642,-0.4009862615484028,-0.708700081739697,-0.48412471556708514,0.31586687967974697,0.1229177724456131,0.07697913615200692,0.2233956495802619,-1.0689494959388932,-0.8709843221194858,-1.0955392221827505
2024-06-10,0.6153840600386244,0.5029572314186422,-0.1327995553430235,0.7084739400779354,-0.40762453554940575,0.3411163592541583,0.27606402935059615,0.24422508515592561,-0.07770103854222433,0.4295742519314154,1.246623042125382
2024-06-11,0.5207607865652939,-0.24200913382774725,-0.11954193737187443,-0.2616500875791184,-1.151997882967311,-0.3536856640346969,-0.5202926349462295,1.6378306666980504,-0.027530895271496495,-0.2666150867733085,-0.6631854868765993
2024-06-12,0.12190469828982599,0.8048231942571963,-0.9935216574030749,-1.0723282084055679,0.06998460290801753,-0.17119493990970544,0.8677653815147776,2.520044516658887,0.21298085631087538,0.6770690518960532,-0.6769563452109311
2024-06-13,-0.9708081547071592,-0.24640426652685118,0.1343751293567289,-0.8578032695729003,-0.20951899323824066,-0.025424843766746582,-0.6363453016502971,1.320121147155141,-0.038509159705323405,0.4861010570143301,0.23290616070702974
2024-06-14,0.5629425034614248,-0.6867744793165673,0.05291641870650472,-0.8210123104061164,-0.27659363432243844,-0.12295909944096994,-1.0075245603306215,0.45889812532375013,-0.9674882766629878,-0.17664875478628023,-0.2600707506106269
2024-06-17,0.3983918700247544,1.4248945485358895,0.9637993290862562,0.23130542310236205,0.7824456983004378,-0.18171252114913505,1.0721852932401847,1.1991771485909335,0.6870298179207806,-0.6903048389758184,-1.163881241464873
2024-06-18,-0.8030284543904467,-0.4600290449006537,0.030505126062151843,0.49605344811496715,0.6242357461462034,0.13718684183510732,0.5302015748024179,0.5874786881161275,-0.12726901243833105,0.37916743572061046,0.003231728393426714
2024-06-20,0.4842148753910221,0.47448978052868074,-0.13417333436204046,1.8285678151087592,0.5596561963846238,0.3011494361513726,0.04963519512751278,-1.6417736819810351,0.06750319745178085,-0.25710752824371164,0.8754729448150894
2024-06-21,0.7192969343334507,1.0354458678161518,0.029015147992849395,-0.6996847357819024,-0.3056234377988925,0.2794550978181747,-0.13663084268260364,-0.8743468295717265,0.11927475001590447,0.248553196582461,-0.544036265205856
2024-06-24,0.08115454871145682,-0.7830994879583679,1.041582564210647,2.672899619830723,0.9606861700441973,0.5458410194039404,0.392965421739826,-2.125146683937534,0.5169378971609927,0.699880569945515,1.230085644839474
2024-06-25,1.8653179393015016,-0.20522404060776434,-0.7852505283797805,0.13949891516680388,-0.8131769766737357,-0.2654612404413185,-0.8599423155217358,1.707161565502803,-1.3236750080985389,-1.4222362539929223,-0.9840011370055242
2024-06-26,0.08894755029418772,2.011924833170003,0.06707528387084115,-0.8324151999009922,-0.4695900876302525,-0.3790333701632856,-0.24107872132571598,0.3722707055984732,-0.017699825204624268,-0.1495207954948364,-0.3987144729665674
2024-06-27,0.8012592198308223,0.9366165745243457,-0.43398488355897014,0.25655910723117087,-0.3269149943572033,-0.17185618731057753,0.02774071819912583,-0.05120322839561118,-0.3372420703708215,0.8936894511165709,0.13620446010863285
2024-06-28,-1.6584335240012993,-1.5414727573996605,-0.4627576244581829,0.44009067518661993,0.2868399793889535,-0.13927433977691112,0.06318615929285172,-0.4382808962378477,-0.05656764061630243,0.6487376825422831,-1.0925151696435418
2024-07-01,0.1429146842380504,0.8028661032764953,-0.6391390761805925,0.009263070933595798,0.1730096378659823,-0.5623176110660267,-1.0937964307123165,1.3024909504372686,-1.555548509467977,-1.026274259717006,-0.6970900239549883
2024-07-02,0.8712615401146709,1.8250216466369873,0.6266316818763291,-0.23470605679300313,1.1042632465829978,-0.40483983174918203,0.5290841995869509,0.5301089153040622,0.17787252157422714,0.4160749395262095,0.42875413602947304
2024-07-03,0.1502133674512754,0.31191185220384376,-0.08911025885712678,0.43847060322590103,-0.0860611280448471,-0.7277536331622033,0.37995958267504965,1.450440742937682,0.8115665355872028,-0.015150688591871962,0.6269857621142244
2024-07-05,2.765964920278673,0.8604162657668619,1.3079110220781593,-1.5095081268853516,-0.2251799855551755,0.721935687643203,-0.38091278418605484,0.47269167038170806,0.0751312375360278,0.2833256323011325,0.17717120519263624
2024-07-08,-1.049408980462938,-0.03293693711964613,-0.24275558908543876,-0.6302506400725034,-0.198261138051181,-0.09701940821162058,0.1290131559934602,0.7190493146781426,0.30026694188385705,0.17776467902086054,0.06953460877498008
2024-07-09,0.03846736491356811,0.3053427640204404,-0.2191038565184386,-0.9515175827777671,0.624280845897291,0.4377505632921078,-0.47752304429365866,0.0012186157477433283,-1.0131053558505914,0.055860032410551444,0.2773023513054028
2024-07-10,0.7064478164173162,0.6099815307382888,0.4564072433899877,0.7111257137535318,0.41730598573273014,0.9610019426793793,0.8782638799833828,1.5980716228411418,1.3098022385224999,0.7202267720974622,0.9447959649187837
2024-07-11,-2.684543413140464,-1.7208160318801662,-0.3762884670048537,1.042083561658408,0.8227190867722854,0.6971058633150592,1.2146438564879884,-2.764144477552748,1.4087597262976845,2.6295198648739984,1.8011987561413925
2024-07-12,-0.7709989291671626,0.9209184007922461,0.3350272891822238,0.21063673320157641,0.24282947541248137,0.5993562569716794,0.5180980897530748,0.9228136774967551,0.9445494275269155,0.696694764717294,0.7211418577928321
2024-07-15,0.35709026643769687,-0.31101058406795884,-0.5300753954150812,1.5529572632031143,1.3959479334642066,-0.44249401261073895,0.6565732406690721,0.401596661664762,-0.28644374385680466,0.4003898057379154,-2.4554344169060873
2024-07-16,-0.6922316444043692,1.4510451720314408,0.9012041829771511,0.34021859953859107,1.1681330811552846,1.37699334863604,2.4582052427789223,-0.39147517265439447,1.915941474370211,1.0371152142335582,0.7546396558238987
2024-07-17,-2.1809594066244045,-1.8903911008844623,1.4144311436760835,1.091429959079353,0.8127095604891308,0.3674712453683257,-1.2737786017194488,-3.8310349556237404,-0.20684111497804433,0.794463070869542,-0.028925305445326382
2024-07-18,-0.3106983462376122,-1.2993468883211134,-0.45837133973470967,0.330512129980798,-1.2682873212342294,-2.3981231571901245,-0.7448006475711283,-0.26341309881335545,-0.9876956161897945,-0.8366008058986912,-0.07125590798205175
2024-07-19,-0.15223070146024598,-0.8430344464799444,-0.3450370136791595,-1.2817934155452348,-1.0245195615993434,0.4923024297081497,-0.6088361938365732,-1.2629070525562738,-0.8781582741432091,-0.1109304419447403,0.11587100885206297
2024-07-22,1.165867650884851,0.884640382702011,-0.09975833168482416,-0.7198341238164847,0.6629966780167059,0.5764113936500783,1.0422591321553265,1.8862771493848671,0.3121732160945378,0.9901837989598693,0.8703225503393485
2024-07-23,-0.20215785804819583,0.03216830520615212,-0.2566545123444602,-1.5367349556784125,0.05554799207941864,0.016005147102080643,-0.3335442067840872,-0.09661965639125322,0.40097757124924077,-0.17534088840070533,-0.6524380181271727
2024-07-24,-3.9313772770979116,-4.156626185127669,0.014134670896231357,0.22140837917294506,-1.307089043471582,0.7482154941068628,-2.1149429287645223,-4.248068702584357,-1.3115866927873587,-1.40971237531297,1.07955565042258
2024-07-25,-1.9742840592201798,-0.4912901407187268,-0.08158043600839075,1.478918529633358,0.2798831318228522,-0.7171830340064322,0.6605106727962599,-1.1651168179167097,0.2938108137302283,-0.5791570914492956,-0.8921110869966672
2024-07-26,0.9213305917777648,1.1433316842130512,0.7896323320890941,0.36170943248551896,1.4642244911164823,0.41309458176278113,1.6054196962351326,1.0718668364440014,1.6556123653557242,1.6592857958893825,0.9746136912822382
2024-07-29,0.8750926358981583,1.4121755031585492,0.03911211505503806,-0.8670261889969606,-0.19753076989535698,0.08866473259189596,-0.14614689391834576,-0.3360412029864231,0.15491027456398823,0.6040152816431906,0.4508214242407032
2024-07-30,0.12243238235288217,-0.6374573775021111,-0.6525202980301438,1.5345594777595177,1.1426200077902473,0.01987154506777131,0.2715340108214097,-2.24294529668584,-0.42192403726082456,0.7445010680083051,0.5316008507933013
2024-07-31,1.3393032222770431,1.8007038906925164,-0.22911608238970263,0.3781589714761365,-0.15178141104280013,-0.3631516488377275,1.1013024233098874,3.7421075284649077,0.9258228621482363,-0.3179578095041636,1.1855828540624718
2024-08-01,0.9686427562679609,-2.3724852599934536,1.0747695015134462,-2.4982730750572184,-1.386913694189869,1.0204200503361143,-1.818345330804841,-3.4412050146331468,-0.3523720299772099,1.4609625902574945,1.7905098156708164
2024-08-02,-1.9222708714469898,-4.961235102254747,0.6199712709978922,-2.258908531533527,-2.4584189429697747,-0.2992245168093165,-2.1892283341785275,-2.0490828413407183,-1.8395475991700643,0.09369487355786914,0.10833494065294673
2024-08-05,-3.3636671376074037,-3.1919960256444457,-1.9938007371707476,-2.0129031251636715,-2.9797056277913105,-2.756894553038357,-1.7407619808499837,-3.886037746995888,-2.3360423005120396,-2.954647072404665,-2.7378759788193325
2024-08-06,1.1062895612452308,1.0379616561061302,0.47359171933587657,0.39514826619152676,1.4409889735306,0.4987278438133894,1.091404074673437,1.0527263870707042,0.5827898800952618,2.303089666337682,0.8043912041767408
2024-08-07,-0.28941093824023595,-1.5041995061713351,-0.05175040594838306,0.46084523850039616,0.05730781925141692,-1.1174194534741833,-0.519791636526976,-1.3952383469859961,-1.4154958914737676,-0.8421456802880326,0.5471678970954962
2024-08-08,2.394551057052046,2.1274891695722977,0.8053436935680403,2.06776976323373,1.608458104966771,2.2922568434837727,2.2062460658301033,3.2080039870726096,1.5556179397962198,0.9003195827698984,0.1452063220648252
2024-08-09,0.9945120212848931,0.4094202232571102,0.19870179212981193,0.2626072000834707,0.3527476416659487,0.5107234208839941,0.008800382540867263,0.6645205781032785,-0.08769734390861049,0.5033243035131563,0.26033760733434125
2024-08-12,-0.612884241162878,-0.37141154525325937,-0.39445932641987785,0.46409035563824985,-0.4815623163210969,-0.3970431326998311,-0.48477557504949975,0.8938811822930844,-0.45709361365816403,-0.6974082640855129,0.15815275077077082
2024-08-13,1.4424797497617516,2.3776799323439817,0.36471380161276534,-1.0240370483535157,0.8542942548883125,1.246539447222975,1.0272756742915836,2.9086787522670203,1.0466287433296277,0.693695510106275,0.5207403034745881
2024-08-14,-0.9324139634529984,-0.44694169839832565,0.4331478019680364,0.6541988266177623,1.2868982585726803,0.47884064705159435,0.40200179214472104,0.6037142590511342,-0.0030358182250696483,0.37297718338401054,-0.09712862404370917
2024-08-15,0.8163835819725982,3.4012485366474334,1.3817016038885777,0.8406333067109519,0.9166005615257939,0.5860601077663744,1.2839424526268501,2.4735261280501106,1.4610426712778142,-0.3322167508252817,-0.021784430795520046
2024-08-16,0.19200561555323448,0.12135289537698545,0.2119867522064043,-0.1407052388742344,0.5742024505808448,0.014564623854491534,-0.1732595590136131,0.25725044989272167,0.1126282622695087,-0.040707870088744554,0.3862262133147482
2024-08-19,1.4142205631001739,1.142155358660604,0.3201379617371053,0.3674735238110903,0.5786661771365427,0.616345361418498,0.5645045063135736,1.3837062529766162,0.5142851698538922,0.6673935750270544,0.5935734394418603
2024-08-20,-0.003545302348248309,-0.026696085281282794,0.5625348069206446,-2.7106271543290035,-0.33422460228947115,0.39512204368510956,-0.28937261691722704,-0.3081798403994181,-0.3601340101517133,0.03926547030430521,-0.24253908205237698
2024-08-21,0.14480851479144446,1.1300341025017637,0.6450505519207019,-0.004868579539940328,-0.1401893973216572,0.2268427363619333,0.6054423971121218,0.4519486398895344,1.1362054780003261,0.3607953943811062,0.7304507278161834
2024-08-22,-0.8841175282296118,-1.9753920919059693,-0.070533861939864,0.33236663077986,0.47126266810878675,-0.02013616169699094,-0.17274604852959088,-2.13936964057056,-0.25128228100700606,0.5705404423223442,-0.17066773080209527
2024-08-23,0.4947826587072082,1.6574397473208042,0.23495385835557775,1.472847274020424,0.903731903941951,0.5116286586475414,0.9664401666455562,1.6162071081743885,1.3380382360716874,1.9787743493552783,0.29739689190497964
2024-08-26,-0.02731141615869275,-0.85888806033562,0.6989803105045342,1.116728962198339,0.32757439919704695,-0.12009316517792569,-0.1172729324672922,-1.120059232806393,0.36696301192235414,-0.11415518158121386,0.6071837285546946
2024-08-27,-0.3975638089032734,-0.5235773914338001,0.21273665778766296,-0.9458068827219884,0.4880356479164823,0.10817125584113739,0.00912278252243339,0.6174226249933705,-0.052141899563415625,0.24258091148538166,-0.7449263462643033
2024-08-28,-0.8580084717992857,-1.088693389675812,-0.3727366390108151,-0.6754983643020582,0.27512539381954704,0.09435354965288263,-0.023722263697117725,-1.3034095062717235,-0.39428948246807655,-0.3600018783146714,-0.00644614362163018
2024-08-29,-0.24559549269193964,0.22192467257306725,-0.4491569764225637,1.2323680023625556,0.8563174648602969,0.18749838748490166,0.6716409894337612,-0.7424629534793294,0.5254667800463905,-0.3845008287152927,0.5643148161028377
2024-08-30,0.7556615961621815,1.9820459511517587,0.7674069884672029,0.2727883183583575,0.9420369380292083,0.7443969691281465,1.0974703091026785,1.0438018177641482,1.0234886463163182,0.9613822281640343,0.6070984618932771
2024-09-03,-2.2944326867508633,-1.4039775655026225,0.6989408264015439,-2.4287345164171605,-0.7366618273525155,-0.23856805301452988,-2.269416619063574,-4.535642715114668,-2.33169286149263,0.21132871167876752,-0.183649511944812
2024-09-04,-0.41675233625315977,-0.07067724089580647,0.43095083107775406,-1.4032731756590446,0.1054234307928188,-0.16414545174988254,0.12241722418765576,-0.4048367213265295,-0.479871378980724,0.2153330016224398,0.857601361670091
2024-09-05,0.4901247267826656,1.4785499688152084,-0.41855628283023216,-0.7501202926559892,-1.0579522391184428,-1.437723241271053,-1.189215792243556,0.05853116635702455,-0.8172662291232297,-0.3773547560238459,-0.26810298936177707
2024-09-06,-2.997551545198425,-3.0045225661379034,-0.32134310379100783,-1.1655049452156097,-1.5495498208518719,-0.42905937270433303,-1.1019531540714256,-2.4457435420250495,-1.299389423957368,0.011241947670797642,-0.9591946941494446
2024-09-09,0.055016446382797235,1.6397011698666182,0.8389715206321059,0.7558879920647811,1.3696808845070105,0.7243328380907758,1.545364503263483,1.3632805855375631,1.0057378047984715,1.1179958560321948,0.9557650168645754
2024-09-10,0.04784945679734249,1.4210420942228041,0.13560156801419154,-1.95656657657499,-0.9140733054012157,0.43212891732227027,0.1573299470241229,1.3123918728162793,0.07786291598455582,1.7321432942001327,0.4213374698797595
2024-09-11,1.1208830576075377,1.355320719470562,-0.8186950050309006,-0.9649203256695605,-0.38563401266804226,-0.20993245985248704,0.18017329446723468,3.1279904984337445,0.24094094597822946,-0.23265229151269304,0.3262842659534707
2024-09-12,2.06240810910403,1.136289043016602,0.5944433164798355,0.9540390731936065,0.12805818610134453,0.3175048071642716,0.6899030332398167,0.835533188027744,0.8930687093682766,0.12810379393388915,0.16257757161638703
2024-09-13,0.9833896819997051,0.45666571776649273,0.6646017298625047,0.4240097834085188,0.3686467912736964,0.1711639527138979,0.9232844057953257,0.40980078378519774,0.855054799471823,0.5763604450749491,1.3883775019317706
2024-09-16,0.9081171681822371,-0.3597004209886495,0.2655249975736838,1.2084547580060943,1.2078173048414618,0.581162851705223,0.511963205748784,-0.9265816108992443,0.8952084309931452,0.2363935109897861,0.7362673714730661
2024-09-17,0.3895165895226179,0.6457965980375214,-1.0551204171749893,1.4041635336638731,0.5090061433060924,-1.0413385022187107,0.4873211665193609,-0.1220121128602195,0.12402156135034983,-0.818946988603597,-0.0918808969563066
2024-09-18,-0.031005218316355516,-0.18931515974669255,-0.32839025797867005,0.21464114972313758,-0.2822042456848642,-0.16570212705067255,-0.11378946785277173,-0.5091892789315506,-0.4086497116646498,-0.2835561160460916,-0.777253544629557
2024-09-19,1.8862951656126024,2.2322746536382487,-0.6583919925522586,1.1868151465523393,1.1190590774959552,0.35806443072970934,1.67921933530994,3.0257932293257044,1.508128939185038,-0.19760901773132075,-0.5758788948349066
2024-09-20,0.4659872659536163,0.006668367771197091,0.46901281723534083,-0.3571176060846696,-0.3016661187144061,-0.3281838938353618,-0.7206621693874816,-0.47892590282760655,-0.6817326725031033,-0.16587476178108373,2.5264200651611035
2024-09-23,-0.14978819808998062,1.3089871716187111,0.6674269271034127,1.343339106103562,0.08748336735782809,-0.25739945434572153,0.6709758821186784,-0.11123916146626608,0.8527850482144029,1.0974262678022078,0.9494611406267544
2024-09-24,0.32290529775704035,0.7646680922367166,-0.2960001230816352,-0.27426726301821563,-0.9370472652302652,-0.22308531721940034,0.7121732841542566,0.7777358250935281,1.2383897672658608,-0.06787311624189298,-0.7635364051420716
2024-09-25,-0.024347752366065338,-0.3680409286481558,0.02778822806953976,-1.9072649910442228,-0.6296226815219068,-0.9231028368581956,-0.4478347558274122,0.48090433998022075,-0.5731206168723577,-0.42908522443059477,0.5280199139877126
2024-09-26,0.3385807934131278,0.11003826710200536,-0.16860199252688834,-2.109569349356487,0.535331337544438,0.2829326980417525,0.49844459270318725,0.8728586874215474,1.8458904544435903,-1.0460261186512554,-0.7276401615853267
2024-09-27,0.47722781046483814,-0.08206447401832061,-0.02508288992308194,2.057095073809512,0.3673912243032449,-0.11823957964843568,0.1325187689745589,-0.9694927807969641,-0.24908728339474398,0.18849539339114837,0.9995819837553583
2024-09-30,0.815317343620686,-0.312378611741469,0.18084150605041807,0.8159654420698107,0.28577651951838207,0.6129550711960465,0.458028730897513,0.5663829174357187,-0.5981530296133292,0.7357948337557899,0.41608470737352504
2024-10-01,0.4133533783331745,-0.5271175922996083,-0.1968416228004317,2.21550595615022,-0.5157937612124068,-0.5146046357939058,-0.048242093347383545,-2.693457396507732,-0.29100455900427263,-0.6381607104596148,0.794678252043985
2024-10-02,-0.4273561328960656,-0.8400852881592875,-0.8155018278064488,1.116240815660711,0.09675712280295626,-0.20305824316987883,-0.20499938968929413,0.580062457746215,-0.35224627812274917,-0.39393147048628335,0.05022801734258072
2024-10-03,0.28084561045218165,-1.3261316874973426,-0.7945428306166525,1.611420447061847,-0.45721521310814234,-0.9219875797340014,-0.5074984403668577,0.5867140294828065,-1.1635832285567684,-0.9634261487020019,-0.05876948894080894
2024-10-04,1.162146697682753,1.674342033766566,0.2592201886120167,1.1053592187943033,1.5762904038635206,0.07702551577879393,0.6009316233462982,1.008529419494676,0.4068701315660251,-0.6183056738358599,-0.16766224123344078
2024-10-07,-1.960421705501282,-1.9977820060595075,-1.231324873377061,0.39393553210961285,-1.2965606647641945,-0.48655159630970946,-0.31234572372347563,-0.6949149564382022,-0.16142440516823886,-0.7364809794864818,-2.3372942710214706
2024-10-08,1.0854254297376384,1.020467820015063,0.6499862445227843,-2.6898633899290103,0.5440543780361069,0.5465493366661724,0.21003852624558536,2.0942059587273705,-0.3249704201061909,0.26442766897128084,0.050315154312156565
2024-10-09,-0.5580901858852486,0.7208320792201168,0.7672907176298431,0.4881704826953781,0.8445973302101796,1.0166906801758093,0.9087215442498655,1.0276971909220067,0.6169774344445452,0.03741180935398414,-0.9003121041625136
2024-10-10,-0.5779704917196322,-0.23752876594362043,-0.5480710924141203,0.7923898739372356,-0.3195826612612871,-0.370111036501582,-0.5420045974576087,0.06145791639617202,0.1783498968015061,-0.8700686394824435,-0.31282810658439175
2024-10-11,0.6805245941808125,-0.5451630507362698,0.5287410291419166,0.49727643240101055,1.9049421431583031,0.7673462901142419,1.7275173946521256,-0.028103057564106124,0.6915233830555516,1.0529994406734338,0.8825269275921016
2024-10-14,0.5501385941455718,0.19841537472275736,0.41103310639398144,-0.10178122218476506,0.560303923195604,0.48928657572134215,0.561009571802456,1.320364289335307,0.5288162794047689,0.6731440798555357,1.2883369012736021
2024-10-15,-0.037599681841900635,0.18742156506411906,0.6853616966323265,-3.1404629689936487,0.27190060707588554,-1.2725947459793931,-0.7585091679025366,-1.8403817608311563,0.03842916048781228,1.194374963419505,0.44294612286124463
2024-10-16,-0.3797570587624127,0.3116054210260438,-0.24455868189023283,0.45884975930775673,1.2443644960366758,0.2751174109305826,0.7556479748334426,0.34722662432557705,0.8186282965103742,0.9840201893441646,1.9909160383927875
2024-10-17,-0.6549426408725245,0.0025367372078264534,-0.39971984049638065,0.3981638577938341,0.35768636428608497,-0.587275640647561,-0.2536371267980145,0.41935727164258646,0.105025652734763,-0.6661481687827605,-0.944613073689438
2024-10-18,0.7915971283892146,0.45559886366490226,0.21229466695541452,-0.3443044076817793,0.04300766191231424,0.4643991102990538,0.25051222787355204,0.4522538716429122,0.48824574521876984,0.7111567891069456,0.5503673474879393
2024-10-21,-0.08293291784717353,-0.6234851250636423,-0.8156953517869058,-0.22665290668502874,-0.8775826429576362,-1.2032784730393782,-0.3567278349650031,0.8864122064638099,-0.8400438408166729,-2.113759477541123,-0.3566473517339034
2024-10-22,0.3676463771916202,-0.2702353387677059,0.9273144828655709,0.2425583256418426,-0.15167397150657694,-0.17544449448750368,-1.2038781707871289,0.13565695077540557,-0.9408865116047691,0.15366040526743968,-0.3903565940420157
2024-10-23,-1.4053288045805488,-1.8856881241062327,0.013728767576299167,-0.5160791885978095,-0.14591538642725202,-0.47083463563584554,-0.30826624673137004,-1.69863076355699,-0.34561051514202973,0.9595308962216806,1.0008154661111073
2024-10-24,0.3963079505135628,3.113983315062118,-0.24949346327065886,-0.2144219514019848,0.10007944416860586,-0.7328828116309105,-0.7129474891192861,0.21587833484821883,-1.5166207069736162,0.20506077482488205,-0.705963937218996
2024-10-25,0.6498587850264297,0.535344583230963,-0.7557039086425502,0.09849358620415279,-1.0948775543370861,-0.5858822346586019,-0.274441479791588,0.5725684570839438,-0.6326320865004884,-0.7780660184903505,-1.4720798268337445
2024-10-28,0.7212835264293604,0.08487999997154892,0.12261529670019794,-0.68962245529266,1.1063764475518636,0.12203708487079555,0.2570792546672379,-0.08562360393842941,0.7951738679131725,0.27432043480020574,0.7792728763199296
2024-10-29,1.5346817382594216,-0.16790229615868138,-1.0309438420237178,-1.4618669142524414,-0.598986930781488,-0.2591881994276571,-0.11457912744476943,1.0883746763877633,-0.6785127889947135,-0.9427005391841401,-2.155994746806648
2024-10-30,0.9110936410017274,0.020412496507086698,-0.29588692432612196,0.027234368220240453,0.422930281127317,-0.36469751450936033,-0.2418801990432656,-1.3373268208549807,0.35638415112894695,0.37441374317792203,-0.23729434376447853
2024-10-31,-1.7347067527954232,-1.9286468125001228,-0.1886457604477067,0.5976453948679643,-1.2342677274242768,-0.865481082012564,-1.1869332621591386,-3.650013029464701,-1.5941103626652426,-1.8029046200239662,0.9967664482007503
2024-11-01,-0.0068099174727637235,2.3826108928682497,-0.050229340485582495,-0.7419271906613605,0.10541611223301664,0.5303294420535647,0.13193344720809438,0.6235227388665247,-0.18791191642663374,-1.0552759285579179,-2.280747041917716
2024-11-04,-0.9191324406403344,-0.6670353584871636,0.2893953874682992,1.8806493746383057,-0.7244680570017699,-0.7048315998497321,-0.14876994336035385,-0.12596950502891222,0.5063037516029755,1.1470054024884173,-1.274176802746281
2024-11-05,0.9732716876059914,1.8146708326234233,0.7431451932457623,0.513210583296248,0.9733197523923582,0.752852838787305,1.6174038689654882,1.44973471287331,0.013774990488626225,1.3184668245419282,1.4538661359033358
2024-11-06,2.342784002281236,3.609543933719211,-1.4970576091206562,3.4672861294981,5.803017259767424,-0.013552844900187872,3.7254045154196054,2.5191847483299883,1.1953393622190456,-2.6413573646939494,-1.0122741347293274
2024-11-07,1.9171455528963877,1.3982290403733584,0.36080694526439966,-0.3830967064141945,-1.5983634105264555,0.6684413876139762,-0.5680306278199481,1.808719665432065,0.40909093843538397,1.1661909436216973,0.1287908124474968
2024-11-08,-0.6208221039246603,1.1644115854325814,1.3462537828193883,0.44437660663240597,0.7800538772922776,0.7531415815769368,0.9506345130547719,-0.33287344459485657,-0.8446216547221483,1.6147191475028444,1.7595509301462715
2024-11-11,0.4407656429097605,1.742764018799002,-0.5493759605361217,0.357631888408089,1.4035428533897905,-0.6483755152356053,0.7652495254705727,-0.8820933463235788,-0.5167075533878978,-0.7601767598419614,0.308140743418913
2024-11-12,0.4905345822200373,-1.180396330236917,0.17051077950960117,-0.4435954615893767,-0.3347039529064669,-1.366705357526748,-0.8902358825110581,0.42731351588050226,-1.5910953835336266,-1.3012770114477517,-1.1241199287448496
2024-11-13,-0.5820031616931444,1.1552697120197777,0.2974741122507732,0.8126675115654978,0.06588766878528196,-0.3183283876115828,0.21329661436520023,-0.3211731877425624,0.15982982836298337,0.7139980830008729,-0.23867077961777727
2024-11-14,-0.7820581334721641,-1.6443548670974,-0.3144992334312405,0.11328138650185444,-0.254065674059862,-1.5966234778063384,-1.7302047014624762,0.009832717034058953,-0.716895028832768,-0.9087674351412227,-0.3964954460439377
2024-11-15,-1.8944566964482266,-1.4167033211715816,-0.8660911293912861,-0.39576935231164717,0.5111782224625837,-2.01031754439994,-0.5945424089697625,-2.5108307900370965,-0.7788758199708407,0.15996881815718172,1.4417317070090434
2024-11-18,0.9962053998837103,0.860958565284667,0.5635343244808033,1.0508150016404534,0.23031847724801552,-0.08231303862975875,-0.17603940436193463,0.21380628795522783,0.7341581380887451,0.8566852152670736,0.7090262913058143
2024-11-19,0.9775325157059249,0.4817018858337923,0.6006737712594318,-0.6940653376611156,-0.6114531163784312,-0.47275855559093777,-0.07970782116418702,1.1964898940912565,-0.28699834200382146,0.4488752089185363,0.6393006586162011
2024-11-20,0.05919470405261464,-0.5799497042666315,-0.13183911902455336,0.9751348270604867,-0.2852432615351906,1.200304647550799,0.10131255354599843,-0.22547272449648878,0.6948380025983504,-0.19441218636868698,0.07850876395544003
2024-11-21,-1.8724250515955931,-0.3933339770482136,1.2448637869584156,0.8347578101357505,1.2944779626539873,0.791135563082086,1.2010861089048201,0.5730315873776792,1.1977099155068267,0.6422338899991502,1.7052750081099237
2024-11-22,-0.7240240801710954,1.1584814391072524,1.1383638029360763,0.1220128007392035,1.0813919863465835,0.057012595229474196,1.3368683789772469,-0.21359275105548908,0.5488608199219445,0.8211447365312267,-0.652845087619634
2024-11-25,0.8173231527364541,0.8854269690045031,0.24944337002970018,-2.022485142139391,0.5445089110562997,0.8803303705448611,0.6362111843699964,-0.4011870440164012,0.9274423961442887,1.2578653081815219,0.18693208657816607
2024-11-26,0.8976320253824872,0.9134583606172656,0.748163473619844,-0.22487205684391065,0.19224874137078699,0.49810401406149146,0.13497266300440422,0.790727322924496,-0.688333334727512,0.5344202497647603,1.5163209653205743
2024-11-27,-0.01522413957272724,-0.7250918581011957,0.12423819574228538,-0.07791201392168269,0.24862792264284353,0.4498253738435533,-0.35021526220011306,-1.2867525688589854,-0.09450993425651263,0.6390625161137854,-0.023529278998369
2024-11-29,0.34071944295452367,1.1521887855621098,0.4252625222012097,0.3354956719728179,0.040858140765414615,0.27159177449943095,0.41285189009174217,0.9966202585354725,0.5196460584900984,-0.5170330893076733,-0.05848824437024274
2024-12-02,1.4255934920282474,1.1189858056544546,-0.06573438413493088,-0.8954946196185763,-0.9129479245366033,-0.12121681418689977,-0.6891251112546867,0.9693887111018257,-0.22252461205065446,-1.4483267243900337,-2.1297867881401866
2024-12-03,1.0743174836437472,0.1161035253974731,-0.3303813852402443,-0.046629346887083346,-0.7649275330313674,-0.15855262119071217,-0.6636768382185898,0.5583365817245838,-0.320168311244146,-0.6342508710943561,-0.8676901015069807
2024-12-04,0.6104359083136255,1.2310536423157998,-0.07473861931238081,-2.551268818494271,-0.3909455449563758,-0.05875536589769459,0.42806478746866145,1.7368347665608397,-0.917741937143063,-0.2918898596576404,-0.00465552665762539
2024-12-05,-0.5166379806691607,0.9699612037056288,0.47751912552689196,0.32636391073878096,0.20398298016463362,-1.1505454588785056,-1.2169259868958338,-0.19559197756497826,-1.416099902981701,-0.27935275913504376,0.2447552781929906
2024-12-06,1.347635523622093,2.4125176592137514,-0.36850167325057104,-1.580823843063921,0.03218063589618155,-0.5322519148106759,-0.25916231220154484,0.16887363370937408,-0.30988873841115216,-0.024265895668355988,-1.1971257966439883
2024-12-09,-1.4571421524374917,-0.33848113726312745,-0.5882448153628621,-0.21290323398024535,-1.4297895253933204,0.15006356612539332,-0.9532300599596231,-0.48209523389512193,-0.21042428143463657,0.053194972526883426,-1.3136564294423358
2024-12-10,2.6814914560859147,0.17132977460671023,0.4745320093230083,-0.6821549127001937,-0.058635703638992356,-0.48197754444078095,-0.21381119039514276,-1.3701987906705269,-0.9201394665024999,-1.653048382205454,-0.8289174995981423
2024-12-11,3.0563198800388283,2.074751662286869,-0.5407014538802358,-0.015455982400234736,0.2959703266732965,-1.3096442977417353,-0.2245512054620968,1.4586904820942985,-0.39206701445521513,-0.28277224479303603,-0.5835586721592746
2024-12-12,-0.8198000160973158,-0.8578725336111513,0.09359075705207466,-0.6928581900652396,-0.3957930793265046,-0.860903653333319,-0.679032287621669,-0.49980649331171556,-0.6992527192981575,-0.08033510375896746,-0.10497522980653011
2024-12-13,-1.1201175475731877,0.4339804431561123,-0.18974350413273108,-0.6139013329055416,-0.2931524160255848,0.01964052746432172,-0.2702650291388183,0.38257717475952907,-0.7877063711524254,-0.5606869417681526,0.07167977532366678
2024-12-16,1.3111561108878689,1.8113331541765307,-0.2953957653410228,-2.1870448158047533,-0.04254101797006354,-1.26502163999718,0.06913128468287556,0.9239243145393523,-0.9763818303244025,-0.5897279210136743,-0.8317137268679397
2024-12-17,-0.7155180397023324,0.32692195914881533,-0.047852728247258385,-0.7367386044366304,-0.7004206443770415,-0.07663879123000447,-0.9163364349250895,-0.4354451644619828,-0.5085858435589923,-0.5539971120395142,-0.3871153455586405
2024-12-18,-3.183678178519635,-4.971570207496293,-1.5300629248273734,-2.6375992280329608,-3.122589311177405,-1.439487481038901,-2.8244895132465566,-3.0612357724246158,-2.9376243432462505,-4.083725847141827,-2.422940715794135
2024-12-19,-0.08125547760222443,0.08871565074565697,-0.6876245433329322,-1.000339248692091,0.382595099206776,-0.757725429549629,-0.15898489923935713,0.19599034098891127,-1.0982372617488072,-1.7022574346034858,0.47404803417414115
2024-12-20,0.4119366617150216,0.06637039127873923,-0.027211681635980946,0.9390632892605076,1.3632188820103515,1.2121945544401977,1.0990323955684822,1.5217507207852516,1.254409883236434,1.7921143598443188,1.5112504617977123
2024-12-23,1.401357049145264,0.431042878737263,-0.7304777186314395,0.5906391602396537,0.2896111896111439,1.0584725988300814,-0.04942058337372679,1.237673690116608,-0.1007740647983447,0.4969815346751528,0.38972341702895047
2024-12-24,0.9882909522656742,2.6155684002931228,0.9836580377640353,0.687500726170986,1.211076999197324,0.40141879288264143,0.7948426904285846,1.0247824351865416,0.607856890817408,0.7245439797289333,0.5538979257866452
2024-12-26,-0.35223031090316315,-0.6751872753697666,0.022010727227405075,-0.09475810320416342,0.21046116508922375,0.14886230855049978,0.059752899142313125,0.0779125240532993,-0.19067575854396646,0.14246162659882602,-0.2723796864437092
2024-12-27,-1.0514431994619746,-1.9849578675550419,-0.6477009629044552,-0.008606240358085812,-0.8173610712399553,-0.5265216991609559,-0.8043058762071548,-1.5171848485442943,-0.5672298414012197,-1.0071109854220146,-0.2933439965789331
2024-12-30,-1.0196574866526502,-1.6317618324723249,-1.2058469959559603,-0.12867722960145878,-0.9475438989172484,-1.2259872876571087,-0.9732728663345608,-1.1060959269313702,-1.3650722370308186,-0.45769137572699214,-0.38749622773759507
2024-12-31,-0.7148712879023408,-1.0325042109076574,0.10165417342420523,1.3404917034970019,0.07253823732761541,0.22816896680748086,-0.1293932528497593,-1.0415467371300153,0.3544081288230033,0.7769072699030335,-0.1224614262245101
2025-01-02,0.6320232118728765,-1.37550187392632,-0.42661049167744647,1.0273701650529026,-0.21228157607296683,0.023800628145426408,-0.4009591873396108,-0.2121026248493744,-1.1690632689577065,-1.0086059912992305,0.6952399911646522
2025-01-03,0.7897378210468753,2.447487874642439,0.15292475904443065,0.9264066337362419,0.7990173283740386,0.9657173070375982,1.0705325907931156,1.6016771944523853,0.06305116566622856,1.3617264445614556,1.0719261897212327
2025-01-06,2.0852732046171907,0.6183795928375371,-0.8263412383909554,-0.4133044757565426,-0.449616997038575,-0.05573207015463786,-0.255568699335715,1.4055609546449466,0.647098182650963,-1.422337384948919,-1.1188093277072835
2025-01-07,-1.0640799196355704,-2.289714675107177,-0.34359728861012867,1.0572468440478242,-0.20819426458528556,0.6029420198826166,-0.07675506928687034,-2.4761699818278933,-0.021514385106084513,-0.7242790305408152,-0.2950359827033626
2025-01-08,-0.7214516140153823,0.22258092156667217,0.5210037786799661,-0.1592009723085067,0.3315017320215349,0.5387011870561018,0.4237700356702167,0.08526273457757715,0.5192217739199673,0.41579110978573847,-0.041034980162962156
2025-01-10,-0.9450864510860023,-0.9874890536968418,-1.0320176059167876,0.3118099348028366,-2.5153906137720874,-0.5636445165901788,-1.1328268051553434,-2.2983279235913487,-0.9604997533045915,-2.5156947812208093,-0.8204880808482621
2025-01-13,-0.49429096317301746,0.47580313301567095,-0.20692615898809955,2.2008063048189803,0.6324393448902973,1.2199726831087017,1.1567989257669753,-0.8883103082240124,2.1769237791051284,1.2308152111663186,-1.2508889934922638
2025-01-14,-0.9857762425890361,-0.3722712679305666,-0.10296331907370528,0.9091205894901343,1.2762016207132971,-1.0690927374818828,1.1141744230298025,-0.08795340286036256,1.2217385020754137,0.8585995766592397,1.277412298258977
2025-01-15,2.6145722159652607,3.009818781964149,-0.054081583285585044,1.381970671548874,2.499024089590014,0.23691913781369556,0.6600620042504897,2.18161081141283,0.8928816786164038,0.4200302071267934,1.4316442743297353
2025-01-16,-0.9434380897094689,-0.986615380883007,0.498341895788582,0.5848595406822144,0.6292496210656311,0.41858789183217204,1.1855582341142563,-1.2903296902002757,0.8190409880279251,2.2042924496992287,2.5390473404099527
2025-01-17,1.099092947994748,1.7455955470669615,0.8232066802840068,0.7945127230293983,0.8224524412937619,-0.7399642530301952,0.5420604154489708,1.6230918571874193,0.6685429174779142,-0.05063795964517326,0.09156424134321385
2025-01-21,0.8897740044717167,0.9747333288143742,0.5794991964292764,-0.6374551705167456,0.8106188496180771,1.654069008266209,1.9944996739989087,0.4412713181441091,1.2549736625570846,1.7963517146749173,1.5195454679862086
2025-01-22,1.003380998288343,-0.06540747591030915,-0.2526628378402979,-1.740934123200925,-0.44930483571345986,-0.23466768537190327,-0.1972401415585665,2.507042150133693,-0.7795242596650204,-1.7755443774422033,-2.2224803714991195
2025-01-23,0.85630794115031,0.359106264957463,0.4097430490807025,0.4326388443832275,0.6114124714369794,1.3410680991078068,0.9094399842823941,0.12385850176369616,0.49150069901755195,0.8163518149088012,0.45069519904647004
2025-01-24,1.1181480529895298,-0.572934909365708,0.4418069189801336,-1.0201793894833855,0.2177130923773481,0.14017379117926057,-0.4360278814481909,-1.1079276648383443,-0.21057611927752218,0.3012396128480251,1.0452214873911467
2025-01-27,-0.928978463263164,0.22357838577615743,2.821243626071309,-0.85048344090051,1.0876057797482217,2.177474924756785,-1.4148921893945607,-6.313845531347271,0.118785752940028,0.8967682636699221,-2.8666264840439677
2025-01-28,1.308349923993141,0.37081911870131273,-1.3820718083151684,-1.0605792163004988,-0.17579115965787187,-0.6668615417218731,-0.704500884394371,3.4978881067020597,-0.33588125396585233,-1.2712323784889257,-1.4316620529654214
2025-01-29,0.43760565406075574,-0.5287809698415972,0.24598151410817495,0.16088619825291536,-0.03268164866746723,-0.6205079803104769,-0.41108574393376085,-1.1115744493255504,-0.24568270304588408,-1.1861029646065497,0.1707303342792274
2025-01-30,1.1578792217631222,0.6128523231933078,1.1030433431929474,0.52198731977393,0.8914949573958266,1.1495014605578657,1.0374857302397054,-0.5466780457762731,1.001339924230559,1.3382571938942407,2.070723316965888
2025-01-31,0.7344151616241177,0.10929728177116473,-0.6954504342104217,-2.7747810952821377,-0.6256445074063576,-0.3953461877194606,-0.7144427844448468,-0.798461451427709,-0.7894900909849372,-0.2278470550325234,-0.634097075618602
2025-02-03,-0.02645709779825397,-1.4260874952091334,0.7225977633693351,0.40840661903412534,-0.4498617846940312,0.36342905094816547,-1.034877731197038,-1.8228922246684718,0.07010946829812756,-0.2160842623279157,0.45651786325814414
2025-02-04,1.4766692957783838,1.4451755328253186,-0.42359247497153635,2.1344727323266106,-0.3440056889383316,-0.2546729432355446,0.057092797738089354,1.433703094833556,0.24024078582614997,0.007155300850371086,-0.8890889589537899
2025-02-05,-3.011514492270355,-1.694393440981621,0.9279657151185274,0.09839066448395921,1.0954040549831314,1.011201883577378,0.1044891782277101,1.556245659108095,-0.08754522958232598,1.5971596753799857,1.025146215760164
2025-02-06,0.5710601794474592,0.42256788932731837,0.7736279861227114,-1.6935474793489942,0.7832785708415443,-0.8794081420922844,0.3987062651065767,0.6447920341128175,0.31823574690374273,0.3447127027173767,-0.06520003348376942
2025-02-07,-1.2680671490938467,-2.669548837134659,-0.5263741305564615,-0.05603758120096131,-0.6225729424856873,-0.4961152781813522,-0.35708286821390506,-0.9916869083618879,-1.1823525357235398,-0.408520984862282,-0.30664941070793955
2025-02-10,0.6518802129292841,0.4298540252904378,0.9003623692815536,2.1121398984847977,-0.7794871485812483,-0.10189892456139456,0.8820593639080854,1.468548559386272,0.47541628731862534,0.1776319178228717,1.0489577654056568
2025-02-11,-0.1074235803414136,-1.346289252790092,0.8037580653439145,0.7323516398508498,0.19461239104257222,-0.22595124700684274,0.07954819792933662,0.13750446733997693,0.3660356213337245,0.580507929921268,0.4878130086612848
2025-02-12,-0.011700017925760307,-0.28938745681347194,0.3059881740199283,-2.740536354899066,-0.43964225007040136,-0.13486815195850835,-0.5781247675419889,-0.0953165916089808,-0.7380684136432237,-0.9151582660388157,-0.1484167493792106
2025-02-13,1.1646588636930713,1.6069224667578526,1.0004059775076721,0.760294884060068,0.7158497388942838,0.35043107832164694,0.10552174440562294,1.4903685990684994,1.64141403400041,0.8245107296504585,0.13632185696433066
2025-02-14,0.4549419804293352,-0.23200648358131423,-1.163795826079764,0.1294021133324791,0.13870844854396921,-1.1754821017411323,-0.2848241971747238,0.582401790008751,-0.31209748977861695,-0.45799518607688483,-0.5215826370758336
2025-02-18,-1.39659829307877,-0.5099752771834305,0.08241659870188005,1.3464353025309244,0.751795789493522,-0.24946874747787443,0.7606334925389924,0.6016245868716283,1.1969013669970827,0.41229331550490156,0.9273800273586287
2025-02-19,-0.02578495524096238,0.07191176427059455,0.7377169781341538,0.6968618027444197,-0.06599839614822103,1.2373762283096472,0.04129528908882654,0.10581857891875358,-1.134383286627543,0.15356487680851974,0.4440809565161151
2025-02-20,-0.6724652522752048,-1.1618425145716935,-1.6220333849032993,0.968672178275185,-1.5626094052623027,0.5362102012472227,-0.6589576918004115,-0.12385578305567568,-0.2959476129605672,0.6762535878143461,0.006173612358048963
2025-02-21,-1.790760678108296,-2.8882147026598703,0.6649080270870561,-2.0054952664488965,-1.2224034284658731,-0.49982691158922127,-2.2181439425138914,-2.531911524979211,-1.83358450993067,-0.8418920961587698,-0.0634666106893627
2025-02-24,-0.6443781853801802,-0.9243170576773443,-0.038916937779482574,0.07454654232527898,0.46615438013903443,0.7490727506026984,-0.43854386033739884,-1.4492645174703978,-0.1888772124517183,0.33679666595321495,-0.5268475843269119
2025-02-25,-1.520580724607045,-1.0455335658752258,1.9096542266856762,-1.4853324809352142,-0.06581981997401616,0.8727556373048657,0.5313398292626951,-1.3926498726851235,0.8205705256164911,1.0948811382733823,-0.6049047348918659
2025-02-26,-0.0098210990244661,-0.42479262790136235,-1.8661142114708975,-0.4378336669166763,-0.2040515784239557,-0.6625547004894903,0.009249822230935885,0.8851144279765026,-0.05696099060930551,-0.5716364439058614,0.34461598998767856
2025-02-27,-1.817004042784497,-1.88168080160579,0.07509324900177844,0.5018622603612217,0.5549859656097013,-0.44044398889535213,-0.3697180485486645,-3.9412874537113813,-0.7005268436484564,0.37975668802839924,-2.322740185883732
2025-02-28,1.3694471559075783,1.7904796355450467,1.3896182353994118,1.5224833455464255,2.078676730207021,1.1865727923644516,1.331545395826264,1.655892487474044,0.8516392452034874,0.7921962117692255,1.3895448563813795
2025-03-03,-1.3163377727395602,-2.375070164672117,0.449768976779349,-3.6354397687151243,-0.8702863918624053,0.3561409504617486,-1.4430482763555528,-3.631042949603873,-2.0659705394181214,0.7710980438980737,0.15727732119288226
2025-03-04,-0.4857533220800718,-1.7125059037475885,-1.9239916968569901,-0.8760316187508149,-3.6447586975282418,-0.9510194774582729,-1.9627274809792505,-0.03615622413230634,-1.3927232330265853,-1.2202847204259886,-1.7341600570229774
2025-03-05,1.4147473039363432,1.7532317572144505,0.5280269335738158,-1.5382842751666785,0.6185849719793222,1.0255696589143388,1.5568211952393107,1.3952830839147845,2.5744218431293917,0.9846855351786218,-0.6875562459549212
2025-03-06,-2.182050378819817,-3.105285777315188,-0.22766932772891532,0.43408199245334,-1.7073288464635539,-0.3262064040909904,-0.9026181238876673,-2.803085663034197,-0.5388081702279188,-2.8583253312678134,-2.1112674866698318
2025-03-07,0.4507439315523854,-0.33720898368188806,-0.8700727138175907,1.5877132138983485,-0.5740216089052859,-0.08848173121352851,1.172336161117801,1.4162045553958607,0.2881292443970819,0.5660228726359343,1.8105836215085944
2025-03-10,-3.6120973826565623,-4.278271795893061,-1.0562234646301456,0.8738690792447821,-2.322457262264466,-1.1962302039772874,-1.6142424484991802,-4.451249901043978,-2.1717938284124836,-1.0669663947361938,1.0057002314961914
2025-03-11,-0.7890890415775474,-0.19262318956639327,-1.1489488294854244,-0.9331693577667326,-0.8356446396491383,-1.1437228535053208,-1.5919239174419344,-0.42687191744859954,-0.8632737587458145,-1.0369653146198352,-0.9460985261339558
2025-03-12,1.4284866821066624,1.0775817572594144,-2.144378199060781,0.43586530205264495,0.20402901665849865,-1.0217844942856187,-0.05981737753503941,1.5573405697092535,-0.455037654855989,-0.3599879650266927,-0.3940553179293384
2025-03-13,-2.7174883901817495,-2.621178022000304,-0.7199559553513536,-0.6592833372264356,-0.5659550763921273,-0.5472377208135344,-1.0375083576277855,-1.8359059641148008,-0.1556356684509767,-2.073814791885113,0.2657018352201564
2025-03-14,1.9101825197170437,2.131767641182759,0.3470036664801629,2.7561841225357884,2.274003777786321,0.7720037592783112,1.7871926735870614,2.9700513227314236,1.2323910791919352,1.8092734892100368,1.8696216980154428
2025-03-17,0.0660282575716378,-0.5356720911613447,1.6488597478995985,1.5457089453737423,1.2546494883362163,1.1310564163638763,1.3115679691584694,0.22192148701905454,1.1254974034098826,1.6701871346506294,0.3932886118330227
2025-03-18,-2.146856159756571,-1.9797488212779986,-1.3846265123582358,0.18292121567401942,-0.17226197556107434,0.1069909657951343,-0.7761751395027827,-1.6835872507394154,-0.07961885108800905,-0.6610863323209597,-0.6612589126763836
2025-03-19,1.1857544496263406,1.8994353226989225,0.17498067083004656,1.559771708684039,1.0496290447480578,0.04613613590770185,1.2385681827697743,1.4149767822136674,0.3117445323802125,0.062181488904520694,0.28169458106573975
2025-03-20,-0.3189053922937852,-0.20262475553847545,-0.5258931842072129,0.4171052625690043,0.18388246857900883,0.11273807952692326,-0.472562576519603,-0.4999491343903352,-0.6171722030254291,-0.09717696848101857,0.41107900329653335
2025-03-21,0.9584234708690285,0.6501723983741828,-0.07402878084857403,-0.6328131353757782,-0.42147736451076534,-0.31846225262288336,-0.5961948142806857,0.47425188717499867,-0.9667551608833137,-1.0383176375919632,-0.6632609457118288
2025-03-24,2.1389860374999836,4.0016269678103935,0.739777843708189,0.9946472059881643,1.780140510304813,0.7993042839603175,1.822638850725602,1.7023737616754886,1.2032685061444666,1.425434347635969,-0.019582454487432392
2025-03-25,1.3898735156550885,0.9955519101444031,-1.1907876677609517,0.485299308969182,0.4766970596705408,-1.296092262379436,0.08234791053961019,0.26771637330852543,0.024797483435315626,-1.219549768718886,-1.628323612004189
2025-03-26,-2.0268061146024534,-1.804485095493708,1.3326271539748453,0.5953654022683738,-0.26701019342267396,-0.4296454490823519,-0.6097088288274582,-2.541515732030295,0.18642630994428863,0.5185255239512723,0.6817494927736604
2025-03-27,-0.8022393236147088,0.07824931512203433,0.9641619576168252,-0.8579545456113,-0.22520511194742024,0.16949190260764688,-0.5060582379535263,-0.7797611955410635,-0.015291172113619191,-0.28155592937579693,-0.04082207412892946
2025-03-28,-3.899504923200008,-3.4135632543654046,-0.4859333828444682,-0.4715637594550513,-1.9987163983883836,-0.28163750183054004,-2.039511527254513,-2.4872831099539723,-1.725529276215163,-0.0214249831560675,0.7526477406710408
2025-03-31,0.2569447102519905,-0.26557475990259183,1.7522337345757555,1.0737767678369399,1.207858353700934,0.8822646568926699,0.6555767222064676,0.0017275892152453212,1.0766061431218321,0.8661989299356123,1.0559228080879637
2025-04-01,1.0342946575361311,1.1621613397634578,0.3693199076020734,0.5680955086303139,-0.13586617404381277,-1.7837244650594128,0.5891423734538807,0.9446000531675602,0.31612109873426775,0.08219193091391135,0.29370673231961486
2025-04-02,-0.16858789836865828,2.042222591953091,-0.07426092236716554,0.09665162310153867,0.916546827782497,0.6514756774692112,0.9035506365679995,0.5969289160297302,0.7882175249681423,0.4830178396860363,0.43386905329740466
2025-04-03,-4.925516581474522,-6.933657557357284,0.26434002898379133,-7.9549923166547005,-5.280463980001568,-0.906210060591468,-5.550109524386513,-7.1991270130951905,-4.188747741448416,-3.186621577875662,-0.7132514864815792
2025-04-04,-5.082483274477521,-4.780413723422292,-4.706342752928721,-9.133209743942402,-7.664358798731314,-5.70842973867916,-6.5351247619116215,-6.57276289896459,-6.2854602736062475,-4.723446327817829,-5.760630447489574
2025-04-07,0.9601883267279976,-0.49403556333794696,-1.007604955106875,-0.9213062693414282,-0.16780742248484368,-0.632557535991436,-0.5036555272980674,0.28732380585232153,-1.6943037860708052,-2.465266616420851,-1.5706712770374411
2025-04-08,-1.1679379021741014,-2.6303090530538604,-1.5103984537703892,-2.5642372255756642,-0.45752928217386307,-1.092204466822141,-0.9311743624987125,-2.2106135067994996,-2.977721964781844,-2.5156891081270047,-0.49374311328438786
2025-04-09,9.399030210146137,10.881407189050762,4.628587782505678,7.223008161796317,7.342308311466183,4.214182207425369,8.467578612137673,13.16085595457845,8.129852162335503,5.5903972872333165,3.7455315807190535
2025-04-10,-4.236581718696358,-4.417628318042092,0.282327415187585,-6.6431610519194475,-2.9604505097237923,-2.8964364015760924,-2.6256199571296395,-4.681797433362004,-2.9894292395047746,-2.1236935911247965,-0.6491538412691809
2025-04-11,1.123743201391452,1.0898599020683917,1.3676002218681498,2.5209973048440895,1.6414681735521164,1.4393790252545164,1.7132320272565906,2.4716938456448156,2.9301149265818363,1.2868768332419083,1.173869698704526
2025-04-14,0.2227881337279046,-0.1576384518235312,1.6738455425650178,0.26052260218510387,1.0505892240810648,1.1918137552176251,1.0513351052702398,0.6476005392159416,1.0184540546427516,2.0926005617704515,1.7330273654291424
2025-04-15,-0.6083214503891512,-0.7762524916321347,-0.7049679000415382,-0.11400367113791617,0.25584899965108254,-0.6925575657460957,-0.5488204210192662,0.33566272825213267,-0.6419673058178568,0.23869571971428563,0.04227725270170351
2025-04-16,-2.517379281806333,-2.7783357419685633,-1.3643826437497586,0.7989304771402546,-1.6033699999796271,-1.0459400562023513,-1.3785287836002411,-4.029655386810741,-0.7611937202486564,-0.16741941604982247,-0.9398387673531298
2025-04-17,-0.22140647567462587,0.2966228639755197,2.173315409704972,2.2880184925239195,0.2550762132752444,-0.8229872393994204,0.5580618381241769,-0.6755943369777636,0.6535105783997356,1.6021566367648596,1.0224379452292653
2025-04-21,-2.3455716596956386,-2.9574731215650916,-1.2748029308226476,-2.5623066649515454,-2.2906245585501552,-2.1930041857954388,-2.2537998421181147,-2.7964089884766565,-1.7177753577055668,-2.1321337124720974,-2.4295974061133623
2025-04-22,2.7971582769543386,3.20869753607616,1.6979825926001304,2.5978383910370035,3.236196914938484,1.7765684278676754,1.6736901652334302,2.4348279008273606,2.3185107839322114,2.0636378293281843,2.7186835419027613
2025-04-23,2.28254715744314,2.807897253645711,-0.3723031343613352,-0.2951372357798225,1.1675996076803545,0.5484517486249322,1.159999905864649,2.890449612049181,-0.040267067536422375,0.1502503453655711,0.3912366158499459
2025-04-24,2.2516351099208154,2.3242373788200186,-0.7895856688185845,1.4400076462220837,1.0864337050046589,1.256381865231325,2.1292431035437644,3.4842159853093375,1.8933876583811076,0.25711277061919197,0.16940733527644705
2025-04-25,0.6871656544732859,1.9669814053851968,-0.30605036287664195,-0.10579375012978179,-0.42698410126920405,0.5112217709802668,-0.009503410010582707,1.5923796732300242,-0.7378337351347523,-0.13729843295100314,-0.38367027711157026
2025-04-28,0.07284386533919461,-0.10014610219713135,-0.13158546649942687,0.6107027147067992,0.30495039485350905,0.3477731026983629,0.3099269966838754,-0.27503906712184023,0.15586236166385886,0.6859750526487475,0.6986160128722139
2025-04-29,0.5202616335487887,0.5927510046057674,0.7809501207480407,-0.3544660532867982,0.9357493289727964,0.49617230169339527,0.6229840316303041,0.45557686563135924,0.9728581524065475,0.6951326202568262,0.6999206100603584
2025-04-30,-0.2534963813113954,-1.216432125120826,0.7753361713480039,-2.653786958756663,0.193342997117451,0.8997085915820362,0.7913731066745344,0.3992570850969875,0.5131279218459424,0.5341548422541941,-0.4958647107778398
2025-05-01,1.6237415844122374,1.0272385013312177,-0.7216268954684552,0.3765957763220511,-0.08742495855874549,-3.082669164602839,0.6698102564267243,2.14611409254668,-0.5056972782933726,0.17148306886455253,0.27351745005163125
2025-05-02,2.212413716119904,1.1824305242065338,0.6744804144958337,1.3324157499329004,2.116682997188088,1.448784315487889,1.7728197179223393,1.1690407476024618,1.6249000150953135,1.2354451784433402,0.6960791194953599
2025-05-05,-0.04898610348651659,-1.366749170539402,0.0701418013126786,-2.052234580935608,-0.8588008404548011,-0.34264815631879836,-0.05380747119263239,-0.8599095338023945,-0.6193592795135687,-0.1525018577257008,-0.29300106529786357
2025-05-06,-0.48855834357030886,-0.8900353367008267,-0.23404872377370786,0.2157249804438075,-0.536329724051651,-2.8654323151085443,-0.8570588043889295,-0.6773260847232204,-0.6958492974671547,-0.6751858001186427,1.183904000977685
2025-05-07,-2.0528190824671326,1.0154147488011187,0.21823542600295273,0.08221650270631901,0.6374014962955797,0.7900732918123774,0.5057190582978403,0.8865367220372536,-0.4894567693970787,-0.010773521962719189,0.2808595436271472
2025-05-08,0.5631293458344585,1.4027225149454372,-0.5754964157303248,1.2356715007395815,0.6892649644606672,-0.9822368500618245,1.2646255921552836,0.8436398845920641,1.1272591734689983,-0.5158009477830482,-0.8733120362102933
2025-05-09,-0.6920057423261151,0.6815777206877334,-0.6314520613999435,1.047587798712145,0.037730121579166206,-1.1343717738916363,0.09978656149852923,-0.014155459937159075,0.2203068611787116,0.6324860553387497,0.15765712518371397
2025-05-12,3.3494989843019427,5.59622786972799,0.054377961225508246,2.4256185761583717,2.00942453698617,2.377907646112793,2.9191061020534117,4.535126556868019,1.724365989678012,0.02425050071369962,-0.7907161907399458
2025-05-13,1.190290837523944,1.4710390539396219,-1.2316063562965562,1.3207519433882824,0.36168548523383537,-3.0461546774009376,0.6219933539385738,2.2337680706660215,-0.5213965264677156,-1.3590795349303209,-0.1222646083903183
2025-05-14,1.550971341786004,0.3995387825396534,-0.22827692439784605,-0.6051600242272128,-0.28594737585908797,-2.372930888826987,-0.49506050478340347,0.9394557757264691,-0.8937140757504565,-0.8802587596478941,-0.49801021749133195
2025-05-15,-0.46920957830973825,-0.784228043439818,1.7254684452305924,0.11403796520047373,0.5726438924579498,1.2547822046059576,1.1317773121335022,-0.063189393465825,1.1747275020213563,1.8151351017356527,2.0941358026509644
2025-05-16,0.6637473013704204,0.8479988297192598,1.1601387051078629,-0.19431349835025688,0.6923755767007818,1.9339592712214286,1.0320712596987494,0.13180154808103034,0.8826386764846078,1.2573580983567065,1.4016826665316742
2025-05-19,0.15744240606631504,-0.30963941252185717,0.3377001714756361,-1.5568069106848195,-0.017222531130789018,0.903180307068367,0.3786716923868684,-0.0671354241420533,0.3623073983776446,0.19777590319368205,0.3327375932869703
2025-05-20,-0.81877551535232,-0.5929260265475924,0.1638575167800812,-1.0345284462291198,-0.5716998221604598,0.2365888327330368,-0.3662488501111299,-0.4477289416712943,-0.19758329263483085,-0.564248020751935,0.29104655335014634
2025-05-21,0.6772051600135756,-1.9474325493948779,-0.9979696777039786,-1.8166868771602824,-2.1162047649425344,-2.4209616750336895,-1.6819369242489084,-1.8132959601759397,-1.2581968005723378,-2.6753781045874114,-1.934753505673797
2025-05-22,0.39939586234651925,0.5996788223220955,-0.42351122129031643,-0.47003075635919056,-0.11988115996979211,-0.7763030816077106,-0.020895273516200814,0.12136768705150014,-0.08609530892273931,-0.40797424717859276,-1.4418446203766373
2025-05-23,-0.9853379369697721,-0.9174375262492923,0.3226024314407958,0.27068489640313276,-0.40269186509431065,-0.22698733636600776,-0.4171334783512838,-1.3463519161485582,-0.09713359752769034,0.042580906803297354,1.1487314941553695
2025-05-27,2.101665380723428,3.0551975803000886,0.974490899998201,0.8233204060017486,1.7835600711416006,1.3511379838714899,1.7459215251637001,2.5123550876661227,1.6443987174672858,1.634864615415744,0.7616421138644093
2025-05-28,-0.17795937778532167,-0.953882315993566,-0.5589918506890725,-1.2580126307335924,-0.6996229935348418,-0.591770945018186,-0.5346007632731683,-0.3216659077961778,-1.274549336107582,-0.005684935274016876,-1.450433930067096
2025-05-29,-0.355387186291237,0.2136912912838254,0.24089993114100106,0.6326266579291879,0.4935908190320444,0.7290313589298695,0.08579138474538263,0.5411883577068202,0.27871641018382565,0.9300418618077256,0.6874201487074967
2025-05-30,0.4791095471964777,-0.6395335991699006,1.1710399094546418,-0.7023276733724931,0.1906764203994059,0.24090568206513593,0.094923556202659,-0.4043030236633502,0.20359963095994318,0.12714555286434392,1.0718330775818834
2025-06-02,0.5649098656803666,0.15517409105827656,0.27430198710247305,1.1336418796820695,0.06592444936670362,0.023145396950306152,-0.2344098873943872,0.8738623668277,0.45562926225568584,0.06532454638982885,0.16765274391498466
2025-06-03,-0.7917850890761559,0.30718935673378894,-0.118716209680438,1.108389204184593,0.15512768016741074,0.19020104107582614,0.735172813645284,1.469610923366512,0.9225613328912187,-0.39909168705394643,0.20867379961508847
2025-06-04,1.3504149095761349,-0.2834402821780612,-0.5976847723935945,-1.904155640677598,-0.552206287467434,0.24041895310737946,0.07256791410330544,0.20778178898774038,0.34103549411515555,0.3262415056155202,-1.7099229639221616
2025-06-05,0.060489834076781185,-2.8013608904249985,-1.2848243919338285,-0.1706788583339082,-0.2599278996075048,-0.08660174482153705,-0.10546451792374995,-0.4036731864951939,-0.567170240399794,-0.07558154312347178,-0.17289349698519593
2025-06-06,1.9123139076655415,1.6751256120356885,0.11991749541028264,1.9281275583987418,1.2056632996639476,0.9056177709819191,0.822479470982681,0.7847202661270213,0.17366090278062707,0.32407344646465813,0.40867895786103625
2025-06-09,0.04964644442808872,1.1281623105594847,-0.2037866383525203,0.19652152146596374,-0.5429211861093037,-0.1703901786073804,-0.09279524523659641,0.2583366853057298,0.6086859779008886,-0.12628763811812035,-0.6780690428338225
2025-06-10,1.0702545476783965,1.207724364440682,0.1395360975206831,1.7450936239590988,0.07424209500855403,1.1083873942067677,-0.42372529569997874,0.43538768038976183,0.51859420717236,0.8311255064308404,0.18135351600581134
2025-06-11,-0.6765764361945509,-1.0422464894234849,-0.5246881941551937,1.4950783168945745,-0.1408816778326049,0.038424005754905524,-0.011856192303804273,-0.291516672275957,-0.9892903024164272,-0.5629607359722336,0.043966613381531426
2025-06-12,-0.6061201626457903,-0.4336513744414486,0.33136399012269263,0.386020127342376,0.04498414000935881,0.7927315103674535,-0.23020666665156075,1.1359755126818594,0.5497158969373036,0.5107810950568767,1.2481021315608782
2025-06-13,-0.8581796021171443,-0.7235805154556839,-1.1156209161270993,1.734385130255343,-2.119887180911857,-0.5229356970883822,-0.8574246758607773,-1.3987055817172203,-1.257437151329595,-0.9860538188906859,-0.639232907445019
2025-06-16,1.537018429815261,1.2447947338371184,0.011260101087283597,-0.3333565343147593,1.1149488257316322,-0.4258160592855756,0.6676660010962429,1.4647538789682069,0.7500653806321,-0.022285170728632887,-0.5209227554280562
2025-06-17,-0.8219967354271303,-1.6043959352902215,-0.728546402934877,0.9991792841855968,-0.6304848575789312,-1.653328155660024,-0.7419638744570793,-0.7461390459682661,-1.0396553006372569,-0.40524121451429695,-0.8131210789648219
2025-06-18,-0.6307582750564953,-0.1729625430957378,0.014696371532997583,-0.7144808096667615,-0.054598919381285964,-0.1899223191802894,-0.2544060131403034,0.3659344790496261,-0.342980177538246,0.13681499051501037,0.24206189661964247
2025-06-20,-1.951759520661564,-0.239215670231423,0.6627231923923467,1.0448530017861544,0.26177549665313404,-0.5006895770066401,0.10413195700630397,-0.3184835026257513,-0.6294334085386716,-0.07811337542434091,0.255584335202939
2025-06-23,0.8679712568510367,1.7276055179403582,1.3650386793326685,-2.5969993315155566,1.199526267775191,0.11859208546263962,1.2660076247414584,0.9957425829818974,1.213011999344727,1.478774987434513,1.243260417132589
2025-06-24,1.3549375699712187,0.6969669385231979,-0.021544456829778635,-1.5410668690060627,1.5305100161104064,1.1769617833051986,0.8224039844766661,1.6249254862497098,0.7096052912729786,0.3899244634905866,0.39254171919286757
2025-06-25,0.5537502982874386,-1.1703283372522542,-1.335555442210726,-0.4218584175094989,-0.41149339852274797,0.11545933818738012,-0.9427550171769513,1.0966992992683469,-0.8123458284853632,-2.507934296057736,-1.3816731438011765
2025-06-26,1.7294050336448508,1.2004456355915882,-0.2996297743685767,1.520831494349708,0.7612288556037216,0.23425546808589262,1.075587613532904,0.6940831462024912,1.0168472699825453,-0.6346992121614231,0.8092933286797634
2025-06-27,1.679844153610054,1.7944343811662564,0.6833494551492231,-0.49078074371133795,0.34000548182561613,-0.21876211195627304,0.9724721576162129,0.04301979112122136,0.05157941388771897,0.4104412267223812,0.25349313144807695
2025-06-30,0.1736415621752114,-0.9225221839056132,0.45841010816164124,-0.6739954970720549,0.8233680038830581,0.6199266555357271,0.49300665423075746,1.0076621101796788,0.098592813522965,0.6527949201757807,0.38917265444628807
2025-07-01,-1.141291078902786,0.06866871638890709,0.7686977030172366,0.7613831277523886,0.5385295334164992,1.3376158071899062,0.2978643690803333,-1.1427278329223505,2.2047376341391542,0.5802719791719347,0.30337647679693636
2025-07-02,0.04890913847704416,0.8015372847612825,-0.06478470251787015,1.69303263530972,-0.12088768293527428,-1.0557061555968443,0.07952209388488742,1.333996835652047,1.2671359588476205,0.16866288958860515,-0.8767724980009074
2025-07-03,0.6506186512232689,0.7567862796667776,0.239537083985234,0.21787437223179076,1.0800194023727576,0.11653790638367109,0.8059976003846542,1.3053629193331442,-0.030866745508449093,0.130522199785116,0.7371563199974766
2025-07-07,-0.888440685826656,-1.334016038959032,0.1658520842726624,-1.0216446366557583,-0.9810343626064512,-0.8752979317872528,-0.366213633580527,-0.8290003680349218,-1.0628955440452728,-0.8283531203246834,0.16107600448913786
2025-07-08,-0.5460638808130985,-0.6641841740916883,-1.2233703105924532,2.651021179981088,-0.8657392442752779,0.4187363521210667,-0.0016742913220205713,0.3901086348674472,0.46905948500563405,-0.15638936318909435,-1.0777312829731438
2025-07-09,0.8834770104210885,0.7262187063742933,-0.5546493120970207,-0.5348541298495628,0.31947101662351224,0.42897085901780196,0.6794459306006534,0.9327915886759353,0.5107204541406614,-0.022954299273634928,0.9782330821809123
2025-07-10,-0.4756534638030233,0.9774668910240625,-0.09213704068894865,0.7873251519476098,0.6544185301046652,0.6174457315340247,0.5042213637767335,-0.15292259786082005,0.43446395968446266,0.4622808919196311,0.7749740084057556
2025-07-11,-0.17872190940226443,0.3517562661818074,-0.3881250368205872,0.4736249549156608,-1.0356236698865462,-0.8635029021611985,-0.30149122085697483,-0.2544078161364798,-0.760953498746948,-0.07383418665386342,-0.12451536068145973
2025-07-14,0.7101739541419704,0.39200001882902413,0.23902291864271397,-1.216132112115633,0.6503314443069104,-0.08765600681058747,0.5217406906544799,-0.2526671440866279,-0.4378293513384729,0.6672382256332773,0.34884174012989255
2025-07-15,-0.6249290158236197,-1.0738062257199024,-0.8120918518652805,-1.4092115466422372,-1.6867060016976951,-1.9346449065524491,-0.7849076142413199,1.2575980945598728,-2.163105786526641,-1.3102511508727848,-0.9292742424550917
2025-07-16,-0.10577896462687847,-0.021136755598528588,0.13696291187883997,-0.8209484524051317,0.6962982807907431,1.186795155677671,0.3377976492386829,0.30758181379863114,0.31586521569729836,1.0555276498425732,0.04807866294128658
2025-07-17,0.29194197146136747,0.2927298515686056,0.77326461975008,0.43044611302223523,0.9261751895804212,-1.2545995307256255,0.8359947491553822,0.9128095443318693,0.5872226989729794,-0.14763904872024494,0.3652198417257315
2025-07-18,-0.11946340923885115,1.0017195639860488,-0.34542606105567514,-1.053470132079244,0.009278728517125967,-0.5938579935570905,-0.18366924085588832,-0.1079568397530243,0.2971911525069179,0.34448338592147154,1.6832477574002478
2025-07-21,1.8934337243338943,0.5917747887614132,0.09742020864407303,-0.9797512147059427,-0.2985446354997763,-0.6231538406298935,-0.5897445353115781,0.10617073754716137,0.5283315627642581,0.3657630622335907,0.28524513160230025
2025-07-22,-0.29442762084491003,0.6000557078354624,0.22852529983713188,0.5038570198366112,0.5476242613503164,1.8320385453350192,0.2610455638198973,-1.1289093770349499,1.2291685865902477,1.7594961995539253,1.2771937137530194
2025-07-23,0.2244526841223969,0.40489383572275567,-0.07289785754077467,1.5175877818500534,0.6987037611540322,2.0130680029813663,1.6471366245054124,0.7477153754312518,0.14323781007259148,0.18220327697705924,-0.827167026963112
2025-07-24,0.6671832728058763,-1.318355022564738,-0.19003548966739708,0.7167558602944837,0.001915210627677127,-0.44415710472468917,-0.16883439711320744,0.6486936760096664,-0.7833141173925152,-0.11905053057696974,-0.14631207556004797
2025-07-25,-0.2536354844206053,0.7915856503550125,0.23526317874854275,-0.3965925163678964,0.6952926343192265,0.4869449338722094,0.9464724652965774,0.25424594136872647,1.1506867837624897,0.011871071213046688,0.25247779602963133
2025-07-28,-0.22873946110429302,0.7245354468808158,-0.7976195674021712,1.1610114072978217,-0.6647169738460483,-0.8199307195397817,-0.32255355410323827,0.7658616102507082,-1.4589600966414185,-1.7659516490073779,-1.0583877960375452
2025-07-29,-0.28731299388239695,-0.770141586033402,0.7650726243276308,0.9410693767149687,-0.5934150844809403,-0.7969314855828861,-1.1719905271745361,-0.20240828721609874,-0.358441389313537,1.6745064502141351,1.1597361763367777
2025-07-30,0.08454021673595813,-0.5741111063490403,-0.9162232671891565,-1.3786357178592739,-0.21713831353099525,-0.16794797426962105,-0.5742606429513281,0.4163556859632962,-2.0007779274690374,-1.4382662087198705,0.669721111323097
2025-07-31,1.9467643773275929,-0.4127379282787952,-0.5370594235311658,-0.6311370320122406,-0.6560432343110902,-2.88882729998892,-0.02161339183939584,-0.3223312130127175,-1.0490069163220972,-1.7182722285300214,0.5928279308913854
2025-08-01,-1.7122092036450627,-3.869446575868654,0.5189905267065159,-1.757212212700716,-1.8021791259054294,0.5837554508972803,-1.4937806098163333,-2.136553233477858,-0.731072939712948,-0.27488094059746015,0.1086802986805439
2025-08-04,2.5907535631285383,0.6311277125675873,0.5097822626988949,-0.4436834481548799,0.7954403147408512,1.3587206725116143,0.9053600259857395,2.1445235803674043,1.372331613312683,0.8376785217993606,1.7155659713378604
2025-08-05,-0.8865386703996574,0.2885855998691041,-0.17402202016823282,0.08553109569540372,-0.41365958990967094,-0.4552470629934917,-0.2214848126003473,-0.878514867845144,0.7502680038879141,0.2918748793852402,-1.0612650935105492
2025-08-06,0.6750702266070275,2.517299678392485,1.9275199845420588,-0.9404470956001465,0.47982898186722645,-1.5617683961096094,0.05825531460964077,1.2919947103657032,-0.7659651466136992,-0.8395508256608889,-0.9363505045869428
2025-08-07,-0.29993438533163985,0.08952115394471022,0.6424329067818124,-0.3878526437015069,-1.159373803096507,-1.5257384817896502,-0.1492597836892131,0.32554983586700803,0.3871518903789834,0.3841703465501897,1.0311294432106746
2025-08-08,1.4785100615587696,0.1905275061564695,0.38264288317097744,0.6448348084479947,0.9177707779528607,0.8422841175700626,-0.014550319539584897,1.1880144452953911,0.5649798609630039,-0.838526594078777,-0.45193642065735357
2025-08-11,-0.07284250113703612,0.13992164252935707,0.13935690315428226,-0.8305917323616623,-0.039916784607286926,0.0821618589548444,-0.27223663387336083,-0.5466316893988417,-0.22053890337743534,-0.6512741187692114,-0.3610543112990417
2025-08-12,1.7853935593476769,0.8550427913154823,0.11519720233094569,0.4877287005627406,1.2379916111567666,0.7401620605154774,1.0249414249064128,1.3803690098769292,1.085874548305651,0.21636497363361826,0.42577572200381614
2025-08-13,-0.5466061504634578,1.225956316313042,-0.6562783939323571,1.1926693355072766,0.5981291445566181,1.5814677510610295,0.3914880335838339,-0.2746816901437803,1.6568285682314339,0.6181419508566153,0.1669761973562972
2025-08-14,0.43188448101426097,0.46211036926667776,-0.7125554128753379,-0.15858877941905697,0.5012975256810751,0.5395204084456422,-0.8935934694836084,-0.041018221545979894,-0.8377506591821158,-0.7228165525447011,-0.7135657175993579
2025-08-15,0.5031434392111107,-0.28197827107401247,-0.023525332760126003,-0.2546814351689588,-1.1096881648341212,1.6093267025431832,-0.550628152552042,-0.7332952513381116,-0.0077572279431950605,0.6789201953778626,-0.38775635253374474
2025-08-18,-0.7197089365398733,0.39934095529050595,0.12021961929187418,-0.563114895137066,0.0933156404342587,-0.23698592557709092,0.32623697925450273,0.13183970108890522,-0.6063606700415647,-0.9448640710066596,-0.5001655199498095
2025-08-19,-1.1404094677882828,-0.4694552430235922,0.9366231356635408,-0.20636623549519326,0.15065488080723358,0.6287180420158194,0.20670248506621594,-2.0044260599506436,0.5467118322353031,1.7748966479217276,0.9769225098700001
2025-08-20,-0.5650898133315543,-1.2259653518116362,0.8213177756590394,0.8329204788262855,0.48105699061651214,0.5891848221703669,-0.09071927967327363,-0.7761828189096636,0.16077084649292844,0.33642526847139553,0.1184435351799758
2025-08-21,-0.3037782719018473,-0.6839263372043652,-1.5483346210373317,0.7010582125527169,-0.3124341006406526,-0.37602696165928984,-0.35169993833450885,-0.395038756458168,0.24792046650279131,-0.3861225150009283,-0.7113541595058476
2025-08-22,1.8308771923484617,3.176436168173787,-0.42065228950797007,1.974282946920568,1.653183181582527,0.7982985320143503,1.5739726844625563,1.3141130363251643,1.630899320754239,1.5875439637616302,0.530676952719249
2025-08-25,0.4279207057395348,-0.10501941967003608,-1.552253410466544,0.2649336496437897,-0.609939116185447,-1.4624014042024216,-1.0329078740014674,-0.09542918697469312,-0.6628421666146568,-0.5307316136304161,-1.1672304914573453
2025-08-26,-0.2854902505718418,0.4392990047393684,-0.41677134506689045,-0.21335243702305717,0.7490087919000232,0.6030130965594018,1.0020149590494,0.5054849496379108,0.3968783963058986,-0.30958892015555717,0.2178468430915565
2025-08-27,-0.11842462867483868,0.054123087103430195,0.20255909846611678,1.1474483892916294,0.1863664804735794,-0.03762203560833003,-0.004633544657246795,0.47697147909625526,0.16809141735071764,0.43893943876562386,0.05735573675902649
2025-08-28,0.9292178114051176,0.29216238664227073,-0.46097528257970044,0.6874259187365032,0.17902240068389466,-0.42182888080811787,0.14021526863258268,0.6658436405236914,0.003940471685075649,-0.2569121838147233,-0.8770893563766022
2025-08-29,-0.3020636293742294,-1.197285625597591,0.6776095771346331,0.5298747134266778,0.2128292917070807,0.7040893207029084,-0.9438849098473019,-1.7451568472056038,0.037766344020637777,0.5634378860559222,-0.3726415738197088
2025-09-02,-0.3847647470414855,-1.012043565277822,0.1169642964922089,0.22991213639334898,-0.6834972723274118,0.06631941202125392,-1.0731057503317818,-0.9674193950855092,-0.5860941146496154,-1.7235248358695274,-0.3696880096680244
2025-09-03,3.6655440767182457,0.4271568420390688,0.1953099976435327,-2.358858935236946,-0.19527774012675803,-0.4059936388128992,-0.4898310585350681,0.7830253440626639,-0.5468454185209812,-0.20223786087974158,-0.2047228673706632
2025-09-04,1.093281893066387,2.2417478088209433,0.19806309911660774,0.5710389338690463,0.9950034626516385,0.3640275685780833,1.0684794657795849,0.5379941866845287,0.17386650040688897,0.6488715585505522,-0.16165786493107082
2025-09-05,0.5912593128672666,-0.1646034059225851,0.09252133320273477,-2.0920693568925586,-1.879816139880096,0.28479148286478967,-0.4024353821248737,-0.2036931706461464,0.5161760363532516,0.9679711103575549,-0.3351297779107212
2025-09-08,-0.38357729266039403,0.5245633443565453,0.02964659441833901,-0.15602384486109083,0.04471059815117808,-0.10081191008650367,0.19045012194720665,0.6823510013110382,0.24000682997488235,-0.6725568459026665,-1.0802000839366477
2025-09-09,1.624846234722112,0.12530552946365905,0.34150746274431104,0.5134747630056701,0.4409767116318345,0.5612993382246243,-0.646525812670919,0.025871911270496633,-1.6329574656831847,-0.12644836820800437,0.7049374816600741
2025-09-10,-0.8571140973060644,-1.6066419669898035,-1.1508799020721894,1.7635281295197054,-0.3017877398573045,-0.9215223433633122,0.6737655015344844,1.981352361213642,0.23834959617316048,-0.05041950003133097,1.6432838375835686
2025-09-11,0.2165645546038352,1.6629140870604566,1.0604966527802766,-0.0429001302112256,1.680319647127385,1.6843009891885805,0.9612197351818016,0.019534290139176343,2.103205329104066,1.6004781379559037,0.48116473716397967
2025-09-12,0.2173084566631534,0.5779861230546444,-0.15400934590562432,-0.5934766021831936,-0.5256343690231936,-1.1189289057885952,-0.8301864016275946,0.30519983108332976,-0.9905100035820312,-0.4664838636937095,0.5530079588026362
2025-09-15,2.3276979644864233,1.1175298385387729,-0.9876183032468985,-0.31640699559738183,-0.22476602085472921,-1.0186808635913303,0.4179942583180769,0.8661700312911838,-0.8674250625084166,-0.2968924269135881,0.1442317587622608
2025-09-16,0.24978450065379362,0.8591932032977717,0.21287162714284003,1.7279508031170232,-0.18127783535831563,0.056855169237346605,-0.2816892226605107,-0.5433627232024774,-0.5671591318336598,-0.6935105343934959,-1.823537693499545
2025-09-17,-0.09814629377609191,-0.30801882799400965,0.8645459267828053,0.2836940075124885,0.9254740793706758,0.1971846710979135,-0.43865780398817994,-0.728648554550782,0.378161970438359,-0.08375624067772476,0.29035639024051635
2025-09-18,0.3285403485919961,-0.5069908124703002,-0.9944137764525448,-0.4150023529408,0.09660610197672732,0.18373608147041223,1.0217166152287518,1.2744293585441349,-0.2106365984141178,0.04423072561920722,0.04830058740050988
2025-09-19,0.49322834805172827,0.3680071126726807,-0.3562778049269222,-1.2789194575531433,0.21535770986143055,-0.1756100147633768,0.1939709710231326,1.2176956727242272,0.19567213710302267,-0.46293459870790227,0.6394502026857173
2025-09-22,-0.9375257822919374,-0.4162447441898743,-0.7302285314369052,-0.18940399507475203,-0.16082909495674172,-0.036842134584897046,0.33657560430348094,1.7907806178987844,-0.010947932026729392,0.31544073365665776,0.9113270311693441
2025-09-23,-0.4781381031364234,-1.5034131451831154,0.2938167731759453,1.6996130943310734,-0.42610908410946613,0.20148862973714884,0.006126370527089921,-1.2265955544381486,-0.2646985764924709,0.8052457686267941,0.4882548853092508
2025-09-24,-0.8418230706849618,0.741002904951109,0.136459606684912,1.2194850487811573,-0.3151585227661688,-0.36068754629610555,-0.5149912660163821,-0.5401880948995551,-1.647733639107335,-1.0200846899264093,0.7102239041706371
2025-09-25,-0.6573612602170135,-1.5665273340890755,-0.5240450018676579,0.8618238186576708,-0.3035303440117219,-1.7259715769389656,-0.6614762960807158,-0.08543528628197443,-1.2182353623398838,-0.2925645883119732,-0.9723148358680799
2025-09-26,0.16906997158963943,1.4897657080769569,-0.06770201043094257,0.9693668053581157,0.7069495620656998,0.9758606772016387,0.8724507957497086,0.11258015651741518,1.003716582805525,1.0191830850896189,1.5790468925468697
2025-09-29,-0.2558761399213614,0.5680006059698373,0.0682279212005907,-1.9295662778711917,0.5169295198477772,0.2860342913226788,0.312286190498685,0.41883857956259757,0.3951915332796754,0.15626173322125417,0.2692217419084116
2025-09-30,-0.4473441340980592,-0.5598397714705842,0.24154767139876207,-1.0793843708302027,-0.4804752996434728,2.4336496876104734,0.7838174643191417,0.8237114975314441,0.5150309073870097,0.307423002782049,0.2043796235927499
2025-10-01,-0.8928451700691517,0.7656098258675218,-0.3141844092522037,-0.046726814094491295,-0.9089514841726545,2.957931984313116,-0.3315317720475769,0.7676031653495476,-1.2557687832167128,-0.06363100028068121,0.8868858724536476
2025-10-02,0.1312786696049562,-0.8077702343408418,-0.48760447951913155,-1.0445107516641807,-0.07330456699438972,-0.2092415729434603,0.2446161041904728,0.4916181063762615,0.9692507467947216,-0.5413959815365488,-0.20911782250083571
2025-10-03,-0.6708830446249117,-0.8780357276155492,-0.000940156418698439,0.6761818962113074,0.7341176912680171,1.1287481607626582,0.134549127673542,-0.3523117437277156,0.2696455801562561,0.3686941419831487,1.1311276206996872
2025-10-06,0.3002170848608039,1.1370971757384303,-0.47274398569307996,0.497789388007307,-0.12359073878471155,-0.46780005559753374,0.45933324208636317,0.6914321310186751,-0.06383040171229891,-1.013550165008567,0.9615182856867184
2025-10-07,-0.5519067177082129,-1.5107451881206824,0.8231629429141919,0.10774779665312648,0.09863771539767417,0.066977270235685,-0.5952909216224043,-0.6211808110765661,-0.21508346062735262,-0.29041534924074874,0.4090936818517931
2025-10-08,0.0107534207928174,0.613946743622251,-0.4855235591100949,-0.5623281126317271,-0.4685557360707765,0.14636076128363745,0.8217228322213145,1.5375354083556714,0.5392945951974457,-0.5023442846898384,0.6851335114014618
2025-10-09,-0.20533456518018603,-0.2055760373689563,0.36078297038687285,-1.325916596154818,-0.3489417924756637,-0.15799575991556816,-1.46673081327144,-0.005063815759224387,-1.581093913182609,-0.4368425662147032,-0.23063722962622238
2025-10-10,-2.430938869278413,-3.4913837409677613,0.1951206173903618,-2.8504245407499686,-2.270039261037764,-1.5202915144915132,-2.245860558471012,-4.006762997621061,-1.7390642223076271,-1.149705178874843,-0.48266346573311253
2025-10-13,1.859123195481927,2.2967064423377903,-0.3001652134839185,1.402842431502126,0.9460094719134805,-0.10820627362005886,1.003635462865417,2.4337633759903468,1.4762688197766576,0.521531373027309,0.7433669535433495
2025-10-14,0.22023441715090317,-0.3258100310195947,2.0546247610833115,-0.0697517354531713,1.0962379362570567,0.2604705921107746,1.1518584732567037,-1.6781463467285422,0.821321119877711,1.0378147014708186,0.9001013585521607
2025-10-15,1.2928294495023214,0.1385982116496954,0.32470625818227256,-0.08524245180867619,-0.08400416858047037,0.04763621145764607,-0.49021040102239677,0.7302321366914382,-0.5567725829117928,1.4801535477016146,1.2747898411747132
2025-10-16,-0.37507571058730516,-0.9042064263852099,-0.9425847161160539,-1.1152041590014958,-2.775678691992515,-0.12997049481408526,-0.5919204600758384,0.16514436217080664,-0.5908455078589099,-0.3320774132824661,-1.0390372476345628
2025-10-17,0.7069836088369805,0.6537449920067352,1.2293806991094987,0.775335264718634,0.8162651630555889,0.57906405493601,0.0690379027638396,0.2116187056472247,-0.4408906524405048,0.6281949858744089,-0.40310458192710186
2025-10-20,1.2651488875583097,1.0415303509850626,-0.15013820181426152,0.9400543863449147,1.13003759359139,1.051265237780732,1.1837104178886497,1.0536014915800616,1.1946441360860902,1.0667201034233966,-0.07821435201076117
2025-10-21,-1.0073049085224142,1.2443686602945454,-0.3876765537003636,-0.20968654453776914,-0.11097041507958828,0.18315738269777343,0.8348514469419267,-0.1476323194124391,-0.7631167278938235,-0.34424504983733745,-1.008740217916221
2025-10-22,-0.7361458779867094,-1.0213090919998826,0.6395311000772737,1.3044317603025184,-0.5879825541359511,0.600393966399673,-1.3197961799675104,-0.8296252054936643,-0.289029351832507,0.4197896645508978,-0.25504225495841903
2025-10-23,0.06146331498261788,0.8239530208323547,-0.39493945428332206,1.244935125741363,0.23784641023751155,0.030858287043307356,1.217714736779252,0.9716302475406915,0.9074566221283438,-0.08668759324822889,-0.07566628223737147
2025-10-24,1.4086666955098368,-0.20254844221732576,-0.41191623512090825,-1.0160947867894543,1.061914483330642,-0.008406906894863474,0.034628486590562106,1.51511686446651,-0.618768801233721,0.3585045263995246,1.1759165425906488
2025-10-27,2.342826409274439,1.57677670437293,-0.4196996504912988,0.27297842578116965,0.3601929300378161,0.2938719177278983,0.5789941163981217,1.9351002599556635,-0.30356100785853773,0.2668752542646341,0.26492019548262824
2025-10-28,-0.35907880779932105,0.32215616123930807,-0.9886839700903479,-1.077324504035944,-0.6963912738881913,-0.7004333039093394,-0.7219401712206958,1.598718023798769,0.08413095270694948,-2.2846876159149963,-1.6890783641613256
2025-10-29,1.0426499628969224,-0.4744400014675272,-1.9327175635134621,0.792818216058516,-1.8458682641532467,-0.9735326783023248,0.1622270944132359,0.9703852029782244,-1.9317406212534471,-2.7087379257870507,-0.03483828215042555
2025-10-30,-2.375034739723619,-2.690814608184916,-0.042702271453029794,-0.6918211759965107,0.2668713835175663,0.21162422134985287,-0.26883201619612385,-1.5153324274440367,-1.0452739741821322,0.6516585110013026,-0.43159752216411273
2025-10-31,-0.32169762702197524,4.00353021500302,-0.5344262706047551,0.6527038285282367,0.16719589259020456,-0.09291621887652989,0.18879668058474017,-0.3111764170495021,-0.8936976990298997,0.04361280567207651,-0.7739528390447343
2025-11-03,-0.3502556359135046,1.7329879647748394,-0.42918481184531754,-0.2788758178485054,-0.416283494330568,0.15384219971172974,-0.425184033959024,0.35063244853588627,-0.6448498906331068,-0.18987553215030203,0.060111505531354456
2025-11-04,-1.6187717407094107,-2.0268933245137895,0.5315900715913239,-1.0363569258415692,0.4909492418481238,0.4026919136521934,-1.0577981751207568,-2.34478047776245,-0.5762889373002804,0.3092209606512181,-0.38560163028880146
2025-11-05,1.601767232696964,1.1706129803290273,-0.3079475724207881,0.15934441487407586,0.3059602875079853,0.4421889843442927,0.358014264739244,-0.11940752478298106,0.4197489958094133,-0.07662781846821586,0.03229460664127511
2025-11-06,-0.6743577016605167,-2.60912031140539,-0.23565109177929536,0.8628209630417286,-0.3862211989571873,0.1907776758784799,-0.4260467341756995,-2.084952475135423,-0.45466367844843925,-0.42956634369748825,-0.44478675795732164
2025-11-07,-0.8072211348639979,-0.0691461315177025,1.2243220157322239,1.5503031239928622,0.7016111073898755,0.09801796356619592,0.46448762865892546,-0.35487762637386905,1.2613488112190088,1.341905811804106,1.3660915420574968
2025-11-10,2.612161151883519,1.5297926819997814,-0.29637730084369485,0.9302913551382619,0.2943572674601259,0.7993535320712075,0.5420710703536331,2.5587524485860245,1.0117703198753032,-0.156340286341354,-0.12301138423218522
2025-11-11,0.1569263977625648,0.14515989644146088,1.202974155744752,1.2571363073870663,0.40834200885937927,2.2880797124988823,0.02400396672750968,-0.7057955856776451,1.073708976704148,1.0724111519340866,0.031376868570579246
2025-11-12,-1.3061252963433465,-1.1173300713770125,-0.19312934509803903,-1.403370752588222,0.9001532841100459,1.3801793812977763,0.08460976256375378,0.19289587266631095,0.7230660724082869,-0.8013831171111147,0.2285697727646055
2025-11-13,-1.8300127478238597,-2.896296930241753,-0.1064935349318336,0.31129721993831905,-1.4088717885838418,-0.010543923014328372,-1.5101026437786615,-2.4403055099580078,-0.7568913229441037,-1.3280392236944008,-1.4267341469523946
2025-11-14,-0.7197272853547582,-0.5911227898047393,-0.05105713734673609,1.3748563816859276,-0.9770286421637236,-0.6247446430174328,-0.024348428957680555,0.7575513902924218,-1.174935524475202,0.26561279479712147,0.023651006603666033
2025-11-17,1.0226438868512446,-0.7707165991075838,-0.4822217488751826,-1.911859906612354,-1.992031571272869,-0.06571396564118218,-1.0321109515651934,-1.4543087961699546,-1.5362899903894154,-0.6041573653811705,0.8285309054389999
2025-11-18,-0.053839942715784475,-2.5634340266704445,-0.02202925516896692,0.5998422184797718,-0.2159539232949262,0.5379599177607338,-0.454210121634278,-1.6740278340904222,-0.003008925171352995,0.37066956029894244,-0.43783554764464017
2025-11-19,0.7813970646992617,0.05360576065656096,-0.6358361848378411,-1.3065896337210958,0.44370973823460175,-0.12144841434697444,0.3340448753200016,0.9094544745242101,0.5068190083807759,-0.8006083579841922,-0.8417304200217012
2025-11-20,-1.081142725669989,-1.8044062147742828,1.6408390955603,-1.0726730091504453,-0.9497029927452261,-0.6312136810871523,-1.703433827615339,-2.7885252793128,-1.623497137186346,-0.3707553867444088,-0.5353685764138171
2025-11-21,2.1011998392753304,1.6302415251362283,0.5050406818720853,0.5026598680468356,1.0971149648232237,2.087487929518794,1.1855614335324332,-0.016047136050843493,2.053105893159826,1.2946529056824354,-0.0034441437384243366
2025-11-24,3.966480613554571,1.9489341526582702,-1.2778709640873591,-0.33888483006017267,0.4826379047985998,0.4753560815900783,0.2260431894803552,2.36569723973833,0.28381257643420305,0.18684102019392163,1.1104148689869386
2025-11-25,1.5715633317621274,1.8534906860695368,1.607533498895665,-0.6785207458236509,1.1741361817743914,2.1637339758003544,1.2281434040588257,-0.05231739724167168,1.2310151930762698,0.7383717554198298,-0.355070269059743
2025-11-26,-0.38286578127009196,0.5414344567426838,1.0743960002414958,0.6590777890358359,0.7690121068656188,-0.26269063908639073,0.5572510089284831,1.2622907635166258,1.1738748687487688,0.508673855148184,1.3160617829597747
2025-11-28,0.7960736677307134,0.9106773348799945,0.6345741869659718,1.3149404634113209,0.7087805270759583,-0.5482231048903743,0.5526220012551178,0.4764731190151518,0.5018471917802875,0.399435559093973,0.7208694698191614
2025-12-01,-0.960256667106998,0.044885124164466654,-0.0545403018878,0.9148471553836588,-0.90512535541615,-1.5058669390743717,-1.5039183917302603,-0.0027773543312707687,-0.3736633635841864,-1.3884745185085043,-2.3806227623208316
2025-12-02,0.5206737779526533,-0.015990540674965234,-0.2750168386955892,-1.2652988449108549,-0.0497950840912994,-0.5966256621757157,0.8288753679963973,0.7921306740841177,-0.831617952715558,-0.217277446497167,-0.7285378490397497
2025-12-03,0.0937617507044391,0.8457802616918048,0.3452374379472735,1.7889307155377292,1.2691053665979792,0.3856052306012934,0.9373657001816986,-0.40267025103063214,0.46842213614938966,0.19021946169550538,-0.3291212720794117
2025-12-04,0.5125335890334921,-0.4536542319099416,-0.5986018936527844,0.3906491342219699,0.230219860811321,-0.7553933960356206,0.4829496168256276,0.4303896192203499,-0.5253289659054997,-0.11301818854487496,-0.21785932256179763
2025-12-05,0.967329418751754,0.4190611428115427,-0.18250561975929666,-0.45097893677528667,0.019913571246107077,-0.4136400404602072,-0.261816321072079,0.4540002832072069,-0.4456647752763966,-0.0028494273615375827,-1.007534965225943
2025-12-08,-1.7587602295624667,-1.5962734383517965,-0.9679915503345672,-1.0342996421432777,-0.4151923909288271,-1.2832946552886801,-0.16009359802757578,0.9258968846659883,-1.731421860216739,-0.6953331603979861,-1.3151604700363522
2025-12-09,0.252911981221747,0.1970209260661319,0.46776997428024575,0.650501624456672,-0.34359933162125117,-0.9925051479595621,-0.7333294756663885,0.12479485323505662,-0.1093056150451683,-0.5988355907426496,0.007152562083267647
2025-12-10,-0.017245495305440794,1.499890147874843,-0.1908334973526741,1.0857725271609926,1.0668774475940261,1.4024531497446089,1.7527609563320712,0.08062576678882254,1.777756000701099,0.04840045548496254,-0.11398334592968065
2025-12-11,-0.996543479915315,0.04052246231425412,0.828873229041089,-0.42462093797406164,1.7620851807370423,0.9605994953109824,1.056068491380722,-0.7312534221402522,2.1808185103367475,0.48348124228517214,0.7316861127630918
2025-12-12,-0.9344362132194581,0.11497131531940617,0.9270382098595409,-0.9304846315024605,0.05344365768399057,0.3141835365164846,-0.64068868266014,-2.982335500023072,0.1934792901576563,-0.12940273970050536,-0.5050749144950243
2025-12-15,-0.1243883266963429,0.5191883282194976,0.2181626965824727,-0.778377373590378,0.07190282611990649,1.276689595663376,0.1530310433070701,-1.0988649665045622,0.028078756011417506,0.2698907109201938,0.8632213627554597
2025-12-16,0.17869902456410364,0.37331058797019406,-0.5196604738853311,-3.0081750256146003,-0.627453545733304,-1.287306033837656,-0.5852930430299292,0.3375911278902357,-0.22946823266118135,-0.9709851636584359,-0.36316822784073516
2025-12-17,-2.022356363180899,-1.356926469941907,0.391590127479358,2.205147330573382,-0.0523315792770769,-0.23461509512854908,-1.6404500366005919,-2.2687008847277124,0.4340435412623437,0.2537212160045567,-0.8532827591142862
2025-12-18,1.636245406079009,1.8132146147796417,-0.6612225536407118,-1.4562253964211114,-0.16810131953402924,0.09869118280867545,0.6040685312349805,1.3369436556589533,-0.12555626780119178,-0.6152819970221531,1.0658678186571369
2025-12-19,0.5947963977522948,-0.3163908714219815,-0.483204667827519,0.07864162956439175,0.5300531035173077,0.7163043772416268,0.84964768514894,2.0334044073520463,0.40934373151712733,-0.34014313728499673,-1.353514479762978
2025-12-22,0.6050736640342351,0.6888771401615263,-0.5319281175018318,1.0766194497367136,1.2542797831470096,0.6515014915038456,1.0985765446023166,0.41489250565208863,1.324356022803513,0.6991595853039403,0.41442268411735395
2025-12-23,0.9584462026456212,0.17315328714211387,-0.5783243507087062,0.6093059512706764,0.14801059470563738,-0.198666823143196,-0.056807129240684054,0.911501749277839,0.23470183093096192,-0.010646522763295101,0.28962271132669515
2025-12-24,0.19586258648784186,0.26908576279236246,0.7546444646015535,-0.32738995390246234,0.5030797960154219,0.4715283731258237,0.3140889404643677,0.21604862690431026,0.18619744045365724,0.6620615483258807,0.5473243059236401
2025-12-26,-0.25547616683187735,-0.48646282392234813,-0.04813116744062914,-0.29552784923242625,-0.2133298143375515,0.12883688880649216,-0.19850353220071076,0.22600415710553487,0.5816652534181784,0.13291078535662823,-0.124345304092156
2025-12-29,-0.17787655645187736,-1.0117748032397382,0.17578104019705199,0.9395833990640252,-0.4951341997910536,-0.1470903122969045,-0.22367658004717092,-0.44432950909316843,-0.9716844474912075,0.21930649751929213,0.15816264800250024
2025-12-30,0.30870875712391344,-0.3405763022044593,-0.24566597979890648,0.7590500301832368,-0.27993995021270657,-0.08152245278491262,-0.27378801595564517,-0.24424592494349992,0.026358712196887735,0.1557482847297015,0.20058089969356224
2025-12-31,-0.5039708576580499,-0.7981026759258179,-0.5495577242952512,-0.5134106782729363,-0.7675875052244845,-0.5711528897361352,-0.8853111340390606,-0.8456819556473806,-0.8752368437370297,-0.9755509259750812,-0.6250370089015329
2026-01-02,-0.5878196233570855,-1.235895287511662,0.006074252673776818,2.070532801604674,0.25213825090351744,0.4366284727423148,1.8124329137957176,0.09287129823125836,1.4892782809925829,0.028836495676094726,1.176295975953863
2026-01-05,0.7250693130945808,1.9728779392789122,-0.3202188182743892,2.576064918308392,2.1416644440730574,-0.38115256846583734,1.127868787629712,-0.20169748207071939,1.162546950030414,0.1137334467956897,-1.1696230797971898
2026-01-06,-0.5243620617153174,0.8183447156040055,0.2806034917240914,-2.842247307670516,0.4735782176293349,1.9386999167539962,1.3547841430256395,0.6461049850791842,1.9880540568144347,0.6405359208781883,0.49074439687200716
2026-01-07,0.8167189579900362,-0.0963908818790788,-1.0856473038968535,-1.241973498800527,-1.5034302552789989,1.0127844842590343,-1.9129011049916043,0.043693135012467084,-1.6830070578072112,-1.3645381139857584,-2.5237939146612534
2026-01-08,0.49629837956591816,1.6526551061071735,1.9884593651380156,3.18601416010561,0.5542705047856941,-0.9377198766200138,0.7793003512492839,-1.5597056183318307,1.3837656027900849,0.7520594516212976,0.2936009753088962
2026-01-09,0.8935077257175161,1.105824046049195,1.1175781832874494,0.38435187296876033,-0.3315730936203339,-0.6084753484763059,1.0756769326502018,0.9648568207291586,1.7726896149079865,0.1929339936080006,1.2149973577689526
2026-01-12,0.03462278386958052,0.03500553159501956,1.562626737091111,-0.6609956727085307,-0.819871180336047,0.07960539357291525,0.7294314866718291,0.3617972560480816,0.7361686749743183,0.22814387916724774,0.16423373487713716
2026-01-13,0.14189404760811233,-0.5260445520741468,1.1844050317347805,1.5238257664163974,-1.8711146576442117,-0.41331977219791105,0.4969631980548001,-0.16916634172921688,0.27736042497677726,0.788105614909695,0.6040246426525635
2026-01-14,-0.7726519701255018,-1.8124810566671923,0.9875227593526246,2.2321146033584562,-0.22243180540783225,0.6669262504330622,0.15225058914406708,-1.4483722216493171,-0.14431616236295422,1.0742493549816825,0.7066620683845064
2026-01-15,-0.47733054761807914,0.3882080047989189,-0.12073190025649538,-0.9562702721984481,0.4451082473598915,-0.644519596043243,0.9152101328069193,0.47628731626772647,0.3133387365719351,0.6548363147571392,1.065249251767186
2026-01-16,-0.9053894721130642,-0.20679669135015322,0.02712481968800865,0.20790270413800788,0.13837899629279787,-0.844412011456513,0.6249865793560322,0.1297204633538456,-0.43584453498806025,1.2026417674301837,-0.7073603411492327
2026-01-20,-2.0658347465858222,-2.902385085141529,0.04430257954575899,-0.226959821001927,-2.342925322376974,-0.21737956299513025,-1.9962433171708407,-3.051834732392501,-0.8329044281078336,-1.9582841555560773,-1.0960207206997616
2026-01-21,1.253917081164692,1.5794816597899268,0.2749037670827476,2.3523452346510054,0.48360304155529876,1.8083966436911163,1.694573290566247,0.9569238081526652,1.852196287066702,0.39084845234977084,0.19206733674080242
2026-01-22,1.4650088887185702,1.293995313479727,-0.2951388328612826,0.23610523690937466,0.6588823203776151,0.023189475782618967,-0.5130595402740487,0.741584432773941,0.5781664278953561,-1.0712089931223507,-0.7614092463718873
2026-01-23,0.12100335678525918,0.7038008316590395,0.5574260873948707,0.6145479855431952,-1.3815259970178349,-0.6070585905620357,-0.7908215035846712,0.46407105005384436,0.8290154511192674,0.2734960920362594,-0.3870896086855914
2026-01-26,1.4028210771538505,-0.7646564292992776,-0.0611901182104456,0.02601335887177709,0.5635312312164771,0.39829047936151113,0.10376117165687845,0.8328971176908724,0.2836360880057569,-0.018112375919783954,0.7428491721248335
2026-01-27,0.035289514448366366,0.6301148851129308,0.2223987164530516,1.0046450563878926,-0.771216124604848,-1.807554853268772,0.4085419604293757,1.3220787869631456,0.012590463464615542,0.15467666651131828,1.240627027831891
2026-01-28,0.0966024213212795,-0.7297468397057846,-0.7379972807713973,0.7339259053735909,-0.04488482586247556,-0.8337499965707986,-0.5405406603450875,0.5710909808171684,0.15596346315270457,-0.9384612298019737,-0.2351058653255748
2026-01-29,2.904552125346832,-0.7501692499995284,0.05193281975505386,1.0690177213217598,1.0147477611000828,-0.288692540794674,0.9679138637581924,-2.0232275068288414,0.13176879841075187,1.4320549742462956,0.06509088290307843
2026-01-30,-0.7247555861684033,-0.08024057030656287,1.3406417239257025,0.9526179426352753,-0.3017832339301961,0.5802715160325504,-0.2769931281905865,-1.27764103660571,-1.9509483128758822,0.06270336005226305,-0.2378882712768861
2026-02-02,0.3338469386238227,0.608969931608017,1.8237294954303163,-2.012771057704183,0.9736198126050862,0.6127523412817274,1.2371543634581263,0.3881669476775353,0.7016214393267097,-1.1141106647449304,-1.5811334836997653
2026-02-03,-1.3211930958827862,-0.9630382130380188,1.8196421984809699,3.1937946149030867,-1.028231489320813,-1.0774732841730654,0.855247312537598,-2.2209887137724227,1.948428624479232,-0.3024067219762992,1.4898199502575056
2026-02-04,-1.9823472456439146,-1.3500206546659135,0.9479705016022627,2.179300042230139,0.7496014676455989,1.221088874351993,0.2368762608955433,-1.9657124137201325,1.7170370045597863,1.5368591631261281,-0.5628781524125819
2026-02-05,-0.34330490006554176,-2.6712013498500413,0.031684345932001715,-1.1264827572271923,-1.3649251426500102,-0.909638931890269,-0.6271608386718367,-1.8232935163487067,-2.7766856432344986,-0.3261381105844036,0.09651860121339298
2026-02-06,-1.467423385603183,-0.5972888267974954,1.5384360113343416,1.869792758378469,1.8032175188814525,1.750998418539244,2.739250391067617,3.963194199620226,1.705734239182535,1.7730352111068808,0.5665984618699637
2026-02-09,1.044881423817594,-0.254832010182914,-0.959780253101595,0.8355598981695138,-0.5886813953799663,-0.8842910967794532,0.3208239483114563,1.540086715068746,1.3979047368779631,0.5856032414281604,0.34174941458424674
2026-02-10,-0.8218257568649038,0.4681254765022622,-0.7807859883744755,-0.08300021159956719,-0.7419532096039656,-0.638356026922887,0.12840336300695465,-0.5831007958366835,1.2376735119296054,1.3493313571110133,1.5561147391922658
2026-02-11,-1.3355473646885037,-0.5561952015263698,1.4135928898471242,2.534076504138254,-1.4417951200839516,0.5972501211300443,0.49891856265244466,0.17415272549388253,1.2171242044561648,-0.07241475736848259,0.8748562364118447
2026-02-12,-1.8448322524573024,-1.7203874720358758,1.5195958369030462,-2.1776904989723773,-2.024769160238314,-0.15612948429309612,-1.2759973371292879,-2.6022769533796293,-1.484242384300594,0.20127700666522355,1.4621247652146165
2026-02-13,-0.6213955063564023,-0.06178854194095887,0.1753025524275324,0.5453503215098282,-0.10445546809271881,0.9666242078848948,0.8317847393845639,-0.5303004076267076,1.022085002243819,1.4903861875171016,2.6791369888216177
2026-02-17,-0.6972450909741934,-0.05272198939711557,-1.7686728680771349,-1.3701839252899994,0.9409531629807277,-0.21232139001564446,0.41499493556317435,0.43504360171828327,-1.2092765684246183,1.0044400175678483,-0.3256579703245553
2026-02-18,0.40288174875637345,0.9827396281160626,-0.6522117871227742,1.9921005336751603,0.7798920394677741,0.18171043262160536,-0.005894513162258235,0.9186660565038667,0.7433074578479971,-1.4902798551457763,-1.7230346781131556
2026-02-19,-0.0022950443246187967,-0.49939870078265897,-0.5041571159843874,0.6901310909779864,-0.9181504536627947,-0.27662933709601517,0.7311818274619966,-0.5436200867463044,-0.2016553857970519,-0.3453628467515992,1.1048800258458558
2026-02-20,2.660789496643271,1.2097167139157783,-0.06868529323015252,-0.6828406898741117,0.5991033866590707,-0.3272349236539716,0.4342436822214574,0.49437008280962463,0.26373474633557276,0.7696028837973569,0.45865897102842207
2026-02-23,-1.5275761047944103,-2.276188613798691,1.5196967511350645,0.5983665331460842,-3.487656937718082,1.1783281801071515,-1.3743593751328083,-1.1490279941216708,0.1962725018461636,0.2033438097149439,0.6837834200185219
2026-02-24,0.2687680848572527,1.6027304180404318,0.6997735986924477,-0.10733664002367868,0.47266740382805583,-0.5719838240237027,1.1734560864709258,1.154780978894888,0.757022381570806,0.21196980132627646,1.134125144060052
2026-02-25,1.0097962124044952,0.5868425315634817,-0.63392934811832,-0.44507485074779757,1.6370141122375244,-0.03495924219333012,-0.8188441792118344,1.7429304755900794,-0.460735064172747,-0.7035698486793633,0.39086943650547307
2026-02-26,-0.6494863525899076,-0.4728204361136825,-0.44303173310270777,0.24950963890586292,1.2694498129703957,-0.2655033793921518,0.6247265775789148,-1.8739836124549845,-0.08950687579907689,0.47040664040420366,-0.3877973750004391
2026-02-27,1.2614646939978509,-0.0943917325530924,1.613647270225292,1.675533181142803,-2.115662484619013,1.7530352862799112,0.2601284321646863,-2.1597671763302,0.8130831632410348,0.47637401404306157,1.0584365748696525
2026-03-02,-0.7218921909165075,-1.04463354488907,-1.3263383456094673,1.9134516182374128,-0.3408787080324117,-1.0598142025614015,0.960509703522816,0.9110910961132523,-0.4334469126356827,0.2091365049063146,-0.8025634211205487
2026-03-03,-0.2746926261418442,-0.94771534596643,-0.810162994304768,-0.9323882558556809,-0.23509272421628438,-1.138963842989842,-1.9689698616081677,-1.1153639108612554,-2.7328180738513854,-0.5961051178723351,-0.6812563373605347
2026-03-04,0.7230177914152751,2.268516142402587,-0.5046659772386821,-0.7286505462838606,0.6138499219392408,0.17683448126795226,0.28864672579870904,1.2263992036263378,-0.051802604359468804,0.1454146865206502,0.39848189037712256
2026-03-05,-0.5315586840393193,0.2416045784533884,-2.5819150127817077,0.5551002191997935,-0.44646250971082563,-2.0138460632604573,-2.2271552448707532,0.3429074571100098,-2.2964039859216845,-1.0414998229154189,-0.730241295041502
2026-03-06,-1.0411634113618977,-2.034536138356815,0.27925221864558375,0.15083249249638656,-1.4306198609273169,-0.7756899468943768,-1.2868945386274524,-1.8788371988206676,-1.8972456937849533,-1.1089578529549258,-0.4422927306215731
2026-03-09,1.1797370400748342,0.15202808207682378,0.5334926368877864,-0.4053219189106494,-0.49674813302876114,0.9583908517923408,0.5029143308977341,1.7278859754723688,0.3057876034113851,0.21894251494654,0.19925043622669694
2026-03-10,0.05902946756967965,-0.015266570523598512,-0.040376345045522136,-1.3552002451887193,-0.5468727112567825,-0.7677816946694119,-0.6154888180616134,0.10083622430997245,-0.19136343082703805,-0.15162013865347657,-0.6643302656856025
2026-03-11,-0.06784111327089186,-0.16855481307718012,-1.2908356839107182,2.40777517746686,-0.8579172985088158,-0.20460309610105235,-0.26611346755401644,0.4426819435629301,-0.36625219152913185,-1.1426716202117542,-0.8720086317579602
2026-03-12,-1.6635545823679976,-2.3015076818310813,0.20084291000064622,0.9745369429267906,-1.7037846679366888,-1.8068338340506038,-2.5277851986553714,-1.7427104857170341,-0.39632551190431886,-0.6237149109292127,0.7158809098001468
2026-03-13,-0.9246876338562205,-0.6692855303825116,0.5847693865746804,0.402008489966083,0.07502678071567846,-0.2641256597368327,-0.4003620243225749,-1.336794925153637,-1.0750879449757975,0.1959784949750274,0.9185451629192893
2026-03-16,0.9829177757540686,1.3375760356480675,0.022989658668791182,0.35309670870009763,0.8781490183205813,0.7324007660369017,0.820134529984304,1.386453181270549,0.5380176504206696,0.7041591039041356,0.5779207456396657
2026-03-17,0.7162338672912897,1.0187892958966427,-0.4928379630655178,1.0017970259087114,0.5458267320173055,-1.046084232923681,0.22524971143394817,0.1676742912994089,0.16287776965249506,0.20390207351675885,-0.2471358080760576
2026-03-18,-1.2332150040503864,-2.3222179078806318,-2.4763230182021125,-0.16062222704694237,-1.1984141279100515,-1.6342003863152277,-0.8027206169225446,-1.2301225794877313,-2.257948422421235,-1.5924982122787734,-0.7669508485989479
2026-03-19,-0.5802905318521099,-0.9810087437484316,-0.8310153631771294,1.4595986811274653,-0.0001385246832797065,-0.3991840867403522,-0.6664465886239819,0.03383064863938944,-1.5851137718667632,-0.22193027013618424,-0.48532660543891915
2026-03-20,-1.445288757063429,-1.9720150908396181,-0.9867890293884849,0.00828729510774018,0.12732539377278565,-0.907708283223075,-1.5046476341168984,-2.290378781991728,-1.5410265306946014,-3.2234402004500757,-4.33745749048301
2026-03-23,0.8121647234028869,2.4944132885286443,0.48376573736770645,1.1306443083920594,0.8626193683124109,0.03310323998085624,1.1382026795737235,1.4499406133473085,1.403483167626459,0.6005446674363538,1.0351804161298113
2026-03-24,-2.7276079090312484,-0.5052647160842225,0.17149664476172377,1.9856551347643436,-0.0367969269625077,0.002525437698695822,0.5342835575284757,-0.7306628208844578,1.6340630114300938,-0.7874716994036189,0.7425788763911212
2026-03-25,0.19343488881524226,1.162844962977316,0.5667086073158449,-0.5340213993880993,0.12395438899330966,0.9645885121770423,0.6719481100883511,0.5503340593987958,1.9373741844179637,-0.02572682165617839,0.32273374073240463
2026-03-26,-3.8732054138236736,-1.9983058802144378,-0.5511012949273437,1.5550026369096612,-0.5758852506553486,-0.37045365502908895,-2.3187646825086907,-2.785780395365997,-0.6766186830869703,0.02804071810286918,0.1946795847181051
2026-03-27,-2.2976005808147555,-3.106857364540904,0.7531567013152597,1.8050409453821918,-2.5346024702453795,-1.7553245132247735,-1.2849293215486592,-2.0425527821777174,-0.30490501100172523,-0.5742921492259779,0.6162366171778338
2026-03-30,0.32938954491336536,-0.055395793682535915,0.5282641037293269,-0.8818688380997924,1.0997457379063362,0.34618116659511017,-1.5986217721010982,-1.5368273874127496,0.39060580246778764,0.36931094752945587,0.6201559835356852
2026-03-31,4.349914478381776,3.3238264043945915,0.09361438328466923,-1.1124614547867038,2.0973851228052416,1.9475335167933323,3.108970558707794,4.1227602856570735,1.758278510333751,1.4880188855606675,-0.16698042203536778
2026-04-01,1.6879110718920243,0.9090559076432232,-0.4603082701509272,-3.9875571881264693,-0.04768000379478794,0.8244632690650918,1.610064552061027,1.1248441633173265,1.1093679645621302,0.35355890321834477,0.44881783572990275
2026-04-02,-0.31185121457325765,-1.6895401458946246,0.6653195601760735,0.46178587275132793,0.25367921229118034,-0.7117818198523453,-0.3723922437182169,0.73993259183005,-0.004180422661801282,1.4380718236634997,0.5296102025884627
2026-04-06,0.7718056410206591,0.6479756929456921,0.7344372217996217,0.750141996743677,0.5994423066079219,-0.3666152618904116,0.47350906078167593,0.43034849755342564,-0.3673141176627422,0.24252396183682287,-0.41306263286811024
2026-04-07,1.0007167550332963,-0.9255944783351654,-1.9965285635893657,0.7707398596668719,0.0077803286971964685,0.20410311106247,-0.22031394591710746,0.3276742913716848,-0.27441081551211494,-0.08880192522318496,0.24746555114196328
2026-04-08,3.305908737950074,2.617495834533334,2.288262390101011,-3.7542309381787695,2.5634465142260363,2.0521314210824033,3.608690539513486,2.7159546048345367,3.2164577640436827,1.7256472497241409,1.0372656671013218
2026-04-09,0.8187831928040683,2.343991743589489,0.9825011066389487,-1.2334903439312634,0.24860320353192542,-0.18623332847485496,1.0018359174676397,0.3142037891235073,0.09711553481863253,0.8180745507822381,0.8093980699965981
2026-04-10,-0.28798490777277186,0.5883442100779744,-1.4950921907623616,-0.7910417600137559,-1.0898982973410092,-1.3502293738696156,-0.455279000999699,0.6981308198122068,0.6486403765604492,0.1707348782837356,-0.4165408224819185
2026-04-13,0.9160989545137248,0.8764041052749835,-1.139235498798044,0.3462845469828972,1.7895995122378348,0.4356590677426427,0.7394656204285966,1.766393054095975,0.22499205549904402,0.5145766039730094,-1.1713844699077014
2026-04-14,3.137957182684607,2.57679370797459,-0.14523174461077829,-2.174036140585513,0.2840404929060757,0.4681449404525268,0.30457707288609526,1.617794268959287,-0.341394927175803,0.8626688443614839,0.19447670101847658
2026-04-15,1.1907330513122565,1.5572120734277202,-0.4089587975328651,-0.2796039868601237,0.8422071319659569,-0.7566928663723691,-1.262703333848207,2.003214821306773,-1.3100324481512422,-0.0583138497073997,-0.9358175000743004
2026-04-16,0.4170611323942194,-0.26438746714032024,0.29728732904734506,1.5252378804346018,-0.3006523323509888,-0.7771963493305906,-0.47084792683756194,0.8356088831242592,0.5080538701353745,0.9959360758663012,0.6719530542838833
2026-04-17,0.7847926631937858,1.974901631973729,1.3841294720119697,-2.9890491906905514,0.7823002915015659,1.448858632017173,1.7470643432749338,1.5301643573458903,0.37461036762284927,1.4454287619626474,-0.42758709823364377
2026-04-20,-1.3540275781864761,-0.7022026619728885,-0.14344894962972338,0.20768306131793965,0.2934480673860213,-0.9351237370977791,0.1664282552649857,0.03857976344702641,0.5806007779514726,0.26878377262353215,-0.9465757710680661
2026-04-21,-1.2987328649255194,-0.5320014276240115,-0.2758826780421687,1.3104735147769708,-0.6946129373619363,-1.0651919659410747,-1.4010595005048416,-0.18104526912046026,-1.2609478840438524,-1.9506644307906607,-1.7907972875998999
2026-04-22,1.361868247586147,0.45295010495654,0.49920988102722186,1.1039625171032386,-0.14396236943356666,0.2888646214376412,-0.294658990189395,2.269629141876345,0.3424829914524961,-0.7088634593905653,-0.1344479324231724
2026-04-23,-0.5422361929643519,-1.0965300946075374,1.685789447159597,0.7408099138952836,-0.9088834117800564,-0.1445992432924984,1.6764440285884192,-1.561877167237793,-0.32070987273593143,1.25724388363731,2.727302966076225
2026-04-24,0.8482625910448592,1.3585432897813718,-0.5659395396173118,-0.2748736824195103,-0.6075344198648666,-1.4865105565301084,-0.9170689729864978,2.3615840156100663,0.5624900754579826,-0.37981540079778303,0.2099653223433657
2026-04-27,0.9129649869638532,-0.7004007835750696,-1.284243229177065,-0.2591105090720361,0.6213923360741188,-0.5447664588404328,-0.041516130951290836,0.39953226725436786,-0.5351556926866958,-0.8772768828065182,-0.014821550520707636
2026-04-28,-0.24387505197379966,-0.681334786402682,0.8667050241930293,1.6281126345770114,0.1626563907700887,0.2011828920974301,-0.8954000765326521,-1.364231952922568,-1.0773436103398215,0.8986577577990522,0.08491054482901278
2026-04-29,-0.06081364921937696,0.06374649719404854,-0.20327763624721165,2.2986500512171437,0.07169317699236817,-0.7520135495068722,-0.6338902522479527,0.14121473968427,-1.1215642336919958,-0.6638679764528147,-1.2675232073319729
2026-04-30,3.5721532778292224,1.257595364406294,1.8094195534133248,0.7912594836487274,0.41156250211276807,2.21696663677637,2.6467735878237275,-0.6883894808339974,1.0118657585207977,1.775787797950005,2.521926679455026
2026-05-01,0.03635802580549075,0.6086296284638539,-0.12673166642608047,-1.319296893495194,-0.368426197795496,-0.5046026830043043,-0.944175454565667,1.4106972871926717,-0.35410101618018475,-0.24840254960228184,-0.7048792034892134
2026-05-04,-0.4173060791573624,-0.17689393139104698,-0.7606613854209079,0.8542737775232837,-0.7154176644276246,-0.28642796820588473,-1.222857912861893,-0.14395045945857887,-1.5753334227488895,-0.5727927980908858,-0.3021884604018745
2026-05-05,0.36568401386390903,0.25554460583791666,0.5003599583289248,0.09579562815702894,-0.032041884293771965,0.40040611302226353,0.8261228148209673,1.5808633799139662,1.5418685307737237,0.0929427176313321,0.0004345353887681386
2026-05-06,1.8497056424897995,1.384708968531712,0.024141436856924586,-4.120299442274798,0.4913689202841886,0.06302323647230423,2.4855847304058285,2.5003925042008643,1.7839547842681458,1.3245253873196339,-1.4401329498975606
2026-05-07,0.21252957796329805,-0.09175728430647392,-0.1295727796457389,-1.7936832469832384,-0.5406913262332819,-0.521842097009842,-1.6340430134719541,-0.016291343125248627,-1.8304241614222734,-0.9787785692077137,-1.3793436139290949
2026-05-08,-0.054788364672781746,0.6570301130537335,0.1294880756682759,-0.5921030829746036,-0.5269910537054924,-0.9084589813671369,-0.4492098006705851,2.6993874710916206,0.38459582764107236,0.16154984766413794,-0.9413538900714771
2026-05-11,-2.412655187114197,-0.4704792502515127,-0.9789066659481032,2.604474407162347,-0.19308104972373727,-0.37766402950411715,0.9519298283088307,0.9190415221917625,1.3649661112279148,0.3217626767642533,0.9465890370211503
2026-05-12,0.2355804911775445,-1.1724328492291163,1.591033714963738,0.7147897165781213,0.7040034282987292,1.906205471975901,-0.38513404963888226,-1.08118164218373,-0.14834071940551702,0.08409348497864871,0.06481989099282985
2026-05-13,2.4139828150467335,0.851273774129955,0.33240822966570915,0.1608973408859676,-1.09040431094958,0.6369013306201964,-0.43689468297968553,1.0116098496387333,-0.0506539772931273,-0.9141842802434629,-1.3334979793331405
2026-05-14,-0.07699142383215174,-0.3415998194636453,0.49819749685602194,0.7584728326655169,0.542169254760276,-0.09597614970850651,0.4960111582294374,1.7635708031168547,-0.7882768939102707,-0.582455963436459,0.5429787206132527
2026-05-15,-0.9516027983475809,-2.0029285863606625,-0.3715453460588896,2.2810198918709452,-0.34812628923638345,-1.0810275687301532,-1.8084405356504165,-1.714296134163222,-2.772934607259166,-1.5955886845006024,-2.4336540893904006
2026-05-18,0.20849980440096366,-0.34898103179591383,1.3399506999163597,1.772165116724666,1.1654579017256526,0.3531181311937093,-0.4187459007213839,-1.0273408696475324,-0.13022906637931045,1.112640914317357,0.0033995945668809594
2026-05-19,-1.7168592272088732,-1.3751199395772695,0.3811208725154052,1.0249010532324736,-1.2720724009220248,1.0752171890266715,-1.1761669814661448,-0.7175765455414788,-2.26467299055185,0.48707268693941114,0.965954917981753
2026-05-20,0.23980581858701902,2.4939273823979455,-1.1526076706032462,-2.620461857908181,1.034391816086927,-0.07138853044215476,1.143656607244236,1.858314271762738,1.3572948127280706,1.1568100843628761,0.4354141488658965
2026-05-21,0.03994736197885602,0.7509365294839697,-2.3815679487053973,-1.0000904868299278,0.21175433163934876,0.641947854927445,-0.15523778279990078,0.2688821068411922,0.7328201049991132,0.1429169122206871,1.028868046649024
2026-05-22,-0.7232096057749161,0.2424461470853163,-0.14469463200103805,0.43184020481442614,0.3165348358066272,1.180023634811913,0.6877107377783415,0.5665045604154891,0.325373188975975,0.08660397503633022,0.8108316534294743
2026-05-26,1.0274473742219348,0.20209694922099325,-1.689481662544195,-2.8443787256413993,-0.16394655724435322,-1.0065031518389416,1.4228663173935758,1.572152440442434,1.2874089898857084,0.393903514713504,-0.0063066628149638804
2026-05-27,0.9197506171320432,1.8648106027359963,0.874349708006255,-1.5228864502898463,-0.7943210833183748,0.21777025104510514,-0.014637530629517882,-0.47875583835570584,0.04525506588802372,-0.3166532799350249,-0.533530910440238
2026-05-28,0.23867893131862392,0.5383086332740836,-0.40213407812934804,-0.13385279633619054,-0.2914889683966816,1.4060421139591326,-0.2678399446909134,1.33748317473018,0.22744508939073593,-0.4717684229527678,-1.1316225214703588
2026-05-29,-1.6478663985494073,-1.0843929555822733,-2.073049335477052,-1.0823722407296663,0.551688042569586,-0.9046069846652642,-0.4429742622800427,1.959635127043815,-0.43934974105803104,-0.9807357358914919,-0.4497932439951837
2026-06-01,-1.6257515826069555,-2.750763560592423,-1.244670083719306,1.822098297384008,-0.32187346134749034,-1.2161182851005532,-0.44178570219833374,2.5070274495890588,-0.5893828775036165,-1.7819413954877328,-3.1570489819091407
2026-06-02,-2.62270789590929,-0.6532212853058845,-0.2753055945382353,0.9882688977606863,-0.02104073444415142,-1.0186031380010103,0.935006273900121,0.7904094423518292,1.1166996507925915,0.4284104068138531,1.914486379207307
2026-06-03,-0.36225327717016437,-1.0774706958393379,1.0303336104841823,1.384477988383183,-1.2636346378135295,0.6973843668222071,-0.10875296969461856,-1.5985686795884833,0.25589204928349074,0.07939330575422535,-0.5564744343087087
2026-06-04,1.9586189100444649,0.44799653292773806,0.0078100173075245334,-0.027185755795576562,2.649847892650733,3.100183530547983,1.2231683836891125,-1.4893363100669523,0.011378091822879967,2.0132229100183503,0.5933643189471204
2026-06-05,-1.682198978953187,-2.751895618106979,1.5385900941574018,-1.8200691340316524,0.08982922128053658,0.640115902859538,-1.0782326850693718,-6.127698047245088,-2.090443503844053,0.6831755159235186,0.7478258345462444
2026-06-08,-1.0791890877884354,0.6627968091637483,-0.18474993430955033,1.1269270392802315,-0.5628307262228106,-0.21576796547072724,-0.3563609976962672,1.400244411200924,-1.3137014742102582,-1.644507477168879,-1.940156024932719
2026-06-09,-0.04912850451558395,-0.09499755449157032,0.7662549815822651,-1.6102788743985754,0.9545629573315392,1.2361498252131677,1.148434976929908,-1.8594995302939141,1.718087251969412,2.139816265317276,1.1182298825845607
2026-06-10,-1.673009372065243,-2.3709130707824055,1.6194065537421518,1.4319791671322974,-0.5320868769011936,-1.1545596202240183,-3.450103354969545,-2.36778117878729,-2.449651936274312,-0.008098320272830025,-0.051859478605482075
2026-06-11,0.11744282256867247,2.4421088473776735,-0.41050988762701,-2.0884598416518516,0.7750302653205456,0.8117058692061969,3.1386021078008506,2.7561083716854813,3.1497834246800602,-0.10955849598513563,0.0819982001244004
2026-06-12,0.4626358957284445,0.06010375007917664,0.6590018335299902,0.732910156182632,1.3183826587508702,-0.19226401453825065,0.5573157949097906,0.34816679499214725,1.7723024709777557,0.9287682591780959,1.1239363911813418
2026-06-15,2.4983518680137546,1.8810901063176142,-0.5053757684957266,-3.6241152670666166,0.40382664057927053,-0.700695996615005,1.2646553148345436,3.3112979354718104,0.7961980860343532,-0.9109999869116367,0.48024689315345165
2026-06-16,0.5374658517268591,-0.20183569781818925,0.23641915555199447,-0.2702282505471939,1.442699801151023,-0.024994276160406063,0.6442848892298347,-2.396643030684078,0.5237934896427076,0.17921804327307458,0.6943503506245162
2026-06-17,-3.1782579454771005,-2.7092516615309092,-2.142840440720314,-1.1625173461963614,-0.5397833942952787,-1.4183800751495703,-0.21142423565924984,-0.5915591148997542,-1.3951345185886939,-2.4950732162095846,-1.301249524501065
2026-06-18,0.9912616274129974,1.7395388240508431,-0.5994896077184103,-1.7452568505342252,-0.8934805834657605,-0.8736443530298422,0.6414071593912387,2.5734160716234276,-0.40321595940767435,-0.2540436352921858,0.665553733995203
2026-06-22,-3.837467182261582,-2.2716610015669074,-0.5852269359848304,1.2292431933048633,0.49571175573022463,0.8250533652002001,0.7015433363742307,-0.11334819479034806,0.029184965218657516,1.3561983471297523,0.4981901664420252
2026-06-23,-0.4006111574204707,-1.1942191350007088,1.7534801906022932,0.6771664711534329,0.305537270346928,1.3330007551970697,-2.0570750103489392,-3.8241532226278965,-1.5892365513604314,1.3290817392100356,0.7865166822698647
2026-06-24,-0.5887337319630933,0.6308568874502174,0.4519589340863154,-1.7554933514010496,-0.37207172981719727,0.7869656501632014,1.1166160320539273,-0.6688346328348076,0.34779506039025904,-0.4093635034955019,1.027329757070911
2026-06-25,-0.9903717072078662,-1.7608765655627445,-1.256337418638494,0.9536198022282066,-0.5015359915803166,1.439081024750374,2.1092079776560317,-0.283496151119301,1.4018222779090996,0.1148512419323976,0.6279238571814154
2026-06-26,-0.3710458980870171,1.5366772726717677,0.8398134815236429,-0.43348264134023246,0.36449343572096493,3.156814933676682,-1.5573022752716823,-1.2341417447497516,-0.27714969853897364,1.3974934734013424,0.8067058115787581
2026-06-29,3.034664964713433,2.861790867564277,-0.48642432960106574,-0.6356391983629845,0.1258437577249832,0.18025972750405622,0.715162025863818,1.6191563740979216,-1.9009317647512287,-0.7776908482681973,-0.4829201986161927
2026-06-30,0.20893482507485236,0.1316545919465038,-1.486622955366089,-0.6611168647250559,-0.13121436637768819,-1.3378715581895524,1.2525133060170974,2.479621681430649,0.5078662030800954,-2.250440778289495,-1.5285112547063235
2026-07-01,2.682260352694218,0.8487076535130343,-0.743172679836054,-0.5960110581152734,2.0679984033501047,0.4925853578995603,-1.0395030985496843,-2.0532861184062714,0.269745710267223,0.2609107883856813,-1.3485476569013448
2026-07-02,-1.0097753742368885,-1.2074322405295648,2.3947408455525045,0.8562396168885217,1.5911845130851994,2.6443413775355893,0.3232241617926014,-1.5971633512483534,2.063961801980123,1.1656029111128052,2.218942484950215
2026-07-06,1.557940378324156,1.1638343747434707,-0.935181765428901,-0.26705905454543033,0.8218252654694332,-1.1642136707388655,0.7870469291496583,1.3422216648522964,-0.19611277958069667,-0.9221591995716732,-1.0446221228557502
2026-07-07,0.6585671638473602,-0.6153791112389477,0.9508168693463278,2.985793865480454,-0.22132863223154392,1.5459378243162847,-1.65248064241837,-1.6687700172232627,-0.9802372164053375,1.4785864161878577,0.8761484018438347
2026-07-08,-1.4598403381017089,-1.6437891115788488,-0.25809634207537013,1.4321066958403286,-1.9415345173859082,-1.3519868100689796,-1.1004831419561576,1.421672367643169,-2.539355470563908,-1.616561704089949,-0.7203463248622313
2026-07-09,0.43934729995980737,1.5313414160773247,-1.6171158342650418,-1.5955695579523201,1.0175778464698015,-0.08143556649855296,0.3515419620817874,1.6460343691821577,0.33037482767470255,0.17515242393906505,-0.529479329468478
2026-07-10,0.8328067405102375,0.05502756123868167,0.9277274271682844,0.610811233658056,0.2934644384639935,-0.8504400283719241,0.4460078055492408,0.527315439941095,1.1226828388146728,0.47819566292226895,0.6074923798544865
2026-07-13,-1.313750083040758,-0.8497439932587004,0.5947715351216954,3.1018738392626064,0.5953326047482906,0.20884447149527988,-0.8682261828810077,-2.1083657268790135,-0.7885685139102834,0.48180538250708005,0.6788903513815066
2026-07-14,1.1591295781188273,-0.02021385206840857,-1.3157108266580686,0.35020608626661087,0.179900423987607,-1.9774894618688794,0.00849386660244241,1.1749750556843128,0.22383010468058853,-0.4203923652663125,-0.05269801713125977
2026-07-15,2.6074063837177803,1.286663746154936,-0.05744819236895869,-0.7767852888876857,0.6119821309564775,0.011530745360969853,-0.19005201671175168,-0.2432229007339827,-0.42308338567164094,0.08677735533308883,-0.9705617674535193
2026-07-16,-2.9751134004917965,-0.37732698501671014,2.7514703438861043,0.9768645494334145,0.3867795470703064,2.1263845760767217,0.10181631041534277,-1.892571451536812,0.4608086011039501,2.0392032344225712,0.5143096094664037
2026-07-17,-2.3760869280512833,-1.6305057215656704,-0.8126878469992523,1.1635078087450403,-0.9436727419466677,-0.4647208746926741,-0.4165285866988952,-1.0870181495135856,-0.8964736308360196,-0.01311301241512946,-0.7161774506783769
2026-07-20,0.7546519784611853,-0.48903722280095985,-0.6738151774044605,0.5425863656048466,-0.42378965567958704,-1.1952151273938112,-0.7890349822230686,0.03869137170814217,-0.9786989825168878,-0.45080805300299054,-0.52268761332133
2026-07-21,-0.8457419108850236,0.1100714361689145,-1.0757689290047403,1.145369823589336,0.10123934963982079,0.6041272640148758,0.32202510360674474,2.296923229070384,0.22987852157539837,0.0007197762252119839,0.03966720710599709
2026-07-22,-1.4377734559777642,-0.8909961108997457,0.22838245053997902,1.179944519713404,-0.15546668958083823,-0.5895876062605999,0.06838995191674552,0.043047318161729374,1.4382552464258926,-0.4950931540256787,2.2748214491902052
2026-07-23,-5.597440151130481,-5.835196755224763,-1.1334950197705018,0.5499229971382437,-0.3581910236294091,1.2798267375513206,1.6978211671218872,-1.1462096375463273,-0.9989668168750954,-0.07358247676836664,0.5193769345278558
2026-07-24,0.4691295587877646,0.04414694617112892,0.9458168086438046,0.21683747711644613,0.8462723104042322,0.6419442949117965,0.3284891183753977,-0.964312811548976,1.4121005996319516,2.284175264980853,0.16126510855867657
2026-07-27,1.4255197963748574,0.6569560524215139,1.6440943116893239,-2.1046105143533254,1.0163153312562283,0.5197216116377249,0.29638957702366087,-1.0272370319688222,0.23370653209992434,-0.5089196470969513,-1.3435501925476452
2026-07-28,1.7078301210064546,0.8501802560632085,1.879528088627865,-1.418414055325132,1.1674554097050176,2.3063047464245003,-0.44920059115080335,-1.3188713467392923,1.668292267614591,0.36169457482063183,-0.41639900324597195
2026-07-29,0.09027002754927393,-1.2742354986007935,0.32569614226117055,1.9784493475469351,-1.5826715811117216,-0.6272547233079144,-3.287872740016099,-2.593036583137154,-1.1058043492174336,-0.19957395881462142,-1.3628551592969964
2026-07-30,-2.65045859711301,1.6533801981648435,-2.296671615855544,0.5035125273144871,0.5560757776211005,-1.7396951065687916,0.8313806026168113,4.957447662283545,0.15721810739905967,-1.2816208409025267,-0.5179041819244788
2026-07-31,4.340892481368173,5.589032521766099,-0.34616021820879395,0.7988919022597539,-0.12931242675716015,-0.5685235551423324,0.7451483884970165,-0.5907122522277303,-2.772275954887111,-0.6997414599485899,-0.7478332266929543
2026-08-03,4.367041369192651,2.6565340584498474,-0.3404733137266849,-1.2671131224317755,0.7380834242187588,-0.21948104958220224,1.7819684696294178,1.6456892437264625,1.2167377585867483,0.27333197007083837,0.10131191553165542
2026-08-04,0.6716630173275456,-0.47996326019694285,0.4515250708986847,-0.5394162011673131,0.888714059932333,-0.16559561715406354,1.729998957513175,3.9884283190306835,1.9534007304384022,-0.1381644695932968,-0.6790058223482541
2026-08-05,-2.4754588303066525,-0.43535171104465736,0.11373456829263498,-2.0637398734337666,0.23754771567970387,1.3323772941119703,-0.047038564903068285,-0.025410088783563947,1.4821800778897918,0.13843936887192135,-1.0162554746532748
2026-08-06,-0.8627155826440155,-0.3718552568069389,-0.14259201707434255,1.5695606353020792,-0.379486402311202,0.14669535376948833,-0.8666582657453957,0.009464764109562271,-0.7941828391075461,-0.8648426313801457,-0.6408197925730966
2026-08-07,-0.37477534827217496,1.4010597071965827,-0.03295265404644134,-1.166977505891296,-0.3211552121101371,0.7566047632258547,0.19431175386543637,1.2490688579443683,1.4636598796750842,0.44202716921519747,0.4931271638587435
2026-08-10,0.729927370951844,0.32132976047286,-0.11015867950034515,4.515981282482844,0.3330955606177917,1.6873242824311112,-0.2962863883200272,-1.081307020082286,0.6563682152210341,-1.2567332038360843,-1.1084045175573363
2026-08-11,-2.2417199463641837,-0.7463812790616168,-0.17396217347844092,1.0473505009039028,-0.0352794139709613,-0.2993100982706682,0.560156591396487,-0.314456842906518,-0.08506428636885201,-0.8984449344858942,1.1104360142734393
2026-08-12,-0.9317324401219308,-1.4338341118706148,0.6844773967877195,0.17772823501036325,0.1290216042415562,0.23006321113695072,0.0760030951947497,1.1116606103619608,-1.2179272319464005,1.036405504204308,0.5272236754962587
2026-08-13,1.624856377108688,0.37851119778929077,0.7544453750691861,-0.10163725351250273,0.5843126403900627,-0.0795356820314474,-0.04110010770063728,0.9356090759734661,-0.7380290419918283,1.3393419790308643,0.3697177216020474
2026-08-14,-0.11871421175400235,-0.3400311309567746,0.04318863927690228,1.3531373059815157,-0.1706841982261725,-0.6522927954356498,0.32788225894416034,-0.4943780020261805,0.46245462263284687,0.35296102900234266,0.5511588187630048
2026-08-17,-1.4512731478236247,-1.0308739512802116,-1.408986616651957,0.8638093717478218,-1.0677544948154911,-0.21627806078131365,-0.19845821284410675,-0.2109161497653528,-0.5222700605926073,-0.9350539395052713,-0.3901225258965097
2026-08-18,-0.6589169081220879,-0.4377493836590019,1.035054833162581,1.762618552275261,0.4528517200421285,1.5838473833096507,-1.4636378243741968,-2.0224516288500647,-0.9303218801031511,-0.4393461289835081,-0.4311389568057742
2026-08-19,0.47768236486946486,2.1959205627799268,0.6500962303784692,-0.3148349606424514,-0.5954840810718375,3.2128381019177152,-0.9073274437123543,-0.8190839402679331,1.5874310570333257,0.7260059527481798,0.016872850692838625
2026-08-20,-0.7725334482265875,-1.7979410428384208,-2.8169244520440517,0.3772123545737511,-0.9964655449110454,-1.9838143738161076,-1.225886610678959,-0.4040085600293544,-0.13634847859793914,0.13918104466236172,-0.5827261305531566
2026-08-21,0.9181097611225444,1.0289805273637145,0.5006087451334372,-0.23273402066790433,1.010761428801437,1.3131170344816443,0.287164083686083,-0.005939157311694318,2.1150115244237595,-0.07427411139222496,-2.3287438887928484
2026-08-24,1.0024243570636184,0.10725661430460201,1.8184475580934323,-0.786346936858165,1.2251161635258534,-0.006240790590123653,-0.6866137046002113,-1.6349005879684786,0.2851269174543409,0.5637543466638298,1.0218307291537887
2026-08-25,0.4534692487711528,-0.2463070264535163,-0.8830928899741496,-1.7229536367472766,0.1760800773302773,0.2944971586252053,-0.33212349286748466,0.985347941436621,0.32744629962197624,0.10314623732960239,0.22144548030887848
2026-08-26,-0.785590627159217,-0.6452785387977005,-0.49802795156330215,0.26289118676812184,-0.12369845633466325,-1.075538376414598,1.0542468991110032,0.4023754869542627,-0.023498722398425313,-0.5418944214198756,0.46324708467780296
2026-08-27,-0.7273363684377657,-0.9029618070927279,-1.5446678809032615,-0.36313455047876314,-0.5698471442969821,-1.1122916372940779,-0.8419176008991811,3.243985587828784,-0.7163177947953583,-0.9242157044304177,-0.7411537921956961
2026-08-28,1.5993119045532962,1.5635595486927216,0.5260558826406552,0.5635143633436045,0.3121466018435753,-0.2543125029516582,-0.9559314481771894,-1.362883077180577,-0.30243373455827993,-0.5190328300940849,-1.1700025553942865
2026-08-31,-1.626515440485635,-0.5733895021485624,-0.13977922100222748,2.0707096937059863,-0.6977304051764018,-0.4508022214774888,-1.161879904910855,0.2735891297527139,-0.8529729660114298,-0.7813515857679213,-1.301496493668023
