Date,top10_share,index_hhi,n_members
2018-10-01,0.2537823512262761,0.010923354261733154,428
2018-10-02,0.2533831046963852,0.010909631557501048,428
2018-10-03,0.25392659900241293,0.010945036915915005,428
2018-10-04,0.25217775573442547,0.010818917824605492,428
2018-10-05,0.251551138464464,0.010764019583689943,428
2018-10-08,0.2504159216820975,0.010688647499887599,428
2018-10-09,0.2517863592071542,0.010789713194237875,428
2018-10-10,0.2487663938363427,0.010589800553047752,428
2018-10-11,0.25028498656216097,0.010685570724745207,429
2018-10-12,0.2525362935566583,0.010885877898407703,429
2018-10-15,0.2507061412498436,0.010749688195544407,429
2018-10-16,0.251828873620293,0.010820039128089917,429
2018-10-17,0.2524006491210099,0.01083310544241222,429
2018-10-18,0.25093566701131687,0.010726009220765149,429
2018-10-19,0.2517333402006441,0.010803280549156871,429
2018-10-22,0.25335013810555307,0.010922741167973728,429
2018-10-23,0.2534481880151995,0.010965151941885812,429
2018-10-24,0.25084433493207003,0.010794733183079351,429
2018-10-25,0.254998709814601,0.011068585331001465,429
2018-10-26,0.2527870106562412,0.010929052461965919,429
2018-10-29,0.24840623400711465,0.010645578544667605,429
2018-10-30,0.24697908594388907,0.010526154873707592,429
2018-10-31,0.25068084724882833,0.010746971784587136,429
2018-11-01,0.2505320785018977,0.010735716952838857,429
2018-11-02,0.2486638919315755,0.010554917235979226,429
2018-11-05,0.2462801795287821,0.010393899820409372,429
2018-11-06,0.24655485989367976,0.010397635319139377,430
2018-11-07,0.24904976653717303,0.010580163373797158,430
2018-11-08,0.2485723222361047,0.010563085046659055,430
2018-11-09,0.2467408782210751,0.010457631997124815,430
2018-11-12,0.24437122168267128,0.01028836161581672,430
2018-11-13,0.2439617593983715,0.010249055918763366,431
2018-11-14,0.2430438624319697,0.01016933581138147,431
2018-11-15,0.24418007486097043,0.01024149771824125,431
2018-11-16,0.24358251956965374,0.010228602170894439,431
2018-11-19,0.24081113427547057,0.010057219616993957,431
2018-11-20,0.24024452352355422,0.009990807948389618,431
2018-11-21,0.240794562998802,0.010019261879962828,431
2018-11-23,0.23917913322206602,0.009940632810301265,431
2018-11-26,0.24157538196044975,0.010068355885681573,431
2018-11-27,0.2411898244964375,0.010069213286057213,431
2018-11-28,0.24360338380214355,0.010234309528920639,431
2018-11-29,0.2434985266572675,0.01022260278124011,431
2018-11-30,0.24314662315322044,0.010208660213166548,431
2018-12-03,0.24484962640882266,0.010304559165925634,433
2018-12-04,0.24307532235320678,0.010191184365504615,433
2018-12-06,0.24377198067785621,0.010234308558474722,433
2018-12-07,0.24276780237900003,0.010139007269208402,433
2018-12-10,0.2438290387415039,0.010220427603220209,433
2018-12-11,0.24429331189693998,0.010255679570785676,433
2018-12-12,0.24463627017697112,0.010273833042174687,433
2018-12-13,0.24531944388605578,0.010318866955157553,433
2018-12-14,0.2426805637754661,0.010187604665092062,433
2018-12-17,0.24176134745291258,0.010141602025033895,433
2018-12-18,0.2437633887571641,0.010259938856019302,433
2018-12-19,0.24232039886858053,0.010209872871431333,433
2018-12-20,0.2422545382860511,0.010183997141480432,433
2018-12-21,0.2393908267658787,0.010022969237120226,433
2018-12-24,0.23975266280519145,0.01003112987933108,434
2018-12-26,0.24334397903144805,0.010243836355083028,434
2018-12-27,0.24210273775175634,0.010173398265037655,434
2018-12-28,0.24197500404778885,0.01018099989428706,434
2018-12-31,0.24135524931621558,0.010164919300085493,434
2019-01-02,0.24306807742725706,0.010239018350391354,434
2019-01-03,0.2393571711909094,0.010028550129513945,434
2019-01-04,0.24098439538127697,0.01012334953629293,434
2019-01-07,0.24083301010731484,0.0101165777715047,434
2019-01-08,0.24126693852401976,0.010134763224388077,434
2019-01-09,0.2417376905426405,0.010145561448652845,434
2019-01-10,0.24042140853482705,0.010063524658962663,434
2019-01-11,0.23875390267840624,0.009981283453038524,434
2019-01-14,0.2382502295524281,0.009938296333164308,434
2019-01-15,0.24057524992514415,0.010096394996463271,434
2019-01-16,0.24080004118164763,0.010125334672839534,434
2019-01-17,0.24038889462305668,0.010102472461129148,434
2019-01-18,0.23980154734544487,0.010048154690100324,435
2019-01-22,0.23815677276687217,0.009946876049486754,435
2019-01-23,0.2378212681937712,0.009975186820463021,435
2019-01-24,0.23751783775825486,0.009944302301936143,435
2019-01-25,0.2388581446414166,0.009992457791099512,435
2019-01-28,0.23779690129095615,0.009912416202016463,435
2019-01-29,0.23560998117719312,0.009770447823071016,435
2019-01-30,0.23954001531236635,0.009992025788382876,435
2019-01-31,0.2405551267766079,0.010026233763428436,435
2019-02-01,0.23912532168048636,0.009884207144546065,435
2019-02-04,0.24060540904401453,0.009995920023496863,435
2019-02-05,0.24171733791686534,0.010068659312133445,435
2019-02-06,0.24009840519917133,0.009978847953034145,435
2019-02-07,0.23880248896710835,0.009910804887407892,435
2019-02-08,0.2378213476172732,0.00985854585655465,435
2019-02-11,0.23759147091899294,0.009838013988137108,435
2019-02-12,0.23830853583745598,0.009887618279960512,435
2019-02-13,0.23781564167734728,0.009852417773507195,435
2019-02-14,0.23781842636949777,0.009853952179851841,435
2019-02-15,0.23624884174410507,0.00975758228855544,436
2019-02-19,0.2365295561320396,0.009784455294716419,436
2019-02-20,0.23605937504774582,0.009743101088528647,436
2019-02-21,0.23606530541184897,0.009764462956800946,436
2019-02-22,0.2363670566571234,0.009796735952535319,436
2019-02-25,0.23711782240944826,0.009832790295889482,436
2019-02-26,0.23764649814935856,0.0098714615084361,436
2019-02-27,0.23794452487768958,0.009880572742978704,436
2019-02-28,0.23786314979590512,0.009886594762651305,436
2019-03-01,0.23888741037943878,0.0099384935508563,436
2019-03-04,0.2408250651761455,0.010028275689244134,436
2019-03-05,0.241576321880557,0.010066999132177783,436
2019-03-06,0.24217568440280893,0.010095159160226715,436
2019-03-07,0.24158406470841143,0.010046425918540988,436
2019-03-08,0.24185794732683905,0.010067330878500598,436
2019-03-11,0.2435812670101655,0.010172052156372749,436
2019-03-12,0.2443380327812891,0.010217088773823702,436
2019-03-13,0.24413670729511788,0.010209060937081689,436
2019-03-14,0.24415079415468968,0.010218404023258154,436
2019-03-15,0.24415968256022325,0.010248278611504968,436
2019-03-18,0.24457338643449608,0.010294150570695701,436
2019-03-19,0.24433762978225482,0.01027684830099679,437
2019-03-20,0.24659137097915357,0.01041867064173457,437
2019-03-21,0.2472379947659335,0.01048354281421551,437
2019-03-22,0.24650668889933358,0.010435169080540232,437
2019-03-25,0.24615665572990414,0.010415296274086527,437
2019-03-26,0.24540729989050067,0.010364410637991144,437
2019-03-27,0.2451986298181929,0.01035584899527886,437
2019-03-28,0.2448287093414034,0.010323979089035252,437
2019-03-29,0.2445528373953303,0.010310698874134981,437
2019-04-01,0.24464003042258264,0.010296943086919554,438
2019-04-02,0.2457881834174248,0.010354581203875233,437
2019-04-03,0.24589610698191133,0.010375853444385501,437
2019-04-04,0.24574329478026907,0.010363723980068958,437
2019-04-05,0.24543510466440835,0.010344646736335008,437
2019-04-08,0.24601418637266667,0.010387336517522976,437
2019-04-09,0.24651093714521782,0.010414795722327152,437
2019-04-10,0.24661503528624762,0.010424758895161505,437
2019-04-11,0.2465798592655975,0.010406307033375646,437
2019-04-12,0.24690781015807656,0.010398008006381698,437
2019-04-15,0.24725021605649652,0.010433679305387277,437
2019-04-16,0.24804161343854214,0.01046975555670647,437
2019-04-17,0.2501815986487827,0.010594662904365282,437
2019-04-18,0.2500309419543792,0.010607092545410781,437
2019-04-22,0.251570332169973,0.010690570715815811,437
2019-04-23,0.2525721142916181,0.01074505911611656,437
2019-04-24,0.251604422463108,0.010695520272356745,437
2019-04-25,0.2541086720162787,0.010824191651846898,437
2019-04-26,0.2543065142572567,0.010839746146126705,437
2019-04-29,0.25501692265869225,0.01086374367059953,437
2019-04-30,0.2514982759844572,0.010642657481232925,437
2019-05-01,0.2528701495194797,0.010736908682107416,437
2019-05-02,0.25095292918435325,0.010610227537541319,437
2019-05-03,0.25257699128840677,0.01072247179029686,437
2019-05-06,0.2518398035351867,0.010689324935077665,437
2019-05-07,0.2515371311388254,0.01066090400140762,437
2019-05-08,0.25161510958805733,0.010663582906050868,437
2019-05-09,0.2511377078418171,0.010626702276696532,437
2019-05-10,0.24989781190282442,0.010563690698049164,437
2019-05-13,0.2479901286819339,0.01043418686824628,437
2019-05-14,0.24724488005072837,0.010411250518377498,437
2019-05-15,0.24936508669947327,0.010539658456661778,437
2019-05-16,0.24981032935413944,0.010589757279130283,437
2019-05-17,0.24905662436719364,0.010547085095684736,437
2019-05-20,0.24775442038309883,0.0104608851172439,437
2019-05-21,0.24733266228174602,0.010436943326829595,437
2019-05-22,0.2474036509095868,0.010451670387471277,437
2019-05-23,0.246640727784301,0.010414787259661842,437
2019-05-24,0.24643555075769255,0.010404947346109757,437
2019-05-28,0.24829878588853424,0.01051526569353989,437
2019-05-29,0.2472969267301933,0.010474976062960316,437
2019-05-30,0.24727917163178095,0.010476625978811403,437
2019-05-31,0.2464470513448827,0.010412837765011854,437
2019-06-03,0.23981538318220233,0.010004868521796696,438
2019-06-04,0.24043518831090865,0.010037397820677203,438
2019-06-05,0.24028085511418534,0.010054799430894934,438
2019-06-06,0.24117457935717768,0.010110395415477879,438
2019-06-07,0.24324945066651743,0.010251729646829242,438
2019-06-10,0.2451029712260221,0.01036125778698827,438
2019-06-11,0.2458289432477273,0.01039545183717611,438
2019-06-12,0.24519713494557857,0.010365395064421233,438
2019-06-13,0.2452645059586518,0.01037607735698568,438
2019-06-14,0.24560987746738067,0.010390201266903529,438
2019-06-17,0.2469571156842173,0.010463649048032257,438
2019-06-18,0.24735961307852625,0.01050074228563579,438
2019-06-19,0.24672216405028644,0.010472017524657231,438
2019-06-20,0.24658463723987112,0.010458368741498041,438
2019-06-21,0.24701247838268578,0.010479467780552537,438
2019-06-24,0.24757441813946726,0.010520457854022808,438
2019-06-25,0.24598828885462884,0.010394896197925746,438
2019-06-26,0.24773562622231265,0.0104981446589344,438
2019-06-27,0.2472683657659574,0.010464686240202676,438
2019-06-28,0.24652735297432082,0.010384099187682783,438
2019-07-01,0.24717742637934417,0.010437078794331787,439
2019-07-02,0.24773006437813902,0.010486750577429912,439
2019-07-03,0.2474839314458736,0.01047088397417432,439
2019-07-05,0.24791259217343709,0.010498407193224042,439
2019-07-08,0.24774406668462756,0.010484380392663391,439
2019-07-09,0.24897488819559707,0.010545414692848372,439
2019-07-10,0.25002602605537966,0.010619692730122011,439
2019-07-11,0.24916049858023054,0.010576930770330575,439
2019-07-12,0.2483288656262566,0.010544280110027747,439
2019-07-15,0.24798707355184754,0.010530471518778027,440
2019-07-16,0.24774141953314174,0.01049596347557354,440
2019-07-17,0.2473977933551656,0.010494743157872213,440
2019-07-18,0.24680009687170135,0.010455764614863892,440
2019-07-19,0.24619530930324093,0.01043794907166794,440
2019-07-22,0.2477562716152396,0.01055045359949481,440
2019-07-23,0.24745245280773745,0.010534695335921045,440
2019-07-24,0.24737649752108806,0.01052027665165262,440
2019-07-25,0.2470720504522974,0.01050302307396512,440
2019-07-26,0.24844171933374556,0.01058395701747344,440
2019-07-29,0.24770774546185848,0.01054449780708036,441
2019-07-30,0.24714752723095557,0.010508147070867386,441
2019-07-31,0.24710208354639,0.01049007491774987,441
2019-08-01,0.24771925617646026,0.010533794899303913,441
2019-08-02,0.2471527916370087,0.010490937196790338,441
2019-08-05,0.24570660601586328,0.010396744336342996,441
2019-08-06,0.24594508838073909,0.010416845045586782,441
2019-08-07,0.2457919428737404,0.010401728409931168,441
2019-08-08,0.24679590067672583,0.010473355115827003,441
2019-08-09,0.24640948971559368,0.010459142301631849,443
2019-08-12,0.2458153161377113,0.010409206238292164,443
2019-08-13,0.24734048012137377,0.01051467449933367,443
2019-08-14,0.24755987698696819,0.010538647517140447,443
2019-08-15,0.2481078509576743,0.010499295463793818,443
2019-08-16,0.2477799537489229,0.010496101561320848,443
2019-08-19,0.24811366092014958,0.010531930431667585,443
2019-08-20,0.24817795417360733,0.010565326286243796,443
2019-08-21,0.24779066190007912,0.010551367311824896,443
2019-08-22,0.24730091279553082,0.010515384825752809,443
2019-08-23,0.2462858307565012,0.010436466941437076,443
2019-08-26,0.2470175377798274,0.010495992317009803,443
2019-08-27,0.24738908749281066,0.010508079928592068,443
2019-08-28,0.24645363361507364,0.010459733358926627,443
2019-08-29,0.24714926275610075,0.010496640995075551,443
2019-08-30,0.24659049664412588,0.010458841840898715,443
2019-09-03,0.2451929379972588,0.0103672698247202,443
2019-09-04,0.2458295211319741,0.010406377108851485,443
2019-09-05,0.2467208636804274,0.010466106049006708,443
2019-09-06,0.24631519684767506,0.01045182490820385,443
2019-09-09,0.2464390954324703,0.01043540712156933,443
2019-09-10,0.2461460596322735,0.010412874969197234,443
2019-09-11,0.2466026077245045,0.01045611592389718,443
2019-09-12,0.24716373370229122,0.01049295024096723,443
2019-09-13,0.247021677531499,0.010454265621969949,443
2019-09-16,0.2461475086807134,0.010417884334304697,443
2019-09-17,0.24635394683339268,0.010431585434661474,443
2019-09-18,0.2472324149249839,0.010484187454870056,443
2019-09-19,0.247900585227208,0.010534218185161797,443
2019-09-20,0.24710904460049632,0.010467756313516211,443
2019-09-23,0.24677725522747718,0.010444101479014284,444
2019-09-24,0.2456765124737022,0.010372930731600019,444
2019-09-25,0.24702790881960454,0.010469733816901586,444
2019-09-26,0.24600241707049755,0.01042339483805668,444
2019-09-27,0.24549488015861817,0.010391416085797491,444
2019-09-30,0.2457785701140848,0.010431001859718955,444
2019-10-01,0.24735340216929186,0.010512141051596896,444
2019-10-02,0.24764504577568208,0.010500941313956826,444
2019-10-03,0.24754289952491396,0.010495438098942232,444
2019-10-04,0.24764304896222128,0.01050237655121558,444
2019-10-07,0.24787291887152163,0.010517841488068528,444
2019-10-08,0.24854357980288122,0.010561786323663756,444
2019-10-09,0.24891134097077636,0.010598430113648298,444
2019-10-10,0.24859871771270087,0.01059505516156949,444
2019-10-11,0.24890688376579484,0.010596990612305247,444
2019-10-14,0.2490797221259779,0.010612834905619357,444
2019-10-15,0.2499888292320751,0.01064191157180171,444
2019-10-16,0.25032094138006405,0.010642668183622533,444
2019-10-17,0.25023004174805985,0.010629126945231389,444
2019-10-18,0.2483631754674537,0.010555601630541128,444
2019-10-21,0.24971382026823852,0.010625389397051984,444
2019-10-22,0.2484784794331697,0.010567511098692427,444
2019-10-23,0.2500157549262424,0.010667440700758162,444
2019-10-24,0.2508379429763087,0.010727281279189479,444
2019-10-25,0.25033304146955565,0.010686538653450765,444
2019-10-28,0.2519515432049131,0.010807626661243495,444
2019-10-29,0.24928824381013454,0.010632687538111078,444
2019-10-30,0.24967484039963359,0.010655465402784656,444
2019-10-31,0.2508377517387201,0.0107406172598234,444
2019-11-01,0.25148404285631787,0.010779928633638445,444
2019-11-04,0.25202604185656974,0.010818776983309386,444
2019-11-05,0.2523993961165757,0.010837145494022413,444
2019-11-06,0.2521621030157596,0.010826374928447255,444
2019-11-07,0.2524396705579956,0.010858732612639307,444
2019-11-08,0.25259572691764326,0.010875416259982089,444
2019-11-11,0.25260569397289606,0.010890522659296527,444
2019-11-12,0.25291455078524844,0.010903563722919346,444
2019-11-13,0.2526292636132673,0.010911531302157391,444
2019-11-14,0.25291943821766766,0.0109191900007694,444
2019-11-15,0.25306525854558687,0.010940753141274752,444
2019-11-18,0.25354533352509906,0.01096828951025165,444
2019-11-19,0.2537310446937672,0.010952918132105686,444
2019-11-20,0.2530599939859903,0.01090512940904139,444
2019-11-21,0.25246611760424165,0.01086280557830877,445
2019-11-22,0.2519916926112978,0.010827622380437038,445
2019-11-25,0.25246126783685874,0.010876099566551835,445
2019-11-26,0.2524359496378785,0.010873174839579166,445
2019-11-27,0.2531331864840962,0.010913650170368086,445
2019-11-29,0.25314150549309683,0.010904589048423957,445
2019-12-02,0.2530893279226172,0.010888783024868898,445
2019-12-03,0.25326265809622556,0.010890608156938143,445
2019-12-04,0.2531553256367364,0.010886608570563961,445
2019-12-05,0.2536483590673577,0.01092039968525713,446
2019-12-06,0.25404135157220115,0.010953147638974658,446
2019-12-09,0.2540812781424785,0.010940893589997013,446
2019-12-10,0.2542218951624037,0.01095935747629077,446
2019-12-11,0.25450823772139125,0.010981016435145229,446
2019-12-12,0.2536670502448987,0.010940743893033936,446
2019-12-13,0.2543651149090235,0.011008166745844037,446
2019-12-16,0.2549102869153036,0.01105192355317297,446
2019-12-17,0.2552336157628683,0.011053699952303922,446
2019-12-18,0.2549436618823526,0.011032545180645382,446
2019-12-19,0.2551863818748318,0.011036425952890339,446
2019-12-20,0.25443881737411767,0.0109927604967113,446
2019-12-23,0.25460740847007524,0.01102536749357626,446
2019-12-24,0.2542267401129512,0.010993704487952146,446
2019-12-26,0.2566184753582495,0.011154377922165379,446
2019-12-27,0.25654605484684534,0.011153097974788887,446
2019-12-30,0.25648797351166075,0.011155641598900687,446
2019-12-31,0.2563981868560009,0.011155842427395736,446
2020-01-02,0.2587498775834907,0.011324805646520414,446
2020-01-03,0.25798534823961855,0.011276113267263136,446
2020-01-06,0.25933648165037415,0.011367815183481383,446
2020-01-07,0.2589841816599487,0.011328295855851794,446
2020-01-08,0.25968086285347025,0.011400146248440792,446
2020-01-09,0.2608530273984282,0.011488507021408106,446
2020-01-10,0.26110684539569295,0.011526209688482832,446
2020-01-13,0.26180815727944273,0.011586737219408665,446
2020-01-14,0.2604738394019664,0.011463114725083382,446
2020-01-15,0.2604584061300677,0.011458583313044994,446
2020-01-16,0.2608406036836358,0.011501615381108337,446
2020-01-17,0.2616695167224273,0.011556843287912445,446
2020-01-21,0.2622785655506185,0.011586581111441285,446
2020-01-22,0.26215497952433814,0.011588162262152396,446
2020-01-23,0.2620927190924074,0.01159592606114459,446
2020-01-24,0.2619293880398182,0.011604268587516111,446
2020-01-27,0.26129671024928924,0.011520948398739838,446
2020-01-28,0.2626550515615847,0.01163439996578295,447
2020-01-29,0.265511381218244,0.01182731529476564,447
2020-01-30,0.2654719011402727,0.011866030785483934,447
2020-01-31,0.26626213716037006,0.011891270243662776,447
2020-02-03,0.26731404022096605,0.011959390900089139,447
2020-02-04,0.2678050960722861,0.01203774224515707,447
2020-02-05,0.26580300978979665,0.011911965999422163,447
2020-02-06,0.26744122510535473,0.01206059888868494,447
2020-02-07,0.2681871113696742,0.012102637283760657,447
2020-02-10,0.2697614231734681,0.012230545215525584,447
2020-02-11,0.26757092277177574,0.012062913857972875,447
2020-02-12,0.26793243649136655,0.012092330062770107,447
2020-02-13,0.26757400314589425,0.012048657664500586,447
2020-02-14,0.2679313711812089,0.01206273498110553,447
2020-02-18,0.26883710736499133,0.012117260508501917,447
2020-02-19,0.26936986802508006,0.01215166456309379,447
2020-02-20,0.26814447197058594,0.012055111150455157,447
2020-02-21,0.2658200857896595,0.011855689781022583,447
2020-02-24,0.26378022509441285,0.011698685696926999,447
2020-02-25,0.26536750366775447,0.011802479918805214,447
2020-02-26,0.26766838934008436,0.011994893570896316,447
2020-02-27,0.26539654928205725,0.011758986975531715,447
2020-02-28,0.268287897076369,0.012025130228639238,447
2020-03-02,0.27078264366762533,0.012268274594861241,447
2020-03-03,0.2684857151324454,0.012112567135158857,448
2020-03-04,0.2675577167053568,0.012072224864825416,448
2020-03-05,0.268148315531547,0.012119658441879438,448
2020-03-06,0.26818612747002213,0.012119607705690313,448
2020-03-09,0.2707570113588128,0.012272156296918382,448
2020-03-10,0.2726642244864611,0.012441063171218111,448
2020-03-11,0.27393937631665427,0.01257725741156525,448
2020-03-12,0.27642329556920636,0.012697805352374683,448
2020-03-13,0.2802576933068033,0.013023143474577864,448
2020-03-16,0.2823255149697046,0.013094508323580332,448
2020-03-17,0.28249290019704404,0.013119611686571515,448
2020-03-18,0.29066741583938105,0.013695041188381607,448
2020-03-19,0.2909139985423377,0.01375316456137844,448
2020-03-20,0.291777560150304,0.013796794912410083,448
2020-03-23,0.29547263738524454,0.01425219834698228,448
2020-03-24,0.29089896462196335,0.013854189375457779,448
2020-03-25,0.28473655769030165,0.01334602847684436,448
2020-03-26,0.2809241259009852,0.01316122377435658,448
2020-03-27,0.27989117892896687,0.013080332618849033,448
2020-03-30,0.28235049286816927,0.013284607349085212,448
2020-03-31,0.2848573567530716,0.013455902885535012,448
2020-04-01,0.2871596516148453,0.013586101852731253,448
2020-04-02,0.28586153760150723,0.013505650754262537,448
2020-04-03,0.2862710175778865,0.013510960865738973,450
2020-04-06,0.2855998928837371,0.013502711772679888,449
2020-04-07,0.28424704535897183,0.01340845144881877,449
2020-04-08,0.2809595482979333,0.01312091967801428,449
2020-04-09,0.2785060573400239,0.012887918103748418,449
2020-04-13,0.2837551651710206,0.013384404901693311,449
2020-04-14,0.28655804488972336,0.013672751547098395,449
2020-04-15,0.2909179504370825,0.01401312288988223,449
2020-04-16,0.2935150898751194,0.014309469542710278,449
2020-04-17,0.28760544238122515,0.013779465943310781,449
2020-04-20,0.2890217966142887,0.013899828972472975,449
2020-04-21,0.28919337459062244,0.01384572133634656,449
2020-04-22,0.2907855057579739,0.013952075357385326,449
2020-04-23,0.29131380144472635,0.013976083966861157,449
2020-04-24,0.2909070464964261,0.013999287398490119,449
2020-04-27,0.2857179893675202,0.013622920703427037,449
2020-04-28,0.28183473874875925,0.013280407780508166,449
2020-04-29,0.28476328543961993,0.013521376081299559,449
2020-04-30,0.29101320373883666,0.014061556656935677,449
2020-05-01,0.29121226654311505,0.013991244732039321,449
2020-05-04,0.29277937405227944,0.014188155172839797,449
2020-05-05,0.292621616140052,0.014195972745110738,449
2020-05-06,0.2955983608270758,0.014503995381809492,449
2020-05-07,0.29454343573245806,0.01442650933355688,449
2020-05-08,0.2929548521382874,0.014294421351234744,449
2020-05-11,0.29527579306453505,0.014539378676757524,449
2020-05-12,0.2955237054290314,0.01452348301409796,450
2020-05-13,0.2975021103898508,0.014680497684106581,450
2020-05-14,0.29592757239241674,0.014583809626923369,450
2020-05-15,0.2972455762646262,0.014656605481494644,450
2020-05-18,0.2926927582836314,0.014260717300668937,450
2020-05-19,0.2947058088108987,0.014411846395772684,450
2020-05-20,0.29581166851890744,0.014465040889072325,450
2020-05-21,0.2953688009205948,0.014407590339270328,450
2020-05-22,0.2949433353376745,0.014382662046865322,450
2020-05-26,0.2911694775436118,0.014016418698024762,450
2020-05-27,0.2873285158713293,0.013735234626783416,450
2020-05-28,0.28740435952672855,0.013739719674622236,450
2020-05-29,0.2878985758260823,0.013802021542412272,450
2020-06-01,0.2882704473665152,0.013830182605024867,450
2020-06-02,0.28769572936369225,0.01378325029498641,450
2020-06-03,0.2850424357836427,0.013554496633678874,450
2020-06-04,0.28335154695572523,0.013411521682622985,450
2020-06-05,0.28212901089361536,0.013316500587363132,450
2020-06-08,0.2806974929293258,0.013219985477030419,450
2020-06-09,0.28609987069098397,0.013718843664408523,450
2020-06-10,0.2911980401029882,0.01425514288383253,450
2020-06-11,0.2944417145227734,0.014527266653383011,450
2020-06-12,0.29285681698834376,0.014373965988002009,450
2020-06-15,0.2927178825104357,0.014376758595398678,450
2020-06-16,0.2925902874852494,0.014422611888179495,450
2020-06-17,0.29399766949076156,0.014564397259666398,450
2020-06-18,0.2941579081964724,0.014612198334402152,450
2020-06-19,0.29537321116589454,0.014702958732114678,450
2020-06-22,0.29810488637591936,0.014965023119058223,452
2020-06-23,0.30025091740074406,0.015177476241016858,452
2020-06-24,0.3018279051794597,0.015358594708367677,452
2020-06-25,0.30127089295438514,0.015354197446363328,452
2020-06-26,0.29907512599962816,0.01522047349186655,452
2020-06-29,0.2984738729751556,0.015162381259886304,452
2020-06-30,0.2992414146285492,0.015254327284802008,452
2020-07-01,0.30188748135037713,0.015462277953369229,452
2020-07-02,0.3017896384710016,0.015461148761061187,452
2020-07-06,0.3050505703963889,0.01580892093997969,452
2020-07-07,0.3063614450041542,0.015848967054906134,452
2020-07-08,0.3086247080638324,0.016154052892922273,452
2020-07-09,0.3129953372325363,0.01659234513718807,452
2020-07-10,0.31138461164567155,0.016413176933211766,452
2020-07-13,0.3092125630221234,0.016149110920554505,452
2020-07-14,0.3079155087992374,0.015993328980400918,452
2020-07-15,0.3044813929640211,0.015659877382476095,452
2020-07-16,0.3034450441247031,0.015513906281403159,452
2020-07-17,0.30185042262615147,0.015344008505237748,452
2020-07-20,0.3088661531770398,0.01608448834991375,452
2020-07-21,0.3051811680895407,0.015723201260273652,452
2020-07-22,0.30421763892357506,0.015636693428226635,452
2020-07-23,0.29863949016486335,0.015036716338745815,452
2020-07-24,0.29970016139444655,0.015126071677865512,452
2020-07-27,0.30106805364165606,0.015309278846674497,452
2020-07-28,0.2998635402722275,0.015152395903452583,452
2020-07-29,0.2995705051014707,0.015160892734016442,452
2020-07-30,0.3018107982871296,0.015375935888542885,452
2020-07-31,0.3081286313202744,0.016142749230688654,452
2020-08-03,0.3098787521414723,0.016386120635599716,452
2020-08-04,0.30885454238218824,0.01628182069383531,452
2020-08-05,0.3087140280113491,0.01629101179682879,452
2020-08-06,0.31250810314341515,0.016662710989608254,452
2020-08-07,0.30898270582182935,0.016205992392576033,452
2020-08-10,0.3075827876046635,0.01608010670508466,452
2020-08-11,0.3042762240504959,0.01571726235545219,452
2020-08-12,0.306626671084916,0.016025100231144673,452
2020-08-13,0.30827457842707384,0.016218638225054555,452
2020-08-14,0.30771625890145854,0.01617738993162092,452
2020-08-17,0.30814656758931547,0.01621152344320209,452
2020-08-18,0.3116586952867834,0.01655477726807832,452
2020-08-19,0.3113141845432167,0.016516561116605072,452
2020-08-20,0.31522392735098015,0.01692180769944921,452
2020-08-21,0.3172020530392561,0.01724999849815095,452
2020-08-24,0.31666923351545945,0.017198079325918006,452
2020-08-25,0.3178801689362911,0.017241919313721567,452
2020-08-26,0.32167759644973365,0.017580338961043204,452
2020-08-27,0.3206404357670697,0.017430547655065246,452
2020-08-28,0.32040555408224464,0.017333019004020334,452
2020-08-31,0.32246898232338245,0.01769108949540353,452
2020-09-01,0.325509599693576,0.018077880136087916,452
2020-09-02,0.3234651287052495,0.017740194295819637,452
2020-09-03,0.31768670435895735,0.01700475324718132,452
2020-09-04,0.3158629648428986,0.01687853703807355,452
2020-09-08,0.3107596916632533,0.016236139413915482,452
2020-09-09,0.3132980802243636,0.016598411784888734,452
2020-09-10,0.31132757234564085,0.0163474566211262,452
2020-09-11,0.3086861710886882,0.016058630035019183,452
2020-09-14,0.3074075180805024,0.01602579345516507,452
2020-09-15,0.3088545064738536,0.016157711729096885,452
2020-09-16,0.30451795380403196,0.015702189167227425,452
2020-09-17,0.302693039307052,0.015518314917685697,452
2020-09-18,0.30116493267926575,0.015303006260102042,453
2020-09-21,0.30498519151029563,0.01580566866681794,452
2020-09-22,0.30878214179709723,0.01618663455465136,452
2020-09-23,0.30631677454755674,0.015868040342752167,452
2020-09-24,0.3075761276616406,0.016009034431764338,452
2020-09-25,0.30915342031854265,0.016257976197243843,452
2020-09-28,0.309012156920956,0.016306908343761205,452
2020-09-29,0.3090892071016407,0.01627614466735367,452
2020-09-30,0.30929704099041877,0.016322385237570153,452
2020-10-01,0.31128291612824305,0.016504940246317712,452
2020-10-02,0.3067573404382957,0.016007600485034107,452
2020-10-05,0.30753093970047707,0.01615323473930499,452
2020-10-06,0.30496509158234375,0.01586122841667707,452
2020-10-07,0.3042145123063132,0.01587830746893475,453
2020-10-08,0.3032592584417194,0.01573089908038136,453
2020-10-09,0.3058527116906579,0.016004102606725586,453
2020-10-12,0.3115029614025335,0.016669749344214307,454
2020-10-13,0.3114197562072085,0.016628442239086397,454
2020-10-14,0.3108076047035767,0.016568064030073125,454
2020-10-15,0.3095305081716762,0.01645943424274387,454
2020-10-16,0.30791005223137713,0.016246552595822163,454
2020-10-19,0.30627446343938014,0.01607357970413508,454
2020-10-20,0.30726299891505116,0.016147628062774845,454
2020-10-21,0.30894528464449333,0.016195245164427146,454
2020-10-22,0.30673631709737087,0.015960074478745145,454
2020-10-23,0.30749915794714516,0.0159696144859843,454
2020-10-26,0.30890916134774404,0.01614621050860364,454
2020-10-27,0.3135223962995439,0.016618797233022918,454
2020-10-28,0.3107247740024682,0.016341264510614788,454
2020-10-29,0.31350489006720267,0.016636622794711918,454
2020-10-30,0.3090035497392825,0.01606754773361148,454
2020-11-02,0.3055795464479248,0.01571928133060695,454
2020-11-03,0.3047432413399131,0.01566449871271649,454
2020-11-04,0.31105771230410917,0.016342962213563437,454
2020-11-05,0.31217136371570237,0.016537379117081356,454
2020-11-06,0.31256354750378074,0.016511420861975365,454
2020-11-09,0.3044282831762354,0.015620696913452987,454
2020-11-10,0.3007438814063458,0.015230070451298088,454
2020-11-11,0.3039186772434747,0.01562664036974136,454
2020-11-12,0.30539046688957594,0.015759838000944663,454
2020-11-13,0.3036225291474569,0.015552253512314193,454
2020-11-16,0.3019583468841413,0.015387460906073333,454
2020-11-17,0.3010277987716601,0.01533695299499033,454
2020-11-18,0.30093746112275416,0.015320228062761974,454
2020-11-19,0.30128736758896074,0.015347041241667737,454
2020-11-20,0.3003321242246278,0.015279351721074155,454
2020-11-23,0.2970192513960903,0.01489987624254907,454
2020-11-24,0.29678520705410666,0.014844008905812426,454
2020-11-25,0.2985368155936104,0.01503271300320504,454
2020-11-27,0.2992408339464453,0.015110132741625416,454
2020-11-30,0.300083059696684,0.015265307864601388,454
2020-12-01,0.3022690808093456,0.015481702939118495,454
2020-12-02,0.3022897696001625,0.015475526304559768,454
2020-12-03,0.30114732090824387,0.01539455284630908,454
2020-12-04,0.29827737778410746,0.015119746402906002,454
2020-12-07,0.29948272068890186,0.015259442802155933,454
2020-12-08,0.29969532667466303,0.015291191785908056,454
2020-12-09,0.29707109398644993,0.0150198082355721,454
2020-12-10,0.2973319036785132,0.015097578911377085,454
2020-12-11,0.29779662607741486,0.015163042359679399,454
2020-12-14,0.29850526792049664,0.015270209792504676,454
2020-12-15,0.29894168257196857,0.01542244493444116,454
2020-12-16,0.3004562948164057,0.015595950416298052,454
2020-12-17,0.29948618105803,0.015512125253072967,454
2020-12-18,0.29850778475136625,0.01537319795299011,454
2020-12-21,0.30285250005439224,0.015418936520104029,454
2020-12-22,0.30419178208933045,0.01569208761038769,454
2020-12-23,0.3029231748550718,0.015534411180103808,454
2020-12-24,0.3035168195559138,0.015570220848873842,454
2020-12-28,0.3076562687630398,0.015987608865213953,454
2020-12-29,0.30767779430364034,0.015942551577718407,454
2020-12-30,0.305984824806835,0.01571291144858109,454
2020-12-31,0.30430863040484174,0.015513745344955747,454
2021-01-04,0.3045821993177318,0.015417994773813145,454
2021-01-05,0.30432807004522927,0.015435262263218383,454
2021-01-06,0.2978760665531196,0.014755712086540734,454
2021-01-07,0.30027728383171237,0.014936798739369804,455
2021-01-08,0.3020447979126236,0.015040501499616814,455
2021-01-11,0.2973128127761739,0.014706156602610683,455
2021-01-12,0.2968325528125037,0.014622477488418401,455
2021-01-13,0.29857489559527206,0.014823294330144513,455
2021-01-14,0.2962045589549026,0.01460312720074925,455
2021-01-15,0.29647243116363065,0.014586074599111723,455
2021-01-19,0.298242244666376,0.014679028271590887,455
2021-01-20,0.30254741397396057,0.015128138919413468,455
2021-01-21,0.30552907167021437,0.015499859372348965,456
2021-01-22,0.3079033736026904,0.015729879251722353,456
2021-01-25,0.3109054762225784,0.01602959256744128,456
2021-01-26,0.3136669315489323,0.016225686061040426,456
2021-01-27,0.31565660389526995,0.016477022517341892,456
2021-01-28,0.3114473585088443,0.016058766524452796,456
2021-01-29,0.30915047427671694,0.015854045442793337,456
2021-02-01,0.31245975736207665,0.01613850585794362,456
2021-02-02,0.3116108935265252,0.01600483071116353,456
2021-02-03,0.3128294463245969,0.016076792298869023,456
2021-02-04,0.3121417780369241,0.016049637400150397,456
2021-02-05,0.3119519184726155,0.016002638231360396,456
2021-02-08,0.3098558622358628,0.01582216265405616,456
2021-02-09,0.3099028304146197,0.01578808959967464,456
2021-02-10,0.3085941334723895,0.01570056813908999,456
2021-02-11,0.30825631060412617,0.015671346944901528,456
2021-02-12,0.3079029884462296,0.015622228835161105,456
2021-02-16,0.3068769101509705,0.015492740827560247,456
2021-02-17,0.3067038468768928,0.015431102903275932,456
2021-02-18,0.3069276601272806,0.015434362573021911,456
2021-02-19,0.30444647461893715,0.015252649510711725,456
2021-02-22,0.30029098227491535,0.014857623523506374,456
2021-02-23,0.30014454714333444,0.014822319735022281,456
2021-02-24,0.29889857268986003,0.01461516953821769,456
2021-02-25,0.29673981251196524,0.014452236045512748,456
2021-02-26,0.2987630936706404,0.014682580612965448,456
2021-03-01,0.3007522247799335,0.01486753839804328,456
2021-03-02,0.29877284268931703,0.01469544035893988,456
2021-03-03,0.2960226209786994,0.014426618428609067,456
2021-03-04,0.2969573837358286,0.014533736335834834,456
2021-03-05,0.29550654135188575,0.014446803600635957,456
2021-03-08,0.29028100950427904,0.01395525540659101,456
2021-03-09,0.2961176600045237,0.014363227793685821,456
2021-03-10,0.2940071190875562,0.014145513557023353,456
2021-03-11,0.296611130283595,0.014354014375412876,456
2021-03-12,0.2937187862794612,0.014127968614596365,456
2021-03-15,0.29351926920876914,0.014142145433166548,456
2021-03-16,0.2954600377847218,0.0143769480433446,456
2021-03-17,0.2957402710459258,0.014332771892410504,456
2021-03-18,0.2922716444110839,0.014007156355594002,456
2021-03-19,0.29264539412335233,0.01406086308410727,456
2021-03-22,0.2936195263636551,0.014217150557200207,456
2021-03-23,0.29562116375333736,0.0144060300599261,456
2021-03-24,0.2934255500754282,0.014213795271194669,456
2021-03-25,0.29110466771477456,0.014007580480292825,456
2021-03-26,0.288492082304,0.013815962508194382,456
2021-03-29,0.28969671690091375,0.01389908594418697,456
2021-03-30,0.28913782255562626,0.013784013897212063,456
2021-03-31,0.2918613706914863,0.01401743863297187,456
2021-04-01,0.29318473821668745,0.01414851518628974,456
2021-04-05,0.29623020686655505,0.0143941288434447,456
2021-04-06,0.2959270210622533,0.014379663810766122,456
2021-04-07,0.29824079247728436,0.014604328110129128,456
2021-04-08,0.299646608980522,0.014767720366626973,456
2021-04-09,0.3004854156322542,0.014905714415580144,456
2021-04-12,0.29994796491166414,0.014805458980023464,456
2021-04-13,0.3024552557631884,0.015032784347169266,456
2021-04-14,0.29913100859705516,0.014750106520104379,456
2021-04-15,0.30021343356262914,0.014871309063713783,456
2021-04-16,0.29977082675849803,0.014820298288350141,456
2021-04-19,0.29991963491305634,0.014873581869829695,456
2021-04-20,0.30004314250710246,0.014847768092756302,457
2021-04-21,0.29953448270268385,0.01476263658588039,457
2021-04-22,0.29815495964873234,0.014668062298538367,457
2021-04-23,0.29943064339425945,0.01477521272069202,457
2021-04-26,0.3006629047298746,0.014870857175810388,457
2021-04-27,0.2997198793866116,0.01482651295329467,457
2021-04-28,0.29993082936204213,0.014796050532627041,457
2021-04-29,0.3002715937250658,0.014735905373069617,457
2021-04-30,0.30057686089568364,0.014717847320918884,457
2021-05-03,0.29851535316910305,0.014584822096272704,457
2021-05-04,0.29578066596621866,0.014264985322582876,457
2021-05-05,0.29476755445097597,0.014190883148571776,457
2021-05-06,0.29570057782342724,0.014274327572897361,457
2021-05-07,0.29481553883148304,0.014206004297868186,457
2021-05-10,0.2907044616253217,0.013895459962554443,457
2021-05-11,0.29161869900318127,0.013993043247642339,457
2021-05-12,0.2910052711178344,0.013914476390189206,457
2021-05-13,0.29062977849435456,0.013916797756915334,457
2021-05-14,0.29202140064702264,0.01400821257805879,458
2021-05-17,0.29202199417957864,0.013995131138723131,458
2021-05-18,0.29167056661299073,0.013957686139399482,458
2021-05-19,0.292240139412921,0.014022731439260513,458
2021-05-20,0.2931665074151844,0.014112136068982626,458
2021-05-21,0.2913790223524084,0.01394244829708759,458
2021-05-24,0.293764261869499,0.014123104974581524,458
2021-05-25,0.29455546047285724,0.01420030876458977,458
2021-05-26,0.2944950401221691,0.014185408499429671,458
2021-05-27,0.29318922365711264,0.013997870566618564,458
2021-05-28,0.29222806455654365,0.013938787300220782,458
2021-06-01,0.29203290544794863,0.013908285534075464,458
2021-06-02,0.2917464270945952,0.013918080211264151,458
2021-06-03,0.2898124837238326,0.013788045197467597,458
2021-06-04,0.29159282785486296,0.013941615691819065,459
2021-06-07,0.2929347276713085,0.014036537435179096,459
2021-06-08,0.2935029119786348,0.01410021208135977,459
2021-06-09,0.2944197581878783,0.0142102267089897,459
2021-06-10,0.29496510439201273,0.014265409804566883,459
2021-06-11,0.29514465565646325,0.014285038805754307,459
2021-06-14,0.2974074174655338,0.014519998533331763,459
2021-06-15,0.2961174035006924,0.014440246166596313,459
2021-06-16,0.297591253903104,0.014565636077070666,459
2021-06-17,0.30117792524041304,0.014874425454500163,459
2021-06-18,0.30260392104067696,0.014997865473834245,459
2021-06-21,0.30072647035676153,0.014866325102293644,459
2021-06-22,0.3023289601883471,0.015004652286532102,459
2021-06-23,0.3033616937427899,0.015024791853547045,459
2021-06-24,0.3023561247469527,0.014895200580692653,459
2021-06-25,0.3001352229779544,0.01471470502870486,459
2021-06-28,0.3032911932646661,0.014930666519178164,459
2021-06-29,0.30399901900481413,0.015034519935759326,459
2021-06-30,0.30332187495430013,0.0150003224235623,459
2021-07-01,0.30290690005605736,0.014937523320508732,459
2021-07-02,0.3052020112056863,0.015196022344768061,459
2021-07-06,0.30835045716112097,0.015541348739720776,459
2021-07-07,0.3085934737899476,0.015651155261742048,459
2021-07-08,0.30891190918975475,0.01571069217783697,459
2021-07-09,0.3078699207867669,0.01558174762244979,459
2021-07-12,0.3082399607764886,0.015533933036889613,459
2021-07-13,0.3094445494119077,0.015707576791767465,459
2021-07-14,0.31036194022671487,0.015900693563813118,459
2021-07-15,0.3090981819122773,0.015804999716006247,459
2021-07-16,0.3084432870377982,0.015782779102694572,459
2021-07-19,0.30875698257042333,0.01576427557102908,459
2021-07-20,0.3083628607562472,0.015756282444947114,459
2021-07-21,0.3068129588967947,0.015553770515880243,460
2021-07-22,0.3087630201063977,0.01577460598124144,460
2021-07-23,0.3102996986685506,0.01590293150495957,460
2021-07-26,0.3109925999618681,0.015944142578422422,460
2021-07-27,0.3088311763850003,0.01572584937878444,460
2021-07-28,0.3095874410939611,0.015757492302876555,460
2021-07-29,0.30794940143587657,0.015571157938948418,460
2021-07-30,0.3049015348406397,0.015297340787204655,460
2021-08-02,0.3055322828651916,0.01533280438135137,460
2021-08-03,0.3050459224793015,0.015329258986503336,461
2021-08-04,0.3064680463890289,0.015414408223284094,461
2021-08-05,0.3068495466503426,0.01542359078544047,461
2021-08-06,0.3056277964058193,0.015293294969720664,461
2021-08-09,0.3061163183332464,0.015322567382037832,461
2021-08-10,0.3046717232669013,0.015212624835525901,461
2021-08-11,0.3035492024775802,0.015130484321293927,461
2021-08-12,0.3053925210781805,0.015325033288401705,461
2021-08-13,0.30547552033561337,0.015365407327203198,461
2021-08-16,0.3055883519047711,0.015457479277454424,461
2021-08-17,0.30426557597553916,0.015404900071865856,461
2021-08-18,0.30416123230161696,0.01533178715619724,461
2021-08-19,0.3051388071090151,0.015446740841573377,461
2021-08-20,0.306697862975017,0.01558334373438277,461
2021-08-23,0.3082419315006372,0.01564830926191559,461
2021-08-24,0.3084708690215188,0.01563524950935693,461
2021-08-25,0.30813230815473397,0.015536136455813617,461
2021-08-26,0.3081932921250974,0.015544425138198124,461
2021-08-27,0.3088718801298305,0.015549938120774811,461
2021-08-30,0.31186765911251657,0.015855330775344022,462
2021-08-31,0.3115649169367845,0.015812662884899093,462
2021-09-01,0.3121919067721003,0.015870886838818887,462
2021-09-02,0.3101730652195962,0.015753099255316098,462
2021-09-03,0.311049655943081,0.015835125315661863,462
2021-09-07,0.3140495725709484,0.01609713268773675,462
2021-09-08,0.31346367208026477,0.016032482576617435,462
2021-09-09,0.31320776068242323,0.01598104263607873,462
2021-09-10,0.3115754794759778,0.015777445949416328,462
2021-09-13,0.3119014509770648,0.0158092297901413,462
2021-09-14,0.3132431250054551,0.015926715551978318,462
2021-09-15,0.31338900717360857,0.015960973518060154,462
2021-09-16,0.31356700222081924,0.015978850189131394,462
2021-09-17,0.31203582092871973,0.015821156773882135,462
2021-09-20,0.3099046962933476,0.01567273515635206,461
2021-09-21,0.31077973133174647,0.015737832249214538,461
2021-09-22,0.3107532464863617,0.0157665063610193,461
2021-09-23,0.3099740983672976,0.01564987875500393,461
2021-09-24,0.3110240326788311,0.01568876327588959,461
2021-09-27,0.31012750613801465,0.015529198502936629,461
2021-09-28,0.30763129342808476,0.015300400038966622,461
2021-09-29,0.3069280407544314,0.01526390402132956,461
2021-09-30,0.3084440926234297,0.015381918070931814,461
2021-10-01,0.3090147273149756,0.01543448535248983,461
2021-10-04,0.30597338659912293,0.015184134459060453,461
2021-10-05,0.307442749662684,0.01531505937023683,461
2021-10-06,0.30900689834845885,0.015457772145634754,461
2021-10-07,0.30918359189714256,0.015471367230531788,461
2021-10-08,0.3094214162292029,0.015500107665147202,461
2021-10-11,0.30954311620999525,0.015548578967389013,461
2021-10-12,0.3085362769603547,0.015430864094094561,461
2021-10-13,0.30880581695186704,0.015478204871039552,461
2021-10-14,0.30909326170388524,0.015521393010872887,461
2021-10-15,0.31007414547038076,0.015577501486645776,461
2021-10-18,0.3127443897911997,0.015775842297412947,461
2021-10-19,0.3123674865374291,0.015761028324897605,461
2021-10-20,0.31055722754705944,0.015600720297302806,461
2021-10-21,0.31161059252558454,0.015664420874827875,461
2021-10-22,0.3083304532432451,0.015388789017758798,461
2021-10-25,0.30991720474150747,0.015374434225604207,461
2021-10-26,0.3112393407305519,0.01550203606401171,461
2021-10-27,0.31615256048044355,0.016065396326971595,461
2021-10-28,0.3168191621423727,0.016115252764035835,461
2021-10-29,0.31781250679106954,0.016153463298212975,461
2021-11-01,0.31727913839082317,0.015962926294412094,461
2021-11-02,0.3170766709557407,0.016000316746992295,461
2021-11-03,0.31822328566462427,0.016075749100212443,461
2021-11-04,0.3211915756303799,0.01621968614452486,461
2021-11-05,0.32138646478821287,0.016188330418381497,461
2021-11-08,0.32006575730077563,0.016065165765704815,461
2021-11-09,0.3180931807022567,0.016063764192981472,461
2021-11-10,0.31628633167520553,0.015862138194694342,461
2021-11-11,0.3164618774631146,0.015880475959578283,461
2021-11-12,0.3176693511123512,0.016030947832798563,461
2021-11-15,0.3173955491848924,0.016013506790757276,461
2021-11-16,0.31778122316946,0.016059067512565188,461
2021-11-17,0.319015652871257,0.016240360833885355,461
2021-11-18,0.3236218519647156,0.016639655744568837,461
2021-11-19,0.32674675847418627,0.016871548658417137,461
2021-11-22,0.3252445408435573,0.016723097191140845,461
2021-11-23,0.3234232872216779,0.0165974453571786,461
2021-11-24,0.3240783925442697,0.016616203937119885,461
2021-11-26,0.3227817934543226,0.016521689672777538,461
2021-11-29,0.32565880622606685,0.016759710722007885,461
2021-11-30,0.32915503135912194,0.017188804815109725,461
2021-12-01,0.3285402375633756,0.017268070081950814,461
2021-12-02,0.3250843227386833,0.016881781718337128,461
2021-12-03,0.32158275187501234,0.01667006531713483,461
2021-12-06,0.3216434621267444,0.016710414581027244,461
2021-12-07,0.32501570806486224,0.016974233223525148,461
2021-12-08,0.3263108963173701,0.017137672509804826,461
2021-12-09,0.3251451138600863,0.017130863075849143,461
2021-12-10,0.3256729677594202,0.017325666177929723,461
2021-12-13,0.32294329887284495,0.017133622260432878,461
2021-12-14,0.3219438290618859,0.01693815554672047,462
2021-12-15,0.3240207014451801,0.017134788059105913,462
2021-12-16,0.31814589187914855,0.016571118485452355,462
2021-12-17,0.3192304316862684,0.016671802089517698,462
2021-12-20,0.31867712407430665,0.016684872242293848,463
2021-12-21,0.32024961359645077,0.01674723719156037,463
2021-12-22,0.3221591047340294,0.01690553668926951,463
2021-12-23,0.32260303843519283,0.016883796748809507,463
2021-12-27,0.32356281559722716,0.016972066211365558,463
2021-12-28,0.32276052091839,0.01688564904078623,463
2021-12-29,0.32178406522185826,0.016825778255355164,463
2021-12-30,0.32100544079977056,0.01675150511143446,463
2021-12-31,0.31908832292795064,0.016617558988898155,463
2022-01-03,0.3236952040881801,0.016897208557571545,463
2022-01-04,0.3202442613953726,0.016542794172365552,463
2022-01-05,0.31585814343568025,0.016205685400940917,463
2022-01-06,0.31493355721052363,0.016010612877363346,463
2022-01-07,0.31474619776444956,0.016048859282956372,463
2022-01-10,0.31580045048077304,0.016140979452338035,463
2022-01-11,0.3165190280016218,0.01619890943827769,463
2022-01-12,0.31810691372821903,0.01630251022797142,463
2022-01-13,0.31385206869183563,0.0159540686203346,463
2022-01-14,0.31586960118691326,0.016153814558204242,463
2022-01-18,0.3144962291005342,0.016071717320443185,463
2022-01-19,0.31346678165809566,0.0160216904797262,463
2022-01-20,0.31303306960080013,0.016011969246264055,463
2022-01-21,0.310080737556703,0.01588697144118594,463
2022-01-24,0.30932817230550147,0.015808984409232223,463
2022-01-25,0.3071187271359318,0.015625164292275506,463
2022-01-26,0.3103947037961232,0.015901241257040045,463
2022-01-27,0.30940030271869684,0.015980556162074666,463
2022-01-28,0.3139947863140281,0.016472121067449663,463
2022-01-31,0.31643389014870776,0.01655320110052918,463
2022-02-01,0.31562144548701093,0.016439524443696354,463
2022-02-02,0.3178751559450559,0.016651518714869796,464
2022-02-03,0.31037281401124206,0.016322945118824674,464
2022-02-04,0.3150022376584866,0.016617630386044004,464
2022-02-07,0.3127130752300395,0.016418005532080726,464
2022-02-08,0.3141258732138533,0.01655122444554282,464
2022-02-09,0.31455656402174775,0.016501140292335844,464
2022-02-10,0.31321165950085883,0.016379317996046312,464
2022-02-11,0.31011526405221734,0.016179169382429106,464
2022-02-14,0.3123932522437965,0.016371546842957437,464
2022-02-15,0.31413276928969264,0.016447349716081805,465
2022-02-16,0.31410080487755887,0.016440474794554974,465
2022-02-17,0.31105555299207593,0.01627743344200914,466
2022-02-18,0.30965170227940864,0.01617187944205844,466
2022-02-22,0.30877231339574646,0.016102191282795185,466
2022-02-23,0.3057596747215927,0.015911436074860206,466
2022-02-24,0.3109782418277892,0.016324742246278702,466
2022-02-25,0.30885531770230684,0.016102724543889134,466
2022-02-28,0.31187248181213667,0.01627832822217154,466
2022-03-01,0.31225269620782636,0.01636783219729728,466
2022-03-02,0.3106661210912028,0.016234804510338825,467
2022-03-03,0.30849276028476014,0.016117100414330864,467
2022-03-04,0.3065205134216884,0.01589829404801095,467
2022-03-07,0.3045848203180613,0.015792880239539404,467
2022-03-08,0.3052519113347907,0.0157978439311414,467
2022-03-09,0.308805915448474,0.01609870948907709,467
2022-03-10,0.3083261285688143,0.015963828121445027,467
2022-03-11,0.3060037364353208,0.015784005074191792,467
2022-03-14,0.3024927122475316,0.015450976827105955,467
2022-03-15,0.3057764003659732,0.015704733986197296,467
2022-03-16,0.3083602644891713,0.01588407615712612,467
2022-03-17,0.30859532533210254,0.015814718117357074,467
2022-03-18,0.3113956307085916,0.01602375303910247,467
2022-03-21,0.312916908339683,0.016122523958749142,467
2022-03-22,0.3159469134167748,0.01637417386529776,467
2022-03-23,0.3176317072606888,0.016576562982919187,467
2022-03-24,0.31966221685678314,0.016685491593272154,467
2022-03-25,0.31882147824779294,0.01661635430275808,467
2022-03-28,0.3218727002766649,0.01680527809266069,467
2022-03-29,0.32166182235189894,0.016815360455172467,467
2022-03-30,0.32122712941309844,0.016795770047657282,467
2022-03-31,0.3203988268714539,0.016715558878736436,467
2022-04-01,0.320298256802433,0.016692460705085677,467
2022-04-04,0.324485406577627,0.017053298395566963,468
2022-04-05,0.32225288135259317,0.016883599016739748,468
2022-04-06,0.3167312610706752,0.016436756061612122,468
2022-04-07,0.3157760581408545,0.01636885833938913,468
2022-04-08,0.31236783594344353,0.016076704094009416,468
2022-04-11,0.3083111756760932,0.015731205979902227,469
2022-04-12,0.3087359527888442,0.015815151534657845,469
2022-04-13,0.310792082782792,0.015990313110547646,469
2022-04-14,0.3067290871670945,0.0156234316830157,469
2022-04-18,0.3083180744774454,0.015711743138107758,469
2022-04-19,0.3093230667823362,0.01575403742379897,469
2022-04-20,0.30502570131644985,0.01553613694339993,469
2022-04-21,0.3041175096325993,0.015540508617297735,469
2022-04-22,0.30479947294289456,0.015563720862928149,469
2022-04-25,0.30754397457553684,0.01578171815134411,469
2022-04-26,0.3030307758192201,0.015470672383672722,469
2022-04-27,0.30226376194461,0.015546278821409923,469
2022-04-28,0.305845411907537,0.015820891512410246,469
2022-04-29,0.3024862312923513,0.015553126584586451,469
2022-05-02,0.3050699418094588,0.015718474424748653,469
2022-05-03,0.3043341963016703,0.015661294735408324,469
2022-05-04,0.30523572583030073,0.015759445155319934,469
2022-05-05,0.2997581814159554,0.015344126127261182,469
2022-05-06,0.29983621849085257,0.015393907429279255,469
2022-05-09,0.2974103840348046,0.015280038565209332,469
2022-05-10,0.3004999989442641,0.015568109920324888,469
2022-05-11,0.29538909608846775,0.015096797914169305,469
2022-05-12,0.29251271261088707,0.014751334725660932,469
2022-05-13,0.2946180339156813,0.01489070455126989,469
2022-05-16,0.29259205442944,0.014785096730041698,469
2022-05-17,0.29416219458224485,0.014863547791831995,469
2022-05-18,0.29141434625456086,0.014623812136786898,469
2022-05-19,0.29062939206249333,0.014463606188415063,469
2022-05-20,0.2892455398198131,0.014400295813608004,469
2022-05-23,0.291038774437159,0.014643912379527613,469
2022-05-24,0.28623406216123437,0.014364431809693597,469
2022-05-25,0.2860161129965824,0.014311936148446898,469
2022-05-26,0.28723042406920607,0.014342927560685465,469
2022-05-27,0.29012205967803345,0.014565282445598519,469
2022-05-31,0.29232603063268076,0.01472449923258506,469
2022-06-01,0.29342003858360827,0.014887046334747415,469
2022-06-02,0.29475492074612,0.014900102829228934,469
2022-06-03,0.290554763871712,0.014616353044113125,469
2022-06-06,0.2920163298732032,0.014679418946006242,469
2022-06-07,0.29154501843493863,0.014699475217670989,469
2022-06-08,0.29284003216403276,0.014803532766580238,470
2022-06-09,0.2914181465692959,0.014677453139396767,470
2022-06-10,0.28871760927306667,0.014442832375100783,470
2022-06-13,0.28648482505840595,0.014290105145639127,470
2022-06-14,0.2879058592451334,0.014452916698096228,470
2022-06-15,0.2923181187033961,0.014778710151859577,470
2022-06-16,0.29101039757962294,0.014722411604799809,470
2022-06-17,0.29335610857948635,0.014902739979268737,470
2022-06-21,0.2947293972772318,0.015022480694362947,470
2022-06-22,0.2948454195153593,0.01500136263765629,470
2022-06-23,0.29681455882204316,0.015197065571401651,470
2022-06-24,0.29803833221662385,0.015250287848101597,470
2022-06-27,0.29665203863903017,0.015132227737889106,470
2022-06-28,0.2929327981238291,0.014846004706302754,470
2022-06-29,0.2952579533745418,0.01507323488688859,470
2022-06-30,0.2931313842423092,0.014874270114581374,470
2022-07-01,0.29350773158978055,0.014906371576640088,470
2022-07-05,0.2985317707803938,0.015334353984463384,470
2022-07-06,0.2998892221573255,0.01547757227469124,470
2022-07-07,0.30146377814470515,0.015616903134184387,470
2022-07-08,0.3025420751114089,0.015693834450212343,470
2022-07-11,0.299640968833692,0.015512393271183414,470
2022-07-12,0.2986081711517852,0.015415979977990952,470
2022-07-13,0.29878721322079554,0.015421026895196768,470
2022-07-14,0.30069861458441477,0.015693198218185045,470
2022-07-15,0.3001224408689453,0.015569610794553736,470
2022-07-18,0.29895755976104577,0.015415612154474364,470
2022-07-19,0.2991686817434046,0.015421543125849814,470
2022-07-20,0.3007046463242594,0.015570364574578954,470
2022-07-21,0.3024077897054484,0.01566505778084096,470
2022-07-22,0.2994557688003056,0.015454973269854953,470
2022-07-25,0.2976695957684831,0.015287601280261931,470
2022-07-26,0.29492844325296724,0.015086865697846705,470
2022-07-27,0.30044243174199475,0.015600144899950636,470
2022-07-28,0.300302112530997,0.015586253388703394,470
2022-07-29,0.305453453740352,0.01600557005389738,470
2022-08-01,0.3040966892873447,0.015845744054885195,470
2022-08-02,0.3043023541570961,0.015827932112738592,470
2022-08-03,0.3081624881322588,0.016212078498347007,470
2022-08-04,0.3093526738424508,0.016297331053921234,470
2022-08-05,0.3069870487536402,0.016180600540564104,470
2022-08-08,0.3058898177811123,0.016093275448904026,470
2022-08-09,0.30614052571405564,0.016175772090045584,470
2022-08-10,0.3075615137865972,0.01630903216034122,470
2022-08-11,0.3052951727894754,0.01614130062520197,470
2022-08-12,0.30672675614154404,0.016227768707028443,470
2022-08-15,0.30766905530944555,0.01627338171890725,470
2022-08-16,0.3069982833568469,0.016218796657289872,470
2022-08-17,0.3069260709819415,0.01633838463193573,470
2022-08-18,0.30636587234754314,0.01625476845755401,470
2022-08-19,0.30425687034720617,0.016142808195887964,470
2022-08-22,0.3030695124227003,0.01603248886747414,470
2022-08-23,0.3033622098128297,0.016051671927341967,470
2022-08-24,0.30294422173067925,0.015994826403757986,470
2022-08-25,0.30362349752611106,0.016029985965131634,470
2022-08-26,0.302037477891881,0.015870543774932126,470
2022-08-29,0.30107220160561665,0.015763348401167814,470
2022-08-30,0.30106944419564885,0.015744907132866335,470
2022-08-31,0.3011128741608473,0.01571164179753964,470
2022-09-01,0.30205955070797147,0.01573790544684111,470
2022-09-02,0.30080793301941283,0.015658242919738455,470
2022-09-06,0.30030073530081125,0.01556629906867355,470
2022-09-07,0.3000733106696551,0.015509559500079397,470
2022-09-08,0.29829965685088494,0.015289466397525816,470
2022-09-09,0.2999719384574486,0.01542664894403692,470
2022-09-12,0.30177926571562064,0.015690237617290444,470
2022-09-13,0.29827905465709725,0.015348312388908507,470
2022-09-14,0.2996979982939546,0.015471532052036349,470
2022-09-15,0.2987682934762448,0.015297904446737034,470
2022-09-16,0.2987252521671548,0.015287803451065956,470
2022-09-19,0.29946304562749815,0.015387622217025693,470
2022-09-20,0.3015213754439346,0.01566295056192067,470
2022-09-21,0.3004081326167389,0.01560008456295077,470
2022-09-22,0.3019636758306498,0.015744889358892455,470
2022-09-23,0.30200354022069975,0.01574835398638559,470
2022-09-26,0.3043522039574925,0.01600750804826589,470
2022-09-27,0.30509529085815673,0.016100595816712998,470
2022-09-28,0.3033723026989101,0.01580330627949208,470
2022-09-29,0.30058614360722374,0.015487279318883667,470
2022-09-30,0.2997353524112196,0.015314490223466589,470
2022-10-03,0.2971309972425531,0.01524653188335513,472
2022-10-04,0.2970305886821378,0.015236996586864344,472
2022-10-05,0.29738413524464496,0.015276337660242003,472
2022-10-06,0.2985348665667583,0.015367244535416838,472
2022-10-07,0.2958477005034244,0.015084929182517338,472
2022-10-10,0.2957186049365915,0.015096771677715358,472
2022-10-11,0.29452933118776936,0.014978875220342223,472
2022-10-12,0.2953102873272222,0.0150309868239862,473
2022-10-13,0.2954012565200717,0.015082845475325322,473
2022-10-14,0.29363181913306347,0.01492889422781823,473
2022-10-17,0.2961341081369692,0.015140197734127184,473
2022-10-18,0.29524204615859995,0.015075005114258425,473
2022-10-19,0.2960876408152165,0.015137796551502589,473
2022-10-20,0.29669234066670025,0.015248863977420778,473
2022-10-21,0.2971309292666318,0.015287961805708641,473
2022-10-24,0.2971094075578797,0.015344596411020116,473
2022-10-25,0.2966872251432718,0.01533957761205826,473
2022-10-26,0.2890903603240607,0.014561056912483755,473
2022-10-27,0.2855649596525574,0.014138306413975928,473
2022-10-28,0.28718511904903793,0.014537501391622507,473
2022-10-31,0.28590379099338886,0.014383719226365908,473
2022-11-01,0.28142141339406984,0.014014799838584297,474
2022-11-02,0.2787797051150008,0.013788795231584008,474
2022-11-03,0.2746354647767359,0.013347097763759967,474
2022-11-04,0.27373487478316366,0.01328146157002242,474
2022-11-07,0.27317433694888066,0.01328229334078061,474
2022-11-08,0.2722546833284601,0.013231123125746341,474
2022-11-09,0.2696857394356419,0.013074344050947852,474
2022-11-10,0.2738621414183622,0.013540824440984808,474
2022-11-11,0.27600104215174576,0.013745416622608597,474
2022-11-14,0.2752204818005162,0.013672638137411222,474
2022-11-15,0.2752057819104554,0.013695233008582795,474
2022-11-16,0.275838369709998,0.013746392877972254,474
2022-11-17,0.27654640946310816,0.013877924553997681,474
2022-11-18,0.2751957195259174,0.013775341837782099,474
2022-11-21,0.27203347075914447,0.013573483070660173,474
2022-11-22,0.27211765942167504,0.013584073847942614,474
2022-11-23,0.2736368920856876,0.01365374833563593,474
2022-11-25,0.27210261319327333,0.013456980203646288,474
2022-11-28,0.271975362113571,0.01337124127123691,474
2022-11-29,0.2696513436703244,0.013146598967699919,474
2022-11-30,0.2736171154705077,0.013518977597032293,474
2022-12-01,0.2731081858005925,0.013515962445887271,474
2022-12-02,0.2726047258891974,0.013482003540238536,474
2022-12-05,0.27266769615014336,0.013555514573097806,474
2022-12-06,0.2717828970834293,0.013415412905038318,474
2022-12-07,0.269167916247282,0.013237105874629562,474
2022-12-08,0.2689881513598197,0.013275364612424893,474
2022-12-09,0.26966161140711664,0.013303814863676704,474
2022-12-12,0.2694183969906261,0.013363021895759226,474
2022-12-13,0.26998214145176674,0.013447756515212093,474
2022-12-14,0.26938604190558396,0.01341387339728705,474
2022-12-15,0.267444669104448,0.013162831172262728,474
2022-12-16,0.26690847514556454,0.013114314266541121,474
2022-12-19,0.2655764105495162,0.012974806502217297,475
2022-12-20,0.2650420255370999,0.012988372723263525,475
2022-12-21,0.26485629567476576,0.013014032949877368,475
2022-12-22,0.262146284024215,0.01281982193968432,476
2022-12-23,0.262186355353485,0.012775644079793851,476
2022-12-27,0.26078840462709785,0.012613303829960733,476
2022-12-28,0.25997991179265345,0.012500942054815523,476
2022-12-29,0.2611292889762061,0.012651885325770162,476
2022-12-30,0.2616424606450535,0.012687834214391068,476
2023-01-03,0.260617134275816,0.012502764788500906,476
2023-01-04,0.25660489714763207,0.012162540962705304,476
2023-01-05,0.25556469357984996,0.01206320241152753,476
2023-01-06,0.25519615399284945,0.012084495729792713,476
2023-01-09,0.25594538012399853,0.012180064356534058,476
2023-01-10,0.2560572475497347,0.01217333566665026,476
2023-01-11,0.2589171238690599,0.012390831022352625,476
2023-01-12,0.2587935147041564,0.012384491002626926,476
2023-01-13,0.2596408091309093,0.01246343297079721,476
2023-01-17,0.26020623883397787,0.01254053200722446,476
2023-01-18,0.26117570301571624,0.012625685495889542,476
2023-01-19,0.262290877078978,0.012701967351357348,476
2023-01-20,0.26485559978703405,0.012880190603094137,476
2023-01-23,0.2657170220788677,0.012965580246912802,476
2023-01-24,0.2656697908119046,0.012989266262365413,476
2023-01-25,0.2646326972216969,0.012885957518792332,476
2023-01-26,0.26788959299645315,0.013070316783702626,476
2023-01-27,0.2713789092240077,0.013246735692989137,476
2023-01-30,0.2686856976995537,0.013078484651801543,476
2023-01-31,0.2697652163824478,0.013105196617487685,476
2023-02-01,0.2710175988388448,0.013158540520015912,476
2023-02-02,0.2781725783423852,0.013729378343058157,476
2023-02-03,0.27708372785755425,0.013797708771247863,476
2023-02-06,0.2759431735992292,0.013639337544674255,476
2023-02-07,0.27975579029424896,0.013928898248358166,476
2023-02-08,0.27741884352583457,0.0137622467169109,476
2023-02-09,0.27682888422709967,0.013706476725011988,476
2023-02-10,0.2747016445353645,0.013617226822748055,476
2023-02-13,0.27566063489599035,0.01376864167120392,476
2023-02-14,0.27743102785708434,0.013799211275539049,476
2023-02-15,0.2781506243769104,0.013852585337917951,476
2023-02-16,0.27633448785596415,0.013762243495318353,476
2023-02-17,0.27474664369035073,0.013631033704912735,476
2023-02-21,0.2734100578175073,0.013544455375649717,476
2023-02-22,0.27424679210111746,0.013590408026262064,476
2023-02-23,0.2759309350255431,0.013630467813767463,476
2023-02-24,0.27413188966207075,0.01347497195629106,476
2023-02-27,0.27559383979802876,0.013555284469413013,476
2023-02-28,0.27593695179553024,0.01356898251130526,476
2023-03-01,0.2744051451548588,0.013433080256530908,476
2023-03-02,0.2740612042063673,0.013449765306898277,476
2023-03-03,0.2768246197021681,0.013649824268094697,476
2023-03-06,0.2783111749489468,0.013854635806901477,476
2023-03-07,0.2788781610264121,0.013902965931606764,476
2023-03-08,0.2791228805691842,0.013939977695027306,476
2023-03-09,0.2794220060847031,0.014025913631425094,476
2023-03-10,0.27978484208303817,0.014077295505665685,476
2023-03-13,0.2827489498104226,0.014394839011258306,476
2023-03-14,0.2853757955022661,0.014502401349736653,476
2023-03-15,0.2888808863555873,0.014815536200477172,478
2023-03-16,0.2930716606480662,0.015060739874603993,478
2023-03-17,0.2950927008888211,0.015324001807719933,478
2023-03-20,0.29236123088213534,0.015069582238468299,478
2023-03-21,0.29450373675518987,0.01516108617855353,478
2023-03-22,0.2960808459712941,0.015333615346407186,478
2023-03-23,0.2985945667655229,0.015543087009487784,478
2023-03-24,0.2976971659708412,0.01554193238071613,478
2023-03-27,0.29439198940654715,0.015217001985316964,478
2023-03-28,0.29292345316642426,0.01512052795488648,478
2023-03-29,0.29401656322017405,0.015196348594907793,478
2023-03-30,0.2949391642197108,0.015308762154430958,478
2023-03-31,0.29625945846707125,0.015365967858881896,478
2023-04-03,0.2952539309295132,0.015381027467490462,478
2023-04-04,0.29744596952844793,0.015535006004666714,478
2023-04-05,0.2945336774242674,0.01532828038365074,478
2023-04-06,0.29746040577776034,0.01556892033359735,478
2023-04-10,0.2948758431667435,0.015251549384168252,478
2023-04-11,0.29215552648029547,0.01497017132092009,478
2023-04-12,0.29137934833599805,0.014970124377875592,478
2023-04-13,0.29499692189267285,0.015317562227400598,478
2023-04-14,0.29536736177259404,0.015311708297941217,478
2023-04-17,0.294370206485371,0.015229113423598412,478
2023-04-18,0.29372693504222724,0.015240995743957708,478
2023-04-19,0.29441826643447067,0.01531904572277271,478
2023-04-20,0.29346700952866633,0.015317530852580297,478
2023-04-21,0.2934125422730789,0.015251182067342878,478
2023-04-24,0.2923039578968231,0.015173616891354432,478
2023-04-25,0.2918547126247069,0.015172311692296724,478
2023-04-26,0.2972429858851787,0.015739117576225536,478
2023-04-27,0.30097097260000844,0.015971753737450606,478
2023-04-28,0.29959621889881954,0.01587320076778403,478
2023-05-01,0.29915013761352327,0.015815215638265993,478
2023-05-02,0.2997502860600735,0.01597917802952243,478
2023-05-03,0.3005038098594157,0.016050150631778067,478
2023-05-04,0.3008250136263421,0.016079229309937715,479
2023-05-05,0.3028271486723363,0.016331778681036815,479
2023-05-08,0.3035900618247846,0.016327943850299825,479
2023-05-09,0.3029505544780828,0.01622176912397172,479
2023-05-10,0.30576005135836704,0.0165088806046201,479
2023-05-11,0.3082656100075344,0.01665831594296662,479
2023-05-12,0.3073544244023586,0.016587591640406858,479
2023-05-15,0.3068709286976919,0.016484762955008732,479
2023-05-16,0.31082067789386403,0.016831894396374676,479
2023-05-17,0.3110143630725866,0.016741826421735585,479
2023-05-18,0.3131010270643094,0.016897047501642018,479
2023-05-19,0.31298074028467704,0.016908785669307248,479
2023-05-22,0.31431853222528716,0.01695976097527368,479
2023-05-23,0.31323673118367307,0.016861305554606573,479
2023-05-24,0.3148178935347159,0.017020744957587222,479
2023-05-25,0.320797666761626,0.01741286894288172,479
2023-05-26,0.32326914914098204,0.01757613279610577,479
2023-05-30,0.32512143967537144,0.017690311092774493,479
2023-05-31,0.32478819322115565,0.017690527739640464,479
2023-06-01,0.3272625901386301,0.017844630498569342,479
2023-06-02,0.3252068759592246,0.01762910289607843,479
2023-06-05,0.3260007214471407,0.017664373709139255,479
2023-06-06,0.32545643271292873,0.0175652639140903,479
2023-06-07,0.319886283662923,0.017078259753447872,479
2023-06-08,0.3217594961465521,0.01722548136025198,479
2023-06-09,0.32271416379636353,0.017283138253767715,479
2023-06-12,0.32451885428797195,0.017453615162903995,479
2023-06-13,0.3244261328949339,0.017364393402985834,479
2023-06-14,0.325321449518536,0.01750159838068753,479
2023-06-15,0.32591713476273426,0.01763731119479632,479
2023-06-16,0.3247188986776349,0.017450368016925254,479
2023-06-20,0.3270002099730236,0.017502423776623373,480
2023-06-21,0.3246296854955651,0.017328731202813568,480
2023-06-22,0.32868663154537997,0.017720876135232634,480
2023-06-23,0.3288194373769938,0.017759440550502978,480
2023-06-26,0.32411605117861253,0.01747897531529344,480
2023-06-27,0.32548151540082143,0.017574567614275068,480
2023-06-28,0.32659532874885067,0.017715647466813454,480
2023-06-29,0.32470377216184676,0.0175535745214651,480
2023-06-30,0.3265573928389044,0.01773970247203084,480
2023-07-03,0.3265364386961226,0.01760416424444225,480
2023-07-05,0.32801748260707986,0.017660639897408518,480
2023-07-06,0.3288288198735753,0.017784121791161893,480
2023-07-07,0.32850152077673994,0.017701882393309616,480
2023-07-10,0.3240093630092839,0.01726816843879877,480
2023-07-11,0.3232115666937352,0.017131600190955283,480
2023-07-12,0.3256764963751381,0.017289345611600233,480
2023-07-13,0.3290063438841808,0.017484922269989434,480
2023-07-14,0.32998152985724555,0.017602536274440445,480
2023-07-17,0.3314067273737014,0.017737774781806756,480
2023-07-18,0.3323498420671966,0.017860191529516685,480
2023-07-19,0.33125947990434107,0.017760184322556036,480
2023-07-20,0.32508244922844626,0.01737432637302569,480
2023-07-21,0.32247176553522594,0.01717440242700436,480
2023-07-24,0.322994186100899,0.017204164213108393,480
2023-07-25,0.3242751934269384,0.01735610317921217,480
2023-07-26,0.3241263111383503,0.01724774546253643,480
2023-07-27,0.3246471597441132,0.017220943372306573,480
2023-07-28,0.3281532815532227,0.01748630911263306,480
2023-07-31,0.32781360507674484,0.0174444709739075,480
2023-08-01,0.327254296435839,0.017409811461473287,480
2023-08-02,0.3243883158410509,0.017187625209643936,480
2023-08-03,0.3253681722142456,0.01720124918798247,480
2023-08-04,0.3255626774954252,0.016996739923876132,480
2023-08-07,0.32520026242436495,0.016823603341344598,480
2023-08-08,0.3250597404126228,0.016840555703069766,480
2023-08-09,0.3223183830387601,0.01666884314390419,480
2023-08-10,0.3225028575351079,0.01668225673382876,480
2023-08-11,0.3211053231172065,0.016607077153766886,480
2023-08-14,0.32388537385328003,0.016792094610208034,480
2023-08-15,0.324248243218232,0.016824472817979396,480
2023-08-16,0.3235665942576737,0.016820282702015667,480
2023-08-17,0.32292049735483963,0.0167792791808625,480
2023-08-18,0.3218634760070262,0.016721810730852903,480
2023-08-21,0.3262224287339252,0.01696036459872858,480
2023-08-22,0.32699825080308587,0.01704985244066523,480
2023-08-23,0.32924438161567676,0.01725645063411871,480
2023-08-24,0.32737788614993407,0.01704118386611532,480
2023-08-25,0.3270091616500187,0.01703901380446953,480
2023-08-28,0.3269879172192577,0.01703590991492173,480
2023-08-29,0.3299714323383659,0.017226229222615845,480
2023-08-30,0.3308060365319515,0.01737539081315551,480
2023-08-31,0.33232821770750876,0.017474771666161605,480
2023-09-01,0.3310163245247494,0.017444762795426207,480
2023-09-05,0.33417225003813933,0.01771674890375826,480
2023-09-06,0.3315453854554912,0.01739301372073254,480
2023-09-07,0.33059915677185425,0.017173847702908744,480
2023-09-08,0.33133582095182773,0.017282688072186945,480
2023-09-11,0.3343326159760499,0.017416254461042772,480
2023-09-12,0.3321691939302069,0.017173056919930325,480
2023-09-13,0.33398388741898394,0.017264551760629767,480
2023-09-14,0.3332133587316654,0.01723625978659883,480
2023-09-15,0.3314938210351538,0.017142707478490785,480
2023-09-18,0.33019743213473346,0.017084809016755995,480
2023-09-19,0.33057816327126477,0.01714015806538584,480
2023-09-20,0.3268559915988739,0.016805404533723936,480
2023-09-21,0.3262023944120712,0.016870312033786652,480
2023-09-22,0.3262022950993266,0.01691029197910903,480
2023-09-25,0.3271509862954067,0.01698209469846446,480
2023-09-26,0.32604854248867376,0.016845050001722595,480
2023-09-27,0.3260447828647097,0.016823850483364492,480
2023-09-28,0.32617439275559984,0.01679393953756226,480
2023-09-29,0.3272384539577168,0.01691378285565915,480
2023-10-02,0.3325126545430632,0.01739627693081139,479
2023-10-03,0.3306405632714224,0.0172930297337036,479
2023-10-04,0.3331136979532086,0.017433604161906324,480
2023-10-05,0.33453203568280493,0.017552187791768807,480
2023-10-06,0.3368908281701553,0.017739177570048635,480
2023-10-09,0.3362690522889139,0.01772906558476419,480
2023-10-10,0.33568870318163896,0.017581571017075234,480
2023-10-11,0.338563393688717,0.01778158989039354,480
2023-10-12,0.3401956071830949,0.017982550770413788,480
2023-10-13,0.3372539273510861,0.017778465283411916,480
2023-10-16,0.3370658864984479,0.017701227598403865,480
2023-10-17,0.3349254938007801,0.017526159699977666,480
2023-10-18,0.33356722127773286,0.01753165324451734,481
2023-10-19,0.3337046163364688,0.017704618436384163,481
2023-10-20,0.33251277429384885,0.017625773377743924,481
2023-10-23,0.3354896355603546,0.017850941926992898,481
2023-10-24,0.33608954216104037,0.017839923464048356,481
2023-10-25,0.33286415925877777,0.017780479510938016,481
2023-10-26,0.3279872145250713,0.01730571857175025,481
2023-10-27,0.3330432109761739,0.01771366200456582,481
2023-10-30,0.3342923424668579,0.017889544974717734,481
2023-10-31,0.332549446164524,0.017747817764621324,481
2023-11-01,0.33606577679791444,0.018063926009671733,481
2023-11-02,0.33541527028597085,0.017928300991539928,481
2023-11-03,0.33474978605406674,0.01781876585946102,481
2023-11-06,0.33743360279313717,0.018090997523213137,481
2023-11-07,0.33999189565829224,0.018355485535038202,481
2023-11-08,0.3415839046334933,0.018498935032058433,481
2023-11-09,0.3411580338836807,0.01852154859348589,481
2023-11-10,0.34299136304957795,0.018717164582246287,481
2023-11-13,0.3428442347030005,0.018583656751758985,481
2023-11-14,0.3420051815516004,0.01842304872451542,481
2023-11-15,0.3406257795905439,0.018343835454608992,481
2023-11-16,0.34276772415772117,0.018619252079092024,481
2023-11-17,0.34131906146435875,0.01842456096412187,481
2023-11-20,0.3428320471970248,0.01858723848791531,481
2023-11-21,0.3419643032922182,0.01846455192403023,481
2023-11-22,0.342056467806359,0.018535517154015566,481
2023-11-24,0.33935220409693695,0.018328440112530202,481
2023-11-27,0.34013537754948703,0.018409896778132446,481
2023-11-28,0.3415277507821947,0.018538530090092112,481
2023-11-29,0.33946577872582956,0.018329744893211104,481
2023-11-30,0.3363954662989124,0.01813995874868894,481
2023-12-01,0.3336327976957002,0.017904019627254478,481
2023-12-04,0.3309972677502816,0.01767706952922042,481
2023-12-05,0.3351196561359527,0.018101805960461962,481
2023-12-06,0.3336434597668674,0.017957089118523624,481
2023-12-07,0.33642196844362754,0.01814519439729778,481
2023-12-08,0.33747888448549346,0.018215769633014415,481
2023-12-11,0.33240392838033306,0.017792018063676536,481
2023-12-12,0.33358675542424354,0.01788758462606884,481
2023-12-13,0.3317039154954066,0.017719859039300675,481
2023-12-14,0.3289431027480713,0.017428681302920166,481
2023-12-15,0.33086798496762626,0.017602545000881244,481
2023-12-18,0.3316645572762408,0.017539550351767665,481
2023-12-19,0.3309355008405098,0.01746813426836294,481
2023-12-20,0.33223818410241107,0.017635068784073428,481
2023-12-21,0.3319246564637857,0.017537049420808942,481
2023-12-22,0.3310465748213129,0.017467610297305286,481
2023-12-26,0.330208079011928,0.017351901983297432,481
2023-12-27,0.330201098023794,0.017306402030977806,481
2023-12-28,0.32997712136447493,0.017325212458771094,481
2023-12-29,0.32955171815499157,0.01731563561449079,481
2024-01-02,0.3262213900568055,0.01691310639551335,481
2024-01-03,0.3276535460755762,0.017033374546885773,481
2024-01-04,0.3259588172919224,0.016846656674431235,481
2024-01-05,0.32617298394340755,0.016801382218393134,481
2024-01-08,0.32922025099463015,0.01704643915647831,481
2024-01-09,0.33094273622565334,0.017198063645659744,481
2024-01-10,0.33325002770611606,0.01739028838696642,481
2024-01-11,0.3334788809053493,0.017445953827620174,481
2024-01-12,0.33384378275451554,0.01752639036060146,481
2024-01-16,0.33442135785359756,0.017544099959055835,481
2024-01-17,0.334534793805635,0.01757668130266707,481
2024-01-18,0.3364493650704823,0.017838998549940227,481
2024-01-19,0.3381429388058093,0.017963534260148475,481
2024-01-22,0.33763747964574137,0.017945362445262493,481
2024-01-23,0.33870878268665816,0.01804518057173736,481
2024-01-24,0.3412141341158028,0.018216436867667853,481
2024-01-25,0.33915014261313026,0.0181619761786994,481
2024-01-26,0.33884093943954086,0.018085628346487977,481
2024-01-29,0.33984386611933176,0.018113983422367433,481
2024-01-30,0.33770052722196753,0.01787208041273293,481
2024-01-31,0.33383085085794323,0.01752308895004344,481
2024-02-01,0.3347753663759554,0.017600626376155247,481
2024-02-02,0.34215909773163594,0.01798995656077044,481
2024-02-05,0.3443032642876036,0.018137025394795395,481
2024-02-06,0.3432161091120008,0.01807341428659969,481
2024-02-07,0.345696078607537,0.018228439066218183,481
2024-02-08,0.3454875017209561,0.018161967902858667,481
2024-02-09,0.348509057638158,0.018406089342335875,481
2024-02-12,0.3459658264495381,0.018167349469041593,481
2024-02-13,0.3459118568210243,0.018140779163617827,481
2024-02-14,0.3463804205811758,0.018087307452516244,481
2024-02-15,0.3437194545511725,0.017768136609609308,481
2024-02-16,0.343495878848079,0.017718279356942087,481
2024-02-20,0.3416748867756428,0.01763980030578063,481
2024-02-21,0.3408232180078378,0.017592324772729963,481
2024-02-22,0.34682929433573984,0.017986660221751414,481
2024-02-23,0.3457379821523339,0.017889212341523637,481
2024-02-26,0.3446531056402071,0.017771592971780503,481
2024-02-27,0.34449138157638265,0.01777167084400874,481
2024-02-28,0.34314486077705947,0.01766876470535725,481
2024-02-29,0.344593198749947,0.017793638979774925,481
2024-03-01,0.34577484018264243,0.017778519597296705,481
2024-03-04,0.34388789728887553,0.017646484883444887,481
2024-03-05,0.34108694616459645,0.017396508436342308,481
2024-03-06,0.3405682010707324,0.017331048801167183,481
2024-03-07,0.3433044558409969,0.01755183090875453,481
2024-03-08,0.34111900735205203,0.017413927730510752,481
2024-03-11,0.33890627135523105,0.01731753718769515,481
2024-03-12,0.3428200212628518,0.01768809685796132,481
2024-03-13,0.34248843872601675,0.017630697962451047,481
2024-03-14,0.34538412788058437,0.017937203118664265,481
2024-03-15,0.34358505957542834,0.01777325216567574,481
2024-03-18,0.34449991795417534,0.01781158464857798,481
2024-03-19,0.3451498091711298,0.01789228346723879,481
2024-03-20,0.34616631758877653,0.017964404604044554,481
2024-03-21,0.3443551176362386,0.017733785509859323,481
2024-03-22,0.34736150907689994,0.018008058762318917,481
2024-03-25,0.34688163188041365,0.0179380713664471,481
2024-03-26,0.34532825034292297,0.01781474206189909,481
2024-03-27,0.3428864243931442,0.017609045568669893,481
2024-03-28,0.3417781930456242,0.017496027028486582,481
2024-04-01,0.3439530579002617,0.01768115168725074,481
2024-04-02,0.34511454878985504,0.017726144526115387,481
2024-04-03,0.3460274659887562,0.01774236269840134,481
2024-04-04,0.3452906425169399,0.017706634428392792,481
2024-04-05,0.3475439249354985,0.01786913941911867,481
2024-04-08,0.3466006484159851,0.017800916476165853,481
2024-04-09,0.34582008472678016,0.017788868063780966,481
2024-04-10,0.3485544993863001,0.018010207784358787,481
2024-04-11,0.35339111559292424,0.018474530181056565,481
2024-04-12,0.35432672450758806,0.018577422857121773,481
2024-04-15,0.3519757079774693,0.018340211477518187,481
2024-04-16,0.3521538286637538,0.018343432731344738,481
2024-04-17,0.3505673212321177,0.018199518677907436,481
2024-04-18,0.3499891109750069,0.018091840631702754,481
2024-04-19,0.3430642914063681,0.017558068267448407,481
2024-04-22,0.3444455768092061,0.017643864903320268,481
2024-04-23,0.34602905159827235,0.017763001519046688,481
2024-04-24,0.34447075264348803,0.01771062459508413,481
2024-04-25,0.3420788436858058,0.017563943817941047,481
2024-04-26,0.348726818501295,0.0181317692611146,481
2024-04-29,0.3477814919284789,0.017998025617333567,481
2024-04-30,0.3463562158844803,0.01780441102542272,481
2024-05-01,0.3470062672038458,0.01790343753732282,481
2024-05-02,0.34906272934110516,0.018147488980991784,481
2024-05-03,0.35257567396144623,0.0185849173168328,481
2024-05-06,0.3540335051867694,0.018617789183391083,481
2024-05-07,0.35240709970852263,0.01848767041738422,481
2024-05-08,0.35220666050447685,0.018457157783200243,482
2024-05-09,0.35100260853480714,0.018373712005054756,482
2024-05-10,0.35039932775302673,0.018313189853106555,482
2024-05-13,0.3511009632198272,0.01842934938256095,482
2024-05-14,0.35203530475604866,0.018489629710217503,482
2024-05-15,0.35358858111538816,0.018600328491686642,482
2024-05-16,0.35267215922002904,0.01857709004045631,482
2024-05-17,0.3518608833052464,0.018498339456034553,482
2024-05-20,0.3537821688126944,0.018716820919976597,482
2024-05-21,0.3549686996653934,0.018820137310014858,482
2024-05-22,0.35472599138202454,0.018816293775338458,482
2024-05-23,0.3584377261111566,0.01918738993698206,482
2024-05-24,0.36042373651268944,0.01937469779114239,482
2024-05-28,0.36490632618035984,0.01986521883067516,482
2024-05-29,0.36730524376196055,0.020123360541466566,482
2024-05-30,0.3632458910914647,0.01964068847342744,482
2024-05-31,0.3595765166580435,0.019300770240951236,482
2024-06-03,0.36360819683190854,0.019693435761953294,482
2024-06-04,0.3643511832333988,0.019820346174488634,482
2024-06-05,0.36749870889281383,0.020150483957903004,482
2024-06-06,0.3675542951663133,0.020121716739474653,482
2024-06-07,0.3683668352173949,0.02018186424283803,482
2024-06-10,0.3691243208994478,0.02018247334910578,482
2024-06-11,0.3735316090343953,0.020729893913722805,482
2024-06-12,0.37642859948037916,0.021135870301561107,482
2024-06-13,0.3790148398373391,0.02133982427511659,482
2024-06-14,0.3804131712428174,0.021495597742758766,482
2024-06-17,0.3813226459099,0.021505722659008478,482
2024-06-18,0.38029350844409743,0.021507215821273122,482
2024-06-20,0.37739775928568714,0.021144114953891943,482
2024-06-21,0.3764872677359687,0.021037847254396728,482
2024-06-24,0.37057204858321474,0.020382599179863674,484
2024-06-25,0.37637937530323634,0.020988459486197306,484
2024-06-26,0.3791199544615002,0.02127605595765342,484
2024-06-27,0.37954992372844876,0.021250851061210448,484
2024-06-28,0.37661135909361615,0.020963101810424947,484
2024-07-01,0.38155401829023095,0.021474626037902525,484
2024-07-02,0.382662526011834,0.021483137795152256,484
2024-07-03,0.385322814910573,0.02173779992621745,484
2024-07-05,0.38817220457092455,0.021941313168260385,484
2024-07-08,0.38850275452742233,0.02200378966558346,485
2024-07-09,0.3899281988039046,0.022103472736473267,485
2024-07-10,0.3914535519714471,0.02233629495614468,485
2024-07-11,0.38297605578192623,0.02149298799640955,485
2024-07-12,0.38255242113124444,0.021475559756427724,485
2024-07-15,0.383113275233357,0.021523039433295442,485
2024-07-16,0.3783778122075577,0.021054140625399842,485
2024-07-17,0.3714147559209861,0.020476032649614645,485
2024-07-18,0.37229323042747087,0.020544349516177497,485
2024-07-19,0.3710598629298995,0.020422218001906304,485
2024-07-22,0.374195835629132,0.020693830372321476,485
2024-07-23,0.37570386570171105,0.02082037916881497,485
2024-07-24,0.3667715668661602,0.020071288630367654,485
2024-07-25,0.3630836030888878,0.019715714451760895,485
2024-07-26,0.36188953659219375,0.0196097575985987,485
2024-07-29,0.36265116162884603,0.019609154615230225,485
2024-07-30,0.3583282070731323,0.01926541202578128,485
2024-07-31,0.36425497094145187,0.019705907391679378,485
2024-08-01,0.3621065246572537,0.019489388854116857,485
2024-08-02,0.36042673428142136,0.019521833366762796,485
2024-08-05,0.3560269131887129,0.019046667930468268,485
2024-08-06,0.3565212093637499,0.01899828980419068,485
2024-08-07,0.35562507759368295,0.019031751420606223,485
2024-08-08,0.35827478413797503,0.019113190441282596,485
2024-08-09,0.36023218092963166,0.01924321779751926,485
2024-08-12,0.3621866203724066,0.019512821179326848,485
2024-08-13,0.3660223434206836,0.019827809968850304,485
2024-08-14,0.3655685056026601,0.019831801181081847,485
2024-08-15,0.36775331677381906,0.019975957046619607,485
2024-08-16,0.36779254114049376,0.020022889152706773,485
2024-08-19,0.36944662557992525,0.020184045427177055,485
2024-08-20,0.369784070084706,0.020190254513668356,485
2024-08-21,0.369144544956104,0.020111832401088006,485
2024-08-22,0.36565599285231604,0.01977567265010968,485
2024-08-23,0.36684663636455045,0.01991236220299135,485
2024-08-26,0.3645277016106591,0.019755331240673687,485
2024-08-27,0.3644701204927048,0.019800311514596748,485
2024-08-28,0.36285725147217046,0.019638651967672446,485
2024-08-29,0.3601926453369961,0.019364274862467813,485
2024-08-30,0.36141632400985224,0.019346265831019845,485
2024-09-03,0.3563464284804159,0.018806196934935234,485
2024-09-04,0.3550423691387682,0.018628902725182715,485
2024-09-05,0.357637124013271,0.018878495315868875,485
2024-09-06,0.35300666887142584,0.018685792042893237,485
2024-09-09,0.35342388815622144,0.01871287327779283,485
2024-09-10,0.3555770682260132,0.0188513251870705,485
2024-09-11,0.3615482008715553,0.01940873780595901,485
2024-09-12,0.3635097387741695,0.01952136085995182,485
2024-09-13,0.362500699711739,0.01943006178205061,485
2024-09-16,0.3589319892641361,0.019037978487348714,485
2024-09-17,0.3596784341721611,0.019097568787426692,485
2024-09-18,0.36011357188085136,0.01913856182163344,485
2024-09-19,0.3641758132102426,0.019486117048917978,485
2024-09-20,0.3639061263336894,0.019413774955536207,485
2024-09-23,0.36199846088503196,0.019138722050784727,485
2024-09-24,0.3636328401984205,0.019276992520980304,485
2024-09-25,0.36560300366479204,0.019475251259585685,485
2024-09-26,0.36451814585713477,0.019392175992165125,485
2024-09-27,0.3623781351991797,0.019205990618002204,485
2024-09-30,0.3634016048872053,0.019349340314017274,486
2024-10-01,0.3605491515064912,0.018975362131645968,485
2024-10-02,0.3604088614905654,0.019002187308232554,485
2024-10-03,0.36185113819035386,0.01919570252260519,485
2024-10-04,0.36313002960342444,0.0192208987153,485
2024-10-07,0.36202551543385764,0.019183278031464947,485
2024-10-08,0.3651938004453493,0.019521067291795924,485
2024-10-09,0.3635991307133243,0.019380005932256653,485
2024-10-10,0.3646861623900966,0.01952622688897155,485
2024-10-11,0.362025833654715,0.019328041284131278,485
2024-10-14,0.362669733276855,0.019472646871689876,485
2024-10-15,0.3621703127189858,0.019403087435011228,485
2024-10-16,0.36113900847711805,0.019338469982878248,485
2024-10-17,0.3619632838384579,0.019419243367283366,485
2024-10-18,0.36228424200255294,0.019510249991264633,485
2024-10-21,0.3660092622071872,0.019984511022458174,485
2024-10-22,0.3677123301362435,0.020157303647728247,485
2024-10-23,0.36384831723231487,0.019801595178018702,485
2024-10-24,0.36601003866580584,0.019826162238393657,485
2024-10-25,0.3690577946229453,0.02006951312914343,485
2024-10-28,0.3680544649341542,0.019984834763913786,485
2024-10-29,0.3711234572066344,0.02020436628306491,485
2024-10-30,0.3706262102842416,0.020163986596961194,485
2024-10-31,0.3652833669389722,0.019569810674853153,485
2024-11-01,0.366778923544875,0.019712162034473873,485
2024-11-04,0.3653930908007758,0.019666445239001577,485
2024-11-05,0.3660977759306773,0.019706138481804657,485
2024-11-06,0.36699569706606555,0.019697777866221216,485
2024-11-07,0.37128232321763377,0.020079162139377944,485
2024-11-08,0.36986971332802737,0.019807403359966093,485
2024-11-11,0.3683239438596941,0.019515290196157487,485
2024-11-12,0.3705558700853442,0.019884807275365433,485
2024-11-13,0.3700828121388486,0.019841506859320977,485
2024-11-14,0.37042884281426675,0.020055927043685202,485
2024-11-15,0.36642089202848127,0.019666108301671675,485
2024-11-18,0.3665555751605618,0.019625416830097095,485
2024-11-19,0.37042112217180967,0.020059236420874024,485
2024-11-20,0.3690669090968856,0.019924106690919846,485
2024-11-21,0.3640986962853201,0.019538678328412926,485
2024-11-22,0.3617794899078472,0.019221360523126826,485
2024-11-25,0.3602519969484794,0.0190250680987055,485
2024-11-26,0.3623296551910547,0.019226244646905352,486
2024-11-27,0.3612274805427425,0.019129947189262045,486
2024-11-29,0.36287099764349584,0.019272175298430907,486
2024-12-02,0.36671052957536376,0.019562190944635773,486
2024-12-03,0.3692479378122897,0.019823641785685304,486
2024-12-04,0.37234926835419413,0.020141189446053136,486
2024-12-05,0.3744012545035399,0.02030358990836613,486
2024-12-06,0.3765654579700332,0.020299702594940138,486
2024-12-09,0.3777301078445898,0.020451449358559654,486
2024-12-10,0.3793150298406509,0.020516129300282904,486
2024-12-11,0.38525893343367135,0.02093706176029345,486
2024-12-12,0.38494579805486273,0.02095322737956369,486
2024-12-13,0.38708057821142305,0.02085337248402285,486
2024-12-16,0.3925582205481749,0.021140794652135385,486
2024-12-17,0.39389347115110873,0.021302367032288928,486
2024-12-18,0.391853629901382,0.021279906900381416,486
2024-12-19,0.3933411915678225,0.021496778224752485,486
2024-12-20,0.3922094718544434,0.02154604862559614,486
2024-12-23,0.39324814146535403,0.02160027182603918,487
2024-12-24,0.3950212842748953,0.02163239903866542,487
2024-12-26,0.39447898191732755,0.021589742281340266,487
2024-12-27,0.3921359181098039,0.021382104894545676,487
2024-12-30,0.39188103083929515,0.02142288559334513,487
2024-12-31,0.3888092526970927,0.021140946998656467,487
2025-01-02,0.3885310807110752,0.02114072490444718,487
2025-01-03,0.39080451415004486,0.021317472125250186,487
2025-01-06,0.3954703871893431,0.021766801001988648,487
2025-01-07,0.3902811457870838,0.021218105994865347,487
2025-01-08,0.3896042589013351,0.02117391749035751,487
2025-01-10,0.38966537271310664,0.021071466141886167,487
2025-01-13,0.38664669164292964,0.0207229406766827,487
2025-01-14,0.3836776308075299,0.020447521155061446,487
2025-01-15,0.387815145758393,0.020784554963083672,487
2025-01-16,0.38241002637874255,0.020184742616800845,487
2025-01-17,0.38504917264294974,0.02038855812825985,487
2025-01-21,0.3827941820813821,0.020142171267031533,487
2025-01-22,0.38649710266552806,0.020680866477985078,487
2025-01-23,0.38495871443807106,0.020543164548384,487
2025-01-24,0.3844980610823458,0.02037169709211055,487
2025-01-27,0.37505241138524714,0.01947699063018083,487
2025-01-28,0.38282354592557366,0.020345997976372918,487
2025-01-29,0.3810609845045209,0.02016544867110509,487
2025-01-30,0.3781700812180965,0.019709551951044797,487
2025-01-31,0.37942899810119557,0.01972700883362175,487
2025-02-03,0.37598983259261204,0.019383146899222187,487
2025-02-04,0.37932149824629086,0.019678772049252197,487
2025-02-05,0.3768188206892467,0.01949773527114556,487
2025-02-06,0.37842852626871293,0.019700721394301283,487
2025-02-07,0.37533614590309816,0.019485234631184567,487
2025-02-10,0.37660842293862395,0.019620027331617336,487
2025-02-11,0.3760380544146527,0.01967873013051602,487
2025-02-12,0.3770337303866186,0.01974641582126811,487
2025-02-13,0.3786132827403997,0.019867252609495616,487
2025-02-14,0.38022161040704194,0.02009132303703435,487
2025-02-18,0.377775926549655,0.019934649348069156,487
2025-02-19,0.37784648935360815,0.019943993041081454,487
2025-02-20,0.37782162187838647,0.020061092631383146,487
2025-02-21,0.37601860561321115,0.019937525663873565,487
2025-02-24,0.37384974424495226,0.01975680843093845,487
2025-02-25,0.3698798477642617,0.019489785911692252,487
2025-02-26,0.3709873783977717,0.019521619606519647,487
2025-02-27,0.36522539695690226,0.019002055321765247,487
2025-02-28,0.3667897174181816,0.019156699480342,487
2025-03-03,0.36144077396343943,0.01866126700107397,487
2025-03-04,0.3641618602830145,0.01893694780645646,487
2025-03-05,0.3659132378705023,0.019019494401360325,487
2025-03-06,0.36319423127103817,0.0189027214279172,487
2025-03-07,0.36345631172996246,0.018928049758469036,487
2025-03-10,0.3569137018182999,0.018437496135082086,487
2025-03-11,0.3598018423604458,0.018532106593656488,487
2025-03-12,0.36407577654600004,0.018797582676004385,487
2025-03-13,0.36186424428899727,0.018612017300934685,487
2025-03-14,0.3639589293330564,0.018808221988664876,487
2025-03-17,0.35952244282855683,0.01845351709622713,487
2025-03-18,0.3563203629088379,0.018232895570945745,487
2025-03-19,0.3579831496501877,0.018335737706590756,487
2025-03-20,0.35829113942645746,0.018372174475954225,487
2025-03-21,0.3610588031291893,0.01861142608936265,487
2025-03-24,0.36247315630628735,0.018600416164835383,487
2025-03-25,0.3645459809024144,0.018772402225157574,487
2025-03-26,0.359007848596621,0.01834957751934712,487
2025-03-27,0.35808895252630374,0.01835119125783805,487
2025-03-28,0.3547231372131,0.018078234483260867,487
2025-03-31,0.3522629047142802,0.017945345183794342,487
2025-04-01,0.35476536625791527,0.018159548838187344,487
2025-04-02,0.3549858966571679,0.018089059318103735,487
2025-04-03,0.3490309811579646,0.01759657584985075,487
2025-04-04,0.3500549625056476,0.017689090928203442,487
2025-04-07,0.35227173249300836,0.017754663405230575,487
2025-04-08,0.35069068791346614,0.017599767437197423,487
2025-04-09,0.36328871583426925,0.018589112305169752,487
2025-04-10,0.3600065694621962,0.018356418639567426,487
2025-04-11,0.3624665526416664,0.01861324390231231,487
2025-04-14,0.36025478535600847,0.018482515831968947,487
2025-04-15,0.3593618732960554,0.018448288774896328,487
2025-04-16,0.353624306270224,0.01790894489071685,487
2025-04-17,0.35091920868278786,0.017688198383097486,487
2025-04-21,0.3492093411010583,0.017580401952655367,487
2025-04-22,0.3500767854619212,0.01764140579027582,487
2025-04-23,0.3544779477620567,0.01796036377833122,487
2025-04-24,0.35739328529090814,0.01817800871964709,487
2025-04-25,0.36255290097962284,0.01850224850703159,487
2025-04-28,0.36075913881084964,0.018349690627116735,487
2025-04-29,0.3602716753053525,0.018304334301723624,487
2025-04-30,0.3587050292812512,0.018237021433282437,487
2025-05-01,0.36521617806026535,0.018884683038941162,487
2025-05-02,0.36377320793929097,0.01864011599913376,487
2025-05-05,0.36143524987067094,0.01846665343247211,487
2025-05-06,0.36193858506294074,0.018522353265890946,487
2025-05-07,0.3606814583633035,0.018413440318159294,487
2025-05-08,0.3617437670208377,0.018488212500143417,487
2025-05-09,0.3624410179563941,0.01851389102786068,487
2025-05-12,0.36817482229784076,0.01896985203561249,487
2025-05-13,0.37262610943960695,0.01932856342919164,487
2025-05-14,0.3769868962186307,0.019734885689922904,487
2025-05-15,0.3728888387557629,0.019420971380311233,487
2025-05-16,0.3716925364525366,0.01929139200353211,487
2025-05-19,0.3707705961428669,0.019229187305305692,488
2025-05-20,0.3695841726607739,0.01910985188933107,488
2025-05-21,0.3716134199314433,0.019229725183663022,488
2025-05-22,0.3735634912403085,0.019392338949082946,488
2025-05-23,0.37122559125511423,0.019141489143920665,488
2025-05-27,0.3737953878273273,0.019342090454972635,488
2025-05-28,0.374438878358058,0.019398037635667956,488
2025-05-29,0.37577926310996745,0.019566902681647035,488
2025-05-30,0.3735485308720628,0.01935951171343251,488
2025-06-02,0.37496291770246776,0.019490193456813482,488
2025-06-03,0.37486228461383164,0.01954067011000636,488
2025-06-04,0.37614084858876085,0.019673024986914908,488
2025-06-05,0.3739942916300291,0.019644675471568507,488
2025-06-06,0.3747547969587256,0.01973918512408139,488
2025-06-09,0.37602495266019054,0.019820227912265672,488
2025-06-10,0.3766695659613024,0.01983156969860076,488
2025-06-11,0.37530154232458257,0.01969899191938525,488
2025-06-12,0.37513680107691133,0.019787592196520487,488
2025-06-13,0.37526973845937706,0.019771501155646153,488
2025-06-16,0.3767863342165583,0.019893088691478943,488
2025-06-17,0.3768886711632905,0.019961388739879158,488
2025-06-18,0.37775770755463767,0.02003807337168092,488
2025-06-20,0.37602393562862146,0.019903234463704164,488
2025-06-23,0.3763365032223544,0.01985226117098132,488
2025-06-24,0.37648842605273797,0.01989151929107083,488
2025-06-25,0.3798454823122646,0.02035965470275234,488
2025-06-26,0.3806492371373794,0.020383440463954405,488
2025-06-27,0.3819919989891134,0.020511029136064403,488
2025-06-30,0.38078170514210813,0.02043814818466377,488
2025-07-01,0.3766154409201402,0.020072483757437025,488
2025-07-02,0.37909125871707405,0.020333872302674746,488
2025-07-03,0.38002888834214776,0.020444001018906956,488
2025-07-07,0.379042275252716,0.020438123664064615,488
2025-07-08,0.37840474513694256,0.020441310175611863,488
2025-07-09,0.38025920745153835,0.020646516506671805,489
2025-07-10,0.3806168902515334,0.02063284274386809,489
2025-07-11,0.3828154553599798,0.020848988104749205,489
2025-07-14,0.38211592769712205,0.020726752532703577,489
2025-07-15,0.38663217273085543,0.021334449003692014,489
2025-07-16,0.3857795961783622,0.021260538837276653,489
2025-07-17,0.3860603464259498,0.021304154826864007,489
2025-07-18,0.38703380384188035,0.021318075044441217,489
2025-07-21,0.38875196426990305,0.021405415051570734,489
2025-07-22,0.38536916214573896,0.021004705801097916,489
2025-07-23,0.384897410880385,0.020979862049353083,490
2025-07-24,0.38635910649519,0.021271437278540785,490
2025-07-25,0.38603026783589445,0.02119341188853531,490
2025-07-28,0.38839039918006707,0.021432233335220867,490
2025-07-29,0.38760181183053155,0.021355365124223324,490
2025-07-30,0.3894864464377161,0.02160442234636166,490
2025-07-31,0.39403805447984713,0.022078076682108455,490
2025-08-01,0.3897654917302216,0.02170349761551184,490
2025-08-04,0.39138166803364555,0.02197350558088123,490
2025-08-05,0.3906516856543742,0.021861079357959987,490
2025-08-06,0.3947927364290044,0.022127713299134405,490
2025-08-07,0.39695568596094,0.022345494378780865,490
2025-08-08,0.39932117067714024,0.0225883551673344,489
2025-08-11,0.3993682516030651,0.022557625075954654,489
2025-08-12,0.3995567465561601,0.022535796004960664,489
2025-08-13,0.39697838819641423,0.022253336036393918,489
2025-08-14,0.39865916492878867,0.02241541775594725,489
2025-08-15,0.3978977667176745,0.02234962864863337,489
2025-08-18,0.3976178711061957,0.02234701734991773,489
2025-08-19,0.39367624875750856,0.02186619943529089,489
2025-08-20,0.39109821487036334,0.021628745914931823,489
2025-08-21,0.39078439533565995,0.021632981313249595,489
2025-08-22,0.3922891466011846,0.02167780180490233,489
2025-08-25,0.39467918121993745,0.021914206990909187,489
2025-08-26,0.3950679035495358,0.02194612691528655,489
2025-08-27,0.3950704486258579,0.02195670905875797,489
2025-08-28,0.3955617875129936,0.02192380718160058,490
2025-08-29,0.39291536973711855,0.02163810590542211,490
2025-09-02,0.39182076155764356,0.02150406647962761,490
2025-09-03,0.3967694420607637,0.02194898244430453,490
2025-09-04,0.3980887440341234,0.022004845986408544,490
2025-09-05,0.39806194938602485,0.021761742604510945,490
2025-09-08,0.39822250084478317,0.021757234370048714,490
2025-09-09,0.39866513255652514,0.021844105839522007,490
2025-09-10,0.4004032061485897,0.021937729948306787,490
2025-09-11,0.3977045426238857,0.021714600495144024,490
2025-09-12,0.4012945258959642,0.022065553434283687,490
2025-09-15,0.40498581969504927,0.022358005778611113,490
2025-09-16,0.40592731205433524,0.022376431643365106,490
2025-09-17,0.4019866295222305,0.021955656174917564,490
2025-09-18,0.40217391366686556,0.022066282482857795,490
2025-09-19,0.40518778846290443,0.022350871245048833,490
2025-09-22,0.40539255128510343,0.02248221894917828,490
2025-09-23,0.40189084536002967,0.022159330546943776,490
2025-09-24,0.40183814533629875,0.022048146720755342,490
2025-09-25,0.40227477263986,0.02223471286475486,490
2025-09-26,0.401961837257825,0.022125591594975593,490
2025-09-29,0.4021274483585035,0.02221882408703195,490
2025-09-30,0.40234064816154913,0.02234473794323947,490
2025-10-01,0.4020028350283877,0.022349939493962353,490
2025-10-02,0.40210253718692057,0.022421917759387712,490
2025-10-03,0.4005301537953746,0.022300860931180274,490
2025-10-06,0.40166326689337917,0.022359834763223722,490
2025-10-07,0.4004376961038919,0.022278905453923175,490
2025-10-08,0.401907422638777,0.022449153844506672,490
2025-10-09,0.40324991149046885,0.022621849758126353,490
2025-10-10,0.3993522252878248,0.022256304670964414,490
2025-10-13,0.4034036786854043,0.02247721469913839,490
2025-10-14,0.39840414893219694,0.021932348354617385,490
2025-10-15,0.3995436752792014,0.02198150962271636,490
2025-10-16,0.401975683738681,0.022224059552628565,490
2025-10-17,0.4017040193956526,0.02230718284032407,490
2025-10-20,0.4023918882517537,0.022371125841406266,490
2025-10-21,0.4009235416221316,0.02222544305114996,490
2025-10-22,0.40128353461442495,0.022238109326206165,490
2025-10-23,0.40182352973740304,0.02227292163751902,490
2025-10-24,0.4034366076634885,0.022532398273596578,490
2025-10-27,0.40731804807594724,0.022965039913681096,490
2025-10-28,0.4126835770998246,0.02365539061137612,490
2025-10-29,0.4177038345984503,0.024247851998540793,490
2025-10-30,0.4138695674854388,0.02402874715488923,491
2025-10-31,0.41471032302442534,0.023994616450749382,490
2025-11-03,0.4167514265675267,0.024274945131464727,491
2025-11-04,0.4144566264699102,0.023992217620964512,490
2025-11-05,0.41412439645073423,0.02376203865480072,490
2025-11-06,0.411897445426432,0.023487930863712828,490
2025-11-07,0.40920326563757803,0.023239514030333724,490
2025-11-10,0.41365221155385745,0.0238241396425273,490
2025-11-11,0.4119609191510445,0.0236071415305254,490
2025-11-12,0.4101523514746889,0.023459012025203875,489
2025-11-13,0.40800150451185585,0.02320987714175186,490
2025-11-14,0.4095053046184567,0.023426780878921687,490
2025-11-17,0.4114155982832657,0.023540323809787086,490
2025-11-18,0.4083639569073662,0.02317198883940527,490
2025-11-19,0.41118916380425374,0.023503588198500427,490
2025-11-20,0.41048328796261063,0.023381283826810352,490
2025-11-21,0.40886536159480547,0.023210203685750122,490
2025-11-24,0.41560145857404707,0.02372593431691096,490
2025-11-25,0.4142534144572225,0.023410796420074,490
2025-11-26,0.41403227546511834,0.023381469193400284,490
2025-11-28,0.4129786389071834,0.02320346698317089,491
2025-12-01,0.41380942470661636,0.02343059057659541,491
2025-12-02,0.4144070776875379,0.02356828791351788,491
2025-12-03,0.4109274615288002,0.023180652667181025,491
2025-12-04,0.41163402620717426,0.023233788881153378,491
2025-12-05,0.4122728971450161,0.023221465471699197,491
2025-12-08,0.41320397413429444,0.02340501176118788,491
2025-12-09,0.41430813057262106,0.023480280781524587,491
2025-12-10,0.41147992001394085,0.023170778669579548,491
2025-12-11,0.4077811949786271,0.02273714188294977,492
2025-12-12,0.4049367705018507,0.02250364274696041,492
2025-12-15,0.40377781552133707,0.022367481220086076,492
2025-12-16,0.40616707795463375,0.022571325439486457,492
2025-12-17,0.4026401249521867,0.022216182838922585,492
2025-12-18,0.4058242525884072,0.022477477210493205,492
2025-12-19,0.40699369634171745,0.02271957389570737,492
2025-12-22,0.4050189447917452,0.02249215239046743,492
2025-12-23,0.40802692668624874,0.022862349314957273,492
2025-12-24,0.4072309300577953,0.02277586792662599,492
2025-12-26,0.4072573100332664,0.022838885888547152,492
2025-12-29,0.4066162414245691,0.02279392667397669,492
2025-12-30,0.40706919291885274,0.022812003871560224,492
2025-12-31,0.4075793317426958,0.022881715099210054,492
2026-01-02,0.40493998281539084,0.022730094719787187,492
2026-01-05,0.40277636922852994,0.022465145156652544,492
2026-01-06,0.3998651345286452,0.02213971118238739,492
2026-01-07,0.40364469387640245,0.022547123201303372,492
2026-01-08,0.401576942533748,0.022308597708730817,492
2026-01-09,0.40110720177763104,0.022215449648331127,492
2026-01-12,0.4014173850713814,0.02224095806181483,492
2026-01-13,0.40157561551476795,0.022316367979969356,492
2026-01-14,0.3978060085399287,0.02202650345346638,492
2026-01-15,0.3975460915192839,0.022009137884206692,492
2026-01-16,0.397567148715552,0.021948031891015428,492
2026-01-20,0.3935265413482306,0.021556664731462997,492
2026-01-21,0.3923495789492542,0.02149815317176703,492
2026-01-22,0.394874021320063,0.021651171662697272,492
2026-01-23,0.3974358590185499,0.021962478875228814,492
2026-01-26,0.3984148585183936,0.022086624811248616,492
2026-01-27,0.400713190079072,0.02237328199539956,492
2026-01-28,0.4014700451851322,0.022514715956977648,492
2026-01-29,0.3991920635432794,0.02222939014453891,492
2026-01-30,0.4018738456137815,0.02227876833780907,492
2026-02-02,0.4006520872881254,0.02213735816253267,492
2026-02-03,0.3980140879636818,0.02181489929488148,492
2026-02-04,0.39504703391649953,0.021598536331728133,492
2026-02-05,0.3940884291802019,0.02150159013856411,492
2026-02-06,0.39246376429859486,0.021446469155997936,492
2026-02-09,0.3940144899725276,0.02159959044265264,493
2026-02-10,0.3928003979394096,0.021436972778233324,493
2026-02-11,0.391322683364559,0.02129175743685449,493
2026-02-12,0.389780978937411,0.021089772425135784,493
2026-02-13,0.38476778225296443,0.020537451206126756,493
2026-02-17,0.3860998507060803,0.02074406810630728,493
2026-02-18,0.3863504017202394,0.02082779403716355,493
2026-02-19,0.3861559783658305,0.020798626797602703,493
2026-02-20,0.38844769403757984,0.021083890899098512,493
2026-02-23,0.38924040029638907,0.021291914168706506,493
2026-02-24,0.38962193621079416,0.021331667357293905,493
2026-02-25,0.39154624093960055,0.021505593553127228,493
2026-02-26,0.3867264299458695,0.020877964220842156,493
2026-02-27,0.3829729812760085,0.020384471560936687,493
2026-03-02,0.38378857674898864,0.020575228002188008,493
2026-03-03,0.38555298318242254,0.02071072721102643,493
2026-03-04,0.38663195502970976,0.02072803438878435,493
2026-03-05,0.3897220373401344,0.02094208996492236,493
2026-03-06,0.389045032461006,0.020845631186351916,493
2026-03-09,0.391417273524437,0.021136704429944905,493
2026-03-10,0.3932369667008615,0.02135232599800147,493
2026-03-11,0.3941764394315054,0.021478939322247315,493
2026-03-12,0.3941878456003459,0.021464234742372818,493
2026-03-13,0.3903311179461871,0.021132515186437606,493
2026-03-16,0.39126566358085596,0.021241236131113388,493
2026-03-17,0.3913504762612052,0.021239174956324467,493
2026-03-18,0.3907839030805733,0.021239693462278192,493
2026-03-19,0.38917957823068505,0.021109675080646904,493
2026-03-20,0.38740190447688333,0.020944014487747173,493
2026-03-23,0.3874514596902024,0.020875031786764794,493
2026-03-24,0.3843107023384356,0.020564978308647293,493
2026-03-25,0.38488213938364146,0.020664314060850238,493
2026-03-26,0.3815543584532508,0.020378969842591556,493
2026-03-27,0.3790292847900053,0.020184980119987803,493
2026-03-30,0.3790834285641181,0.020129463046871285,493
2026-03-31,0.38359971469379306,0.020588285251765624,493
2026-04-01,0.3853656426089889,0.020758339329860466,493
2026-04-02,0.3845846334207523,0.020770534046908026,493
2026-04-06,0.38461011631391917,0.020829710655657894,493
2026-04-07,0.38536548069774285,0.02087832803985952,493
2026-04-08,0.3859013419340812,0.02089833275054566,493
2026-04-09,0.38828867022903346,0.02105003920394969,494
2026-04-10,0.3920788016178958,0.021430401221268186,494
2026-04-13,0.39135206478462187,0.02133669791264132,494
2026-04-14,0.3959655686878383,0.02183528130976841,494
2026-04-15,0.4011702034147856,0.022260385481103463,494
2026-04-16,0.4004206169741891,0.02214774136114591,494
2026-04-17,0.4019909902961908,0.022295065097964088,494
2026-04-20,0.40060604307772174,0.022250756960411795,494
2026-04-21,0.40062348414574245,0.022154871491472196,494
2026-04-22,0.4040644172324621,0.022530477459351002,494
2026-04-23,0.4026535112095334,0.022407495866723914,494
2026-04-24,0.4065234789798108,0.02291069439382252,494
2026-04-27,0.4088595415166301,0.023343569323106612,494
2026-04-28,0.408860771362152,0.023352724854043688,494
2026-04-29,0.40755172050916083,0.023159400701745922,494
2026-04-30,0.40434768689461575,0.022932308295276035,494
2026-05-01,0.40678020346587884,0.023168960086040045,494
2026-05-04,0.4071687219765133,0.023200095946721493,494
2026-05-05,0.4062029333104301,0.02316741391688669,494
2026-05-06,0.40830911280239757,0.0236094410463124,494
2026-05-07,0.4111847435897279,0.023914397520289038,495
2026-05-08,0.4123795757891094,0.02409665251060076,495
2026-05-11,0.4103391151145644,0.023928516745055948,495
2026-05-12,0.4100511861212995,0.023955342024571346,495
2026-05-13,0.4144034030301124,0.024532885133903774,495
2026-05-14,0.4160993798074214,0.024802339168491887,495
2026-05-15,0.41562262786316373,0.024641899470380615,495
2026-05-18,0.41395904292091457,0.024412355569129393,495
2026-05-19,0.4117360174178855,0.024235975360218945,495
2026-05-20,0.41156166850794074,0.02424110231561839,495
2026-05-21,0.4090084029187096,0.024019045948273463,495
2026-05-22,0.40561471963501206,0.023569175095846863,495
2026-05-26,0.40522894449918245,0.023490728894292046,495
2026-05-27,0.4070719360680989,0.023527117932338817,495
2026-05-28,0.4079917862022454,0.023643988389836765,495
2026-05-29,0.4077215585211886,0.023400545530029612,495
2026-06-01,0.4085783675804602,0.023704631193159235,496
2026-06-02,0.4066946692429962,0.0233958831587405,495
2026-06-03,0.4038926667821575,0.022928539577229495,495
2026-06-04,0.40110602374665727,0.023055998992709797,495
2026-06-05,0.39661626796805016,0.022734333217793036,495
2026-06-08,0.39627871698303435,0.02261301278263215,495
2026-06-09,0.39268476752662046,0.02226240382882501,495
2026-06-10,0.3897288676083258,0.022044079503380946,495
2026-06-11,0.3893387009568692,0.021912317284563006,495
2026-06-12,0.38637218947654667,0.021642659760369307,495
2026-06-15,0.3916430350793255,0.022070062281884205,495
2026-06-16,0.39024610983499686,0.022021472122603393,495
2026-06-17,0.38848211079512013,0.021842291168623296,495
2026-06-18,0.3922998711562745,0.022135860283195023,495
2026-06-22,0.3844289718592187,0.021340163353959524,495
2026-06-23,0.38172694266304363,0.02113899626983832,495
2026-06-24,0.38011282030096116,0.020990731004976552,495
2026-06-25,0.3741352312058637,0.020240257058103818,495
2026-06-26,0.3755630506889941,0.020341155452681295,495
2026-06-29,0.3779963587370776,0.020498601091862193,496
2026-06-30,0.3802221409836013,0.02084070831720032,495
2026-07-01,0.382994412491661,0.021052343276444428,495
2026-07-02,0.38161877694222335,0.021175230810064796,495
2026-07-06,0.3840026306645532,0.021309526527759914,495
2026-07-07,0.38550177797828417,0.02146024026748629,495
2026-07-08,0.38779998627125856,0.021831156591873714,495
2026-07-09,0.38817876231234544,0.02166029504315287,495
2026-07-10,0.3896567348504114,0.021882272031443436,495
2026-07-13,0.38783003595847626,0.021709116274625975,495
2026-07-14,0.3905507116325122,0.02206466255777057,495
2026-07-15,0.3961947520624211,0.02272907108081765,495
2026-07-16,0.39279147671846404,0.02235078683743105,495
2026-07-17,0.3910971462564629,0.02219112352085542,496
2026-07-20,0.3923771957671655,0.022304052723020603,496
2026-07-21,0.39101674810677695,0.022167361930342952,496
2026-07-22,0.3905016917932898,0.02221714086217893,496
2026-07-23,0.3829739929626307,0.021616358088176035,496
2026-07-24,0.38271279822238063,0.02177378657391814,496
2026-07-27,0.38168975991987014,0.021549015266108865,496
2026-07-28,0.38383627988597535,0.02171261124279979,496
2026-07-29,0.3843903330889785,0.021752681524121693,496
2026-07-30,0.38614142716880634,0.021958404659308067,496
2026-07-31,0.3920604516485664,0.022290143448408344,496
2026-08-03,0.39617906732792063,0.022679084010116736,496
2026-08-04,0.3947770021125089,0.022604884855166305,496
2026-08-05,0.39447976739050794,0.022606097813239703,497
2026-08-06,0.3965403132175467,0.022761732910491647,497
2026-08-07,0.39667611223658783,0.022783496481362485,497
2026-08-10,0.39595313890360007,0.022522742559244732,497
2026-08-11,0.3923966840016056,0.022182683640392154,497
2026-08-12,0.3900402048126331,0.022172643663636075,497
2026-08-13,0.3900955066347684,0.022167471789999595,497
2026-08-14,0.3886955625107865,0.022110328671444416,497
2026-08-17,0.3881253024129043,0.022084958481491716,497
2026-08-18,0.38719538157291034,0.02208731306467778,497
2026-08-19,0.38863738479265114,0.022145971595237034,497
2026-08-20,0.38856999629457045,0.022111420899098993,497
2026-08-21,0.38770321834218896,0.021910996633911193,497
2026-08-24,0.38703310561765675,0.021819538184495287,497
2026-08-25,0.38755162977197866,0.021942256336575837,497
2026-08-26,0.3861344715841362,0.02180373056095043,497
2026-08-27,0.3914434935795725,0.022561457896914335,497
2026-08-28,0.392987821804776,0.022562658635601134,497
2026-08-31,0.39315680199463166,0.02253548875757906,497
