Date,Communication Services,Consumer Discretionary,Consumer Staples,Energy,Financials,Health Care,Industrials,Information Technology,Materials,Real Estate,Utilities
2019-09-04,0.01485671837435,0.0102059684720003,0.0097325784572489,0.0137598902768828,0.0129152046912468,-4.399158955947039e-06,0.0120705023205657,0.017620344591388,0.0129676091408103,0.0104953356521109,0.0020465470926856
2019-09-05,0.0183707232249388,0.0159087295487688,-0.0042061613129587,0.0124667475787066,0.0205100002628855,0.0100076213999858,0.0176794316067233,0.0215202987083385,0.0103964131441911,-0.0125485784587596,-0.0113204168560362
2019-09-06,-0.0069584206455634,0.0036100259863673,0.0029206197858146,0.0052899888341052,-0.0001147371689793,0.0027782105951932,0.0014448077494361,-0.0021988549300883,0.0115060871489799,0.002363088948931,-0.0034585903069598
2019-09-09,0.0009263741648263,0.0043677958512694,-0.005048775716158,0.0181809169419717,0.0054319627096787,-0.0112525831798598,6.652594145199539e-05,-0.0036074896380801,0.0033174338795276,-0.0108114372971043,-0.0024289469312816
2019-09-10,-0.006512254507885,-0.0051746987600584,-0.0075927379859639,0.0129600527015687,-0.0059110645867748,0.0016050566607367,0.0090417677407229,3.0751881556820134e-05,0.0141298629120597,-0.0189852647376636,0.0004881433877383
2019-09-11,0.0092785922719612,0.0065597338989349,0.0031952188751485,-0.0004896232958061,0.0028186887151898,0.0104530386051395,0.010907769718119,0.0128580325530857,0.0103964436137006,-0.0059968338795613,0.0092303259317617
2019-09-12,0.0050800078474189,0.0038319075962635,0.0050454666422086,-0.0039154810483395,0.0096178834264614,-0.0002677571459456,-0.000250772990531,0.0023691868103325,0.0028310865079796,0.0073319890615185,0.0005728787355675
2019-09-13,0.0028402031314813,-0.0027468578273815,-0.0028704921073563,0.0070149213631244,0.0048655273553358,-0.000609242314522,0.0057214136099449,-0.0073205510981701,0.0110124772897115,-0.0162992897042715,-0.0030247785626466
2019-09-16,-0.0065275494656093,-0.0109760702140089,-0.0106174005066656,0.0341012633347063,-0.0029692228523607,-0.0026871851878231,-0.0013964920944474,-0.0018174354305957,-0.0185118783765793,0.0100826170233173,0.0002738449570388
2019-09-17,0.0026113787395016,0.0091480270467806,0.0073117291714616,-0.0139570749422266,0.0028708677481425,0.0028923435339651,0.0018614475692184,0.0039639088298252,0.0015303030945963,0.0202862245808017,0.0096542733482258
2019-09-18,-0.0003919098485683,9.420618420655372e-05,0.0020715392848852,-0.0038744152784469,0.0009862382307477,0.0007199284323674,-0.0009780507719092,0.0020123207101675,0.0036233993361113,-0.0022467983488771,0.0058256348847025
2019-09-19,-0.0010446872873332,-0.0022028139619454,0.0006710525267024,-0.0038943019322204,-0.0016606816216543,0.0047251069891135,-0.0043404032915528,0.0024246495743753,0.0006667873872629,0.004880853764653,0.0052063274869859
2019-09-20,-0.0094494777415664,-0.0086556098173458,-0.0034500269718738,0.0012860354545024,-0.0080038296039114,0.0065604394004588,-0.0075491012227717,-0.0100803287460634,-0.0051665587993468,-0.001815038330101,0.0023424986821544
2019-09-23,-0.0029751257880415,0.0020406459482826,0.0049039456934579,0.0006647053447852,0.0022730097669261,-0.0059683630671591,-0.002370318523501,0.0022272450695657,-0.0007722160919087,0.0018620917193613,0.0010816024696794
2019-09-24,-0.0184145217062877,-0.0116630471394926,0.003191320018131,-0.0153032486404228,-0.0078865341863698,-0.0084023265680369,-0.0041183617886581,-0.0128741713575773,-0.0103958638096952,0.0001967886617067,0.0089792335754268
2019-09-25,0.0170354610532873,0.0101706586043546,-0.0015120139731142,0.0010554401791269,0.0067749693639306,-0.0051379287705733,0.0084198816127948,0.0136763573272291,0.0077118963887955,-0.0055767489720232,-0.0006740746514279
2019-09-26,-0.0082905503575051,-0.003977592878348,0.0042985910233582,-0.013659025331832,-0.002163414194932,-0.0056459022891975,0.0015710033308847,-0.0005622108326502,-0.0017966427197739,0.0117164106243478,0.0045683478509162
2019-09-27,-0.0111813919740961,-0.0031128138415425,-4.290652741464879e-05,-0.000649137480315,-0.0031509044308492,-0.0049248442350411,-0.0057986855019486,-0.0129386273623596,0.0039563501247027,-0.0077719312481199,-0.0043163999276843
2019-09-30,0.0006670649547127,0.0094492486372155,0.0033459063429519,-0.0074138407011115,-0.0013265400245601,0.0093903651138268,0.0012547638673589,0.0123418276650333,0.004056527160294,0.0029148843174148,0.000537961512277
2019-10-01,-0.0086292443624068,-0.0137649996201905,-0.0059097749825866,-0.0236134801390581,-0.0171597858267736,-0.0099603807873564,-0.0217057811607917,-0.0104664470323989,-0.0183554483938455,-0.0070526502858608,-0.0031317836371806
2019-10-02,-0.0140158569746668,-0.0170097958958349,-0.0177344215880103,-0.0266917940916849,-0.0217727232700912,-0.0153645363310412,-0.0198673571452237,-0.0189389658340774,-0.0177270627499463,-0.003029959590268,-0.0151129448057994
2019-10-03,0.0118734646678651,0.0018000754980462,0.0094862353985382,0.0111972073196066,0.0050143350455133,0.0104620060560681,0.0073198727571939,0.0137995770430546,0.0025753615517919,0.0097963909480646,0.0041646195674711
2019-10-04,0.0134215606637971,0.0073760341789007,0.016476659059966,0.0057595860991878,0.0192307649043835,0.0162600724692969,0.0114928541419977,0.017141961124136,0.0024269745155284,0.0064680941933268,0.0182493954056541
2019-10-07,0.0004135520998286,-0.0029039421082533,-0.0086929853042667,-0.0095789080546214,-0.0049959575068389,-0.0043812637209784,-0.0047183888629185,-0.0039756550596536,-0.007163615364293,-0.0032866731140715,-0.0026528970668921
2019-10-08,-0.0149438987688687,-0.0102967693717658,-0.0074070827642717,-0.019604433657483,-0.0192867722134984,-0.018915386785486,-0.0142348426305007,-0.019259122804848,-0.0166983454649076,-0.0022300925764972,-0.0112660746475556
2019-10-09,0.0084829571238976,0.0084381645365683,0.0076651560709422,0.0100231376906783,0.0112779233854261,0.0068918655918794,0.0082493410813582,0.0145142099768714,0.0100723883778862,0.0023879823311153,0.0053426121953479
2019-10-10,0.0068413948688759,0.0058130145990932,0.0014949567967615,0.0108801926497993,0.0091208377395575,0.0049571310644321,0.0078504812928205,0.0062406522136613,0.0093697318500892,0.0032977132863175,-0.0084880027526447
2019-10-11,0.0107683121996264,0.0113030224273929,-0.00061003029174,0.0132557845364236,0.0125822353904196,0.0083530650723658,0.0168674682321519,0.0160555664146572,0.0224314800439226,-0.0058071293096257,-0.0028973273894374
2019-10-14,-0.0007016132628546,0.00251638751807,-0.0054917115362073,-0.0013174268937658,0.0014994483453912,-0.0006351927833673,-0.0023101781135515,-0.0018006813913249,-0.007220968534095,0.0027931900787305,-0.0076664243481044
2019-10-15,0.0173970146168347,0.0048205324622664,-0.0048678958582174,0.0036366813481325,0.0127687184666908,0.0174574933561995,0.0058930594592529,0.0118124101164943,0.0102970910805029,-0.0031922405858279,-0.0025534717606322
2019-10-16,0.003039125939459,0.002655166259226,0.0002871079331656,-0.0140047896850794,-0.0024912114498428,-0.0011505360241102,6.368930589839164e-05,-0.0097878054183882,0.0017859313765303,-0.0020281796904463,0.0031656250935281
2019-10-17,0.0082388011260678,0.0006963271385822,0.0036851503903072,0.0008220767308439,0.0015501590956161,0.0073551185950036,0.0020042065382679,-0.0027048774810309,-0.0008390270791957,0.0096806401156301,0.0019185063766586
2019-10-18,-0.0161558179448323,0.0038060931001773,0.0015457377062261,-0.0050193647494335,-0.0025937605781525,-0.0032078671901407,-0.0129311631763441,-0.0092191502917756,-0.0014737319370013,0.0132930850229358,0.0031890502809495
2019-10-21,0.0059262530299531,0.0015332712753791,0.0013800564915184,0.0182998190454233,0.0122536379938324,-0.0012191235894022,0.0011868261839835,0.0112614812597906,-0.000259340244153,0.0047091092775056,0.0045720573356584
2019-10-22,-0.0110947456998665,-0.012796760523394,-0.0007074936401691,0.012571039610855,-0.0114781945910319,0.0009630792781539,0.007953281048693,-0.0106020062595542,0.002773521331732,-0.0049722699905598,0.0042164133714195
2019-10-23,0.0114022811823622,-0.0002405574439884,0.0034246966542527,0.0087076015838255,0.0047000962685473,0.0062027341768288,0.0001434415342375,0.0001350195312996,0.00394456474032,0.0004749205026184,0.0037272712482568
2019-10-24,-0.0010497804206169,0.0101874445124728,0.0026684705940425,-0.0041297864714999,0.008271240529629,-0.006269520247983,0.0046981615861983,0.0129656673431995,0.002783600879928,-0.0031168626201574,0.000961522581013
2019-10-25,0.0061592885827672,0.008831697495959,-0.0068460514018853,0.0062526371397308,0.0051172105523077,0.0037427857745751,0.0038336937581098,0.0138180999405406,0.0088942080471492,-0.0182779795439853,-0.0186988737679593
2019-10-28,0.012439189491474,-0.0025569096339697,-0.0006423551635045,-0.0060074876737271,0.0063584256358816,0.0106285926721811,0.0023442096229033,0.0131726924805207,0.0015844034073984,-0.0117921140922954,-0.0190762469672203
2019-10-29,-0.012018883150043,-0.0028933979014858,-0.0028991009424924,0.0030246357053184,2.6907934520189933e-05,0.0113279922950639,0.0061148077205048,-0.0087781791222117,0.0055131271061118,0.006684843073338,0.0085972184114065
2019-10-30,0.0004383244545092,0.0008276671285539,0.0072621246036558,-0.0199317521873093,0.0018073918421399,0.0084836752466911,0.0024677012344953,0.0065811255588631,0.0036108457969467,0.0088021310029596,0.0133477515826453
2019-10-31,0.0032623138550726,-0.0029125753112391,-0.0006017896248762,-0.0037529257208906,-0.004631526435151,-0.0017895889715424,-0.0116901168909198,-0.0013212789349547,-0.0112717082887335,-0.0002194815365605,0.0054626042658764
2019-11-01,0.0105095774262588,0.0001406312099555,-0.002695854680658,0.0248225914451775,0.013260326755908,0.0008304757890075,0.0197729936270848,0.0113060243008981,0.0136032479088046,-0.0055976063685534,-0.0006096173192629
2019-11-04,0.0094360618615395,-0.0016662829058294,-0.0117761061488585,0.0323314726626531,0.0026596395509757,-0.0041852068241646,0.0102425391446908,0.0087345352572128,0.012218408878163,-0.0151338827714847,-0.0090247240880924
2019-11-05,-0.0030151061069864,0.0040952967067205,0.0012383251549769,0.0048665530857507,-0.0018043059762611,-0.0094973425322803,0.0022457916540245,0.0012954363198811,0.0134597827564968,-0.0183815294970276,-0.0078121573833987
2019-11-06,-0.0045323938702849,0.0043918537465065,0.0070301251995094,-0.0249114629311067,0.003364526150892,0.0063317557540529,0.0008231661415756,-9.793924168333322e-05,-0.0001643016118881,0.0022399641058325,-0.001181013155402
2019-11-07,0.012778717605833,-0.005628270961212,-0.0003441840448377,0.014719303468807,0.0073035244711222,0.0029065274869235,0.0048149204144347,0.0060344193567071,-0.0002646536878613,-0.013213185319377,-0.0158362599944113
2019-11-08,0.0072218577731941,0.0018885273767361,-0.0021238768128091,-0.0045415393871914,0.0017178542431382,0.0082238523746525,0.0014266998202726,0.0065053747571718,0.0028165295674697,-0.0050137581161802,-0.0013724314428265
2019-11-11,-0.0060666224708665,0.0023185793679841,-0.003570011700626,-0.0059127867674433,-0.0001548182603662,-0.003620016329721,0.0052949310430868,-0.0004631297038361,-0.0015508643957233,0.0019025200753357,-0.0078367715784921
2019-11-12,0.007304662450581,6.149901543339918e-05,0.0006132407671168,-0.0054689140630202,0.000414405627351,0.0062895571914225,-0.0005734211134594,0.0040459342747538,0.0012564348589103,-0.0063229421170643,0.0059263698854357
2019-11-13,0.0052547784109546,0.0014525241340869,0.0110517332912463,-0.0041626412248662,-0.0031117206240942,0.0013541187850779,-0.0026032742757909,0.0026306794343086,-0.0048567743786276,0.0117800635209101,0.0140402491407027
2019-11-14,0.0048469820294785,0.0019393869157762,0.0010288040433279,-0.0033288560390522,0.0032457511896342,-3.219395297063732e-05,0.0052190443737311,-0.0032166088289946,0.0060246632329483,0.0083222846445651,0.0021298826252976
2019-11-15,0.0096647187499498,0.0053203685010904,-0.0019090565231102,0.0107329586194781,0.0044517396695203,0.0223112165375215,0.0073685958661278,0.0093987969425025,-0.0033503133228773,0.0054099033029194,0.0056397752253474
2019-11-18,0.0052920888569662,0.0032726254507754,0.0068666046313064,-0.0134078330796589,0.0014070241750723,-0.0035470165209767,-0.0024893787566515,0.0024988197236355,-0.003467738114709,0.0050775903813611,0.0005667764693958
2019-11-19,0.0027821618093184,-0.0016507262377528,-0.0011632596057106,-0.0134634984090745,0.0050482247765844,0.0066830800140283,-0.0021111541946408,0.0014357425496324,-0.0016112564539213,-0.0007628714845466,-0.0033534282546201
2019-11-20,-0.0068762802771866,-0.0067811870434339,0.0038962960656758,0.0115399001872222,-0.0041831668417942,-0.0013884375804189,-0.0042049161615395,-0.0058288679972536,-0.0147071646729583,0.0014360252825825,0.0071562781205543
2019-11-21,0.0012884132442405,-0.0046420240170834,-0.0047487329268159,0.0165258334393425,-0.0020680665378845,0.0016683974042012,-0.0030739139003612,-0.0036930531017848,-0.0031723931823015,-0.0155291822811399,-0.0032892788205949
2019-11-22,0.0008068785704073,0.0050316424095999,-0.000699212495847,-0.0026619657859756,0.0043490240346023,0.0039535878115451,0.0053317377529392,-0.0004520691165867,0.0050112658548208,-0.0072770644712502,0.0013145129385607
2019-11-25,0.0077472547028717,0.0072926858636252,0.0011886010416086,0.0011124682178764,0.0087715374534012,0.0112145939643068,0.0070197552762592,0.0144362695169283,0.0092497259064867,-0.0004458956156832,-0.0033759926636775
2019-11-26,0.0043394675164211,0.0051954007850458,0.008010551720279,-0.008928306705792,0.0016979440871836,9.705600203917044e-05,0.0041150327278876,-0.0012423631100629,0.0072334863117452,0.0161768886940788,0.0037543333925742
2019-11-27,0.0040222710278945,0.0094368638141281,-0.0003567253331007,0.0025527957121479,0.0046584170541366,0.0053081801450649,-0.0019671386461631,0.0047519290192455,0.0039979308243193,0.0041129244448436,0.0019647148360183
2019-11-29,-0.0037080528270669,-0.0048850381352729,-0.0011510851873429,-0.0094088606977676,-0.0014883784367216,-0.0035434013365604,-0.0045258724754813,-0.0043629438012499,-0.0032787169427065,-0.0055609312403647,-0.0019313666529441
2019-12-02,-0.0104491008027267,-0.0024262439882155,0.0011708626380203,-0.0009669659177857,-0.009767578780696,-0.0046344716704449,-0.0171883917719602,-0.0136076583463599,-0.0072288981664823,-0.0184959748213507,-0.0064227095149471
2019-12-03,-0.0029521277207549,-0.0087128345627581,-0.0025729914000737,-0.0136227207477305,-0.0096617756968925,-0.0021192509455328,-0.0099712421194997,-0.0092597283208377,-0.006158611617372,0.0073209537375337,0.0069069381841387
2019-12-04,0.007932055218328,0.0083732761457106,0.0080367418858434,0.0155656084992612,0.0071778865422235,0.0094788301210926,0.0023911553210047,0.0041969855744014,-0.0035656068761307,0.0050778997936375,0.0093826176149157
2019-12-05,0.0022918430221922,0.0031043715308676,-0.000324947546618,-0.0045824779590105,0.0050385853417516,0.0004150613010401,0.0004412978427249,0.002695230571789,0.0068716631184562,2.8987028995297142e-05,0.00177449837711
2019-12-06,0.0076474913634624,0.0099282783807521,0.0034781086766938,0.0195247401727876,0.0103781307694681,0.0055949055986211,0.0119729555503138,0.012378683939356,0.0109249488253481,-0.0011266679390571,-0.0024173552082853
2019-12-09,-0.0012993854093276,-0.0006245769109619,0.0012236490565065,-0.0002480826202648,-0.0023648552533685,-0.0071079428683389,-0.004025563906483,-0.0049928931115181,-0.0063107414355729,0.0008560560731307,-0.0008629400193546
2019-12-10,-0.0023058622778169,0.0029586045955052,-0.003271163747324,0.0014169704445202,-0.0008658259479855,0.0014739417752956,-0.00231986895404,0.0008746599917692,-0.0076257389495023,-0.0085601478599445,0.0023068021376492
2019-12-11,0.0049163361800588,0.0065992566047351,0.0003878750247928,-0.0017935829664197,-0.0013500650917218,0.0020430702726594,0.0059036585737833,0.0077907512377303,0.0047673908641878,-0.0085519465685257,0.0035758004363644
2019-12-12,-0.0047190135625055,0.0113938322553278,0.0010277067424609,0.0193920118699898,0.0154270995730218,0.0087657097085065,0.0053203002720903,0.0119723047599457,0.0127112625817107,-0.0163576025377418,-0.0052706577447605
2019-12-13,-0.0049329595433062,0.0020725358740056,0.0028787938610782,-0.0088906718228613,-0.0001120364378513,-0.0006434089022446,-0.0026734233152471,0.0042621616095605,-0.0051560877671389,0.0029997874563206,0.0077218166972862
2019-12-16,0.0130097867280981,0.0082340922126897,0.0011814194268583,0.0130067791049517,0.004180402869833,0.0107221175109059,-0.0037636918078914,0.0090292752025101,6.68349570149983e-05,0.0078839458432955,0.0090224927904963
2019-12-17,0.0004202696495923,-0.0005255757492795,0.0002439374501949,-0.0005795687880542,0.003024770381732,-0.000153522090389,-0.0004054765823363,-0.0019319785870342,0.003775385827924,-0.0138843099744145,0.0061448066799436
2019-12-18,0.0042580844202506,0.0027038468303116,-0.0051148158453413,0.0037341938221649,-0.0042510562897154,0.0011213478878164,-0.002708203729283,0.0002668288880419,-0.0009138575573053,0.0140785844751781,0.0049188648166667
2019-12-19,0.0107208356801633,0.0038639962595851,0.0067966705523988,-0.0002849908803916,0.0028464749890956,0.0039271607467362,0.0026735672164379,0.0071219343249559,0.0074293440270161,0.012743719953486,-0.0015272466066318
2019-12-20,0.0010027380683024,0.0077914565457044,0.0067847489080407,0.0091155355125064,0.0010904557958953,0.0081095021106387,0.0036986375630068,0.006934634453698,0.0020111931577908,0.0098659337786599,0.007423588309105
2019-12-23,-0.0034799324686653,0.0011962764539373,-0.0058998679028816,0.0104082110117422,-0.0024483975100757,0.0030756518207703,0.0078407255171293,0.0042512552326661,0.0061650646772322,-0.0056536531394378,-0.009777187389723
2019-12-24,-0.0023377131792411,0.0023052346005286,0.0012254856289627,-0.0005881103249701,0.001210419066372,-0.0010340425496204,-0.0041852005351126,0.0001793833403452,-0.0004947452194943,0.0013885630857284,0.0012424632816903
2019-12-26,0.0102317387365343,0.004360103456935,0.0008903477962052,0.0005336097467063,0.0062022117836154,-0.0009717490917645,0.0013846812093623,0.0072048545471959,0.0031904753256135,0.0054952589383873,0.001550521782972
2019-12-27,-0.0030591229421774,0.0006610238834975,0.0040551599836299,-0.0044447511840558,-0.0002588224430426,0.0005796748908348,-0.0004051351681986,-0.0002436575882832,-0.0012707901296438,0.0050715622423336,0.0018187047306359
2019-12-30,-0.01367394931604,-0.0079292344084559,-0.0040210087496995,-0.0033032272952302,-0.0053461035393241,-0.0063536085157927,-0.0061337214271959,-0.0061952257523735,-0.0038897036623603,2.0467955221602875e-05,0.0007495273597312
2019-12-31,0.0019683961833472,0.0025057534384223,0.000485236513993,0.0065541087960848,0.0026853943250126,0.00307725403723,-3.784201800813442e-05,0.0038534886791076,0.0082513341910713,0.0079661050540296,0.0054581510515846
2020-01-02,0.0202123499985021,0.013016732256009,-0.0076310048425599,0.0078015714020043,0.0108729145718243,0.0026270990310136,0.016281014027954,0.0192506801997332,-0.0122759195341958,-0.01497477048327,-0.0136572525592866
2020-01-03,-0.0066067174929676,-0.0048273796761214,-0.0036266311157986,-0.0017745015193114,-0.0096457651655685,-0.0086688838164319,-0.0001807443929911,-0.0108252855868556,-0.0127351173215238,0.0090659588412911,0.0003790604359985
2020-01-06,0.0176706635054401,-0.0017956120238012,0.0008285059801312,0.0068022798931294,5.678251780728656e-05,0.006101426016493,0.0001947604740603,0.0028303873220695,-0.0070962872645869,0.0034547615903636,0.0020999356940187
2020-01-07,-0.001029260839222,0.0024610820890237,-0.0081200987838235,-0.002179697708432,-0.0057391778333506,-0.0025736853701867,-0.0009296236867622,-0.0003370053488555,-0.0041674136302745,-0.0122328681676515,-0.0013584772118826
2020-01-08,0.0079714516231857,0.0098176231026948,0.0022925800233916,-0.0173574539099862,0.008913685670915,0.0063325958435949,0.0005047415874605,0.0092026047089541,0.0017667404809646,0.0044960510599528,0.0001283466343336
2020-01-09,0.0074380110584741,0.0036549224609462,0.0087851611550296,0.0074853683308198,0.0083944596819205,0.0049593241156413,0.0048854063104728,0.0111364275413905,0.0016957425605517,-0.0017217437173619,0.0035321035230615
2020-01-10,0.0003152990115978,-0.0041775302956734,0.0006878913042147,-0.0073071132950532,-0.0049762739568366,0.0002920249941768,-0.0074638145002218,-0.002626364897883,-0.0031260718740981,0.0105766760557955,0.0022116861151134
2020-01-13,0.0098062017376897,0.014854164607186,0.0061075456155533,0.0014204837342437,0.0083204194793943,-0.0027981773588671,0.0082259124509924,0.0137446310398995,0.0137999237310818,0.0128888621209637,0.0087355664317118
2020-01-14,-0.0045417774430587,0.0063936527483204,0.0008861969331941,-1.0662082608276768e-05,-0.0031682788370713,0.0059996404826457,0.0005754092070109,-0.0056982323568175,0.0017410510168068,-0.0020501791369611,0.004797881506233
2020-01-15,0.0052619882358128,-0.0016141459119502,0.0031245855493773,-0.0054500551201505,-0.0013935887981506,0.0089229611953346,0.0011896405790756,-0.0015949378349687,0.0058504183487498,0.0084804852090022,0.0154696925163892
2020-01-16,0.0063763764843915,0.0069046981791439,0.003568883224102,0.0013845039708502,0.0109110970907575,0.0051691227329392,0.0106830625737872,0.0148351850545195,0.0069287041978699,0.0054780129152492,0.0054036249503207
2020-01-17,0.0082257455146655,0.0063575584395564,0.0020942073572568,-0.0070696991930888,0.0067375171244542,0.000296647814566,-0.0011885614929792,0.0058662348769397,0.0060053012064926,0.0015205732172092,0.0082358245843134
2020-01-21,-0.0019160190376119,-0.0053763654454511,0.0022932047932041,-0.0195161955770082,-0.0057045876235063,0.0001891690765007,-0.0114140377076156,-0.0009406403173039,-0.0120554589910457,0.0140434174194763,0.0082256053488825
2020-01-22,-0.0019743906881159,0.0028816126866424,0.0021172182523483,-0.008310935213367,0.004184288062998,0.001698069973775,-0.0053073825734755,0.0040848481716486,-0.0034765197085837,-0.00934248656167,0.0012515650881586
2020-01-23,-0.0006637358221984,0.0029320183112912,1.5847328158465644e-05,-0.0016075728036772,-0.0017705800657803,-0.0049403966252472,0.0128924267795991,0.0056996227411452,0.0024339721096719,0.0089866936421564,0.0115952393927229
2020-01-24,-0.0102824851650911,-0.0170505079220449,-0.0056781794196054,-0.0111820095112006,-0.0113767143594909,-0.0167749569135178,-0.0032941232611489,-0.0030121451852046,-0.0101358265514208,-0.003021575384347,0.0042934559097142
2020-01-27,-0.0207602835458088,-0.0237064726656501,0.0002265149000822,-0.0261570902573757,-0.0153900124979483,-0.0072091870416526,-0.0179843263982901,-0.0250707428386423,-0.0164737306750719,-0.0032406361483487,-0.0028245396744129
2020-01-28,0.0138588438070869,0.0107983169434883,0.0009432740923236,0.0031826807580452,0.0116075459841878,0.0043494877308327,0.0090497795513713,0.0206089569263104,0.0099124453871515,0.0010461147559709,0.0053740307890738
2020-01-29,0.0027879852259764,0.0042090612798418,-0.0047461336503731,-0.0104635024550942,4.094318203795077e-05,-0.0027793532336288,0.0047239478975792,0.0018573203993899,0.0031048190919972,-0.0086461754718214,0.0033924445438758
2020-01-30,-0.0134503416292797,0.0047815457142965,0.0133669741325501,0.009399640236143,0.010970355489632,-0.0058794222358741,0.0006135856046527,0.0092138478256748,-0.0083965644832239,0.0020151365299419,0.0090436083572382
2020-01-31,-0.0178617320534924,-0.0132386644644204,-0.0115253786939387,-0.0314110313636347,-0.0221796957201289,-0.0195348402313565,-0.0225233736862129,-0.0255974625699556,-0.0235237540049401,-0.0097892319814656,-0.0033390365010532
2020-02-03,0.024927112493818,0.0263144651586094,0.0027457720403635,-0.0129630715132807,0.0090761097642047,0.0089227426079184,0.0011059439985003,0.0120991076401863,0.0177732542952883,0.0008205811293744,0.0060259790131818
2020-02-04,0.0035354667826303,0.0272552359605985,0.0056192587046691,0.0002316860385504,0.012805420209036,0.0173023493652305,0.0172950514354722,0.027878245867256,0.0216239783915817,0.0115068650536136,-0.0112603344814169
2020-02-05,-0.001979746357415,-0.0144040912641078,0.0079749319022635,0.037126173610409,0.0139731843971891,0.0192231505763497,0.0177437671912846,0.0082082285771184,0.0209306913181392,0.0005289008239096,0.0041538922987467
2020-02-06,0.0099798509649964,-0.0026319412653129,0.0006550763420327,-0.0097946078872777,-0.0006657354001867,0.0015185736011719,0.0047914656879638,0.0103705351483247,-0.0019037816021969,0.0057871708833,8.78259111563972e-05
2020-02-07,0.0003224997614094,-0.0135050666129353,0.0013228440947306,-0.0071252949628235,-0.0034507642582782,-0.0067841132943308,-0.0080219363518867,-0.0091600437179052,-0.0137070855156543,0.0012453953567871,-0.0019505186000135
2020-02-10,0.0121574258105303,0.0074480606811656,0.0024129222430333,-0.0044964585954121,0.0057141566707689,0.0054187209949781,0.0068538372627694,0.0138274616203601,-0.003792676671744,0.0131639461774081,0.0040985241673832
2020-02-11,-0.0076061098396508,0.0097947717064297,-0.0032995526501703,0.0105123356668531,0.0023385280492174,0.0060802977958725,0.0029190566477021,-0.0018524245936562,0.007676908786507,0.0128978667106723,0.0033567444191247
2020-02-12,0.0099186646388246,0.0149790603038778,0.0017878133741621,0.0134293856029925,0.0018608243166331,0.0013576913007303,0.0087264188002395,0.0112307919869939,0.0058726639703931,0.0037426159747668,-0.0010841528327952
2020-02-13,0.0008648241216428,0.0017218914680949,0.0054220188001304,-0.00421669526298,0.0024190057833105,-0.0047729934882073,-0.004930889458017,-0.0051653862845464,-0.0121342573577885,0.0071385832878949,0.0108668906778312
2020-02-14,0.0014035910856869,-0.0025390742777289,0.00325284797634,-0.0042499792863213,0.0046904572164354,0.0021655154406478,-0.0006290152391505,0.0030585074217325,-0.0012471022420583,0.0106623599296163,0.0057619625721436
2020-02-18,0.0056369079276757,0.0041862589043844,-0.0005603907529577,-0.0076019762227748,-0.0072007283577611,-0.0035990724345505,-0.0038932010191803,-0.003977628669768,-0.0040267953682406,-0.0019672441287228,0.0080748386713625
2020-02-19,0.0038306392882843,0.0113163557638951,-0.0020566096933962,0.0114097314620023,0.0078721346671214,0.0044846920704421,-8.806303615172594e-05,0.0117913538293993,0.0032377727684088,-0.0131891224097732,-0.0080076328908636
2020-02-20,-0.0080230442012589,-0.0041198000742901,0.0013483362082521,-0.0029471634232636,-0.0023997226189991,-0.0057522864460036,-0.0019070470347076,-0.0112437003161224,0.0006156528550372,0.0139200107803437,0.0047134439580678
2020-02-21,-0.0195384506016244,-0.0143445034104217,0.0012281076218416,-0.0131216962344273,-0.0131524379161087,0.0001165419785621,-0.0071262922649581,-0.0238696175951043,-0.0034519745818726,0.0042558678285751,-0.0017003042325034
2020-02-24,-0.0421513447588289,-0.0469345646482025,-0.0213764434347096,-0.0464628934805712,-0.0339578788804902,-0.031027546579711,-0.029859012182513,-0.0429376998315883,-0.0267936608803365,-0.0064312428869534,-0.0121521763420959
2020-02-25,-0.0255201531541631,-0.0369636673212044,-0.0165099091637232,-0.0432102010574368,-0.041446907324609,-0.028933613047719,-0.0406092256062,-0.0285458330549581,-0.0448736189390321,-0.0215971871025993,-0.0197795581989043
2020-02-26,-0.0016646926971923,-0.0238941575369328,-0.0057183312165627,-0.0304852101293015,-0.0070637399876594,-0.0007014071662045,-0.0081725735153782,0.0061652610205238,-0.0044617057590301,-0.0130517881162955,-0.0106746705992055
2020-02-27,-0.0457309497502974,-0.0433975180150315,-0.0384457917757365,-0.0556804281814642,-0.0420219605746777,-0.0329942528932272,-0.0398384739269373,-0.0551710553096322,-0.0403759427151784,-0.060980091515291,-0.0456639524209187
2020-02-28,0.0126856370801897,0.0022536052480083,-0.0227636408139983,0.0129825789651471,-0.0188454580671897,-0.0147759753636066,-0.0157536087738374,0.007828978758977,-0.0080989860223753,-0.0231952546748247,-0.0331455591655949
2020-03-02,0.0284438536168835,0.0297770452698465,0.0580656839554873,0.0311790358035244,0.0499540058263663,0.0486040137229016,0.0314562392665481,0.0557179172284655,0.0383689877176626,0.0432436009672402,0.0559493674412742
2020-03-03,-0.0370171911780077,-0.0261002171688845,-0.0148148493108635,-0.0303771776943882,-0.0364630333004401,-0.0257884724072621,-0.0251733672772473,-0.037556835134236,-0.0095617241858972,0.0013248201379997,-0.0108717769218439
2020-03-04,0.0306187283248891,0.0253777390896419,0.0448633198716558,0.024040350917829,0.0325367634412391,0.0593437425827502,0.0391871462788223,0.042963744316464,0.0396737399351592,0.0372145151193983,0.055345735651113
2020-03-05,-0.0425000850107673,-0.056589864680197,-0.0195037079287317,-0.0335022725491383,-0.0465668631060622,-0.0234101656496683,-0.0526384711633034,-0.0312974362003197,-0.0308360815273177,-0.0178765781936293,-0.0160674927844577
2020-03-06,-0.0119212314820639,-0.0157879926560473,-0.005174043276227,-0.05742056859587,-0.0320867671398799,-0.005236781084894,-0.0080782384442261,-0.0214948111178173,-0.0245160421911614,-0.0152883575132308,-0.0090898583465412
2020-03-09,-0.0677621217989533,-0.092673861092202,-0.0372140763530045,-0.2087643973132674,-0.1101357099005432,-0.0521485893182293,-0.0938130583840093,-0.0759662012782961,-0.0777116612745904,-0.0776466524286139,-0.0578756825765597
2020-03-10,0.0539504542194309,0.059531112896103,0.0303082396863551,0.0501657556368657,0.0668123425940589,0.0354484613517268,0.0485354252065674,0.0645979165052137,0.0435410790496781,0.0409080011774283,0.0128448512762608
2020-03-11,-0.0490164360460062,-0.0737268942611229,-0.0453567095911313,-0.0544952385053411,-0.0558487148252352,-0.0386994367256641,-0.0691650976461945,-0.0485151767160485,-0.0546130841892767,-0.0649563155046062,-0.0525514463287116
2020-03-12,-0.093208500841993,-0.1314291378595063,-0.0906370134751372,-0.1199059396135314,-0.1051906177268669,-0.0730901828606053,-0.1101690254197238,-0.1016274830476447,-0.111627584276012,-0.1094588168839286,-0.1076208624697466
2020-03-13,0.0933144608592994,0.0583341701758669,0.0823621253354642,0.0924470401428485,0.1336629793619818,0.0715046423108632,0.0830957241769338,0.1222903949580333,0.0709042950581335,0.0926829025569747,0.0565114144978836
2020-03-16,-0.1145028176651802,-0.1493062429389666,-0.070724039867323,-0.1357827381774196,-0.1452515875233143,-0.0999053530781377,-0.1315309880297279,-0.1389147925778328,-0.1247581070714947,-0.1963004112087738,-0.1177296387322811
2020-03-17,0.0280371078020044,-0.0165226059588746,0.0915012084901704,-0.0057014903876891,0.0520775728330036,0.0611918563485463,0.0353406723696723,0.0736763173710137,0.0596670341260996,0.0381862730045651,0.1275711765187454
2020-03-18,-0.0292133076389472,-0.1118463755976867,-0.0228163980750858,-0.1541647632128824,-0.0803365034218105,-0.0347388287746498,-0.0903403262565583,-0.0465846126204536,-0.0573254448268795,-0.1268895485350726,-0.0477452008826242
2020-03-19,0.0370969078748428,0.066988057070762,-0.0255611316666044,0.0877923935054059,0.023534976954678,-0.0166994138507278,0.0034126047533213,0.0186843498414167,0.039867380192828,0.0579344162226882,-0.0452591183194485
2020-03-20,-0.0429496866731533,0.0081813951051797,-0.0579055213908687,0.0106380400053165,-0.0400094859514995,-0.0402845920152975,-0.0402952647742978,-0.0378396774409001,-0.0336582097572892,-0.0332956120464167,-0.0787561604242056
2020-03-23,-0.0025429610918908,-0.0147085109366953,-0.0216719668697016,-0.063303738959195,-0.0624507774283146,-0.0513086070722922,-0.0280688859389714,-0.0004474217159022,-0.0752261682303286,-0.0448215992913718,-0.0499883297149513
2020-03-24,0.0832199417353175,0.164769975979606,0.0458396215306711,0.1669829596345036,0.1386828080098545,0.0798238893307297,0.1330268566667901,0.0966608684274838,0.124963790189979,0.0840053988009255,0.1104678523688265
2020-03-25,-0.0135672141050243,0.0705346431123565,-0.010609866630693,0.0455735052568868,0.0374529694712485,0.0167847160749726,0.0755256764629445,-0.0107818417252484,0.0369339792863388,0.0581814177792878,0.0303651288873118
2020-03-26,0.0470764326920212,0.0311886777467041,0.0467602901178296,0.0598954587250847,0.0694583669263375,0.071417860721691,0.074559234507899,0.0681129448013657,0.0507997961288587,0.0770117315916001,0.0839376575961569
2020-03-27,-0.048765677133391,-0.0637455533931333,-0.0060160962767389,-0.0751954333323178,-0.0388461531292057,-0.0230433328602918,-0.0498189838444097,-0.0452013962073189,-0.0315726430748331,-0.0126528966706051,0.0046738870224247
2020-03-30,0.0411461538116436,-0.0086868244599536,0.041269662725149,0.0053361217461533,0.0206429856575016,0.0463290847807569,0.0091757297751814,0.0438004668353175,0.025733327432009,0.0005376924672451,0.0352791821078275
2020-03-31,0.0040200607638724,-0.007305863961392,-0.0236715852808042,0.0190784422209151,-0.0343589394408361,-0.0038381419235845,-0.0121764879689405,-0.016757579911429,-0.0237981003916418,-0.0394356733507992,-0.0405240069209679
2020-04-01,-0.0417226588314873,-0.065092768612132,-0.0132236290681378,-0.0457085675745941,-0.0610269919241621,-0.0385842106813031,-0.0523981382482921,-0.0449869532926011,-0.0480215921937357,-0.070486359793122,-0.0606840853826647
2020-04-02,0.0062445005794941,-0.0125383670597111,0.0337542003552505,0.0942617855051629,0.0271355744576431,0.0295343156428331,0.0079168931032844,0.0232778220335961,0.013697311757914,0.0141074828839505,0.0301332020733726
2020-04-03,-0.0228669414087658,-0.0075687679897406,0.0046484676927546,-0.0101653202801579,-0.0214364300409571,-0.0090982202802965,-0.0161572250757794,-0.0161576292329514,-0.0202018006738631,-0.0096135500741229,-0.0350810376251174
2020-04-06,0.0733964054642711,0.1017101413061254,0.0435716747721662,0.0519056922203123,0.0910084493312285,0.0536161168737684,0.0791854973186174,0.0835299289363701,0.0754054840717167,0.0804344871742792,0.0768739956041763
2020-04-07,0.0074821758580532,0.0270455406750341,-0.0138515125826713,0.0228625436810514,0.002899297174096,-0.0112317896442701,-0.006421883214863,-0.0096878930880691,0.0194500769722655,0.010598883892727,-0.0109975522514337
2020-04-08,0.0186535999505704,0.0346561392159605,0.0144130497990549,0.0655740031897418,0.0437503353014507,0.0423616530512926,0.03903548222347,0.0256739078161172,0.0557078782795674,0.0907693088235106,0.0587288168070318
2020-04-09,0.0063160472075465,0.0317817559584552,0.0043443640121356,-0.0094587190078656,0.0402856168604464,0.006126434724881,0.0207670253517802,-0.0006526034267543,0.0454045194422845,0.0569848189423727,0.049855272062061
2020-04-13,0.0075586356000341,-0.0009623119304037,-0.0018929540025236,-0.0032143257724859,-0.0337246301007336,-0.0092581419032898,-0.0292350082682172,0.0075057858678727,-0.0280109778451993,-0.0449257310756257,-0.0328734275028888
2020-04-14,0.0344729228027562,0.0436571047533972,0.0416643724572356,-0.0044158143273676,0.0083905377887813,0.0337442504209669,0.0173648833392081,0.0445464875218619,0.0114324247429489,0.0338142137799235,0.0295318645186492
2020-04-15,-0.0059295750612944,-0.0174775793666197,-0.0122049424936685,-0.0456336657362774,-0.0451368911195383,-0.0042534089676998,-0.0259670456947293,-0.0179691303956066,-0.0430866624973889,-0.0476395489505727,-0.0337735071674975
2020-04-16,0.001208804322695,0.0061585707714109,0.0127964989776414,-0.0368796860796293,-0.0177224732082893,0.0230782575157127,-0.0109226140852545,0.0172265957225419,-0.0115520507868481,-0.0150616890107386,0.0006451004933846
2020-04-17,0.0150663840481177,0.0402409544903486,0.0111067226563493,0.1013264782982948,0.058717677203091,0.0222530265373162,0.0531800538436891,0.0083001845570148,0.0446455643479678,0.034648800483743,0.033000158971351
2020-04-20,-0.0098195985071323,-0.0254964557511276,-0.0199807562056752,-0.0312199898796397,-0.0227149506190372,-0.0074643409232069,-0.026826200007232,-0.0158014041586555,-0.0335807256271096,-0.0390624568915919,-0.0378621949447559
2020-04-21,-0.033668906789286,-0.0385048390702801,-0.0188348241797507,-0.0186017848042473,-0.0319775965267011,-0.0320130225664602,-0.0268083547561749,-0.0432028522048159,-0.0186444296095991,-0.0228339784895938,-0.0155076823747786
2020-04-22,0.0318426552737652,0.0397029886812646,0.0115653463341857,0.033164359660108,0.0194465425288865,0.0170993476159544,0.0116212522644334,0.0380317379421543,0.0200247341071075,0.0222328994809387,0.0294654927289405
2020-04-23,0.010796626454172,-0.0053300812723033,-0.0125843266890504,0.0303263127954133,-0.0026414918964852,0.005080019554605,0.0059537840564401,-0.0072113470143708,0.0101939937957967,-0.0123112449200669,-0.0169510246343828
2020-04-24,0.009088866559631,0.0124870436984541,0.0084842658188292,0.0037015755122575,0.0154497886753655,0.0149932228481913,0.0054540332188292,0.0203757785761,0.0194160228253739,-0.0017909254077885,0.0044127742945112
2020-04-27,0.0030946860484911,0.0439365647041673,0.0019010140126977,0.0210164465194756,0.0375929715206398,0.0121577864632167,0.0227871194701711,0.0069745952280095,0.030016610381515,0.0319444839326084,0.0093576201118001
2020-04-28,-0.0240848422974532,0.0045388346801494,0.0015776220933366,0.0223212648077919,0.0064817150316992,-0.0224762450423262,0.0164241562999827,-0.0155203365423279,0.0240771940450529,0.011293998288656,0.0045099073767506
2020-04-29,0.0684390285726237,0.0281571711266951,-0.0066408081110316,0.0678564443892846,0.0405943054481566,0.0077898590855835,0.0237060096612661,0.0395594216294537,0.0292344606176289,0.0099907141392365,-0.0109626420483584
2020-04-30,0.0093454639907818,-0.0205711503452053,-0.0083218146728783,-0.022843262961765,-0.0275947147385405,-0.0044988153314121,-0.0183263539207573,-0.0022328051403441,-0.0275132864146037,-0.0032338346205395,-0.0212382335539076
2020-05-01,-0.0190943660988194,-0.04747545778737,-0.0075253733410252,-0.056220383878479,-0.0300174128580738,-0.0190586044141321,-0.0327609068322274,-0.030497358545905,-0.0254458415090571,-0.0339080017119619,-0.0249119797146365
2020-05-04,0.0073402845223292,0.0113071092623118,0.0005229674928609,0.0357996987381332,-0.0033413872477561,0.0015221183214633,-0.0126253691243703,0.0157150023704788,0.0025301733862137,0.0040061382391393,0.0093733370557854
2020-05-05,0.0067046570820516,0.0011531513621601,0.0057908217101255,0.0042023613108832,0.0065461336147098,0.0227016206366926,0.0017998667557007,0.013434569204419,0.0065367688671827,0.0087283555816814,0.0102016847697233
2020-05-06,0.0029334438903647,0.0009820550849227,-0.0094806097441269,-0.0265372555262007,-0.0144247651729575,-0.0091166957680158,-0.015068617575799,0.0078513087385422,-0.0101389527158272,-0.0249469058994822,-0.0343839786953232
2020-05-07,0.0169642328268334,0.017249369158404,-0.0021880060864274,0.0257862635489896,0.0278013063435697,0.0018986304600253,0.015662784577319,0.0122324940956236,0.0140266112781727,-0.0001735822412778,0.0047093690528673
2020-05-08,0.0114690130176541,0.0318359056672834,0.0206461935239254,0.0425532768450201,0.0169982136407126,0.0055946480235221,0.0263580529478307,0.016845729274128,0.0304672714208426,0.0248169308974017,0.0205418720789536
2020-05-11,0.0049089163784731,-0.0129259791080085,0.0026412704792722,-0.0147660617938493,-0.015200022366221,0.0185997756252138,-0.0137785974034515,0.0100990069041077,-0.0145948971686771,-0.0122941012454775,-0.0058936253149281
2020-05-12,-0.0202421267790855,-0.0215641584743376,-0.0060840653133748,-0.017880510261381,-0.0281094758809624,-0.0151554263956031,-0.0273216641326183,-0.0213694841422734,-0.0146204997446946,-0.0377539817329542,-0.0087927483685594
2020-05-13,-0.0171027514595559,-0.0279774974393318,-0.0072430302106349,-0.0419227638756231,-0.0265878518362428,-0.0116385750863421,-0.0275968538081713,-0.0177019911918762,-0.021150633527493,-0.0192172538508873,-0.0073692826146966
2020-05-14,0.012581697551621,0.0177155385276196,-0.002473059679592,0.0099498398871968,0.0281467925041005,0.0115466747455629,0.0101703639685826,0.0121405558693636,0.0009985737494248,0.0049879509934643,0.0112239171592838
2020-05-15,0.0173779708948596,0.0054213533116165,0.009538230794351,-0.0013132534386181,-0.0014208638616368,0.007113525924421,-0.0052127013767557,0.0029069094598668,0.0075138175564582,-0.0011239912440244,-0.0135227019365262
2020-05-18,0.018127960560078,0.0547286543045025,0.0153530226609755,0.0744072955208162,0.051106060839552,0.0094219529176146,0.0686490377211398,0.0234231710086142,0.0512351882742439,0.0626341381061516,0.0408282661407364
2020-05-19,-0.0022138379807393,-0.0034792217166375,-0.0172015992807322,-0.0276014078154751,-0.0203008962619845,-0.0132326876269854,-0.0131780068937179,-0.0029748536390541,-0.0126196547729296,-0.0164751008856099,-0.0167080463751465
2020-05-20,0.0322760757269657,0.0193710622211096,0.0077947332478926,0.0372597355729286,0.024019803762683,0.0011320401881442,0.0162863399745487,0.0216428860667646,0.0198737618505791,-0.0001335353738977,0.0048923866154764
2020-05-21,-0.0055066254829099,0.00837028369405,-0.0109244622623969,-0.0150422462149683,-0.0067822572141082,-0.0083605726458754,0.0059448395985379,-0.0135686167841073,-0.0037493868861022,-0.0006958689143113,-0.0102256985543563
2020-05-22,0.0043659694209819,-0.00248656425729,0.0029410023725199,-0.0061711421894357,-0.0003302110243613,0.0025115000513812,-0.0020129869853112,0.0041907026951266,0.0040227378610696,0.0282483814258708,0.011546178900685
2020-05-26,0.0022377070042351,0.0249386679479833,0.0007279039863049,0.0296819000156171,0.0418156101213339,-0.00325249573664,0.0432579475982629,-0.0034454346533758,0.0404546863281463,0.0361452188149073,0.0050987780089439
2020-05-27,7.298912994241909e-05,0.0190361508409308,0.0118262068806241,0.0108182254588072,0.0300503237238134,0.0090380299487721,0.0347284791023541,0.007281514772675,0.0128535682839745,0.0216119964396408,0.010947788058762
2020-05-28,-0.0120031006803944,-0.0179169396016313,0.0118831593175031,-0.0284609018764106,-0.0093558342195243,0.0131172923198287,-0.0082697816937546,-0.0040536176735515,0.003360210221696,0.0090777373487651,0.0326524928957572
2020-05-29,0.00599723266263,0.0034950891759621,0.0037578405015869,0.0001798371022254,-0.0071699459351094,0.0141919221452474,-0.0069778124201118,0.0135855384016516,-0.0006477447720515,-0.0066125904113585,0.008892837642009
2020-06-01,0.0124320861836626,0.0279235386573792,0.0046560378165354,0.0157675610542089,0.0104807568461005,-0.0108934985718588,0.0060015851932856,-0.0007497165010702,-0.0024274860810603,0.0260065861677287,0.0117934834279927
2020-06-02,0.0036573306942544,-0.0007690712530912,0.0007480241841195,0.0252129043167405,0.008266595554773,0.0059377630987619,0.0118911886231076,0.0091556093496879,0.0237710529488703,0.0098992087038242,0.0049295923022061
2020-06-03,-0.0003011007692098,0.0302914167634053,0.0003587951129616,0.0299521490244909,0.0310795436401276,-0.0016590758042986,0.0440987926542056,0.0082974709973236,0.0244484521284777,0.0365541294493092,0.012200660306269
2020-06-04,-0.0118821015372027,-0.0040214123257864,-0.0088364539995179,-0.0020076694347519,0.0103622820958934,-0.0078449087560927,0.0115772606955938,-0.006373326394546,0.0037395343332324,-0.0156241851151201,-0.0187876714253975
2020-06-05,0.0188493411632708,0.0320953754751528,0.0111911260981327,0.0727247292725045,0.0350270011019307,0.0156491666019923,0.0437612658623499,0.0244146932579685,0.0250945171411223,0.0333278209352511,0.0140513029290658
2020-06-08,0.0077158546388647,0.0312970205982235,0.0042670203761136,0.0426145811449386,0.012708232074497,0.0058447442695433,0.0248675905600019,0.0057688957840141,-0.0021247733442503,0.0216098817531609,0.026635996998745
2020-06-09,0.0071461974011558,-0.0200063355557503,-0.0053653375784995,-0.0318025110035942,-0.014234462544235,-0.0098559938145047,-0.0271035787911044,0.0057177701071557,-0.013504400992298,-0.0136132452530816,-0.020546515466448
2020-06-10,-0.0014517083622659,-0.0051493637738578,0.0018962352243378,-0.0474496612405636,-0.024719585663214,-0.0001106476653364,-0.0247343851500698,0.0192090752014439,-0.0152658249918461,-0.0193533820547685,-0.0039810299160636
2020-06-11,-0.0468966757979625,-0.0648357362071524,-0.0302998748121169,-0.0937140951216963,-0.0754677247251888,-0.0551848088543541,-0.0751776491466506,-0.0578323589226962,-0.0776917975334524,-0.0673790706445668,-0.0400597132111549
2020-06-12,0.0091713987116157,0.0144024106105667,-0.0031811297206353,0.0267820478157497,0.0276687800046528,0.0077368989267119,0.0250244422288383,0.011935232268008,0.0204915883522853,0.0377538883270178,-0.0017736347284719
2020-06-15,0.0117355704628938,0.0167907019972189,0.0088153842376563,0.0023544221645354,0.0119690675817401,0.0007325609954732,0.0086007585536607,0.0107415262789708,0.0076679479887882,0.0124148675204482,0.0054949884272464
2020-06-16,0.0149234326783028,0.0104122692061626,0.0133319865978446,0.0276102674332171,0.0159061336087539,0.0252730326988789,0.0205735786930234,0.0212232300374439,0.0213878592287267,0.0157981940663021,0.0034333958627565
2020-06-17,0.0041791122662605,-0.0065838086088204,-0.0018015400264158,-0.0313567775881122,-0.009681571436902,-0.0007478331758225,-0.0075800430524513,-7.13367051591218e-05,-0.0055329199801425,-0.0149030643933649,-0.0022836556544708
2020-06-18,-0.0024462817828129,-0.0029006822152737,0.0034466503347902,0.0102990839079083,0.0017875995925743,-0.003263305426929,-0.0033949336814294,0.0050442868313398,-0.0012262177139541,-0.0131931532160089,-0.0009787136871369
2020-06-19,-0.0034286250112429,-0.0166985217027241,-0.0021122618697145,-0.0171963793356096,-0.0093147244456276,0.0092225595259894,-0.0141093376769541,-0.0049996472328166,-0.010367716629834,-0.0067299351538864,-0.0329895014225428
2020-06-22,0.012260178472237,0.0054412796438678,0.001373773776018,0.0061498233335646,0.0008679615360202,-0.0034261915837421,0.0026785767752556,0.0185782268581961,-0.0008152005622352,-0.0034197593359989,0.0122242119368245
2020-06-23,0.0086964601071636,0.0067188274451981,-0.0032408235789377,-0.0001976565524754,0.005177685736704,0.003788445396891,1.3913624044276385e-05,0.0055744857026098,7.45031582015541e-05,-0.0018905622703194,-0.0102871177515303
2020-06-24,-0.0265229351432077,-0.0329655787771823,-0.0133062445507668,-0.0539169117376708,-0.0374122352245045,-0.0257137377743914,-0.0362633141625557,-0.0199704974374018,-0.0312166704794159,-0.0323124294244487,-0.00943252412415
2020-06-25,0.0051395587917999,0.0057861411622878,0.0061062364122125,0.0178576944797539,0.0256481253294064,0.0102535582057088,0.0084976244024485,0.0122501432109486,0.0085914928442045,0.0086124457569167,-0.0113990967491762
2020-06-26,-0.0563310701501605,-0.0315491244619249,-0.0178760239388271,-0.035440734662628,-0.0411706532751006,-0.0124235808257513,-0.0175895807586406,-0.0190768399822185,-0.0173370862304382,-0.0180276081896436,-0.0122832394683313
2020-06-29,0.0234218026566133,0.0335160094763046,0.014705209462628,0.015598931416825,0.0101954299560801,0.008739849448247,0.0368093598731882,0.0110953551088275,0.0202129756539557,0.0226424201033903,0.0174867541728414
2020-06-30,0.0163479293277486,0.0247754445135921,0.0091468125860929,0.0220781544400711,0.0166584137554365,0.0185122258735972,0.0043865804064119,0.019877943610645,0.0196678487410229,0.0163054458663859,0.0026951728962973
2020-07-01,0.0292104931738709,0.0099062570048639,0.000484636269453,-0.0247301624758238,-0.003303006435045,0.0065170530121788,-0.0045761160250751,-0.0006816074781258,0.0016374363848638,0.0279769692899775,0.023549729639569
2020-07-02,-0.0004661693443386,0.0220122215756412,0.0029971564675663,0.0111123813638501,0.0019319919234836,0.0070834471177641,0.0078766663024159,0.0051088206298051,0.0136335781794164,-0.0077151062902299,0.0036509694112468
2020-07-06,0.023514962817299,0.0494305724672766,0.0042011412954053,0.0035372396960956,0.0148675402347854,0.0101856877380435,0.0152201117253928,0.0199034028506501,0.0109411390991757,0.001462760183536,-0.01427798061832
2020-07-07,-0.0051240113369997,-0.0126512408499402,0.0149669858006803,-0.0310269173964546,-0.0194768168584625,-0.0076061016834771,-0.0218507690883699,-0.0098933722879625,-0.0106800740101804,-0.0195426552993552,-0.0030518476857782
2020-07-08,0.0119902996418945,0.0027396916731329,-0.0033053511058529,-0.0016072500239618,0.0117091898963909,0.0009629760963049,-0.0002165289236241,0.018546169717982,-0.0211951998635198,-0.0037584522039176,0.0082263196534998
2020-07-09,0.0052985070658811,-0.0055841595609717,0.0005359274230281,-0.04768175775673,-0.0182337259045486,-0.0079893462174545,-0.0216924947688138,0.00738249588106,-0.0157037288172065,-0.0083218444907878,-0.0132517400440364
2020-07-10,0.0216079080636329,0.0411792147965396,0.0153291363749976,0.0314132865508327,0.0239702854617182,-0.0028763349260403,0.0143648055855626,-0.0003202338064364,0.0209790276110733,0.0055654671001611,0.0193564594578898
2020-07-13,-0.0228257740102898,-0.0151243950411592,-0.0034172696365051,-0.005553520052529,-0.0052245661596981,0.0061927512979453,0.0003478604219066,-0.0224789180290471,0.0029276249011022,-0.0196773433212356,0.0007226364092345
2020-07-14,0.0060984971158944,0.0125021601103527,0.0158924831949241,0.0359638648281634,0.0090495785444768,0.0206898485596986,0.0200299805715556,0.011023495827332,0.0212271331937596,0.0072434996599949,0.0098546970114778
2020-07-15,0.0030924971749714,0.0360016875706915,-0.0007275433319282,0.0190701025670576,0.0212315698843127,0.0132352859486949,0.028043268076176,0.0021104987195112,0.0210184442571994,0.0078086561398033,-0.0047746715505839
2020-07-16,0.0005744514095048,-0.0168598903337184,0.0022878170229281,-0.0050829783204717,-0.0059492080190122,-0.0015517653467917,-0.0038322766430321,-0.0113250212425192,0.0019694979518544,-0.0126433682147038,0.0123485640544983
2020-07-17,-0.0078188903265481,-0.0036801767736503,0.0048844785949762,-0.0154251394428834,-0.0019041367710543,0.0151845708894363,0.0039488845767896,0.002911075472892,0.0037711541125331,0.011470621339818,0.0227966354982004
2020-07-20,0.0191984366125656,0.0218831390911707,-0.0060187412954563,-0.0188775377142913,0.0036927803510168,-0.0014645240041972,-0.0110472446461505,0.0282034147686309,-0.0082355514382214,-0.0122647980206658,-0.0126747660030785
2020-07-21,-0.008240357202769,-0.0053299470857216,0.0066085549650998,0.0624781975073138,0.0118578374390394,-0.001210736081585,0.0139126644419709,-0.0106383679800102,0.0045062994175149,-0.0041660825558494,0.004315966328511
2020-07-22,0.001086364450396,0.0140226235569502,0.0093005195648537,-0.0146351152534167,0.0038079790874003,0.0078685619590225,0.0094277321745914,0.0070278416386226,0.0110349663412975,0.0156674327438623,0.0137276565973791
2020-07-23,-0.0264948050961682,-0.0222856494111906,0.0004598685593616,-0.0018788381876569,-0.0034099518785263,-0.0052663432220013,-0.0048396309872118,-0.0281882417484753,-0.004894182711393,-0.0087884489897046,0.0009117799157546
2020-07-24,-0.0042749216376685,-0.0166646991339312,-0.0020160673048325,-0.0065623939435276,-0.0069017869413776,-0.0113315162275226,-0.0069941954140138,-0.0135956016169839,-0.0034141554509245,-0.0058279815019448,-0.0057542010004788
2020-07-27,0.011030522247649,0.0222551770111616,0.0045159312626465,0.0019150754788857,-0.0014992425784902,0.0071818344124894,0.0013113019725378,0.0160923254286857,0.0092895325155331,0.0097296750677395,-0.0140318962617302
2020-07-28,-0.0130074744251172,-0.0172277173009897,0.002832960063314,-0.0157208885555117,-0.0056511619860776,-0.0004706378276151,-0.0040309515826427,-0.0129044197721017,-0.0232822059256709,0.0272087278075153,0.0158171818389963
2020-07-29,0.0096093291909931,0.0147371866684881,0.0014662644200256,0.0216843706193072,0.0208381429544013,0.0100894684225421,0.0099851818991046,0.0144368920293188,0.0111018665383377,0.0164177363752165,0.0038014815207707
2020-07-30,0.0054921606021682,-0.0054802002269549,0.000528247279424,-0.0411090141958958,-0.0145926418813942,-0.0079970495860112,-0.0076475576351923,0.0055765048546648,-0.014999515327621,-0.0142144117494611,0.000485551421469
2020-07-31,0.0102087841624811,-0.0162483939983717,-8.840077242950126e-05,-0.0078156540923138,-0.001744182820461,-0.0062980578940893,-0.005142845739158,0.0272324263598702,-0.0082447767261523,-0.005639512479731,0.0020729228892338
2020-08-03,-0.000887409522555,0.0095824484407891,-0.0016038653910747,0.0043769417576082,0.0021878092188458,0.009924433414317,0.0065403703880352,0.0277296025311937,-0.002058067038012,-0.0199682564964564,-0.0113467472454328
2020-08-04,-0.0012453652569311,0.0074753856823525,0.0145567850740086,0.0272484372531424,-0.0035907134778908,-0.0046959792986936,0.0036556171581495,0.0029007276748953,0.015396939437531,0.0162705351247971,0.0103028362891831
2020-08-05,0.0093575987417073,0.0095172123346485,-0.0021835355577869,0.0116644278271441,0.0168710423156411,0.0043559716066528,0.0204038597193332,0.0003522035030434,0.0099132695567349,-0.0068623983783295,-0.0128286598063996
2020-08-06,0.0303139313890924,0.0079502056552616,-0.0004624115381143,-0.0072331478570045,0.0011173479431961,-0.0052494855581554,0.0020252856470437,0.0141167812985815,-0.0062061690121929,0.006869652111918,0.0055739634414952
2020-08-07,-0.0029238129113574,-0.0027955687276702,0.0045686802625292,0.0009243294310171,0.0107283087353035,0.0056381163754159,0.0158647390711813,-0.0155344836828149,0.0089554649226814,0.0155718151001769,0.0174163265417915
2020-08-10,-0.0076312619323173,0.01079897862855,0.0026984866727438,0.0309489257306268,-0.0004162974515368,-0.0040870765958195,0.0255829585370032,-0.001973955876396,0.017777425263308,-0.0031807559483791,-0.0010041923360583
2020-08-11,-0.013227867214681,-0.0016396513661395,-0.0092350339999862,-0.0028021125860036,0.009884424312866,-0.0066108530182004,0.0055752718134116,-0.0205281229664484,0.0064475966691635,-0.0141422457310296,-0.0197259199675442
2020-08-12,0.0144041964547984,0.0353979842630765,0.016613924752325,0.0096544192569052,-0.0003101292834582,0.0176699942370733,0.0020623711353699,0.0260953233984844,0.006112377822055,0.0136396905387618,0.0145413678489047
2020-08-13,0.005834700601767,0.0126885273740831,0.0012727109423815,-0.0199097533498679,-0.0033561735499377,-0.0020870529255383,-0.0061893692521778,-0.0007781369606905,-0.0039935024807891,-0.0132031510661148,-0.0022646235006508
2020-08-14,-0.0024118984370501,0.0052358333528266,0.0003885028551151,0.0093664993188735,0.0016362617723104,-0.0018768557902246,0.0051406230901133,-0.0006203541107142,0.000902664940915,0.0018921043882518,-0.0086551272976523
2020-08-17,0.000818460796305,0.0323835988027038,0.0074120411476952,-0.0060352880632715,-0.0048475431557655,0.0063533287998875,-0.0062319132779418,0.0059783138455129,-0.001570889667699,0.0069793564636543,-0.002446247964641
2020-08-18,0.014931186421532,0.0102102474341368,0.0003725602527828,-0.0133872435479963,-0.006551643238718,-0.0008814560841091,-0.0057379859358626,0.0052481383859717,-0.0004727499705526,-0.0043941686817458,-0.0039855857445921
2020-08-19,-0.0052174627962905,-0.0027583866685775,-0.0041240523452143,-0.0113930744117815,0.0003801506069943,-0.0032943083348791,-0.0024982175635051,-0.002328782016618,-0.0008714684409245,-0.0247044841182895,-0.0025708486218043
2020-08-20,0.0194064493235731,0.0175770977584993,-0.0034825663388943,-0.0208003402597715,-0.0033287197651794,-0.0028406628887503,-0.0044428592203864,0.0147953252639059,-0.0069906676554484,0.0113593583892239,-0.0101892490671067
2020-08-21,-0.0044018152348806,0.0124573342761792,0.0038384104500093,-0.0064557385002795,-0.0025094588237166,0.0003984488935061,0.0010577091269432,0.0110954112666009,-0.0016225510335538,0.0047492435496287,0.0017530819346571
2020-08-24,0.0106752444764163,0.0105129491987577,0.0056929409926074,0.0266734665957699,0.0190227088487544,-0.0050453896149568,0.0215898619913514,0.0072111782246604,0.0169174156869349,0.0041445006844525,0.0096242864499569
2020-08-25,0.0152064808172203,0.0045201060900627,-0.0005115975370281,-0.0154066554365941,0.0049418767485331,0.007429463931959,-0.0027697215329766,0.0055181768798862,-0.0066122443865219,0.0013451143139983,-0.0092600879773574
2020-08-26,0.0486868051286186,0.0143105688973647,0.0024190499538463,-0.0227198344071448,-0.0005501907607862,-0.0006919499015632,-0.0012584899310299,0.0224254671203798,0.0109912340982419,-0.0103982628995096,-0.0124098261334166
2020-08-27,-0.0166842073164075,0.0145305229515903,0.0069845213378861,0.0028946499962353,0.0147558716059603,0.0079552240768225,0.0045620801299487,-0.0001289676191561,0.0008404707941158,0.0161546793278027,0.0049224789398009
2020-08-28,0.004531088362304,0.0106825801354462,0.0109317661081052,0.0181781749492595,0.0080448644385631,0.0015029922350317,0.009393915083029,0.0100697557140606,0.0088843672798765,0.0107407979482052,0.0022136838370542
2020-08-31,-0.0061908533693514,0.0247529653956595,-0.0021080395177361,-0.0219312198659082,-0.0130217716756878,0.0032304585852024,-0.0121809073340098,0.0045780658111881,-0.0188435128938228,-0.0116062133032474,0.0039398540010736
2020-09-01,0.015455295044052,-0.0031273827971418,0.0071403572356933,-0.0091840052834859,0.0040721863220255,-0.0103075083773284,0.0069223111551455,0.018750968398134,0.0258166932350675,-0.0008165808417074,-0.0118450947240984
2020-09-02,0.0263254442592951,-0.0024703051240446,0.0173669290487022,-0.0038627732786813,0.014799294442537,0.0202983644496067,0.0157080447374684,0.0111627493031083,0.0247884402686706,0.0273935371059207,0.0311040912400731
2020-09-03,-0.0416009569822475,-0.0380728144218904,-0.0220607181260091,-0.006274497376108,-0.0222502373839298,-0.0268215515418453,-0.0277185076596197,-0.0598168320114537,-0.0222280268662997,-0.0077795139824879,-0.0102155898318055
2020-09-04,-0.0234463011641282,0.0046623219582852,-0.0035606481729612,-0.0043482109705885,-0.0037578156716296,-0.0069580448236591,0.0031817475838631,-0.0111418145303209,0.0010669091406382,-0.0009273386744088,-0.0056591271995232
2020-09-08,-0.0289058107205663,-0.0557428055072879,-0.0235018907181429,-0.0373450857715275,-0.0276560747012039,-0.017099276551004,-0.0201953180843743,-0.0472957142163754,-0.0209854129315825,-0.0113692561582332,-0.0046244540637898
2020-09-09,0.0089166602121047,0.0294076827069411,0.0153322564882466,0.0054515211715,0.0152139234116613,0.0178098572453073,0.0147047904673772,0.0332292462984394,0.0221381786731165,0.0124481638118894,0.0126081093728992
2020-09-10,-0.0162470260247954,-0.0003186594439117,-0.014463557961801,-0.0349528066699748,-0.0153182537737003,-0.0163588361133413,-0.0136975408278427,-0.0220988638630135,-0.0028878478621403,-0.0165238245474852,-0.0169866061169202
2020-09-11,-0.0066185798409386,0.0035285822679638,0.005998180542814,0.0020851018076209,0.0028542368207049,0.0042222838741303,0.0141258235860102,-0.0056977739218271,0.0145236012668502,-0.004332346233531,0.0036888235552073
2020-09-14,-0.0013161735661565,0.0439940985690703,0.0057354673670643,0.005944393830027,0.0165008448188041,0.0151668033898338,0.0157684389027692,0.0189793345574529,0.0143902274749408,0.0269594800353549,0.0151499929678159
2020-09-15,0.0186306393289099,0.017161713121954,-0.0004069372759817,-0.0070890412697838,-0.0087428769253214,0.0020182281234186,0.0009443395211271,0.0117692056364167,0.0084034220764822,0.0202672976742674,0.0076148808968058
2020-09-16,-0.0169339751641617,-0.0021745807597561,-0.0054579410664435,0.0412563529215914,0.0080087548630601,-0.0012916007711108,0.0107932025867273,-0.0163270705657897,0.0042347325156845,0.0034541190886308,-0.0006553785628238
2020-09-17,-0.0217168031918965,-0.0199048022845923,-0.0056750706272404,0.0032787985235453,-0.0091451073697438,-0.0020767391340345,0.0010761204697194,-0.0089246688342911,0.0084654291985053,-0.0286817805515427,-0.0086553265393529
2020-09-18,-0.0152895115376392,-0.0008622083685851,-0.0075985944855192,-0.0114161682783874,-0.0047025095293581,-0.0001518304475349,-0.0127157034501001,-0.0164403744773865,-0.0167423988715438,-0.0235063620328898,-0.0179648917023393
2020-09-21,-0.0139541278609027,-0.0152823453172004,-0.0034190463318177,-0.0312637100482151,-0.0204228507117992,-0.0177079912862077,-0.032585798615867,0.0108285757169075,-0.0301324799575267,-0.0290920107522166,-0.0061396660856543
2020-09-22,0.0197174458596245,-0.0041206591234727,0.0090647942492284,-0.0120197239975171,-0.0013336720035705,-0.001813522033533,0.0109316862711879,0.0159987816627609,0.0022131141257737,0.0107889072476018,0.0064355753734131
2020-09-23,-0.0320610231290085,-0.0264922578602371,-0.0150952045701084,-0.0441700691964182,-0.023754515074397,-0.010390071855671,-0.0195217840821684,-0.0316279429658414,-0.0301433621216275,-0.0297870739552017,-0.0161441727352821
2020-09-24,0.0050493132287374,0.0020873260330528,0.0075804444270324,0.0019385211467207,0.0027405901406301,-0.006171315839172,-0.0017053940245523,0.0062168195888239,0.0031324260486391,0.0032913066683032,0.0121235330008993
2020-09-25,0.0153705565776332,0.0215383920164055,0.0067720029297083,-0.0002475845296895,0.0127650640758693,0.0165383130943993,0.0193555992798904,0.0241443225676908,0.0146407711575821,0.0228805986764939,0.0160693112319986
2020-09-28,0.0133797603862074,0.0209374750054873,0.010627457562881,0.0239898635234618,0.0228161861180115,0.0078977932926623,0.0212010717716482,0.0179928918352655,0.0153317319161427,0.0136001339817267,0.0012007240210628
2020-09-29,0.0070771697536288,-0.0074100058360228,-0.0044125822401058,-0.0278081562754067,-0.0079363928745302,-0.0006843772509455,-0.0083466678424006,-0.0036147307701054,-0.007310728055106,-0.0049110027228249,7.923407167301019e-05
2020-09-30,0.0006691373241113,0.0131877167861018,0.0125724093562919,-0.0023347028437646,0.0094644106119642,0.0167888313726288,-0.0017866527224871,0.0093923661961251,0.007602540695327,0.0069283914992044,0.0091118518025736
2020-10-01,0.017236342899584,0.0227841427676876,0.0089757589121397,-0.0297774674583965,0.0067249735662261,-0.0044008639479789,-0.0014463447283453,0.0104191057930572,-0.012497018835984,0.0162237282750322,0.010616964900859
2020-10-02,-0.0227574831685279,-0.0258503513497534,-0.0084295054080715,0.0110990638509166,0.0016997747440633,-0.0095309176443259,0.0096769868777265,-0.0274195969958925,0.0095887021144423,0.0154029300231184,0.011001776624551
2020-10-05,0.0188991658607816,0.0148041626839792,0.0060359792670484,0.0295785954315437,0.016050942583451,0.0208805174795302,0.0171845502364385,0.0245158230657289,0.0155412345574593,-0.0003219919852298,0.0125067710445324
2020-10-06,-0.0219917869317614,-0.0159596173356874,-0.0076515442523031,-0.0151392618220766,-0.0127396663319981,-0.0136595631203261,-0.0130966011559621,-0.0152869275839739,-0.0102606216410898,-0.0090626570124094,0.0090765086599609
2020-10-07,0.0107196886011359,0.021437809919754,0.0089694339068055,0.0154824147317583,0.0155761675356474,0.0191067599586722,0.0214525933475775,0.0201177681531581,0.0231235933578434,-0.001405120286951,0.0064552184138641
2020-10-08,0.0143496462081266,0.0046318035443511,0.0067390196110877,0.0387897154027299,0.011386609387589,0.004617981888724,0.0094818043011218,0.0041864983529432,0.0100355493742722,0.012926882744829,0.0179679242769194
2020-10-09,0.0113794254508744,0.0079782512941686,0.0092903119122436,-0.0159643373317251,0.0058041701568364,0.0087146202353449,0.0037129472999586,0.0142266701877905,0.0094488241119089,-0.0046475232490917,0.0005686624908082
2020-10-12,0.0279047311207847,0.0093447372609213,0.0132270075932583,0.0029770381127409,0.0094093768163134,0.0069724140263111,0.0055316392153906,0.030197470009226,0.0011513884185837,0.0024001211465567,0.0054757696990553
2020-10-13,0.0061227964163459,-0.0003243631372671,0.0041254328612182,-0.0152537466519014,-0.0133594303416833,-0.0067041949827949,-0.010354192789677,-0.0054198729123663,-0.0085019102745622,-0.0193283071764858,-0.0078370311548991
2020-10-14,-0.0112347629068253,0.0083540922462834,-0.007099511578487,0.0006044216669695,-0.011009124752414,-0.0061212084880178,0.0048124895230406,-0.0044874443506527,0.004719563467874,-0.0105692849494746,-0.0011831288959068
2020-10-15,-0.0069057931365901,-0.0059139837046019,-0.0002720600461844,0.0111973512501118,0.0033448217247702,-0.0078617775008021,0.0035731858327152,-0.0037224646271524,0.0016655471282472,0.005376148558578,-0.0005143102673366
2020-10-16,0.0001610175597921,-0.0103306121603577,0.0008854744870625,-0.022111830337206,0.0010280588450169,0.0100736331198966,0.0068701183178353,-0.0036302916660217,0.0058608953800828,-0.0041869691927456,0.011283077470179
2020-10-19,-0.0189648927653133,-0.0148267308758812,-0.0131153416088175,-0.0196985282256732,-0.0178543487703807,-0.0166642358507531,-0.0119759710792878,-0.0174374014877675,-0.0132404263701346,-0.0182943061560217,-0.0078559878304423
2020-10-20,0.0130315372899657,-1.712741952278403e-05,0.0036980170201688,0.0118844198784766,0.0076057801757647,0.0008129375208254,0.0048422533030688,0.0027783731947198,-0.0013330359022605,0.010447847901284,0.0061147922579539
2020-10-21,0.0176038341160929,-0.0001264743324425,0.0012425332059691,-0.0187660645861111,0.0005182780294213,-0.0050045950498769,-0.0107596856971395,-0.0046786058735168,-0.0035097989597472,-0.0026022590648968,-0.0029975737419358
2020-10-22,0.0059288357316585,0.0113953825854507,-0.004029717980068,0.0427413017104498,0.0108829540058406,0.0148598616323415,0.007770383210228,-0.0041883665385667,0.0037066913756652,-0.0060544849854788,0.0137352177761109
2020-10-23,0.0156941472054055,0.0013279584339853,0.0017904144313009,-0.0065665652384397,0.0007573270414291,0.0034486991913259,0.005175611840417,-0.0015324343326447,0.0016626264671842,0.0102096139022577,0.0017579857674735
2020-10-26,-0.0261211428426367,-0.016501934778633,-0.0125503279545579,-0.0337375597544094,-0.0250990742714343,-0.0110271378273898,-0.0248977808010374,-0.0204739115218731,-0.020882396307928,-0.0093883531569813,-0.000647757971841
2020-10-27,0.0097647761348592,-0.0027912890814045,0.0038058617609874,-0.0132264647306041,-0.0161374224077853,-0.0076573903151678,-0.0192738725100227,0.0062281772632422,-0.0214533228384734,-0.0138489096777269,-0.0004096823533595
2020-10-28,-0.0474171616489508,-0.0390256104773567,-0.0286500686466043,-0.0415571609607052,-0.0330219514898788,-0.0321964150122015,-0.0321511420038458,-0.0417285422447618,-0.0213790577716594,-0.0251404934546035,-0.0288069517631998
2020-10-29,0.0363994690853401,0.0108772721145401,-0.0002256714724032,0.032174592259004,0.0072973875407264,-0.0062655181757601,0.0152513957036042,0.0201651873168016,0.0220241810425462,0.0158256562241494,0.0035778183607006
2020-10-30,-0.0092723740794951,-0.0275708941468759,-0.0051504045759386,0.0042570911667745,-0.0044126050532707,-0.0003131003772925,-0.0030570412350675,-0.0244420157009987,-0.0071608254553596,-0.0053380721523374,-0.0098682020133389
2020-11-02,0.0025134141585312,0.0159672971253184,0.0143450013098875,0.0364765821847615,0.0174553599890044,0.0173803765681136,0.0252574902361104,0.0017878151572446,0.0300239764001772,0.0280694936604926,0.0211040435538779
2020-11-03,0.0154066714956329,0.0364007560085396,0.0159363619908022,-0.0064512200977453,0.0191223532974682,0.0135301658882657,0.0296720839088249,0.0189635178360905,0.0095784620905094,0.0131457693544501,0.0136317347945435
2020-11-04,0.0537297710037626,0.0058320202901899,0.0026240288230989,0.0008296183574062,0.0074443999844433,0.0456945236539697,-0.0072986885310074,0.0384299120683064,-0.0072922926796219,-0.0025409896429308,-0.0145155084115694
2020-11-05,0.0189828250023169,0.0283025885478863,0.0093097475349242,0.0014255138394434,0.0270041580753772,0.0027917975399763,0.0218864118803678,0.0325626669792864,0.0323489001914321,0.0040875962782698,0.008346074646497
2020-11-06,-0.0022872773011143,-0.0093751342317745,0.0064358290247102,-0.0216628885447766,-0.0082096165969102,0.0023147448018662,0.0029658390616764,0.0046103796035076,0.0061734528059043,-0.005184811835508,-0.0009811197401635
2020-11-09,-0.0074688747730219,0.0197815237223668,-0.0143059998652797,0.1373654339714378,0.0707975264145885,0.0097069070998802,0.0360298424200196,-0.0163972488246964,0.0286407412084853,0.0654925493567727,0.0182402106383711
2020-11-10,-0.0098326931420538,-0.0127587301008788,0.0160286355100935,0.0329311736364897,0.0002237740544064,0.0034873824470035,0.0163079102003223,-0.0219566951772215,0.0119082271178621,0.0058268720410336,0.0149605516980898
2020-11-11,0.0056290841279182,0.0086215251654804,0.0134595202599329,-0.0073920186560182,-0.0018190222098335,-0.000537977418914,-0.008618818830756,0.0286822921594811,-0.0075454443508159,0.000990505284981,0.0038188960340622
2020-11-12,-0.0066759566690885,-0.0171368958748557,-0.0014608664139585,-0.031591133429873,-0.0163867719390394,-0.0037933919351501,-0.0119129229024681,-0.0078805324545715,-0.0201606185747426,-0.0118091079673446,-0.0143420897353129
2020-11-13,0.0128056313557703,0.0102918361191862,0.0118230219765507,0.0357869430443309,0.014810123057527,0.0131730193465294,0.0210379330836609,0.0075896169972075,0.0231356038469269,0.0258472632638985,0.0105062166352193
2020-11-16,0.0089234876319385,0.0113300319895064,0.0049058910852797,0.0628310968762254,0.0173747972170681,-0.0010943070312302,0.0241920919089732,0.0095293737028213,0.0242971057492045,0.0052593987928392,0.0084637715092725
2020-11-17,-0.0066961397390273,0.0309785034144186,-0.0062305409271827,0.0111609698376538,-0.0018704109277792,-0.0074287109342346,-0.0017248437775768,-0.0047748307822897,-0.0008994288029865,-0.0036093866319305,-0.0195719437213963
2020-11-18,-0.0089225492742422,0.0365810650154658,-0.008944572623062,-0.0281867550374008,-0.0083724930975643,-0.0174886336184304,-0.0043759388906545,-0.0106268335761657,-0.0077167535176376,-0.0123194698168853,-0.0174310388669206
2020-11-19,0.0050754974619158,0.0121466322687375,0.0058302355468409,0.0159083507918442,0.002607411274606,-0.000582411524006,0.002961206151445,0.009943130921615,0.0006038096826606,0.0039590662807034,-0.0108878096879584
2020-11-20,-0.0083058452391351,-0.0120077852376294,-0.0052078908355262,-0.0048111795775322,-0.010737130421444,-0.0011513146931845,-0.011772782696807,-0.0101012567630654,-0.0003248279172331,-0.0109277566570838,0.0015179382088874
2020-11-23,0.000112274345203,0.0327661320642661,0.0016437551638589,0.0689047904171573,0.0207010885650559,-0.0026217117022627,0.0176253351965877,-0.0032665128961664,0.0136888105457073,-0.0023967391603302,0.0001984308680678
2020-11-24,0.0248606600148648,0.0366268957032287,0.0050347620569532,0.0511689868598767,0.0296993921179648,0.0017074957479062,0.018471126729217,0.0125449417116851,0.0261077830138753,0.0052582354470163,0.0106582630358215
2020-11-25,-0.0023805738258054,0.0105959724363195,0.0021955474832051,-0.0244919590283034,0.0004934913582703,-0.0032233662088034,-0.0080044290701756,0.0026802634174433,-0.0137653982540102,0.0044329269285981,0.002144245497373
2020-11-27,0.0079032622953969,0.0081589644508799,0.0005157289739517,-0.012798755734448,-0.003073619464246,0.0106370422132803,-0.0028368105702831,0.0068358673493244,0.0058046735189563,-0.0044995083064036,-0.0095011236595124
2020-11-30,-0.0090599735793698,-0.0160132985063568,0.001517681939639,-0.0502350407982951,-0.0127522338714523,0.0050171872974533,-0.009709434886922,0.0079600968880786,-0.0042812078316586,-0.0120066030738555,-0.0144634451056127
2020-12-01,0.0257225985913706,0.0157668582470014,0.0070033287840062,0.0038972329619986,0.0139372469478458,0.0074748837825104,-0.0006463111367358,0.01429087799446,0.0057491327133636,0.0134856202207163,0.0076107237515179
2020-12-02,0.0115060773550469,-0.0137191587623548,-0.0096280322491418,0.0311938422405641,0.0057978508139056,0.0074977497009526,9.965000089609968e-05,-0.0022456576618573,-0.0118484211333317,-0.0106222449554435,0.0062329090637073
2020-12-03,-0.0080300557647825,0.0247097410478647,-0.0015998948054934,0.0092661145760359,-0.0022055623374528,-0.0010957850409831,0.0046172631741016,0.0004063139243798,-0.0052866163898282,0.0043140480054377,-0.010005824962003
2020-12-04,-0.0003683756833653,0.008506518761191,0.0039736827976758,0.0522285618511846,0.0159600709833305,0.0107306321935198,0.0100342750999783,0.0082988322415599,0.0212803953684468,0.0065792547665081,-0.0113631544104227
2020-12-07,0.0082583152467386,0.0258362525734268,-0.0043421371826736,-0.0236952684368081,-0.0045879690655352,-0.0054380887324794,-0.0046465874630374,0.0041247036447654,-0.0096029022689066,-0.0091951759845352,0.0061932495941005
2020-12-08,-0.0045360035206839,0.0016833962886515,0.0043989126944696,0.0150276015604196,-0.0001098058392463,0.0075773459122234,0.0031131008396809,0.0045301959922252,0.0095815022762026,-0.005220387929207,-0.0036514527313879
2020-12-09,-0.0170360404656834,-0.0274927108560584,-0.005135726788977,0.0028246701996613,-0.0068199102704481,-0.0027400335376918,0.000433587844087,-0.0197938640577995,0.0056025076221476,-0.0089242199045079,-0.0013114143426095
2020-12-10,-0.000536077969847,0.0149168020594989,-0.0059245861199587,0.0295797077623432,-0.0003959883809062,-0.0025082185940311,-0.0103142034533059,0.0021308013754987,-0.0075055498858952,-0.0090703308838153,-0.0061897113329853
2020-12-11,0.0133932766048951,-0.0184065779400165,0.0031905825035622,-0.0101151396094105,-0.0080376478861283,-0.0036678666655606,0.0025489009236343,-0.0004379180261643,-0.0049447726379662,0.0006137154389939,0.0011892862411231
2020-12-14,-0.0053233571066705,0.0153169013282991,-0.0031587854805378,-0.0345425558855229,-0.0050797642058365,-0.0091826661976969,-0.0114802547768424,0.003968676569042,-0.0121992643129513,-0.0097685349012605,-0.0056052743732574
2020-12-15,0.0068385521106227,0.0044737544541793,0.0025884814244935,0.0176638676990075,0.0146802605128822,0.0100969597216448,0.0133268900667982,0.0169626406049298,0.0162257521914172,0.0166344404907691,0.0184320793045966
2020-12-16,-0.0001052927544886,-0.001642893078075,0.0007335217915053,-0.0039411078325515,0.0038226416112332,-0.0040182080682613,-0.0049588686602346,0.0089930381985631,-0.003017754110828,0.000613215727832,-0.0109464514554076
2020-12-17,-0.0036465367090759,0.0280976312956805,0.0062311307495476,-0.0048618086746171,0.006382938393008,0.0115481593600618,0.0059845629039412,0.0066743606293044,0.0082591185913378,0.008312106142176,0.0081236570420008
2020-12-18,-0.0023499902508436,0.0208573392820451,0.0009992041589458,-0.0169129394987868,-0.004082700472053,1.7152855481007264e-06,0.0008181864555829,-0.004029729633153,0.0040671162646095,-0.0182480152330372,-0.0086169314733771
2020-12-21,-0.0050370485500782,-0.0214107503568583,-0.0075746191319177,-0.0166879059056454,0.0049906303304294,-0.0094961079107902,-0.0061070287987911,0.003278974270663,-0.0041569187263027,-0.0086992709870025,-0.0118182791568194
2020-12-22,-0.0105383180787186,-0.0100022627324711,-0.0064754283341308,-0.0171881342056579,-0.0077592289858363,-0.004185686049151,-0.0035620780079879,0.0115733836769445,-0.0015948920893315,0.0054120537626065,-0.0017186397944944
2020-12-23,0.0036372187713583,0.0051582021816649,0.0018237917423973,0.0196358315646062,0.0079100934876797,0.0014249686034153,0.0032357905703604,-0.0089245585034365,-0.0045751797073893,-0.0081060221894818,-0.0022513007586428
2020-12-24,0.0010066691128192,0.0070461660054242,0.0055534512096357,-0.0059889791556597,0.0054125776723992,0.0019570097024378,0.0010709773368631,0.0058857940638978,0.0066168893947232,0.0107155410529589,0.0070229624811935
2020-12-28,0.0257342261945007,0.0045823071548503,0.0089391702695745,-0.0062817995842091,0.0066948539904539,0.0017002696392597,0.0009822368025193,0.0101451949711432,-0.0075668047900046,0.0086932030019746,0.0046916134184511
2020-12-29,-0.0026359459173982,8.502559954944715e-05,-0.0014456078078534,-0.0068227270813496,-0.002458073912971,0.0049217215709302,-0.0079297824996788,-0.0049300864395859,-0.0015625474898767,-0.0059702823654658,-0.0017559876782306
2020-12-30,-0.008860042944799,0.0167410316568839,-0.0014505485289538,0.0148284134806959,0.0076492211719103,-3.983197321602281e-05,0.0060471839442545,-0.0020677622657351,0.007453282831048,0.0034107751686037,0.006115084789494
2020-12-31,0.0080804788511049,0.0086675075069642,0.0067544645161829,-0.007995947814856,0.011663961731278,0.0108790988017403,0.0053537604031558,0.0021915274246564,0.0039232872078926,0.0161030839862507,0.0151616663705276
2021-01-04,-0.0161772610350522,0.0010758379033972,-0.0090178652207325,0.0025199817339737,-0.0126689461727204,-0.0048457969905807,-0.0287145738075336,-0.0185150243418618,-0.0142930341779568,-0.0321821455273748,-0.0264764163268227
2021-01-05,0.0068290711909087,0.0107369762773629,-0.0011233459994143,0.0452274408148727,0.0014609120072513,0.0061649871603892,0.0109543632941484,0.0094083350570816,0.018438649450507,0.0032569852129305,0.0005788921573179
2021-01-06,-0.0104788783010745,0.0171370907802852,-0.0008970437924062,0.030530951716151,0.0303060158036569,0.0141153579299682,0.0209065252789539,-0.0195319247989429,0.0376683235359617,-0.0001779539260742,0.0244849388232034
2021-01-07,0.0202093293603313,0.0424129905540585,-0.0027747658169672,0.0131387214935775,0.0146706250107784,0.0131791452178623,0.006233285935776,0.0299384370090062,0.0134243986679179,-0.0037417631441799,-0.0131169560167743
2021-01-08,0.0046195752174079,0.0388706344222602,0.0055608244173377,-0.0005035368227267,0.0021685166230487,0.0048710374530878,-0.0008394986771284,0.0062632079317161,-0.0049893618358872,0.0098808120912124,0.0069174372373981
2021-01-11,-0.0220623998206027,-0.0361278232002818,-0.0090086192713043,0.0172868205537841,-0.0011702773374169,0.0069660976123207,-0.0004830859865453,-0.007178354823192,0.0034912833984979,-0.0192441608673505,-0.0095218967745724
2021-01-12,-0.0137516511029972,0.023271157279961,0.0004069944609343,0.0353995740289102,0.0042889333546538,-0.0106454650822489,0.0103819111264281,-0.0026676602334375,0.0157514439168323,-0.0014787623275302,-0.0062627122749196
2021-01-13,0.0070911382616312,0.000900948026451,-0.0004030077070955,-0.0050097954633335,0.0005760409353045,0.0032520232590077,-0.0089060136286566,0.0063656131884537,-0.0175125581159136,0.017881350874255,0.0185000405132892
2021-01-14,-0.0134591591821983,-0.0026682417855313,-0.007394816289273,0.0303283023226344,-0.0074192084776252,-0.0024073431479166,0.0015979329862048,-0.0060844221575909,-0.0027325364875446,0.007948236187783,-0.0047754846025238
2021-01-15,0.0026884290525765,-0.0165954048945301,-0.0053905032084848,-0.0384172252992923,-0.014151946412316,0.0030596893436685,-0.0132167196287132,-0.0098465299301174,-0.0134927900023164,0.0134429478171706,0.0103993288321902
2021-01-19,0.0250238691128605,0.0145577667750815,-0.0079459030313738,0.0186820283323868,0.0050735102840387,0.0073702609689398,0.0034665735129795,0.0136942395424946,0.0018258456348898,-0.011484792451533,-0.004626017278801
2021-01-20,0.0480028360691694,0.011653185994146,0.0027923107317443,0.0035793587627475,0.0019961865666384,0.0054411014277782,0.0061483519493553,0.0219362108792383,0.0046618886892762,0.0187131329330183,0.0062487482874981
2021-01-21,0.0034963594559711,0.0002184941877111,-0.0016829093248233,-0.0355057198549601,-0.0067633009499883,-0.0039402903342468,-0.0091339308365691,0.0146920453484293,-0.0111853606615479,-0.0026129489419908,-0.0059103432517681
2021-01-22,0.0021945232274651,-0.0041086495131363,-0.0015467982357208,-0.0049910328692594,-0.0095994794219924,-0.0032421713823506,-0.0034334001164516,-0.0007362669889602,-0.0078398925110433,0.0067923003493943,0.0011916393290449
2021-01-25,0.0023759990305172,0.011109712009323,0.0086199781092908,-0.0109025479443321,-0.0083500177896824,0.0074644174597724,-0.0065227503893376,0.0107897611280368,-0.0017896704831071,0.0075797523373564,0.0197416803919899
2021-01-26,0.0082859167803706,0.0003933957895722,0.0077322272049184,-0.0204530934706603,-0.0062846748145155,-0.003450687496912,-0.0115500375101982,0.00084027496938,-0.0121460461796699,0.0076519952563476,-0.0092799913836828
2021-01-27,-0.039823151679347,-0.0284431374789825,-0.0208838921013766,-0.0136774220898949,-0.0320286205405671,-0.0315185208936702,-0.0235654434609757,-0.0162720182459729,-0.0182423742459515,-0.0188690031865065,-0.02622206189432
2021-01-28,0.0101618905372381,-0.0069645409604434,0.0051564572617845,0.0135386052754373,0.0216300560347661,0.0151568211327186,0.0156934920908115,0.0037392202063706,0.0099928127129917,0.0068994177661155,0.0123666591010639
2021-01-29,-0.0173032122251181,-0.0317094920120372,-0.0191994491428727,-0.0331993152579913,-0.0211032209750627,-0.0075778163398275,-0.0168429134606334,-0.0236530175385472,-0.0170880312282747,-0.0125298005392149,-0.005433930216807
2021-02-01,0.0244805871023687,0.0331100358201006,0.0014398766240525,0.0081820554234779,0.0170200163555559,0.0012761940667469,0.0107186494931102,0.0245327038228228,0.0163644739296341,0.0249996709482087,0.0041614718476263
2021-02-02,0.0165641492531143,0.0316065761387154,0.0086082079798896,0.0112533889646791,0.0276764391665868,0.0043576281371832,0.0216277298632584,0.0112978345373092,0.0104279251831586,0.0020042522479034,0.0075949207743631
2021-02-03,0.0291640705584114,-0.0077547936519125,-0.0007833984963628,0.0416226727132461,0.0026853987129579,-0.0060338687094468,0.0018486490630185,-0.0034628457310016,0.0006512882763645,-0.0057424487783935,-0.0021827127520825
2021-02-04,0.0058115736923473,0.0070983001796577,0.0058662252481845,0.0114480544979588,0.027621010498505,0.0041315178113652,0.0115512408304077,0.0124284156663756,0.0039582658897874,0.0090314378820172,0.0072592200856965
2021-02-05,0.0119083732898328,0.0109877519483323,0.0089758898568467,0.0100097298221816,0.0002664552728043,0.0029775329720752,0.0046967620827807,-0.0010241678065735,0.0130736509155746,0.0019321930275989,0.0045024124287756
2021-02-08,0.0045001312847566,0.0079278297555536,0.0043452779858465,0.040483209796128,0.0099930835430866,0.0011800845946955,0.008658980575307,0.0110902473342493,0.0115333875743093,-0.0027641568360786,-0.0081626623438295
2021-02-09,0.0015926650576516,-0.0085925801451912,-0.0007728994197776,-0.009593877084419,-0.0002520919903596,0.0011301038828826,0.0029624910548144,-0.0007618345611622,-0.0097132775939491,0.0057071168884316,0.0004368592992951
2021-02-10,0.0093774409177879,-0.021277615527334,-0.0047190078832805,0.0195552048123892,-0.0001373488748664,0.0016958365789941,-0.0020469188347737,-0.0016784067934763,0.0014497006937492,0.0114932399818517,0.0045839053443624
2021-02-11,-0.0006458184938749,0.0027558334946032,-0.0025775495045354,-0.0136835128448124,0.0035315538092565,0.0025643155008849,-0.0011835949458946,0.0096038831924788,0.0034178847604135,0.0056283513305099,-0.0065750807441518
2021-02-12,0.0009019826533443,0.0006492386008007,0.0007038237096823,0.0137807083802125,0.007962955987838,0.0056916295649525,0.00606399295125,0.0039664873980367,0.0119208551025115,0.0025117704933755,-0.0078609425134675
2021-02-16,0.0048094227046024,-0.0078203999099599,7.416999314104614e-05,0.0246864160610046,0.0118682720594586,-0.010078359812433,-0.0003578518244591,-0.0053210323960275,-0.0058764834675992,-0.009780475925384,-0.0109270625775053
2021-02-17,0.0007191562800572,0.0007191196998953,0.0054324022638114,0.0163186961080369,-0.0005720418184516,0.0039911526022256,-0.0022104830594458,-0.0096809683930899,-0.0036154846449557,0.0022556674426795,0.001880752096379
2021-02-18,-0.0071962054247167,-0.004044799045014,-0.0053752065306569,-0.0234928071166353,-0.0025633094209274,-0.0068074767408655,-0.0045630033908827,-0.0057644986221276,-0.0097751449475672,0.0030936775365885,0.0076583654511551
2021-02-19,-0.0090720883476048,-0.001176957557974,-0.0132707760622451,0.0145183162906572,0.0046372406325319,-0.0112186777126509,0.0143505650878739,0.0016761328617956,0.0138386208127458,0.0023269128229797,-0.0159739333764827
2021-02-22,-0.0013933165203378,-0.0403395984325784,-0.0019662031539219,0.0319838674128854,0.0071057480674937,-0.0023560717586509,0.0001908818474033,-0.0265068432715897,0.001695739332455,0.0078337297435914,-0.0167205625544569
2021-02-23,0.0102161568443282,-0.0089593503954248,-0.0029271170846309,0.0133533283894314,0.006236975132688,-0.0017300064815875,0.0018543799912758,-0.0042494840849792,-0.0016743532378402,0.0001572738294775,0.0068709412505079
2021-02-24,0.0063035047738442,0.0394669212836559,-0.004792451309742,0.0373882094053894,0.0228753065554996,0.0062866309484611,0.0216831684532323,0.0113361229960221,0.0122395778269657,0.0110958181722668,-0.0111850766493853
2021-02-25,-0.0286592246338275,-0.0525907434687517,-0.0116388795937931,-0.0206651934123438,-0.021027957090478,-0.0089847561995,-0.0210146614849741,-0.0356131667003681,-0.0172060789630565,-0.0163025064242123,-0.0075549453320386
2021-02-26,0.0023571181219545,0.0050465535770142,-0.0133035587658854,-0.0231170995626501,-0.0123984443544524,-0.0072141074329949,-0.0092792574959763,0.0066089704666097,-0.0057478936910407,-0.0248582068524141,-0.0209465351269641
2021-03-01,0.0233485346694219,0.0312343934574494,0.0094371441474399,0.0286406401198105,0.0291430737573062,0.0118773597283623,0.0269952318040491,0.0327342416616071,0.0217141490712311,-0.0014189902940023,0.021915751986759
2021-03-02,-0.007161822829168,-0.0178438858456441,-0.0058297503838057,-0.0057808856012582,-0.0034264525089423,-0.0032478499146309,-0.0019976621823037,-0.0177758272357494,0.0021614704207149,-0.0080557444267813,-0.0023987861308907
2021-03-03,-0.0183086944650238,-0.0293964740020365,-0.008710584549985,0.0132080197535963,0.000254516431047,-0.0132507140114763,0.0005850649740238,-0.0266243691476419,-0.0089697468396738,-0.0078702676034736,-0.0109239257165533
2021-03-04,0.0019153350470202,-0.0313108184627468,-0.0033000489203959,0.0235639223971866,-0.0154423830753806,-0.0132480340180561,-0.0169146130489598,-0.021053638768881,-0.0185809203663573,-0.007788488796313,-0.0007185936219301
2021-03-05,0.0198221440797558,-0.0098169887430713,0.0197813634079659,0.0373794558863768,0.0181824158887384,0.0201069612846893,0.0245298385588875,0.0182860741643408,0.0236704073591802,0.0086240217698398,0.0169759484240117
2021-03-08,-0.0191822426767783,-0.019564950787352,0.0016344112478826,0.0026118350847516,0.0104112438627143,-0.0042862194012114,0.0075967147899215,-0.0306001713977649,0.0086473246235737,0.0050382418720808,0.015773050752823
2021-03-09,0.0120697498869096,0.0907430810142428,0.0023519367578741,-0.0165195062758799,-0.0016175912900057,0.0077653498838291,-0.0013018300833891,0.0393082917663399,0.003909562480204,0.0098350647120276,0.0128017493508563
2021-03-10,0.0002259211102677,0.003403387543256,0.0137415201546699,0.026816064995006,0.0160721816326127,0.0024282416312464,0.0165180222877475,-0.0067840563972283,0.015471375044665,0.0109434423017537,0.0075033260769241
2021-03-11,0.024870748787411,0.0266677784272217,-0.0012844824518711,2.4845884736106727e-05,0.0044903775748962,0.0074243079667498,0.0036131403572522,0.022948613944291,-0.0010063369170483,0.018256503480309,-0.004070356534082
2021-03-12,-0.0131291723235848,0.0007178510740941,0.0061759599225187,0.0027257840544991,0.0074845518140661,0.0018820831225995,0.0142177360376159,-0.0080449189386045,0.0029693905874728,0.0166156226245069,0.0129467064362567
2021-03-15,0.0067886306747337,0.0216144241708326,0.0028711549018791,-0.0115234859226456,-0.0020240212749488,0.0068586472664264,0.0063071413018313,0.013621330504724,-0.0001815929871922,0.0146146435661769,0.0134965632903519
2021-03-16,0.0091824845653186,-0.0261255989590434,0.0014911045310378,-0.0277840079878844,-0.0067017089790491,0.001096945356089,-0.0144309102490535,0.0083184104904585,-0.0111631145530302,0.0012061111319196,0.0012231139082356
2021-03-17,0.0032874140393406,0.0244880873676133,-0.0034729250762047,0.0095437473158398,0.0032942131025145,-0.0053031340078666,0.00986622869683,-0.0003090745471824,0.0070370244391995,0.0033038019385367,-0.0144079848758464
2021-03-18,-0.0196131710945096,-0.0426002620932429,-0.0075373185666715,-0.0457916658417905,-0.0048196833361006,-0.002756313419105,-0.0027497210790823,-0.0300543427319385,-0.0021546358383062,-0.0080006455088203,-0.0048707514173716
2021-03-19,0.0111445301968362,-0.002130666728529,0.0078479679704417,0.0003282659595334,-0.0165445466826801,0.0037597646807978,-0.0066090811848786,0.0022318375942358,-0.007346150803218,-0.011156529448851,0.0018672325860115
2021-03-22,0.005235892546039,0.0098080156705068,0.0122052739705381,-0.0092518189000172,-0.0066285475236952,0.0090709315667448,-0.000974993971247,0.0216613723459904,0.0023445439679823,0.0083815826188574,-0.0007236921338595
2021-03-23,-0.0036792085015183,-0.0162940459608016,0.0092570831169132,-0.01443601696228,-0.0106393470472957,-0.0100204969247948,-0.016934159561293,-0.0061911831518155,-0.0152577358448748,0.0028668030546712,0.0156018369190375
2021-03-24,-0.0192003757998389,-0.0285793976295445,-0.0044409483498442,0.0251447824397177,0.0022202670271483,-0.001053899424311,0.0057763371576944,-0.0151901460115782,0.0047888936662444,-0.0039141300485339,0.0010761178939833
2021-03-25,-0.0063228677903849,0.012038876791401,0.0095574949219888,0.0030217521209907,0.0108802083389791,0.0036731914992735,0.0164777473112095,-0.0005541877920152,0.0193236859103705,0.0067194450854681,0.0111318917646481
2021-03-26,-0.0043116876265597,-0.0065295099058946,0.0173269624149926,0.0264445071704626,0.0186609203277571,0.0203022430132983,0.0173952978657821,0.023885659637734,0.0167729088402775,0.0288305677359679,0.0039133409029613
2021-03-29,0.0083740954150284,-0.0064118532610959,0.0109726955212716,-0.0130135866020165,-0.0092874843820578,0.003255254950156,0.000784121950285,-0.0046420437095382,-0.0029316950329058,-0.0024222263896411,0.0096665820206608
2021-03-30,0.0014282533213459,0.0220042496275294,-0.0104247795668329,-0.0080913490144115,0.0021603867330529,-0.0085801529446276,0.0019915837018829,-0.0094293767205919,-0.0042185089251696,-0.0048412124504708,-0.0096515479736533
2021-03-31,0.0098324144090568,0.0185902219574672,-0.0035095160686403,-0.0083059071680107,-0.0058605736027806,0.0029040616908294,-0.0022503487581782,0.0178391773043571,-0.008414046776169,-0.0048309098343698,0.0065607112211966
2021-04-01,0.0223096180987799,-0.0006654962614018,-0.0011642299132013,0.024503407717858,0.016462590242062,-0.0018500180673392,0.0037285368071525,0.0206906620621106,0.0092011842789354,0.0153617830829712,-0.0009076172687111
2021-04-05,0.0228113961201003,0.0285989866377683,0.0157017176680102,-0.0215059077570813,0.0083752331267762,0.0065164734390287,0.0140072908298541,0.0214374388836845,0.0077250036368953,0.0050343661189505,0.0112723264514968
2021-04-06,-0.0002044791960845,0.0085958557248711,0.0027378487697579,-0.002000906254779,-0.0008265120208036,-0.0040496359251522,-0.0042407791060591,-0.0037602132415654,0.0071942521800388,0.0032988944672522,0.0041049245673999
2021-04-07,0.0082937662816631,-0.0167574244738076,-0.0011913283318773,0.0038660314928501,0.00438047674395,-0.0021232730295332,-0.0051350681596362,0.0057647795794951,-0.0146875743248246,0.0051858775684534,-0.0011991739798638
2021-04-08,0.0041157565130955,0.0059102459210949,0.0008409646951787,-0.0133879401055637,0.0047519228891841,0.0013246644169737,0.0024965692659647,0.014168674457169,5.730550610401131e-05,-0.0058456624594514,-0.001452631404438
2021-04-09,0.0036720580428137,-8.003566205926005e-05,-0.0012803633940007,-0.0049002198267098,0.0078159499300747,0.0125039628005191,0.0079365662961229,0.0104332384954935,0.0122044073059827,-0.0018072506294585,-0.0004765612922113
2021-04-12,-0.0095775720157788,0.013391290690624,0.0038135301365578,-0.0087710956488757,0.0029501775922903,0.000196739462917,0.0026052756582645,-0.0058238110392778,0.0054217431001287,0.0067432902514246,0.0006003342083351
2021-04-13,0.0010905835859739,0.0333280375052118,-0.0031641818653201,0.0013185776202358,-0.0062335874806099,0.0058896460316862,-0.0033192383653729,0.0109338902492741,-0.0044026251236804,0.0038593616204136,0.0119807312690015
2021-04-14,-0.0101474336209512,-0.0170003331486472,-0.0017338912751386,0.0290308798151973,0.0042362050404021,0.0001068385384137,0.0005783761653992,-0.0127392939611171,0.0028866163907102,-0.0074495693517821,0.0039452046405669
2021-04-15,0.0109039784907506,0.0049275286096909,0.0083404032288949,-0.008059170915257,0.0039623641754388,0.0174379855612279,0.0038001196791336,0.0171996424819542,0.0108759976576943,0.0198594718279816,0.0112380294697473
2021-04-16,-0.0014158243261515,0.0055123574605451,0.0063343786038339,-0.0084179486864544,0.0037245489537773,0.0083216828480702,0.0013843124595844,-0.0001106179393554,0.0176106503722916,0.0031051743573572,0.0072048545997745
2021-04-19,-0.0016909118539053,-0.0189991065680599,-0.0018627019513391,-0.0002364753573647,-0.0030927397203258,-0.0009329271141039,-0.0045259963154453,-0.0095673812888693,-0.0021788868612795,0.0003480351251847,-0.0053284469212108
2021-04-20,-0.0074694648980742,-0.0107867060065744,0.0065881200974052,-0.0271195738817743,-0.0170043697855472,0.0044070221431264,-0.012261916781264,-0.0080543820006721,-0.0076037468783421,0.0124227736385889,0.0131884600845813
2021-04-21,-0.0021896311804059,0.0220297096562929,0.0031101386736009,0.0145459120927166,0.0133568909168711,0.0121194223043184,0.0129979239409506,0.0099860760542896,0.017528875921227,0.0062869719550071,-0.0095813965427927
2021-04-22,-0.0081511870522765,-0.0136797872309179,-0.0070027608213529,-0.0130348313203155,-0.0078412327186837,-0.0049295555385545,-0.0057979204336788,-0.0130785558346042,-0.0137216355321333,-0.0032618294845496,-0.0073098763382425
2021-04-23,0.0128176489828119,0.012863215325265,-0.0028846791321903,0.0101050729523706,0.0175201732720772,0.0071122336099019,0.0117617223084529,0.0140051654413169,0.0171538138131924,0.0065519140145242,-0.0014414140647476
2021-04-26,0.0049704237477734,0.0057730317408125,-0.0134052706217467,0.007197028283574,0.0046235402229624,-0.00335981370379,-0.0016754535994124,0.0058249819611524,0.0023725761319045,0.0023224882838297,-0.006022693821726
2021-04-27,-0.0045992067465608,-0.0130557273458472,-0.0004774935024513,0.0115218937544332,0.0056656735606011,-0.004453621068682,0.0104814743709825,-0.0022848057592904,-0.0069713489698732,-8.731249101343417e-05,-0.0072169833840999
2021-04-28,0.0136928262115683,-0.0081872291874765,-0.0004820947008594,0.0324398221006976,0.0056863200832227,-0.0039148766166926,-0.0048153409959644,-0.0128652102189416,0.0074566230245821,-0.0037231134580613,-0.0011658387353597
2021-04-29,0.0260296993779347,-0.009219529225166,0.0126768517731499,0.0104111528685017,0.0129581898058648,-0.0034112101199025,0.0074632996463501,-0.0003749214934691,0.0094393145456756,0.0054381479255726,0.0091652809465028
2021-04-30,-0.0067382766397723,0.0186022040532374,-0.0005547215881883,-0.0266490739402663,-0.0107752462207865,-0.0025651275901175,-0.0068576964915265,-0.0132355142818335,-0.0093943080684584,0.0040824693539645,0.0093238158740839
2021-05-03,-0.0074521411473818,-0.0133038439815115,0.0090801368246082,0.0289029512404228,0.00133746533904,0.0126784931793297,0.0107808508891498,-0.0024037805490577,0.0131770684524041,-0.0017598907030091,0.0003229154502267
2021-05-04,-0.0120900624899098,-0.0137613786128625,-0.0043077415625895,6.648001437823688e-05,0.0019607678545717,-9.513898621201926e-05,0.0027646188382948,-0.019291813880602,0.0138519293592787,-0.0106930635389233,-0.0035441016943571
2021-05-05,-0.0032087871421175,-0.0023562237619766,-0.00259758301889,0.033526547692792,0.0032508293516499,0.0017663648464513,0.0004101502535775,-1.3126722361611036e-06,0.0059680435955624,-0.0142528544905347,-0.0177352833721532
2021-05-06,0.007652370316431,-0.0092454960260985,0.0109939660788024,0.0030514732070356,0.0126439702168308,0.0010377396894357,0.0062126176551398,0.0090560089637566,0.0062338016602267,0.0019141024142688,0.0083400727033299
2021-05-07,0.0072168595245662,0.013310609334844,-0.0017598381668648,0.0217567423219701,0.0051689129188366,0.0067442949472392,0.0111760294211544,0.0094752305878352,0.0071083614009674,0.0126655598618506,0.0027490343288861
2021-05-10,-0.0225387996306307,-0.0322023463751225,0.0059904939289773,-0.000394428343214,-0.0089126386362827,0.0002601639032727,-0.001610957275802,-0.0255302128131877,-0.0089414883087726,0.0027916722871821,0.0096206692133831
2021-05-11,-0.0055968824211358,-0.0153088965723812,-0.0093129824442331,-0.0241808830037559,-0.010574683856983,-0.0091816071869729,-0.0131272239966525,-0.0020818159545278,-0.0028770229984309,-0.0125074912303273,-0.0109611520667673
2021-05-12,-0.020686667490813,-0.0373161337637116,-0.0145592653218724,0.0039812512408069,-0.0172457517474886,-0.0103923426721626,-0.0247928987556405,-0.0294572418803978,-0.0228037882253736,-0.024823198722929,-0.0234404058359533
2021-05-13,0.0068021446796217,-0.0071660374192155,0.0136995641388859,-0.0125656022156212,0.0175543204481363,0.0094883476814491,0.019150748108414,0.0129721556465583,0.0174263355263733,0.0092574952126537,0.0196549997040391
2021-05-14,0.0161677625272689,0.0267842684785308,0.0056884394619455,0.0312896154015706,0.0158510657997565,0.0045922601033666,0.014785097621513,0.0232775269184054,0.0108467176005974,0.013204398900122,0.0041560368894433
2021-05-17,-0.0041448640303022,-0.0128725718986791,-0.0028873541026183,0.0229791049110965,9.4140586707343e-05,-0.0018220864810376,-0.0026283797340733,-0.0071615024988469,-0.0007820954784042,-4.8873818528378645e-06,-0.0083125071795184
2021-05-18,-0.0091187966931524,-0.0008629021051518,-0.0004923264000039,-0.0241460876428997,-0.0113611254228519,0.0007535560545903,-0.0132629316297989,-0.0079317520256768,-0.0107962050041003,0.0015430955664165,0.0001761355107595
2021-05-19,0.0035771512321439,-0.014253396240396,0.0015053767098189,-0.0252343723547172,-0.0052995510203875,-0.0015883181945273,-0.0054983616206312,0.0049293004047801,-0.0125633357532652,-0.0040061769180017,-0.0018850572088602
2021-05-20,0.0131885497300805,0.0219539943041473,0.0092966115919179,0.0003489957336749,0.005238205796321,0.0111077893093747,0.0048771253924957,0.0192641698181094,-0.0013146971177746,0.0129033461275602,0.0077590249638851
2021-05-21,-0.0034983122961374,-0.0051970857828144,-0.0007918264433885,0.0024994300142818,0.0071557560829547,-0.0007371943269548,0.0050900251458582,-0.005163513060802,0.008550833929148,-0.002562617909417,0.0052209971981512
2021-05-24,0.0189160650391902,0.0235058740637501,0.0024468740379157,0.0090379438480233,0.0066793284875609,0.0015759707780679,0.0066569178617842,0.018027979581888,0.0014163842726108,0.0140948875593327,-0.0017748556019522
2021-05-25,0.002615262001483,0.0001296678734595,0.0016218402502995,-0.0207774420262656,-0.0078598749942054,-0.0030678420492482,-0.002202584926518,0.0014095565275186,-0.0075300654516067,0.0041167315641924,-0.0130724441929974
2021-05-26,0.0051839342865582,0.017456029124847,0.0001950925001171,0.0087854997614808,0.0011229305126325,-0.0055098833488037,0.0037568360764675,0.0012819101856077,0.0080828583071378,0.0038040171862383,-0.0001574126980992
2021-05-27,0.0017045456688347,0.0148712369390629,-0.0054469081191518,-0.0005790567887701,0.0088013137747413,-0.0019054138900319,0.0138721954718807,-0.0051316213217658,0.0075021939124461,-0.0032037020601037,-0.0067102985401571
2021-05-28,-0.0030971677412932,-0.0054868960394244,-5.393835175803262e-05,0.0012386264399627,0.00040382471941,0.0036508010740367,-0.0008416342657441,0.0031835228540883,-0.0019262864985849,0.0064333417607235,0.005090793452116
2021-06-01,0.0031021901850533,0.0002771992152948,-0.0040480781589606,0.0395713162372056,0.0037903027879282,-0.0171784995026581,0.0048319891211033,-0.0043131781364151,0.0075332922737349,0.0189231560354401,-0.0058463346949272
2021-06-02,-0.0029877978253566,-0.0120430709388003,0.0040637606039061,0.016195483226985,0.0047054981519513,-0.0011566577886162,-0.0010081989096139,0.0052533435319253,-0.0040441521077497,0.0168125173212439,0.0056439197259819
2021-06-03,-0.0082841684811705,-0.0264128916752143,0.0057567858544117,0.0022970220677949,-0.0010366134601264,0.0043652049924534,-0.003535523925263,-0.0097035312398883,0.0026936833512029,-0.0056037429747549,0.0060672628718912
2021-06-04,0.012510472727398,0.0226695316343317,0.003751747028128,0.0066414496043696,0.0040042806044486,0.004111043554554,0.0040192137476616,0.0199363538369405,0.0040351751429224,0.0014632081245743,-0.0015154960074299
2021-06-07,0.0063873268044121,0.0030623779937727,-0.0040333997745656,-0.0029359573011622,-0.0055656745901267,0.0050733840670119,-0.0048989474314974,0.0015142006385305,-0.0093332521409726,0.0086257617344089,0.0011792680182782
2021-06-08,-0.0037694292354614,0.0006731368341434,-0.0070862647405782,0.0097520400582422,-0.0001128395562631,-0.0038958261759541,0.002458431807485,-0.0006649140905561,0.002798546925922,0.001962885005846,-0.0097977780212066
2021-06-09,-0.0011312126694299,-0.0088410218048106,-0.0052940161800625,-0.0056794002575727,-0.0085049877375713,0.0107096286078748,-0.0100193547326897,0.0007277664248017,-0.0064578350642741,0.0040209770583487,0.0088312206328584
2021-06-10,0.0067045173804709,0.0065919504107176,0.0058638926688701,1.6478888332888844e-05,-0.0051215457168838,0.0165997164199468,-0.0025915150936803,0.0077896165338521,-0.0021568671796027,0.0079215845733798,0.0071767377215131
2021-06-11,-0.0004660532081796,0.0044233871200503,0.002023640123614,-0.0025926038995026,0.0062248469352656,-0.0076639942350674,0.0017617192960114,0.0059475642655417,0.0001665401109174,-0.0055912017271134,0.0021223748880945
2021-06-14,0.0083312951223457,0.0013195842872474,-0.0001158406358974,-0.004340004476279,-0.0064017794676567,0.0009746037287408,-0.0042591232764025,0.0119544466838507,-0.0118285823973476,0.0073428132774293,0.0020118479263806
2021-06-15,-0.0061028043783938,-0.0123932637753238,-0.0025839623842591,0.0212570842239754,0.0014430145394053,-0.0008735580205613,0.0051914952162944,-0.0072899278499035,0.0012819341610233,-0.0072013302079776,0.0028388084458624
2021-06-16,-0.0054748743354242,0.0027972104560789,-0.0129000826686603,-0.0034353848618107,-0.0035152214857055,-0.0034732867691853,-0.0098362872997317,-0.0042498097628139,-0.0126340826487313,-0.0102168516607302,-0.0151043407890207
2021-06-17,0.0065077313808327,0.0048578115874456,0.0059480671430264,-0.0352300351112589,-0.0178293094968665,0.0082663434454732,-0.0145994596059148,0.011578911157754,-0.0161554929065533,0.0039148527727223,0.0041163990032756
2021-06-18,-0.0097664500480501,-0.0014575488419628,-0.0153261910560022,-0.0297738922400949,-0.0186902595738374,-0.0123873305078727,-0.012401599327069,-0.0107228005119331,-0.0159087444568995,-0.0184761570706836,-0.02462889463811
2021-06-21,0.0077754102736509,0.0067409597540698,0.0089549503235685,0.0423157603208446,0.0215798495315013,0.013318140251421,0.0221565772799209,0.0105107075196128,0.0198989497461112,0.0197685740569145,0.0127623960099567
2021-06-22,0.0081070988379571,0.0042328321134427,0.0034152549391966,0.0066696368898375,0.003302408703529,0.002735440498025,0.0010240466417353,0.0087548667210724,0.001027109939036,-0.0020066514356626,-0.0062865324069751
2021-06-23,0.0018152441130566,0.0231035632072124,-0.006459028915261,0.0028947821027337,0.0021098555747354,-0.0051698949274368,-0.0022441050507544,-0.0007543695893235,-0.0040818901137734,0.000529380259257,-0.0101973588332882
2021-06-24,0.0076834788452112,0.0151055559902449,0.004178321479542,0.0090776408708539,0.0113516685998389,0.0066359030588429,0.0073674701232899,0.0066576290761653,0.0009552124873581,-0.0035874217550818,-0.000936464677341
2021-06-25,0.0002180175564691,0.0098914076501854,0.0091391917048003,0.00458727484004,0.0101855123044724,0.004107863121466,0.0023004633986386,-0.001931051687796,0.0057081817521772,0.0077652046739388,0.0118396555946589
2021-06-28,0.0078389268309457,0.0019574536821159,0.0012617229045338,-0.0323248451289536,-0.0090237986091724,0.0017531017455391,-0.0061391759640854,0.0145432152329366,-0.0045797742348079,0.0018709467226492,0.005766073308582
2021-06-29,-0.0061842028058538,-0.0041979053583438,-0.0026721264240342,-0.0047137708161618,-0.0019838620235308,0.0016448140566846,-0.0025186844810935,0.0073074707711931,-0.0005001400614798,0.0010818180035504,-0.0171063105873356
2021-06-30,-0.0042477903050225,0.0022920022432656,0.007120844732715,0.013111957264425,0.0007390526395088,-3.202212444742883e-05,0.0076351924313295,-0.0006974285033472,0.0037495486062002,-0.0086764881186691,-0.0008431141464023
2021-07-01,0.0090006256145821,0.0051634129645286,-0.0024002845009399,0.0168681495898229,0.0072537807416805,0.0092568332474471,0.0063004063316024,-0.0003524550330275,0.0106001074589796,0.0047671305096575,0.01113387160708
2021-07-02,0.0093593022711656,0.0040900752926958,0.0043448783133346,-0.0023563806262511,0.0024469123822623,0.0083345705713255,0.002533788549877,0.0143979523791702,0.0007072487746261,0.0060646228943646,0.0009159664493463
2021-07-06,0.0004136278092899,-0.0168802792013531,-0.001479539007857,-0.031649842534714,-0.0106324742518242,-0.0009229779401083,-0.007985432470176,0.0047325342302597,-0.0136192840846362,0.0076370947205575,0.0047904205469828
2021-07-07,-0.0026498529808149,-0.0107932286298331,0.0060388380370425,-0.0169855481462353,0.0007008589744419,0.0049295955826243,0.0091239192096855,0.0044312270773855,0.0079891946111816,0.0033499411746055,0.00523776958361
2021-07-08,-0.0089546579612808,-0.0002148985702231,-0.0023533917069505,-0.0037711895014364,-0.0176672343225942,-0.0032003091716835,-0.0122433746615687,-0.0087057374884763,-0.0103441409819202,-0.0010505943459437,-0.0022743541711686
2021-07-09,0.0089436768419869,0.0133883337035601,0.0040248625036959,0.0211750740171424,0.0235493658678281,0.0031704453587479,0.0149418584432467,0.0095557572642316,0.0125550679153874,0.0133535709404325,0.0015944209538472
2021-07-12,0.0105594074122499,0.0180289939296666,-0.000378464916426,-0.000992136045264,0.0094115967553677,0.0018829376849058,0.0008578252004556,6.569280736207111e-05,0.0101670043926981,0.0078970727439087,0.0022188734703564
2021-07-13,0.0001654229832336,-0.015604729831987,0.0023669714061725,-0.0068916250602357,-0.0059165874593656,-0.0013655646671038,-0.0108457216179698,0.0031198865223426,-0.0077874455489542,-0.0110850778588197,-0.0072841805891242
2021-07-14,0.0007271329722987,-0.0104927655027079,0.0089330445088926,-0.0292994163689415,-0.0014939429218099,0.0003772147230257,-0.0026817436167171,0.0057651577621084,-0.0020919529264514,0.0100032915854651,0.0082316589546311
2021-07-15,-0.006230098834738,-0.0059588116916932,0.005145874223138,-0.0134181492713712,0.0036521824409035,-0.0012752079183968,0.0011714850628374,-0.0105082658501277,4.149479547613314e-05,0.0012216754140216,0.0122678934858926
2021-07-16,-0.0061655095735233,-0.0130846026521812,0.0016445495401727,-0.0277419834917194,-0.0118156374536852,0.0047384666569534,-0.0082423155083266,-0.0103191944207627,-0.0116329977198611,0.0036536874232983,0.0095144345313628
2021-07-19,-0.0159735668146718,-0.0110799535377283,-0.0022740068024255,-0.0356834871769743,-0.0292059925083432,-0.0090688310862263,-0.0210313511982545,-0.0097807326631308,-0.0197950317003081,-0.0212245158929402,-0.0167390687521112
2021-07-20,0.0118639590760758,0.0249656251605742,0.0023555591565391,0.0154724889303499,0.0224673174582954,0.0095522306453511,0.0266311084731211,0.0145478421276905,0.0094268220134779,0.0247950675384495,0.0041509903996843
2021-07-21,0.007542136827375,0.00992755220842,-0.0033056668553774,0.0352720793415051,0.0157773629823281,0.0024480992955753,0.0103541585365972,0.0103764637895901,0.0035666077181016,-0.0016868392545207,-0.0108826885970103
2021-07-22,0.004437244273377,-0.0012924819812434,-0.0003773421825468,-0.0107920125549556,-0.006213520485089,0.0069205957935642,-0.003278359218877,0.0077013966298829,0.0020148195722015,-0.010603188673534,0.0016509649192488
2021-07-23,0.0296600318119226,0.0016025343361193,0.0131247700647695,-0.0033067043130806,0.0064143268344841,0.0120853504020001,0.0046317925759835,0.0072737019389888,0.0097918245547897,0.0073347203843106,0.0121738782457399
2021-07-26,0.0087025774375804,0.012532832706915,0.0009492395926611,0.0251237485583783,0.0046612254818481,-0.0061653434137769,0.0003276747810469,2.0132044668309134e-05,0.0087015521865275,0.000245343020135,-0.0013583369369984
2021-07-27,-0.0105999882548117,-0.0086865040376483,-3.0332314899565367e-05,-0.0107986057624607,-0.0010595905396705,0.0044560486619655,-0.006378021250076,-0.011393377149672,-0.0018343012976195,0.0063811294563741,0.0174108073892561
2021-07-28,0.0101459902015926,-0.0019720545300302,-0.0085461048503106,0.0092179027238662,-0.0035902365585037,0.004200323858738,-0.0017843093476772,0.0014457161618403,0.0010907635484674,-0.0066957759038852,-0.0066186271478303
2021-07-29,-0.0103058659489231,0.0257965813224976,0.0045307616991204,0.0071153323355766,0.0070189154509955,0.0018822586857115,0.0071658239461312,0.0067287392996778,0.0069127873558381,0.0017251466550863,0.0018624995074206
2021-07-30,-0.0072716575372831,0.0010642001178464,0.0018151215444436,-0.0168750085574205,-0.0078013752355363,0.0004432090275559,-0.003071384630498,0.0001566683177784,0.0010056899281249,-2.4235862735767915e-05,-0.0088579882015856
2021-08-02,-0.0018999321485021,0.0122844157467774,-0.0038499447095245,-0.006606816200564,-0.0082655239148659,0.0017184551872351,-0.0066022329030489,0.0009318373782996,-0.005018162747735,-0.001201623685831,0.0077736529911119
2021-08-03,-0.0019460496914813,0.0003535662204345,0.006176960060552,0.0161441873685175,0.0045518294387089,0.0142647029012339,0.0142359236390309,0.0097679846887884,0.0106049915335702,0.004820294025095,0.0053954639040614
2021-08-04,0.0041285137279987,-0.0075296813617214,-0.0118556288690279,-0.0275595359670543,-0.0044148584241571,-0.0044770828959072,-0.0122506127795364,0.0028075941808433,-0.0130293633516058,-0.0044065237476098,-0.0022329057644273
2021-08-05,0.0106487465113202,0.0137417645782187,0.0064666795463551,0.0124023160214847,0.0131360085533614,-0.0035846519902022,0.0048610866887403,0.0038668975656764,-0.0004624412083558,0.0086051750321353,0.0083681211593253
2021-08-06,0.0002033395571798,-0.0103861895697058,0.0004173750262555,0.0098383078650275,0.0158681652079069,-0.0006326261737497,0.0048604200756895,-0.0026627410444647,0.0174545164561537,-0.0032476309422885,0.0002648927847741
2021-08-09,0.0003292512771789,0.0032784922424321,0.0039820493090348,-0.01362709257184,0.0002605623899766,0.0029529242814574,-0.0035338230604939,-0.002247679918699,0.0061092854005039,-0.0059896078278685,-8.95939545979912e-05
2021-08-10,-0.0006081505665672,0.0001747718516739,0.0064012621892341,0.0169678001982449,0.0049144133051989,-0.0017173553488368,0.0085652677897166,-0.0077163109424439,0.0123386268637268,-0.0123459040883354,0.0025008190582299
2021-08-11,-0.0008923811630613,0.0013207370297038,0.0037330003952964,0.0070632847641341,0.0068253562834658,-0.008348264077849,0.0119305414083842,-0.0001207425423474,0.0115247601085029,0.0054432071735432,0.0099158685400977
2021-08-12,0.0040055259988656,0.0068766434188889,-0.0015252156052819,-0.0008320102049306,-0.0004344881687865,0.0074702342858573,-0.0021271556018888,0.0082607270281177,-0.0016594960096278,0.0031141026510069,0.0005054870621813
2021-08-13,0.0022857269091078,-0.0034929460728572,0.0064526755489207,-0.0129983281781237,-0.0038954599075774,0.0061097449841441,-0.0034419912304757,0.0059035977660906,0.0046349560530253,0.0093416730744427,0.0058554445024374
2021-08-16,0.0015782285593601,-0.0197347744478729,0.0071709372645013,-0.0183139237237432,-0.0004402146107735,0.011760268649089,0.0032569567592224,0.0031915673833307,-0.0055355256131256,-0.0016609895567613,0.0068987665316826
2021-08-17,-0.0125093697792697,-0.0223796172481351,-0.0027744798559031,-0.0080812147263127,-0.0091118980656115,0.0116828306407589,-0.0109174361246693,-0.0089964741715355,-0.0114408287938143,0.0025877819693937,0.0007373435095491
2021-08-18,-0.0052636574762797,0.0121226171239869,-0.0138125871408023,-0.0217559381650536,-0.0112102749174972,-0.0145970748484724,-0.0110098660856462,-0.0135503263728287,-0.0080727646945987,-0.010848381788481,-0.0042515819053465
2021-08-19,0.0025590589448284,-0.0162809481931176,0.0101059349293129,-0.0271496199276484,-0.0070666812218587,0.0062058258056103,-0.0071549880956005,0.0112889090280627,-0.0093530054072942,0.0081312421738035,0.0030620152401774
2021-08-20,0.0101802563834028,0.0086580632063481,0.0032477005836404,0.0028312005874721,0.0059395798663038,0.0044480838975832,0.0043612448381959,0.0144079621874691,0.0089654616182576,0.0037476348341462,0.0123205942775506
2021-08-23,0.0134963490925796,0.02281517829433,-0.0039239399345638,0.0384664639734939,0.0102329538444192,0.0003218854784336,0.007723492223986,0.0134712159645526,0.0040294329871781,-0.0063177398531947,-0.0140651234247548
2021-08-24,0.0070826929247749,0.01196142570972,-0.008324912909584,0.0165512085466081,0.0064166504488563,-0.0029914099147174,0.0047262014287728,0.0001877058123772,0.0059254543707886,-0.0050795855355346,-0.0060195422247857
2021-08-25,0.0035489897240208,0.0052062026457268,-0.0012884763994073,0.0076147017202429,0.0080065237559256,-0.0031765616842522,0.0047999533173478,0.0003724770094336,0.0053212858503926,-9.176077918604136e-05,0.0019107543535425
2021-08-26,-0.006211086752826,-0.0145092370285984,-0.00784018529932,-0.0149255677278981,-0.0065896061051798,-0.0038671441994218,-0.0058228350079037,-0.004423771314517,-0.0062652070912469,-0.0016551847682688,-0.0030225839350705
2021-08-27,0.0171916798336244,0.0129229666326372,0.0011510248235007,0.0267546296018675,0.0131012702441013,-0.0013763573730678,0.0081246361277202,0.0103178780646315,0.0099897087198112,0.0095722658404149,9.013936698901128e-05
2021-08-30,0.0067306873296041,0.0086070328586259,0.0055354760984968,-0.0117827273308028,-0.0104358905974819,0.0064087178838082,-0.0024157606103146,0.0116616225676484,-0.0023120595706928,0.0101250266084974,0.0017509180448326
2021-08-31,0.0022852734472879,0.0026076686901378,0.0006626779206176,-0.0074492225185713,-0.0018645034304949,-0.0010559523973291,-0.0016674599528722,-0.005166692448009,-0.0016596381466437,0.0073776114537347,-0.0007443756621118
2021-09-01,0.004022813873279,-0.0010500034912321,0.0045020596835852,-0.014603060838469,-0.0031884889651697,-0.0005775433725521,-0.0041496691448554,-0.0003460477038193,-0.0034599321621429,0.014026305267159,0.0130315381867305
2021-09-02,-0.0081882146790377,-0.0013569315204266,0.0017717625232649,0.0257394302375467,-0.0023951343523679,0.0106893366704063,0.0089590155047274,0.0018667486345763,0.0073761139770227,0.003083065407964,0.0083204660093189
2021-09-03,0.0020913136408024,-0.0026392460751497,-0.0008527256356926,-0.0053872407396769,-0.0029648539398629,0.0009799246677702,-0.0068878659570228,0.0042722560920279,-0.0078846774370289,-0.0016074768795702,-0.00836252070405
2021-09-07,0.0099838201568937,0.0120695519773932,-0.0121564548353703,-0.0069913137925902,-0.0018193834657718,-0.0061879659216733,-0.015357501577758,-0.001140589038065,-0.010254697563296,-0.0132471241811123,-0.0131611057865415
2021-09-08,-0.00552186363902,-0.000649164679306,0.0105938651307058,-0.0120004535594925,-0.0004216828149346,-0.0011565267117376,0.0011806788482228,-0.0057343411282748,-0.004301289483319,0.0088712718048677,0.0175255768874438
2021-09-09,-0.000676337248751,0.0048323909171847,-0.0067071190143256,0.0002023126727823,0.0019219741281409,-0.0131275801838728,-0.0035338793381492,-0.003974195702317,0.0005754021153359,-0.0168640585683043,-0.0047456398994171
2021-09-10,-0.0091479547232014,-0.0109072921629499,-0.0030366261349221,-0.0003965092673457,-0.0085592220796223,-0.0093938177003464,-0.0050612634505911,-0.0083183090039257,-0.0004323051685119,-0.0134490691523068,-0.013592453081484
2021-09-13,0.0033793411308626,0.0045140005904795,0.0016064648888826,0.0284946858599313,0.0078778546998679,-0.0047078276032879,0.0023300623431038,0.0012291474205709,-0.0013324863308876,0.0106862477940013,-0.0008493646828786
2021-09-14,-0.0035210337253249,-0.0026381474318853,-0.0034413103980937,-0.0152912766365054,-0.0115588721012768,-0.0008798354023379,-0.0114422367625755,-0.0006917688945573,-0.0119899163438597,0.0001737223160697,-0.004902581704872
2021-09-15,0.0064363516542011,0.0076423520376889,0.0013537696843962,0.0386418965110177,0.0092568674469787,0.0071444259848377,0.0111225028634598,0.009750280643631,0.0072379396584972,0.0010890551214197,-0.0006643955182652
2021-09-16,-0.0030519980999718,0.0026899163187291,-0.0002161913381512,-0.0111561958256231,-0.0006501128426733,-0.003161428249403,-0.0064421817803361,0.001064858818567,-0.0016646763414076,0.0032137750948636,-0.008741041392887
2021-09-17,-0.0140017278793687,-0.0006048240217917,-0.0047490852505844,-0.0073403229826885,-0.0072155391486411,0.0013058885233237,-0.0096286894887337,-0.0151101741816573,-0.0229918177082424,-0.0116872159554368,-0.0152030598215444
2021-09-20,-0.0177506908912283,-0.0253711565514478,-0.0110167404750899,-0.02944914063553,-0.0223614399835648,-0.0091915335847565,-0.0105126018554051,-0.0197991205169025,-0.0118876239325552,-0.0055200303863593,-0.0022359229757756
2021-09-21,-0.0024213326610678,0.0062499755006453,-0.0013239260881015,0.0039465526084235,-0.0012458460684567,0.0012196978464638,-0.0067153020897775,0.0012800562465381,-0.0038312865914165,0.0013133943386053,-0.0013964601478433
2021-09-22,-0.0017405880878138,0.0173952635665475,0.0023610772453097,0.0316824851198498,0.0159189427450647,7.486753442128686e-05,0.0099167871779614,0.0143613726910432,0.0095231940651358,0.0062278090344478,-0.0003114321788489
2021-09-23,0.0068341274413446,0.011616917091714,0.0016625644014685,0.0337746615679594,0.0257003900208764,0.0083029572579057,0.0148599124289823,0.0117753457045292,0.0145792982899097,-0.0054186455403888,-0.0040113116380584
2021-09-24,0.0083933756740508,0.0085177513152443,0.0013829106828771,0.0073442349704891,0.0058445659681725,-0.0038598677309013,0.0022820990107977,-0.0001255921783426,-0.0002787426202609,-0.016711748841737,-0.0007500518129319
2021-09-27,-0.0006264462825054,0.0111116637709683,-0.0075460497958947,0.0356968249411906,0.0080959834722925,-0.0130349775902093,0.0013436899489026,-0.0103122066109127,0.000840326705093,-0.0151355188504851,-0.0112655135162653
2021-09-28,-0.0299385008832805,-0.0168469006686448,-0.0125374584854887,0.0040830027419994,-0.0180948877100953,-0.0159351573857651,-0.0122243151561265,-0.0310438884344453,-0.0173066979025205,-0.0083545503684554,-0.0122438578042718
2021-09-29,-0.0052023027684308,0.0011384633539732,0.0094092286588289,-0.0016167438000404,0.0008306737066951,0.0086558062805245,0.002632937856433,-0.0017206381128511,0.0017401928334025,0.008786867968206,0.0127585577673298
2021-09-30,-0.0035139097915924,-0.0114803544434145,-0.0136484363249742,-0.0145233530567886,-0.0149751292770813,-0.0116487953944784,-0.0184525660847148,-0.0062715250291234,-0.0146646973513217,-0.016464779344789,-0.0075363627510936
2021-10-01,0.0178331000033081,0.0095526001456685,-0.0010011961542577,0.0311534412601081,0.0186300879801141,0.0002845180228441,0.0142684032781177,0.0128299757659797,0.0231661106597246,0.0122540231796512,-0.0002481928807624
2021-10-04,-0.0235576497752353,-0.0008619916348304,-0.0067169564773399,0.0167278456945253,-0.0145734661204354,-0.0150176925934854,-0.0050139925938774,-0.0226756736908323,-0.0046177645170008,0.0014796305813255,0.0143628423203551
2021-10-05,0.0181394406348437,0.0023103636486544,0.0061563338977314,0.0057336721558705,0.0156938945919436,0.0062121019047549,0.0116857321341665,0.0161843965569508,0.01394179737559,-0.0095106479098973,-0.0024363520562437
2021-10-06,0.0064195581231901,0.0018929070554133,0.0109134209650097,-0.011529409659664,0.0034421603073527,-0.0025859172810262,0.0052599342891909,0.0066193701563426,-0.0014867358779695,0.0130804997056157,0.0162853545841334
2021-10-07,0.0038609196437267,0.0131772886404838,0.0064003577758376,0.0068626761559748,0.0074408604863335,0.0125100248275434,0.0082131155911112,0.0090901935095857,0.0088750745565996,-0.0015079677900734,-0.0049866585027876
2021-10-08,0.0019416764833777,-0.0054111068156297,-0.0017579861301693,0.0286851077386045,0.0034029631808217,-0.0050259808007062,0.0001503720887732,-0.0036629780337504,-0.0061510116307842,-0.0111698194409332,-0.0071808467686608
2021-10-11,-0.0096946364753888,8.443428821556193e-05,-0.0007574878375609,-0.0039714530166035,-0.0129980979179839,-0.0071191528616443,-0.0066667004859622,-0.0023119191435017,-0.0004877521191633,0.0005519014080285,-0.0148897482001161
2021-10-12,-0.0092878145890901,0.0134941009191648,-0.0001330939606271,0.0001385133666479,-0.00177224574802,-0.0045740217065151,-0.0032495189105047,-0.0049386321777912,0.0027766408394842,0.01044200502064,0.0072069632893325
2021-10-13,0.0058153119483028,0.0028527324250816,0.0010746148661491,-0.0004901563682284,-0.0051256604949808,0.001234673419933,0.0024202025411766,0.0075020245595003,0.0015200954242737,0.0019456666541883,0.0128840413739107
2021-10-14,0.0155478572620578,0.0084681134819807,0.0102919602344383,0.0136032264237724,0.0181143097339539,0.0151048255372167,0.0184233691354465,0.0224141666643042,0.0201648077800738,0.0108378286626637,0.0123357905309627
2021-10-15,-0.0014640190232092,0.013414754100571,0.0006767018624781,0.0053764253327453,0.0172001009578998,0.0041577296998025,0.0090589264023214,0.0056005892302724,9.255758523488818e-05,-0.0006591235499331,-0.0009667058600817
2021-10-18,0.0098286094517778,0.0169266171711394,-0.0008679337185927,0.0021218776059869,0.001215506678136,-0.0070993838057369,0.0008013513462127,0.0098426002914571,-0.0065872308480082,0.0009438556640908,-0.0100348037076883
2021-10-19,0.0057254715372575,-0.0062201197177469,0.0029902824066633,0.011163882108638,0.0107722456114749,0.0133783255264137,0.0045865137372901,0.0097910844509674,0.0030854646585129,0.0067095236986511,0.0130382149777574
2021-10-20,-0.0058263944131116,-3.533015869928879e-05,0.0056794080607834,0.0087672687769945,0.0018844851418223,0.0144203316454437,0.0055808970767573,-0.0007360914391564,0.0080440865053319,0.0132410892770283,0.0155336903261113
2021-10-21,0.00621341021271,0.0210984111992562,0.0009555221359461,-0.0190762464239381,-0.0048679556785242,0.0042011771122982,0.003668653270888,0.0066175706008143,-0.0022221001888406,0.0011446063338153,0.0011031786859875
2021-10-22,-0.0248414622153884,0.0047981761595074,0.0081325349477352,0.0093348017873569,0.0115169206411768,0.003893094946757,0.0053596101195046,-0.0047151821063377,-0.0015148541913002,0.0049102552070616,0.0044798685773698
2021-10-25,0.0049847126869592,0.0560863827489637,0.0025697520011996,0.014829153782811,0.0016636352788114,0.0019637909975771,-8.284971331995843e-05,0.0024454008206011,0.0047301690891822,0.0026208221598081,-0.0051269034832485
2021-10-26,-0.0053551296820319,-0.0025223760389496,0.0035568966545391,0.0077509012510206,-0.000286106388362,0.0056762192601495,-0.0061441558562952,0.0049685687914667,0.0077732727878391,0.0063212248883605,0.0057089412761398
2021-10-27,0.0167743027605797,0.0067772314192481,-0.0039684083567007,-0.0278707352822379,-0.0275607999400026,-0.0083690970909717,-0.0114530124074518,0.0048917286825392,-0.0146034437772204,-0.0023476733274943,-0.0065322690926788
2021-10-28,0.0041913892578864,0.0214077632690635,0.0071961538501158,0.0071544008530066,0.0079191182938855,0.0086265972142099,0.0099493462157061,0.0134302598452663,0.0133668861544121,0.0090534803052496,0.0065699216549146
2021-10-29,0.011809549046257,0.0135691602080933,0.0014586262500971,-0.0052972382009583,-0.0018361833887625,0.0094247311868156,0.0010342854226579,0.0050585933902415,-0.0077206996286717,-0.0158314800205508,-0.006194913287293
2021-11-01,-0.0084152882014751,0.0472732579430638,0.0011458029525147,0.0170495571882222,0.0008275638099727,-0.0017324219021216,0.0024237096550247,-0.0014209424722225,-0.0028590112334249,0.0060991689485766,0.0032019151219101
2021-11-02,0.0044031507456289,-0.0143549297740929,0.0065789826787799,-0.0086667206404445,-0.0023761092800544,0.007739579181755,0.0038464665005379,0.0108671043123276,0.007134273993319,0.0101954461937356,-0.0001490683246222
2021-11-03,0.008277317851373,0.0218552743404868,0.0070904382667223,-0.0089297388566985,0.0036515066222746,0.0061182872189968,-0.0020177773158235,0.0066564201911594,0.0162432408575432,0.0042864364026377,-0.0010449543567842
2021-11-04,0.0066620723229021,0.0111518351486483,0.0035426080882901,0.0027781830751023,-0.0093549175566319,-0.0088253851823921,0.0039136972744213,0.016170763347427,0.0014311660575338,-0.0140820923185276,-0.0047399334216688
2021-11-05,0.0075815185924871,0.0141222096848239,0.0032463638544964,0.0152507603014428,0.0061057673925617,-0.0107402086927225,0.0120156984017956,0.0021816887404367,0.0071867361635742,0.011678182899123,0.0094829337045085
2021-11-08,-0.0008633917928559,-0.0245583822531493,-0.0089574319294398,0.0085408209133487,0.0063006195240976,0.0060461295291911,0.0026964009829109,0.0058902524518135,0.0040973398778399,-0.004184943743223,-0.0138551343823428
2021-11-09,-0.0026525220770348,-0.0533066228888296,0.0046341227471512,0.0034367206963096,-0.0122009336392393,-0.0042107153352164,0.0023143152944486,-0.0008521794548634,0.007211634522743,0.0029850134509745,0.0057441761885041
2021-11-10,-0.0151718153714763,0.0108563503619443,0.0014716876990072,-0.0264407686803212,0.0006222680525931,0.0026613420187625,-0.0046129728035145,-0.0204230928029475,-0.0063365227512049,-0.0012263815364449,0.0081659841755599
2021-11-11,-0.004527494313914,-0.0048562611739304,-0.0005060118723034,0.0041973125948043,-6.271337736059626e-05,-0.0027348869580335,-0.0034202421482195,0.0069241492478022,0.0053372077738492,2.1012748952955997e-05,-0.0072694355903434
2021-11-12,0.0193150074684153,-0.00793302356131,0.0012841632118181,-0.0030604366078217,0.0053530666688211,0.0047178184928443,0.0075234654780509,0.0108205856838825,0.0098354315965044,-0.0003912228459933,-0.0008515810074818
2021-11-15,0.0030827699196546,-0.0075708843933066,0.0054944058619824,0.0094626294659505,0.0010951528827103,-0.0054787084353323,0.0026614696752045,-0.0019800717331809,-0.0013356604656472,-0.0037486374043109,0.0130063221046503
2021-11-16,-0.003589991241059,0.0180851058278049,-0.0046823758076724,0.001995988531077,0.0025906411570554,0.00365184237957,-0.0011199613817569,0.0105138422277608,0.0018762529583031,-0.0065798662300453,-0.0050481527746251
2021-11-17,-0.0016305371306757,0.0133713879767788,-0.0055467124418628,-0.0143108658085575,-0.0175737018720357,0.0022359241767407,-0.0042782926436501,0.000547462233719,-0.0060445097063001,0.0094781464489641,0.002374577117278
2021-11-18,0.000784081876053,0.0013750072882219,-0.0028031007889475,-0.0052769009371137,-0.0078180885459319,0.001281705717261,-0.0014306952411709,0.0115577554184161,-0.0054919857283874,-0.0013761393937089,-0.0061349623104414
2021-11-19,-0.000758423319122,0.012765624973922,-0.0014427566602068,-0.0389028946041265,-0.0134080072484214,-0.0051201872171643,-0.0063302826327171,0.0093005218218518,-0.0027064488631237,-0.006049181879292,0.0058669465679431
2021-11-22,-0.0135642346361497,0.0069678706281161,0.0070783139434579,0.0164247850553225,0.002417977161226,-0.0031148413595762,0.0022983775183501,-0.0092122686565798,0.0011122661943837,-0.0056737823321235,0.0054885879172319
2021-11-23,-0.0061872038232695,-0.0178464169492951,0.0077388770468615,0.0300807408275876,0.0141490533180205,0.0004298145344181,0.0022534071554325,-0.0041530027616567,-0.0024442158732216,0.0111661349148647,0.0020764215782404
2021-11-24,0.0035274254618217,0.0026379320844402,-0.0018144707213942,0.0106469928417796,0.0036760913238464,-0.0002799614359384,-0.0022987227189772,0.0060887339613379,-0.0078712888734978,0.0125641681903968,6.797646261345166e-05
2021-11-26,-0.0199679729377909,-0.0336671766728513,-0.013563053092654,-0.0392834168151661,-0.0331700162726901,-0.0017980215461474,-0.0293518743756745,-0.024777653047339,-0.0142962546825172,-0.0273709418739762,-0.0151682939479383
2021-11-29,0.0138550972598052,0.0268037886562975,0.0055993353553297,0.0060535489237057,0.0028416355923107,0.0051834659704175,0.0039966930381048,0.0282503239851626,0.0097619097234474,0.0093646557704092,0.015756719493332
2021-11-30,-0.0265449929197939,-0.0084238890320155,-0.0262676180158191,-0.0262215122776099,-0.0231317427268412,-0.0199070603480861,-0.0249318899535972,-0.0088248147236245,-0.0267832185358801,-0.0258267411445358,-0.0296994586575311
2021-12-01,-0.0184820761813522,-0.0285846859195989,-0.0072888649383504,-0.0100335068142988,-0.0144038196050993,-0.0026079462780794,-0.0164727805894063,-0.0118291677971748,-0.0091752869314913,-0.0170540418371553,0.001942815255617
2021-12-02,0.0109447683369123,0.0150698688076121,0.0056708601942536,0.0278787798675625,0.0328671150741575,0.003991115448131,0.0324682468993606,0.0054370244105576,0.0199893996484692,0.0308868277498015,0.0127282785597976
2021-12-03,-0.0087587322043254,-0.034910696310394,0.0143377853638779,-0.0062743205194912,-0.0145645004575218,0.0029336156739101,-0.0014730222787496,-0.0167392383941811,-0.001266673768024,-0.0048328910782661,0.0103857288478524
2021-12-06,0.0170377061142623,0.0122866397876299,0.0128138527166802,0.0162299128734294,0.0165493483399982,0.0038595437848344,0.0171078665081858,0.0077478061813016,0.0152399262915743,0.0162551071129738,0.0159864471371637
2021-12-07,0.0193269406327025,0.0286202649583753,0.0035333262573975,0.023352787394437,0.0203431521098567,0.0130997271588858,0.0100423216605058,0.03613650257115,0.0102627350051119,0.0200026454988879,0.0069932155363275
2021-12-08,0.0098576292358355,0.0109323881204605,-0.0049283732373575,-0.0002411495797314,-0.0007016621373913,0.0072176476136271,0.0042593338638299,0.00415737858154,0.00715772998814,0.0043300214322593,-0.0003559003808256
2021-12-09,-0.0049703784078668,-0.0317528988620649,0.0020161947007729,-0.0087102984950002,-0.0037084736583634,0.0018921400396984,-0.0041275851498978,-0.0114044029467013,-0.00621500085038,-0.0160894578919176,-0.0017115235232081
2021-12-10,0.000936702846323,0.0120374833932678,0.0206551976895193,0.007990201374779,0.0006592434036125,0.0022966027510038,0.0030394313437171,0.0242471626367888,0.0034753105949345,0.0010918667819263,0.0052056453313229
2021-12-13,-0.0069979000901677,-0.0355152412419544,0.0112362770072149,-0.0280084855323309,-0.0130115004564883,0.0098942181486727,-0.0115297731020581,-0.0159543221480132,-0.0080422864199478,0.0123454401746348,0.0116606996287103
2021-12-14,-0.0080529042722236,-0.008234725129261,0.0004087952484437,-0.0034956293457065,0.0020934334650236,-0.0045568252656205,-0.009530605794385,-0.0177197345772887,-0.0036017149473555,-0.0106374705755074,-0.0059840217343078
2021-12-15,0.015033654760604,0.0095092947335995,0.0109181994496221,-0.0038659624745126,0.006295803961392,0.0204554075765472,0.0091645346554946,0.0293025557541481,0.0044800822233138,0.0098543349141729,0.0164822771666235
2021-12-16,-0.0141870476631794,-0.0281540290569846,-0.0003303613350336,0.0060923584894983,0.00902764356038,0.0052618242855674,-0.0022451901147355,-0.0308695073839245,0.0039551992256086,0.0059065358600646,0.0053028697505946
2021-12-17,-0.0081916993041243,-0.0019268035517408,-0.0189074682831069,-0.0218537253449578,-0.0185722585346136,-0.0063581076288888,-0.013629890866127,-0.0053835901709098,-0.0169692380889691,0.0002620571726257,-0.0162710820540941
2021-12-20,-0.0083587569529066,-0.0206640193806489,0.0003910532953548,-0.0126077316595452,-0.0209508565991311,-0.0070778173962376,-0.0151589819308538,-0.0117775269683593,-0.0195430028257351,-0.0104056007452786,0.0013966979947662
2021-12-21,0.0178647352755898,0.039899923116799,-0.0007803221646557,0.0292291014701042,0.0252630313027854,0.0050125206043965,0.0224526099286839,0.0244474111639187,0.0183520912118877,0.0114130256666022,-0.001850231427719
2021-12-22,0.0084515060586993,0.0389089926358373,0.0053877757551407,0.0059696133882798,0.0083533932231378,0.0107621433169424,0.0056989438318596,0.0119126772099194,0.0041383608853312,0.0078876699018244,0.0036199602019291
2021-12-23,0.0063701568682993,0.0287126010015975,0.0021612949955172,0.0017927033563377,0.0059007915639909,0.0043568972528209,0.0115508621688059,0.0059717531890734,0.0080565810726427,-0.0022645104607363,-0.0003734064135912
2021-12-27,0.0099141647995749,0.0160588755815229,0.0107834361176781,0.022662737348312,0.0074729525877319,0.0102031502983943,0.010026469746016,0.0229782967441902,0.0198488076593417,0.0205244444877465,0.0043715030768101
2021-12-28,-0.0031683754810738,-0.0031262084085751,0.0065699403784545,-0.0011021896855595,-0.000589213962529,-0.0031947095260486,0.0053967608332617,-0.0065827524494626,0.007570930855418,0.0058652030674179,0.0094258624009776
2021-12-29,-0.0023646718450235,0.0009345033251656,0.0048617186962685,-0.0070312520931267,-0.00197845467938,0.0066730262581783,0.0018163589116887,0.0005141835245047,0.0042261311580963,0.0049586698786293,0.0044717108731439
2021-12-30,0.0007127174794958,-0.007868739139396,-0.0012613323047262,-0.0065023941049968,-0.0013663730660117,0.0015016118311828,-0.0032630394503571,-0.0068360381659877,-0.0045626147748733,0.0057506969118636,0.003884729414173
2021-12-31,-0.0119253497887257,-0.0054721736993237,0.0067497477763875,0.003184807119754,-0.0023181410944854,-0.0037398919983432,0.0043904496415648,-0.00501223389257,0.0031563459928824,0.0022721663418474,0.0030913184621689
2022-01-03,0.005022823994014,0.0685212303963149,-0.0011687335129422,0.0307309453172428,0.015898116673673,-0.0100873152358025,-0.0083516079874291,0.0079373172279182,-0.0067302679977484,-0.0072767445846323,-0.0086656541949044
2022-01-04,-0.0044152521100086,-0.0159572702227729,0.0017275640559072,0.0337820392444258,0.0200077056614099,-0.0143546526880415,0.0186061634642458,-0.0135367503945004,0.0126805990745244,0.0016582855369085,-0.0022777784289574
2022-01-05,-0.0348319002312054,-0.0394991396563674,-0.0003443961160903,-0.001841802263078,-0.0150697429791519,-0.0075689913377357,-0.0110711478308131,-0.0340440509345256,-0.0058816833386565,-0.036325650247014,-0.0005794134392084
2022-01-06,0.0040682390654893,-0.0087226036209157,-0.0015990034617087,0.0219856990562843,0.0119010240965606,-0.0120361126156127,0.0044585291206285,-0.0046316018783492,-0.0054166833077762,0.0050731100669609,-0.0103264295633737
2022-01-07,-0.0008585716215963,-0.0231780705852143,-0.000779055099022,0.014166573659318,0.0047106291437538,-0.0049346443134677,-0.0009895807613992,-0.0096865320411923,-0.007029924412574,-0.0006873430926604,0.0092138320537133
2022-01-10,0.0016974388023987,0.0056617714198234,-0.0103218710577307,-0.0028791982226351,-0.0074923852962703,0.0114683988421267,-0.0117723967328399,0.0040503351344198,-0.008140221112118,-0.0066009825360999,-0.0063234132839877
2022-01-11,0.0094367272268627,0.0067130422887063,-0.0010319094805584,0.0334891492430749,0.0123251929872901,0.0058498669486812,0.0064191180815331,0.0113131774057583,0.0134694847031325,-0.0077663415310652,-0.0087678865027728
2022-01-12,0.0040431244007824,0.0200531832394886,-0.0001268605528467,0.0009871208524287,8.612236255254694e-05,-0.0021467778878046,0.0029634034040957,0.0051133406497609,0.0011842664999055,0.0026765260237611,0.0042416240984082
2022-01-13,-0.0170276925992641,-0.0355479708806329,0.000460353593392,-0.007229838554471,-0.0063035069675763,-0.016674577630503,0.0008391346479678,-0.0300004531080229,-0.0018909629891063,-0.0016457023228504,0.0049456440797377
2022-01-14,0.0066290399706533,0.004839761924347,-0.0027540733071686,0.0230037826330388,-0.0107955828679765,-0.002572101819765,-0.005563937610962,0.0103134094878753,-0.0083706856131978,-0.0153801302347549,-0.0056975599656694
2022-01-18,-0.0245265315869229,-0.0197467644388998,-0.0163740209934594,0.0025094985384385,-0.0210294726846325,-0.0138191461811645,-0.0126760307630256,-0.0262457750105236,-0.0145212688919095,-0.0063891645509461,-0.0126283007790093
2022-01-19,-0.003020158927118,-0.0249870616608538,0.0100887977013131,-0.0074413687739196,-0.0132326189493823,-0.004926988552414,-0.0102137627253028,-0.0139402720416005,-0.0064605581340674,-0.0148364614014683,0.004806652342032
2022-01-20,-0.0122395873426182,-0.0055475428826609,-0.0093290361987129,-0.0081341207179854,-0.0033359418263183,-0.0058121990274114,-0.011195319102917,-0.0149707971844399,-0.0161449412178707,-0.0114883231632392,0.0024569657933956
2022-01-21,-0.0441080194885191,-0.03104787646273,-0.0020342856919116,-0.0185691547758508,-0.0222176221630634,-0.0112465861150428,-0.010106748810484,-0.0186713521012374,-0.0252449699040201,0.0008323155402967,-0.002136313858711
2022-01-24,0.0041486824722409,-0.0028680405506352,0.001403800923923,0.0068411314049955,-0.0008102407194478,-0.0041691299043069,0.0054509772248725,0.0051574238344738,-0.0038034146684398,0.0054720260309612,-0.0106685405738737
2022-01-25,-0.024723808536083,-0.0119089643311461,-0.0150671225668978,0.0390541910551238,-0.0008385996563806,-0.0066050880632951,-0.0091198021434095,-0.0249875656071136,-0.0091807491568886,0.000812882300872,-0.0171991803415829
2022-01-26,0.0001859848983359,0.0061001367843386,-0.0088104486302177,-0.0006463869367391,0.0037686415455155,-0.0044010916200166,-0.0131788213871149,0.0083227490350081,-0.0036098725889245,-0.0193693114139615,-0.0077941482058916
2022-01-27,0.0054576482074061,-0.0630024419243189,0.0036677300159427,0.0115155381565985,-0.0024099056935129,0.002166870889935,-0.0121171577644419,-0.0088134952445097,-0.0033959178343485,-0.0179914388710189,0.0087864592827583
2022-01-28,0.0250532419230336,0.020044822257559,0.0133528695751316,-0.0060110362302081,0.028969727152651,0.0228031111257441,0.0099644013778763,0.0387052672001387,0.0073153695972986,0.0331020543282407,0.0118786392963746
2022-01-31,0.0283325760754951,0.0662262077754919,0.0089334602728766,0.0041251388636299,0.012566371817502,0.0076642693551002,0.0129689652173871,0.0300237321411579,0.0140548439155936,0.0141599188033676,0.0220223413043688
2022-02-01,0.0178774667094534,0.0022805765095538,-0.0002552728290436,0.0353290932150401,0.0165476883851306,0.0032898927992723,0.0155789267189263,0.0007619691821285,0.0157208853800495,-0.0079527400636517,-0.0129489108174768
2022-02-02,0.0341056253047864,-0.0138687472125144,0.0105166928299916,0.0034734029709141,-0.0026972865554813,0.0128883289532832,0.006088999433284,0.0131504260679751,0.0012839259257617,0.0112355802848571,0.014485605962454
2022-02-03,-0.0801218855250867,-0.0165827187907174,-0.0009127906981162,-0.0110222799715729,-0.0152971927578947,-0.0053105325377513,-0.0146446454680129,-0.0320414532270974,-0.0145949112300736,-0.0130773519950962,-0.0048644899672045
2022-02-04,0.0026778285290026,0.01348518913219,-0.0122749876568543,0.0139821012728151,0.0124061785814177,-0.0044310739871435,-0.0091829653107185,0.008013255112338,-0.0086521928865081,-0.011861548290488,-0.0071002457104694
2022-02-07,-0.0263776618434867,-0.0058584095349343,-0.000577876823374,0.0130308489230511,-0.000989367158233,-0.0011181009621387,0.0010997259012788,-0.0058802312891011,-0.005094084960002,0.0002786922210995,-0.0019042160639869
2022-02-08,-0.0034683329488253,0.011726546108086,0.0031576141088503,-0.0203121327613674,0.0062638214492756,0.0065466092971308,0.0090614723491611,0.0147222704997759,0.0104440528005864,-0.0104210937272747,0.0003640894748418
2022-02-09,0.0258814870692847,0.0167480319421101,0.0012434186295005,0.0088893379598251,0.0109414058792157,0.0089679925155772,0.0147594741468433,0.0248483269706184,0.0197390219827413,0.0204282896545543,0.0048009370224675
2022-02-10,-0.0122755308927646,-0.02007023156493,-0.0135405131356416,-0.006903127674883,-0.0122484459554193,-0.0157706016944662,-0.0159246034716487,-0.0278773122489722,-0.0054823978570654,-0.0229814734593191,-0.0260690387903615
2022-02-11,-0.0285014299887656,-0.0357432189443885,-0.0069869471293326,0.0281848861001386,-0.0179758586842616,-0.0129812123520049,-0.0157500640554332,-0.0325847739776348,-0.0116115220301017,-0.0130362468398907,0.0007288153672743
2022-02-14,0.0040753125857265,0.0089191163941139,-0.0038595128036099,-0.0219444675163768,-0.0082279126449586,-0.011627813913289,-0.0031716293192365,-0.0003452622110069,-0.0105951927774233,-0.0112448540868573,-0.0072528827872289
2022-02-15,0.0129133055218215,0.0389884482271852,0.0014712223721946,-0.0104310534076877,0.0140212800148638,0.0116357234067119,0.015365882472745,0.0305210836075131,0.0144263220947375,0.0023645324518655,-0.0044713717437848
2022-02-16,-0.0020957454701039,0.0037508636253609,0.0005873877845984,0.0081527443906451,-0.0009797016942125,0.0007066374412886,0.0062506407420618,-0.0016046913220284,0.0051265949553272,0.0054514125594707,0.0022382374300292
2022-02-17,-0.0313509671530138,-0.0370046762622942,0.0110290002715397,-0.0024534940898801,-0.026572352296923,-0.0163274800883722,-0.0169658961115064,-0.0325771570130233,-0.023068518338833,-0.0123479339058225,0.0008946096174469
2022-02-18,-0.0094336432238876,-0.0114369499092599,0.0018594018758922,-0.0085629357971773,-0.0031720161619438,-0.0075184171721867,-0.0068191273954654,-0.0120598063049356,-0.0057747672742483,-0.0033181176251597,-0.0031401119159314
2022-02-22,-0.0127728307844235,-0.0324690415382879,-0.0092245645736884,-0.0152391482628359,-0.0051939520020625,-0.003097816323964,-0.0094637230714174,-0.008757358320545,-0.0096780178726331,0.0004155945286066,-0.0007668672760465
2022-02-23,-0.015403140985148,-0.0483915248953084,-0.0120195746232227,0.0109997533913656,-0.0181539409927549,-0.0062876619182757,-0.0169451575985482,-0.0258371392260658,-0.0170168627828739,-0.0165979383742596,-0.018765892937155
2022-02-24,0.0371481280618666,0.0287054730000888,-0.0108835224165424,-0.0070187048912992,-0.0039073533840997,0.0075285328400149,0.0124626496052017,0.0394346010928657,-0.0014385708574485,0.01856972308494,0.0100987629749838
2022-02-25,0.0105410488398811,0.01545831401961,0.031549117233795,0.0287679652337199,0.0272508267402405,0.0296175830441907,0.023974095434239,0.0134328320423678,0.0271968102132712,0.0199391404953578,0.0312280598739766
2022-02-28,0.0018875751144102,0.0304402136507332,-0.0100082464637285,0.0267444242487756,-0.0167348487137799,-0.007256580410082,0.0062523554238596,0.000164560505234,-0.0165248466562725,-0.0170782499518798,0.0066095684327543
2022-03-01,-0.014338534178197,-0.0173233231209815,-0.0015672614837121,0.0111014803643955,-0.0377407863202136,-0.0068218431937857,-0.0165261964269528,-0.0174867778499086,-0.0362459256698176,-0.0005822282165512,-0.0083508093412645
2022-03-02,0.0077430095698978,0.023919237215863,0.0086328013483411,0.0232195717955066,0.0212814523162417,0.0160729270121251,0.0230659534980342,0.0244751211579869,0.0210964023428479,0.0217505262999095,0.0113440305008782
2022-03-03,-0.0116665383895549,-0.0332936137422971,0.0073713039224537,0.0040440463946909,-0.0085261843760291,0.0043479016141239,-0.0018115597297163,-0.0131758255301347,-0.0063757885487594,0.0125411179298049,0.0173382575854223
2022-03-04,-0.0164652610872601,-0.0128991870086371,0.0033586690033862,0.0296122186329383,-0.022330825846046,0.0047338141231141,-0.003423207369193,-0.0176372177675343,-0.0131305710902629,0.011356289745131,0.0205702344891729
2022-03-07,-0.0436240054391751,-0.0510322493423531,-0.0185788046058045,0.0173985408758837,-0.0449312473883849,-0.0184432467605581,-0.0269173733311286,-0.0373056877049277,-0.0475350940361177,-0.0196819114751765,0.0137077238094602
2022-03-08,0.0035725619805629,0.0147708307494435,-0.026679715133713,0.0138239652998601,-0.0021389627471596,-0.0211973069603093,-0.007513434127478,-0.0048736641412571,0.0016728566704275,-0.0030753233831667,-0.0140671799224642
2022-03-09,0.0405280313532592,0.040454226426606,0.0106160000108568,-0.0303386738307603,0.0415038686465348,0.0208776284111425,0.0209323107879626,0.0410911114394412,0.0290517233670314,0.0109183511045634,-0.0075214843417767
2022-03-10,-0.0085585206038102,-0.011220187198692,-0.0079065056800109,0.0304629509247287,-0.0093879762966767,-0.000699894242883,-0.0018285740050057,-0.0172560992181703,0.0006267579685846,0.0043267815561716,0.0065391052955328
2022-03-11,-0.0234935320828225,-0.0332139226892944,-0.0105321307427785,-0.0074002164791269,-0.0082065832943524,-0.0077307989101938,-0.0098017391879622,-0.0188563666607628,-0.0100740142647119,-0.0049426874791868,-0.0044435552642974
2022-03-14,-0.0196675992729421,-0.0289394262658428,0.0074740746477306,-0.0308768086877736,0.0100037941133748,0.0085926662324001,0.0010337054656193,-0.0222566321096632,0.0129484892878813,-0.0049073642139486,0.0002132403600645
2022-03-15,0.0255604299762143,0.0373037946095536,0.0220000767673644,-0.036654691067677,0.0162820341254704,0.0192161465563661,0.0173504229889496,0.036070596755331,0.0095472286563382,0.0041432954338268,0.0131626156248962
2022-03-16,0.0349477493672547,0.0452415923140311,0.0022077013637555,-0.0044543208549756,0.0343551905208011,0.0150351936502927,0.015706637652077,0.0341150406730967,0.0226622077469521,0.0100609281625656,-0.0004657868716668
2022-03-17,0.0110532305617839,0.0204077360730891,0.0084463184884028,0.0350319909449566,0.0114524660755036,0.0161245510471036,0.0116076794346601,0.0072887580794546,0.0121426794459754,0.0135567204100427,0.0034768077625886
2022-03-18,0.0209658518183342,0.0288917397168881,0.0046367957019126,0.001259655195746,0.0098759613651466,0.0084824502562385,0.0035711057777552,0.0222846897487393,0.0067076342528868,-0.0048034193396264,-0.0095262640191013
2022-03-21,-0.0080269901760492,-0.0009600963130955,-0.001987721182332,0.0370738076741076,-0.007247599833832,-0.002100202905644,-0.0002370217156831,-0.0004960952191295,-0.0011370701264495,-0.0028505848790837,0.0060528096450841
2022-03-22,0.0225531681079921,0.0460696136299558,0.006128841770675,-0.0066810539303509,0.0178459853583555,0.0008298926708176,0.005323687693909,0.0150606402209881,0.0093038683395123,0.0007932103262602,0.0025769336111496
2022-03-23,-0.0126682639618116,-0.0051237001049339,-0.0112466539611229,0.0167378161082574,-0.0203738614955429,-0.0191015137884766,-0.0110103478815805,-0.0145938149903714,-0.0062864240463048,-0.0103730333164044,0.0017396757182846
2022-03-24,0.0190066353490562,0.0146600448640486,0.005799033910492,0.0030661319761048,0.0082511668301479,0.0118181317027464,0.0084329228281583,0.0290187558008113,0.0112064969378084,0.0083576070703993,0.0100521184146541
2022-03-25,0.0026541909637231,-0.0028950229576155,0.0064012448564868,0.0239250679023681,0.0076159156415265,0.0045855022642223,0.0053311454732772,-0.0017626406932268,0.0068934288551397,0.0150340040669529,0.0146440967477056
2022-03-28,0.0017471228442025,0.0436720085539721,0.0094614320966053,-0.0258129355898903,-0.0004364871164737,0.0079892353598127,0.0020649847159082,0.013688846058721,-0.0008762708955389,0.0117833057359837,0.0062137499497054
2022-03-29,0.0157676205737087,0.0202189092820096,0.0113202893468323,-0.0043749242555888,0.0147552068162441,0.0062541825794022,0.0132154450419514,0.0184860402664526,0.0171617423337265,0.0254893651737459,0.0079140566521054
2022-03-30,-0.0073613481820788,-0.0059799055225536,0.0009613477559263,0.0112396764908762,-0.0117189631705703,0.0021410236014559,-0.0006416021053514,-0.013804323183025,-0.0087782253543411,-0.0046985796087505,0.0088202566724149
2022-03-31,-0.0190050148715214,-0.0139701231293371,-0.006336148483828,-0.0141213266836998,-0.0214780138486915,-0.0115681680954696,-0.0158606272787708,-0.0160993039036714,-0.0093329892616875,-0.0085323654430368,-0.0020999484965361
2022-04-01,0.0055723754134102,0.0029261070790765,0.0117786280779999,0.0099085078635004,0.003029975565589,0.008955248873079,-0.0058489563047144,-0.0045232012410021,0.0109062279930782,0.0202207354490087,0.0143654894267259
2022-04-04,0.0224030379873223,0.0315865290187109,-0.0015235932859,0.0014836382641778,0.0010350009738545,-0.0072922399991757,-0.0018026615946377,0.0204198996273983,-0.0003424612966885,-0.0005620640673317,-0.0077286601515753
2022-04-05,-0.015537646832053,-0.0335526988587131,0.0003997676209693,-0.0152349303808458,-0.0096228873602142,0.001780197959513,-0.0139478719237716,-0.0234883624539852,-0.0050631110033261,0.0006721517713976,0.0065537868489778
2022-04-06,-0.0260338594209513,-0.0319955914904789,0.0126676005365141,0.0067096575926122,-0.0132083670361709,0.015880972198129,-0.0084835386807284,-0.0258920388620022,-0.0033112920545619,0.0164015648741141,0.0204961443893247
2022-04-07,-0.0052324672670067,0.006616961303327,0.0134894027285747,0.0134951617567246,-0.0042863544777472,0.0186884691754371,0.0039074150819557,0.0040077023041877,0.0066006206589905,-0.0088362845573088,-0.0019917698129215
2022-04-08,-0.0100194734239975,-0.0193661914994661,0.0041476989951707,0.0267067480201306,0.0071461311649305,0.0059659977538935,-0.0073877863869041,-0.0163272489185048,0.0073181454824487,0.0046742088970402,0.0044385162144148
2022-04-11,-0.0241301425673376,-0.0285969672852929,-0.007393295435171,-0.0311609146504837,-0.0071748271128844,-0.0198306228024701,-0.0044077565853991,-0.0272045282972836,-0.0042509885447118,-0.0114671626291892,-0.0152626705514106
2022-04-12,-0.0077544966335504,0.0059314453034288,0.0007861269837564,0.0177554031924298,-0.0106920086087323,-0.0097070054213266,-0.0014810096500055,-0.0029478672494634,-0.0054554803760526,-0.0057944156876751,0.0049883577866629
2022-04-13,0.0129611212848618,0.0316337492314973,0.0094030252893399,0.0142931208501401,0.0034960475996281,0.005410667781563,0.0092948652545797,0.0175508172019149,0.0098835038945452,0.0032505487859303,-0.000985174142901
2022-04-14,-0.0203050193048792,-0.0178865396759097,-0.0009917785576061,0.0039782840474495,-0.0088153789293417,-0.0047940506746682,-0.0029276124802619,-0.0270224093014967,-0.0033734863472948,-0.002696452622647,-0.0010066363288954
2022-04-18,0.000823660483221,0.0082955831971155,-0.0075193493522415,0.0152718746759189,0.0031458128307367,-0.0115248429164547,-0.0040857797861634,0.0037396238143639,-0.0040621245951383,-0.0028701424710482,-0.0046192830173238
2022-04-19,0.020794945845237,0.0263316064585963,0.0158603521269477,-0.0094904971844942,0.016549624738614,0.0095584845684332,0.0184480121222299,0.0187505740178867,0.0172021484328096,0.0145161496591684,0.0059688916012198
2022-04-20,-0.0469790748733881,-0.0281313409525198,0.0156931041168545,0.0046547217641969,0.0057099613276178,0.0127568666263232,0.0061560506252602,-0.0013156262410214,0.0040082250939721,0.018698146779938,0.0070983292596438
2022-04-21,-0.0304472475546244,0.0097042425610826,-0.0020569092037354,-0.0314307429343557,-0.0168055705462887,-0.0107738413225781,-0.0096427616537326,-0.0195596550056755,-0.0104140274043495,-0.0035280441776035,-0.0155420901728937
2022-04-22,-0.0300874011992922,-0.0139353609980391,-0.0159831027189409,-0.0251354711215765,-0.0327948983449469,-0.034539288053012,-0.0235886232728226,-0.0269007625679378,-0.0293865065480445,-0.0201778643985842,-0.0171040262262687
2022-04-25,0.0200672715847579,0.0004695694755947,0.005280975621268,-0.0336722997655586,0.0036394273760237,0.0073767805220669,0.0016514992914682,0.0157157839160413,-0.0065952837292542,-0.0060422222718613,-0.0068244713518756
2022-04-26,-0.031194841724648,-0.0807268962896348,-0.0161564446212932,9.64566697606131e-05,-0.0295392366142435,-0.0191371263872298,-0.0226278353317478,-0.0378587386553556,-0.0023707510954604,-0.0135152786445437,-0.0086116641516406
2022-04-27,-0.0299770139552261,0.0049432347711892,0.001686353451416,0.0141552011714133,0.0095084204697675,-0.0008896408819452,0.004041072788663,0.0094260504442753,0.0186621313451293,-0.0082527468133915,-0.0034781887951234
2022-04-28,0.0528136141792824,0.0063919217907003,0.0165548061435657,0.0316165874454817,0.0210504236748445,0.0136664163011384,0.0102007266880926,0.0404182208238954,0.0116074736017358,0.0126735264046907,0.0114469466384619
2022-04-29,-0.0303313840527842,-0.0170063943300223,-0.0279128365477417,-0.0253035672556413,-0.0362513265802344,-0.025633327708329,-0.0307434620950977,-0.0422023081872252,-0.0166293391544924,-0.0412967828148596,-0.0293771997391668
2022-05-02,0.0255099207633697,0.0227592769621223,-0.0124239125789917,0.0132234380171573,0.0026861907187393,-0.0061877865354094,0.0010956153454211,0.0196388887185468,-0.0060942240307083,-0.0199623317398415,-0.0102744258522985
2022-05-03,0.0038953631067393,-0.0027965428877616,-0.0022962300710804,0.028622458632385,0.0105615194237107,0.0027937822758149,0.0062812805486633,0.0012662439409256,0.0135631313878739,0.016676635827188,0.0041885729378812
2022-05-04,0.0345709134204869,0.0413157472673475,0.0216948171907446,0.0404935571064665,0.0308248260648549,0.0220891613433097,0.0294327078420193,0.0351184705722471,0.038442246811754,0.0095871703324623,0.0222926550034688
2022-05-05,-0.04546902056873,-0.0629490526018903,-0.0203043619154447,-0.015464545660747,-0.0337552631385056,-0.0205214568743404,-0.0275344111940372,-0.0500093051759014,-0.0198742765638137,-0.0186456230443396,-0.0106268635313769
2022-05-06,-0.01368190006751,-0.0129644541016211,-0.0020724861341994,0.0267374130314461,-0.0118053235885701,-0.0030493396578839,-0.0051779151681452,-0.0071883095710231,-0.0079688244958922,-0.0044625227833238,0.0077666303286249
2022-05-09,-0.0265797998555688,-0.0698719053219515,0.001503287624948,-0.0823775594552339,-0.0315651834192325,-0.0261656878986636,-0.0270621615340314,-0.0415101109889252,-0.029512867269128,-0.0359258353641837,-0.0083077729012207
2022-05-10,0.01156722785575,0.0075792267923401,-0.0078533133137726,0.009305492805353,-0.0055284221144781,0.0034620384512321,-0.0063587038665486,0.0193471015823363,-0.0060264788832757,-0.0221639811695167,-0.0124826623307109
2022-05-11,-0.0175416573497201,-0.0527508180793863,-0.0074552111921376,0.0140386287463205,-0.008310820023838,-0.0061722691303577,-0.0092319859110383,-0.0374118321276113,0.0030199719563067,0.0001848292486809,0.0082150160560883
2022-05-12,0.002052591762073,-0.0044562208525251,0.0005800545486343,0.0039690832566301,-0.0062335842909796,0.0100392622513421,-0.0004600541083137,-0.0112596605188952,0.0006276185330985,0.0112605931372441,-0.0118674290698021
2022-05-13,0.0307524827189742,0.0504233874359887,0.0143869763028341,0.0336687410042199,0.021180220367682,0.0120829783258771,0.0150649872853557,0.0370067702729466,0.0190960693405182,0.023781274452481,0.012095088618278
2022-05-16,-0.0102564159826691,-0.0399262576581046,0.0023534786135131,0.0265856512850774,-0.0092622181022775,0.006749971999787,-0.0031895772782434,-0.0105211677423094,-0.0014829999112414,-0.0032591413064225,0.0034359680328625
2022-05-17,0.016497413591683,0.0366196554131299,-0.0239237340727219,0.0119941868062873,0.0288543790105913,0.0139704874010368,0.0236131813326972,0.029271646246336,0.0237606964088802,0.0113783614845139,0.01138087517906
2022-05-18,-0.0376521062477691,-0.0620786126448875,-0.0806365487509359,-0.02682901672886,-0.0265247909490836,-0.0262591655883433,-0.0375806464919489,-0.0509815165789444,-0.0300570368002695,-0.0214195530822195,-0.0098488839950901
2022-05-19,-0.0064806289892888,0.0016730968207881,-0.0172885869854618,-0.0022586197200359,-0.0054358840914332,0.002863666854977,-0.009199229996033,-0.0106757335099977,0.0069566036549773,-0.0023410119678314,-0.001918866225083
2022-05-20,-0.0044881355632619,-0.0332671723165376,0.0007583691656854,0.0047048448102844,0.0026532212651494,0.012571110367645,-0.0046819762097096,0.0011579438275802,-0.0089318063020149,0.0152672599727714,0.0017827420972444
2022-05-23,0.0182092868306557,0.0112894173810062,0.0201676782476223,0.0275135797217124,0.0333485281044876,0.0086384886453723,0.015726856415377,0.022620488001889,0.0156800334788152,0.0085589505367639,0.0125697324724957
2022-05-24,-0.047881862732411,-0.0457347953222257,0.0129007316805188,0.0040703598211072,-0.0069217773011545,0.0020542589120441,-0.0024347677625005,-0.0165209551433141,-0.007035996566234,0.01905364109259,0.020372314025358
2022-05-25,0.0067585444636681,0.0360129707854644,-0.0005737668528955,0.0195809265126758,0.0105980389920543,0.0001184099933332,0.006446921067525,0.0147320526556419,0.0099258709615446,0.0050467950510114,0.0001616637624069
2022-05-26,0.022982533046772,0.0590872224578751,0.0203399915770258,0.0124452631089217,0.0249104730146646,0.004405254661567,0.0218150729521596,0.0256396894261128,0.0225557110294494,-0.0082125135134025,0.0014897510554831
2022-05-27,0.0310258104766313,0.0511035350281991,0.0143997949051247,0.0171853139428001,0.019454632943028,0.0179957435537978,0.021546476756568,0.0356385340571769,0.0201426602491119,0.0227414730728827,0.0167711916272688
2022-05-31,0.006163378295885,0.0006151277160721,-0.0095326168305741,-0.0172070950844212,-0.0031234199765036,-0.0132429935311824,-0.0078809869487968,-0.0077493893279887,-0.0129992183783081,-0.0142552749605128,-0.0141790113958202
2022-06-01,-0.0070040791036607,-0.0190697627473679,-0.0148799290809893,0.0183959333165869,-0.0154533175455393,-0.0150243635750051,-0.0051117435311361,-0.0020677978951428,-0.0125864785709704,-0.0108847373986727,-0.0014513710513852
2022-06-02,0.032091291035513,0.0380870504517428,0.0173806003012738,-0.0023345902412246,0.0192299114090509,0.0085412519845654,0.0212182772430757,0.025328310619679,0.0217750148013946,0.0119943351839144,0.0072204263390066
2022-06-03,-0.0252730583401245,-0.054748575274726,-0.0109958248292891,0.013015925003848,-0.0149468572587997,-0.0115400237709609,-0.0033991103385167,-0.0268685674805253,-0.010883877245631,-0.0088251382388224,-0.0048394374165379
2022-06-06,0.0122839299211632,0.0110710734249951,0.0012498309215876,-0.0020006870913965,0.0031518350558355,0.0001292957269682,0.0037098451577754,0.0004146501737578,0.0078275400949073,-0.0054283421175156,0.0039303102200008
2022-06-07,0.0036715640812986,0.004054348579578,0.0015332654923883,0.0310572317992411,0.0073696966724541,0.0135638116561916,0.0143175908879566,0.0128582911140019,0.0056988578468081,0.0130031990519845,0.0060389481167708
2022-06-08,0.0009671598337822,0.0028071792179966,-0.0071422768560404,0.0011295132302665,-0.0154947093031143,-0.007619526644862,-0.0166209719037766,-0.0116272341768154,-0.0183701702864765,-0.0185544630070772,-0.0194115594637984
2022-06-09,-0.0288730833936957,-0.0160792431256246,-0.0119117860226341,-0.0229867096681378,-0.0274356761667616,-0.0234170461645669,-0.0207494730849079,-0.0266414391653277,-0.0190030144722487,-0.0252503141729725,-0.0248717354135703
2022-06-10,-0.0319940931212658,-0.035861652436351,-0.006270879442797,-0.0166908069166897,-0.0373535585682672,-0.0158794506215683,-0.0285246204634449,-0.0396172419507497,-0.0386742503771045,-0.0218671244144138,-0.0082241397047328
2022-06-13,-0.0426781032743799,-0.0603568150907738,-0.0195084253714867,-0.0521952685170135,-0.0334491305649494,-0.0304849926882058,-0.033810802137727,-0.0455451840606989,-0.0377377644260318,-0.0473473957024888,-0.0456645285349433
2022-06-14,-0.0007399009013368,0.012349550283144,-0.0114560417936421,-6.298768251693133e-05,-0.0062283662456844,-0.0094854815791425,0.0001477321141545,0.0081833289143992,-0.0047576106055404,-0.0173910696903714,-0.0253398681400045
2022-06-15,0.0289283151164301,0.0368726366509137,0.0031690597569382,-0.0199751941870987,0.0139857754817113,0.0108012225180898,0.013366494754642,0.0228811590230996,-0.0114115684774915,0.0209637537179896,0.0076049349232461
2022-06-16,-0.0328943240750626,-0.0704473465693824,-0.004765407847234,-0.0553404455970292,-0.0297394453731458,-0.0152344877869552,-0.0324296099257944,-0.0404897405546921,-0.04155679931485,-0.0202076122724597,-0.0190788161941717
2022-06-17,0.0107520869576371,0.0165226574380574,-0.0055008936194582,-0.0536552091555527,0.0049580595646235,0.0003628688880429,-0.0024432807822789,0.0102487128910759,0.0013896303853665,0.0071073457667213,-0.0099400029603255
2022-06-21,0.0125262669476887,0.0553832988516714,0.0293399140598494,0.0502881908118233,0.0209767384431984,0.026435831601186,0.0187169114041661,0.0268400032929772,0.0137638342300487,0.0219500188602792,0.0189809887846742
2022-06-22,0.0001357416903831,-0.0041496980357747,0.0022392504703206,-0.0423733818318852,-0.0020733339480707,0.0147443264120522,-0.0029897210527939,-0.004586094846482,-0.0062430027849251,0.0168740007438879,0.0102641667471981
2022-06-23,0.0086877198751172,0.0012722156132321,0.0223391547210959,-0.0366953369397934,-0.0003671543035644,0.0225041917772482,-0.0013324691274402,0.0149366719068857,-0.0107267746140793,0.0217848053667059,0.0221839108367192
2022-06-24,0.0468384576103922,0.0454309564447318,0.0159110384216242,0.0159336513869811,0.039479853673105,0.0169917298571257,0.0363429788239433,0.0352290021872916,0.0463643858228711,0.0180825729326512,0.0170959172357377
2022-06-27,-0.0119337942524104,-0.0050827524665557,-0.0025900574317722,0.0287220856332567,-0.0060348796773502,0.0035947700212325,-0.0033443631095452,-0.0066462748078366,-0.0007269785967315,-0.0009379429526261,0.0079766229157222
2022-06-28,-0.0312658092766697,-0.0390665755922454,-0.0166860185639365,0.0269060927312852,-0.0132072852703827,-0.0171987987597979,-0.010097208086928,-0.0302282679237905,-0.0144100443823114,-0.0148043600271614,-0.0030677845369773
2022-06-29,0.0002746054854754,-0.0140897796438697,0.0070237868649308,-0.0331340541771423,-0.0054928615216028,0.0089566125028907,-0.0050068387373088,0.0015516324231593,-0.0039108808860642,-0.0006057005357953,0.000345468502566
2022-06-30,-0.0180215671644448,-0.0146613443908093,0.0024026356472768,-0.0203704876220802,-0.0112338051856794,-0.0021851652023449,0.0024482654670609,-0.0125428323321601,-0.0075803572682549,-0.0009348173197462,0.0102222787203731
2022-07-01,0.0010984483902278,0.0147274706742368,0.0144892281523532,0.0144730068699773,0.0133793146765948,0.0117725793796694,0.0110007346059284,0.0014735939148201,0.0106252168925257,0.0177727359345953,0.0250056313098588
2022-07-05,0.0340945082752775,0.0200986427928445,0.0003155175042284,-0.0399533887281048,-0.0002597084940339,-0.0055585249218592,-0.0152143824758981,0.0136173556327883,-0.0085506830943178,-0.0088336688380296,-0.0349613215460741
2022-07-06,0.0065850268814632,-0.0081304695613995,0.0058825914279245,-0.0173021445149674,-0.0020202839599913,0.0069648031220408,0.0076308152066982,0.0090905396103335,0.0045599019401643,0.0009064559400559,0.0101562639077115
2022-07-07,0.0243637793447098,0.0375914323292054,0.0003879033802228,0.036628095216441,0.0147047182021175,0.0039074299951916,0.0098396232754104,0.0221943194568491,0.0069430085442065,-0.0019483635562921,-0.0003969660954918
2022-07-08,-0.0002597307068359,0.0095653377427477,-0.0007194952909887,-4.3934350021534675e-05,-0.0031546370038162,0.0030372139787612,-0.0044751291047689,0.0010220339120694,-0.0077583654813559,-0.0038133322217217,-0.0027798105374184
2022-07-11,-0.028598695925101,-0.0404987793919168,-0.0015997795900149,-0.0089792017095989,-0.006681763716897,-0.0018573736705725,-0.0065075231165945,-0.0156702685685679,-0.0062030718431822,0.0040554036089225,0.0066479711920364
2022-07-12,-0.0074849152928957,-0.0013922504853341,-0.0053151814738055,-0.0200257295826348,-0.0057457182184769,-0.0132228911589906,-0.0036553318819593,-0.0156524619614454,0.0045384384811582,-0.0021137164104732,-0.0047521035843985
2022-07-13,-0.0126194100153765,0.0104961824920594,0.0027057853242041,-0.0003825153194641,-0.0090120530793337,-0.0091226046070262,-0.0111542577629527,-0.0019591786778602,-0.0083122248307487,-0.0069658072252546,-0.004040127790693
2022-07-14,-0.0117792240015386,-0.0023995675387546,0.0047084443760491,-0.0179168976131591,-0.0157671619635702,-0.002445715024648,-0.0057263342950203,0.0095817158003435,-0.0119382006128353,-0.0054336733142102,0.0009641818066287
2022-07-15,0.0196320779086262,0.0135552776081658,0.0030248335136707,0.0185033183522038,0.0357690901706626,0.0240521615613454,0.0155849929206741,0.0168036138726479,0.0135463730656635,0.0143364042513062,0.0024195591116009
2022-07-18,-0.0106120238890778,0.0021487508339245,-0.0094326174216752,0.0201913062837455,-0.0051207237551334,-0.021915577492853,-0.0076206934133631,-0.0102223884747651,-0.0009970835271109,-0.0125910557776419,-0.0137117433945227
2022-07-19,0.0385779600374094,0.0280434263099695,0.0102934737969051,0.0324398057431364,0.0321460603960828,0.0175504251684468,0.0360539508323331,0.0296587784186961,0.0315485261251557,0.0232147716177734,0.0070628378869392
2022-07-20,0.0126596677211185,0.0095163798630231,-0.0045322127325179,0.0104498259867538,0.0031870125282908,-0.0109803367574847,0.0066148657886451,0.0164587762441931,0.0062202520124601,-0.009492806929951,-0.0129901198681773
2022-07-21,0.0037694994089667,0.0456745492225962,0.0036271449867726,-0.0154435755801339,0.0086223679790042,0.014707676967347,0.0077420207020207,0.0139824728201898,0.0126817592774112,0.0101411863180554,0.0023815217139923
2022-07-22,-0.0448263826766302,-0.0033771872044979,0.0046920239869022,-0.0085136281921853,-0.0064721019784434,-0.0042633536068107,-0.0025569356370921,-0.0146720910145844,0.0007414688712341,0.0089184515111068,0.0139264442975594
2022-07-25,-0.0041221796564946,-0.010074863422414,0.0036052234117975,0.0364114137407567,0.005409623576499,0.0060410667934973,0.0036272128685328,-0.0065494868481641,0.0086754221397702,-0.000168856456654,0.0126535141787066
2022-07-26,-0.0239543144182534,-0.024834272885955,-0.0130315714073923,-0.00841424169766,-0.0141975589936359,0.0054349134869965,-0.0073226447610341,-0.0181088749101301,-0.0121595881175072,0.005441062147159,0.0057080152662661
2022-07-27,0.0589021395125297,0.0472901810891272,0.0104764387367163,0.021575613378874,0.0141254391898805,0.0060228687377933,0.0193153790723189,0.0461783895157284,0.0047206084159415,-0.0006557485518421,0.0012764527572165
2022-07-28,-0.0016064068000921,0.0219449609874845,0.019722733154992,0.0034943893438553,0.0094713856642617,0.0049251874777801,0.0195020757832546,0.0147222719916629,0.0155406253540637,0.0326918081822685,0.0346036337612484
2022-07-29,0.008375056231354,0.0318359670007234,-0.0049587733428128,0.04651899113685,0.0109899337306913,-0.0043195747921238,0.0193069725583064,0.0159645931503275,0.0118570508407318,0.0055433191930331,0.0090367067506585
2022-08-01,-0.0046085014425005,0.0013577728719999,0.0115289664943728,-0.0207465915765061,-0.0056606210852238,-0.0073637529562154,0.0030857578548836,-0.0018426722015681,-0.0047600299230239,-0.0078536452019655,0.0007784759749179
2022-08-02,0.0008741965793423,0.0017036450252546,-0.0073902723739767,-0.0030274191683428,-0.011571825224858,-0.0041578121933746,-0.0083831792278046,-0.0068052900434823,-0.0070616170667004,-0.0128007671768266,-0.0015882661048547
2022-08-03,0.025697842731392,0.0184047482242148,0.0049314973823306,-0.0288525849922191,0.0160451944979159,0.0089298295677286,0.0098427015756024,0.0279022572302897,0.0004650191116302,-0.0002265312833798,0.0064534991982291
2022-08-04,0.0029661565358701,0.0018758584721511,-0.0100746692611473,-0.0362002712414216,0.0002787978625097,-0.0055096217244033,0.0012440545671095,0.0034693088857557,-0.0026681530139578,0.0008650004224996,0.0007533623864411
2022-08-05,-0.0100651750510785,-0.0339316648580686,-0.0019908271545783,0.0212070929870545,0.0083468693073123,-0.0004725034404234,0.0026040573143679,-0.0025237285015341,-0.0011825872082797,-0.0003761473685395,-0.0031305158755819
2022-08-08,0.0044938368923268,0.0061072176751864,0.0003252984040305,0.0058097223974787,-0.0031528097600054,0.0027465460833086,-0.0017580305265646,-0.0090664803228281,0.0103037240599559,0.0080666464387409,0.001675550799174
2022-08-09,-0.0072620694941415,-0.0175908926846798,0.0003488695189007,0.0182813027719569,0.0016103862121293,-0.0019451157889625,-0.0034532152758612,-0.0093633790218657,-0.004844079665909,0.0083710015352416,0.0116150695416113
2022-08-10,0.0296543713278807,0.0305764822120296,0.0075747357611587,0.0075387590096041,0.0245844410007384,0.0099574596053567,0.0213323280762628,0.0293927084163585,0.0287663464440126,0.0129919715865889,0.0046837408632815
2022-08-11,-0.0009419644141958,-0.0094810715574627,-0.0042773737925161,0.0352306627347563,0.0081253170112913,-0.0075057832612473,0.002632334575831,-0.0051929352004397,0.0051675844118797,-0.0084688143732676,-4.316071881233275e-06
2022-08-12,0.0192973225719771,0.030817884913506,0.0101489830644062,0.0072779180567241,0.0145072683439934,0.0143937397718177,0.0163807799633621,0.0217460782994504,0.0209350472797759,0.0158085432886404,0.0160662642530736
2022-08-15,0.0029062337345688,0.0176016670552568,0.0099050342686645,-0.0194541510240662,0.0036079141553403,0.0045247806063269,0.0040962041842472,0.0051899403220497,0.002675483356171,0.0022296555681496,0.0086283340442784
2022-08-16,-0.0022480609644122,-4.9740511167128646e-05,0.0157415937676939,-0.0034512301270453,0.0046090055128767,-0.0019950035633616,0.0046980474189208,-0.0034316134623065,0.0079666894369473,-0.0070757784151428,0.0030696042229902
2022-08-17,-0.016598992839168,-0.009460954810632,-0.0023903531202667,0.0067742227452674,-0.0065844421873251,-0.0050061333803058,-0.0060482490607703,-0.0061990795427855,-0.0130687686597535,-0.0024872406428575,-0.0015144170815645
2022-08-18,0.0026123084269335,-0.0016057179253778,0.0024957228049832,0.0273159331763034,0.0021688876900862,-0.0045505019270307,0.0041450093693531,0.0050532236838401,-0.0006678514917239,-0.0089891515292589,0.0030353704574208
2022-08-19,-0.0210390642862256,-0.0187657254874659,-0.0056300505772179,0.0005175113642283,-0.0182770385952035,0.0036467257210309,-0.0128309872074494,-0.0190584409208364,-0.0212343361002847,-0.0066868228853443,-0.0003573010777474
2022-08-22,-0.0245519174506923,-0.0240601282421023,-0.0124708266394851,-0.002697471428342,-0.0208860546009389,-0.0127376338161744,-0.019504892664339,-0.0287094324487405,-0.0141578022694224,-0.0154516784028076,-0.0139882003472262
2022-08-23,-0.004369410304781,0.0107569301118527,-0.004825635653899,0.0360709013300108,-0.0056476746061002,-0.0141238755332811,0.0012468876847502,-0.000466327099418,0.0084092076752542,-0.0179774971343191,-0.0060767880726541
2022-08-24,0.0041810408387234,0.0053937245546369,0.0026265834583807,0.0119202520081742,0.0027992239572657,0.000539926573435,0.0030679894167934,0.0004434904817183,0.0066665571359544,0.0027925816630956,0.0036040354090553
2022-08-25,0.0212920917839783,0.0068940943959818,0.0034966572493277,0.007007137818913,0.0156029193132359,0.0106549800817119,0.0146544627186926,0.0173573062538178,0.0233209444199773,0.0131682227537423,0.0062863164830185
2022-08-26,-0.0410379567379557,-0.0310487099327577,-0.0275883436075411,-0.0109066063818009,-0.0323429563656602,-0.0271706061602481,-0.0324261350722243,-0.0432904170014365,-0.0295303183257836,-0.0231474835088549,-0.0149390458000019
2022-08-29,-0.0072977697822312,-0.0065250726544107,-0.00089285636073,0.0151394001334715,-0.007173686708616,-0.0075346564080257,-0.0042758216853629,-0.0135655162754743,-0.008324309934788,-0.0052326893854048,0.00351661182541
2022-08-30,-0.0055819402451888,-0.0164213446450219,-0.0072873675797728,-0.0345655180123167,-0.0041677359154362,-0.0062851797515848,-0.0138020322412637,-0.0109427044406673,-0.0139120472855825,-0.0159850155640304,-0.0151822602788825
2022-08-31,0.0022680540095389,-0.0060489199603693,-0.0061313140372301,-0.0088301927875282,-0.0076908950177332,-0.0063274890207828,-0.0084950879367928,-0.0098408506675428,-0.0129980488418746,-0.0015069756901428,-0.0061912345161931
2022-09-01,0.0107290862154149,0.0052471482238617,0.0090058932214031,-0.0224706857760041,0.0037085418024153,0.0177269493252429,0.0009429368387235,-0.0066727816023649,-0.0113972745617652,0.0061244506971922,0.0147243621640179
2022-09-02,-0.0160112418572899,-0.0140792591929157,-0.0132586143927712,0.0199824589734031,-0.007595507002455,-0.0148415370057479,-0.0095533959519269,-0.0125952257585888,-0.0001262048128399,-0.0172885578716358,-0.0107737998138153
2022-09-06,-0.010095352911394,0.0068110874481689,-0.0057611463239351,-0.01094403285896,-0.0006329249404485,0.0002208580365172,0.0039162996374037,-0.0090025672666471,-0.004153579127985,0.009967893652464,0.0018907195162492
2022-09-07,0.0203633058796245,0.0309135304163111,0.0200511185764841,-0.0109060585066206,0.0191179241763036,0.0161367538301362,0.0159854390871696,0.0156425504204612,0.0284498156833115,0.0189389563786898,0.0314393138856001
2022-09-08,-0.0041200993041955,0.014722950771427,-0.0021250874762728,0.0058158253390398,0.015134873031018,0.0177951902300637,0.0037594884707592,0.0040837402064032,0.008867710116326,-0.0017889127761596,-0.0012462459478037
2022-09-09,0.0226057804353848,0.0229910902528754,0.0080575902671086,0.0243108539231867,0.0112299185321555,0.008451742471134,0.0115708141785749,0.0211856649665387,0.0122274561181341,0.0080046137033784,0.0040170486959655
2022-09-12,0.0023976895151325,0.0125067454870072,0.0061372064057122,0.017590128245729,0.0092948474976783,0.0061042300075559,0.0057198760559779,0.0164457629317518,0.0073524129595182,0.0108525531767638,0.0095363307182881
2022-09-13,-0.0538279359302562,-0.0394491728994712,-0.0320260287220456,-0.0255464025464533,-0.0381039720339296,-0.032233364785609,-0.0380847137047923,-0.0558885077968944,-0.0356255095178439,-0.0373243641648299,-0.0267126709627782
2022-09-14,0.0028275330540848,0.0237743105163017,0.0001465244125603,0.0296106510427985,-0.0012176726487709,0.0019214908458091,0.001364882659279,0.0037867006938052,-0.0073419318428904,-0.010009402406716,0.0085635787497951
2022-09-15,-0.0114664262311476,0.0006870078705599,-0.0094123307856693,-0.0256150439203479,-0.0009659950469746,0.0052918448138617,-0.0108665831292744,-0.023893483002958,-0.013195801961623,-0.0220290934994946,-0.024992299666718
2022-09-16,-0.0067832373903257,-0.0060811037589407,0.002175712271812,-0.022095413843026,-0.0105842901160594,-0.0022790647398784,-0.0206012141852202,-0.0043265889365089,-0.030746744265887,0.0058789456376131,-0.0028208276140212
2022-09-19,0.0046955480599645,0.0155146297759699,0.0058446714033416,0.0026045896751655,0.0083654233159005,-0.0058638097694529,0.0126905073656932,0.0087192170871898,0.0206508727562977,-0.0034315497808965,0.0135083634762604
2022-09-20,-0.0140192218378707,-0.0104149651049438,-0.0064296555924772,-0.0071913272426482,-0.0150614054596957,-0.0110675893879659,-0.0115284688670296,-0.0052049893335349,-0.0187386542302493,-0.0259970189615507,-0.0137626357050033
2022-09-21,-0.0192468364370222,-0.025839961415786,-0.0031962900562087,-0.0146381828770965,-0.0219617652761318,-0.0168787697404174,-0.0125079165005761,-0.0149181461808806,-0.0211888205677816,-0.0142674610597516,-0.0142514763275433
2022-09-22,0.0023272532517482,-0.0333461017313328,-0.0034572978556398,-0.0042064251533196,-0.017318060335933,0.0070834246551195,-0.0156141707727053,-0.0091448759597914,-0.0177456879973284,-0.0093026517112245,-0.00319887348827
2022-09-23,-0.0144138723136387,-0.0296389047396377,-0.011990394155547,-0.067054570300612,-0.0168755162227957,-0.0051049020540654,-0.0191582684004678,-0.0139136322649499,-0.0181799855080603,-0.0143118553013587,-0.0112019632340575
2022-09-26,-0.0093475465051955,-0.0012070418698793,0.001051047835001,-0.0267226157637882,-0.0174356755341086,-0.0099233916626153,-0.0125287729653121,-0.0058825037725366,-0.0156978735983265,-0.0260722380145895,-0.0231372700064285
2022-09-27,-0.0075914256291567,0.0104771641799374,-0.0160395617760668,0.0116984013576404,-0.0056869780064689,-0.0018196869820499,-0.0034915114414985,0.0035589468899178,0.001124203382767,-0.0119079451793153,-0.0173504319571255
2022-09-28,0.0299330652384546,0.02177845089932,0.0134407811847035,0.0438495627662396,0.01840059744321,0.021800503575324,0.0227537305260454,0.0095468565857369,0.0243522025123078,0.0171876306093356,0.0101454298286148
2022-09-29,-0.0230006742700448,-0.046315341292635,-0.0149732527673927,-0.0014921193343176,-0.0114761899567274,-0.0085817529677231,-0.0189006723998869,-0.0284520287348856,-0.018882885402334,-0.0320756162564536,-0.0412913793590912
2022-09-30,-0.0143377423355868,-0.0217872813958012,-0.0163548927206928,-0.0092495547847909,-0.0115779659510593,-0.0139165834236152,-0.0120376451246554,-0.0197678105953858,-0.0047308755069161,0.0093443463234318,-0.0187349087619626
2022-10-03,0.0244167252653972,-0.034559783027911,0.017593729973894,0.0567763771829763,0.027371957296815,0.0208735786413364,0.0301315198695365,0.0327875026729067,0.0315563978837339,0.0165406523438666,0.0295722872909206
2022-10-04,0.0228553559253947,0.0349095244721166,0.0134429362541666,0.0426383690853788,0.0393444623466949,0.0225083451791963,0.0335510350402074,0.03326230104794,0.0345185378990015,0.0132808717959772,0.0214189285019462
2022-10-05,-0.0038033517847698,-0.0157110742598523,-0.0072773868772411,0.0204459340075063,-0.0047546898674988,0.0029453534457185,-0.0050187550336315,0.0031309502515515,-0.0115206320527394,-0.0241200061075192,-0.023242351668435
2022-10-06,0.0003742779678109,-0.0105072675319554,-0.0131500126719694,0.0171822700881356,-0.0141272116237799,-0.0125394154407405,-0.0111168978669471,-0.0080049085822055,-0.0073672947061356,-0.0369244835425829,-0.0344858096264836
2022-10-07,-0.0259484574987223,-0.042675738882761,-0.0161137160851101,-0.0077256115608854,-0.0222527235581304,-0.0210747681953628,-0.0195083382467278,-0.0444136109726622,-0.029041518514419,-0.024452030655104,-0.0212795058377694
2022-10-10,-0.0045095587543782,-0.0040553219804633,0.0026306872001022,-0.0204616907514762,-0.0065550542269144,-0.0059462845550208,0.0030995339384912,-0.0164577555032602,0.0074440262061257,-0.0153011656836933,0.0014328952220172
2022-10-11,-0.0150863823924951,-0.0160036299388443,0.0086373769859047,-0.0059885771749578,-0.0157743550070864,0.0061621717412707,-0.0016075383085888,-0.0146950332733054,-0.0086532186324147,0.0086764772598087,-0.0028932719671193
2022-10-12,0.0021988534717894,0.0059218248323306,0.0033458094032468,0.0064805839701588,-0.001315139976204,-0.0049498747202802,-0.0098287847910471,-0.0026371827001207,-0.0165092086042207,-0.0177503995272367,-0.0345672248889556
2022-10-13,0.0173350760154924,0.0190550414761233,0.0132673020053509,0.0416580223872742,0.0382773084293838,0.0231039115342939,0.021276625409408,0.0308398880777068,0.0285453331009431,0.0202059076471186,0.0253507040862479
2022-10-14,-0.0202578085465347,-0.0479270222463775,-0.017986420213843,-0.0353259398033307,-0.0179264541400086,-0.0080451217243795,-0.0219682498015612,-0.0302387467796819,-0.0339636713985083,-0.0248845445843201,-0.0151763353801743
2022-10-17,0.0329229997715835,0.0484827339060063,0.0127516172302309,0.0122013755823799,0.0257324740428879,0.0171231066212684,0.02433522268138,0.0318479459057831,0.0297039891427629,0.0374775907612508,0.0219756718718219
2022-10-18,0.0036525290937507,0.0076558948831427,0.0152948717704447,0.0071404886819381,0.0163911852850013,0.0056653238837708,0.0239262549072251,0.0078552123913928,0.021768099347086,0.0139815370020053,0.017495311107009
2022-10-19,0.0009741505764107,-0.0008443757220104,-0.0049955919953735,0.0290127552931786,-0.0142978374685834,-0.0138353155772005,-0.0068102917099981,-0.0024086369129817,-0.0102329318840019,-0.0226784098822444,-0.0129486738792253
2022-10-20,-0.0014872067742915,-0.0378235537004518,-0.0116270842952215,0.0006947599007899,-0.0128154974701681,-0.0083193064032912,-0.0187000798592233,0.0019131503792829,-0.0125786898484469,-0.0099323108561194,-0.0252059985689017
2022-10-21,0.0111361063580741,0.0295236943812336,0.015124335866673,0.026699349045214,0.0271136325845115,0.0234577299341876,0.0248722468976201,0.0283944909432943,0.0307497578394664,-0.0012788729487843,0.0174191631218493
2022-10-24,0.005486841708263,-0.0090340950859368,0.020003826333405,0.0037619254111929,0.0110510255998894,0.018886813290057,0.0138396598239588,0.014453541401307,0.0062131562320083,-0.0013108050207321,0.0081689730272086
2022-10-25,0.0235353842421894,0.0382611440865248,0.012448881868929,0.0009746012388498,0.0170944122338738,0.0072440588944898,0.0134350499363085,0.0188317178190683,0.023031310210226,0.0404829098251152,0.0201446849140614
2022-10-26,-0.057334983262418,0.0043417880425506,0.0054102370557883,0.0134625249103839,0.0093394125495284,0.0108547648894736,-0.0002437510465736,-0.0279029810117772,-0.0021592728128326,0.0004158905743334,-0.0004615400178608
2022-10-27,-0.0504261681136891,0.0044792063829402,0.0010653469341549,0.0029657702132259,0.0074662334495158,-0.0058929861918831,0.0105064812048478,-0.0136149824091377,0.0033164715292374,0.0030987321205714,0.0061124655376248
2022-10-28,0.0267421383872457,0.0212266909140956,0.0202712409307354,0.0096094238556671,0.0233376481283446,0.0173982060517215,0.0229413361035298,0.047867237397112,0.0051935922303836,0.0254517232686393,0.0293397027227201
2022-10-31,-0.0192091890753333,-0.0050394079562208,-0.0082180005662047,0.0075078518092716,-0.0078198690546608,-7.809893244070615e-05,-0.0036036298472924,-0.0131243560184687,-0.0037522603406567,0.0035120664556122,-0.0096603870020823
2022-11-01,-0.0201465938571193,0.0025896724701746,-0.0019068672668269,0.009840553280211,0.005726996243398,-4.206491572373163e-05,0.0007983682769859,-0.0106666788567363,-0.0040483792668302,0.0024961804907318,0.0048948095913344
2022-11-02,-0.0333172769537103,-0.0446513966446439,-0.016608516229381,-0.0250513473103025,-0.0163611844933172,-0.016454539307808,-0.017223776805807,-0.0344992704959457,-0.0273862845187462,-0.0205881625250397,-0.0097539661676835
2022-11-03,-0.0280273668178513,0.0009764771195624,-0.0024716114459775,0.0205121789254161,-0.0174940291377627,-0.0039083264183789,0.0094251162256658,-0.0283528780071805,-0.00247427329173,-0.0037421510238657,0.0048659550292398
2022-11-04,0.0195162865474091,-0.005447552210144,0.0116059988711434,0.0125757584743959,0.0201230778940459,0.0065742485439774,0.0131063326270138,0.0167512316134842,0.0203832953738591,0.0204436928242344,0.0051171591697702
2022-11-07,0.0217866734198076,-0.0270809906020905,0.0083536137213705,0.0179666795730958,0.0120602797534784,0.0109940312428601,0.0109119898477188,0.0159213813558808,0.0105077887969346,-0.0001227716222844,-0.0205210885214801
2022-11-08,0.0017699582706928,-0.0114788300474086,0.002915702736787,0.0005387612332464,0.0069931061060462,0.0050698346747861,0.0103713516042155,0.0090118609590944,0.0168411042539802,0.0106562292457775,0.0079461167125151
2022-11-09,-0.0142011484081366,-0.0425411935678591,-0.0137392102360165,-0.0480464035609722,-0.0212141098028875,-0.0108074887502909,-0.0135429878674359,-0.025348124249875,-0.0180878657426487,-0.0096785781772496,-0.0079975284674309
2022-11-10,0.0650055720069986,0.0624382974455188,0.0293984394696926,0.0233096095133914,0.0568153608340657,0.0258029640998526,0.0444158612140497,0.0856948667275263,0.0614051134388265,0.0723530946102331,0.0463637744688667
2022-11-11,0.0241972066024999,0.0232012474245952,-0.0014679274161818,0.0297773526648392,0.0069371641634919,-0.0132906191389894,-0.003272588141762,0.0192987587817034,0.0131593568811241,0.0043396292997706,-0.0119827380887522
2022-11-14,-0.0025174216744757,-0.0176636326191434,-0.0114934960108636,-0.0029261752573095,-0.0147771432057902,0.0011574891299429,-0.0075080773966205,-0.0111214737010501,-0.0034232723283946,-0.0260414350565571,-0.012815789944448
2022-11-15,0.0216384858037829,0.0132753190523609,0.0190237960051545,0.0114128375719761,0.0036337173463217,-0.0011742588896854,0.0084129991239802,0.0124470026229146,-0.0047252651196463,0.0120430747534011,0.0113722233631807
2022-11-16,-0.0056927477850411,-0.0229542999050183,0.0004499651720014,-0.0204541972178563,-0.0060605224818217,-0.0005133102068308,-0.0060134896000497,-0.0138790690691782,-0.0168136555405886,-0.0107108777029262,0.0093145519749339
2022-11-17,-0.0090601043412172,-0.0143030767922173,0.0010314567963796,0.0018590533038281,-0.0056672093186466,0.0003240514998026,-0.0017777148692269,0.0025374317153393,-0.0074199136471171,-0.0076787352837976,-0.0166463134860749
2022-11-18,-0.0053985900058144,-0.0068008804777539,0.0106066473341127,-0.0079681421677903,0.0061409330243926,0.0123399768464073,0.0086397231521505,0.0013980322741175,0.0025974714256542,0.0097384219413527,0.0203675040676216
2022-11-21,-0.008788702335717,-0.0373265809744326,0.0080478353325892,-0.0146430432359054,-0.0014697290065663,0.0008676395846328,0.0038592168675651,-0.0102579778677377,0.0054962552396428,0.0116239668000451,0.0047672583643203
2022-11-22,0.0100262350525187,0.0110367755644104,0.0054116980101964,0.0309492497496478,0.0110213289036997,0.0087481160892292,0.0079667911835973,0.0192335767751538,0.0170927261005331,0.0029750161316633,0.0087777281790208
2022-11-23,0.0128476577256196,0.0425859183585814,0.0044989797880018,-0.012079390511511,0.0050658367000634,0.0036282149959142,0.0019991868440066,0.0091381968222674,0.0066414562999766,0.0006767350496912,0.0112491478400506
2022-11-25,-0.0077180447114898,0.0006673442393295,0.0004153414990653,-0.0029264411943649,0.0049263222240526,0.0064785986096737,0.0034553988768882,-0.0082099421782674,-0.0014070218202726,0.0062196128287985,0.0063118376881759
2022-11-28,-0.0147916465087417,-0.004745765703671,-0.0027044578260758,-0.0273554779433251,-0.0174189096560163,-0.0075797586839806,-0.0171376078434002,-0.0220046196442936,-0.0215202626178019,-0.0299030352825692,-0.0103675668993689
2022-11-29,-0.0039933747825158,-0.0029695886584807,-0.0048187961228419,0.0136765846195231,0.004059452620416,-0.002395332106351,0.0063945397272694,-0.0102718585299087,0.0081676176750539,0.0183716147127218,-0.0076871663934564
2022-11-30,0.0518433826067163,0.0523967713125757,0.0179927525835503,0.0074575733667153,0.0225291443467374,0.0247955268891423,0.01777605729127,0.051537651766995,0.0232388245990615,0.0187992546930391,0.0255100246959434
2022-12-01,0.0050318948518259,0.0017453065231258,-0.0064344876303333,-0.0047210690811264,-0.0049009654555728,0.0023130556084754,0.0013057961757127,0.0011654368385164,-0.0022836695869435,-0.0021095202413659,-0.0010686915018919
2022-12-02,0.0022793860828483,0.0016679550861146,0.0035859231890633,-0.0060803070612088,-0.0047370843497104,0.0028317789707319,0.0062767677004149,-0.0060429826817231,0.0116376574154343,-0.0044663160890622,-0.004694195065013
2022-12-05,-0.0110080265588922,-0.040733287184109,-0.013459602434884,-0.0285984330306192,-0.0242557662508453,-0.0097788863037477,-0.0169177534191842,-0.0171754695216576,-0.0205824925803429,-0.0146354110223786,-0.0062594138351042
2022-12-06,-0.0287191226866319,-0.014691622454396,-0.005404401635758,-0.0266692866039737,-0.0127774490136938,-0.007371981534658,-0.014609260988622,-0.0210640289243103,-0.0128581548111751,-0.0099955903795152,0.0080649531770145
2022-12-07,-0.0112880138493709,-0.0195945865570389,0.0029999084767042,-0.0029888241758405,-0.0044196673095954,0.0087563163556407,-0.0016979007254775,-0.0062659081213129,-0.0027972000387095,-0.0041001484662491,-0.0040561876233458
2022-12-08,-0.0039251157522681,0.0059645039285166,0.0050148065947088,-0.0031297754922211,0.0035654639848223,0.0087858230716479,0.0065942708624035,0.01621828282201,0.0009623305605531,0.0080337150804364,0.0061111299041499
2022-12-09,-0.0015034369602528,0.010876529509396,-0.0097561503796411,-0.021947017595818,-0.0037786242281698,-0.0125645052971535,-0.0074841165681993,-0.006002403114881,-0.003270939109728,0.0035049109700504,-0.0053042200646863
2022-12-12,0.0021181989160049,-0.0254982841209291,0.0102479480523309,0.024278965477906,0.015204563328122,0.0103995499023772,0.0185351444606709,0.0213459369576941,0.005937134111424,0.005502494904178,0.0240111322287301
2022-12-13,0.021013336997474,-0.0229577193534545,-0.0010363880449584,0.0173372904886546,0.0017088251686018,0.002316311734696,0.003213672977373,0.0128485843122625,0.0128087185313472,0.0201605434081961,0.002770140687389
2022-12-14,-0.0027875488434958,-0.0153409629302917,0.0001984424661103,-0.0054584033148694,-0.0114752702792728,0.0018422387076772,-0.0017634770828507,-0.0089190594117968,-0.0206273744816912,-0.0112712300321186,-0.0014352077978546
2022-12-15,-0.0387494006719573,-0.0051823249390478,-0.0166654846718969,-0.0057525343745266,-0.0214052041550222,-0.0186678178510594,-0.0245467394394638,-0.0385179615600566,-0.020858262709122,-0.0072154328344257,-0.0120834928242026
2022-12-16,0.0006243512961823,-0.0331416353335813,-0.0055329773809254,-0.0135586832422217,-0.0074125735174138,-0.0141959598274957,-0.0054090065086407,-0.0138027784367134,-0.0079571109675922,-0.0240648241146652,-0.0157419894535309
2022-12-19,-0.0234081430496246,-0.008697151312462,-0.0018248116020318,0.0005568618735082,-0.005028901679812,-0.003426814396168,-0.006187983588198,-0.0143434872989243,-0.0154419016345562,-0.010810950019605,-0.0037506894081573
2022-12-20,0.0091870465141405,-0.0414991979199631,-0.0001698160130904,0.014395069235699,0.0023429835947248,-0.0004195391798996,0.0005293762085685,0.0016841708784814,0.0040933168488341,-0.0026734564378627,0.0010064196654416
2022-12-21,0.0088775340157243,0.008954963064229,0.0101667237140404,0.0189157246396183,0.0154620956499706,0.012689632568087,0.0176006518130537,0.0173286238956888,0.0102654495973937,0.009057047087944,0.0138799713980562
2022-12-22,-0.0141120892283017,-0.052482773479878,-0.0046216141700988,-0.0229525830195652,-0.0087349052344919,-0.0014693297811308,-0.0136079286880799,-0.026476835038867,-0.0121507513652145,-7.833825175148948e-05,-0.0059963391068534
2022-12-23,0.0112393143504182,-0.0066201358164415,0.0047423251977665,0.0316088704049348,0.0054645480354337,0.0010991292452598,0.0069339684482215,7.061027434857049e-05,0.0091389803665496,0.0102766709839747,0.0107227585301615
2022-12-27,-0.0158289382123747,-0.0579990986091152,0.0041173854842078,0.0109144915936445,0.0004687082753433,-0.0025281267853253,0.0029869968070243,-0.0111417602344336,-0.0042660262071017,0.0013336812565672,0.0060696264352792
2022-12-28,-0.0138541232466893,0.010002931827532,-0.0113075833501951,-0.0226600254559041,-0.00561598114496,-0.0061902071930592,-0.0123761326287645,-0.0173937778789525,-0.0128768646186179,-0.0138567398728988,-0.0091846176374574
2022-12-29,0.0276157707875768,0.0503484926288369,0.0058780528520711,0.008973856277152,0.0156321725885841,0.0102466521560346,0.0124498194424107,0.0275001398207115,0.0131671601493229,0.0213983606940786,0.006864097478463
2022-12-30,-0.0008273691355633,0.0046893748779024,-0.0044219044932239,0.0074875068876704,-0.0026429487122614,-0.0031293455846463,-0.0043923319902327,-0.0009003880543472,-0.0059109474011872,-0.0098107359886054,-0.0094080919327208
2023-01-03,0.0117201672371512,-0.0340199497188878,0.0005158533238926,-0.0361174591663236,0.0037481592066679,-0.0033945767400307,0.0021683160526299,-0.0113948569253958,0.0046689360820962,0.0091639563786467,0.0003167731397577
2023-01-04,0.0047117065201686,0.0299073922484899,0.0033949459899305,-0.0003585668170126,0.0177102759945914,0.0020895424429819,0.0088999736007649,-0.0001704515966615,0.0202791411327461,0.0251042581614244,0.0102273696239875
2023-01-05,-0.0118529318389604,-0.0098912192938788,-0.0065710510993461,0.0187041522574312,-0.0091238903640992,-0.0102209747109305,-0.0092017048214322,-0.0206910184647408,-0.0189978490518239,-0.0256569908117011,-0.0210796431169489
2023-01-06,0.0153575549923969,0.0238848393671924,0.0269253152386707,0.0165448050107692,0.025697520968285,0.0089419379997875,0.0256789879958144,0.028886766118087,0.030568277978297,0.0277775768592405,0.0194523648226186
2023-01-09,0.0040238587486738,0.0152922120411543,-0.0121429444675327,-0.0039056522566465,-0.0001260823430968,-0.016897515452458,-0.0055842299208272,0.0114189141938957,0.0091856819492747,-0.002659860110712,0.0058695439667918
2023-01-10,0.012441960606588,0.0042026722896073,-0.0025433769110298,0.0078811511414878,0.0068743147134467,0.0087977611461368,0.0036158745502334,0.0059361420143349,0.000922391468063,0.0005742076401497,-2.4576197356301125e-05
2023-01-11,0.0183841159643887,0.0194959389788745,0.0016520242490054,0.0029851069307182,0.0087525669630716,0.0053475482252632,0.0103644210862241,0.0189451010682187,0.0171602100457313,0.0340605051771295,0.0083420731472558
2023-01-12,0.0056987451005168,0.0031021497577533,-0.0088294152335531,0.017530007745524,0.0050896507525536,-0.003027247237118,0.0039199342204698,0.007177135236896,0.0073312843343159,0.0116306997447441,-0.0059486381077439
2023-01-13,0.0036251387496413,0.0011081174384549,0.0057467523310202,0.0014427160154637,0.0059854346312965,0.0043507490235367,-0.0023616868650978,0.0046498418022917,0.0031375290896474,-0.0046560851414282,-0.0044528623916776
2023-01-17,-0.0062723421149907,0.025329369949868,-0.000183533918915,0.001840953094892,-0.0041576284251264,-0.0057845790619008,-0.0088443200222664,0.0050935787963754,-0.0042748978648197,0.0008972670512405,-0.0010258245315324
2023-01-18,-0.0054426402684956,-0.0171439533108301,-0.0263084807109449,-0.0183207365974862,-0.017868556419884,-0.0147657091393102,-0.0170594542488981,-0.0126962926320575,-0.0143697168661794,-0.0204086084726117,-0.0247146722683648
2023-01-19,0.012453381268266,-0.0117849870000539,-0.0121793458587757,0.0105238541620299,-0.0121573248075347,0.0029154412589837,-0.0184033449598813,-0.0124093264467047,-0.013766166998479,-0.0060813447316424,-0.010061456699129
2023-01-20,0.0413000358890675,0.0258697340940143,0.0094258592619252,0.0127408920639745,0.0182851399384734,0.0049754521573321,0.0136969683120121,0.0280632613004899,0.0236616328580379,0.0094129449993041,0.0057390664454894
2023-01-23,0.0190287786921006,0.0323443429902976,0.0045063930123825,-0.0024340962262283,0.0113945104605649,0.0017516413565155,0.0111115992897933,0.0243108344767879,0.0081359744814758,-0.0027550890195406,0.0008515701399516
2023-01-24,-0.0091744360748686,0.0002606365520746,0.004530070446574,-0.0025833099934809,0.0007230113892632,-0.0051644825953037,0.0075394375333,-3.738770536056077e-05,-0.000143908640844,0.0047405772500544,0.0041852231372609
2023-01-25,-0.0104870894844515,0.0036223259309266,0.0011713996500457,-0.0015619099350668,0.0072199759291571,0.000279330685605,-0.0065181955124449,-0.0026731710814825,-0.0033232790329775,0.0036071486008465,-0.0147608953803783
2023-01-26,0.0197445610867636,0.0414326641704844,-0.0021161823657883,0.0341714202430099,0.0053725728450768,0.0013564669394681,0.0023702624673486,0.0186401329161982,-0.0045931967547675,0.0077955860444015,0.0032207324378101
2023-01-27,0.0126994901426052,0.0349993112388081,-0.0015378529730618,-0.0194901964647872,0.0039004628251569,-0.0074639624144355,0.0018827665168457,0.0033185112639021,0.0052340353165545,0.0059395235677563,-0.0002919030526152
2023-01-30,-0.0208199608445969,-0.0261328749821159,0.0004742972629,-0.0230292462058773,-0.0058710217332027,-0.0090316584097627,-0.0075650211404623,-0.0202474537117013,-0.0079744163025711,-0.0115417575728015,-0.0039500421154838
2023-01-31,0.0132823529493692,0.020787960339172,0.0116533267220581,0.0099457364949971,0.0116529931904203,0.0130626901452735,0.0179409013224778,0.0156407358510138,0.0236676672981704,0.0184259616983403,0.0063863444366566
2023-02-01,0.0153854245373277,0.0219835968579277,0.0057506433498344,-0.0173985430829499,0.0025283716906264,0.0041082917872882,0.0057466816333508,0.0239623526014146,0.007748585726227,0.0063766747140923,0.0014745620318896
2023-02-02,0.0724641582096563,0.0151984229789195,-0.0072646190632126,-0.0243122407399387,0.0022127085176332,-0.0082374707701083,0.0077864103428587,0.0306884830011381,0.0108080196593991,0.0160258886667297,0.0013356768801592
2023-02-03,-0.0199286230474959,-0.0068155182635559,-0.0057307510920431,-0.0012955326357887,0.0008531663523421,-0.0014066131321142,-0.0036309731050419,-0.0078319146259519,-0.0155751171885148,-0.0199567458812493,-0.0204777172969988
2023-02-06,-0.0109568893293666,0.0075068781286079,0.0003433476400981,-0.0039126510222387,-0.0031438670965669,-0.0057324668435541,-0.0021700256829225,-0.0125867819608287,-0.0082330872628734,-0.0068219715166338,0.0095983690271646
2023-02-07,0.0288670394671234,0.0078678889728134,-0.0033795025745326,0.0303152372375904,0.0111498565926018,0.0057139639961394,0.0038851030619011,0.025630171393846,0.0030680710025591,-0.0034598966095353,-0.0002459552847429
2023-02-08,-0.04329033484393,-0.0030428849820789,-0.008028125685963,-0.0097912106742173,-0.0064321792773585,-0.0019826035222797,-0.0060757904907839,-0.0118930134121121,-0.0101617485352753,-0.0028025461301549,-0.0170223652450094
2023-02-09,-0.0290023902649248,0.0099292094035442,-0.0016906761715986,-0.0072108477429929,-0.0118700988104895,-0.0077402397495057,-0.0065502697663879,-0.0054936508439003,-0.0206535673339336,-0.0142215626902517,-0.0132913751014276
2023-02-10,-0.0121786687061621,-0.0180838038225992,0.0082808429504439,0.0378876553472347,0.0030583962380394,0.0102545958767704,0.0081848843638124,-0.0045020520210165,0.0080220893753382,0.0071610317478327,0.0204389706797736
2023-02-13,0.0070085068500609,0.01107044287049,0.012937282912743,-0.0041929367113735,0.0087188121930343,0.0074684543101829,0.0079358972926973,0.0200182766440933,0.0006558640422834,0.0052519719424735,0.0059786618590657
2023-02-14,0.0002526446417423,0.0267457220263935,-0.0077791485241446,0.0003027071173695,-0.0032090855922149,-0.0056920752110433,-0.0022205321251702,0.0052536377730611,0.0049480382073299,-0.0110492699416029,-0.004099531496941
2023-02-15,0.0124700350381017,0.0145324501202572,0.0038211752371535,-0.016190609968457,0.0019360615379772,-0.0058124656116281,0.0061812667634407,0.0049745845502205,0.0065489293001202,0.0035455900429757,0.0063899475266467
2023-02-16,-0.0154740924748854,-0.0242144367265373,-0.0092280813342583,-0.0105337606195999,-0.0106049837757543,-0.010753384484442,-0.0092346306902836,-0.0184119298303525,-0.0049605977896507,-0.0051955432093204,-0.0075646565611968
2023-02-17,-0.0069718554032302,0.0076381649647869,0.0120445245265895,-0.0350618230496127,-0.0021169668912094,0.0099726889094137,0.0041567943403154,-0.0119753474407427,-0.0094821750963128,-0.0035559832378367,0.0109239360357937
2023-02-21,-0.0195070898307092,-0.0302234700728471,-0.0024823067231886,-0.0032257720750312,-0.0188478174705883,-0.0129629214524225,-0.021901519621912,-0.0247442453382314,-0.028216971496003,-0.0215003871423454,-0.0192969746955349
2023-02-22,-0.0010087249788438,0.0042963820994649,-0.003948833622156,-0.0072421849884864,-0.002221930864414,-0.0031105857326505,-0.0019582455271279,-0.0003180206865704,0.0111348980519799,-0.0131002597499112,-0.0038452273378922
2023-02-23,-0.0060795886889649,-0.0017862273824403,-0.0046073203024353,0.0127236380882525,0.0018464489719381,0.0024600264089461,0.0046566317763772,0.0159759501512024,0.0044553380978898,0.0093102304734369,-0.0049578851129891
2023-02-24,-0.0147622617180056,-0.0168717339995438,-0.004303370915644,0.0006528829411515,-0.0015884279587779,-0.0129422023619106,-0.0051005854778539,-0.0181827476307406,-0.0042355948210657,-0.0186286893597881,0.0008702246445948
2023-02-27,0.0063223272211647,0.0211435842865063,-0.0009388965912697,0.0018933481749162,-0.0001689582607138,-0.0037090386855399,0.0087963579872566,0.0050893258354241,0.0063834840537751,-0.002029469459857,-0.0061143212154647
2023-02-28,0.0043199418319496,-0.0037287665973596,-0.0055307373908218,-0.0137363959198448,0.0011958622167786,-0.0075471818785149,-0.0022870043818099,-0.0017646363286812,-0.0006770256184402,-0.0010211451524689,-0.0175069614922552
2023-03-01,-0.0027900796474004,-0.0057197983501197,-0.0101734247964735,0.017632302702,-0.0044416752702245,-0.0017218098485179,0.0035141738616046,-0.0084801131129629,0.0001415407292844,-0.0142517656371743,-0.0172185989564296
2023-03-02,0.0126595755721005,-0.0083061638650729,0.0123865014457448,0.0083563062005631,-0.0043895774148179,0.0055596933769028,0.0124102421080952,0.0129050360591444,0.0161197793706452,0.0098935607980302,0.0199132912882412
2023-03-03,0.0202301135381174,0.0206896602230109,-0.0001465186012974,0.0132676152834455,0.0165753035563789,0.010994802071923,0.0095154275352025,0.0221986174091496,0.009341889241541,0.0157471725996435,0.0180918996583596
2023-03-06,0.0064888174959212,-0.0071125039209018,0.0026891066125004,0.0017828567412472,0.0011946257424596,7.071547621711556e-05,-0.0008695331951055,0.0049447599293078,-0.0173007762056743,-0.006476481289088,0.0054542603641877
2023-03-07,-0.0100413293305763,-0.0168603914958146,-0.0094609770541751,-0.0172582259522886,-0.0240602073644639,-0.0161822617736441,-0.0128033250022242,-0.0119121961907663,-0.0181276126114442,-0.0272915854053788,-0.0154269472201763
2023-03-08,0.0026290946297761,-0.0092319456988306,-0.0001074930206698,-0.0089835521222554,-0.0034107744746615,-0.0056760472326839,0.0013163183060763,0.0086842063811529,0.0037522850441068,0.0160924482524881,0.007831712873371
2023-03-09,-0.0186848681117252,-0.0301825319278302,-0.0087632167415574,-0.0146827677653172,-0.0360150163536397,-0.0102067447729002,-0.0146046861419485,-0.0141181352350614,-0.0246469859268015,-0.0226760925629452,-0.0071009796262346
2023-03-10,-0.0145170733899147,-0.0058365055088488,-0.0040968660076236,-0.0138822511490745,-0.0230684165882283,-0.005889618765565,-0.0162792664734367,-0.0159923512952496,-0.0187573943682551,-0.028873748746989,-0.0153791473176432
2023-03-13,0.0034308490220073,-0.0022735269984828,0.0056799105421882,-0.0183084810880102,-0.035694600649945,0.0093266218009907,-0.0050575450987205,0.0087001273770086,-0.0100195673509373,0.0191681706994852,0.0159346636921869
2023-03-14,0.0274472435884377,0.0214438061775982,0.0077427804237511,0.0087764212338413,0.0245327014697098,0.0091707048494144,0.0114393119542153,0.021903911113527,0.0100160200250582,0.0144106047969748,0.0135436584754313
2023-03-15,0.0154120862452227,-0.0121530819782395,0.0095881323149377,-0.0531715276242381,-0.0229114657576105,-0.0011673875092808,-0.024501898277685,0.0014437804965607,-0.0231368450604835,0.0016671775765597,0.0132615297550675
2023-03-16,0.0311062892521267,0.0177585301318389,0.002010791881884,0.0087880774348841,0.0163797376571019,0.0092041328988237,0.0135883574528614,0.0307676047112841,0.0057779872838757,-0.0029095887810145,0.0066296198504448
2023-03-17,-0.0015273093688864,-0.0163881654781862,-0.0039798130368649,-0.0148987707667644,-0.0267372008316752,-0.0123483941481633,-0.0157390498990864,-0.000870209078886,-0.0185684480009823,-0.0243144355148712,-0.0094293290337382
2023-03-20,0.0010389544331692,0.0115340245441279,0.0123963118272575,0.0206660084459323,0.0097560370602224,0.0131963559273792,0.013204153982417,0.0026267466972805,0.0193052894842741,0.0093406903414961,0.0074741679569442
2023-03-21,0.0252749031863539,0.0353922210414823,-0.0024670781245423,0.0344020047784309,0.029836471492529,0.0053402988222003,0.0100799169120668,0.0084519046286651,0.0155036576200802,-0.0070635419167291,-0.0195680677987556
2023-03-22,-0.0138089486364362,-0.022518299699399,-0.0073445697955859,-0.0216027867857743,-0.0261569741447984,-0.0144836258335683,-0.0187165548123964,-0.0096860295863871,-0.0240484684799207,-0.0338773176878209,-0.019331011350362
2023-03-23,0.0200086032810557,0.000514033904676,-0.0007508423447588,-0.0138324066354239,-0.0077130763136054,-0.0014884367712325,-0.0017277042145942,0.0162656930031609,-0.0054030028678875,-0.0063105564622189,-0.0106350109348822
2023-03-24,2.9753140798949026e-05,-0.0032528873396425,0.0167226162369567,0.0024076078391597,-0.0011308832873196,0.0131069840925634,0.0042873863420161,0.0029196260088494,0.0102049456798812,0.0309733888781383,0.0308687278394241
2023-03-27,-0.0168351291720492,0.0036517145327235,0.0051303624510487,0.0207668564600409,0.0154326668485896,0.0038163688255364,0.0082814285377282,-0.0076994475709528,0.0112034341107249,-0.0096821461689295,0.0006227525028123
2023-03-28,-0.0107219604074139,0.0003938357568034,1.4440512858594887e-05,0.0144608969302742,-0.0012021576199708,-0.0056673004398474,0.0064726270109672,-0.0045010707444936,0.0012204757216978,0.0028067585485122,0.0028476454967437
2023-03-29,0.0096991239408382,0.0201967885620413,0.0051007156754517,0.0142491637961387,0.0162823325933392,0.0021387803731508,0.0151476317378083,0.0206876212361094,0.0165934826308994,0.0221201696836573,0.014001335529427
2023-03-30,0.0012091271915548,0.0061814295507086,0.0035464964912486,0.003982643245849,-0.0038635133356729,0.0054798224014591,0.0028401159334512,0.0109989528015083,0.0068067380481019,0.0119723562989402,0.0039912945554708
2023-03-31,0.0204962737779019,0.0361053278303811,0.0099156346638531,0.0062812849326242,0.0125260621021409,0.011171683808558,0.0124176246985463,0.0152446672472828,0.016340548685625,0.0167528671279055,0.0075772200354415
2023-04-03,0.0045347553607811,-0.02268800981499,0.0044350921484754,0.04892282335859,0.0005991273669052,0.0114585494057778,0.0025948967018132,-0.0001387929510979,0.007537322385463,-0.0088505184434478,-0.0070443709808421
2023-04-04,0.0035925548749038,-0.0069995256298923,-0.0019540991017676,-0.0155169884169225,-0.0115563974869169,0.0001608260077946,-0.0219298267134054,-0.0051077938649733,-0.0138180011803128,6.718600527558341e-05,0.0051631268492185
2023-04-05,-0.0049200167368079,-0.0206126106683896,0.0065123482104959,0.0137963502942605,-0.0019529087616935,0.0171371325982993,-0.0118157570051417,-0.0118095975584476,3.798666278096987e-05,-0.0006993330747185,0.0258743650327564
2023-04-06,0.0226086730192951,-0.0033627400150816,0.0013149939779926,-0.0147586247539014,0.0020017375631449,0.0025596987409842,0.0002809515506457,0.0068267996886794,-0.0053905081295097,0.0058779829962833,0.0072720015363381
2023-04-10,-0.0091292073102802,0.0035686285019695,-0.0009302240044544,0.0047276667542723,0.0031972239139957,-0.0004902727043402,0.0079437051291945,-0.0013532679389406,0.0054508979574991,0.0059594256129345,-0.0025611952057662
2023-04-11,-0.0060910070358842,0.0097352696184953,0.0011163985368497,0.0089825645209496,0.0098615367440117,0.0028895255564958,0.0055857770985295,-0.0100584991974071,0.008939022280176,0.0062181676096676,0.0004190939494261
2023-04-12,-0.0083486456596677,-0.0166142789527126,-0.0034930590287707,0.0006118380545429,-0.0033009730498847,0.0003064540555748,0.0038832997224259,-0.0057206544800036,0.0024192791872672,-0.0033185012674023,-0.0008287362614907
2023-04-13,0.0243368702889164,0.0195906907927125,0.0055908081506481,0.0064515415606069,0.0086066163734307,0.0131564201258375,0.0035699524848678,0.0193910821342315,0.0096991348106497,-0.0004335964535902,0.0002762563735942
2023-04-14,0.0046599537361101,0.0001069163767078,-0.0065079497136454,0.0015735035460722,0.0111848315369551,-0.0070698075536863,-0.0031921945474616,-0.0046984684688302,-0.005680799944155,-0.0152689161282652,-0.010490917381389
2023-04-17,-0.015464876468632,0.0087133635738253,0.0052687705505998,-0.0124860205742593,0.0120757420763039,-0.0010821716390494,0.0081690523955328,0.00386871290457,0.0094183224948854,0.0183992617433488,0.0059755847035861
2023-04-18,-0.0071026132927472,-0.0009080586952073,0.002198564979564,0.0044925764557073,0.0039635743506918,-0.0063686086193485,0.0053279497157721,0.0040158333924548,-0.0014318951954845,-0.0022254862925671,-0.0049421229665264
2023-04-19,-0.0061204116249708,-0.010290576988965,-0.0003900031110478,-0.0023288994242324,0.0041129227422747,0.0031140943133344,-0.0006296679859863,-0.0016063248079372,-0.0025509818558698,0.0067605595228541,0.0078192464221041
2023-04-20,0.0026636570596837,-0.0396739816304769,0.0061270559561438,-0.0089339235931971,-0.0049740793422102,-0.0039266080468625,-0.0018045203086032,-0.0078384416275036,-0.0075800445381736,-0.0134308472773137,-0.0002698238332763
2023-04-21,0.0014739439458148,0.0074295355518352,0.0073707340289007,-0.0058071874702651,-0.0053710111355175,0.0066183416593541,-0.0024399032869125,-0.0034916917787186,-0.0092564274439009,-0.0010229259822696,0.0029404420595762
2023-04-24,0.0031096497837926,-0.0021704196858313,0.0041788281468235,0.0152886981642914,-0.0038041619732625,0.0052079475599757,0.0016729943026958,-0.0044346232973074,0.0099964328994213,-0.0043546724762102,0.0048816638383375
2023-04-25,-0.017984693621581,-0.0130455063671423,-0.0004031929382498,-0.018026992073033,-0.0201284657168859,-0.0104263676128559,-0.0180204084536096,-0.0213316871250892,-0.0241044326662901,-0.0055895976880854,-0.0008062775030434
2023-04-26,-0.0007166557342087,-0.0187494131397097,-0.0077661702093666,-0.0142678305885293,-0.0086922278570476,-0.0140706585192797,-0.0180881693400446,0.018178918222433,-0.0106488700152947,-0.0092438961530906,-0.0234307825530004
2023-04-27,0.049875874130816,0.0254643576452042,0.0095954566377464,0.0067817109002676,0.0161522596226269,0.0048848775256397,0.0197964744912481,0.0210363764423118,0.0110408644418355,0.022870861794867,0.0123703900277426
2023-04-28,0.0040535204747852,0.0182703515618282,0.0032624623009534,0.0151164306046857,0.013915110610485,0.0080171923146099,0.0090705152501276,0.0103954614142355,0.0140295181641258,0.0113591255643907,-0.0016042172902655
2023-05-01,-0.00079119471216,-0.0018052371903972,0.0017544750017123,-0.0124192018944683,-0.0043624697779364,0.0063378563019893,0.0056945967497892,0.0019027051432109,-0.0048351260762397,-0.009990476593271,0.0027717336605263
2023-05-02,-0.0142676863962522,-0.003625442372852,-0.0006387726112423,-0.0424754841363733,-0.0257178016374479,-0.0046905550752994,-0.0101549917756475,-0.0098178973114515,-0.0087717012740151,-0.019603822362811,-0.0122348356685372
2023-05-03,-0.000796399660098,-0.0093394516295209,-0.0063718212402004,-0.0197397309930128,-0.0126243097414133,-0.0012808647422673,-0.0050104294597231,-0.0076222729300719,-0.0135879930631543,-0.0103947984488533,-0.0030785520616311
2023-05-04,-0.0096984022675614,-0.0034939882479302,-0.0005152746485634,-0.0104929433461769,-0.0137904826325168,-0.0078123581884482,-0.0097396362647064,-0.0043889737328593,-0.0132842338566394,0.0035078187278519,0.0075581828066821
2023-05-05,0.0119856528033107,0.0304194954701473,0.0091095512788154,0.027431722796282,0.0269498740804776,0.0096751250062284,0.0146031227409775,0.0269285627839053,0.0174170184341371,0.0139238045328232,0.0067530877930428
2023-05-08,0.0115864522032467,0.0079530123582721,-0.0021608290711682,0.0002684211143327,0.0004017138372597,-0.0017624407782876,-0.0036099061561051,0.0008226904543571,-0.0016079736314457,-0.0150424561387358,-0.0024575466042358
2023-05-09,-0.002174304889064,-0.0071736773899579,-0.0029579896321015,1.233567046671157e-05,-0.0027964873387445,-0.006993344206816,0.0028232203014856,-0.0078267160087316,-0.0073921391926393,-0.0010248691651876,-0.0019752371175035
2023-05-10,0.0170536718953309,-0.0059790577251536,-0.0004786014316995,-0.0121475706230509,-0.005592884034604,0.0018355352551755,-0.0038817142570142,0.0123936783900755,-0.0010079407198252,0.0085828000656078,0.0093359234448007
2023-05-11,0.0183708462035205,0.0047898656069808,0.0040889253004783,-0.0121333416370768,-0.0019433634578708,-0.0030259782293578,-0.0052757492038762,-0.004808811506424,-0.0054141548799805,-0.0064475371471118,-0.0101007292672722
2023-05-12,0.0015159386523376,-0.013631472542682,0.0032266599297296,0.001959306125646,-0.0042597325239421,-0.0016206400401065,0.0008934692236164,-0.0012989470406098,-0.0036762922991125,0.0065823748951474,0.0052365720450754
2023-05-15,0.0008983235054514,-0.0022667114051955,-0.0037266807250106,0.0035625782714137,0.009307394401649,-0.0014314007611076,0.0055833034487551,0.0075015938372414,0.01372696264573,-0.0053988006860562,-0.0125322264181192
2023-05-16,0.0113613596768358,-0.0062779951051268,-0.0082037759787579,-0.0245980773141759,-0.0119752709115779,-0.0084453748506686,-0.0129436471381523,0.0015357067380188,-0.0158739571431642,-0.0260793917678195,-0.0224955086015851
2023-05-17,0.0121184141521116,0.0238684493473205,-0.0013334055017782,0.0208674957360332,0.024290805597348,0.0015175069555893,0.0169372684197252,0.0135064996127815,0.0097959086056526,0.0140930148133195,-0.0031794157837503
2023-05-18,0.0180135634323099,0.014763801192307,-0.0025051767630846,0.0065656480464944,0.0069750315233804,-0.0026964556419016,0.0061802241216123,0.0213218524413599,0.0098892378227765,-0.0096499394685814,-0.0031027393041116
2023-05-19,-0.0046322462367458,0.0007454066989975,-0.0019359327662095,0.007369306047959,-0.0056710155705564,0.0043037427945427,-0.0022071052857911,-0.0005757285756956,-8.188320538641756e-05,-0.0039276066322557,-0.0015582451129909
2023-05-22,0.0121035560226513,0.0092903188311339,-0.0159362809658042,-0.0044771396822937,0.0048427843276384,0.0018367338694496,-0.0002681614111903,0.001374926651757,-0.0027803534943784,0.0086612251976816,-0.0005305657242726
2023-05-23,-0.0149181571265787,-0.0190057626980547,-0.0081627393480921,0.0111672201550789,-0.0115892156796981,-0.0099348242789554,-0.0130986667153336,-0.0147864766026715,-0.0064548001909302,-0.0135544903273197,-0.0032969231754364
2023-05-24,-0.0039674667290835,-0.0102771295221771,-0.0062358918589465,0.0055769030455757,-0.0136049322813348,-0.0073818290491849,-0.0118891759862086,-0.0053878316649642,-0.0118329314887391,-0.0219003379014427,-0.0061426039789513
2023-05-25,0.010917585186433,0.0033065041125037,-0.0073720805615234,-0.0185588679280223,0.0025872800379607,-0.0098128772695559,0.0026025544120584,0.0433209765572004,-0.0108589781481048,-0.0054889139955109,-0.013824178388741
2023-05-26,0.0156606286942456,0.0213287210116782,0.0045779280210421,-0.0036088360068352,0.0087840019555168,-0.0018812289077914,0.0077275855238054,0.0273199197868683,-0.0012503401783834,0.0034213243181374,1.602664380430648e-05
2023-05-30,-0.0014692736081928,0.0134360494843627,-0.010232674080066,-0.0088925152671685,-0.000464183462939,-0.0068206103958292,-0.0017817103401197,0.00640794922163,-0.0026144853347804,0.0027305285158753,-0.0044940273977057
2023-05-31,-0.0028277996728956,0.0004336870723232,0.0008774434591368,-0.0179766492620415,-0.0119711846194795,0.0086183670617733,-0.0127186224067858,-0.0086337367541298,-0.0157971615744297,0.0106710117880449,0.0100926652850283
2023-06-01,0.0116297339339626,0.0106215492411499,0.0005493562911506,0.0127955443007666,0.0127478388244597,0.0060670962252827,0.0131252181971319,0.0125689968897548,0.010683924870512,0.000825027684046,-0.0068526665677328
2023-06-02,0.0057275283248154,0.0304896241742248,0.0125942979899036,0.0294650413548403,0.0225873670067999,0.0130790752948469,0.0280282237847938,0.0049517059472803,0.0368268650063458,0.0223678906244701,0.0093485283540639
2023-06-05,0.0051458611177669,0.0043950070839843,-0.0019545179294108,-0.005324944560654,-0.0063752641719862,0.0037009432269034,-0.0061096639549587,-0.0050742883707161,-0.002056724594674,-0.0047916225831125,0.0051060221783543
2023-06-06,0.0062427224257249,0.0105309999120214,-0.0066113158267639,0.0074905472776121,0.0134940934064176,-0.0085627537214103,0.0055634684574314,-0.0007231731938943,0.0124569381973867,0.0103414591050826,-0.0004517460703847
2023-06-07,-0.0224623491168368,0.0046579229793164,-0.0056035026068576,0.0258168021351976,0.0027258844008283,-0.0039231592200002,0.0168046964409252,-0.0158829846907275,0.0162541507226094,0.0195182816283503,0.016575491719477
2023-06-08,0.0020671938518042,0.0196240793470138,0.0095665151090648,-0.0041638639737855,-0.0012124131722286,0.0064638001260818,0.0027898311736523,0.0121772522539776,-0.0066543883982939,-0.0051774508427722,0.0047994491594294
2023-06-09,0.0020078860318177,0.01717344355759,-0.001727394829392,-0.0055011815340943,0.00060490979557,0.0019896872896671,-0.0021706159650002,0.0041701332950125,-0.0116059529768404,-0.0016636664504455,-0.0061400478202624
2023-06-12,0.0118674383057127,0.0166752086407101,0.0003773930182379,-0.0095199161170534,0.0001112884708167,0.004195481116123,0.0066299172414145,0.0219041054383713,0.0040813522729592,0.003337106757975,-0.0018992282097482
2023-06-13,0.0028242069755944,0.0177405077354149,0.0040685537531649,0.0047173706377503,0.0059505331074143,0.0055615092485346,0.0094571548266545,0.0070309383767629,0.0153803983623601,0.0059090827331887,-0.000888433077819
2023-06-14,-0.0026801993259694,0.0016752920958133,0.0093389157773749,-0.0106001134149468,-0.0038515735494846,-0.010730481787432,-0.0033901817199078,0.0113211066986652,-0.0052841599996314,0.0024330510125544,-0.0001914976057207
2023-06-15,0.0151883579605363,0.004828979772395,0.0102911325575872,0.0096036975127278,0.0137662975696778,0.015821866567189,0.0148762087186779,0.0137567117075174,0.0115095429709749,0.0056837493458819,0.0107651980898914
2023-06-16,-0.0103410352447181,0.0071387985626955,-0.0009070198504083,-0.0018826760115454,-0.0025173020860483,-7.589935768946282e-05,-0.0011105141956279,-0.0086847537785982,0.0011690631739541,-0.0015449979995332,0.0058425438712972
2023-06-20,0.0002129487555004,0.016608646708168,-0.0074100236788686,-0.0224971385042373,-0.0085364097758655,-0.0015334503904483,-0.007751544304406,-0.0056843044222693,-0.0140152986813026,-0.0162696870272767,-0.0114373635060645
2023-06-21,-0.0138819217756968,-0.0194455115047828,0.002931451540457,0.0092399080250432,-0.0027007789743695,0.0005149808422901,0.0045760140452062,-0.0142744329210613,0.0033767950141072,-0.0068203726729811,0.0086427813625102
2023-06-22,0.0123349458992969,0.0066861814867983,0.0070476795963157,-0.0133211489541236,-0.0083968319922666,0.0061232669165714,-0.0079810227859831,0.009245870440865,-0.0090626252348965,-0.0130416479548185,-0.0076984135872858
2023-06-23,-0.0012678159416487,-0.0187506706128522,-0.0066697778982149,-0.0078470453471293,-0.0047187912421372,-0.0035727664770062,-0.0070849042463578,-0.0108620291184979,-0.0088781704962266,-0.0108364697338058,-0.0149528436544392
2023-06-26,-0.0219608769557405,-0.0228035617325845,-0.0015851281245201,0.017621912602889,-0.0014442251531118,-0.005847219113574,0.0071200425572236,-0.0092653677717706,0.0134067544139276,0.0227790563765945,0.0107829646451598
2023-06-27,0.0053732790624592,0.0254115084827361,0.0035867300265792,0.0025546094653924,0.0083327174387407,-0.0027994101908322,0.0130193856579712,0.0202511270666019,0.0071717318854361,0.008559781498753,-0.0004751992692117
2023-06-28,0.0071175005093079,0.0107821961920324,-0.0066600822199601,0.0098320790841617,-0.0011940398304677,-0.0034790630149927,-0.00072303792785,0.0001080482664853,-0.0096905001085474,0.0042853213124774,-0.0141720828615825
2023-06-29,-0.0080441098135446,0.0035462418519534,-0.0029965444259702,0.0111617223092477,0.0179116980534812,0.0062651003120528,0.0097759070185855,0.0016018886365002,0.0135004752452839,0.009282713000588,-0.000513055880192
2023-06-30,0.0122928184837385,0.0134672102920551,0.01068990401116,0.0058624122598346,0.0083571335415408,0.0108931560626699,0.0089351031419964,0.018040447724293,0.0094780405253642,0.0032966280153646,0.012028456760168
2023-07-03,0.0003191737417,0.0292282828174596,0.0054708940494943,0.0031803283175669,0.0072894438944949,-0.0082424146613523,0.0008538741709567,-0.0031926756796807,0.0067111282099339,0.0105863214231281,0.0069704053797231
2023-07-05,0.0144043860284372,0.0008020527175051,-0.0004615436655619,-0.0053644660385308,-0.0035055536617976,-0.0002088602606359,-0.0058758028409372,-0.0054922266547626,-0.0193950243652966,0.008973108821862,0.0113654097441081
2023-07-06,-0.0107485389358779,-0.0173886713149048,-0.0044673966427281,-0.0244860800537873,-0.0109302409757953,-0.0082730788689162,-0.0061558477434283,-0.0018276153372354,-0.0037448675380593,-0.0070116895298393,-0.0119265361959121
2023-07-07,-0.0039488474530181,-0.0030012056642472,-0.0169099606018103,0.0196277098005041,0.0021443355389395,-0.0119789385669239,0.0015448303443195,-0.0044508692851584,0.014835412144313,-0.0054428045874526,-0.0075431870673085
2023-07-10,-0.0097298085372891,0.0029750128736851,0.0021491007138383,0.007917798169834,0.0052489789374733,0.008000790075104,0.013692812582122,0.0002793888980595,-0.0092465110197556,-0.0024656731184946,-0.0041285903227981
2023-07-11,0.0077216049582909,0.005084842169224,-0.001180761516082,0.0213111349955208,0.0140832019696308,-0.0005201263003008,0.0114492871887451,0.0020028408932106,0.0116927578520634,0.0151443930546309,0.0123512953998355
2023-07-12,0.0169214223795438,0.0065841255320665,0.0034032920572618,0.0089499512828528,0.006706929781454,-0.0028033499225655,-0.0016098028134027,0.0120739565095083,0.0098388044142121,-0.000660908667453,0.014965416979272
2023-07-13,0.0267174696290488,0.0103905075664292,0.0038069651684569,-0.0051216002760809,0.0064266131951359,0.0003214996527977,0.0018826626043103,0.0148351089909458,0.0068213135900498,0.0057110990893765,0.0038192793502354
2023-07-14,-0.0028660907608184,0.0053655545672714,0.0056035773605733,-0.0276692564926833,-0.0056018013248777,0.0160070712466097,-0.0034505219304251,-0.0007364424168362,-0.0062977423896339,-0.0053229700719641,-0.0045235573525902
2023-07-17,-0.0022080015749766,0.0143772902433402,-0.0031134830735512,-0.000437252593095,0.0095899763237355,-0.0041129355454979,0.003368077678477,0.0135360931885361,0.0005755229038428,-0.0191813982437158,-0.0118729894834535
2023-07-18,0.0020987845143346,0.0072019522372207,-0.0018124125428539,0.0086403526708657,0.0133996572869753,0.0074905953265808,0.0046899013314264,0.0127719675486414,0.0083891545478815,-0.003402298705702,-0.0084468468032056
2023-07-19,-0.0019628478931222,-0.0035965095660847,0.0083480729058399,0.0055182970296666,0.00645908491706,0.0048654908110135,-0.0015398923714545,-0.002827100288221,0.0023439196271592,0.017790384636002,0.0096644413807936
2023-07-20,-0.028112584667211,-0.0482701373459514,0.0103892375390683,0.012799690199594,0.0064896630671247,0.017227355865743,0.00557289702895,-0.0206236296537883,-0.0029756722912254,-0.005607028575472,0.0186634402716628
2023-07-21,-0.0040424355329421,-0.0017045334212353,0.0048905407058856,0.0080377135002171,-0.0041436828072765,0.0098978424922948,-0.0052074881256361,-0.0025113914976796,0.0011588766318014,0.0026616665489342,0.0157108119071546
2023-07-24,0.0036548712838262,0.0153330715387984,0.0037299374601601,0.0167023476072671,0.0092584557648507,-0.003053138782093,0.0027218218887444,0.0025960756554603,-0.0005470958899411,0.0139785656552497,-0.0022745201443095
2023-07-25,0.0045954030338885,-0.0065336120594592,-0.0012504361914165,0.0053551076125616,-0.0074877721163597,-0.0009941058504286,-0.0041671356846209,0.0117655898472641,0.0162761019449126,-0.0116161521194764,0.0017664736625092
2023-07-26,0.0307677660558103,-0.0004643451867754,0.0016677235594425,-0.001735813730682,0.0064945853053759,-0.0010030309642568,0.009654281009563,-0.0132536077629774,0.0028977835378755,0.0100988493632209,-0.0004727942245885
2023-07-27,0.008016466441579,-0.0178130622535257,-0.008550492368012,-0.0058640704038304,-0.0141073769833666,-0.0069597541963643,-0.0050960109200274,-0.0033731634084867,-0.0049585558987876,-0.0142883815923119,-0.0179288535784806
2023-07-28,0.0247643164139049,0.0214583602439801,0.0101808851384131,-0.0001098390825652,0.0023721795002464,0.0032948310723973,0.007111514982686,0.0154506751637243,0.0063477656392442,-0.0068026783446914,-0.0025613169624931
2023-07-31,-0.0003209753655509,0.0034058068419405,-0.0048816411957179,0.0214972193659034,0.003949616934243,-0.0076951458116745,0.0028506387059181,0.0016588871758934,0.0004983904453086,0.0050307354616281,0.0006586475162808
2023-08-01,-0.0017404586694063,-0.0135382833719877,-0.0040128427943066,-0.0054723156345705,0.0001446322859335,-0.0051577969999984,0.0035707713302661,0.0017137928344746,-0.0013307700379308,0.0062253898553681,-0.0121730370205203
2023-08-02,-0.0211997584150419,-0.0185173034021714,0.0028989276760274,-0.0151512088498096,-0.0100447336838024,0.0006440139423177,-0.0115052734898127,-0.0263383721461981,-0.0086135541319784,-0.0060802523302941,-0.0002262050935713
2023-08-03,-0.0003729459071178,0.0070757177301265,-0.0009343679038404,0.010264961656051,0.0011133446446823,-0.0049355760336257,-0.0058164226074096,-0.0026270246601188,-0.0087125139468354,-0.0162346396676246,-0.0225626765203219
2023-08-04,-0.0012859824807175,-0.0094475721768261,-0.0117259734143668,-9.2965576253463e-05,-0.0022033308141932,-0.0033586872798453,-0.0060724531366303,-0.0151426208592141,0.0017443768106158,-0.0069948790309474,-0.0116815344820782
2023-08-07,0.0197002848896287,0.0048225145134385,0.0104978652659561,0.0020648570314393,0.0104776282147797,0.0114190276097037,0.0130878340902546,0.0023988121570341,0.0027526880314722,0.0075684105740421,-0.0002112211803934
2023-08-08,-0.0025492392995454,-0.0064855823874683,-0.0067533695124776,0.0044341615507019,-0.010831989904793,0.0097147544468901,-0.0053232255888052,-0.0076152115457028,-0.0141472774064418,-0.0032197011698228,0.0056514973278484
2023-08-09,-0.0139710340298639,-0.0168000988156018,0.0018850770140241,0.0112770332479064,-0.0067997631218523,-3.511155356921942e-05,-0.0013435934462662,-0.0152810486879857,-0.0054286348751897,0.0052267175641406,0.0031305328869765
2023-08-10,0.0033129091470938,0.0038793680141431,-0.000668668884964,0.0011269331890569,0.0018209222960727,-0.0006256792263864,-0.0033375869888079,0.0002907000676687,-0.0007632526598469,-0.0045105487701018,-0.0028537526956898
2023-08-11,-0.00692753334263,-0.007139335207055,0.0035141364393287,0.0159224616136452,0.0012695190869662,0.0059184693938665,0.0003077306097146,-0.0079917443012075,-0.003268608803522,-0.0016011713859498,0.0056561356252962
2023-08-14,0.0107249960622754,-0.0043342021657895,-0.0051176034830284,-0.0029927336024729,-0.0016576147391443,0.0040020172791754,0.0002533522474071,0.0187248549375429,0.0002028306573325,-0.0048081132446628,-0.0086452222340705
2023-08-15,-0.0107096968222186,-0.0166177399580284,-0.0092590148318754,-0.0222514628952272,-0.0183620530994276,-0.0036579952951449,-0.0128371495073792,-0.0087130907253664,-0.0151895939023808,-0.0095744343647153,-0.0164249481820515
2023-08-16,-0.0120830943479445,-0.018283860788016,-0.0014246546477311,-0.0093296820145776,-0.0019773328887775,-0.0076407457211008,-0.0041994052599345,-0.0083863288330777,-0.0073584297104041,-0.018862113474155,0.0045035131851105
2023-08-17,-0.0050159948620749,-0.021689281294132,-0.0114466362477047,0.0136244119568475,-0.0051133833686665,-0.0072882889130126,-0.0085681814887697,-0.0104161454910572,0.0012529393837181,-0.0053374223165633,-0.0022205640031988
2023-08-18,-0.0102243635475286,-0.0076659399575483,0.0039397854583599,0.0098111699827095,-0.0003779440040746,-0.0003552806477593,0.0041298244439387,0.0014666866991895,0.0040324334045863,0.0012168012193125,0.0051192471691057
2023-08-21,0.0091537340378612,0.0290712551889384,-0.0069837948255768,-0.0060263054407958,-0.000495557228639,0.0009517153693736,-0.0013825918828072,0.0225555575742381,-0.0015582920887672,-0.0119392963177669,-0.0060132972229536
2023-08-22,0.0016392808927656,0.0037828673478376,-0.0048162780658086,-0.0076251116677345,-0.0094879509419007,-0.0033525686138222,-0.0009431766887311,-0.0019423764892261,-0.0032197590659298,-0.0016700512279935,0.0025938864570089
2023-08-23,0.0208006182394356,0.0086491838573827,0.0063743476096854,-0.0031906185916629,0.009504043172939,0.0029864590910306,0.0093945551749594,0.0193347576289164,0.0007236713687416,0.0140382238684702,0.0041610371420453
2023-08-24,-0.0212219281685094,-0.0198183769338382,-0.0077152539309739,-0.0076093993270281,-0.003410384241525,-0.0076839402944927,-0.0125791232811004,-0.0228871878373123,-0.0039034453405279,-0.0048639271520361,-0.0058435885964348
2023-08-25,0.0013985372895399,0.0187301206143577,0.0062073174270722,0.0116800349690779,0.0034489017066224,0.007101956388987,0.0090845882861678,0.0091510668790331,0.0018507310393727,0.0021282784868615,0.007643296346699
2023-08-28,0.0092895156210661,0.0034592207975003,0.0046752467931277,0.0071493923456313,0.0072713372513715,0.0020219885330872,0.0067594971894742,0.007745124768779,0.008174239935893,0.0047974955211729,-0.000285334389727
2023-08-29,0.0219804014962352,0.0417727494347418,0.0048869092804853,0.00273941391388,0.0098522129705868,0.0085244492509509,0.0061972074342047,0.0213032159530096,0.0177297544556758,0.0114374582220177,0.0034060789488899
2023-08-30,0.0035031498447895,0.0016685925400555,0.0021970435600429,0.005244107322499,0.0007372739024943,-0.00020192680719,0.0049911575751931,0.0086772690406829,0.0031963402963285,0.0027609054761682,-0.0041323062338924
2023-08-31,0.0012533617657036,-0.000548867988963,-0.003697263722709,0.0018409660160042,-0.0026661260229551,-0.0123802443160198,-0.0057913943834751,0.0034985198948778,-0.0003338580967756,-0.0044117897873665,-0.0095008834151997
2023-09-01,-0.0035386261810171,-0.0182899199862915,-0.009274313228079,0.0206758307834613,0.0073235657055066,0.0020162793155777,0.0041335078480583,0.0030521602691519,0.0095601646466943,-0.0024441946502069,-0.0052188460864283
2023-09-05,0.0039414530988252,0.0152428416974697,-0.0074962158462693,0.0050814428649478,-0.0090642690364874,-0.0088569351274169,-0.017540749178724,0.004844310571842,-0.0151404560573613,-0.0087956970262466,-0.0148317500316115
2023-09-06,-0.0065020917612567,-0.0099386983007102,0.0003767574415809,0.0013027837527734,-0.0029798006171128,-0.0055967427594462,-0.0059065068897224,-0.0133179640066861,-0.0056904324566555,-0.0018760547598694,0.0020831591153432
2023-09-07,0.0017234931175231,-0.0029333266670891,0.0051903359096815,-0.0026510622953748,-0.0019190332360297,0.0045989441319826,-0.0030304325438779,-0.0154309721875967,-0.0095306509031511,0.0071357416858225,0.0137630899860307
2023-09-08,0.0042420288452191,-0.00216577318358,0.0004328210075713,0.0093922896317386,0.0034912022967223,-0.0002485455143181,-0.0036119731081397,0.0027859593983468,-0.0021675006156484,-0.0055263779844673,0.0098515314624601
2023-09-11,0.0107533856743996,0.0438901288810759,0.0082587641516704,-0.0137475372498021,0.0032610137941773,0.0073155686150092,-0.0017059205750125,0.0051385022751829,0.00336287932844,-0.0010696150687492,0.0036122305394139
2023-09-12,-0.0111258991345698,-0.010721034425936,-0.0078738432979191,0.0239304019202707,0.0090781525014429,-0.0011804029900513,-0.0050078890171681,-0.0192785961275258,-0.0057565770757676,0.0007909796148211,0.0019768757100487
2023-09-13,0.004334593917371,0.00439388301338,0.0023088073960572,-0.007650773983291,-0.0010755908511039,0.0003181686784785,-0.0059377499213101,0.0031414585174547,-0.0062516087895841,-0.0090132273700369,0.0119794209321941
2023-09-14,0.0096801725272957,0.0142785060103627,0.008668486873095,0.012698961080997,0.0091552693103611,0.0032364815222183,0.0094050990428877,0.0074287524331118,0.0134759689335625,0.0203633513575891,0.0148503755998821
2023-09-15,-0.010662930196195,-0.009851225214043,-0.0077899216969451,-0.0126366592541934,-0.0045127382290392,-0.0070401727187349,-0.0056174659548442,-0.0188536979286283,-0.0083617447899388,-0.0052888538495086,-0.0041667618304458
2023-09-18,0.0034324602980606,-0.0165248707886169,-0.0004075201065343,0.0062667437281211,0.0023561191239456,-0.0019525883585165,0.0010724828521,0.0046583687699905,-0.0073184111370317,-0.0088193732067565,-0.0003999553324021
2023-09-19,-0.0006344823546589,0.0002483072536978,-0.0023638927163434,-0.0068487568766542,-0.0016539431580435,0.0010725988367203,-0.0038613250251954,-0.0007643834926569,0.0001120905631649,-0.0050850638236635,-0.0051496351140878
2023-09-20,-0.0206200231390346,-0.0084585141376861,0.0015351654942134,-0.009035678030799,-0.0061121139801461,-0.0003887315906606,-0.0042904583573353,-0.0176411643034931,-0.0066336893074291,0.0030256824177637,0.0011731468694928
2023-09-21,-0.0152364215872345,-0.0247700617891247,-0.0134487853119367,-0.0139353010801714,-0.0177488163338612,-0.009382210322552,-0.0152175153008371,-0.0151326812848938,-0.016957157968227,-0.0324352330418669,-0.0092930968722152
2023-09-22,-0.0001293172678688,-0.0182735638280891,-0.0027697204919973,0.0020359413113642,-0.0072245575625963,-0.0018952045589399,-0.0031380887503963,0.0026501040691242,-0.0024148591061703,-0.0119762409023477,-0.0007199881199026
2023-09-25,0.0047280672960035,0.0025716327983548,-0.0037027206918644,0.0127897445372415,0.0013234692473278,0.0050905791063887,0.004449918132272,0.0046688675028406,0.0030562529861706,-0.0006925041678586,-0.0024779232047614
2023-09-26,-0.0129246459865794,-0.0101663072459348,-0.0068006097854912,-0.0050898798887625,-0.0151742810364648,-0.0082512524490054,-0.0150192269636193,-0.0178623343977416,-0.013166048956224,-0.0169659533773092,-0.0303829247947934
2023-09-27,0.0066564186222239,-0.0076101629393552,-0.008193059135173,0.0252939638011359,-0.0012262820428375,-0.0048595651483558,0.0077134172191142,0.0018480869317265,-0.0021071340510087,-0.013338737308391,-0.0209543602019307
2023-09-28,0.0111731909631187,0.0160090320063861,0.0007801007807769,-8.629569172626192e-05,0.0090200742339831,0.0052468711177292,0.0040409381368641,0.0068421408846357,0.016325425527759,0.0107509024535031,-0.0220601726178953
2023-09-29,-0.0069164443024416,0.0078193900370568,-0.0034116026059608,-0.0188105901757697,-0.0068780963130948,-0.0072961457509772,-0.0047367061555852,0.0040476648884703,-0.0014674894543649,0.0069529138379041,0.0019788141469948
2023-10-02,0.0185125497483836,-0.0015978555518021,-0.004760061800748,-0.0194184936102112,-0.0090063585823341,-0.0010335046354862,-0.0080933155294492,0.0133356873061365,-0.0148666581120544,-0.0160886908106732,-0.0476839528714451
2023-10-03,-0.0134165994520318,-0.0210606813276626,-0.0075208529895526,0.0006687499571613,-0.0179484651688852,-0.0092537511033775,-0.0060104737474444,-0.0184686628943677,-0.0109018214475384,-0.0202840409672094,0.0130495078950584
2023-10-04,0.01480383148545,0.0312947681308404,0.0088160709984234,-0.0328962414636943,0.0094039570129204,0.0046623524747907,0.0026518891367403,0.0128981036339313,0.0146413510785357,0.0112430218642508,-0.0021918115328894
2023-10-05,-0.001114318201532,-0.0049095181208169,-0.0241938083818489,-0.0057614090330024,0.0049520728774206,0.0052821725367754,-0.0060940750363405,0.0028329634846231,-0.0118911677211457,0.0071367712176492,-0.0060509659662825
2023-10-06,0.0209715830277743,0.0029766263947241,-0.005618783798323,0.0006449976844704,0.0092765511363075,0.0105188111374301,0.0124086293975361,0.0199393396829713,0.0025118623577054,-0.0005652310035048,0.0145438759559602
2023-10-09,0.0069909610398795,-9.236795538652154e-05,-0.0012792288009745,0.0362542988798626,0.0004623819738462,0.0034763230841986,0.0181469775847677,0.0048973337857893,0.0027300196663302,0.0144654553891628,0.0092605263919911
2023-10-10,-9.361324397649706e-05,0.0126502269376586,0.0117998902540594,-0.0006865788183442,0.0080126543724256,0.0050037109187981,0.0055496547700263,0.00176075891863,0.0095220384734288,0.0024909326671919,0.0144764165066812
2023-10-11,0.0127400672897477,-0.0015959534335258,-0.0059922448383701,-0.0157254426480013,0.001486582310205,-0.0038602778376118,0.0072046744168494,0.0101501912448423,0.0015702591123063,0.024977075207299,0.0168016226805425
2023-10-12,-0.0098153946196111,-0.014275096595903,-0.0117380746694084,0.000771707681623,-0.0062832826982964,-0.0084637750606874,-0.0096327196396268,0.0009972127813235,-0.0138517942260977,-0.0097562049677582,-0.0150209701769742
2023-10-13,-0.0138610177177303,-0.0166404274146,0.0086693769289335,0.0220638160722869,0.0018815186957958,0.005951461978668,-0.0085755812078079,-0.0149927378044552,-0.0041271896401448,0.0042067852383749,0.0119112855059135
2023-10-16,0.0138383853784681,0.0142338918354931,0.0101063143619877,0.0072285637074591,0.0113138696192545,0.0075806882013389,0.0098130490352791,0.0096479502563356,0.0119661455491305,0.0071168406748907,0.0100912930007883
2023-10-17,0.0033931759477081,0.0046850250618828,0.0049258814592164,0.0098693162472625,0.0067650161448399,-0.001402280639143,0.0026034737000405,-0.0074053313882109,0.0107350022200196,0.000996832201335,-0.0027662217255355
2023-10-18,-0.0140445882442093,-0.0276648417478219,0.005165456001027,0.0091659846977476,-0.0188413548229765,-0.0087681167287325,-0.0233589189526005,-0.0120906316464978,-0.0236672146153453,-0.0192280404763779,-0.0096572779906717
2023-10-19,0.003596194792537,-0.0475881846532891,-0.0046951463894086,-0.0018163835629085,-0.0143828853414881,-0.0092687303579669,-0.0092992872379543,-0.004423847074512,-0.0161293628199411,-0.0219655856894057,-0.0091273881946376
2023-10-20,-0.0120049968252845,-0.0202541284077502,-0.0058637689827251,-0.0171739252603752,-0.016187723846574,-0.0039066827553589,-0.0101499643221805,-0.017698466856894,-0.0116709943770553,-0.0010847475417162,-0.0107855910173225
2023-10-23,0.00861174733337,0.0010846613817517,0.0003379030958685,-0.0170664064164296,-0.0083971745138244,-0.0062563957352295,-0.0044144550752138,0.0045817169770987,-0.0151860518509844,-0.0067158185009186,-0.0082803712137483
2023-10-24,0.0081440209538685,0.0130771690957216,0.0118079251071023,-0.0139574521176087,0.0061907564987782,0.0032967619766647,0.0070458180825926,0.0075337693721505,0.0056958478989234,0.018381448971343,0.0267466700926694
2023-10-25,-0.0608524790918924,-0.011970761990166,0.0032549608190959,-0.0008739090620989,-0.003238692865226,-0.0091086504208145,-0.012036080560318,-0.0129782268603543,-0.0083183305050274,-0.0143280881297981,0.0056748274073473
2023-10-26,-0.0234452157014663,-0.0194440941029307,-0.0037469150963319,-0.0077519278003271,-0.0020212100492033,-0.0097727231352928,-0.0035117281691305,-0.0215298985240649,0.0052547446264843,0.0280610442480551,0.0084723916471513
2023-10-27,0.0048168879694079,-0.0018502922707998,-0.0117412119449085,-0.0234930456032934,-0.0187733407521883,-0.0175166408740036,-0.0081472495028531,0.0065166241092112,-0.0042667605081289,-0.0200583611187398,-0.0183651871595329
2023-10-30,0.0172793259366525,-0.0133296485952152,0.0146529411096778,0.0034909641944303,0.0174387108177601,0.0055868168692532,0.0117648506743561,0.0113711953785548,0.003143576050849,-0.003003824548282,0.0065381139176133
2023-10-31,-0.0018714318173253,0.0110030602877802,0.0042713798374421,0.0024400152649836,0.0103976532610445,0.0066341776796166,0.0079543256179849,0.0061083128384706,0.0094391383365275,0.0256215444283074,0.0087435728789138
2023-11-01,0.0183923260647865,0.011452706262258,0.000742204435692,-0.0036804020763214,0.0072389392133928,0.0022505455653735,0.0049585704268197,0.0208392834199201,-0.0078479884356426,0.0056819915262638,0.0108930265071748
2023-11-02,0.0065305463729482,0.0426813936713674,0.0121961994320512,0.0308549929800312,0.0266429495919578,0.0159911381884946,0.0201227656767977,0.0179616388797877,0.0230030709172299,0.0355663735585584,0.0179775654000732
2023-11-03,0.0125834743768057,0.016457242796351,0.0002517392199336,-0.0092271986681482,0.0150788498144384,0.005651637553471,0.0080403576555487,0.0114198838299498,0.0210975418912066,0.0204275582861188,0.0048229262459292
2023-11-06,0.0047129521919575,-0.0009440484141176,0.0032998886052665,-0.0119896725304327,-0.0028685965616717,0.0066067034483112,-0.0016794988102838,0.0076585360247519,-0.0087954305924804,-0.0130313243868798,-0.0014189792582584
2023-11-07,0.0058465732119914,0.010072978645662,0.0022962113162214,-0.0225067708157298,6.906050044334747e-05,0.000694619823247,-0.0021460592701282,0.0109052720704223,-0.0052909013374877,-0.0118224208823662,-0.0074260189672006
2023-11-08,0.0025225413920507,-0.0015728766976446,-0.00312785310975,-0.0118104184358052,0.0008006736804117,-0.0013275495315012,0.0034091638316642,0.0065521534502256,0.0041109821899134,0.00423382272688,-0.0077174559074136
2023-11-09,-0.0022848579629572,-0.0294604001054691,-0.0042157142953918,-0.00270910300185,-0.0058694166518884,-0.0206762770683133,-0.0019410588959892,-0.0038096629106379,-0.0141625389786073,-0.0184222288596098,-0.0138099360929661
2023-11-10,0.0163127350587646,0.0165151731424006,0.0081942791816884,0.0104600928232339,0.0121325722053541,0.0058577174205531,0.0138124468683801,0.0263140194077718,0.0076286456508392,0.0102024460701418,0.0055752388603003
2023-11-13,-0.0015274627303024,0.0193296840836112,0.0045739611117579,0.0075772111568872,-0.0014281256952493,0.005991629290774,0.0021877254704152,-0.0051133744259858,0.0010821148191154,-0.0048861653172065,-0.012421505207146
2023-11-14,0.013765930905073,0.0422070816408286,0.0083912195109372,0.0075447882177844,0.0225283161581727,0.0076778972968877,0.0204907526326766,0.0196339204947278,0.0369019342397779,0.047995056145544,0.0394020723076503
2023-11-15,0.0049705571571922,0.0109220967430201,0.0065150515565882,-0.0025186874133757,0.0053691121765307,0.0011617480993929,0.0015466220007111,-0.0004051617257225,0.0061989714547647,0.0017301896003136,-0.0036800161994424
2023-11-16,0.0105432767141952,-0.0166274775595642,-0.0180221726118619,-0.018777464822082,0.0021156188928353,0.0041355218666293,0.0005989114193723,0.0063163968636614,0.0006339025286236,0.0036863932616771,0.0056297806189356
2023-11-17,-0.0055332678206851,0.0013549117582262,-0.0033599744173101,0.0208584418976409,0.0072640749593832,-0.0019869033119009,0.0058203424433644,-0.0018962282544013,0.0030511820257871,-0.0007668269520597,0.0026187489393503
2023-11-20,0.0087916324723935,0.0054708733045219,-0.0007225253923592,0.0009462656482303,0.00334849543327,0.0057458514032094,0.0047740262427516,0.0153111448601129,-3.556215911204807e-05,0.0082734131371465,-0.0028541590001462
2023-11-21,-0.0001621935103276,0.0092856237903638,0.003878161993428,-0.0020005928660047,-0.0005100776246187,0.0062203261714127,0.0001658247462101,-0.0085199577486912,-0.002725193348244,-0.0057884560605909,0.0032611329778274
2023-11-22,0.0093692166544769,-0.0100173461288855,0.0051781014887211,-0.0013373398233049,0.004539587471526,0.0052040307094907,0.0030081467774195,0.0026533331051027,0.0022129290792456,0.0014875659880498,0.0042903262902749
2023-11-24,-0.0077760398585836,0.0018758410326639,0.0041464190402678,0.0043826548496082,0.003664451138238,0.005259553608803,0.0032410882374994,-0.0030348342236521,0.0059284442624816,0.005370499369724,0.0030885187578732
2023-11-27,-0.0039890482447701,0.000383439051181,-0.0015264836406143,-0.0041146519072374,-0.0028509346043984,-0.0064481912902631,-0.0060754644985627,0.00034065770821,-0.0019387408692096,0.0083818125213757,0.0013131784956854
2023-11-28,0.0042723186549698,0.018135533363308,0.0049473626531522,0.0006958446679236,-0.0004270000201496,-0.004864168734564,-0.0022268276610708,0.002026395129276,0.0009042945547612,0.0071428910437698,0.0031457762566637
2023-11-29,-0.0132956794118744,-0.0043308252518206,-0.009596112975253,-0.0073027977441727,0.0108430405783467,0.0004871580208854,0.0028389972076138,0.0014888599342454,0.0063079262898863,0.0061625733748802,-0.0084304076973098
2023-11-30,-0.0131748445443565,-0.0055518556014953,0.0093888775993433,0.00520929368801,0.0114939717538755,0.0124540683468612,0.0115088611955482,-0.0009407165991365,0.0099276694263248,0.0110776197302849,0.0043605882763109
2023-12-01,-0.0048140476659245,0.0101268217717674,0.0014951984011455,0.0051265396756483,0.0099677931085876,0.0036503008583669,0.0157898437254888,0.001633084193607,0.0184259697266676,0.0165940467323593,0.0126122545355581
2023-12-04,-0.0140307685482027,-0.0056119669740048,0.0022878217328408,-0.0054562529624525,-0.0001920976022164,0.001730084157883,0.0021712719833207,-0.0133025669131743,-0.0097407348255738,0.0052154665628911,-0.0038086772652963
2023-12-05,0.004742721420715,0.0022109159491892,-0.0068228863873553,-0.0170347634788739,-0.0050490552496576,-0.0011859117734776,-0.0075162401801451,0.0080603458732109,-0.0127517957376078,-0.0009129692009729,-0.0074720843453696
2023-12-06,-0.0048636369234206,0.0059676355392302,0.0001450343614935,-0.0152234123786475,-0.0047849147222776,0.0007423476273728,0.0056779186877583,-0.0100531904387289,0.0040532706893891,-0.0048093186276613,0.0141257963525654
2023-12-07,0.0209345843705596,0.0088122095653403,0.0011897541868677,-0.0042523384638068,0.0048796292064702,-0.000859322819502,0.0014070111993989,0.0129852429639723,0.0153566982106547,0.0026050431544726,-0.0019866031737156
2023-12-08,0.0227003532957762,0.0059798209820002,-0.0081083143142891,0.0110536117651122,0.005838947125806,0.0020013416754163,0.0046187345029192,0.009318287137925,3.674382710491269e-05,-0.0056850364498293,-0.002182299533333
2023-12-11,-0.0159551943234902,0.0009317003832879,0.0094371261649103,0.0011257925889754,0.0059665395858897,0.0060416847986282,0.0080921938133823,0.0046985638359477,0.0034604876830512,0.000660313201297,0.0076246181656226
2023-12-12,-0.0033207132636749,-0.0026531805141869,0.0041229327402531,-0.0137965941452025,0.0073057890391894,0.0042604050217731,0.0045933224605467,0.0062472694386551,-0.0059857814868782,-0.0007929544133301,-0.0044745126867658
2023-12-13,0.0092559574533965,0.0120484265372405,0.0180231245321609,0.0127202006078632,0.0180335880072259,0.0175051722270401,0.0101059615624314,0.0094898568322781,0.0270960700836283,0.0350736320431405,0.0374722162910947
2023-12-14,-0.0023712375306282,0.0253189580127429,-0.0179327463081973,0.0305757624217469,0.0140015918006313,-0.0053043959184011,0.0131338119544671,-0.003478735861218,0.0165599170000499,0.0216484304210484,-0.0134116897062153
2023-12-15,-0.0488598160696559,0.0015833665801391,0.0006503357678897,-0.005207246713574,-0.002632771931161,-0.0078064304254811,-0.0021623242632914,0.0076588689542778,-0.001257587837402,-0.0123347659353749,-0.016996402233985
2023-12-18,0.013264407113923,-0.0009048879155811,0.0127414413145391,0.007137987936643,0.0005434063347815,0.0023139159275835,0.0006773509215345,0.0029807084371462,0.0004301587174893,-0.0056313278428852,-0.0030337231173917
2023-12-19,-0.021465467525329,0.0139279288056981,0.0010846544992048,0.0125087863833743,0.0080877075057869,0.0069673699794703,0.0068349411647919,0.002760550100185,0.0085311644922995,0.0053373508272209,0.00536491022834
2023-12-20,-0.0218871867236441,-0.0263372969317401,-0.0172579574103739,-0.0095843272706865,-0.017677950537879,-0.0145977163410851,-0.0158369662761734,-0.0155183894430368,-0.0147698261968421,-0.0100431817667651,-0.0193923927190423
2023-12-21,0.0056150531870766,0.0212467565815751,0.0073501084875835,0.0039767718668811,0.0095154331347763,0.0119206949676667,0.0096743243635985,0.010765332990303,0.0111225190583193,0.0084182247507612,0.0006817278280841
2023-12-22,-0.0026906096541877,-0.0099273150592038,0.0080584847895286,0.0027940606471535,0.0024411460923719,0.0050696443923438,0.0041016224400826,-0.0002468376461466,0.005451884667234,0.002819612779624,0.0031570646468574
2023-12-26,-0.0289832786195786,0.0077859790937089,0.0042845737598982,0.0086534296904671,0.0045528835444002,0.0019961807043852,0.0067542617171642,0.0039768677483243,0.0064950399748021,0.0078969424399598,0.0063050093734747
2023-12-27,-0.0254989035501281,0.0078604770326932,0.0053440059225826,-0.0051797716722203,0.0033197367404791,0.0049979220681276,0.0004229911936632,0.0001336564826611,0.0036356706391467,0.0053628863092194,-0.0009978582497864
2023-12-28,-0.0006289681874537,-0.0125012802508977,0.0002658568425879,-0.0143474228280154,0.0040822660282321,0.0025355604187283,0.0004709331588242,0.001235003472682,-0.0025356419272328,0.0049062129094924,0.007678154338017
2023-12-29,-0.0218387581043223,-0.0085358387192432,0.0019750428163389,-0.0028304660319927,-0.0028194265136048,0.0005251620240102,-0.0005580181896102,-0.0029165176789684,-0.0059813564866278,-0.0106255750207379,-0.0007577286119232
2024-01-02,-0.017286640250587,-0.0070712131098506,0.010791949110768,0.0115478391906338,0.0010256037124582,0.017853831299405,-0.0081145640653366,-0.0259220933945615,-0.0012791405506075,0.0098962398726873,0.0140834426313989
2024-01-03,0.0026366783956276,-0.0253186036098157,-0.0073678589414702,0.0147990868446122,-0.0114483494249964,-0.000474977621727,-0.0142157817282378,-0.0100102226575974,-0.0159065131989418,-0.0208370433593956,0.0042729462873008
2024-01-04,-0.0073623840824137,-0.0023429178700556,-0.0012128812990671,-0.0163851926534216,0.0048538494180763,0.0047936245337706,0.0015338565335431,-0.0060771780500464,-0.0050831588968682,0.0013970198031627,-0.0028736645481549
2024-01-05,0.0137676398430784,0.0003305275977488,-0.0036967230126811,0.0008241088819546,0.005446782184831,-0.0003893060906944,0.0030615557134355,0.0013701518153496,0.0037315780000148,-0.0025732257255521,0.0039078675350886
2024-01-08,0.016311787702633,0.0129495726314585,0.0070429799272667,-0.0116727836711559,0.0062184943594046,0.0085805874497172,0.0021137474495177,0.0278045914559278,0.002971525927545,0.0119008670045987,0.0071195799874886
2024-01-09,0.0041926166236438,-0.0127347699387429,0.0041384129803648,-0.0164585181169942,-0.0075642670595172,0.0001244980193848,-0.0033542625336861,0.0025331030060719,-0.0074719786991597,-0.0081981519182573,-0.0075856805925255
2024-01-10,0.0136435244489898,0.0020006511657527,0.001703434310655,-0.0099854250003164,0.0020899663075648,0.0042851214016487,0.0042135039484484,0.0100050371586434,-6.497722674102502e-05,0.00051608313787,-0.0010897493259006
2024-01-11,0.0042516813975045,-0.010299061895027,-0.0014858556637531,0.0012918340436534,-0.0035723555378072,-0.0010147121263935,-0.0033219255491153,0.0043693877801447,-0.0021100967503533,-0.0040535818407099,-0.0232228473053039
2024-01-12,0.0039821066155294,-0.0201595495688706,0.0046317494111642,0.011974935213353,-0.0030027476248618,-0.0021918628735657,-0.0002451176575399,0.0037232879868815,0.0005299897776351,0.0083136977542128,0.0057131835365674
2024-01-16,-0.0073638876737511,0.0012097727349338,-0.0038025584588037,-0.0236962757613661,-0.0067663335474315,-0.0055415860938553,-0.0131996195106689,0.003703944055778,-0.0096698749189305,-0.0070473683216773,-0.0102643366012911
2024-01-17,-0.0088408938326453,-0.0109053193608583,-0.0010001794403068,-0.0084530707179564,-0.0027177400675201,-0.002323223535114,-0.0054695123599949,-0.0052491700703565,-0.0086712501104151,-0.0199812191042882,-0.0147245578265333
2024-01-18,0.0166638200240589,-0.0002728898047582,0.0015519036168413,-0.0019812660937411,0.0017942942571973,-0.0002223161424672,0.0137679282919224,0.0206203842412647,0.0062730677866787,-0.0080623079015107,-0.0103451933742093
2024-01-19,0.0155361208597971,0.0078680484298201,-0.0027230114034632,0.0037619509455462,0.0176758955050689,0.0008056657228683,0.0062609396001689,0.023875712977668,-0.0026067607349568,0.0057200445307689,-0.0010806978111743
2024-01-22,-0.0007142628879765,-0.0082769736698699,-0.0015901896653624,0.0030710258773333,0.0042969684687541,0.0038655447422366,0.0073307095615361,0.004545552341898,0.0042574592280544,1.7514253816728196e-06,-0.0057688052204802
2024-01-23,0.0059576587965055,-0.0024573339446935,0.0110463018290333,0.0028782272874292,-0.000357392034877,-0.000383041641902,0.0011275586853875,0.0049486653416539,0.0013088121400683,-0.0049594590937338,0.0026868552039215
2024-01-24,0.0175145064792039,-0.0057063798376815,-0.0125666350892769,0.0138839928190069,0.0038522770873827,-0.0089343942217497,-0.0052756218701558,0.007016537388089,-0.0130197386289772,-0.0166829754220066,-0.0131456576487033
2024-01-25,0.0175557567806061,-0.0464915170073855,0.0099092714492379,0.0219067118936963,0.0059634901829935,-0.0026320434551859,0.0041448417686705,0.0033028069301963,0.0116292841770039,0.0135202736876459,0.0174754215413665
2024-01-26,0.0024105862542335,0.0018974476415435,0.0069662537658981,0.0070657940160539,0.0020437713979976,0.0063227447953302,0.0002023095858331,-0.0110751094236429,0.0065119883052237,-0.0080494705639405,0.003737938956034
2024-01-29,0.0111753573313347,0.0235260247645604,0.0043112008164396,-0.0012707985957267,0.0045561164008408,0.0066880108131023,0.004912770310704,0.0093876014595038,0.0028949996606559,0.0023175123572065,0.0058885884550927
2024-01-30,-0.0096476749223347,0.0039531660801436,0.0046488725409001,0.0094362660941629,0.0120636976572612,0.001953556960965,-0.0004882182369183,-0.007905057253814,-0.0006715560680272,-0.0108329702120969,0.0004917549677599
2024-01-31,-0.048668480837883,-0.0173428279217971,-0.0058791936861674,-0.0190409593490525,-0.0127554883790157,-0.0007019215111029,-0.0081700223004667,-0.0209913132432441,-0.0146521951766166,-0.0052183970437386,-0.0022824575394697
2024-02-01,0.0083196824327176,0.0124155453060982,0.0187866659248383,-0.0008294438831431,0.0006033948926933,0.0120423833689155,0.0181993211004617,0.0139754041905624,0.0214281537244541,0.0170927588691976,0.0194444794130604
2024-02-02,0.0581548579835291,-0.0033303281946438,-0.0009679574928239,0.0013718914416151,0.0043704953985861,-0.0009832202939497,0.0054329750575101,0.0116506575673135,-0.0138968102663055,-0.0160931775875168,-0.0180270447201008
2024-02-05,-0.0048371946960939,-0.0225318041250414,-0.0037509502421224,-0.0031426972312061,-0.007276186457517,0.0029643039410955,-0.005165523772388,0.0050813815963565,-0.0152431146841856,-0.0223815049719389,-0.0208169238255145
2024-02-06,-0.0015006350305599,0.0142501622951335,0.0032941080042277,0.0043029937835604,0.0035844377194656,0.0117478481573859,0.0086139829195827,-0.0030243180622449,0.0115519533995626,0.0153534337615849,0.0033224208589324
2024-02-07,0.0136840486089862,0.0131569634301911,0.0002745191648968,0.0016060273376914,0.0065607014029408,0.0026312108359944,0.008054407398273,0.0142480123895998,0.0141875900092317,-0.0012114135429705,0.0012869732776159
2024-02-08,0.0079269521005017,0.0098098285112296,0.0021354408704418,0.01117571214418,-0.0040312257667474,-0.0017300775177081,-0.0003141222264797,0.0018108028187121,-0.0016200337203384,0.0014004982334496,-0.0080532953989702
2024-02-09,0.0098749958170493,0.0041603211896347,-0.0096846078841987,-0.015545969092338,0.0038120579557242,-0.0006256344603812,0.0016855561604637,0.0144318603569632,0.0023223605798509,0.0026324916796269,0.0045023615764929
2024-02-12,-0.0041626405629467,-0.0064904548066551,0.005294763599815,0.0121385524942558,0.0054213810727801,0.0010151079732658,0.0004713885066923,-0.0077421731316877,0.0088251583731138,-0.0047597593789057,0.0115659559081176
2024-02-13,-0.0157146590270959,-0.0189934490354675,-0.0087187123556823,-0.0095003741140151,-0.0144454748334805,-0.0088257122896123,-0.0088113030828358,-0.0159852932686143,-0.0062643632393363,-0.0176724034265007,-0.0150763548285371
2024-02-14,0.0139417165822837,0.0135823294731709,-0.0030765826106578,-0.0013836506824198,0.0096567897002038,0.00802130152629,0.0101285200730354,0.0108395565477017,0.008363050626875,0.0123240590602554,0.0057142634041596
2024-02-15,-0.0031057923546902,0.0304885888817874,0.0055426862848025,0.0282307473977145,0.0167511516033455,0.0075697244263539,0.0070806341344292,-0.0037238911920709,0.0100317159294846,0.0141231376879239,0.0159421803971409
2024-02-16,-0.0174436607493893,-0.0065413460649767,0.001112521454244,0.0007140222578291,-0.0041138109412454,0.0029031690497744,-0.0032882673980728,-0.0087640580529557,0.0041496894141991,-0.0047229975398236,-0.0004144349054952
2024-02-20,-0.0065891008270479,-0.014500274114562,0.0151360672745818,-0.0088024922007217,-0.0065530921406282,-0.0035275834611657,-0.0021516044586689,-0.0109633724847151,-0.003030569713835,-0.0018255567434154,-0.0004492313894728
2024-02-21,-0.0006652810315409,0.0059386474073291,0.0012127818156319,0.0186438209598917,0.0031466496471426,0.0029659807996971,0.0050541173691706,-0.0077031511615844,0.0033500771259013,0.0050380089374747,0.0140727798899911
2024-02-22,0.022642859873178,0.0147336562352436,0.0035775688249909,0.0003483255622274,0.0129163996343168,0.012363752271607,0.0103183657003438,0.0389398658344432,0.0120698055116037,0.0009827292711796,-0.0070839772341242
2024-02-23,-0.0070551592095824,-0.0135731724772946,0.0027723088811699,-0.0058579192697312,0.0028441911260155,0.0044188791735741,0.0046780810912905,-0.0029045682355071,0.0061111018955417,0.0010137851786365,0.0082605154938226
2024-02-26,-0.0274965785686101,0.0132587446573516,5.406838105675415e-05,0.0023351567412674,-0.0025200673155932,-0.005436406321509,-0.0016525571762344,0.0003182436072427,-0.005890641782332,-0.0157486342811797,-0.0204182131033875
2024-02-27,0.009304189341133,0.0038873701637758,-0.0003539251687147,-0.0031719356577362,0.0038367233598555,-0.0028909278255776,0.0013814299989748,0.0011527156163812,0.0035232388152329,-0.0023251192678221,0.0196432721874404
2024-02-28,-0.0106002348344739,0.005854880764191,0.0004647860470527,-0.0015741934753453,0.0035615144333163,-0.0050329877093432,0.0058841637349423,-0.0050058717444222,0.0017209608696488,0.0132759035052527,0.0023619751700374
2024-02-29,0.0136765982028693,0.003371559593042,-0.0011760391814386,0.004364333545373,0.00207484995321,-0.0074573322579122,0.001308814445546,0.0107730013459903,0.0114905741245332,0.0097734307886162,0.0006754187767858
2024-03-01,0.0023211856129916,-8.413088905777425e-05,-0.0006544672688634,0.0112269078567529,-0.0013341216641036,0.0097036938795812,0.002060374679336,0.0158557800883713,0.004432492454908,0.0106481814000629,-0.0084895829752838
2024-03-04,-0.018277080629794,-0.03205854680087,0.0031410465061823,-0.0111704342917868,0.0048368041494139,-0.001845732536395,0.0044393516077336,-0.0007680570301868,0.0049323350283016,0.0139457949591475,0.0166843508134476
2024-03-05,-0.0054118895296065,-0.0177828528877888,0.003264000886786,0.0073575828255659,0.0014549349435067,-0.0078508519456305,-0.0058836782047131,-0.0243787728739265,-0.0113261035455751,-0.0077396444393741,-0.0030624383979711
2024-03-06,-0.0037394763871369,-0.009095511479108,0.007297728827408,0.0037011594802932,0.0027978304862939,0.0069820548274279,0.0052405217300884,0.0075922576770768,0.0070194113955278,0.0051644963277846,0.0096444860487832
2024-03-07,0.0213574079897878,0.0065647447377129,0.0028837541051219,0.0079032838561033,-8.851036668785324e-05,0.0050056974568392,0.0067473072743914,0.0166181011206523,0.0135857447406628,-0.0004421903599003,0.0085556247531354
2024-03-08,0.000442658353165,-0.0059128056923501,-0.0096243109882594,0.0036302608731118,0.0017011821387603,-0.0014517882730756,-0.0022863430026059,-0.0143312153097489,-0.0041235140315317,0.0112928612814047,0.0034512988372334
2024-03-11,-0.0022665677788225,0.007192111862469,0.0052400202756407,0.0100406373255718,0.001291323276732,0.0009197667728199,-0.0053773749981546,-0.0013010809626053,0.0096969401067948,-0.001343033920654,0.005010974632376
2024-03-12,0.0129810740252289,0.0021644512204691,0.0070516166360944,-0.0015088277101453,0.0051296795089963,0.0047502035161961,0.002024172095445,0.0226582433676791,-0.0010700586145462,-0.0082235767192862,-0.0100155252373014
2024-03-13,0.0026343597510916,-0.0200814859689388,0.0005458178848603,0.0144204862996497,0.0053224654225761,-0.0042022672720913,0.0011590823235607,-0.0107196764625585,0.0024741500990512,-0.0035942564907748,0.007303943966629
2024-03-14,0.0115920539227048,-0.0218811819484888,-0.0062965765507399,0.0113059874767781,-0.0075527441719228,-0.0039707591043585,-0.0031081239986372,0.0016031625144613,-0.0081629582770399,-0.0160380299589057,-0.0064337457654377
2024-03-15,-0.0141683931076561,-0.0015674441301322,-0.0030212395035355,0.0015204836299378,-0.0012803633632908,-0.0033848742684266,0.0015667911514193,-0.0132064321974187,0.0032333501369406,0.000228845604258,0.001453196640608
2024-03-18,0.033567114889994,0.0267481569307674,0.0084388405231549,0.0041933579163465,0.0047935854668682,-0.0008181951771804,0.00094250590398,0.0055369691198505,0.0021627716603481,-0.0010405639840771,0.0044137126560874
2024-03-19,-0.0023326449992167,0.0010066811613299,0.0031772533224735,0.0108651528654496,0.0046616467429469,0.0064918857434904,0.0069693447554337,0.006429880406457,0.0041479428482741,0.0054062364054287,0.0087445019534525
2024-03-20,0.0152990639639915,0.0193299413302331,0.003372497677834,-0.0009735327331489,0.0136836343821787,-0.0022146245781423,0.0123127324912755,0.0120714492557649,0.0101302480932891,0.0017347250054907,0.0019414292573812
2024-03-21,-0.002597177615528,-0.0035906849494318,0.0004585000821996,0.0052974734797118,0.0118506690833752,0.0010219792244935,0.0087352678900102,-0.0013434685070258,0.0066418608008252,0.001862425017904,-0.0020432823027139
2024-03-22,0.0110607013728562,-0.0134035122462872,-0.0038364346011368,-0.0023411076326993,-0.0138221505322667,-0.0016160936269298,-0.0026152854156553,0.0023614193068322,-0.0088483061138693,-0.0115636582160707,0.0010225449772747
2024-03-25,-0.0060432805665314,0.000332945510564,-0.0037348337565681,0.0096117649564367,-0.002784688940459,-0.0014066101854517,-0.0050614750798436,-0.0065905258354988,0.002974758198819,0.0006334912570528,0.0041975029582796
2024-03-26,6.2953574615969e-05,0.0119498277962199,0.0014411179875956,-0.0077444266592681,0.0014279065312128,0.0034315812806617,-0.0051362679318945,-0.0056720919722978,-0.0028313640773279,-0.0057060229999257,-0.0124597235412209
2024-03-27,-0.0013701945160122,0.0120111997552705,0.0078124873003405,0.0100538580826371,0.0121010704160808,0.0128680653789622,0.0173991601178321,0.0040242372551087,0.021446421080468,0.0231766515205029,0.0285468664008746
2024-03-28,-0.0038538928781876,-0.00985027579262,0.0017303867786254,0.0106897808473842,0.0050246818796791,0.0011122152657178,0.0013792547771252,-0.0016110734014837,0.0031328786817649,0.0067488524090555,0.0074842387060927
2024-04-01,0.0183721795702805,-0.0045218841712954,-0.0071853207052785,0.0078015825732398,-0.0068504656345168,-0.008676620888007,-0.0078635953789737,0.0025852211317853,-0.0049533414250213,-0.0176712505693584,-0.0061190954028574
2024-04-02,0.0013132606174467,-0.0246382506351719,-0.0078490391127949,0.0129163349204828,-0.0053265696285435,-0.0159230423642494,-0.0047754573501692,-0.0096768797361167,-0.0100216796447518,-0.0103805072591078,0.0024203475353915
2024-04-03,0.0072902363308954,0.0044528025142306,-0.00996367033204,0.0067398803272525,-0.0008972443971169,-0.0008820074214823,0.0057684051314648,0.0011260632434801,0.0050100038441301,0.0013439405864037,-0.0039701661808233
2024-04-04,-0.0146111865738871,-0.0080222435071072,-0.0033542819410629,-0.0007439531601406,-0.010880238209177,-0.0138636892616473,-0.0065241309686739,-0.0172775487209147,-0.0128946548059019,-0.0082482929148869,-0.0033176940805022
2024-04-05,0.0200494322883906,-0.0074179478172017,0.0029419287596326,0.0109985194944483,0.0094686315668427,0.0091368652401285,0.0141182392506017,0.0137084407802295,0.0022512660129687,0.0052729261838743,0.0054970028180733
2024-04-08,0.0014434738631301,0.0172909569737089,-0.0020354353822764,-0.0056194984643401,0.0060397928790408,-0.0037385812936623,-0.0019098852856202,-0.0033861045921619,0.0046152075225672,0.0050049208305355,0.0054975181948784
2024-04-09,0.0040749572161939,0.0085255976710078,0.0048707857353835,0.0013448381745407,-0.0056644317035884,0.0034566820526442,-0.0036030151444405,0.001375567621646,0.0040557911374108,0.0146438422773135,0.0039828235948718
2024-04-10,-0.0007576821265212,-0.0193084554283314,-0.0019149299886292,0.0032733587352035,-0.014751254011612,-0.0113176808856146,-0.0075937776750519,-0.0072038122865168,-0.0189626086584057,-0.0381990752446939,-0.0162813641057239
2024-04-11,0.0136567041548182,0.009915048631054,-0.0023676585611191,-0.0017240818291932,-0.006016329887967,-0.0048775556880355,5.777151248760433e-05,0.0237697396099775,-0.0024919837869259,-0.0005566179690919,-0.0018310939060758
2024-04-12,-0.0154271583071058,-0.0174202957317998,-0.0070976636310344,-0.014787473048505,-0.0146536610219704,-0.0143496481054526,-0.0098365448258003,-0.0168116456997122,-0.0193496744166513,-0.0059841470623176,-0.0072311236785328
2024-04-15,-0.0198054574032695,-0.0234506082947607,-0.0047912044209123,-0.0088332800349591,-0.0050294933235546,-0.001663020900016,-0.006013349724135,-0.0196657262483834,-0.006976297450031,-0.0101927645592215,-0.0090764597678636
2024-04-16,-0.0008415424284201,-0.010065293754948,0.0008236552038716,-0.0088154277612129,-0.0049870856027807,0.0009067088908567,-0.0012146585110614,0.002649679499423,-0.0131079686302955,-0.0193543005536031,-0.013946001789164
2024-04-17,-0.0010192994892721,-0.0022213350187712,0.003271031556739,-0.0037196267714729,0.0014983692428792,-0.0016841094858161,-0.0044787834722293,-0.0171976622445508,0.001536861104999,0.0046464958353277,0.0215064806689956
2024-04-18,0.0057204756485719,-0.0100085444949495,0.0032194887675317,-0.0016575460145522,0.002763686523246,0.0005074156105631,-0.0032566459803577,-0.0090585803232722,0.0016081984596617,0.0047980096639051,0.0056941498289465
2024-04-19,-0.0258881263408072,-0.0087858488162823,0.0071910245768561,0.0110625719734276,0.0130121826897046,0.0026884849601951,-0.0009027595154472,-0.0312549514180284,-0.0002344261516188,0.0074365396009803,0.0143012748346718
2024-04-22,0.0072866553741671,-0.0037656835983335,0.0104130168746141,0.0061358527239642,0.0133400842038949,0.0039621186997513,0.0082935018337853,0.0130659633849605,0.0033637873746412,0.007537201632965,0.0099066706642867
2024-04-23,0.0199378758143815,0.0130739343901455,-0.0015601229947056,0.0051531402003921,0.0084382539265124,0.0126791908900232,0.0126926112231996,0.0176479674480516,-0.0059196843368024,0.0085948186089608,0.0053776021526822
2024-04-24,-0.0015765445248626,0.0417180738866536,0.010978162212024,0.0007862953174086,-0.0002453226461233,-0.002857004313658,-0.0064728826941748,9.685519004587688e-05,0.0025790525749802,0.0019243019787903,0.0062583729258041
2024-04-25,-0.0429773677946792,0.0142352564203392,-0.0009048907203262,0.0054229543625709,-0.0060212517452658,-0.0064571340076179,0.0038414629534032,0.0022540892282092,-0.0042902132476818,-0.0032458650182229,0.0034932291925234
2024-04-26,0.0529848288563006,-0.0029563294655674,-0.0004550443729742,-0.0095615948882868,-0.0013082038527691,0.0002416904027653,0.0023632788575038,0.0185214195301671,0.0067259894198284,-0.0006810927865114,-0.0113891708270504
2024-04-29,-0.0249292336267028,0.0511800016798227,0.0024524929865584,0.0066448069236972,-0.0019968328340919,0.0034037758715187,0.0079057575213981,0.0031484028485221,0.0099828255441638,0.0159730548021912,0.0154024068933726
2024-04-30,-0.0144938190184369,-0.0296863860603469,-0.0032850140602293,-0.0281007052741527,-0.010181958386641,-4.029300609898646e-06,-0.0171874561521473,-0.0221987826938546,-0.0122127438578707,-0.0165410306114783,-0.0063198382367321
2024-05-01,0.009908655157381,-0.0182420689528896,-0.0076777742794056,-0.0167128337397666,-0.0001168617067095,0.0023381767733725,-0.0037820317461394,-0.0119615975698711,0.0073407363106336,0.0067545075432226,0.0111661226661574
2024-05-02,0.0135670632342448,0.0050218133978369,0.007701435085642,0.0046865582905566,0.0026653480569597,-0.0015847886047465,0.0061458034745993,0.0164932221246288,0.0104121066813484,0.0173210046733837,0.0052946838271688
2024-05-03,0.0118490139492224,0.0026441591571469,0.0044178694897535,-0.0004776903674587,0.003172788361489,0.0024929035608714,0.0054232532418992,0.0296042532555718,0.0090825690489593,0.0067464846588199,0.0087804073626005
2024-05-06,0.0159514578598596,0.0110338287959939,0.0002107756982482,0.0086297826119163,0.0128584796213976,0.0050195804240555,0.009348048043156,0.0157569474818447,0.0126985786425642,0.0004799255547651,0.0044935346688642
2024-05-07,0.0060679815351641,-0.0145542915938713,0.0109358014852224,-0.0008837675363206,0.0035722028902172,0.0082876295036267,0.0034642393141569,-0.0059281083551162,0.0188136323210391,0.0079644167058705,0.0119352872815072
2024-05-08,-0.0023134895824749,-0.0061180180985497,-0.0044923573316638,-0.0016037705845025,0.0042798264268857,-0.0033541737513154,0.0040621443164676,0.0022388859042132,7.735113895116695e-05,2.413606677992892e-05,0.0098961571359595
2024-05-09,0.0045628765490836,-0.0002495145755863,0.0081066441832988,0.0138126035235499,0.0076426455896274,0.00789147720302,0.0084450564663863,-0.002773939691707,0.0056550240002619,0.0142437674699814,0.0146892004398884
2024-05-10,-0.0029302546678887,-0.0050397271328825,0.0059730428245644,-0.0048565970610407,0.0044803226603045,0.0019243139480005,0.0006624918477225,0.0051497514554254,-0.0042078540144335,-0.0028571453322507,-0.001632930405405
2024-05-13,-0.0034444103273994,0.0047440345483106,-0.0027940795969986,-0.0025016147263358,-0.0051204942069655,-0.0006013059972061,-0.0042146739494707,0.0045703724914807,-0.0014578546706192,0.0025664139186148,0.0010614134871091
2024-05-14,0.0051960826885414,0.0098448807388021,-0.0033690163982856,0.0013827620018904,0.0063096973448808,0.0042165887662965,-0.0001362280621941,0.0101746456293274,0.0014097227470299,0.0060311441965059,0.0024067596251774
2024-05-15,0.0114510049378988,-0.0025509960020951,0.0004447158141156,0.0017816862005606,0.0087482492461766,0.0149765669645055,0.0041769413373102,0.0239070195794065,-0.002784356229769,0.016148247234077,0.0136806414667106
2024-05-16,-0.0007792289693432,-0.0006434236599689,0.0210808821518192,-0.0026876913831333,-0.0010739142185992,-0.0006770039258273,-0.004602235766131,-0.0031109731459283,-0.0010195083810182,0.0003369949120202,-0.0027282397375307
2024-05-17,0.0056030261948054,0.0061827181380063,-0.0011418077779688,0.0136274440343128,0.0053982308666471,0.0016429897202482,0.002096186671678,-0.0042881536878187,0.0032145284634762,-0.0007354249133954,0.0012960479641305
2024-05-20,0.0030367163331822,-0.0058891594180732,-0.0066930410076999,-0.0058370137373967,-0.0115498920671645,-0.0023772426433927,0.0033376480887032,0.0129019663852517,-0.0021915841880275,-0.010487841663908,-0.001776089317404
2024-05-21,0.0004035810477202,0.0196879164483457,0.0068807639315005,-0.004736214525048,0.0058267204607932,0.0020749864348197,-0.0024188868357399,0.0026488469736014,0.0004906859597623,0.0046284716546669,0.0097147995331915
2024-05-22,-0.0039998526660927,-0.0169538045316197,-0.0029152576085497,-0.0182922666224314,-0.0060264299433793,0.0020890880114646,0.001815293216374,0.0005128068428729,-0.0035450716470707,-0.0081026168594509,-0.0121482672496396
2024-05-23,-0.0143112418419255,-0.0224584048180744,-0.0111194065783727,-0.0099314664739183,-0.0145500944189795,-0.0108626103836791,-0.0124860149477107,0.0047982017178066,-0.0082271593213892,-0.0203143334497705,-0.0169046804416432
2024-05-24,0.0156645172521724,0.0162022525913248,0.0030783478833638,0.0014056470149942,0.0077295549207254,-0.0031820040958261,0.0046111928568673,0.0103410441448694,0.0078028991364843,0.0021389759747074,0.0088461651042887
2024-05-28,0.0058093305204388,-0.0102234576120233,-0.0095219571115227,0.010663780192127,-0.0111300752400024,-0.0124563730246368,-0.0131150180239182,0.0121664780281236,-0.0047528868723813,-0.0069982059562855,-0.0008909874201144
2024-05-29,-0.0044384744438557,-0.0090395496611684,-0.006462536158581,-0.0186466412284055,-0.0103917975150482,-0.0077900696358797,-0.0157466321795987,-0.0040065521992817,-0.0165793780746773,-0.0024141255187095,-0.01316861482453
2024-05-30,-0.0164024112186708,0.0119203155830413,0.0011120907862261,0.0027823012670293,0.0059786444463831,0.0006564426953238,0.0077254563926392,-0.0252438839122747,0.0113977702696703,0.0195193781620956,0.0136741946173563
2024-05-31,0.0021937097133263,0.0099595993052207,0.0141573644857869,0.0241030678770209,0.0131262746573195,0.0142757065953203,0.0130846695722167,0.0001156928692936,0.0123934804517846,0.0225878589182554,0.0187822868405903
2024-06-03,0.0070682314794145,-0.0011072233264086,-0.0009519289842987,-0.0265360777298247,-0.0067240578598234,0.0076092570955817,-0.0110789453379825,0.0076871137321008,-0.0057396249467992,0.0044156474325384,-0.0105323672814618
2024-06-04,0.0025453661478221,-0.0004980249518381,0.0103288122679834,-0.0098290899581449,-0.0033656232817045,0.0035591982264459,-0.0033743734442142,0.0041389249384483,-0.0041105231242422,0.0099074477826377,0.0002130530010959
2024-06-05,0.0177947980006219,0.0016085801493493,-0.0013602057227617,0.0002756070135747,0.0032734888093395,0.0038775466102313,0.0097019455434661,0.0264359981047583,0.0065202849804091,-0.0028878384047469,-0.0074039599528331
2024-06-06,0.001879087135162,0.0066914329966026,0.0038027336677877,0.005450153214238,-0.0017600080858883,0.0031800862013278,-0.007033086828563,-0.0037397553128937,-0.004002260647119,0.0004598548749876,-0.0095128233098614
2024-06-07,-0.0078403786280636,-0.0029784014764258,-0.0064565693300537,-0.0039594582179843,0.0027754670994318,0.0015787509274643,0.0002277389080444,0.0023571705333985,-0.0128847530897662,-0.0112723851374429,-0.0102601227277853
2024-06-10,0.0093275828053543,-0.0063086421178047,-0.0022324015220136,0.0095048521732532,-0.0004525344411547,0.0032012553092766,0.0030713026499715,0.0030978558944864,-0.0041184587972688,-0.0015078814531608,0.013074354671296
2024-06-11,0.0075079764703159,-0.0079988700176843,-0.0012377080993524,-0.0017968413727876,-0.0122248207946638,-0.0033450813675822,-0.0067651509962121,0.0165197381598069,0.0043970852515,-0.0057978610774744,-0.0058471159440236
2024-06-12,0.0040821894319971,0.0169467847456647,-0.0100766473293912,-0.010221131467635,0.0012550912521652,-0.0020873426005915,0.0068260850195894,0.0243557557119006,0.0034202899296784,0.0052929072300255,-0.006943134493549
2024-06-13,-0.0112317960158521,0.0086010080317485,0.001132295278467,-0.009074369785506,-0.0017809800073428,-0.0004699694280651,-0.0065087450910028,0.012138314675655,-0.0049273296120324,0.0075774812603599,0.0025966221435937
2024-06-14,0.0064138420729979,-0.0128841275764966,0.0017915888259858,-0.0082425087036408,-0.0029255856881846,-0.0006149448270946,-0.0104004446580233,0.0049888758655402,-0.0144169072662598,0.0022158312051636,-0.0019320630876382
2024-06-17,0.0043772209921181,0.0282120754579322,0.0098842516215054,0.002792528658496,0.0087379980869528,-0.0011893674655125,0.0114951706464366,0.0127967513849478,0.0089031540472877,-0.0112318847300537,-0.0114429586564228
2024-06-18,-0.0092668182390051,-0.0070804324823365,0.0002330505567108,0.0048423036637157,0.0069092631413578,0.0011641123183757,0.0040779533989299,0.004697833528497,0.0014823382211898,0.0011055636431601,-0.0005137928490406
2024-06-20,0.0044508088064539,-0.0041304137312932,-0.0015943346100822,0.0182223486539745,0.0057969726458207,0.0039538752894521,0.0015777042202498,-0.0123894388833612,0.0017828345940709,-0.0003886162187985,0.0094014669949235
2024-06-21,0.0055005627229215,0.0071568058356607,0.0015879276754619,-0.0069970144947639,-0.0034782810570063,0.0032096890542027,-0.0014336905371192,-0.0064391314639236,0.00049851515917,0.001695217563619,-0.0053155374443743
2024-06-24,0.0003105434969459,0.0015540660049842,0.0099106763762581,0.0274231561012026,0.0092490205269971,0.0053892483580578,0.0040228262478626,-0.0181569204423721,0.0084233082572817,0.0111323725506959,0.0119809811733047
2024-06-25,0.0216601325464971,0.0041263546749516,-0.0077734629439521,0.0011644553899188,-0.0079821927130113,-0.0032763563235791,-0.0099740966095727,0.0158585289136029,-0.0152348832710196,-0.0174203565319165,-0.0099856982268579
2024-06-26,0.0018079858175696,0.0134513373079441,0.0013741549065095,-0.0087123382977629,-0.0052351690777147,-0.0032619277229736,-0.0015676346549775,0.0032644855340749,0.0061076828364517,9.094514358666542e-05,-0.0031253296100601
2024-06-27,0.0091018721608023,0.0021577322624848,-0.0033836158860369,0.0026378820612395,-0.0026393808376041,-0.0023812381704461,0.00120559843251,0.001222894077302,-0.0077263024655436,0.0111227611774104,0.0019037294021679
2024-06-28,-0.0213650866954249,-0.011095467041395,-0.004864957774383,0.0044165565632143,0.0047070723436151,0.0004759174947259,0.0008527928912428,-0.0038216297495437,-0.0012380020903533,0.0055283764144972,-0.0100472548299839
2024-07-01,0.0020320649523019,0.0124226094834618,-0.0071572591804191,0.0003030717695405,0.0032768283847178,-0.0051293305985088,-0.0090712088208727,0.0135118266581152,-0.0121278624037274,-0.0089544836796194,-0.006605325659301
2024-07-02,0.0104484351074873,0.0366607452871817,0.005807899346944,-0.0018422510858477,0.0121587025223003,-0.0043536704497835,0.0052149583852107,0.0053957570503364,-0.0005202927935584,0.0029078237622498,0.0045188369594732
2024-07-03,0.0029691642097645,0.0228442370537566,-0.0002065848154339,0.0045763373319345,-0.0006472422600653,-0.0077059606584716,0.0039899870715102,0.0149064293539806,0.0022078001967551,0.0021156502536763,0.0066365986106373
2024-07-05,0.0321958210509573,0.0075967103422819,0.0144631138864478,-0.0148381905396443,-0.0045884789213649,0.0081813271404209,-0.0041832941620126,0.0052364951300667,-0.0041953702437767,0.0031777161065965,0.0024361042013235
2024-07-08,-0.0111101692819802,-0.0008055854772811,-0.0028148027651462,-0.0057908065950229,-0.0015804740440463,-0.0007092141353688,0.002278538237779,0.0073850199853837,0.0109448057285408,-0.0013063380393172,0.00086514723858
2024-07-09,0.0003793609723648,0.0087660214505591,-0.0019381989051253,-0.0090733737488968,0.0072149054025554,0.0046177106821229,-0.0041193865092724,-0.0002502309922234,-0.012584080915668,0.0018043724714575,0.0027860326758055
2024-07-10,0.0082804884809003,0.0075411646906846,0.0041545425145041,0.0073613763579972,0.0040115196659597,0.0099981317956851,0.0090767217257201,0.0158699291339333,0.0120309370075555,0.0053432701106504,0.0092752636350034
2024-07-11,-0.0311042315593696,-0.0241579428324756,-0.0062744947979864,0.0104774072876544,0.0079182379493622,0.0070971326496238,0.0098478271661825,-0.0267043133575099,0.0175872880101856,0.0252631369642918,0.0177189061790348
2024-07-12,-0.0096421342890888,0.0190434655355305,0.002581439154888,0.0020400269315329,0.0003252734815735,0.0057843535165076,0.0046549357803971,0.0092590440828584,0.012584163098054,0.0059806739468594,0.0068117776706744
2024-07-15,0.0036443769678233,0.0037165630067728,-0.004425182068733,0.0161532810683496,0.0129608112277253,-0.0033209291317961,0.0072651096792905,0.0038836319505516,-0.0042308010929119,0.0017764441243958,-0.0225399909505624
2024-07-16,-0.0104980144689069,0.0211137716492386,0.0090603502575392,0.0030535023583476,0.0122451304826095,0.0141908744547286,0.0261466021008108,-0.0043718707987616,0.0221676404605922,0.0093280834383123,0.0065007737777795
2024-07-17,-0.0270386562982195,-0.0191353435412753,0.0131457313440645,0.0112308142325567,0.0069629646227564,0.0039437996364117,-0.0097228957437047,-0.0370523797718675,0.0009053936299898,0.0142511663871951,-0.0002833069880434
2024-07-18,-0.0022779762977826,-0.0048836587208618,-0.0040367673130207,0.0030389211246691,-0.0132802986226722,-0.0242451686367063,-0.0066535157217028,-0.0018304534044278,-0.0064484131544039,-0.00662800345653,-0.0004574827336491
2024-07-19,-0.000908125371599,-0.0124290997608528,-0.0021706334550726,-0.0122322834553054,-0.0088414398482301,0.0057164392097002,-0.0060795207093532,-0.0125071690182921,-0.0109262714335237,0.0008873234929365,0.0012272152906281
2024-07-22,0.0200577406806773,0.021751460638494,-0.0012961912465888,-0.00748048138971,0.0072533425396619,0.0061755605346292,0.0104006679709718,0.0196438099355594,0.0087833550493176,0.0059725860807295,0.0085369731180565
2024-07-23,-0.0005731406028279,-0.0133062375268511,-0.0031754468086343,-0.0154495375760489,0.0017703133157381,-0.0003558034490555,-0.0010891754434147,-0.0007818720503802,0.0074270220893478,-0.0001147681934687,-0.006835797569483
2024-07-24,-0.0467582919298023,-0.0570547264656341,-0.0014113352448454,0.0018654172529544,-0.0147627146024303,0.0073581215268792,-0.0215039181102559,-0.0422757694316286,-0.0114295763379796,-0.0077708841392267,0.0112180442202368
2024-07-25,-0.0228748250371203,-0.0049538789612404,-0.0027558977447329,0.0142475174115006,0.004164999121705,-0.0077992927601441,0.0081034656727021,-0.0118792212632854,0.0074666610498557,-0.0032179597575603,-0.0089962560521497
2024-07-26,0.0072744424267612,0.0053895613225669,0.0080873500760538,0.0037646207258677,0.015813423186296,0.0049346251356389,0.0149561542748375,0.0110331908561642,0.0148528672095857,0.0174141672973095,0.0098906794175388
2024-07-29,0.0090461201689617,0.0291586570324897,0.0004924521828446,-0.0086466254548727,-0.00287410037406,0.0013281066260141,0.000115537620178,-0.0035288373813871,0.0017759570306613,0.0069132364976945,0.0041863006985766
2024-07-30,0.0012534328770218,-0.0102789519198939,-0.0076738801940442,0.0148304482634274,0.0125479415546439,-0.0004099025189068,0.0041525376544525,-0.023464885438002,-0.0111124379112179,0.0121840875241316,0.0043300251600822
2024-07-31,0.0123938352131621,0.0156731407714994,-0.0012229996310816,0.0052288663102864,-0.0001152236507088,-0.0029176627998306,0.0112100604341499,0.0432600534316827,0.0035627580140932,-0.0086951248970628,0.017014888949926
2024-08-01,0.0108752953778384,-0.0349004156978239,0.0112383083726789,-0.024804123367262,-0.0144023696918738,0.0115364101259431,-0.0164072787242883,-0.0341619255362623,-0.0038927156558775,0.0194326816567319,0.0175149539967655
2024-08-02,-0.0226544689287539,-0.0280566438082127,0.0068381430430173,-0.0236299507474502,-0.0283354538010767,-0.0034200445124077,-0.0221549160341463,-0.0214740069008716,-0.0225783857064744,0.0123774660486533,0.0007172166820726
2024-08-05,-0.0365242626666523,-0.0278083216115491,-0.0176445753139424,-0.0205292960744578,-0.0281816949933046,-0.0274940776532452,-0.0177809965962768,-0.037669595678267,-0.024715435129264,-0.0240072075247461,-0.0254552744548176
2024-08-06,0.0126172277070112,0.0143475116645072,0.003366827134788,0.0046462489258473,0.0143220568969065,0.0058626635536983,0.0084079513790973,0.0119270329226326,0.010677560220504,0.0244599167531499,0.0093865642559552
2024-08-07,-0.003229281290126,-0.0262735323550432,-0.0019646277100935,0.00460894880195,-0.0011717463657765,-0.0115271320885517,-0.0049125970162557,-0.0153580934543517,-0.0123900236360952,-0.0067981727913952,0.0055179676233662
2024-08-08,0.0256665013960073,0.0259383428803882,0.0064330891825506,0.0218555741940457,0.0169981798637581,0.026180733925877,0.0219903417727014,0.0352495462716463,0.016956083978796,0.0038536469729726,0.001616673918835
2024-08-09,0.0107864509841183,0.0032436215800066,0.0035376884318534,0.0023970597519392,0.0049074223453433,0.0064078145212958,0.0015776706301962,0.0065264176072728,0.0010508702602073,0.0053754700442582,0.0033059076927631
2024-08-12,-0.0065865520401968,-0.0057800537991735,-0.0036320775354075,0.0056144396732049,-0.0050233796361572,-0.0040681164850638,-0.0057722902214763,0.0099813688683908,-0.0059105400761887,-0.0025412517928578,0.0018430180850919
2024-08-13,0.0159518928199743,0.0354784145774192,0.0025920604650672,-0.0105015177402096,0.0094272475638213,0.0125366137118124,0.0100094006021672,0.0309637107704034,0.0147387884033291,0.0021332220157522,0.0056563780489975
2024-08-14,-0.0121152095825814,-0.0119560465058443,0.0052221099130428,0.0059749180704221,0.0130110545515785,0.004952558838275,0.003500253015619,0.0065761032041009,0.0004409452080248,0.0009868878086665,-0.0012115869193622
2024-08-15,0.0114145784237596,0.037047119726558,0.0169141119007504,0.0119570523126491,0.0107259808931835,0.0064880429993474,0.0131926801642748,0.026381019561352,0.0174041779635743,-0.0084386551359573,0.0003382529767797
2024-08-16,0.001704474792258,0.0039349711171018,0.0022677439459044,-0.0014219530591898,0.005870713208283,0.0003802488674,-0.0014328598223677,0.0025454166123295,0.0002593655103785,0.0021220690955019,0.0049752902365174
2024-08-19,0.0164432655999091,0.0187527824598886,0.0036748257205586,0.0060087751677732,0.005368259184296,0.0065292137410703,0.0059543996637232,0.0144865280567238,0.0073276393671447,0.0034189627891786,0.007183934139811
2024-08-20,0.0010644019193942,-0.0048659303410006,0.0068370051605785,-0.0258109296639446,-0.0042679548892069,0.0041853593439613,-0.0034041563961547,-0.0028644214292623,-0.0039496649502381,0.0030826040635896,-0.0026877779892787
2024-08-21,0.0007747151772592,0.0114802121669451,0.006686793197333,0.0004704128931027,-0.0012125974857942,0.0024662718949086,0.0056247053972082,0.0046226548584843,0.0148863671175501,0.0016425400027328,0.0082935782362288
2024-08-22,-0.010186623404289,-0.0231406259971601,-0.0009186584673728,0.0031242596474763,0.0045310248542741,-0.0006271687774637,-0.0014514105412021,-0.0218034327431438,-0.0016355831296789,0.0041027883910404,-0.0014974162137782
2024-08-23,0.0046327156140665,0.0258683517004746,0.0018022119296168,0.0152666888044003,0.0096222945276205,0.004926416897974,0.0098599772202061,0.0165873506391249,0.0130820101890692,0.0204946405000387,0.0025657210694405
2024-08-26,-0.0012683801821221,-0.0125099336610462,0.0074508321704178,0.0108683444727698,0.0031898204268416,-0.0013795881711909,-0.000912691019206,-0.0117802974011116,0.0032388500213586,0.0011963008424568,0.0063906338391726
2024-08-27,-0.0060853062901718,-0.0004141761724293,0.0024862152088142,-0.0094410367208042,0.0036089680046636,0.0013571477984345,0.0004299762275665,0.0061083730880699,0.0019888800362593,0.0047571045771387,-0.0070952018168741
2024-08-28,-0.0099128355349913,-0.0113714144658845,-0.0051117818166035,-0.0063069488530566,0.0019899827384521,0.0008328207425787,0.000172493807861,-0.0134320888308738,0.0024105899086227,0.0011379158305462,0.0001576800430641
2024-08-29,-0.0020127399516547,0.0013469213817071,-0.0050799786607842,0.0121684919370606,0.0086659811622541,0.0017327189697071,0.0065647851830104,-0.0065254503069287,0.0050948042925827,-0.0065987416098506,0.0053418906886043
2024-08-30,0.0088297950301503,0.0159186360218261,0.0078639575266547,0.0023958941085146,0.0089506005382408,0.0076309699291439,0.0114968843660379,0.0117668929861547,0.0103633574995923,0.0065613590763444,0.0073093530149246
2024-09-03,-0.0307596325276491,-0.0165900645772098,0.0066545527675376,-0.0250513774051133,-0.0094460022516908,-0.0027506748793358,-0.0238212639384914,-0.0445465061408907,-0.0222924148091223,0.008878528486726,-0.0022838322506493
2024-09-04,-0.0019283791372591,0.0152412371867548,0.0035986069779759,-0.0138509402185824,4.2902974079831345e-05,-0.0015319268702314,0.0006690226768729,-0.0043072074463608,-0.0037100999750155,0.0070251811641803,0.0088635673207753
2024-09-05,0.0052467271463626,0.0157502865024394,-0.0033654526759851,-0.0074676456511219,-0.0072604481034397,-0.0143668782985366,-0.0116500688843139,0.0004861526116526,-0.0069095997316335,-0.0010926143319048,-0.0029323534667294
2024-09-06,-0.0349949057028497,-0.0343283492191792,-0.0024794887091075,-0.0120655294725214,-0.0158824056946169,-0.0039278522132038,-0.0097744241298423,-0.0251300519143833,-0.007560152991023,0.0039972856906054,-0.0094246459057412
2024-09-09,-0.0039699528746814,0.0144561241620881,0.0091074240975896,0.0070496015806702,0.0162431534334339,0.0077066058902118,0.0166251577422768,0.0153212102754754,0.0086107338656823,0.0105306384960975,0.0099928252151531
2024-09-10,0.0005702561183857,0.0130585552839673,0.0021922588679688,-0.0189489355159542,-0.0111758191964485,0.0043463530697769,0.001804763302591,0.0142875527194946,-0.0007787450999668,0.013316799811766,0.0048524375903951
2024-09-11,0.0136363900245672,0.007426417814218,-0.0074852442504591,-0.0092014458445828,-0.0016013255528017,-0.0016283572937756,0.0005562606427309,0.0341052125433168,0.0032743414625864,-0.0038454095564355,0.0039387300013558
2024-09-12,0.022334607430682,0.0096883101484631,0.0064884480007412,0.0092306219791412,0.0019688096330539,0.0028128244951038,0.0089959626612982,0.0083635354364704,0.0059015193097065,-0.0014825280694234,0.001633991730754
2024-09-13,0.0120937258120804,0.0075565578537735,0.0075645424203326,0.0049876878634983,0.0058868597901372,0.0016525426764425,0.0063976727640968,0.0050413479509815,0.0083661171524314,0.0074053460473539,0.0145781035387965
2024-09-16,0.0080684003959957,-0.0024869865618406,0.0036331551159641,0.0122950958488204,0.0132404666851599,0.0064259325526564,0.0059986702815064,-0.0084222590206938,0.0100042580302841,0.002294959661025,0.0077624541073288
2024-09-17,0.0080276994922249,0.0062990061634064,-0.0093032690985588,0.0147321346291878,0.0050520898322613,-0.0101518074211051,0.004463315179925,-0.0007349560020143,0.0016323734099086,-0.0076663016251067,-0.0011677555029756
2024-09-18,0.0011898519859383,-0.0021056393817599,-0.001261039162805,0.0021116915189946,-0.003066765416246,-0.0017720080511783,-0.0015587642165114,-0.0056708892639441,-0.0046063195872175,-0.0053892612929038,-0.0079844407404487
2024-09-19,0.021355467342467,0.0337531346032362,-0.0067400004781285,0.0125017612138314,0.0130654336998899,0.0035774973106953,0.0160791935367855,0.0309411193758582,0.0153793235122408,-0.0117651437255234,-0.0048816442289502
2024-09-20,0.0072970046152548,-0.0069372625365712,0.0046284932753982,-0.0031655816720589,-0.0012428794591458,-0.0033347214801568,-0.0062933902153716,-0.0046539296807838,-0.0143453406739851,0.0017491364028384,0.0310757215292904
2024-09-23,-0.004265682453671,0.0202181304657007,0.0067623921698487,0.013299720519687,0.0010589017329738,-0.0028033657467233,0.0060997868650131,-0.0004918398624334,0.0080546360133646,0.0140582931683835,0.0100139508542622
2024-09-24,0.0052703641634432,0.0115588233687177,-0.0036454238900393,-0.0027868110643587,-0.0105543844249168,-0.0021773959972246,0.00528535846295,0.0081230505531725,0.0089713221739567,-0.0001255894062129,-0.0077107041493563
2024-09-25,-0.0004102953684056,0.0006854334054623,0.000383257362081,-0.01936043072083,-0.0064461198932374,-0.0093646470953523,-0.0049247725850269,0.0057237088308932,-0.006013179699977,-0.0007437530843351,0.0052937287159847
2024-09-26,0.0031244501444424,0.0071523737364729,-0.0014807224872636,-0.0213280937186193,0.0061097399073308,0.0030133933439106,0.006271679109611,0.0089940381852476,0.0213967828711783,-0.014872258819748,-0.0073070200795102
2024-09-27,0.0043228098725073,0.0110326093878396,-0.000719178612231,0.0211890443792408,0.0031170985550926,-0.0008236280465047,0.0019644026992132,-0.0095803031129812,0.0014378056208388,0.0029208415612903,0.0098537154967774
2024-09-30,0.0091213193549146,-0.0017198838627047,0.0018023812559225,0.0081237523633866,0.0027538354307536,0.0063479907298098,0.0053829989574366,0.0059571273652561,-0.0037985455630728,0.0093856053355405,0.0043629528381223
2024-10-01,0.0046455707761239,-0.0075315661126966,-0.001363985072039,0.0224364728013962,-0.0044663204603753,-0.004966925353909,0.0018409656476366,-0.0265071339390805,-0.0054525746880568,-0.0015336391638977,0.0082755232057292
2024-10-02,-0.0050833082028842,-0.0183764751977449,-0.0082497067202888,0.0114563386606145,0.0014072914776752,-0.0019109316993753,-0.0007694044846942,0.0059902247297411,-0.0040099768802317,-0.0072755620237391,0.0006461354411623
2024-10-03,0.0045974569591489,-0.0170095693140196,-0.0066487128566877,0.016490386413108,-0.0041650056354666,-0.0087271094105087,-0.005343035631787,0.0061409742893258,-0.0118812690576138,-0.0069486367808282,0.0001073389319885
2024-10-04,0.0138510736804641,0.0207454932971539,0.0025355923795771,0.0109702078748381,0.0169765230436976,0.0009342806924215,0.0075285658990557,0.0101135956857118,0.0059476595852429,-0.0095550508514447,-0.0017531436786987
2024-10-07,-0.0224919302387458,-0.0178916078876239,-0.0140302202795004,0.0037968012248324,-0.0117145027103448,-0.0043079167272959,-0.0031623229724125,-0.0071117264712249,-0.0083870304826919,-0.0049669675644842,-0.0229691308965361
2024-10-08,0.0112821528134514,0.0097611538132541,0.0086883458291281,-0.0256074293790714,0.005968601720411,0.0059370467174988,0.0010466573781473,0.0211451278908208,-0.0006554279742656,0.0012130759177331,0.0011647245684238
2024-10-09,-0.0074381293226158,0.0009567965135425,0.0085350380495631,0.0049964126433048,0.0096489681365947,0.0100258950512071,0.0074308828595528,0.0105569587194525,0.0056441844180087,-0.0002844595253331,-0.0079934445879345
2024-10-10,-0.0034844256381275,-0.0068489171423224,-0.0046717521512121,0.0082074404399631,-0.003326888595277,-0.0037364253162259,-0.0059518809713839,0.0006890404339214,0.0003780128942569,-0.0110057617556974,-0.0028159440244409
2024-10-11,0.007315027257938,-0.0319499526612636,0.0052575263109497,0.0057404590542646,0.0210039343949863,0.0076211773833927,0.0139435326259658,-0.000321762807682,0.0033772580322576,0.0103926285959241,0.0084778159168585
2024-10-14,0.0050922237116748,0.006668373022017,0.0045102226515963,-0.0008709840857876,0.0063307652132533,0.0048608667921047,0.0065197517160335,0.0130284635304242,0.0072383790203473,0.011209047542684,0.0131334402294659
2024-10-15,-0.001829206826863,0.0024891555338828,0.0082382400562621,-0.0308336256548528,0.0025918960198241,-0.0118194103171132,-0.0067901455514733,-0.0168513243462318,-0.0017821155453735,0.0196787710677582,0.0046697753149743
2024-10-16,-0.0053426039210076,0.0078810294482614,-0.0032273937386746,0.0045552623916982,0.0134492429860688,0.0023101864162875,0.0078379009812077,0.0029838609664089,0.0051579991194159,0.0053638839345054,0.0208593726017179
2024-10-17,-0.0085927104742812,-0.0003680997917636,-0.0035749700218239,0.0048840109986837,0.0041617913538532,-0.0056670218704378,-0.0005246530587842,0.0040052315496022,-0.0061150580308736,-0.0087573182921752,-0.0083051997179567
2024-10-18,0.0105579527516729,0.0027596856834441,0.0042534409732566,-0.0035410710218507,0.0007308947661287,0.0046340938888938,0.0027391727731228,0.0046275656013737,0.0033078505085992,0.0104656985190268,0.0055538886067278
2024-10-21,0.0016660189870451,-0.0072902881739998,-0.0087450381145126,-0.0020178803812248,-0.0099424835921336,-0.0118481478994007,-0.0044055694358333,0.0083934094489979,-0.0096984370465121,-0.0174551986267977,-0.0033206043715658
2024-10-22,0.0065410922450866,-0.0040169610860002,0.0033953663063697,0.0024699279950869,-0.0010100949726269,-0.0015945803582624,-0.0138050862956467,0.0019671372926073,-0.0123118544416154,0.0013035291167778,-0.0037651577246614
2024-10-23,-0.0200935674096227,-0.0172494772189157,7.837537359560443e-05,-0.0051156590547117,-0.00180791360955,-0.005022140957133,-0.0012688665807671,-0.0166061886129379,0.0072174163375624,0.0118068084905673,0.0098483487575741
2024-10-24,0.0028327139766821,0.0933575862554297,-0.0038407453993971,-0.0019680512554489,0.0021775777067273,-0.0065100259735025,-0.0070508153950569,0.002048388518042,-0.0043341171924574,-0.0009258493143519,-0.0075339709744374
2024-10-25,0.0110322914414897,0.0103520661470728,-0.0066645030569554,0.0011659940456001,-0.0107863453706684,-0.0037674079121766,-0.001465416892728,0.0058628325708033,-0.00650027775449,-0.0181909322691273,-0.0145288769340224
2024-10-28,0.007330979402738,-0.0045647153857784,0.0002413501314059,-0.0069060594730352,0.011672494279897,0.0016150579040402,0.0015878609334469,-0.0007412698484066,0.0076805184269101,0.0026440226212033,0.0078088743579541
2024-10-29,0.0187185696235454,-0.0090819251689498,-0.0114951200827412,-0.0139942162048955,-0.0055254115766614,-0.0029352830322212,-0.0025016154545967,0.011519438971095,-0.0099806711165082,-0.0054772973197476,-0.0218105634296886
2024-10-30,0.0128939453035452,-0.0081653333563232,-0.0033797017233642,0.0008415111194431,0.0052469938744273,-0.0024521872759872,-0.0027638503064617,-0.0127925466206436,0.0118316834707859,0.0042802731595544,-0.0024878541442841
2024-10-31,-0.0230076837983929,-0.0132189514135283,-0.0036798301922023,0.007103282393467,-0.0125010433590332,-0.0084579090414002,-0.0093024098112231,-0.0356186368272935,-0.0004304809163438,-0.0139252832554529,0.007083002646249
2024-11-01,-0.0001723941045565,0.0030949392609474,0.0011183320380072,-0.0060959431473011,0.0001747319733392,0.0063861462437951,0.0015360142147383,0.0059669773321605,-0.0061350094880281,-0.0110825336926141,-0.0205204989532343
2024-11-04,-0.009926253701085,-0.0108701216816046,0.0032984262280922,0.0190502359567076,-0.004834953764331,-0.0074300106141609,-0.0005392471384081,-0.0014521473803254,0.0098154610125401,0.0114054387162852,-0.0133916423495527
2024-11-05,0.0104104769474674,0.0219925650801471,0.0075124711065995,0.0053535584910742,0.0116646197950044,0.0074448502104328,0.0165131443257994,0.0143538765746307,0.0001849219257677,0.0083779830105247,0.0144235255403886
2024-11-06,0.0238924221039589,0.0685066036490325,-0.0132444768790673,0.0359022587505924,0.0633468323583231,0.0011512769246534,0.039294866034934,0.0247859661806208,-0.0038083094942105,-0.0294457453344643,-0.0098286758808227
2024-11-07,0.0254088369458121,0.0132526680413036,0.0054190628501175,-0.0041100165321203,-0.0151975005290634,0.0064979347217046,-0.0062921365639727,0.0186020744640302,0.0028617484733034,0.0091217809754189,0.0011012595232735
2024-11-08,-0.0085251289392702,0.0352607798062346,0.0131783122316092,0.0049438264977162,0.0085348848283848,0.0082188524159996,0.0127031432097308,-0.0031427812692538,-0.0034217480845665,0.0162164437788042,0.0185606232081709
2024-11-11,0.0045334636326762,0.0449442193714757,-0.0053429689384028,0.0037955980184849,0.0149010637470181,-0.006464009687617,0.0072534641442727,-0.0092972916965511,0.0023157699569097,-0.0074883088183673,0.0025412665592088
2024-11-12,0.006385318590178,-0.030118518309904,0.0021567042139562,-0.0045728383139368,-0.0034596601715657,-0.0135041556199823,-0.008554773832978,0.0041718957744426,-0.0191886363154713,-0.0119216973316437,-0.0117123119282026
2024-11-13,-0.0087655548474731,0.0015858389381229,0.0026932109013938,0.0085621382974564,0.0001065443636895,-0.0029094174824849,0.0023050210593891,-0.0027990444961474,0.0047602686561876,0.0039065210532483,-0.0021548936886859
2024-11-14,-0.0070058150785027,-0.0233604961661094,-0.0054840347255015,0.0041899988425617,-0.0023073477661118,-0.0157001739561393,-0.0198785548482076,0.0005084117419058,-0.0039935025760937,-0.0068480548953111,-0.0028676980932473
2024-11-15,-0.0226583336240455,0.0071218798903323,-0.0114338223100487,-0.0043433128258727,0.0047826789909368,-0.020483674215455,-0.0063550327595506,-0.0249499324784439,-0.0082351915809311,0.0066732139167078,0.0156243375815934
2024-11-18,0.0105287438683625,0.0236301781582937,0.0051145199812252,0.0125745716090925,0.0021293780329648,-0.0002834425357554,0.0011526350551651,0.0035987476882461,0.0048197936154588,0.0059020650361072,0.0078333662333595
2024-11-19,0.0143511866916324,0.0049709223316686,0.008761364351462,-0.0071313458819911,-0.0058756429267471,-0.0045138543900764,-0.000649228403582,0.0114058751731568,-0.003119224197184,0.0056656779262083,0.0062363363160626
2024-11-20,-0.0014169548767315,-0.0042433406074796,-0.0007358651408804,0.0104721288431874,-0.0039933857325693,0.0128490427864538,0.000381558698042,-0.0021882768161325,0.0078858935190988,-0.002606720106108,0.001051708821193
2024-11-21,-0.0235094855787075,0.0033042177299614,0.0132036703476312,0.008545482628047,0.0138629287497819,0.0083975534070158,0.0114655997387549,0.0060375393723188,0.0166812765267972,0.0063748266377963,0.0180992892625094
2024-11-22,-0.0104123977697936,0.0237955075336574,0.0132493591291929,0.003472529799223,0.0108444325943139,0.0016332244018299,0.0133086423910841,-0.0011396443094072,0.0071485963801747,0.0026286177809496,-0.0053301691756506
2024-11-25,0.0100031674477659,-0.0064423841445079,0.0027931765732563,-0.0205332683279219,0.0072746624978806,0.0094107016440338,0.0053562469125551,-0.0020341743083487,0.0144498678533212,0.0032623128367505,0.0034315287495141
2024-11-26,0.0092222702701059,-0.0036532708546838,0.0074157049639792,-0.00251499110573,0.00225401707255,0.0060054481897337,0.0014385863946955,0.0080229265424135,-0.0101536340252665,0.0097127051451793,0.0152296907369583
2024-11-27,-0.0004872600939272,-0.0065797430019031,0.0015390379577223,-0.0009155016472146,0.0017152915054648,0.0049834453318012,-0.0037502766348977,-0.0124430330130712,-0.0016531394733101,0.0059839175969579,0.0001806131755461
2024-11-29,0.003035349263838,0.016927008015065,0.0045243284068927,0.0034405288394295,0.000581597723344,0.0028755004874869,0.0046034005856838,0.0099066131969792,0.0056526666356701,-0.0056297739317301,-0.000552426071131
2024-12-02,0.0194681811708618,0.014246658084781,0.0009461182377438,-0.0075332332491494,-0.0084697067449015,-0.0009609725080723,-0.007709727266695,0.0108656200244808,0.0010312839643815,-0.016194570752212,-0.0211027447124183
2024-12-03,0.0118296798390515,-0.0073869076461124,-0.0032189806504897,-0.0008609163855013,-0.0058280685233942,-0.0012418512714089,-0.0052293208414281,0.0053079901654978,-0.0029484158628811,-0.0042429316163226,-0.0089363683067834
2024-12-04,0.010181282195754,0.0087048089710009,-0.0016978689885965,-0.0244323345559544,-0.0037442438843804,-0.0005442879724368,0.0042057899876418,0.0169964474467547,-0.0105174253508152,-0.0012217819802156,-4.8172945843555834e-05
2024-12-05,-0.0075263856957178,0.0135451418036496,0.0029185511862326,0.0030750643420539,0.0030292914877057,-0.0106736169882641,-0.0098561946207903,-0.0022655444002308,-0.0107270042309019,-8.803888197692893e-06,0.0029675657878173
2024-12-06,0.0162949571953911,0.0261677873510306,-0.0021345108397821,-0.016052023263935,0.0006587938527589,-0.0047991510941714,-0.0030713250130856,0.0025433580307562,-0.0008990423050498,-0.0042099594619589,-0.0122441035469788
2024-12-09,-0.0059824362293185,-0.0024823755038504,-0.0040296183648622,-0.0007224636625762,-0.014037704291686,0.0029999813944864,-0.0087422027952355,-0.0034486553721698,-0.0016899454469978,0.0013111299441531,-0.0123843035807274
2024-12-10,0.0318747056659854,0.0097861459210489,0.0050785919793131,-0.0066880690170024,2.342088022719893e-07,-0.0051507115320411,-0.0001230538795908,-0.0135165123376138,-0.0112197789161984,-0.0167279448207955,-0.0077219479416406
2024-12-11,0.0372695483467306,0.0255575756221111,-0.0047458166413599,7.938960188875931e-05,0.0038479699357479,-0.0128884471359777,-0.0028643624607313,0.0151487629340863,-0.0045088986781229,-0.0062517700200756,-0.0062035577703431
2024-12-12,-0.0095331801038093,-0.0095428441498597,0.0016382783672751,-0.00707687712428,-0.0039948628341317,-0.0088301226522023,-0.0063412825169892,-0.0047096363546327,-0.0007169906207827,-0.0020173409901439,-0.0011662815858471
2024-12-13,-0.0128836880354503,0.0138165554063686,-0.0013117590267427,-0.0057738590393257,-0.002379848725384,0.0005635343798412,-0.0016461104193633,0.0060730324553653,-0.0029881318858503,0.0004926014959967,0.0010547244065905
2024-12-16,0.0205785925912016,0.0205066771129358,-0.0026620792752156,-0.0223069388689038,0.0007953780238525,-0.0126407292143653,-0.001092949259933,0.0088842893034032,-0.005626117988425,-0.0060432960755298,-0.0088921935373186
2024-12-17,-0.0054264315779393,0.012299779292387,0.0004695677408782,-0.0073887711988987,-0.008359580373494,-0.0008200403361374,-0.0096534331395328,-0.0033865112124742,-0.0063633744507498,-0.003394963952808,-0.0032200238654045
2024-12-18,-0.0342479833055465,-0.0517700496599313,-0.0144444850297583,-0.0255768144758161,-0.0325389645981896,-0.0130673974545105,-0.0276142656993546,-0.0294917214982385,-0.0302907494413251,-0.0347981883769854,-0.0228986749265956
2024-12-19,-0.0003525783820184,-0.0037933480344607,-0.0063867926115578,-0.0105961581615356,0.0036816453732774,-0.0074954643743637,-0.0025559612655912,0.0017591599844124,-0.010441994285008,-0.0180674048056172,0.0039260774730103
2024-12-20,0.0037583658003297,-0.0068463353982462,-0.0016948062608148,0.009250006884834,0.0144534532535904,0.012041740719492,0.0117665288844001,0.0147085462108818,0.0121642600074881,0.0163791947721081,0.0153451127216927
2024-12-23,0.0165575978715912,0.0082502098760187,-0.0066652696150465,0.0058498462222445,0.0030639144557428,0.0114140613603861,-0.0007301248466798,0.0125213793761425,0.000173953841711,0.0027814942325343,0.003973433395975
2024-12-24,0.010968384484827,0.0361600632956961,0.0115224391821981,0.0067583897718341,0.0123463459872676,0.0038971799637924,0.0083191957734441,0.0101301565648293,0.0056920840820668,0.005630783774087,0.0053225209088655
2024-12-26,-0.0043179880260459,-0.0067730402133834,0.0014210181276278,-0.0007135650657304,0.0022801235754802,0.0016283156931736,0.0006016975884571,0.0004213579254128,-0.0019383623910431,-0.0003627519282427,-0.0029564498735782
2024-12-27,-0.0117045777489168,-0.024402893547947,-0.0061369717185697,0.000137730880995,-0.0080832343827772,-0.0051400318849838,-0.0069308996031213,-0.0147296373498064,-0.0053217511994873,-0.007797423426158,-0.0023505468619557
2024-12-30,-0.0098304470666716,-0.020739777468126,-0.0114390733754332,-0.0011332889732395,-0.00936210090165,-0.0119451353190641,-0.0094308449621141,-0.0110654209518483,-0.0116960293037042,-0.002991875622951,-0.0039804128635807
2024-12-31,-0.0095809639260056,-0.0163029149223559,0.0006884273904437,0.0134073593583648,0.0006585929712452,0.0024122251064307,-0.0007189330588148,-0.010409666907363,0.0049430672366187,0.0094674281632838,-0.0012133074259964
2025-01-02,0.0072163551654646,-0.0345673759119653,-0.0054938430347851,0.0107564161751752,-0.0018020329364595,0.0004284867913791,-0.0061561225816961,-0.0017848510776281,-0.0142997674015502,-0.0110328340899441,0.0082410328440985
2025-01-03,0.0091441651798123,0.0449995407116992,0.0016277585818416,0.0093708700598285,0.0085828800756365,0.0101709684768632,0.0095482278242105,0.0160970310659139,0.0007028415191762,0.0107143072646697,0.0098652881587741
2025-01-06,0.0271773322350839,-0.0001991447255023,-0.0082015801548734,-0.0040419040027151,-0.0034185114813625,-0.0006585621263558,-0.0040151151541467,0.0137202427198152,0.0080027310751379,-0.0179990388946449,-0.0107540047765839
2025-01-07,-0.010067328756129,-0.0269775286954131,-0.0028723504253383,0.0108569176517004,-0.0028649604507522,0.0056120080605271,0.0001588572034189,-0.0236097216453105,-0.0025867863365556,-0.0079037095906387,-0.0024309755830979
2025-01-08,-0.0089216581550203,0.0016374632870949,0.0059098786590084,-0.0011269138595315,0.0040280693067579,0.0054247962571609,0.0066625568055652,0.000998029166205,0.0024233634327578,0.0093820460890236,-0.0004825636757004
2025-01-10,-0.00773434161809,-0.0072571009408674,-0.0064263966159262,0.0034804685837638,-0.0248845691891163,-0.0048404837267333,-0.0119822100902017,-0.0225923654430402,-0.0123077119764373,-0.0214086053268591,-0.0061562429723367
2025-01-13,-0.0062091597928691,0.013696464468286,-0.0028397364547764,0.0221347828333923,0.007113735339534,0.0123328984952857,0.0108742697626635,-0.0085593335969902,0.0235272011361879,0.0156550559479115,-0.0120391181930968
2025-01-14,-0.0120684767843603,-0.0074999924436715,-0.0014947081566199,0.0092271135845209,0.012782383429124,-0.010410448423536,0.0112836391397528,-0.001083471010172,0.0122457598525006,0.007431808085774,0.0121590587495123
2025-01-15,0.0308175886429356,0.04436415346502,-4.3786988485704704e-05,0.0139707573562476,0.0275059337251357,0.00331160076907,0.0051331207907606,0.0223132098071774,0.0088230790647914,0.000254104828942,0.0150775669828169
2025-01-16,-0.0115367306784854,-0.0156704058778587,0.0047790664274338,0.0059057185479884,0.0056143000914263,0.0048884371018367,0.0109984232964757,-0.012809231602682,0.008844032488203,0.0237444329189187,0.0251530929999184
2025-01-17,0.0113192665477063,0.0190553798577907,0.0081859653110459,0.0084063285646591,0.0077727544375269,-0.0078812133380399,0.0056195778642736,0.0166420651792049,0.0048649428479773,0.0027249150902644,0.0014925071540913
2025-01-21,0.0097281378691935,-0.0014122925590025,0.0059382299542396,-0.0066757726770107,0.0092905732989976,0.0166721238705785,0.0206152997019364,0.0037800309041616,0.014829306025502,0.011056576359648,0.0141003624218626
2025-01-22,0.0135696772156557,-0.0130272009679295,-0.0011974245492361,-0.016964978026761,-0.0024336215594868,-0.0023070050076455,-0.0026457554575699,0.0248167317817609,-0.005859546612904,-0.0217710162944785,-0.02359667392947
2025-01-23,0.0095625007798246,0.0028583506914193,0.0025056059267074,0.0040775217722203,0.0076980163330903,0.0138478261225435,0.00899463113322,0.0012216700569785,0.0089471490246588,0.0057646780742705,0.0038006673237971
2025-01-24,0.0114296309878729,-0.0105133881678691,0.0038564878489414,-0.0098656274660584,0.0012733191589609,0.0028051258530474,-0.0036588825523268,-0.0104005001202396,-0.003033796099724,0.0078886900643706,0.0119733973235827
2025-01-27,-0.0154301435047993,-0.004912072228105,0.0290397168522813,-0.0074072692287267,0.0091814933771415,0.0219211720281181,-0.0077280754548342,-0.0537038105853805,0.0074248414713278,0.0265861273365597,-0.0129167398414617
2025-01-28,0.0156433043693678,0.0016853612576551,-0.0132775475028208,-0.0102088859272939,-0.0001823824112657,-0.0065549206348304,-0.0077620375825537,0.0377514759585537,-0.0025173225417728,-0.0168218273762256,-0.0144908689316345
2025-01-29,0.0026086832312471,-0.0073989144330265,0.0026057526916128,0.0014608296920135,-5.181200530630836e-05,-0.0057541047314588,-0.0037290381250016,-0.0110998453550091,-0.0094426824192851,-0.0169801480693139,0.0011733236925017
2025-01-30,0.0194863819290109,0.0216796161128423,0.012420639777704,0.0056599774905081,0.0099591771392759,0.0116442776607535,0.0098235893321465,-0.0037899005874252,0.0042452891461899,0.012688951551564,0.0197976595310795
2025-01-31,0.0090995858653457,-0.0005626944223158,-0.0079859304447758,-0.0275548311953212,-0.0055964993883479,-0.0032059102416808,-0.006685774663104,-0.008032356268131,-0.011744021983578,-0.0013892200278816,-0.0052257867002146
2025-02-03,-0.0031016636378456,-0.0294815175136657,0.0078511198899472,0.0045306936204451,-0.0039477459583717,0.0035294039597791,-0.0099625696863529,-0.0185090452024403,-0.0063067274179052,0.0057656510723521,0.003834965981799
2025-02-04,0.0178987695386228,0.0147036514309864,-0.0040650429033939,0.0215057876664088,-0.0044938126283841,-0.0024800091521147,-0.0011491359194854,0.0148795988229483,0.0048841995715379,-0.0055890537275315,-0.009007023283086
2025-02-05,-0.0368978285303929,-0.019817871690089,0.0102843371376192,0.0011178894106455,0.009330178086063,0.0102450818567324,0.0042760883547297,0.0167927642567333,-0.0035544340428396,0.0189473958781548,0.0104384099579636
2025-02-06,0.0046186861561361,-0.0016122786833616,0.0024382794820484,-0.0162872184923631,0.0080950719456116,-0.0078494209488885,0.0033442291451505,0.007108812189977,-0.0010195692039173,0.0050279117899621,-0.0010607002419328
2025-02-07,-0.0167942591985682,-0.0197212101689352,-0.0049653437075475,-0.0003977604144554,-0.0057599981593967,-0.0050633800391703,-0.0058122314572084,-0.0099141033829035,-0.0097309122298966,-0.0020367582658723,-0.0026023904089706
2025-02-10,0.0048069909996023,-0.0118837669228099,0.008608735882222,0.0214815303024135,-0.0083149042894137,-0.0009088305910897,0.0072308332469479,0.0149518611269542,-0.0035355563344936,-0.000405731016874,0.011438499464665
2025-02-11,-0.0040622653672655,-0.0346921610299685,0.0091089713719194,0.007742781181687,0.0019030331087031,-0.002537933528227,0.002053922295511,0.0023843540102757,0.0155260910344229,0.0094667514348307,0.0058519662567625
2025-02-12,-0.0002760510371038,0.0161765085897341,0.0031133010179376,-0.0240929174134359,-0.0048956493171816,-0.0007447841169287,-0.0073033907793483,-0.0006281776891232,-0.0111872417948645,-0.0025566777454562,-0.0011393213233572
2025-02-13,0.0105735748081253,0.0332377992445671,0.0114331148214836,0.0077296394687396,0.0053281013391652,0.0032815087261626,0.0013046865508834,0.0153775524385948,0.0186182419250257,0.0172914895594562,0.0001835036255749
2025-02-14,0.0026264019119695,0.0017882781366388,-0.0141532778072394,0.0037021511465863,0.0023753936516821,-0.0106214346096577,-0.0030972428786784,0.0060812604746268,0.000170172005028,-0.008425911350044,-0.0049630931611139
2025-02-18,-0.014292032165517,-0.0016223388726493,0.0032835731305075,0.0132761914015149,0.0073589667164652,-0.0016898669980915,0.0057625823505105,0.0057129732401732,0.0092380214434302,0.005266111361048,0.0075597810581238
2025-02-19,8.420110888134944e-05,0.0069367765683688,0.0076505780614105,0.0082624787818056,-0.000738483902541,0.0126511968874926,0.000232327937814,0.001958357393286,-0.0108256467190485,-0.0013504583259903,0.0056018885351238
2025-02-20,-0.0076883839977372,-0.0109659214157654,-0.0180306462779147,0.0099345982647456,-0.0170983981453179,0.0057443953673445,-0.0044055020534714,-0.000339216073414,-0.0050730524777521,0.0105857076056542,0.0020856346992156
2025-02-21,-0.0223218528851521,-0.0333066067631397,0.0052584265101269,-0.0194676770698553,-0.0133696312144284,-0.0044163570293815,-0.0196929816701666,-0.0246504952054174,-0.0130460372254814,-0.0032438067023616,0.0022220878010514
2025-02-24,-0.0079314155350913,-0.0064781833299671,-0.0022042480278257,0.0012136147358986,-0.0011189589395988,0.0075441252908905,-0.0014320794230746,-0.0140229847372792,-0.0007131509371787,0.0084272932560516,-0.0046363869441304
2025-02-25,-0.0183596376875223,-0.0391308554030442,0.0211879266217588,-0.0149625897160364,-0.0015699628494065,0.0081973128807503,0.006398246797416,-0.0137993563184353,0.0084013786982789,0.0151378499681091,-0.006962197408607
2025-02-26,0.0012448055399654,-0.0212744265105732,-0.0186918725537617,-0.0043186651966754,0.0002131050756646,-0.0062160323795649,0.0005376929699204,0.0102423232704821,0.0021551582742744,-0.0070168599524303,0.0028144446769593
2025-02-27,-0.0229894792641967,-0.0186976106971718,0.0016209565795451,0.0052386964397916,0.0035137670518199,-0.0043401389548274,-0.0033726841704259,-0.0384764354699922,-0.0048623865875362,0.0080398767377747,-0.0219469618533959
2025-02-28,0.0138664957701971,0.0256515233261167,0.0154421583956709,0.015580201496214,0.0211252075282055,0.0130357853037862,0.0130986453800769,0.0173530844083663,0.0069879925218683,0.0115679318949311,0.0152517478159556
2025-03-03,-0.0182209823448468,-0.0194672544617898,0.0034976002669444,-0.0357266005137451,-0.0096688003265576,0.0027564575095334,-0.0124540152410276,-0.0361090548492323,-0.0210897632193552,0.0151499769926067,0.0020076186589901
2025-03-04,0.0033753975127491,-0.0298011427345256,-0.018490409754741,-0.0087194826249773,-0.0373884185426413,-0.0089577407494046,-0.0214633637293963,0.0004425384571131,-0.0173805248677986,-0.0142171055710532,-0.0160140744303187
2025-03-05,0.0168605341843853,0.0186184923193731,0.0067884376601606,-0.0148161693234098,0.0064700087589886,0.0105268380080715,0.0171573432300957,0.0142745553771895,0.0247389581131369,0.0056331277401596,-0.0060014227557775
2025-03-06,-0.0261057024417501,-0.0382071924273897,-0.0044151529853106,0.0048070032346807,-0.0198280764747432,-0.0021486221161537,-0.00962432406838,-0.0278469849318159,-0.004254794840809,-0.0225441632732372,-0.0205715870442839
2025-03-07,0.00213551880614,0.0003240906299103,-0.0095965105089957,0.0161498344104163,-0.0052906446125486,-0.0006686621294263,0.0116481060673864,0.0154248263963358,0.0076566719824689,0.0065740973574985,0.0186580608539372
2025-03-10,-0.0416893258488655,-0.0892128715633027,-0.0140581932083534,0.0089592310671345,-0.0289716074712453,-0.0123068942609068,-0.014142743083838,-0.0441877742123357,-0.0169278031348123,-0.0033006641616984,0.0102921321464344
2025-03-11,-0.001494882472562,0.0086792164003729,-0.0115018966313095,-0.0083062534927407,-0.0084946304246042,-0.0100534105077536,-0.0143241398919089,-0.0025881960811654,-0.0142929923814396,-0.0114929177481079,-0.0084682070490517
2025-03-12,0.0198596335780565,0.0352242500850257,-0.0229386685894747,0.0043152798995741,0.0040150149755626,-0.0094183696700545,-0.0008602470626532,0.0174561007659175,-0.0081125584151979,-0.0069301648149077,-0.0028490023843121
2025-03-13,-0.0329562438531396,-0.0248398508431502,-0.0086309535373271,-0.0062665964266141,-0.0103140963473115,-0.0058794265740394,-0.0104526195273474,-0.0174524027421692,-0.0119206166785664,-0.0102643030801523,0.0018383294265559
2025-03-14,0.0227249982380745,0.0293294541668327,0.004897190024435,0.0283093637537446,0.024728842408521,0.008696182849942,0.0176591266896275,0.0302537881142131,0.0139697596580961,0.0214228350501226,0.0195089507146426
2025-03-17,-0.0010873112176732,-0.0158628883055835,0.0165346161400113,0.0154933895689617,0.011666734262203,0.0114841211194073,0.0122502676797682,0.0019880106196533,0.011265077255103,0.0148429022928343,0.0040290472930762
2025-03-18,-0.0258239413640086,-0.0343869941604376,-0.0142093283396835,0.002163965238638,-0.0015758231284524,0.0009755103337373,-0.0066500981241524,-0.0169868191928509,-0.0028498310458355,-0.0006283560200604,-0.0064079974426828
2025-03-19,0.0159620470414727,0.0325646979013007,0.0028661909993728,0.0157090547432781,0.0124497252750824,0.0003605598938185,0.0128781311360871,0.0144368930413427,0.0025042031133566,-0.0046416810647697,0.0031716530904546
2025-03-20,-0.0043387349370424,-0.0003777357313939,-0.0047197178280772,0.0041573531828549,0.0009416338270593,0.001217154578848,-0.0063390555446358,-0.0046008950860085,-0.0075010952682064,3.159688029052535e-05,0.0046849016895382
2025-03-21,0.010599952066872,0.0226712619349907,0.0012924265588955,-0.0058629982052692,-0.0019635152638818,-0.0025407023056008,-0.0068924551090988,0.0052411360526396,-0.010830320544343,-0.0044737052733125,-0.0065100775794213
2025-03-24,0.0256144232994637,0.0685115595756516,0.0091954456400454,0.0103307712563382,0.0205390079560531,0.0081638967026344,0.0192794854605411,0.0169465958347271,0.0147949177009789,0.0091076003322148,0.0003878582494753
2025-03-25,0.0158781119444844,0.0189362245582709,-0.0132582034041293,0.0049274725582418,0.0046546303678902,-0.0132981080759097,0.0023054691136703,0.0027632995425492,-0.0025670279052012,-0.0120388770283075,-0.0168722823709758
2025-03-26,-0.0274772440839584,-0.0278397727326025,0.0120968077483931,0.0061993665361774,-0.0049429197265058,-0.0043476937365312,-0.0050912862744567,-0.0255204448283467,0.0056526587894592,0.0087203640373147,0.0073953198473235
2025-03-27,-0.0132208486788265,0.0009542387110635,0.0101019982627716,-0.0087529523220639,-0.0038459660716836,0.0011040479097109,-0.0053960542896322,-0.0082325660102885,-0.0017185038936378,0.0013923248175946,-0.0012548670900142
2025-03-28,-0.0449583758880692,-0.0316801511653202,-0.0060297762461053,-0.0049122350747758,-0.021303251793285,-0.0027959426598968,-0.0205526421547248,-0.0241674534313878,-0.0166189157847766,0.0075470384613806,0.0068217540326925
2025-03-31,0.0015565634015047,-0.0033705107284339,0.0177823883902337,0.0108541484111144,0.0124776928541495,0.0090928313667174,0.0064384082848781,0.000330400385775,0.0158737829436763,0.008891150018307,0.0108236504912443
2025-04-01,0.0123021877424886,0.0188061509832902,0.0055092743893517,0.0056745467202633,-0.0020776863569544,-0.0179094885160099,0.0049157690299918,0.0096567914177194,0.0040130333026284,0.0022677571009961,0.0028449237038041
2025-04-02,0.0001635567832515,0.0259747967770629,0.0016955067057659,0.0006962842606759,0.009233053177498,0.0067222726053332,0.0083098346103831,0.0057985011837129,0.0074109614045206,0.0006096958131152,0.0037722262076059
2025-04-03,-0.0584467502445154,-0.0519849726980379,0.0005615214468364,-0.0765477955502899,-0.0581993828528384,-0.0086850985505599,-0.0521967236953943,-0.0680459998016174,-0.0497053345301007,-0.0056835605418178,-0.0043161419975602
2025-04-04,-0.044638143220134,-0.0646329366829827,-0.0433444290815847,-0.0876269697480907,-0.0741095896233632,-0.0554187769662484,-0.062066702383301,-0.0638818321304574,-0.0531875778726573,-0.0505290578391127,-0.055572958081175
2025-04-07,0.0132198204337767,-0.021557980873037,-0.0106078049073074,-0.0095987154650945,0.0008735876415438,-0.0060137932159367,-0.0054784644206237,0.0032604919483845,-0.0237109050477905,-0.0273290651878314,-0.0150705683325785
2025-04-08,-0.0126160455028563,-0.0304769424571441,-0.0157599922425328,-0.0264311027916321,-0.00573122422882,-0.0115739500403248,-0.007441003900797,-0.0226356565072481,-0.0343922731148194,-0.0237900466849876,-0.0044154931770211
2025-04-09,0.1154484191429311,0.1425991012955731,0.053095849703439,0.0782067168002305,0.0817687152803349,0.0442881054877032,0.0876420453887822,0.1433876095597581,0.0825662419874505,0.0396068292421102,0.0410349930683879
2025-04-10,-0.0478419915399338,-0.0481865809298111,0.0034329732901018,-0.0654884502145552,-0.0328697474491428,-0.029685127200389,-0.0243092218275978,-0.0453844473861377,-0.0330225976791766,-0.007724494115582,-0.0058447926003701
2025-04-11,0.0106688224991367,0.0053037073939606,0.0136212778751654,0.0247808794026676,0.0163205755682291,0.0151664972519816,0.0155567201363601,0.0255076835317647,0.0226086284372736,0.0138036549731348,0.0113302982277051
2025-04-14,-0.000186232783527,0.0042550632684121,0.0164168908484782,0.0026887836167998,0.0104510590559667,0.0131690810920464,0.0101105199949611,0.0071458016850748,0.0142329543662599,0.0219308496595241,0.0176887718316789
2025-04-15,-0.0091276605882379,-0.0004324231780333,-0.0091667332804031,-0.001644201190085,0.0042111883205125,-0.0059758534317441,-0.0068520102638058,0.0031871114830058,-0.0115442045681894,0.0034669965031584,0.0002136212580906
2025-04-16,-0.0256642587225651,-0.0304290373219701,-0.0158355339777351,0.0087946720202381,-0.0147196889826964,-0.0107427966100394,-0.0122844882455961,-0.0393207871649807,-0.0111666244456575,-0.002508661698084,-0.0098859745692764
2025-04-17,-0.0045974204743976,0.0066164614026754,0.0221840240058406,0.0234767476412031,0.0038795512918781,0.0012486642744329,0.0050452869376643,-0.0064152268554188,0.0110553768755531,0.0163179434632787,0.0103516563879141
2025-04-21,-0.0219048164020006,-0.0324038306404399,-0.0127124861943267,-0.0251656397378818,-0.0220565341428717,-0.0206414987936875,-0.0210918196712762,-0.0274358242200587,-0.0175910397698185,-0.0179537966537099,-0.0239604043384854
2025-04-22,0.0309966172506838,0.0363002858801847,0.0173927528232646,0.02699781180094,0.0340027454063743,0.0181220525544996,0.0137203807501624,0.0246777095461683,0.026965694599379,0.0197473688263125,0.0275260044989765
2025-04-23,0.0280243641698325,0.0298478335994251,-0.0060960016664595,-0.0033272395713955,0.0123691997653398,0.0051026339032597,0.0146097386967095,0.0291059462951022,0.0019103753408868,-0.0075099482571538,0.004169944173435
2025-04-24,0.0268521462781305,0.0202220130258474,-0.0108961093458504,0.0150919370076299,0.0166906866656538,0.0123232934378349,0.0181598474926493,0.0351978728001509,0.0165904777999049,-0.0030873903114665,0.0011272764753781
2025-04-25,0.017389302536871,0.0411871444852292,-0.0024692412686385,-0.0012757291078791,-0.0051598066275665,0.0057815872733496,0.0016894809716869,0.0161168622773729,-0.0077799624361827,-0.0041631986684237,-0.0039579827430234
2025-04-28,-0.0015861944672658,0.0036122330790688,-0.0009433374593289,0.0060762717129603,0.0039459883848435,0.0038790326608549,0.0031996150131265,-0.0025658574349277,0.0031760020447995,0.0073029074890879,0.0070850904780657
2025-04-29,0.0036887300920493,0.0116917168911829,0.00806430196925,-0.0037874024487636,0.0093288607076846,0.0044994798631094,0.0042474833272087,0.0045773106404896,0.0163428120588484,0.0151063930042751,0.008072911920419
2025-04-30,-0.0067620689523228,-0.0147198508673662,0.0079693853346499,-0.0255573416171113,0.0030149568431599,0.0090239460477692,0.0080537514279606,0.0041198787533239,0.0043660357919551,0.0113039158449127,-0.0049752893098113
2025-05-01,0.0210110685618451,-0.0011650453926035,-0.0082732039581229,0.0043112799431367,0.0004707602283526,-0.0281642272490982,0.0057506232253529,0.0219950716789984,-0.0053240768352991,-0.0048032725915206,0.0022406910640601
2025-05-02,0.0267409441769441,0.0202933052951575,0.007261243490299,0.0135122604917657,0.0225546648930221,0.0144222549481298,0.0166849834685689,0.01097063634384,0.0160478037202359,0.0084164826087851,0.0063202780933384
2025-05-05,-0.0003823963457643,-0.0136942252076639,-0.0004887940600117,-0.0209743353816734,-0.0002863556330134,-0.0033893058325568,-0.0012020942126473,-0.0092517536391483,-0.0113006147463522,-0.0031764548047942,-0.0034033334475317
2025-05-06,-0.0092408748748756,-0.0085951778758853,-0.0038426752716969,0.0022351116284135,-0.0063558947728538,-0.0291971170335138,-0.0080990603344853,-0.0058049297842797,-0.0062853859873722,-0.0034596542531655,0.0123121933908155
2025-05-07,-0.0229455567187047,0.0057151739370122,0.0023145005682469,0.0004636395756684,0.0057989120309566,0.0075840258893679,0.0054439149884729,0.0085083475641969,-0.0050581581838992,-0.003616309922117,0.0040998464694594
2025-05-08,0.0104828564760531,0.0146245760683472,-0.0053381801801597,0.0141141530170451,0.0102572136228979,-0.0094202700137576,0.0156878155929193,0.0082893986063976,0.0192093251795528,-0.0094300000871186,-0.0093565343303298
2025-05-09,-0.0075973004244565,0.0154218369617258,-0.0049911571332681,0.010168012336414,0.0004816168805818,-0.0114145122415165,0.0005452226351075,0.0004327327918359,-0.0009048692673464,0.0072393367680505,0.0029755241552425
2025-05-12,0.0443201936194125,0.0471391259329431,0.0058217790207374,0.0256871379771305,0.0246124677014548,0.0248894190908588,0.0283170739187486,0.0478008159397052,0.0341330247261598,-0.0143482139815199,-0.0123898592442358
2025-05-13,0.0160248244784334,0.0230273768201491,-0.013253192344549,0.0128741614345364,0.0051982665022351,-0.0332424158154589,0.0043052520214777,0.0221702771484008,-0.0021798405446813,-0.0185012171011316,-0.0027455236021747
2025-05-14,0.0211300636797215,0.0153887885691065,-0.0017426485927457,-0.0062322358043305,-0.0006443894546234,-0.0242817886462135,-0.0043644081982349,0.0089868250362406,-0.0055962769168973,-0.006005853923207,-0.0039966091331134
2025-05-15,-0.0098022543188566,-0.0004816209315782,0.0170079751676067,0.003537513962219,0.009126093503157,0.0091019553068642,0.0127749055142839,-8.611441167505076e-05,0.0123935755696717,0.0224563637729196,0.0230862971397333
2025-05-16,0.0062358054847176,0.013992728729369,0.011484444263271,-0.0019782706166252,0.0051787810335303,0.0225533468722972,0.0093672183247382,0.0012441484889665,0.0119174206115378,0.0129202700328575,0.0145559925530915
2025-05-19,0.0008506421378632,-0.0089349853731269,0.0025792049307838,-0.0128875516149072,0.0003336666046744,0.0122975237259304,0.002755351701024,-0.0009849278793053,-0.0003474301368578,0.0038946647127976,0.0041516658414833
2025-05-20,-0.0091307223431249,-0.0027027523361614,0.0011384777647504,-0.010551259577359,-0.0052045300233478,0.0033498533512431,-0.0035359765573373,-0.0046812006745953,-0.0021222745465608,-0.0024951722581497,0.0037483585086403
2025-05-21,0.0116884529886582,-0.0234646609261728,-0.0103398233075154,-0.0176827470051728,-0.0238838879923296,-0.0252516813736564,-0.0156293944236492,-0.0183089011538451,-0.0148344567710392,-0.0194733249412725,-0.0183942074845624
2025-05-22,0.0063344055511829,0.0091114964118537,-0.0044415104051235,-0.0047097870557482,-0.0006741267216651,-0.007754063485803,-0.0004936799221785,0.0007666859809419,-0.0026486455412954,-0.0086054021794785,-0.015102027914473
2025-05-23,-0.0126645464263504,-0.0044075626900517,0.0019861454423992,0.0026576916415031,-0.0041560938350468,-0.0022812329184426,-0.0040193649494999,-0.014177471543122,-0.0033721809652487,0.0033480787156271,0.01075392997298
2025-05-27,0.0248352839978184,0.0398156124389799,0.0109473517649836,0.008082147141924,0.0195456073015751,0.013829663427684,0.0186552741198729,0.0253935777230815,0.0211722342996488,0.0151766746938849,0.0077244810087626
2025-05-28,-0.0012633413966737,-0.0123596435406508,-0.0053995156042241,-0.0123872329990282,-0.005844499725321,-0.0054373574144215,-0.0068276803627559,-0.0030684685686742,-0.0125225626756236,-0.0028653072896346,-0.014809164731771
2025-05-29,-0.0027575449660807,0.0005154564088834,0.0034873832960958,0.0067883357688158,0.0052937792338176,0.0074454874626636,0.0050568467018461,0.0046938465334342,0.003702753246049,0.0082122911145728,0.0089758623075121
2025-05-30,0.0034017959926041,-0.0117308363913708,0.0115081113063835,-0.007695114432971,0.003036872651973,0.0034807101619752,0.0016310838774545,-0.0033717337544273,1.0317838772901817e-05,0.0034473981494877,0.0112711219075937
2025-06-02,0.0063608505182729,-0.0037046412859315,0.0019801398361153,0.011565130099473,0.0013205367045376,0.0006317238126511,-0.0026807483690911,0.0086176494671575,-0.0054517234807863,0.0001014905222789,0.0015138379911821
2025-06-03,-0.0098406740827406,0.0065879460088053,0.00012123254719,0.0120064924737309,0.00313233379218,0.0016414156276704,0.0076497464659283,0.0141526304247338,0.0080658838195678,-0.0096604688183381,0.001295571670743
2025-06-04,0.0178525369992282,-0.0122086527721554,-0.0047435924170166,-0.0182428894023562,-0.0043716523034193,0.0026378143302442,0.001090295950346,0.001859704885463,0.005945049303199,0.0008410087179193,-0.0159917753469091
2025-06-05,-0.0002000152774925,-0.0605457708286173,-0.0140892320197356,-0.001824958233665,-0.0016360274092066,-0.0015175925770649,-0.0018972827323364,-0.0037447284480358,-0.0050288087871539,0.0001516658288832,-0.0012227889421946
2025-06-06,0.0216315389045354,0.0167007214969924,0.0025277222131515,0.0201161315530609,0.0128420945044721,0.0101142980100659,0.0084859242372091,0.0092070509502883,0.004517241730143,-4.144721334688065e-05,0.0033359517326666
2025-06-09,0.0048146245484448,0.0166893807867405,-0.0015127406638608,0.0028288330084238,-0.0062281468587049,-4.7698441420287245e-06,-0.0006111960635826,0.0021417791559062,0.0076361774299693,-0.002843738325183,-0.0069905530780928
2025-06-10,0.0106741084692167,0.0262826257377445,0.0027220203508112,0.0189520036064965,0.0015991922661083,0.0120921831209153,-0.0031940600217549,0.0049763225885962,0.0076587936087378,0.0075999902922727,0.0046628974772237
2025-06-11,-0.0053069799140511,-3.2879572151243424e-05,-0.0089939138476019,0.015340918435374,-0.000468391570822,0.0011556822246484,-0.0019736073265112,-0.0043445227299146,-0.0056785987533006,-0.0037159607550351,9.006674543566564e-05
2025-06-12,-0.0063911713621816,-0.010860247119841,0.003706474912247,0.0032615504875112,0.000495175899177,0.0086524954956359,-0.0015064428464441,0.0109791995196342,-0.0014009268362769,0.0076758985803577,0.0119077431441197
2025-06-13,-0.0089615024243136,-0.0033493135002195,-0.0124784193459659,0.0180514528622836,-0.0229197686134671,-0.0054617675184648,-0.0060105096821446,-0.0138913841198954,-0.0252439521412017,-0.0054432369183823,-0.0064475678672586
2025-06-16,0.0184490208613612,0.0099626946789699,0.0006572188274177,-0.0039474144573419,0.0114710437369219,-0.0037170531595369,0.0051029287345291,0.0147585202140003,0.011895798586299,-0.002217843680826,-0.0068113905519675
2025-06-17,-0.0054910549479374,-0.0251030597239856,-0.0090973366209732,0.0100233855723332,-0.0045788777865042,-0.0165364069283134,-0.0072659798598885,-0.0078533837438708,-0.0132312216407192,0.0001026677098863,-0.007834758023856
2025-06-18,-0.0084368828265419,0.0067474398828388,0.000598751358901,-0.0073252654231068,-0.0021725557512002,-0.0021264904810049,-0.0027165828669185,0.0035162642278435,-0.0023790269025462,0.0031906001769943,0.0026086802110883
2025-06-20,-0.0237445262295722,0.0044300841374784,0.0054048794150033,0.0102873445686986,0.0024261229618778,-0.0054010442591535,0.0017239083109766,-0.0012852739800244,-0.0015080930643003,-0.0008754438496674,0.0026111919196832
2025-06-23,0.0058877665356387,0.0397347512807954,0.013876709051011,-0.0263138399982201,0.0129602940084437,0.000959166170772,0.0128238157871007,0.0097546458215473,0.013727660440744,0.0171769474381798,0.0122019161556458
2025-06-24,0.0142282964308,-0.0045964836680613,0.0010590112656249,-0.0155645243546106,0.014806795805127,0.0120579143754066,0.0042188677453567,0.014962163008188,0.006533144470265,0.0020384833511944,0.0039484911871084
2025-06-25,0.009126153538772,-0.0213510091155543,-0.0123900294883489,-0.0037570677765788,-0.0030835576069262,0.0011886998752161,-0.0093425899036718,0.0105473084146562,-0.0075641600830208,-0.0132641236058482,-0.0140086895734477
2025-06-26,0.0202852553336026,0.0035547426303174,-0.0035753418654688,0.0156033906470482,0.0083527537045426,0.0023121661174687,0.0102547379165577,0.0062139507326681,0.0026304878328172,0.0009979196882547,0.007143225716249
2025-06-27,0.0177540555046372,0.010710986878555,0.0083067250732206,-0.0050191333980334,0.0047470745781709,-0.0014771867080892,0.0105944373206701,0.0008152452441253,0.0079146288425649,-0.0028383186582593,0.0023140107871539
2025-06-30,0.0004066165631636,-0.0058180906484386,0.0050130997457469,-0.0063312900990019,0.0102719682537838,0.0062154377082025,0.0045607233320508,0.0104612896530667,-0.0022256015142203,0.0103505697710736,0.0044565195587294
2025-07-01,-0.0150048626394583,-0.0121757905330391,0.0112454767930858,0.0091119170418582,0.0058811749972387,0.0135455920598092,0.0035134649990818,-0.011440815397357,0.0297585440667672,0.0055493150128845,0.0036925844411582
2025-07-02,0.0032710289079483,0.0241700912542392,-0.001525654676537,0.0173802034559224,0.001347154489988,-0.0089821758340768,0.0002916099795538,0.0136357984216909,0.0127955497907739,-0.0017055058247605,-0.0086415256021807
2025-07-03,0.0066070490720967,0.00242502769714,0.0016350414784629,0.0021871459256507,0.0117710109313072,0.0015411397065552,0.0078535717823897,0.0135570315082664,0.0019395920935916,0.0022826885458403,0.0073386413012251
2025-07-07,-0.0088587119029467,-0.0326025105306121,0.0009365141286962,-0.0102264841812431,-0.0091075238083362,-0.0088207914048222,-0.0049302080792494,-0.0080439135533507,-0.0132916588981386,-0.0032356674879613,0.0022628049928339
2025-07-08,-0.0067159939445969,0.0044613492334162,-0.0120505835047026,0.0280478374456646,-0.0099405850205437,0.004324595811992,-0.0008862686654585,0.0042191744551117,0.0073129128440239,-0.0029352121309262,-0.0098621891071798
2025-07-09,0.0129542620860184,-0.0003194742561524,-0.0061529204404638,-0.0051887676524295,0.002481848789262,0.0044219756644624,0.0081473179928337,0.0096339591278747,0.0061901293525818,0.0007121879392369,0.0093276375992497
2025-07-10,-0.0031032717051205,0.027188278343834,-0.0045639642373241,0.00744161788205,0.0074634395136467,0.0060827672524816,0.0051427401464744,-0.0012951132919241,0.000438470203936,0.0022631629382678,0.0082461154245617
2025-07-11,0.0002924186824194,0.0015820158104179,-0.003778160044467,0.0050912268952155,-0.0107596820413332,-0.0085808999554345,-0.0014097790095175,-0.0025924378725156,-0.0096363314005803,0.0008461713019205,-0.0007375669419957
2025-07-14,0.0074255491555743,0.0065481373114613,0.0028527689732676,-0.0122562444156989,0.0071216296225417,-0.0013497304487302,0.0058473443216078,-0.0024895750659151,-0.0064799788766035,0.0117623014866076,0.0031870515696339
2025-07-15,-0.0050957378494076,-0.0173823290373082,-0.0090972560659612,-0.0140375146267469,-0.0171359892543172,-0.0181891503178831,-0.0073198430998272,0.0129798488805473,-0.0158180818723705,-0.0146631803036191,-0.0094839536715594
2025-07-16,-0.0019794905277865,0.0150393238939513,-0.0007407418649061,-0.0080740709766861,0.0072477750414506,0.0128518916424906,0.003865980966721,0.0030157637193265,0.0054184874331732,0.0117905773397949,0.0002811875007376
2025-07-17,0.0047245099941034,0.0001505247342853,0.0116514992020091,0.0051931813969041,0.0095294172409083,-0.0127569031206449,0.0094257719498088,0.0090319528850458,0.0044601765396291,0.0007540986030685,0.0029412327931363
2025-07-18,-0.0018852336252291,0.0149363861025488,-0.0029309771949358,-0.0097607035756336,1.2204939989644333e-05,-0.0060196771000747,-0.0017237229575501,-0.0012301356114114,-0.0019375356857379,0.0050747893031691,0.0176074277415327
2025-07-21,0.0189478820248883,-0.0033642311304778,-0.0001216970686656,-0.0086998103149102,-0.0032562712538145,-0.0064409527664218,-0.0054843354966114,0.0013818292491514,0.0006540897450259,0.0045296715787556,0.0023546537975131
2025-07-22,-0.005599348280025,0.0152563884310773,0.0092366062694258,0.0051232782701438,0.0055558692366232,0.019688273086074,0.0036071469950334,-0.0109949096551767,0.0132097909280756,0.0191478376896689,0.0127561626271369
2025-07-23,0.0022672820335153,0.0020151226396742,-0.0014755423244038,0.0153340130236844,0.0094061393079687,0.0209192808088413,0.0154173318837439,0.0072245037037091,0.0073881716951509,-0.0018542837001978,-0.0079959422936243
2025-07-24,0.0049496405600121,-0.0454164313006324,0.0010209867518724,0.0078379692434929,0.0007340675734439,-0.0047471883173872,-0.0009223435695635,0.0062822852648597,-0.0083022817419076,0.0009497454707895,-0.0009488670342834
2025-07-25,0.0009736482198342,0.0206135399305394,0.0027391711290267,-0.0040032613590963,0.0072182410513456,0.0066424013774674,0.0093911800030317,0.0022855871820073,0.0073505000619642,-0.0045987615594876,0.0034492944854736
2025-07-28,5.2954276857246975e-05,0.012918124855676,-0.0058354930126667,0.0117624836735496,-0.0063819985534216,-0.008602861796602,-0.0025749672903533,0.0075848521133124,-0.0130204984112736,-0.0193337383611563,-0.0104830210429506
2025-07-29,-0.0029725473372074,-0.0100680628541597,0.0068689362362946,0.0098401418319076,-0.0047467409991802,-0.008142515852913,-0.010094503252199,-0.0022330221327665,-0.0092494433365944,0.0108224791213351,0.011618370808241
2025-07-30,0.0011856100111607,-0.0058609566639614,-0.0118780470449933,-0.0140816740858776,-0.002247267605186,-0.0013972508103276,-0.0057319246979058,0.0038473842778108,-0.017328564674068,-0.0146108502636339,0.0069304767605353
2025-07-31,0.027158001953485,-0.0241403841775708,-0.0073653405850262,-0.0054864281034177,-0.0055343681513145,-0.0288041732350652,-0.0019903484124706,-0.0028192166245896,-0.0172379416633499,-0.0105676246098531,0.0062452486833506
2025-08-01,-0.0188866962647657,-0.011988069788058,0.0072765467057341,-0.0168503756166325,-0.0181951706928911,0.005453670335785,-0.0125720543258672,-0.0207658419710977,-0.0078628372761515,0.0035828540082405,0.0005891675369109
2025-08-04,0.0293328869075445,0.0176431964707627,0.0052729370882753,-0.0041495017346804,0.0142521698785277,0.0135291437413167,0.0079544587596295,0.0209674169143148,0.0067886718746611,0.0092336858137397,0.0169254021676421
2025-08-05,-0.0100608683107813,-0.0035873200702012,-0.0039730264464259,0.0008900718340882,-0.0052576158689446,-0.0027167696144655,-0.0018118808450326,-0.0085612082512125,0.0074710729627225,0.0007076885414528,-0.009297822267721
2025-08-06,0.0096078697877644,0.0215027694221534,0.0211360396644043,-0.0094410638584004,0.0036595955254455,-0.0153814538034458,-0.0002771503725397,0.0138569788569984,-0.0140799905390958,-0.0049988901964374,-0.0062796945326909
2025-08-07,-0.0051961990077272,-0.0003520343654977,0.0067178853282085,-0.0036740444407906,-0.0114203087377781,-0.0149744308668486,-0.0011160883542664,0.0029622726235204,0.0043806881641385,0.0039145887649158,0.0096836185334128
2025-08-08,0.0174283994471205,0.0082065382591087,0.0049597290735325,0.0066155273823695,0.0105522268936538,0.0077772109194756,0.0008782857938187,0.011716414731978,0.0022308142478398,-0.009772950073198,-0.0047763272166933
2025-08-11,-0.0018417041186883,0.011226911392333,0.0011430400189015,-0.0079957780672384,-0.0005588738582173,0.0012839145585463,-0.0042506673019674,-0.0050499936641405,0.0045320039252625,-0.0032304301007068,-0.0034508077047385
2025-08-12,0.0186310552469049,0.0105657114759173,0.0016044439726821,0.0051962466568761,0.0129056694844534,0.0079269784279764,0.0099296579954571,0.0142544337671185,0.0075490506355047,-0.0013193132628232,0.0043354479671827
2025-08-13,-0.0073243754689496,0.0071668744164937,-0.0053917021195169,0.0120896127759895,0.0042383548502217,0.0170326166557258,0.0052802592102862,-0.0019527058852179,0.0259484105332158,0.0020707628109676,0.0016928981573804
2025-08-14,0.0055167018196619,-0.007495174076282,-0.006676658289063,-0.0010150457651674,0.0060038915480939,0.0061539210573943,-0.007016900049098,-0.0002904611033392,-0.0142233144850379,-0.0059007618761481,-0.0069348314606316
2025-08-15,0.0040108505251365,-0.0067319696177629,9.91860267212988e-05,-0.0001694829157294,-0.0121709608904487,0.0185809800264156,-0.0067577335379195,-0.0065583045357119,-0.0022005663103759,0.0085509222337049,-0.0023646423813801
2025-08-18,-0.0082799352883154,0.0092197892830907,0.0013690769088937,-0.0048941014357997,0.0007498233973038,-0.0020976770126791,0.003851142931229,0.0012512131731436,-0.0047896713323051,-0.0090350488745338,-0.0041361916220196
2025-08-19,-0.0148176958231326,-0.0047092735866251,0.0091342293849168,0.0007005978029981,0.0005153261357759,0.006042395344771,0.00248238025702,-0.0184783433240302,0.0124670943359947,0.0158965755558952,0.0099822530135338
2025-08-20,-0.0065772057478116,-0.0097187360840139,0.0066739734809505,0.0084669868952885,0.0049789663056092,0.0056549199122921,0.0004582679057276,-0.0071981456719611,0.0014440988307191,0.0088794328123803,0.0008745890554785
2025-08-21,-0.0042677769899594,-0.0066916779478809,-0.0185189822745872,0.0068297679343388,-0.0035864699156401,-0.0033142465785231,-0.0041020367431119,-0.0037366476722366,0.0035289069929861,-0.0006810498246232,-0.0070237244470506
2025-08-22,0.0229522961081105,0.039780002812294,-0.0049462153798657,0.0201621580429043,0.0187248912718174,0.0085850588596246,0.0145291873693621,0.0131799240974041,0.0198209291844208,0.0035726719514347,0.0053308542729421
2025-08-25,0.0054703427076279,0.0058467107078712,-0.0152901472880579,0.0025456752741059,-0.0054275167382953,-0.0147148206691662,-0.0097350207872345,-0.0012802604685718,-0.0091896598302003,-0.0034194265385064,-0.0118134517463757
2025-08-26,-0.0017158249571797,0.0077811397380375,-0.002813766356446,-0.0021359847550154,0.0070147363296767,0.0080437061754657,0.0101107458454428,0.0048489806103114,-0.0007189155783444,-0.0043489036680376,0.0025515144438918
2025-08-27,-0.0024693666079022,-0.0013625616598774,0.0037140704163828,0.0115353213228525,0.0010244016305358,-0.0004802601486979,0.0005750922174586,0.0051617704138686,0.0032042166318104,-0.0006959587166606,0.0001939780148476
2025-08-28,0.011349080977594,-0.003047730171848,-0.0054191657759004,0.0069290866737481,0.0008054922491123,-0.0041422755723787,0.0008488268744807,0.0068927424919448,-0.0009660732621189,-0.0041563097071656,-0.0075865576694748
2025-08-29,-0.0056254612832987,-0.0169715817626962,0.0064435388238187,0.0053357363299886,0.0023498462773391,0.0074098601043685,-0.0069194445384185,-0.0164037775498166,0.0017498004633249,0.0073057883839379,-0.0042315114604183
2025-09-02,-0.0044251415928864,-0.0094055612265419,0.0023022082506908,0.001908751849783,-0.0073998145926862,0.0008498339079358,-0.0073130862359844,-0.0096387922517519,-0.0109268608887293,-0.0118371380315909,-0.0032843184204034
2025-09-03,0.0423607707251773,0.0062117471346305,0.0065192818032428,-0.022701465862006,-0.0022390530606183,-0.0044105218907849,-0.0046362256243953,0.0073802018973143,-0.0096992875951344,-0.0048439217065323,-0.0019998285450494
2025-09-04,0.0125247387381498,0.010027585958118,0.0036628690731718,0.0060315386178282,0.010194613990071,0.0037043665788149,0.010778151248501,0.0051991590360648,0.0042268738726653,0.0008288529261376,-0.0019683814949525
2025-09-05,0.0054263760630455,0.0105889635053809,0.0021726601409169,-0.0207339509183221,-0.0183500738805837,0.002725042904292,-0.0027144279974015,-0.0012504462217825,0.0066780416683989,0.0091829469468877,-0.0038839760452228
2025-09-08,-0.0005617032921918,-0.0047535965554939,0.0012083573993531,-0.001591895282845,0.0019611041296161,-0.0003975577689708,-0.0014790635588027,0.0072853661958563,0.0009780442370492,-0.0077000920670677,-0.0104058529284878
2025-09-09,0.018177554593169,-0.0026695314509652,0.0028540208646398,0.0049520096345502,0.0048830296159035,0.0069753863288789,-0.00720717874233,0.000418082694647,-0.0195281888070676,0.001159448812526,0.0074667135622595
2025-09-10,-0.009368602328233,-0.0043326751246242,-0.0128813824675313,0.0186110561850144,-0.0023027846512354,-0.0085109920871149,0.0071999900084199,0.0220750615935156,-0.0049126998078495,-0.0039040534125167,0.0179009415814928
2025-09-11,-1.1426023712494286e-06,0.0347386408735848,0.0109228793977523,-0.0002687478764348,0.0170079909081651,0.0168538940200824,0.009708047224012,0.0020861485930613,0.02109141478276,0.0131342609067908,0.0047197170273455
2025-09-12,0.0022119701060355,0.0268094292254893,-0.000833308681357,-0.0055524761804561,-0.0050112395537482,-0.0114403007255093,-0.0078213213510341,0.0038128173193479,-0.0091794725354342,-0.0025202904324145,0.0051027893537163
2025-09-15,0.0254560131398966,0.0140126464297038,-0.0061518014288401,-0.0034869797906459,-0.0018464647320951,-0.0096044182817216,0.0036864658735231,0.0084920976813062,-0.0132926848805543,-0.0048598003319218,0.0024811530653018
2025-09-16,0.0051138620540782,0.0118787507227545,0.0018163404057684,0.0170258747488666,-0.0020406636954895,0.0011955564270867,-0.0022146598309209,-0.0054859177336208,-0.0052241222527554,-0.0066402383888506,-0.0183532592464623
2025-09-17,-0.0011050482051892,0.0042774894116703,0.008505958627022,0.0028999539972771,0.0111698072054511,0.0018102009996036,-0.0015095260664521,-0.0060670202892369,-0.0002663759817399,0.0028708619333029,0.0032758329461616
2025-09-18,0.0041103875784382,-0.011303151337823,-0.0081998214455734,-0.0037674498879212,0.0001023353913825,0.0021088648451004,0.0112083795219442,0.0137292859955764,0.0012069942178003,-0.0045798340454457,0.0008256238877908
2025-09-19,0.0058204769589524,0.0094160599539849,-0.0057308453285558,-0.0131694747399223,0.001960785482485,-0.0021090546388849,8.677797126586682e-05,0.0122101996488209,-0.0041078102447045,-0.001200694213745,0.0070702017551567
2025-09-22,-0.01011345390688,0.0081128821308358,-0.0058884652287675,-0.0020331922229309,-0.0013454310348505,-0.0001577857752114,0.003142131286324,0.0178278235287543,-0.0044363633330398,0.0029939996171342,0.0096600626448114
2025-09-23,-0.0069884395591774,-0.0081549033898238,0.0015181748642221,0.017198076055604,-0.0052966411100534,0.0020299305392161,0.0013280149836177,-0.0122987629199138,-0.0046645460882838,0.0126344002703967,0.0050664742176655
2025-09-24,-0.0066176006867695,0.0179785841182328,0.0020788395856047,0.0124345928054115,-0.0040710364058136,-0.0039207415642355,-0.0054344972902072,-0.0045785043895691,0.0018968105692896,-0.0063668811056924,0.008045884898554
2025-09-25,-0.0076872411864515,-0.0234865489755489,-0.0059445969348653,0.0083825495166894,-0.001385602261329,-0.0174837854614561,-0.0054766784184744,-0.0003447841484929,-0.0166913012644876,-0.0003480676737901,-0.0096951547901634
2025-09-26,-0.000817537476905,0.0233655823350471,-0.0020402148295965,0.0100964137017987,0.0066149934016675,0.0100453572314172,0.0102623203420317,0.0017485958068314,0.0103870968604085,0.01059734459662,0.0153620050452454
2025-09-29,-0.0047796989763807,0.004291596730448,0.0022679799409187,-0.0194421798509753,0.0032224130023565,0.0026966770593447,0.0026276187069539,0.0045084625988313,0.0021881401418355,0.0036705279936213,0.0029867515090155
2025-09-30,-0.0061184582089111,-0.0016788596029078,0.0035422845334031,-0.010739045234052,-0.0070085361912849,0.0258264703572848,0.0099081706508337,0.008500323237641,0.0041883951211966,0.006654484339023,0.0025408993514873
2025-10-01,-0.0062494300774647,0.0178875669271933,-0.0029003039798728,-0.0006681983776748,-0.0093534425885277,0.0317071393523014,-0.0022980112151063,0.0078726622181165,-0.0189235506527607,-0.0010423369899868,0.0104851630750673
2025-10-02,0.0049246154491432,-0.0244122103943983,-0.0037907558680995,-0.0104585377157005,-0.0024350657065511,-0.0018895712992767,0.0018948820029653,0.0052015754630032,0.0144977059583709,-0.0106176119867484,-0.0023271079277832
2025-10-03,-0.0082131526376289,-0.0086885780583478,0.0020884345299962,0.0070402949984429,0.0073522152737156,0.0118568951427075,0.0026690517812204,-0.0031499083591961,0.0036616539170286,-3.6794638601635074e-05,0.0114505989759883
2025-10-06,0.0140916436148068,0.0252213144620412,-0.0047534306061437,0.005081829253405,-0.0006532589102138,-0.0049351244638891,0.0037147606354372,0.0072892400663233,-0.0060402846425393,-0.0135390666733796,0.0099426003281934
2025-10-07,-0.008815555825457,-0.032127537984414,0.0078408502685205,0.0009934468483,0.0004146497878663,0.0006791367571015,-0.0058991153323718,-0.0062669832215921,-0.0012676157727068,-0.0004886266022029,0.0046708711225371
2025-10-08,-1.800579122766247e-06,0.0029911988128029,-0.0051538990806811,-0.0055659740104613,-0.0070986392257998,0.0022177412437072,0.0070005933194132,0.0151647607146351,0.0009079194952328,-0.0086141498960116,0.0066637765936292
2025-10-09,0.0008118896097382,-0.0076263887563956,0.0037656388502497,-0.0129851379184483,-0.0031942397964565,-0.0011930705651638,-0.0139580924599231,0.0003987623402045,-0.0150974156147713,-0.0047426066786135,-0.0019289945367582
2025-10-10,-0.0245551636483881,-0.0308988156614156,0.0008229041556549,-0.0282162143754265,-0.0205608685391624,-0.0148127243426736,-0.0203507743567899,-0.0388922817999846,-0.0179074494635356,-0.0047463916855737,-0.0034533440585924
2025-10-13,0.0219356376116039,0.0337813153985658,-0.0025720298677929,0.014265027155411,0.0107491936012177,-0.00068001183017,0.0091384467138485,0.0251472307807306,0.0075757950024583,-0.0004422746830316,0.007433123144188
2025-10-14,0.000136774007068,-0.0004078708124457,0.0243632294963272,-0.0006846901882694,0.0140342444698014,0.0023531553211213,0.0122507073345304,-0.016290966703182,0.0098320384311711,0.0094486118060671,0.0098772587508323
2025-10-15,0.015488574702583,0.0056999336025587,0.003955700631791,-0.0010452235550935,-0.000105825694275,0.0010752421457883,-0.0043311295208711,0.0067954818142445,-0.00353236509422,0.0129776000288364,0.0124454102760014
2025-10-16,-0.0042362809343382,-0.0130275782651655,-0.0071354636808985,-0.0106398614177923,-0.0288382608984168,-0.0012057818183629,-0.0055964633759893,0.0017566647477843,-0.0076013414130299,8.179318218260052e-05,-0.0104984547164767
2025-10-17,0.0078270022271337,0.0176275044965365,0.0116217155642877,0.007671302328226,0.009118438381989,0.005976675929469,0.0015406588536298,0.0032610044790103,0.0055478442933797,0.0079918581886768,-0.0038024468551439
2025-10-20,0.0171725097768555,0.0113468907779247,-0.001391698172458,0.0087693764081026,0.0118923396976275,0.0105607330698644,0.0123994322068283,0.0107074238452289,0.0094860964586127,0.0097395765972068,-0.0009745143452017
2025-10-21,-0.0096401248189008,0.0048792800730331,0.000258190918341,-0.001721526082888,0.0001998309993073,0.001945868098885,0.0103647033115856,-0.001299058910516,0.0040526457754504,-0.0056151259721911,-0.0099375337530393
2025-10-22,-0.0073879872140331,-0.0045659574928492,0.0047392857916159,0.013677297905728,-0.0053988558348176,0.0061585209551979,-0.0131162202658437,-0.0081542522440823,0.0001469301712784,0.0019844001336227,-0.0022516132009807
2025-10-23,0.0029366249058231,0.0088482563856441,-0.0051242485207868,0.0131267488389496,0.0021994454904929,0.0003711627036757,0.0102605190852026,0.0093468343461678,0.0096251280546678,-0.0022440156605953,-0.000357144763962
2025-10-24,0.0140225818872873,-0.0165157384316071,-0.0036914608373971,-0.0103792369329999,0.0105523222400404,-0.0003108666378675,0.001587348635264,0.015299403401765,0.0024198508331394,0.0044281197282843,0.0119365040551578
2025-10-27,0.0247908992852358,0.0249898268361138,-0.0018254807247315,0.0027003486669141,0.0043302734028001,0.0021607047462398,0.0062136152813603,0.0197418406041695,0.0042343082818783,0.0063024064567747,0.0027165779840615
2025-10-28,-0.0026970446858521,0.0008735431184142,-0.0081664881365746,-0.0105511483582582,-0.0055541793843175,-0.0070246104225858,-0.0056827809831118,0.017076719003527,-0.0010621382947644,-0.0238779791582198,-0.0168679266293812
2025-10-29,0.0132037589800134,-0.006466154263487,-0.0191984607962872,0.0077363335791027,-0.0130524813097638,-0.0099616718538252,0.0022701896737471,0.0093744764250674,-0.0344829421082505,-0.019276413910974,0.0001883258573542
2025-10-30,-0.0220004799661433,-0.0277693113999248,0.0037226847733999,-0.006480226542834,0.0052034026379147,0.0031306045528905,-0.0013794476450214,-0.0151226582342353,-0.0219013656586419,0.0089992715841031,-0.0028299344323225
2025-10-31,-0.0055252410448199,0.017564115230048,-0.0042146769093485,0.0067760862603992,0.0002336353194378,-0.0008956208484964,0.0017255905134463,-0.0030317652077806,-0.0002975204787959,0.0009352810671664,-0.0081569993321014
2025-11-03,-0.0024402667560368,0.008814290437318,-0.0056875781068651,-0.0025019815824504,-0.0040373313927479,0.0012485342452331,-0.0051125570800931,0.0032085314452251,-0.0046136527113349,0.0001219905177785,0.0004351598976154
2025-11-04,-0.0171831656698772,-0.0301224390523274,0.0042668286366119,-0.0103182332634309,0.0058428768078071,0.0041005076185928,-0.00810483752041,-0.0220815621517222,-0.0016760801777663,0.0093153483640617,-0.0031573031185422
2025-11-05,0.0170135460248746,0.0268794331054017,-0.0031055254077995,0.0019501151016141,0.0021477531927755,0.0040956468186785,0.0031926866374004,-0.0016295452237725,0.003019027935511,0.0015762283649044,-0.0012391388972479
2025-11-06,-0.0077096763827133,-0.0235961345648763,-0.003811135844907,0.0088223771207916,-0.001636775099826,0.0017757713582516,-0.003341536789023,-0.020949449161437,-0.0130198318987042,-0.0041941854827829,-0.0042953759487077
2025-11-07,-0.0084672832472127,-0.0113475988237407,0.0121730031279924,0.0160059455658763,0.0061990272017681,0.0015964308978643,0.004653574678045,-0.0033445488295418,0.0185794202050069,0.0123703470840499,0.0143571329670239
2025-11-10,0.0284311539996596,0.0210524176105889,-0.0039328554360047,0.0092271947601227,0.0032999319470164,0.0079071713807465,0.0038259643786096,0.0260410441291288,0.0081417653681601,0.0042759563204807,0.0002667575152964
2025-11-11,0.0020693687770174,-0.0015855287977206,0.0123039720010616,0.0125336996354026,0.0060820895923343,0.0240254422247116,-0.0002892534726733,-0.0063430422751885,0.0088567261238379,0.0145879345159718,0.0005790362493484
2025-11-12,-0.0151255118104309,-0.0077167548549421,-0.0015501606431929,-0.0138298536595679,0.0091021496417173,0.0139167962970962,0.0004367181907159,0.0015701122615024,1.0571665961707176e-05,-0.0056432164004522,0.0020644266548169
2025-11-13,-0.0183421233273171,-0.0385857826293124,-0.0008500443007455,0.0035414791821964,-0.0160210759484752,-0.0002862772985174,-0.0138976812935878,-0.0233055586435199,0.0015856196062054,-0.0081996226596346,-0.0146371669340175
2025-11-14,-0.0081803328805057,0.0007464734224067,-0.0007215482729926,0.0170650625159282,-0.0098490794401025,-0.0064451172489892,-0.0003880997697757,0.0082627203029944,-0.0110002422794381,0.0079501534356542,0.0016032318652173
2025-11-17,0.0115622194520869,-0.003862059551381,-0.0034268873650339,-0.0183479107576786,-0.0195073346183993,-0.0007364208593133,-0.0108413527598464,-0.0141247882768323,-0.0194671871158085,-0.001180633689472,0.0096479370401769
2025-11-18,0.0003568665931334,-0.0097578949412115,-0.0032146682770044,0.0081961773011703,-0.002162157056931,0.005089085104715,-0.0031705921149179,-0.0163145385356098,0.0003315014319729,0.006081864788796,-0.0040851655019849
2025-11-19,0.0073211547199736,0.0026491917988735,-0.0061379835745244,-0.0129565225354721,0.005774689770019,-0.0022720513507472,0.0023618118007864,0.0093808643579205,0.0035447514586418,-0.0056378887288439,-0.0076091842159901
2025-11-20,-0.0110184840606168,-0.0157395929299134,0.0207458310027856,-0.0098528212105023,-0.008290740548615,-0.0062564157216342,-0.0124751808791367,-0.026156730891816,-0.0096104455110885,-0.0019213025396447,-0.0045332152287916
2025-11-21,0.0206163708745757,0.0098165339484502,0.0052710461949097,0.0052428059494619,0.0124446951597849,0.0218258716620314,0.0120716736572706,-0.0011561106888854,0.0287042772227055,0.0094927693797696,0.0001957956184442
2025-11-24,0.0444371417045685,0.032876576005959,-0.0111120698845243,-0.0034055671710722,0.0028291972119689,0.0040824797157195,0.0004292258392824,0.0235103911042657,-0.00021676975389,0.0004383797809226,0.0112570235214376
2025-11-25,0.0186664993928165,0.0158731934780232,0.0142159559747132,-0.0066465070973959,0.0138679351275002,0.0215524615852901,0.0138965919032643,-0.000838647946296,0.0198900363272893,0.0076560402657825,-0.0031128096353735
2025-11-26,-0.0047946712199699,0.0113048271911753,0.0123993364490498,0.0065069202712476,0.0061987128190797,-0.0022257834920114,0.0066471204104895,0.0131481673526464,0.0090869304255256,0.0065053949792844,0.013480163459616
2025-11-28,0.0088827635650725,0.0053762027668193,0.0064995510302383,0.0130706592372557,0.0071365404334924,-0.0042505937795407,0.005261294433334,0.0043305973891018,0.0037806555693993,0.0057363462149894,0.0073896019324829
2025-12-01,-0.0097141319150136,-0.0023474815849707,0.0008735384347591,0.0095555873868867,-0.0074437825779125,-0.0146787335311137,-0.015550645108707,0.0008829551775239,-0.0040381355353351,-0.0154521232228149,-0.024057738343913
2025-12-02,0.0041682078482041,-0.001127660630862,-0.0021200664159518,-0.0122441794202209,7.791168614982712e-05,-0.0056375647497398,0.0076965119130169,0.0081791633213571,-0.0141434459932613,-0.0043850769004046,-0.0068694840429568
2025-12-03,-0.0004733884017019,0.02492318658382,0.0057946698716125,0.0180157924515117,0.0144785945429821,0.0059935528215082,0.0076099019214321,-0.0033870044949278,0.0015390129751643,-0.0014746282084343,-0.0047560349147185
2025-12-04,0.0066404175949964,0.0057505017681737,-0.004954898825525,0.0044388739274021,0.0025091309152617,-0.0071327420977803,0.0039232072809463,0.0054828410820111,-0.0061444347133566,0.0049262447662626,-0.0022276441817712
2025-12-05,0.0095565583138696,0.0028287213822349,-0.0010586513685186,-0.0048237769435368,0.0015638172026044,-0.0040582912597385,-0.0021445610344933,0.0045072977599959,-0.0032886547405915,0.0002070663687305,-0.009909450807842
2025-12-08,-0.0173637916967159,-0.0230150642178093,-0.0110145995398378,-0.0098834118976358,-0.003787599333904,-0.0123966990626715,0.0002021113814325,0.0095028539361111,-0.0116493806946166,-0.0040998030875067,-0.0128837728634238
2025-12-09,0.0012425125035272,0.0025209572748876,0.0040546436735323,0.0065497233738929,-0.0023870212140306,-0.009598238778345,-0.0065753061908586,0.001112068056184,-0.0093167870191301,-0.0111568613768085,-8.679392891904502e-05
2025-12-10,-0.0007090144568048,0.0152581267558789,-0.0025116781369021,0.0115382070647144,0.0134048703347792,0.015260646927221,0.0157464822992337,-0.000553126825323,0.0194463498160648,-0.0040102279494192,-0.0015692049599823
2025-12-11,-0.0088327992426656,0.0021119017305966,0.0075287051732944,-0.004130865026943,0.0226483815743508,0.009122660921748,0.0116569917996906,-0.0079693119588465,0.0127159926876023,-0.0020451778124737,0.0082385518288124
2025-12-12,-0.0080609278784434,0.0172077786120002,0.0104790546987244,-0.0086603767352949,0.0010531412136323,0.0030945826844767,-0.0031779368046943,-0.0265449001443633,-0.0003876208412513,0.00168311366147,-0.0034105120177699
2025-12-15,-0.0018357988285186,0.0253464768501331,0.0003723919469445,-0.0075610138636156,0.0004810362261747,0.0134483747920613,0.003056841873671,-0.0106157337281863,-0.0042566196782065,0.008756719175623,0.0090032734112319
2025-12-16,0.0025226335156295,0.0118308685222001,-0.0050198501041956,-0.0293117308818236,-0.0063842048865964,-0.0128668218216315,-0.0069901892978856,0.0042303501540209,-0.0040780092943147,-0.0075779555898217,-0.0027312508695261
2025-12-17,-0.0208981942138679,-0.0247637394921653,0.0040959223143627,0.0226286042714738,-0.0007377410612127,-0.0020593135131177,-0.0117301533584693,-0.0225119004992577,0.0079167773405037,0.0047722195489984,-0.006780481788861
2025-12-18,0.0169602045073969,0.0202957135510312,-0.0055487627488513,-0.0145898138846829,-0.0018832982765635,0.0005313237322971,0.0054199110697153,0.0133798074045202,0.0005064879358981,-0.0085180598817764,0.0114926753295175
2025-12-19,0.0061315316089179,-0.0040897216238951,-0.0045343194831694,0.0006225122191879,0.0083015789300113,0.0065796194075455,0.0096273604610014,0.0211482250290314,-0.004206874549078,-0.0079785810883698,-0.014123574497355
2025-12-22,0.0055609794219866,0.009491165934094,-0.0075910875970604,0.0111910765582446,0.0128779498060729,0.0064872097095879,0.0130563950401435,0.0047381705566814,0.0096266413639353,0.0047216953454304,0.0038473981313955
2025-12-23,0.0100825092551849,-0.0069727728890106,-0.0067424614384896,0.0055919668357167,0.0022236194466115,-0.0021319156358894,-0.0004162033838577,0.009195660600275,-0.0029128423581315,0.0019130738643674,0.0031453939762039
2025-12-24,0.0016675158802197,0.0028395851726941,0.0081361017249843,-0.0030199785432657,0.0057032605116579,0.0048861427260881,0.0031059760246805,0.0019799571268987,0.0028269016307195,0.0060778144543431,0.0054138739670833
2025-12-26,-0.0026268164986972,-0.0122715286882222,0.0011507797284746,-0.0032174119779271,-0.0012271341518763,0.0015629050544463,-0.0029065954963299,0.0024559692397588,0.0047510766487071,0.0022390682183844,-0.0013495417257996
2025-12-29,-0.0027929004232767,-0.0192969982653952,0.0017381001158091,0.0092461480091975,-0.0062551396070971,-0.0014442471124422,-0.0020762375698885,-0.0046786429453306,-0.0001197660305693,0.0046920029889745,0.0017806844764107
2025-12-30,0.003652926011453,-0.0073925342766702,-0.0031315968560538,0.0079491995511967,-0.0034349903058991,-0.0005478622087781,-0.0027936988004905,-0.0020495794427752,-0.001449969461464,-0.0006883345766431,0.0019900815205225
2025-12-31,-0.004276188103283,-0.0084781732458865,-0.0049321304231657,-0.0049383959934649,-0.0079640818925048,-0.0053838467032959,-0.008447009232748,-0.0083132934963689,-0.0068251311907622,-0.0087352271343547,-0.0060198579032416
2026-01-02,-0.0026147657509611,-0.0133606699885045,-0.0004427155503773,0.0215338413516984,0.0050702759576364,0.004601588055626,0.0184889425335181,0.0008598711113209,0.0130673794126484,0.0009489238271101,0.0113329771615321
2026-01-05,0.0077809805748444,0.0184334332101158,-0.002574056061009,0.0264869168733489,0.0222395661789443,-0.0040658806652779,0.0127105055247901,-0.0017367486516926,0.0064702589830394,-0.0036442978390759,-0.0109718579529249
2026-01-06,-0.0045824879852207,-0.0157271661702336,0.0063260898219307,-0.0279479728654217,0.0061293134545026,0.0198593987423753,0.0119139013532232,0.0059342037742626,0.0236550779350268,0.0028377425418069,0.0050363086297076
2026-01-07,0.0102295642018534,-0.0040007190812958,-0.0105152585672827,-0.0129120783761487,-0.0154768364494553,0.0119049047658484,-0.0201467660609152,0.0011141135016402,-0.0174759524420501,-0.0119149143857625,-0.0240072083769699
2026-01-08,0.0060359375877836,0.0133912981100103,0.0188323606301795,0.0334295612571993,0.0059733889775646,-0.0099746049711818,0.0092397909664685,-0.0149582548589395,0.0271428065923632,0.0063257576416126,0.0033949118244425
2026-01-09,0.008489140784637,0.015111808649502,0.0101676877892585,0.0043409749828979,-0.0036732185048373,-0.0059017062282662,0.0143328854812259,0.0093964263590217,0.012258134785844,-0.0065998982404221,0.0134180163476952
2026-01-12,0.0011622287688418,0.0043185234691451,0.0154219950676742,-0.0065490094112629,-0.0099202509293725,0.001073974180244,0.0073267027027255,0.0032173921202401,0.0003718340887149,0.0072701130223105,0.0015467581258923
2026-01-13,0.0038001163263386,-0.0024427428301119,0.012184443436929,0.0158870640586971,-0.0214307977380675,-0.0039999218450876,0.0035915603051571,-0.0015888603503389,0.0060852593781082,0.0081492384574212,0.0059896677836445
2026-01-14,-0.007708505408078,-0.0148519479920746,0.0067734634185228,0.0230081715291185,-0.0023286505155422,0.0067689949217383,0.0022802175763622,-0.0145815142699507,0.0082322780505681,0.0104777918721284,0.0075218424320778
2026-01-15,-0.0041381646119053,0.0008811648838471,-0.0033905543100111,-0.0097099003891492,0.0072597927233777,-0.0067778933386466,0.0098356564768012,0.0037485076401399,0.0063314830233485,0.003846182489571,0.00986530340443
2026-01-16,-0.0061948709896245,-0.0051392364352424,0.0003056214250313,0.0025881793640115,0.0017249501712885,-0.0071654815203832,0.004511390077254,0.0010563792247096,-0.0092180567678083,0.0142559631376637,-0.0061776677955407
2026-01-20,-0.0229433060666901,-0.0310938249772792,0.0053558962135426,-0.0027776905133277,-0.0227492281551598,-0.0016939886531155,-0.0204256829278685,-0.0306324100990147,-0.0162850690419243,-0.0167311398005463,-0.0102145641497588
2026-01-21,0.0153830605665251,0.0265114834119364,0.0017659940923225,0.0238100943498394,0.0051804359368178,0.0186799857889307,0.0185572133347428,0.0081362078186921,0.0292181231619552,-0.0004618708750788,0.0011912667337411
2026-01-22,0.0170725144355676,0.022610802853199,-0.003667966216617,0.0026202737520184,0.007598938879398,0.0004167799256893,-0.0062611450600875,0.0081112914496794,-9.997569759867508e-05,-0.0119501010794158,-0.0078693507208206
2026-01-23,0.0015407220991699,-0.0015043959090439,0.0055818512084727,0.0066005874460057,-0.0147968995235174,-0.0057628589687077,-0.0074847511810638,0.0065915933536841,0.0078410271443875,0.0061836298016763,-0.0031623414146079
2026-01-26,0.0148244965969407,-0.0160299413136962,-0.0026368982777123,-0.0001264550756143,0.0067009264278794,0.0041372041267635,0.0011772370430984,0.0091975348248854,0.0017738626155939,-0.0008933417563484,0.0064222569372282
2026-01-27,0.0022583478642317,-0.0041301355317913,-8.656271093996826e-05,0.0108614295682589,-0.0056565580322408,-0.0172276157550078,0.0035957657886573,0.0116768246485844,-0.0021954327978925,-9.7502664416851e-05,0.0120516926909738
2026-01-28,-0.0001976767723192,-0.001678116818891,-0.0075375177479185,0.0079761998292537,0.0004508440107443,-0.0073932597696954,-0.0068131183136791,0.0061573983077333,-0.0039374425011415,-0.0094441704609779,-0.0017149005220571
2026-01-29,0.0298840576627163,-0.0132011649379769,0.0030302543654631,0.0108433262306734,0.0122682926955733,-0.0025751526873012,0.0115182573893203,-0.020834933627696,0.000257977569364,0.0165028354529897,0.000908800666243
2026-01-30,-0.0072266489667577,0.0114604773903269,0.0140475354970141,0.0097018804317153,-0.0035761851721768,0.0058392471484117,-0.0016091088094325,-0.0104834365031244,-0.0046221568863324,0.0052916304733137,-0.0024305814496053
2026-02-02,0.004282433350367,-0.0041662623963728,0.0213838596285252,-0.018750331748393,0.0119017060663615,0.0058387562831301,0.0111121426067684,0.0021865977824152,0.0034587277125637,-0.0121700592679642,-0.0166466562572794
2026-02-03,-0.0155362077129837,-0.0065457244041224,0.0214003534542358,0.0325283167180961,-0.0111030160968968,-0.0113440817066326,0.0093593352720428,-0.0231503047186433,0.0150592934361148,-0.0010640860775866,0.0140141080870022
2026-02-04,-0.0201020984510335,-0.0124897722761464,0.0074651571057334,0.0225042580338616,0.0075326180532594,0.0148139236717797,0.0041063624657077,-0.0145726876017584,0.0350912754528584,0.0128270204388984,-0.0060053141660534
2026-02-05,-0.0035530763961862,-0.0180123396523961,0.0011819232256803,-0.0107856784238402,-0.0120952283380745,-0.0095169103176248,-0.0077977147682272,-0.0198938875427797,-0.0232175029504307,-0.0010641652147535,0.0006733184767735
2026-02-06,-0.0161963452223151,0.0276692300680711,0.0171084618463384,0.0188277323788127,0.0174605290770883,0.0190512685472189,0.0277658100943255,0.0404180621286558,0.0162731486460448,0.0141186644696258,0.006765059288016
2026-02-09,0.0077044585085025,0.0015669407250259,-0.0113591267898765,0.0092468395368396,-0.0043943996017102,-0.0088424758220443,0.0029744102795496,0.0173550149770749,0.0037951397775948,0.0058947348598981,0.0047234917061933
2026-02-10,-0.0115422337021999,0.014550230265684,-0.0096515430577699,-0.0007609487927254,-0.0092452496937455,-0.0065110850163643,0.0018524456065686,-0.0049505584145128,0.0212297014879154,0.0172309485014002,0.0160706490644162
2026-02-11,-0.0180773745551128,0.003028413726937,0.0138765885644741,0.026197998454226,-0.0153109839079479,0.0040899009643647,0.0023622915139193,-0.0009565353593667,0.0205491642290789,0.0133835985947697,0.0090769184200568
2026-02-12,-0.0163055118890872,-0.01717908243328,0.0157798392806812,-0.0191329888642547,-0.0208487363516467,-0.0007736606794049,-0.0117509482917772,-0.0253051835454412,-0.0055810461137718,0.0036801367594313,0.0146641866286281
2026-02-13,-0.0085282544879107,-0.0005550305425581,0.0032675567584455,0.0060056947957142,-0.0017773984272199,0.0105797454224665,0.0100580018392236,-0.005546692786675,0.0025545596750669,0.015266026035402,0.0279577688684851
2026-02-17,-0.0067864749131965,-0.007550523292849,-0.0165832534705256,-0.0115907494342114,0.009737742862398,-0.0019163899117783,0.0058085573780161,0.0047223558987308,-0.0013739015556343,0.0154247061325699,-0.0015419835813911
2026-02-18,0.0054864949468649,0.0043802517959274,-0.0070759678547963,0.0212947058177938,0.0106475460734615,0.0020790760666503,0.0004548948079364,0.0091258723352286,0.0015722343678887,-0.0227976310864442,-0.0172302579927004
2026-02-19,-0.0015964648255697,-0.006261820756347,-0.007114317253984,0.0066933536493238,-0.0095660224718618,-0.0023730893003524,0.0023409701717834,-0.0052243489238567,-0.0118274975026706,-0.0029674495408869,0.0112224045258944
2026-02-20,0.03005417651614,0.0036435979043199,0.0002877389181214,-0.0070770776068695,0.0070525512411264,-0.0035429129439371,0.00346253823533,0.0033010911386241,0.0037499417580285,0.0065454093044034,0.0043007376264483
2026-02-23,-0.0166348851567869,-0.0243187743057261,0.015315407892773,0.0066037886160186,-0.0376982347463705,0.0123246479045431,-0.0131441860561932,-0.013283980604685,-0.0041390207351023,0.0057490726163842,0.0070511275863809
2026-02-24,0.0019698222704832,0.0194589348770975,0.007843528023734,-0.0014443916284805,0.0054607864562824,-0.0053144356474097,0.0099949312006711,0.0120496648274516,0.0077859145340995,0.0004179118043556,0.0125399262966947
2026-02-25,0.0131421464923239,0.0113288871543384,-0.0075354152590873,-0.0047419058016277,0.0186397294969336,-0.0004077662411647,-0.0063856519445241,0.018001837110682,-0.0098326428336458,-0.0086555115377352,0.0049206845768299
2026-02-26,-0.0079539304656282,-0.005587113939685,-0.0035243348315014,0.0025946377861944,0.0121040361242891,-0.0007536194863355,0.0074540796661128,-0.015109951326973,0.0009962809018039,0.0054383800517073,-0.0035409288396877
2026-02-27,0.0146670523850819,-0.0095223619080975,0.0184193152304942,0.0171922136596901,-0.025030063978142,0.017980956443603,0.0026622825037386,-0.021686452284655,0.0069126586552574,0.0082311877468557,0.0121271397009006
2026-03-02,-0.007966756011818,-0.007745892179881,-0.0148057153916403,0.0200321172571944,0.0035769563668112,-0.0114304046361015,0.0109547678062578,0.0113355453565617,-0.0080259234199077,0.003516586185044,-0.0060557476579847
2026-03-03,-0.0052365957170873,-0.0183196314669526,-0.0056920736104074,-0.0092549719975691,-0.0014030620635876,-0.0116767219573418,-0.0194929259823371,-0.0063845695649651,-0.0187126600562775,-0.0050634512768012,-0.0050423243745538
2026-03-04,0.0047628996269158,0.0191077160353126,-0.0052814451007668,-0.0072759890198288,0.0037349653325107,0.0018908848852229,0.0021648751315521,0.0117593274574057,-0.0022022810560117,0.0001361845491137,0.0036180242370414
2026-03-05,-0.0073510512678518,0.0014640486845309,-0.0248599073693018,0.0063130315861445,-0.0091463753060042,-0.0189427532473956,-0.0198825129563931,0.0064096275910515,-0.0238324383527232,-0.0105482971887067,-0.0055458447045436
2026-03-06,-0.0116288623763745,-0.0182287982467551,0.0033324102399453,0.0015595359296852,-0.0147187396520082,-0.0080158926149181,-0.0101375413696535,-0.0157281555000403,-0.0157655210205203,-0.0049110103898311,-0.0044655997848901
2026-03-09,0.0174305834633856,0.0037694616382279,0.004481357263825,-0.0039485185237963,-0.0055290786280423,0.0099035526688412,0.0021242954796459,0.0155699921447752,0.001349667525684,0.0011515004990617,0.0025188939592069
2026-03-10,0.0030498153669424,-0.0027243314986578,0.0001087255090013,-0.013044561475175,-0.0044695220828628,-0.007866054160306,-0.0068089348609535,-0.0006059565621877,-0.0071443126029145,-0.002398569632821,-0.0058971756559612
2026-03-11,0.0019023281547181,0.0088535311265497,-0.0112989881876024,0.024244784832284,-0.0098969396723923,-0.0017811742935112,-0.0052365028839118,0.0043016120936618,-0.0017939034144032,-0.0115262412549973,-0.0093384899435491
2026-03-12,-0.0181610133849009,-0.0272744542567108,-0.0019291115454591,0.0101420960752265,-0.018385148196483,-0.0190135251130612,-0.0254637642405549,-0.0160671367386528,-0.0052482217685686,-0.0047705628296154,0.0062941040916917
2026-03-13,-0.0124688673130434,-0.0056248447676265,0.0058477228566363,0.0049116484706714,0.0019833956066231,-0.0021032701921558,-0.0026327341388981,-0.0150608561010091,-0.0030377718103595,0.006620199377166,0.0094283989812471
2026-03-16,0.0122866736262252,0.0099322872486498,0.0011688812909527,0.0036294517888598,0.0090519731866791,0.0087544950677671,0.0074792404210845,0.0128349666552905,0.0003045363392327,0.0077929957152157,0.0069177092799387
2026-03-17,0.0086841319325844,0.009308062921822,-0.00446392793387,0.0105164162044931,0.0062417033301644,-0.0095360308953109,0.0010278471027647,0.0011238745646877,0.0056635156164897,0.0053250456293109,-0.0025311545829514
2026-03-18,-0.0094099747048393,-0.0195012832589273,-0.0245998164296971,-0.0015777515666937,-0.0104224907689894,-0.0159760366049881,-0.0091072031512748,-0.0128193368515625,-0.0241071792828672,-0.0171962616216781,-0.0069590254158598
2026-03-19,-0.0069571829815147,-0.0172516685133944,-0.0077774016484955,0.0150695097678837,0.0012331206374561,-0.003943859430707,-0.0085295436271524,-0.0004347938813638,-0.0168296291331687,-0.0030380894005366,-0.0052718900145953
2026-03-20,-0.0187766115839842,-0.0236883977123182,-0.0092436365123075,0.0002099111674781,0.0031362020519727,-0.0086572992702618,-0.0125414080587683,-0.0209333040596493,-0.017715998921978,-0.0362447285140751,-0.0433520346331952
2026-03-23,0.0064653738515272,0.0278192017410518,0.0050961926480503,0.0117848740683785,0.0100970474249087,0.0002779957054395,0.0092129236645072,0.0146032477930567,0.0276116354841512,-0.0041161313494824,0.0106569078405549
2026-03-24,-0.0291147928243401,0.0005709582966207,0.0004775000501752,0.0201328346115194,0.0021357259329371,0.0004033144117586,0.0029765667264885,-0.0105864970981092,0.0195764712660247,-0.0102863491221546,0.0084050587673047
2026-03-25,0.0026788576948339,0.0062757315836514,0.0061604694647893,-0.0053428394523249,0.0013210388747252,0.0094618283990653,0.0065538522220733,0.0055877463439998,0.0216695727479866,-0.0031648125048427,0.0040437420980147
2026-03-26,-0.0401953997247189,-0.0239166145457441,-0.0064390582241292,0.0160101490616312,-0.0053207715743631,-0.0036809926516026,-0.0195577431246162,-0.0225011917333799,-0.0072274666335608,0.00199720669006,0.0018840887631138
2026-03-27,-0.0259567449358844,-0.0274761214629244,0.0066627192913571,0.0180860556438167,-0.0257447928934181,-0.0179132236607382,-0.0131154940754632,-0.0218247729522238,-0.0076731394395137,-0.0011994445454415,0.0047969530926654
2026-03-30,0.004000305993272,-0.0086404751951324,0.0076951328309076,-0.0084975861109545,0.0110434141160986,0.0034188435036035,-0.0137989043140065,-0.0106882218283037,-0.0005780011786474,0.005124550244524,0.0065775536864488
2026-03-31,0.0514667227013549,0.0356083599311027,0.0020458149318194,-0.010987136573237,0.0227085745669892,0.020225635487514,0.0309764177120802,0.0419297853153306,0.014512354335142,0.011950193187146,-0.0019088234642899
2026-04-01,0.0221046082720285,0.0114743767449273,-0.000655088624612,-0.0389902486541194,8.942518571175971e-05,0.0086320882851735,0.0174323520506328,0.0104709991971205,0.0027977863235209,0.0029299695100942,0.0037252799057726
2026-04-02,-0.0016099895243627,-0.0297997544984533,0.0068488381608702,0.0050444625064937,0.0039693087485017,-0.0067243872824314,-0.005491121784512,0.0068983154284689,-0.0089498880481611,0.0213057415554462,0.004455488204111
2026-04-06,0.0076998067721426,-0.0025213925577303,0.0069293866257436,0.0077118376684651,0.0078740004788442,-0.004258660643977,0.0067123352808997,0.00492365062545,-0.00213951511738,0.0030525959040141,-0.0038312952913877
2026-04-07,0.0127807984235625,-0.0168862437114813,-0.0209858454061104,0.0079688504047502,6.651380408547648e-05,0.0018833161821544,-0.0026364900820657,0.0031296559127597,-0.0049948721618917,-0.0009837508515916,0.0029737052273978
2026-04-08,0.0409059231048055,0.0124128264046475,0.0259335917733118,-0.036829048577048,0.0292509701722683,0.0207587632203094,0.0366860748325226,0.0254253161209244,0.0329873244619174,0.0131622667240056,0.0100487646248711
2026-04-09,0.011422267272575,0.0051386908286626,0.0106892107691997,-0.012080699439743,0.0022463064034336,-0.0019774539267298,0.0089001687456818,0.0021881588307233,-0.0112000024736725,0.0104288170613821,0.0072074983217907
2026-04-10,-0.0011096396236639,0.0004592223759935,-0.0156981219613357,-0.007669599218184,-0.0105035572569181,-0.013177473123543,-0.0064523562164767,0.0063084911429027,0.0016570575608925,0.0045345788728588,-0.0041078981054922
2026-04-13,0.0103904820439988,0.0096708820507809,-0.0141122779588198,0.003657784333449,0.0195113856320586,0.0043259152872006,0.008402898166873,0.018212440636267,0.0061778460328037,-0.0014660780645674,-0.0127867251097668
2026-04-14,0.0358774456976511,0.0221371653462683,0.0008157397932813,-0.0217646372807694,0.0017780605303283,0.0048519957212807,0.0037316829475275,0.0171342349677787,-0.0056199121518079,0.0072070337079467,0.0019603696334178
2026-04-15,0.0116605386429486,0.041101313249178,-0.0021105434753245,-0.0027197517361471,0.0082563789421118,-0.0064937567067506,-0.0151795376666434,0.023102962821726,-0.0123294078916422,-0.0009322105376528,-0.0091307857502364
2026-04-16,-4.479174503260159e-07,-0.0072634803518618,0.0031816835102606,0.0158883264658362,-0.0039900091971092,-0.0075483579084097,-0.004855973938518,0.0074750149375456,0.0158875039297322,0.0081462193923067,0.0069648937294468
2026-04-17,0.0088567845326381,0.0299600161801855,0.0164781503174056,-0.0296344427301104,0.008345286024181,0.0145282623509634,0.0162790263815028,0.0157501938687706,0.0021423765782908,0.0077330734557022,-0.0045217724892606
2026-04-20,-0.0157577979584408,-0.0112272443263407,-0.0017998238760625,0.0025590932593586,0.0042132916170512,-0.0092008040570271,0.0018304602287254,0.000816762087449,0.0010502630114613,-0.0023202388803014,-0.0080823883183297
2026-04-21,-0.0127161021367589,-0.0117832938296622,-0.0016978441016723,0.0136303394377207,-0.0055587882339608,-0.0111760996264712,-0.016588520896545,-0.0019808080815444,-0.0102036923400561,-0.0220479080866006,-0.0169497061977615
2026-04-22,0.0164618204749021,-0.0051499384769195,0.0005775185154911,0.0111231933172355,-0.0010159033953647,0.0032174811497331,-0.009551935592693,0.0232081228290241,-0.0101819407868032,-0.0129358971214916,-0.0010587507091764
2026-04-23,-0.0070186924785257,-0.0217572116800498,0.0160776402467255,0.0076254875989686,-0.0095567349137766,-0.0005194098143859,0.0160093112321886,-0.0158438053807239,0.0048381359205461,0.0233782344358277,0.0277296281492216
2026-04-24,0.0146625389762371,0.0033318054585111,-0.0020495606904198,-0.003201846643309,-0.0070128028984707,-0.0132129327848462,-0.0093768391528162,0.0234998016452099,-0.0078359358666869,-0.0035692808298119,0.0020661436987902
2026-04-27,0.0113109017876462,-0.0030330036501803,-0.0127623911832685,-0.0024178466371193,0.006921567659547,-0.0063707356038504,-0.0004245211325924,0.0044510780135382,0.0025214199449583,-0.0038517616077275,-0.0002329027192437
2026-04-28,-0.0035608328439861,-0.0072993566983605,0.0068094661441428,0.0168291298961966,0.0006938047642666,0.002571520989878,-0.0049113206635249,-0.0097141778452873,-0.009279923715132,0.0195440826856295,0.002235989360167
2026-04-29,-0.0010251973804264,-0.0058877191444511,-0.0003421161992192,0.0234909791504475,0.0043243538351617,-0.0081637256479949,-0.0045893734747385,-0.0007157450507288,-0.0134445602601194,-0.0068315112964131,-0.012835999234263
2026-04-30,0.0439607979328169,0.0190083519604423,0.0165673710648367,0.0078238435309651,0.0048879456900938,0.0246407880800466,0.0231461505213085,-0.0086362205862836,0.0091648225747834,0.0174827898340608,0.0264189790054684
2026-05-01,-0.0009447758516684,0.0061321087359422,-0.0026026649947696,-0.0131247826450541,-0.004650623756195,-0.0049215181214725,-0.0102387467689851,0.0144432389164086,0.0014157178893807,-0.001977036647214,-0.0063207016054545
2026-05-04,-0.0057382156155781,-0.0089159645908835,-0.0102395413544316,0.009421571957292,-0.0074578635211344,-0.0029613078353225,-0.0142594593339692,-0.0014793646726869,-0.0112789558522316,-0.0010888682550714,-0.0035471935484708
2026-05-05,0.0030881864205792,0.0004050408079695,0.0051647560047543,0.0012825905156207,0.0012443377238061,0.0043669184101953,0.0068948915505734,0.0131565039026444,0.0191112041800533,-0.0054056081277765,-0.0006552304824373
2026-05-06,0.0228877587129345,0.0206292848357917,0.0019465212746582,-0.0408760903266246,0.0041606770089836,0.0003521489561228,0.023371931259383,0.0238545693352344,0.0180250617138049,0.0123400500429303,-0.0131202808293983
2026-05-07,0.0016199065514693,0.0137721921264657,-0.0009739055426497,-0.0178878238214813,-0.007016162744258,-0.0051348748711615,-0.0086948951795521,0.0038990789622279,-0.019946695973596,-0.0109160362630532,-0.0123713552971031
2026-05-08,-8.54677382395189e-05,0.013895525537541,0.0061758403600293,-0.0059751077423208,-0.007295696734634,-0.0099794419466954,-0.0038962213344618,0.0223419044685591,0.0016697264937798,-0.0006354042670066,-0.0085453788558593
2026-05-11,-0.0242677794408494,0.0093855743282121,-0.016905295491798,0.0272731933212337,-0.0042631022993352,-0.0040733945661617,0.0042578096120987,0.0061971066582184,0.0023697803129947,0.0026538920563281,0.0101370606890286
2026-05-12,0.0006602046775328,-0.0134518948943665,0.0155279284552193,0.0073434904650616,0.0078833560778268,0.0189503548876598,-0.0029838724005378,-0.0075438189638111,-0.0009374422543465,0.0082533442628215,0.0009770889792163
2026-05-13,0.0298686939380704,0.0114757726493314,0.0021429000769272,0.0017955781416104,-0.0121699435094132,0.006118056511927,-0.0040437384500153,0.0088086146410877,-0.0085055226629463,-0.0060457580064059,-0.0124828119193337
2026-05-14,-0.0024215439830828,-0.0004000857962791,0.0041727498707399,0.0077668696244009,0.0052466643504613,-0.0003440064927767,0.0031948496050435,0.0206718360239721,-0.005362841540382,-0.0078512626477911,0.005599003574211
2026-05-15,-0.0089287935464409,-0.0280335379510979,-0.0024107944502289,0.026174028987337,-0.0017559050867399,-0.0102206718900076,-0.018033304583714,-0.0113429533644193,-0.0210233365834657,-0.0124921585884597,-0.022537888632062
2026-05-18,0.001558339939815,-0.0105619550054944,0.0139198836697465,0.0181302529354507,0.0126444982829594,0.0050023756867147,0.0035237620295411,-0.0065392961792483,-0.0009289309927266,0.012741333177696,0.0015074562616817
2026-05-19,-0.0183043804794908,-0.0108176482500046,0.0037706883102166,0.0119968728785086,-0.0115937818372993,0.0122919609571166,-0.0107840202838208,-0.0077585666332359,-0.0210979787709026,0.0148839047480866,0.0110319030151821
2026-05-20,0.0017151508729086,0.0266943294606466,-0.0108115179965475,-0.0260476146440167,0.0122467675573538,0.0004387023603121,0.0141812188343424,0.0168617610964713,0.0169720303214634,0.0064731322314158,0.0037749286181789
2026-05-21,-0.0004275752410362,0.0052625320711789,-0.026849476974206,-0.0094544204059949,0.0027552731801759,0.007072624688196,-0.0023170999324398,0.0002159751954829,0.005301189498418,-0.0033600081806093,0.0106395520284562
2026-05-22,-0.0068338463583701,0.0104109030697345,-0.0022170323341656,0.0041259334368445,0.0027593735154033,0.0118034630264207,0.0092479977450105,0.0048623729458049,0.0065267042313506,0.0007164403111277,0.008841183991596
2026-05-26,0.0095442691714007,0.0094338320804088,-0.0141611460729042,-0.0283592725237289,-0.0011228939531464,-0.0090280348557929,0.014619848928824,0.010337996207092,0.0062685573922723,0.0052973762769033,-0.0004036809764066
2026-05-27,0.0090706926473052,0.016341008051161,0.0104450723835382,-0.0146069424647861,-0.0086343115842683,0.0012813260054824,0.0017965230370955,-0.0047476682549805,0.0090987215968313,-0.005838076181242,-0.0045497718079161
2026-05-28,0.0011157933401326,0.0035747708337163,-0.0024326405832191,-0.0014255548067539,-0.0045250946129063,0.0142897957346771,-2.8784301516679623e-05,0.0149080963075545,0.0012327210188801,-0.0062901663476373,-0.0111850784712507
2026-05-29,-0.017722336980723,-0.0111787876636246,-0.0215272892411308,-0.0106425570933717,0.0057370810268463,-0.0090288177115525,-0.0038942977024183,0.0206477989101276,-0.0108987361962041,-0.0110887291574464,-0.0034257393404307
2026-06-01,-0.0180804597012926,-0.0229653671784359,-0.0111490361951341,0.0190878531058845,-0.0023894274547865,-0.01264459492938,-0.0065962762660553,0.0269689882801068,-0.0122772521987671,-0.0179565335496635,-0.0311749092650414
2026-06-02,-0.0280742878308666,0.0051169782185402,-0.0044182301861068,0.0096625682443199,0.0009131019216694,-0.0095279205665251,0.0075209905643583,0.0056763783730557,0.007138969895755,-0.005796752648234,0.0191300163666044
2026-06-03,0.0027324540035143,-0.002277219174776,0.0113662908614878,0.0148344491880152,-0.0136730913529301,0.0076108980583088,-0.001153108527519,-0.0198629577779037,-0.001174988263573,0.0023109757648266,-0.0063341419833365
2026-06-04,0.0251918328189047,-0.0035422096202333,0.0007934423330259,-0.000619067173503,0.029343880058397,0.0314568185749905,0.0158465602988423,-0.0083347612801022,-0.002206817985878,0.0226738871532559,0.0071470095122417
2026-06-05,-0.0189537670227316,-0.0309746702732002,0.016273964377602,-0.0175146365675133,0.0019564002903135,0.0066998511732625,-0.0048063712785247,-0.0513237491141859,-0.0037606668398204,0.0176038714683216,0.0093348552633535
2026-06-08,-0.0108064956589177,0.0198992726281505,7.345858644638637e-05,0.0115714530272151,-0.007481980360035,-0.0029611326916717,-0.0042966414347315,0.0097162453006813,-0.014048359166477,-0.0220211642405672,-0.0195053364074514
2026-06-09,0.000710677754669,-0.0062111546646932,0.0072940951946923,-0.0159233397436406,0.0118379865957375,0.0128629923706805,0.0159247346928045,-0.0179718277933188,0.020179642101153,0.0247465252966522,0.0116361112639848
2026-06-10,-0.0197348795691745,-0.0267283098268428,0.0138932355152193,0.0148317423496946,-0.0041888506576115,-0.011616103130645,-0.0304488318724055,-0.0219720189781213,-0.0242449263998427,0.0123166150677248,0.0006372546996657
2026-06-11,0.0033756780409274,0.0351526008189211,-0.002202430658936,-0.0211987137876587,0.0064536232551557,0.0082828428977592,0.0310264635385069,0.0205669584877475,0.0340225755438179,-0.0047984546682242,0.0013310480303135
2026-06-12,0.0014028991471148,0.0125661582261432,0.0053946752667414,0.007598891193071,0.014676130061182,-0.0019163626023583,0.0026917845526445,0.0001950365202014,0.017528345667498,0.0100927319486115,0.0113876130217151
2026-06-15,0.0289006715236798,0.0121690237927247,-0.0016240463478064,-0.0357517916963732,0.0021844240774026,-0.0064131139571332,0.0099480207735359,0.0293179804244812,0.0043383525848265,-0.0121623270231456,0.0049403515458091
2026-06-16,0.0061883648777424,-0.0064890479392061,0.0021489453356131,-0.0023802299558176,0.0177905559199754,0.0003406149503011,0.0093419579376552,-0.0181953730719819,0.0019355429711344,-0.0019746688461112,0.0067403186526012
2026-06-17,-0.030873638191012,-0.0203351010511462,-0.0205625718206536,-0.0111161144020845,-0.0064660952822573,-0.0138442471587818,-0.0047352903996047,-0.0098302947650605,-0.0111869118253431,-0.0256718864663703,-0.0133847955896989
2026-06-18,0.0137273441646561,0.0080668025085886,-0.005385509639526,-0.0176056710257203,-0.0105206597655082,-0.0081961859867681,0.0006387710468138,0.0195917769038433,0.0040400087724348,-0.0084867888789456,0.0068194864850778
2026-06-22,-0.0418045257770893,-0.0040755390252603,-0.0035861013028666,0.0119847701693093,0.0063057419509428,0.0080395124359232,0.0013861202287401,-0.0090500756271585,-0.0033809494433672,0.0126146986989573,0.0047732658789101
2026-06-23,-0.0062035013489404,-0.0271642689405398,0.0164197366077453,0.0068783320535582,0.0038409924809268,0.0141184213781628,-0.0091982118623521,-0.0250542196956805,-0.0063887541078047,0.0197528073000967,0.0082958024395622
2026-06-24,-0.0050428988160516,0.0020846431456054,0.0050110455736488,-0.0179006222573589,-0.0028893809089444,0.0084537975732192,0.0080085534807937,-0.0077305082578967,0.0188076430284475,0.0043139980010385,0.0098518937586593
2026-06-25,-0.0124039604566099,-0.0066253453792811,-0.0159441167838733,0.0090573023325331,-0.0035020409659689,0.0142569015848286,0.0204467266649604,-0.0163238891252363,0.0112502405736985,2.6967565312458196e-05,0.0059786429323227
2026-06-26,-0.0056353948569239,0.0124385429749538,0.0083534114766062,-0.0047345013776252,0.0009323834742761,0.0313955947240965,-0.010725714967409,0.0018812805548991,0.0051039263660614,0.0211926117683774,0.008098156243965
2026-06-29,0.0362334352621602,0.0412740656905797,-0.0061799565122007,-0.0063767478609764,0.0019456056278784,0.0013006694390067,0.0042193154185534,0.0107417203588763,-0.0115027128972744,-0.0086518307671637,-0.0053246765283945
2026-06-30,0.0037414874451819,0.0087761104466401,-0.0151933880484234,-0.0068212740738373,-0.0023437698398705,-0.0132232801401956,0.0116691019870759,0.0241169399039131,0.0050429969889248,-0.0135982027199931,-0.0152343036174151
2026-07-01,0.0287060796072813,0.0062513259940609,-0.0057712953823652,-0.0057588223309272,0.0231936835315798,0.0048572120240226,-0.0069493922759689,-0.0158886855250302,0.0020571897052791,0.0082655448455508,-0.0133464384060561
2026-07-02,-0.0096088957145549,-0.0348948935621153,0.0244568966539655,0.0085568340176466,0.0153985839489825,0.0269021155101751,0.005590559429522,-0.0115322220195776,0.0178340959355023,0.0178604909725258,0.0236905819329171
2026-07-06,0.0188875345617017,0.0294627657488612,-0.0116190724466634,-0.002426375205216,0.0104656256783157,-0.0120978482938114,0.0075606346884891,0.0144929598765774,-0.0028080723862442,-0.0122618770528028,-0.0104730200796001
2026-07-07,0.0049240908657679,-0.0196874941694553,0.0086795588945962,0.0308920520085701,-0.0011048110844383,0.0160088199466745,-0.0124136974390225,-0.0162162607908553,-0.0081300689880746,0.016157021775743,0.009389264839072
2026-07-08,-0.0144904286398176,-0.020880446169235,-0.0032992203666143,0.0146006733284157,-0.0201024411060675,-0.0129485190297487,-0.012192797551774,0.0149330774967153,-0.0294227862941596,-0.0159675689693956,-0.007027823965662
2026-07-09,0.0047078201300988,0.0207474008614382,-0.0139759552738116,-0.0158766592298134,0.0119480420513088,-0.0006270242743402,0.0019066938533638,0.0165292932229054,-0.000467631096007,-0.0034943348369166,-0.0056835934880362
2026-07-10,0.0080841444574788,0.0053493854558353,0.0101651020696334,0.0064500224570246,0.0048384519467701,-0.0084789769922714,0.0060897257825702,0.0063927419729854,0.0101822226333475,0.0046812300619819,0.006189652930225
2026-07-13,-0.0117701322906493,-0.0209056119438485,0.007411334897325,0.0316764584750038,0.0063885538851376,0.0026664945474431,-0.0066187014541463,-0.0199558425632603,-0.008099879153041,0.0085179994100745,0.0072903068092066
2026-07-14,0.0145270739971004,-0.001475951335414,-0.0108434880495215,0.0034954900500198,0.0037412848641669,-0.0187103022347478,0.001289471272682,0.0134076552495407,-0.002771730352933,0.0008596458468753,-0.0005075094581454
2026-07-15,0.0300990422405606,-0.0006359967011733,-0.0022737805083153,-0.0076345012532484,0.0069867018806862,0.0006485274052864,-0.0021166934046052,-0.0008782648201337,0.0031262415585217,-0.0049004243614251,-0.0095562519749267
2026-07-16,-0.0343256029237024,0.0032683865027969,0.026194941756252,0.009626382377805,0.0049046429795502,0.021726277191888,-0.0004447120440744,-0.0180440046860799,0.0180734016728509,0.0243045792556015,0.0055774221886243
2026-07-17,-0.0251926205257707,-0.0213113872289615,-0.0132452326479337,0.0116451792073414,-0.0088172498571172,-0.0035714385045264,-0.0039648698240758,-0.0109515146555248,-0.0054308549028672,0.0032027167622193,-0.0067725039530732
2026-07-20,0.0085645938153979,-0.0192394504108538,-0.0404193976510595,0.0053613124921095,-0.0049291881193785,-0.0120076061606647,-0.0098252016027718,0.0008893904253078,-0.0132465365926789,-0.0030139765142516,-0.0053089463267162
2026-07-21,-0.0098673905977542,0.0143729720279903,-0.0092890642618123,0.011401298573045,0.0008407022961305,0.0070998681732941,0.0021290007078055,0.0263078907518283,-0.0048165311204974,-0.0035072721082042,0.0006969634314547
2026-07-22,-0.0149879923823794,-0.0083923383831644,-0.0003620833037224,0.0121669313795325,-0.000375834013285,-0.0056784643475094,0.0054154686385594,0.0005125894465905,0.0134626859431999,0.0004738416002498,0.0223370843543166
2026-07-23,-0.0560695156984332,-0.0819321112899885,0.0518114332221214,0.0058770710678339,-0.0040922458673437,0.0132978807770189,0.0176296826311565,-0.0112460223508334,-0.0146458270847611,-0.0024812044811791,0.0051355564847323
2026-07-24,0.0007804692940643,-0.0022556865080062,0.0104417568500961,0.0028280720420429,0.0093339556649224,0.0065463238919627,0.0072514556764297,-0.0094734011611746,0.0269633277975616,0.0148281781487009,0.0020766385670742
2026-07-27,0.0156447521395351,0.0068517068456793,0.0193020423762136,-0.0210777437703865,0.0106684391137828,0.0050132269687109,0.0036012508437962,-0.0095443091026832,0.0070572806986942,-0.0042320959484658,-0.0131483070168811
2026-07-28,0.0161097330146097,0.0070568913653421,0.0189903929836196,-0.0139404024825663,0.0092658955153178,0.0222764775314021,-0.0024571614463919,-0.0133985606122706,0.0319739787979128,0.002301720541744,-0.003004496667877
2026-07-29,0.0045579830470414,-0.0151754775356727,0.0052870254825871,0.0195729752078563,-0.0175350456947526,-0.006446049859922,-0.030974092047804,-0.02903591717265,-0.0105574076687933,0.0070344869094369,-0.0128068215128083
2026-07-30,-0.0231452569839296,0.014139880259244,-0.0185699898716069,0.0050807308689383,0.0083973023140142,-0.0167471632006465,0.0061426897839683,0.0596789618719133,-0.0010477494248481,-0.0267063418989167,-0.0065691046268218
2026-07-31,0.0526471084904469,0.0017018109721484,-0.0356766587727664,0.0085071637381617,-0.0007198908809928,-0.0060229445239525,0.0081257212776454,-0.004772894817481,-0.0252603174560805,-0.0030617728804194,-0.0069806044616025
2026-08-03,0.046763195312292,0.0157730098251463,0.0600851397293126,-0.0118694025125169,0.0079253204705633,-0.0025034598816152,0.0184858335419893,0.0147713425871165,0.0097422003782461,-0.0043721957885516,0.0007572463476486
2026-08-04,0.0058537074028588,0.0104865764229293,0.0059344818125556,-0.0049786656590248,0.009014710775878,-0.0015248375272395,0.0187552081771768,0.0423272813889069,0.0197040217244231,-0.0014397768137455,-0.0039228230832683
2026-08-05,-0.0260862732731885,0.0006121188504335,0.0006627531264474,-0.0198875323737995,0.0028403065754428,0.0145617066069255,0.0023772909423494,0.0003735985548829,0.0105551397926445,-0.002043712999907,-0.0111209815734128
2026-08-06,-0.0066973368201817,-0.0067098845374479,-0.0330494226051525,0.015653435226429,-0.0055442708642808,0.0015380731723156,-0.0059451146633883,0.0007925085069796,-0.0122190084914185,-0.0034067835043615,-0.006539245898027
2026-08-07,-0.0049386873951402,0.0201671218062749,0.0591097166317123,-0.0119822555690765,-0.0029623856480362,0.0073985404316307,-0.0013354065943697,0.0120397860388419,0.0098412430058105,0.0062127443971369,0.0056572331131758
2026-08-10,0.0075933634611907,-0.0008285192199807,0.0011978558291625,0.045671395865134,0.0013848988567578,0.0174989858699341,-0.0030873500678353,-0.0115564634529295,-0.0042343729940009,-0.0139289082379146,-0.0110592760342907
2026-08-11,-0.0250446479718909,0.0051604545151596,-0.0333083166464344,0.0103544554395995,0.003302125434664,-0.0031976595334348,0.0056439155934814,-0.002238732689468,0.0048743169568329,-0.0163607346238909,0.0114776490008931
2026-08-12,-0.0081239481531756,-0.0085410584848485,0.0092321189924526,0.0016838185871677,0.0035629767645601,0.0026355832455544,-0.0004118820515306,0.012929902946769,-0.011930423390637,0.0114495313098383,0.0055442116172117
2026-08-13,0.0137107663789209,0.0197341252924582,0.0071813543371832,-0.0010545101628231,0.0063734319264799,-0.0009925709978262,-0.0011646973064434,0.0099263424134824,-5.993868896442732e-05,0.0150126551069531,0.004391623406038
2026-08-14,-0.0017558410054822,0.0035906179097133,-0.0003330130073586,0.0146020150786359,8.308402817455718e-05,-0.0057987029553523,0.0033602764523267,-0.0048391192376093,0.0026525676284888,0.0017314661994051,0.0056096076375591
2026-08-17,-0.0138959322653672,-0.0119977676149697,-0.0126476935262124,0.0106480532607983,-0.0105125023545177,-0.0021049242553538,-0.001941272171686,-0.0013205917649293,-0.0124234771482947,-0.0061771440019351,-0.0027360850609148
2026-08-18,-0.0079541941288559,-0.0034707706921292,0.0112900921136987,0.0182579579729733,0.0050678046516191,0.0164342396311518,-0.009889794490077,-0.0190596302700759,0.0006645760051979,-0.0019623499857296,-0.0031179259579521
2026-08-19,0.0044400780604159,0.0277396431607502,0.0054886913982519,-0.0016122095744489,-0.0073266838969523,0.0376974298025507,-0.0111629966780391,-0.0094760494144054,0.0192175581121142,0.0075743431173208,-0.0009451404138772
2026-08-20,-0.0077756018395326,-0.0145453590824755,-0.0340859369188324,0.0036635534506646,-0.0114191694878501,-0.0185668801524224,-0.0151906687363898,-0.0034665802764761,-0.0035614221289172,0.0030751856415512,-0.0049306646087432
2026-08-21,0.0093293663106277,0.0318250153016608,0.0083825462289244,-0.0026674205286573,0.0099493567749028,0.0125280426978062,0.0042038936381847,-0.0002122928942649,0.0130920829363689,0.0009708047010721,-0.023694858708556
2026-08-24,0.0108312542710358,-0.0160278498394285,0.0196067491274051,-0.0078448411467683,0.0126331839709626,0.0004487909762654,-0.0059344683047055,-0.016847807464956,0.0001217725011934,0.0089977846858573,0.0104013980425706
2026-08-25,0.0036352227309573,-0.0009088794245589,-0.0108949463758155,-0.0165893394547233,0.0005881082343701,0.0028772699086748,-0.0001932673439935,0.010200798507587,-0.0005630996386601,-0.0002358290236691,0.0022553120372419
2026-08-26,-0.0080623282370268,-0.0088716511738095,-0.0070966492493691,0.0030891054198608,-0.0007733721217392,-0.0104432676292668,0.0104347805055405,0.0030328004091853,0.0013606843452337,-0.0057312674887257,0.0042961690709342
2026-08-27,-0.006501907996341,0.0040562154813059,-0.014937733691799,-0.0037543486069133,-0.0068245402705907,-0.0117752892893432,-0.0102385715662362,0.0344336358641505,-0.0099234358166559,-0.0094968425044158,-0.0073882853299199
